PROMPTTYPE,Index,Requirement,Ground Truth,Response,Equivalent
ARTEMIS,0,"If get_help ever holds, avoid the impending_gas_leak must have held beforehand.",F get_help -> (!get_help U (avoid_impending_gas_leak & !get_help)),G(get_help -> (F avoid_impending_gas_leak V get_help)),False
ARTEMIS,0,"If get_help ever holds, avoid the impending_gas_leak must have held beforehand.",F get_help -> (!get_help U (avoid_impending_gas_leak & !get_help)),G(get_help -> O avoid_impending_gas_leak),
ARTEMIS,0,"If get_help ever holds, avoid the impending_gas_leak must have held beforehand.",F get_help -> (!get_help U (avoid_impending_gas_leak & !get_help)),G(get_help -> (F avoid_impending_gas_leak V get_help)),False
ARTEMIS,0,"If get_help ever holds, avoid the impending_gas_leak must have held beforehand.",F get_help -> (!get_help U (avoid_impending_gas_leak & !get_help)),G(get_help -> (F avoid_impending_gas_leak V get_help)),False
ARTEMIS,0,"If get_help ever holds, avoid the impending_gas_leak must have held beforehand.",F get_help -> (!get_help U (avoid_impending_gas_leak & !get_help)),G(get_help -> (avoid_impending_gas_leak V get_help)),False
ARTEMIS,0,"If get_help ever holds, avoid the impending_gas_leak must have held beforehand.",F get_help -> (!get_help U (avoid_impending_gas_leak & !get_help)),G(get_help -> (F avoid_impending_gas_leak V get_help)),False
ARTEMIS,0,"If get_help ever holds, avoid the impending_gas_leak must have held beforehand.",F get_help -> (!get_help U (avoid_impending_gas_leak & !get_help)),G(get_help -> (avoid_impending_gas_leak V get_help)),False
ARTEMIS,0,"If get_help ever holds, avoid the impending_gas_leak must have held beforehand.",F get_help -> (!get_help U (avoid_impending_gas_leak & !get_help)),G(get_help -> (F avoid_impending_gas_leak V get_help)),False
ARTEMIS,0,"If get_help ever holds, avoid the impending_gas_leak must have held beforehand.",F get_help -> (!get_help U (avoid_impending_gas_leak & !get_help)),G(get_help -> (F avoid_impending_gas_leak V get_help)),False
ARTEMIS,0,"If get_help ever holds, avoid the impending_gas_leak must have held beforehand.",F get_help -> (!get_help U (avoid_impending_gas_leak & !get_help)),"G(get_help -> (F avoid_impending_gas_leak)) # This is logically incorrect based on ""beforehand"". Let's re-evaluate.",
ARTEMIS,0,"If get_help ever holds, avoid the impending_gas_leak must have held beforehand.",F get_help -> (!get_help U (avoid_impending_gas_leak & !get_help)),"G(get_help -> (F avoid_impending_gas_leak)) # This is not ""beforehand"". Correct logic for ""must have held beforehand"" is that if get_help happens, it must have been preceded by avoid_impending_gas_leak.",
ARTEMIS,0,"If get_help ever holds, avoid the impending_gas_leak must have held beforehand.",F get_help -> (!get_help U (avoid_impending_gas_leak & !get_help)),G(get_help -> (F avoid_impending_gas_leak V get_help)),False
ARTEMIS,0,"If get_help ever holds, avoid the impending_gas_leak must have held beforehand.",F get_help -> (!get_help U (avoid_impending_gas_leak & !get_help)),"G(get_help -> (F(avoid_impending_gas_leak) V get_help)) # This is logically complex, but the standard interpretation of ""must have held beforehand"" for a property that can occur at the same time is:",
ARTEMIS,0,"If get_help ever holds, avoid the impending_gas_leak must have held beforehand.",F get_help -> (!get_help U (avoid_impending_gas_leak & !get_help)),G(get_help -> (avoid_impending_gas_leak V get_help)),False
ARTEMIS,0,"If get_help ever holds, avoid the impending_gas_leak must have held beforehand.",F get_help -> (!get_help U (avoid_impending_gas_leak & !get_help)),G(get_help -> (F avoid_impending_gas_leak V get_help)),False
ARTEMIS,0,"If get_help ever holds, avoid the impending_gas_leak must have held beforehand.",F get_help -> (!get_help U (avoid_impending_gas_leak & !get_help)),G(get_help -> (avoid_impending_gas_leak V get_help)),False
ARTEMIS,0,"If get_help ever holds, avoid the impending_gas_leak must have held beforehand.",F get_help -> (!get_help U (avoid_impending_gas_leak & !get_help)),G(get_help -> (F avoid_impending_gas_leak V get_help)),False
ARTEMIS,0,"If get_help ever holds, avoid the impending_gas_leak must have held beforehand.",F get_help -> (!get_help U (avoid_impending_gas_leak & !get_help)),G(get_help -> (F avoid_impending_gas_leak V get_help)),False
ARTEMIS,0,"If get_help ever holds, avoid the impending_gas_leak must have held beforehand.",F get_help -> (!get_help U (avoid_impending_gas_leak & !get_help)),G(get_help -> (F avoid_impending_gas_leak V get_help)),False
ARTEMIS,0,"If get_help ever holds, avoid the impending_gas_leak must have held beforehand.",F get_help -> (!get_help U (avoid_impending_gas_leak & !get_help)),G(get_help -> (F avoid_impending_gas_leak V get_help)),False
ARTEMIS,0,"If get_help ever holds, avoid the impending_gas_leak must have held beforehand.",F get_help -> (!get_help U (avoid_impending_gas_leak & !get_help)),G(get_help -> (F avoid_impending_gas_leak V get_help)),False
ARTEMIS,0,"If get_help ever holds, avoid the impending_gas_leak must have held beforehand.",F get_help -> (!get_help U (avoid_impending_gas_leak & !get_help)),G(get_help -> (avoid_impending_gas_leak V get_help)),False
ARTEMIS,0,"If get_help ever holds, avoid the impending_gas_leak must have held beforehand.",F get_help -> (!get_help U (avoid_impending_gas_leak & !get_help)),G(get_help -> (avoid_impending_gas_leak V get_help)),False
ARTEMIS,0,"If get_help ever holds, avoid the impending_gas_leak must have held beforehand.",F get_help -> (!get_help U (avoid_impending_gas_leak & !get_help)),G(get_help -> (avoid_impending_gas_leak V get_help)),False
ARTEMIS,0,"If get_help ever holds, avoid the impending_gas_leak must have held beforehand.",F get_help -> (!get_help U (avoid_impending_gas_leak & !get_help)),G(get_help -> (F avoid_impending_gas_leak V get_help)),False
ARTEMIS,0,"If get_help ever holds, avoid the impending_gas_leak must have held beforehand.",F get_help -> (!get_help U (avoid_impending_gas_leak & !get_help)),G(get_help -> (avoid_impending_gas_leak V get_help)),False
ARTEMIS,0,"If get_help ever holds, avoid the impending_gas_leak must have held beforehand.",F get_help -> (!get_help U (avoid_impending_gas_leak & !get_help)),G(get_help -> (F avoid_impending_gas_leak V get_help)),False
ARTEMIS,0,"If get_help ever holds, avoid the impending_gas_leak must have held beforehand.",F get_help -> (!get_help U (avoid_impending_gas_leak & !get_help)),G(get_help -> (F avoid_impending_gas_leak V get_help)),False
ARTEMIS,0,"If get_help ever holds, avoid the impending_gas_leak must have held beforehand.",F get_help -> (!get_help U (avoid_impending_gas_leak & !get_help)),G(get_help -> (F avoid_impending_gas_leak)),False
ARTEMIS,0,"If get_help ever holds, avoid the impending_gas_leak must have held beforehand.",F get_help -> (!get_help U (avoid_impending_gas_leak & !get_help)),"G(get_help -> (F avoid_impending_gas_leak V get_help)) # Incorrect logic based on ""beforehand""",
ARTEMIS,0,"If get_help ever holds, avoid the impending_gas_leak must have held beforehand.",F get_help -> (!get_help U (avoid_impending_gas_leak & !get_help)),"G(get_help -> (F avoid_impending_gas_leak V get_help)) # Wait, the prompt asks for ""must have held beforehand"", which implies a precedence relation.",
ARTEMIS,0,"If get_help ever holds, avoid the impending_gas_leak must have held beforehand.",F get_help -> (!get_help U (avoid_impending_gas_leak & !get_help)),"G(get_help -> (F avoid_impending_gas_leak V get_help)) # wait, let's re-evaluate. ""Avoid the impending gas leak must have held beforehand"" means if get_help happens at time t, there must exist some time t' < t where avoid_impending_gas_leak was true.",
ARTEMIS,0,"If get_help ever holds, avoid the impending_gas_leak must have held beforehand.",F get_help -> (!get_help U (avoid_impending_gas_leak & !get_help)),"G(get_help -> (F avoid_impending_gas_leak)) # Wait, the prompt says ""must have held beforehand"", implying the past. LTL is typically future-looking. In standard LTL, ""P must have happened before Q"" is represented as ""Q cannot happen unless P has happened"".",
ARTEMIS,0,"If get_help ever holds, avoid the impending_gas_leak must have held beforehand.",F get_help -> (!get_help U (avoid_impending_gas_leak & !get_help)),"G(get_help -> (F avoid_impending_gas_leak)) # wait, ""must have held beforehand"" implies past. In standard LTL (future-only), ""p must have held before q"" is translated as ""q cannot happen unless p happened first"", which is !get_help U avoid_impending_gas_leak or G(get_help -> (avoid_impending_gas_leak V get_help)) - no.",
ARTEMIS,0,"If get_help ever holds, avoid the impending_gas_leak must have held beforehand.",F get_help -> (!get_help U (avoid_impending_gas_leak & !get_help)),G(get_help -> (F avoid_impending_gas_leak V get_help)),False
ARTEMIS,0,"If get_help ever holds, avoid the impending_gas_leak must have held beforehand.",F get_help -> (!get_help U (avoid_impending_gas_leak & !get_help)),G(get_help -> O avoid_impending_gas_leak),
ARTEMIS,0,"If get_help ever holds, avoid the impending_gas_leak must have held beforehand.",F get_help -> (!get_help U (avoid_impending_gas_leak & !get_help)),G(get_help -> (F avoid_impending_gas_leak V get_help)),False
ARTEMIS,0,"If get_help ever holds, avoid the impending_gas_leak must have held beforehand.",F get_help -> (!get_help U (avoid_impending_gas_leak & !get_help)),G(get_help -> (avoid_impending_gas_leak V get_help)),False
ARTEMIS,0,"If get_help ever holds, avoid the impending_gas_leak must have held beforehand.",F get_help -> (!get_help U (avoid_impending_gas_leak & !get_help)),G(get_help -> (F avoid_impending_gas_leak V get_help)),False
ARTEMIS,0,"If get_help ever holds, avoid the impending_gas_leak must have held beforehand.",F get_help -> (!get_help U (avoid_impending_gas_leak & !get_help)),G(get_help -> (F avoid_impending_gas_leak V get_help)),False
ARTEMIS,0,"If get_help ever holds, avoid the impending_gas_leak must have held beforehand.",F get_help -> (!get_help U (avoid_impending_gas_leak & !get_help)),G(get_help -> (F avoid_impending_gas_leak V get_help)),False
ARTEMIS,0,"If get_help ever holds, avoid the impending_gas_leak must have held beforehand.",F get_help -> (!get_help U (avoid_impending_gas_leak & !get_help)),G(get_help -> (F avoid_impending_gas_leak)) # Incorrect logic.,
ARTEMIS,0,"If get_help ever holds, avoid the impending_gas_leak must have held beforehand.",F get_help -> (!get_help U (avoid_impending_gas_leak & !get_help)),G(get_help -> (F avoid_impending_gas_leak V get_help)),False
ARTEMIS,0,"If get_help ever holds, avoid the impending_gas_leak must have held beforehand.",F get_help -> (!get_help U (avoid_impending_gas_leak & !get_help)),"G(get_help -> (F avoid_impending_gas_leak V get_help)) # This is logically complex; a more direct translation of ""must have held beforehand"" is:",
ARTEMIS,0,"If get_help ever holds, avoid the impending_gas_leak must have held beforehand.",F get_help -> (!get_help U (avoid_impending_gas_leak & !get_help)),G(get_help -> (F avoid_impending_gas_leak V get_help)),False
ARTEMIS,0,"If get_help ever holds, avoid the impending_gas_leak must have held beforehand.",F get_help -> (!get_help U (avoid_impending_gas_leak & !get_help)),"G(get_help -> (F avoid_impending_gas_leak)) # Wait, the prompt says ""must have held beforehand"".",
ARTEMIS,0,"If get_help ever holds, avoid the impending_gas_leak must have held beforehand.",F get_help -> (!get_help U (avoid_impending_gas_leak & !get_help)),G(get_help -> (F avoid_impending_gas_leak V get_help)),False
ARTEMIS,0,"If get_help ever holds, avoid the impending_gas_leak must have held beforehand.",F get_help -> (!get_help U (avoid_impending_gas_leak & !get_help)),G(get_help -> (F avoid_impending_gas_leak V get_help)),False
ARTEMIS,0,"If get_help ever holds, avoid the impending_gas_leak must have held beforehand.",F get_help -> (!get_help U (avoid_impending_gas_leak & !get_help)),G(get_help -> (avoid_impending_gas_leak V get_help)),False
ARTEMIS,0,"If get_help ever holds, avoid the impending_gas_leak must have held beforehand.",F get_help -> (!get_help U (avoid_impending_gas_leak & !get_help)),G(get_help -> (avoid_impending_gas_leak V get_help)),False
ARTEMIS,0,"If get_help ever holds, avoid the impending_gas_leak must have held beforehand.",F get_help -> (!get_help U (avoid_impending_gas_leak & !get_help)),"G(get_help -> (F avoid_impending_gas_leak)) # This is incorrect based on ""beforehand"".",
ARTEMIS,0,"If get_help ever holds, avoid the impending_gas_leak must have held beforehand.",F get_help -> (!get_help U (avoid_impending_gas_leak & !get_help)),G(get_help -> (avoid_impending_gas_leak V get_help)),False
ARTEMIS,0,"If get_help ever holds, avoid the impending_gas_leak must have held beforehand.",F get_help -> (!get_help U (avoid_impending_gas_leak & !get_help)),G(get_help -> (F avoid_impending_gas_leak V get_help)),False
ARTEMIS,0,"If get_help ever holds, avoid the impending_gas_leak must have held beforehand.",F get_help -> (!get_help U (avoid_impending_gas_leak & !get_help)),G(get_help -> (avoid_impending_gas_leak V get_help)),False
ARTEMIS,0,"If get_help ever holds, avoid the impending_gas_leak must have held beforehand.",F get_help -> (!get_help U (avoid_impending_gas_leak & !get_help)),G(get_help -> (avoid_impending_gas_leak V get_help)),False
ARTEMIS,0,"If get_help ever holds, avoid the impending_gas_leak must have held beforehand.",F get_help -> (!get_help U (avoid_impending_gas_leak & !get_help)),G(get_help -> (avoid_impending_gas_leak V get_help)),False
ARTEMIS,0,"If get_help ever holds, avoid the impending_gas_leak must have held beforehand.",F get_help -> (!get_help U (avoid_impending_gas_leak & !get_help)),G(get_help -> (F avoid_impending_gas_leak V get_help)),False
ARTEMIS,0,"If get_help ever holds, avoid the impending_gas_leak must have held beforehand.",F get_help -> (!get_help U (avoid_impending_gas_leak & !get_help)),G(get_help -> (avoid_impending_gas_leak V get_help)),False
ARTEMIS,0,"If get_help ever holds, avoid the impending_gas_leak must have held beforehand.",F get_help -> (!get_help U (avoid_impending_gas_leak & !get_help)),G(get_help -> (F avoid_impending_gas_leak V get_help)),False
ARTEMIS,0,"If get_help ever holds, avoid the impending_gas_leak must have held beforehand.",F get_help -> (!get_help U (avoid_impending_gas_leak & !get_help)),G(get_help -> (F avoid_impending_gas_leak V get_help)),False
ARTEMIS,0,"If get_help ever holds, avoid the impending_gas_leak must have held beforehand.",F get_help -> (!get_help U (avoid_impending_gas_leak & !get_help)),G(get_help -> (F avoid_impending_gas_leak V get_help)),False
ARTEMIS,0,"If get_help ever holds, avoid the impending_gas_leak must have held beforehand.",F get_help -> (!get_help U (avoid_impending_gas_leak & !get_help)),G(get_help -> O avoid_impending_gas_leak),
ARTEMIS,0,"If get_help ever holds, avoid the impending_gas_leak must have held beforehand.",F get_help -> (!get_help U (avoid_impending_gas_leak & !get_help)),G(get_help -> (F avoid_impending_gas_leak V get_help)),False
ARTEMIS,0,"If get_help ever holds, avoid the impending_gas_leak must have held beforehand.",F get_help -> (!get_help U (avoid_impending_gas_leak & !get_help)),G(get_help -> (avoid_impending_gas_leak V get_help)),False
ARTEMIS,0,"If get_help ever holds, avoid the impending_gas_leak must have held beforehand.",F get_help -> (!get_help U (avoid_impending_gas_leak & !get_help)),G(get_help -> (avoid_impending_gas_leak V get_help)),False
ARTEMIS,0,"If get_help ever holds, avoid the impending_gas_leak must have held beforehand.",F get_help -> (!get_help U (avoid_impending_gas_leak & !get_help)),G(get_help -> (F avoid_impending_gas_leak V get_help)),False
ARTEMIS,0,"If get_help ever holds, avoid the impending_gas_leak must have held beforehand.",F get_help -> (!get_help U (avoid_impending_gas_leak & !get_help)),G(get_help -> (F avoid_impending_gas_leak V get_help)),False
ARTEMIS,0,"If get_help ever holds, avoid the impending_gas_leak must have held beforehand.",F get_help -> (!get_help U (avoid_impending_gas_leak & !get_help)),G(get_help -> (avoid_impending_gas_leak V get_help)),False
ARTEMIS,0,"If get_help ever holds, avoid the impending_gas_leak must have held beforehand.",F get_help -> (!get_help U (avoid_impending_gas_leak & !get_help)),G(get_help -> (F avoid_impending_gas_leak V get_help)),False
ARTEMIS,0,"If get_help ever holds, avoid the impending_gas_leak must have held beforehand.",F get_help -> (!get_help U (avoid_impending_gas_leak & !get_help)),G(get_help -> (avoid_impending_gas_leak V get_help)),False
ARTEMIS,0,"If get_help ever holds, avoid the impending_gas_leak must have held beforehand.",F get_help -> (!get_help U (avoid_impending_gas_leak & !get_help)),G(get_help -> (F(avoid_impending_gas_leak) V get_help)),False
ARTEMIS,0,"If get_help ever holds, avoid the impending_gas_leak must have held beforehand.",F get_help -> (!get_help U (avoid_impending_gas_leak & !get_help)),"G(get_help -> (F avoid_impending_gas_leak V get_help)) -> (Actually, the standard translation for ""A must have held beforehand"" for any occurrence of B is G(B -> (F^-1 A)) or more simply in LTL: G(!avoid_impending_gas_leak -> !get_help) which is G(get_help -> avoid_impending_gas_leak) for immediate or simply:",
ARTEMIS,0,"If get_help ever holds, avoid the impending_gas_leak must have held beforehand.",F get_help -> (!get_help U (avoid_impending_gas_leak & !get_help)),G(get_help -> (F avoid_impending_gas_leak V get_help)),False
ARTEMIS,0,"If get_help ever holds, avoid the impending_gas_leak must have held beforehand.",F get_help -> (!get_help U (avoid_impending_gas_leak & !get_help)),G(get_help -> (avoid_impending_gas_leak V get_help)),False
ARTEMIS,0,"If get_help ever holds, avoid the impending_gas_leak must have held beforehand.",F get_help -> (!get_help U (avoid_impending_gas_leak & !get_help)),G(get_help -> (F avoid_impending_gas_leak V get_help)),False
ARTEMIS,0,"If get_help ever holds, avoid the impending_gas_leak must have held beforehand.",F get_help -> (!get_help U (avoid_impending_gas_leak & !get_help)),G(get_help -> (avoid_impending_gas_leak V get_help)),False
ARTEMIS,0,"If get_help ever holds, avoid the impending_gas_leak must have held beforehand.",F get_help -> (!get_help U (avoid_impending_gas_leak & !get_help)),G(get_help -> (avoid_impending_gas_leak V get_help)),False
ARTEMIS,0,"If get_help ever holds, avoid the impending_gas_leak must have held beforehand.",F get_help -> (!get_help U (avoid_impending_gas_leak & !get_help)),G(get_help -> (F avoid_impending_gas_leak V get_help)),False
ARTEMIS,0,"If get_help ever holds, avoid the impending_gas_leak must have held beforehand.",F get_help -> (!get_help U (avoid_impending_gas_leak & !get_help)),G(get_help -> (avoid_impending_gas_leak V get_help)),False
ARTEMIS,0,"If get_help ever holds, avoid the impending_gas_leak must have held beforehand.",F get_help -> (!get_help U (avoid_impending_gas_leak & !get_help)),G(get_help -> (F avoid_impending_gas_leak V get_help)),False
ARTEMIS,0,"If get_help ever holds, avoid the impending_gas_leak must have held beforehand.",F get_help -> (!get_help U (avoid_impending_gas_leak & !get_help)),G(get_help -> (F avoid_impending_gas_leak V get_help)),False
ARTEMIS,0,"If get_help ever holds, avoid the impending_gas_leak must have held beforehand.",F get_help -> (!get_help U (avoid_impending_gas_leak & !get_help)),"G(get_help -> (F avoid_impending_gas_leak)) # Wait, the prompt says ""must have held beforehand"". This implies a precedence or a past-operator logic, but standard LTL (Spot API) uses future operators. ""Avoid the impending gas leak must have held beforehand"" means get_help cannot happen unless avoid_impending_gas_leak has already happened.",
ARTEMIS,0,"If get_help ever holds, avoid the impending_gas_leak must have held beforehand.",F get_help -> (!get_help U (avoid_impending_gas_leak & !get_help)),G(get_help -> (F avoid_impending_gas_leak V get_help)),False
ARTEMIS,0,"If get_help ever holds, avoid the impending_gas_leak must have held beforehand.",F get_help -> (!get_help U (avoid_impending_gas_leak & !get_help)),G(get_help -> (F(avoid_impending_gas_leak) V get_help)),False
ARTEMIS,0,"If get_help ever holds, avoid the impending_gas_leak must have held beforehand.",F get_help -> (!get_help U (avoid_impending_gas_leak & !get_help)),G(get_help -> (avoid_impending_gas_leak V get_help)),False
ARTEMIS,0,"If get_help ever holds, avoid the impending_gas_leak must have held beforehand.",F get_help -> (!get_help U (avoid_impending_gas_leak & !get_help)),G(get_help -> (avoid_impending_gas_leak V get_help)),False
ARTEMIS,0,"If get_help ever holds, avoid the impending_gas_leak must have held beforehand.",F get_help -> (!get_help U (avoid_impending_gas_leak & !get_help)),G(get_help -> (F avoid_impending_gas_leak V get_help)),False
ARTEMIS,0,"If get_help ever holds, avoid the impending_gas_leak must have held beforehand.",F get_help -> (!get_help U (avoid_impending_gas_leak & !get_help)),G(get_help -> (avoid_impending_gas_leak V get_help)),False
ARTEMIS,0,"If get_help ever holds, avoid the impending_gas_leak must have held beforehand.",F get_help -> (!get_help U (avoid_impending_gas_leak & !get_help)),G(get_help -> (F avoid_impending_gas_leak V get_help)),False
ARTEMIS,0,"If get_help ever holds, avoid the impending_gas_leak must have held beforehand.",F get_help -> (!get_help U (avoid_impending_gas_leak & !get_help)),G(get_help -> (F avoid_impending_gas_leak V get_help)),False
ARTEMIS,0,"If get_help ever holds, avoid the impending_gas_leak must have held beforehand.",F get_help -> (!get_help U (avoid_impending_gas_leak & !get_help)),G(get_help -> O(avoid_impending_gas_leak)),
ARTEMIS,0,"If get_help ever holds, avoid the impending_gas_leak must have held beforehand.",F get_help -> (!get_help U (avoid_impending_gas_leak & !get_help)),G(get_help -> (avoid_impending_gas_leak V get_help)),False
ARTEMIS,0,"If get_help ever holds, avoid the impending_gas_leak must have held beforehand.",F get_help -> (!get_help U (avoid_impending_gas_leak & !get_help)),"G(get_help -> (F(avoid_impending_gas_leak) V get_help)) # This logic is tricky; however, ""must have held beforehand"" typically translates to:",
ARTEMIS,0,"If get_help ever holds, avoid the impending_gas_leak must have held beforehand.",F get_help -> (!get_help U (avoid_impending_gas_leak & !get_help)),G(get_help -> (avoid_impending_gas_leak V get_help)),False
ARTEMIS,0,"If get_help ever holds, avoid the impending_gas_leak must have held beforehand.",F get_help -> (!get_help U (avoid_impending_gas_leak & !get_help)),G(get_help -> (F avoid_impending_gas_leak V get_help)),False
ARTEMIS,0,"If get_help ever holds, avoid the impending_gas_leak must have held beforehand.",F get_help -> (!get_help U (avoid_impending_gas_leak & !get_help)),G(get_help -> (F(avoid_impending_gas_leak) V get_help)),False
ARTEMIS,0,"If get_help ever holds, avoid the impending_gas_leak must have held beforehand.",F get_help -> (!get_help U (avoid_impending_gas_leak & !get_help)),G(get_help -> (avoid_impending_gas_leak V get_help)),False
ARTEMIS,0,"If get_help ever holds, avoid the impending_gas_leak must have held beforehand.",F get_help -> (!get_help U (avoid_impending_gas_leak & !get_help)),G(get_help -> (avoid_impending_gas_leak V get_help)),False
ARTEMIS,0,"If get_help ever holds, avoid the impending_gas_leak must have held beforehand.",F get_help -> (!get_help U (avoid_impending_gas_leak & !get_help)),"G(get_help -> (F avoid_impending_gas_leak)) # This is logically incorrect based on ""beforehand"". Correct logic:",
ARTEMIS,0,"If get_help ever holds, avoid the impending_gas_leak must have held beforehand.",F get_help -> (!get_help U (avoid_impending_gas_leak & !get_help)),"G(get_help -> (F avoid_impending_gas_leak)) # This is incorrect based on the wording ""must have held beforehand"".",
ARTEMIS,6,"Go to store 1, grab bottle 3, and move it to hospital 2.",F(shop_1 & F(p_bottle_3 & F(hospital_2 & pd))),F(shop_1 & F(p_bottle_3 & F(hospital_2))),False
ARTEMIS,6,"Go to store 1, grab bottle 3, and move it to hospital 2.",F(shop_1 & F(p_bottle_3 & F(hospital_2 & pd))),F(shop_1 & F(p_bottle_3 & F(hospital_2))),False
ARTEMIS,6,"Go to store 1, grab bottle 3, and move it to hospital 2.",F(shop_1 & F(p_bottle_3 & F(hospital_2 & pd))),F(shop_1 & F(p_bottle_3 & F(hospital_2))),False
ARTEMIS,6,"Go to store 1, grab bottle 3, and move it to hospital 2.",F(shop_1 & F(p_bottle_3 & F(hospital_2 & pd))),F(shop_1 & F(p_bottle_3 & F(hospital_2))),False
ARTEMIS,6,"Go to store 1, grab bottle 3, and move it to hospital 2.",F(shop_1 & F(p_bottle_3 & F(hospital_2 & pd))),F(pd & shop_1 & F(p_bottle_3 & F(pd & hospital_2))),False
ARTEMIS,6,"Go to store 1, grab bottle 3, and move it to hospital 2.",F(shop_1 & F(p_bottle_3 & F(hospital_2 & pd))),F(pd & shop_1 & F(p_bottle_3 & F(pd & hospital_2))),False
ARTEMIS,6,"Go to store 1, grab bottle 3, and move it to hospital 2.",F(shop_1 & F(p_bottle_3 & F(hospital_2 & pd))),F(shop_1 & F(p_bottle_3 & F(hospital_2))),False
ARTEMIS,6,"Go to store 1, grab bottle 3, and move it to hospital 2.",F(shop_1 & F(p_bottle_3 & F(hospital_2 & pd))),F(shop_1 & F(p_bottle_3 & F(hospital_2))),False
ARTEMIS,6,"Go to store 1, grab bottle 3, and move it to hospital 2.",F(shop_1 & F(p_bottle_3 & F(hospital_2 & pd))),F(pd & shop_1 & F(p_bottle_3 & F(pd & hospital_2))),False
ARTEMIS,6,"Go to store 1, grab bottle 3, and move it to hospital 2.",F(shop_1 & F(p_bottle_3 & F(hospital_2 & pd))),F(shop_1 & F(p_bottle_3 & F(hospital_2))),False
ARTEMIS,6,"Go to store 1, grab bottle 3, and move it to hospital 2.",F(shop_1 & F(p_bottle_3 & F(hospital_2 & pd))),F(shop_1 & F(p_bottle_3 & F(hospital_2))),False
ARTEMIS,6,"Go to store 1, grab bottle 3, and move it to hospital 2.",F(shop_1 & F(p_bottle_3 & F(hospital_2 & pd))),F(pd & shop_1 & F(p_bottle_3 & F(pd & hospital_2))),False
ARTEMIS,6,"Go to store 1, grab bottle 3, and move it to hospital 2.",F(shop_1 & F(p_bottle_3 & F(hospital_2 & pd))),F(shop_1 & F(p_bottle_3 & F(hospital_2))),False
ARTEMIS,6,"Go to store 1, grab bottle 3, and move it to hospital 2.",F(shop_1 & F(p_bottle_3 & F(hospital_2 & pd))),F(shop_1 & F(p_bottle_3 & F(hospital_2))),False
ARTEMIS,6,"Go to store 1, grab bottle 3, and move it to hospital 2.",F(shop_1 & F(p_bottle_3 & F(hospital_2 & pd))),F(shop_1 & F(p_bottle_3 & F(hospital_2))),False
ARTEMIS,6,"Go to store 1, grab bottle 3, and move it to hospital 2.",F(shop_1 & F(p_bottle_3 & F(hospital_2 & pd))),F(shop_1 & F(p_bottle_3 & F(hospital_2))),False
ARTEMIS,6,"Go to store 1, grab bottle 3, and move it to hospital 2.",F(shop_1 & F(p_bottle_3 & F(hospital_2 & pd))),F(pd & shop_1 & F(p_bottle_3 & F(pd & hospital_2))),False
ARTEMIS,6,"Go to store 1, grab bottle 3, and move it to hospital 2.",F(shop_1 & F(p_bottle_3 & F(hospital_2 & pd))),F(shop_1 & F(p_bottle_3 & F(hospital_2))),False
ARTEMIS,6,"Go to store 1, grab bottle 3, and move it to hospital 2.",F(shop_1 & F(p_bottle_3 & F(hospital_2 & pd))),F(shop_1 & F(p_bottle_3 & F(hospital_2))),False
ARTEMIS,6,"Go to store 1, grab bottle 3, and move it to hospital 2.",F(shop_1 & F(p_bottle_3 & F(hospital_2 & pd))),F(shop_1 & F(p_bottle_3 & F(hospital_2))),False
ARTEMIS,6,"Go to store 1, grab bottle 3, and move it to hospital 2.",F(shop_1 & F(p_bottle_3 & F(hospital_2 & pd))),F(pd & shop_1 & F(p_bottle_3 & F(pd & hospital_2))),False
ARTEMIS,6,"Go to store 1, grab bottle 3, and move it to hospital 2.",F(shop_1 & F(p_bottle_3 & F(hospital_2 & pd))),F(pd & shop_1 & F(p_bottle_3 & F(pd & hospital_2))),False
ARTEMIS,6,"Go to store 1, grab bottle 3, and move it to hospital 2.",F(shop_1 & F(p_bottle_3 & F(hospital_2 & pd))),F(shop_1 & F(p_bottle_3 & F(hospital_2))),False
ARTEMIS,6,"Go to store 1, grab bottle 3, and move it to hospital 2.",F(shop_1 & F(p_bottle_3 & F(hospital_2 & pd))),F(shop_1 & F(p_bottle_3 & F(hospital_2))),False
ARTEMIS,6,"Go to store 1, grab bottle 3, and move it to hospital 2.",F(shop_1 & F(p_bottle_3 & F(hospital_2 & pd))),F(pd & shop_1 & F(p_bottle_3 & F(pd & hospital_2))),False
ARTEMIS,6,"Go to store 1, grab bottle 3, and move it to hospital 2.",F(shop_1 & F(p_bottle_3 & F(hospital_2 & pd))),F(shop_1 & F(p_bottle_3 & F(hospital_2))),False
ARTEMIS,6,"Go to store 1, grab bottle 3, and move it to hospital 2.",F(shop_1 & F(p_bottle_3 & F(hospital_2 & pd))),F(pd & shop_1 & F(p_bottle_3 & F(pd & hospital_2))),False
ARTEMIS,6,"Go to store 1, grab bottle 3, and move it to hospital 2.",F(shop_1 & F(p_bottle_3 & F(hospital_2 & pd))),F(shop_1 & F(p_bottle_3 & F(hospital_2))),False
ARTEMIS,6,"Go to store 1, grab bottle 3, and move it to hospital 2.",F(shop_1 & F(p_bottle_3 & F(hospital_2 & pd))),F(shop_1 & F(p_bottle_3 & F(hospital_2))),False
ARTEMIS,6,"Go to store 1, grab bottle 3, and move it to hospital 2.",F(shop_1 & F(p_bottle_3 & F(hospital_2 & pd))),F(pd & shop_1 & F(p_bottle_3 & F(pd & hospital_2))),False
ARTEMIS,6,"Go to store 1, grab bottle 3, and move it to hospital 2.",F(shop_1 & F(p_bottle_3 & F(hospital_2 & pd))),F(shop_1 & F(p_bottle_3 & F(hospital_2))),False
ARTEMIS,6,"Go to store 1, grab bottle 3, and move it to hospital 2.",F(shop_1 & F(p_bottle_3 & F(hospital_2 & pd))),F(shop_1 & F(p_bottle_3 & F(hospital_2))),False
ARTEMIS,6,"Go to store 1, grab bottle 3, and move it to hospital 2.",F(shop_1 & F(p_bottle_3 & F(hospital_2 & pd))),F(shop_1 & F(p_bottle_3 & F(hospital_2))),False
ARTEMIS,6,"Go to store 1, grab bottle 3, and move it to hospital 2.",F(shop_1 & F(p_bottle_3 & F(hospital_2 & pd))),F(shop_1 & F(p_bottle_3 & F(hospital_2))),False
ARTEMIS,6,"Go to store 1, grab bottle 3, and move it to hospital 2.",F(shop_1 & F(p_bottle_3 & F(hospital_2 & pd))),F(shop_1 & F(p_bottle_3 & F(hospital_2))),False
ARTEMIS,6,"Go to store 1, grab bottle 3, and move it to hospital 2.",F(shop_1 & F(p_bottle_3 & F(hospital_2 & pd))),F (shop_1 & F (p_bottle_3 & F (hospital_2))),False
ARTEMIS,6,"Go to store 1, grab bottle 3, and move it to hospital 2.",F(shop_1 & F(p_bottle_3 & F(hospital_2 & pd))),F(shop_1 & F(p_bottle_3 & F(hospital_2))),False
ARTEMIS,6,"Go to store 1, grab bottle 3, and move it to hospital 2.",F(shop_1 & F(p_bottle_3 & F(hospital_2 & pd))),F(shop_1 & F(p_bottle_3 & F(hospital_2))),False
ARTEMIS,6,"Go to store 1, grab bottle 3, and move it to hospital 2.",F(shop_1 & F(p_bottle_3 & F(hospital_2 & pd))),F(shop_1 & F(p_bottle_3 & F(hospital_2))),False
ARTEMIS,6,"Go to store 1, grab bottle 3, and move it to hospital 2.",F(shop_1 & F(p_bottle_3 & F(hospital_2 & pd))),F(pd & shop_1 & F(p_bottle_3 & F(pd & hospital_2))),False
ARTEMIS,6,"Go to store 1, grab bottle 3, and move it to hospital 2.",F(shop_1 & F(p_bottle_3 & F(hospital_2 & pd))),F (shop_1 & F (p_bottle_3 & F (hospital_2 & pd))),True
ARTEMIS,6,"Go to store 1, grab bottle 3, and move it to hospital 2.",F(shop_1 & F(p_bottle_3 & F(hospital_2 & pd))),F(shop_1 & F(p_bottle_3 & F(hospital_2))),False
ARTEMIS,6,"Go to store 1, grab bottle 3, and move it to hospital 2.",F(shop_1 & F(p_bottle_3 & F(hospital_2 & pd))),F(shop_1 & F(p_bottle_3 & F(hospital_2))),False
ARTEMIS,6,"Go to store 1, grab bottle 3, and move it to hospital 2.",F(shop_1 & F(p_bottle_3 & F(hospital_2 & pd))),F(shop_1 & F(p_bottle_3 & F(hospital_2))),False
ARTEMIS,6,"Go to store 1, grab bottle 3, and move it to hospital 2.",F(shop_1 & F(p_bottle_3 & F(hospital_2 & pd))),F(shop_1 & F(p_bottle_3 & F(hospital_2))),False
ARTEMIS,6,"Go to store 1, grab bottle 3, and move it to hospital 2.",F(shop_1 & F(p_bottle_3 & F(hospital_2 & pd))),F(shop_1 & F(p_bottle_3 & F(hospital_2))),False
ARTEMIS,6,"Go to store 1, grab bottle 3, and move it to hospital 2.",F(shop_1 & F(p_bottle_3 & F(hospital_2 & pd))),F(shop_1 & F(p_bottle_3 & F(hospital_2))),False
ARTEMIS,6,"Go to store 1, grab bottle 3, and move it to hospital 2.",F(shop_1 & F(p_bottle_3 & F(hospital_2 & pd))),F(shop_1 & F(p_bottle_3 & F(hospital_2))),False
ARTEMIS,6,"Go to store 1, grab bottle 3, and move it to hospital 2.",F(shop_1 & F(p_bottle_3 & F(hospital_2 & pd))),F(shop_1 & F(p_bottle_3 & F(hospital_2))),False
ARTEMIS,6,"Go to store 1, grab bottle 3, and move it to hospital 2.",F(shop_1 & F(p_bottle_3 & F(hospital_2 & pd))),F(shop_1 & F(p_bottle_3 & F(hospital_2))),False
ARTEMIS,6,"Go to store 1, grab bottle 3, and move it to hospital 2.",F(shop_1 & F(p_bottle_3 & F(hospital_2 & pd))),F(shop_1 & F(p_bottle_3 & F(hospital_2))),False
ARTEMIS,6,"Go to store 1, grab bottle 3, and move it to hospital 2.",F(shop_1 & F(p_bottle_3 & F(hospital_2 & pd))),F(pd & shop_1 & F(p_bottle_3 & F(pd & hospital_2))),False
ARTEMIS,6,"Go to store 1, grab bottle 3, and move it to hospital 2.",F(shop_1 & F(p_bottle_3 & F(hospital_2 & pd))),F (shop_1 & F (p_bottle_3 & F hospital_2)),False
ARTEMIS,6,"Go to store 1, grab bottle 3, and move it to hospital 2.",F(shop_1 & F(p_bottle_3 & F(hospital_2 & pd))),F(pd & shop_1 & F(p_bottle_3 & F(pd & hospital_2))),False
ARTEMIS,6,"Go to store 1, grab bottle 3, and move it to hospital 2.",F(shop_1 & F(p_bottle_3 & F(hospital_2 & pd))),F(shop_1 & F(p_bottle_3 & F(hospital_2))),False
ARTEMIS,6,"Go to store 1, grab bottle 3, and move it to hospital 2.",F(shop_1 & F(p_bottle_3 & F(hospital_2 & pd))),F (shop_1 & F (p_bottle_3 & F hospital_2)),False
ARTEMIS,6,"Go to store 1, grab bottle 3, and move it to hospital 2.",F(shop_1 & F(p_bottle_3 & F(hospital_2 & pd))),F(shop_1 & F(p_bottle_3 & F(hospital_2))),False
ARTEMIS,6,"Go to store 1, grab bottle 3, and move it to hospital 2.",F(shop_1 & F(p_bottle_3 & F(hospital_2 & pd))),F(shop_1 & F(p_bottle_3 & F(hospital_2))),False
ARTEMIS,6,"Go to store 1, grab bottle 3, and move it to hospital 2.",F(shop_1 & F(p_bottle_3 & F(hospital_2 & pd))),F (pd & shop_1 & F (p_bottle_3 & F (pd & hospital_2))),False
ARTEMIS,6,"Go to store 1, grab bottle 3, and move it to hospital 2.",F(shop_1 & F(p_bottle_3 & F(hospital_2 & pd))),F(shop_1 & F(p_bottle_3 & F(hospital_2))),False
ARTEMIS,6,"Go to store 1, grab bottle 3, and move it to hospital 2.",F(shop_1 & F(p_bottle_3 & F(hospital_2 & pd))),F(shop_1 & F(p_bottle_3 & F(hospital_2))),False
ARTEMIS,6,"Go to store 1, grab bottle 3, and move it to hospital 2.",F(shop_1 & F(p_bottle_3 & F(hospital_2 & pd))),F(shop_1 & F(p_bottle_3 & F(hospital_2))),False
ARTEMIS,6,"Go to store 1, grab bottle 3, and move it to hospital 2.",F(shop_1 & F(p_bottle_3 & F(hospital_2 & pd))),F(shop_1 & F(p_bottle_3 & F(hospital_2))),False
ARTEMIS,6,"Go to store 1, grab bottle 3, and move it to hospital 2.",F(shop_1 & F(p_bottle_3 & F(hospital_2 & pd))),F(shop_1 & F(p_bottle_3 & F(hospital_2))),False
ARTEMIS,6,"Go to store 1, grab bottle 3, and move it to hospital 2.",F(shop_1 & F(p_bottle_3 & F(hospital_2 & pd))),F(shop_1 & F(p_bottle_3 & F(hospital_2))),False
ARTEMIS,6,"Go to store 1, grab bottle 3, and move it to hospital 2.",F(shop_1 & F(p_bottle_3 & F(hospital_2 & pd))),F(shop_1 & F(p_bottle_3 & F(hospital_2))),False
ARTEMIS,6,"Go to store 1, grab bottle 3, and move it to hospital 2.",F(shop_1 & F(p_bottle_3 & F(hospital_2 & pd))),F(shop_1 & F(p_bottle_3 & F(hospital_2))),False
ARTEMIS,6,"Go to store 1, grab bottle 3, and move it to hospital 2.",F(shop_1 & F(p_bottle_3 & F(hospital_2 & pd))),F(shop_1 & F(p_bottle_3 & F(hospital_2))),False
ARTEMIS,6,"Go to store 1, grab bottle 3, and move it to hospital 2.",F(shop_1 & F(p_bottle_3 & F(hospital_2 & pd))),F(shop_1 & F(p_bottle_3 & F(hospital_2))),False
ARTEMIS,6,"Go to store 1, grab bottle 3, and move it to hospital 2.",F(shop_1 & F(p_bottle_3 & F(hospital_2 & pd))),F(shop_1 & F(p_bottle_3 & F(hospital_2))),False
ARTEMIS,6,"Go to store 1, grab bottle 3, and move it to hospital 2.",F(shop_1 & F(p_bottle_3 & F(hospital_2 & pd))),F(shop_1 & F(p_bottle_3 & F(hospital_2))),False
ARTEMIS,6,"Go to store 1, grab bottle 3, and move it to hospital 2.",F(shop_1 & F(p_bottle_3 & F(hospital_2 & pd))),F (shop_1 & F (p_bottle_3 & F hospital_2)),False
ARTEMIS,6,"Go to store 1, grab bottle 3, and move it to hospital 2.",F(shop_1 & F(p_bottle_3 & F(hospital_2 & pd))),F(shop_1 & F(p_bottle_3 & F(hospital_2))),False
ARTEMIS,6,"Go to store 1, grab bottle 3, and move it to hospital 2.",F(shop_1 & F(p_bottle_3 & F(hospital_2 & pd))),F(pd & shop_1 & F(p_bottle_3 & F(pd & hospital_2))),False
ARTEMIS,6,"Go to store 1, grab bottle 3, and move it to hospital 2.",F(shop_1 & F(p_bottle_3 & F(hospital_2 & pd))),F(shop_1 & F(p_bottle_3 & F(hospital_2))),False
ARTEMIS,6,"Go to store 1, grab bottle 3, and move it to hospital 2.",F(shop_1 & F(p_bottle_3 & F(hospital_2 & pd))),F (shop_1 & F (p_bottle_3 & F hospital_2)),False
ARTEMIS,6,"Go to store 1, grab bottle 3, and move it to hospital 2.",F(shop_1 & F(p_bottle_3 & F(hospital_2 & pd))),F(shop_1 & F(p_bottle_3 & F(hospital_2))),False
ARTEMIS,6,"Go to store 1, grab bottle 3, and move it to hospital 2.",F(shop_1 & F(p_bottle_3 & F(hospital_2 & pd))),F(shop_1 & F(p_bottle_3 & F(hospital_2))),False
ARTEMIS,6,"Go to store 1, grab bottle 3, and move it to hospital 2.",F(shop_1 & F(p_bottle_3 & F(hospital_2 & pd))),F(shop_1 & F(p_bottle_3 & F(hospital_2))),False
ARTEMIS,6,"Go to store 1, grab bottle 3, and move it to hospital 2.",F(shop_1 & F(p_bottle_3 & F(hospital_2 & pd))),F(shop_1 & F(p_bottle_3 & F(hospital_2))),False
ARTEMIS,6,"Go to store 1, grab bottle 3, and move it to hospital 2.",F(shop_1 & F(p_bottle_3 & F(hospital_2 & pd))),F(shop_1 & F(p_bottle_3 & F(hospital_2))),False
ARTEMIS,6,"Go to store 1, grab bottle 3, and move it to hospital 2.",F(shop_1 & F(p_bottle_3 & F(hospital_2 & pd))),F(shop_1 & F(p_bottle_3 & F(hospital_2))),False
ARTEMIS,6,"Go to store 1, grab bottle 3, and move it to hospital 2.",F(shop_1 & F(p_bottle_3 & F(hospital_2 & pd))),F(shop_1 & F(p_bottle_3 & F(hospital_2))),False
ARTEMIS,6,"Go to store 1, grab bottle 3, and move it to hospital 2.",F(shop_1 & F(p_bottle_3 & F(hospital_2 & pd))),F(shop_1 & F(p_bottle_3 & F(hospital_2))),False
ARTEMIS,6,"Go to store 1, grab bottle 3, and move it to hospital 2.",F(shop_1 & F(p_bottle_3 & F(hospital_2 & pd))),F(shop_1 & F(p_bottle_3 & F(hospital_2))),False
ARTEMIS,6,"Go to store 1, grab bottle 3, and move it to hospital 2.",F(shop_1 & F(p_bottle_3 & F(hospital_2 & pd))),F(pd & shop_1 & F(p_bottle_3 & F(pd & hospital_2))),False
ARTEMIS,6,"Go to store 1, grab bottle 3, and move it to hospital 2.",F(shop_1 & F(p_bottle_3 & F(hospital_2 & pd))),F(shop_1 & F(p_bottle_3 & F(hospital_2))),False
ARTEMIS,6,"Go to store 1, grab bottle 3, and move it to hospital 2.",F(shop_1 & F(p_bottle_3 & F(hospital_2 & pd))),F(pd & shop_1 & F(p_bottle_3 & F(pd & hospital_2))),False
ARTEMIS,6,"Go to store 1, grab bottle 3, and move it to hospital 2.",F(shop_1 & F(p_bottle_3 & F(hospital_2 & pd))),F(shop_1 & F(p_bottle_3 & F(hospital_2))),False
ARTEMIS,6,"Go to store 1, grab bottle 3, and move it to hospital 2.",F(shop_1 & F(p_bottle_3 & F(hospital_2 & pd))),F(shop_1 & F(p_bottle_3 & F(hospital_2))),False
ARTEMIS,6,"Go to store 1, grab bottle 3, and move it to hospital 2.",F(shop_1 & F(p_bottle_3 & F(hospital_2 & pd))),F (shop_1 & F (p_bottle_3 & F hospital_2)),False
ARTEMIS,6,"Go to store 1, grab bottle 3, and move it to hospital 2.",F(shop_1 & F(p_bottle_3 & F(hospital_2 & pd))),F(shop_1 & F(p_bottle_3 & F(hospital_2))),False
ARTEMIS,6,"Go to store 1, grab bottle 3, and move it to hospital 2.",F(shop_1 & F(p_bottle_3 & F(hospital_2 & pd))),F(pd & shop_1 & F(p_bottle_3 & F(pd & hospital_2))),False
ARTEMIS,6,"Go to store 1, grab bottle 3, and move it to hospital 2.",F(shop_1 & F(p_bottle_3 & F(hospital_2 & pd))),F(shop_1 & F(p_bottle_3 & F(hospital_2))),False
ARTEMIS,6,"Go to store 1, grab bottle 3, and move it to hospital 2.",F(shop_1 & F(p_bottle_3 & F(hospital_2 & pd))),F(shop_1 & F(p_bottle_3 & F(hospital_2))),False
ARTEMIS,6,"Go to store 1, grab bottle 3, and move it to hospital 2.",F(shop_1 & F(p_bottle_3 & F(hospital_2 & pd))),F(shop_1 & F(p_bottle_3 & F(hospital_2))),False
ARTEMIS,6,"Go to store 1, grab bottle 3, and move it to hospital 2.",F(shop_1 & F(p_bottle_3 & F(hospital_2 & pd))),F(shop_1 & F(p_bottle_3 & F(hospital_2))),False
ARTEMIS,6,"Go to store 1, grab bottle 3, and move it to hospital 2.",F(shop_1 & F(p_bottle_3 & F(hospital_2 & pd))),F(shop_1 & F(p_bottle_3 & F(hospital_2))),False
ARTEMIS,6,"Go to store 1, grab bottle 3, and move it to hospital 2.",F(shop_1 & F(p_bottle_3 & F(hospital_2 & pd))),F(shop_1 & F(p_bottle_3 & F(hospital_2))),False
ARTEMIS,6,"Go to store 1, grab bottle 3, and move it to hospital 2.",F(shop_1 & F(p_bottle_3 & F(hospital_2 & pd))),F(shop_1 & F(p_bottle_3 & F(hospital_2))),False
ARTEMIS,15,"if whenever gather pear , at any time make_your_way flag",F gather_pear -> F make_your_way_flag,G(gather_pear -> F make_your_way_flag),False
ARTEMIS,15,"if whenever gather pear , at any time make_your_way flag",F gather_pear -> F make_your_way_flag,G(gather_pear -> F make_your_way_flag),False
ARTEMIS,15,"if whenever gather pear , at any time make_your_way flag",F gather_pear -> F make_your_way_flag,G(gather_pear -> F make_your_way_flag),False
ARTEMIS,15,"if whenever gather pear , at any time make_your_way flag",F gather_pear -> F make_your_way_flag,G(gather_pear -> F make_your_way_flag),False
ARTEMIS,15,"if whenever gather pear , at any time make_your_way flag",F gather_pear -> F make_your_way_flag,G(gather_pear -> G make_your_way_flag),False
ARTEMIS,15,"if whenever gather pear , at any time make_your_way flag",F gather_pear -> F make_your_way_flag,G(gather_pear -> F make_your_way_flag),False
ARTEMIS,15,"if whenever gather pear , at any time make_your_way flag",F gather_pear -> F make_your_way_flag,G(gather_pear -> F make_your_way_flag),False
ARTEMIS,15,"if whenever gather pear , at any time make_your_way flag",F gather_pear -> F make_your_way_flag,G(gather_pear -> F make_your_way_flag),False
ARTEMIS,15,"if whenever gather pear , at any time make_your_way flag",F gather_pear -> F make_your_way_flag,G(gather_pear -> F make_your_way_flag),False
ARTEMIS,15,"if whenever gather pear , at any time make_your_way flag",F gather_pear -> F make_your_way_flag,G(gather_pear -> G make_your_way_flag),False
ARTEMIS,15,"if whenever gather pear , at any time make_your_way flag",F gather_pear -> F make_your_way_flag,G(gather_pear -> F make_your_way_flag),False
ARTEMIS,15,"if whenever gather pear , at any time make_your_way flag",F gather_pear -> F make_your_way_flag,G(gather_pear -> F make_your_way_flag),False
ARTEMIS,15,"if whenever gather pear , at any time make_your_way flag",F gather_pear -> F make_your_way_flag,G(gather_pear -> G(make_your_way_flag)),False
ARTEMIS,15,"if whenever gather pear , at any time make_your_way flag",F gather_pear -> F make_your_way_flag,G(gather_pear -> F make_your_way_flag),False
ARTEMIS,15,"if whenever gather pear , at any time make_your_way flag",F gather_pear -> F make_your_way_flag,G(gather_pear -> F make_your_way_flag),False
ARTEMIS,15,"if whenever gather pear , at any time make_your_way flag",F gather_pear -> F make_your_way_flag,G(gather_pear -> F make_your_way_flag),False
ARTEMIS,15,"if whenever gather pear , at any time make_your_way flag",F gather_pear -> F make_your_way_flag,G(gather_pear -> G(make_your_way_flag)),False
ARTEMIS,15,"if whenever gather pear , at any time make_your_way flag",F gather_pear -> F make_your_way_flag,G(gather_pear -> F make_your_way_flag),False
ARTEMIS,15,"if whenever gather pear , at any time make_your_way flag",F gather_pear -> F make_your_way_flag,G(gather_pear -> F make_your_way_flag),False
ARTEMIS,15,"if whenever gather pear , at any time make_your_way flag",F gather_pear -> F make_your_way_flag,G(gather_pear -> F make_your_way_flag),False
ARTEMIS,15,"if whenever gather pear , at any time make_your_way flag",F gather_pear -> F make_your_way_flag,G(gather_pear -> F make_your_way_flag),False
ARTEMIS,15,"if whenever gather pear , at any time make_your_way flag",F gather_pear -> F make_your_way_flag,G(gather_pear -> F make_your_way_flag),False
ARTEMIS,15,"if whenever gather pear , at any time make_your_way flag",F gather_pear -> F make_your_way_flag,G(gather_pear -> F make_your_way_flag),False
ARTEMIS,15,"if whenever gather pear , at any time make_your_way flag",F gather_pear -> F make_your_way_flag,G(gather_pear -> F make_your_way_flag),False
ARTEMIS,15,"if whenever gather pear , at any time make_your_way flag",F gather_pear -> F make_your_way_flag,G(gather_pear -> F make_your_way_flag),False
ARTEMIS,15,"if whenever gather pear , at any time make_your_way flag",F gather_pear -> F make_your_way_flag,G(gather_pear -> F make_your_way_flag),False
ARTEMIS,15,"if whenever gather pear , at any time make_your_way flag",F gather_pear -> F make_your_way_flag,G(gather_pear -> F make_your_way_flag),False
ARTEMIS,15,"if whenever gather pear , at any time make_your_way flag",F gather_pear -> F make_your_way_flag,G(gather_pear -> F make_your_way_flag),False
ARTEMIS,15,"if whenever gather pear , at any time make_your_way flag",F gather_pear -> F make_your_way_flag,G(gather_pear -> G(make_your_way_flag)),False
ARTEMIS,15,"if whenever gather pear , at any time make_your_way flag",F gather_pear -> F make_your_way_flag,G(gather_pear -> F make_your_way_flag),False
ARTEMIS,15,"if whenever gather pear , at any time make_your_way flag",F gather_pear -> F make_your_way_flag,G(gather_pear -> F make_your_way_flag),False
ARTEMIS,15,"if whenever gather pear , at any time make_your_way flag",F gather_pear -> F make_your_way_flag,G(gather_pear -> F make_your_way_flag),False
ARTEMIS,15,"if whenever gather pear , at any time make_your_way flag",F gather_pear -> F make_your_way_flag,G(gather_pear -> F make_your_way_flag),False
ARTEMIS,15,"if whenever gather pear , at any time make_your_way flag",F gather_pear -> F make_your_way_flag,G(gather_pear -> F make_your_way_flag),False
ARTEMIS,15,"if whenever gather pear , at any time make_your_way flag",F gather_pear -> F make_your_way_flag,G(gather_pear -> F make_your_way_flag),False
ARTEMIS,15,"if whenever gather pear , at any time make_your_way flag",F gather_pear -> F make_your_way_flag,G(gather_pear -> F make_your_way_flag),False
ARTEMIS,15,"if whenever gather pear , at any time make_your_way flag",F gather_pear -> F make_your_way_flag,G(gather_pear -> F make_your_way_flag),False
ARTEMIS,15,"if whenever gather pear , at any time make_your_way flag",F gather_pear -> F make_your_way_flag,G(gather_pear -> F make_your_way_flag),False
ARTEMIS,15,"if whenever gather pear , at any time make_your_way flag",F gather_pear -> F make_your_way_flag,G(gather_pear -> G(make_your_way_flag)),False
ARTEMIS,15,"if whenever gather pear , at any time make_your_way flag",F gather_pear -> F make_your_way_flag,G(gather_pear -> F make_your_way_flag),False
ARTEMIS,15,"if whenever gather pear , at any time make_your_way flag",F gather_pear -> F make_your_way_flag,G(gather_pear -> F make_your_way_flag),False
ARTEMIS,15,"if whenever gather pear , at any time make_your_way flag",F gather_pear -> F make_your_way_flag,G(gather_pear -> G make_your_way_flag),False
ARTEMIS,15,"if whenever gather pear , at any time make_your_way flag",F gather_pear -> F make_your_way_flag,G(gather_pear -> F make_your_way_flag),False
ARTEMIS,15,"if whenever gather pear , at any time make_your_way flag",F gather_pear -> F make_your_way_flag,G(gather_pear -> F make_your_way_flag),False
ARTEMIS,15,"if whenever gather pear , at any time make_your_way flag",F gather_pear -> F make_your_way_flag,G(gather_pear -> F make_your_way_flag),False
ARTEMIS,15,"if whenever gather pear , at any time make_your_way flag",F gather_pear -> F make_your_way_flag,G(gather_pear -> F make_your_way_flag),False
ARTEMIS,15,"if whenever gather pear , at any time make_your_way flag",F gather_pear -> F make_your_way_flag,G(gather_pear -> F make_your_way_flag),False
ARTEMIS,15,"if whenever gather pear , at any time make_your_way flag",F gather_pear -> F make_your_way_flag,G(gather_pear -> G make_your_way_flag),False
ARTEMIS,15,"if whenever gather pear , at any time make_your_way flag",F gather_pear -> F make_your_way_flag,G(gather_pear -> F make_your_way_flag),False
ARTEMIS,15,"if whenever gather pear , at any time make_your_way flag",F gather_pear -> F make_your_way_flag,G(gather_pear -> F make_your_way_flag),False
ARTEMIS,15,"if whenever gather pear , at any time make_your_way flag",F gather_pear -> F make_your_way_flag,G(gather_pear -> F make_your_way_flag),False
ARTEMIS,15,"if whenever gather pear , at any time make_your_way flag",F gather_pear -> F make_your_way_flag,G(gather_pear -> F make_your_way_flag),False
ARTEMIS,15,"if whenever gather pear , at any time make_your_way flag",F gather_pear -> F make_your_way_flag,G(gather_pear -> F make_your_way_flag),False
ARTEMIS,15,"if whenever gather pear , at any time make_your_way flag",F gather_pear -> F make_your_way_flag,G(gather_pear -> F make_your_way_flag),False
ARTEMIS,15,"if whenever gather pear , at any time make_your_way flag",F gather_pear -> F make_your_way_flag,G(gather_pear -> F make_your_way_flag),False
ARTEMIS,15,"if whenever gather pear , at any time make_your_way flag",F gather_pear -> F make_your_way_flag,G(gather_pear -> F make_your_way_flag),False
ARTEMIS,15,"if whenever gather pear , at any time make_your_way flag",F gather_pear -> F make_your_way_flag,G(gather_pear -> F make_your_way_flag),False
ARTEMIS,15,"if whenever gather pear , at any time make_your_way flag",F gather_pear -> F make_your_way_flag,G(gather_pear -> F make_your_way_flag),False
ARTEMIS,15,"if whenever gather pear , at any time make_your_way flag",F gather_pear -> F make_your_way_flag,G(gather_pear -> F make_your_way_flag),False
ARTEMIS,15,"if whenever gather pear , at any time make_your_way flag",F gather_pear -> F make_your_way_flag,G(gather_pear -> F make_your_way_flag),False
ARTEMIS,15,"if whenever gather pear , at any time make_your_way flag",F gather_pear -> F make_your_way_flag,G(gather_pear -> F make_your_way_flag),False
ARTEMIS,15,"if whenever gather pear , at any time make_your_way flag",F gather_pear -> F make_your_way_flag,G(gather_pear -> F make_your_way_flag),False
ARTEMIS,15,"if whenever gather pear , at any time make_your_way flag",F gather_pear -> F make_your_way_flag,G(gather_pear -> F make_your_way_flag),False
ARTEMIS,15,"if whenever gather pear , at any time make_your_way flag",F gather_pear -> F make_your_way_flag,G(gather_pear -> G(make_your_way_flag)),False
ARTEMIS,15,"if whenever gather pear , at any time make_your_way flag",F gather_pear -> F make_your_way_flag,G(gather_pear -> F make_your_way_flag),False
ARTEMIS,15,"if whenever gather pear , at any time make_your_way flag",F gather_pear -> F make_your_way_flag,G(gather_pear -> G make_your_way_flag),False
ARTEMIS,15,"if whenever gather pear , at any time make_your_way flag",F gather_pear -> F make_your_way_flag,G(gather_pear -> G(make_your_way_flag)),False
ARTEMIS,15,"if whenever gather pear , at any time make_your_way flag",F gather_pear -> F make_your_way_flag,G(gather_pear -> F make_your_way_flag),False
ARTEMIS,15,"if whenever gather pear , at any time make_your_way flag",F gather_pear -> F make_your_way_flag,G(gather_pear -> F make_your_way_flag),False
ARTEMIS,15,"if whenever gather pear , at any time make_your_way flag",F gather_pear -> F make_your_way_flag,G(gather_pear -> F make_your_way_flag),False
ARTEMIS,15,"if whenever gather pear , at any time make_your_way flag",F gather_pear -> F make_your_way_flag,G(gather_pear -> F make_your_way_flag),False
ARTEMIS,15,"if whenever gather pear , at any time make_your_way flag",F gather_pear -> F make_your_way_flag,G(gather_pear -> F make_your_way_flag),False
ARTEMIS,15,"if whenever gather pear , at any time make_your_way flag",F gather_pear -> F make_your_way_flag,G(gather_pear -> F make_your_way_flag),False
ARTEMIS,15,"if whenever gather pear , at any time make_your_way flag",F gather_pear -> F make_your_way_flag,G(gather_pear -> F make_your_way_flag),False
ARTEMIS,15,"if whenever gather pear , at any time make_your_way flag",F gather_pear -> F make_your_way_flag,G(gather_pear -> F make_your_way_flag),False
ARTEMIS,15,"if whenever gather pear , at any time make_your_way flag",F gather_pear -> F make_your_way_flag,G(gather_pear -> F make_your_way_flag),False
ARTEMIS,15,"if whenever gather pear , at any time make_your_way flag",F gather_pear -> F make_your_way_flag,G(gather_pear -> F make_your_way_flag),False
ARTEMIS,15,"if whenever gather pear , at any time make_your_way flag",F gather_pear -> F make_your_way_flag,G(gather_pear -> F make_your_way_flag),False
ARTEMIS,15,"if whenever gather pear , at any time make_your_way flag",F gather_pear -> F make_your_way_flag,G(gather_pear -> F make_your_way_flag),False
ARTEMIS,15,"if whenever gather pear , at any time make_your_way flag",F gather_pear -> F make_your_way_flag,G(gather_pear -> G(make_your_way_flag)),False
ARTEMIS,15,"if whenever gather pear , at any time make_your_way flag",F gather_pear -> F make_your_way_flag,G(gather_pear -> F make_your_way_flag),False
ARTEMIS,15,"if whenever gather pear , at any time make_your_way flag",F gather_pear -> F make_your_way_flag,G(gather_pear -> F make_your_way_flag),False
ARTEMIS,15,"if whenever gather pear , at any time make_your_way flag",F gather_pear -> F make_your_way_flag,G(gather_pear -> F make_your_way_flag),False
ARTEMIS,15,"if whenever gather pear , at any time make_your_way flag",F gather_pear -> F make_your_way_flag,G(gather_pear -> F make_your_way_flag),False
ARTEMIS,15,"if whenever gather pear , at any time make_your_way flag",F gather_pear -> F make_your_way_flag,G(gather_pear -> F make_your_way_flag),False
ARTEMIS,15,"if whenever gather pear , at any time make_your_way flag",F gather_pear -> F make_your_way_flag,G(gather_pear -> F make_your_way_flag),False
ARTEMIS,15,"if whenever gather pear , at any time make_your_way flag",F gather_pear -> F make_your_way_flag,G(gather_pear -> F make_your_way_flag),False
ARTEMIS,15,"if whenever gather pear , at any time make_your_way flag",F gather_pear -> F make_your_way_flag,G(gather_pear -> F make_your_way_flag),False
ARTEMIS,15,"if whenever gather pear , at any time make_your_way flag",F gather_pear -> F make_your_way_flag,G(gather_pear -> F make_your_way_flag),False
ARTEMIS,15,"if whenever gather pear , at any time make_your_way flag",F gather_pear -> F make_your_way_flag,G(gather_pear -> F make_your_way_flag),False
ARTEMIS,15,"if whenever gather pear , at any time make_your_way flag",F gather_pear -> F make_your_way_flag,G(gather_pear -> F make_your_way_flag),False
ARTEMIS,15,"if whenever gather pear , at any time make_your_way flag",F gather_pear -> F make_your_way_flag,G(gather_pear -> F make_your_way_flag),False
ARTEMIS,15,"if whenever gather pear , at any time make_your_way flag",F gather_pear -> F make_your_way_flag,G(gather_pear -> G make_your_way_flag),False
ARTEMIS,15,"if whenever gather pear , at any time make_your_way flag",F gather_pear -> F make_your_way_flag,G(gather_pear -> F make_your_way_flag),False
ARTEMIS,15,"if whenever gather pear , at any time make_your_way flag",F gather_pear -> F make_your_way_flag,G(gather_pear -> G make_your_way_flag),False
ARTEMIS,15,"if whenever gather pear , at any time make_your_way flag",F gather_pear -> F make_your_way_flag,G(gather_pear -> F make_your_way_flag),False
ARTEMIS,15,"if whenever gather pear , at any time make_your_way flag",F gather_pear -> F make_your_way_flag,G(gather_pear -> F make_your_way_flag),False
ARTEMIS,15,"if whenever gather pear , at any time make_your_way flag",F gather_pear -> F make_your_way_flag,G(gather_pear -> F make_your_way_flag),False
ARTEMIS,15,"if whenever gather pear , at any time make_your_way flag",F gather_pear -> F make_your_way_flag,G(gather_pear -> F make_your_way_flag),False
ARTEMIS,15,"if whenever gather pear , at any time make_your_way flag",F gather_pear -> F make_your_way_flag,G(gather_pear -> F make_your_way_flag),False
ARTEMIS,27,"when ( prop_1 ) , whenever ( prop_2 )",prop_1 -> F prop_2,"G(prop_1 -> G(prop_2 -> prop_2)) # This is logically redundant. The natural language ""when prop_1, whenever prop_2"" typically implies that once prop_1 occurs, prop_2 must always be true whenever it is triggered, or more simply, once prop_1 happens, prop_2 becomes a global requirement if it is to happen at all. However, a more standard interpretation of ""When A, whenever B"" in LTL is that the condition ""B implies something"" starts after A. Since no consequence is given for B, the most likely interpretation is that prop_1 triggers a state where prop_2 must hold globally.",
ARTEMIS,27,"when ( prop_1 ) , whenever ( prop_2 )",prop_1 -> F prop_2,G(prop_1 -> G(prop_2 -> prop_2)),False
ARTEMIS,27,"when ( prop_1 ) , whenever ( prop_2 )",prop_1 -> F prop_2,G(prop_2 -> prop_1),False
ARTEMIS,27,"when ( prop_1 ) , whenever ( prop_2 )",prop_1 -> F prop_2,G(prop_1 -> G(prop_2 -> prop_2)),False
ARTEMIS,27,"when ( prop_1 ) , whenever ( prop_2 )",prop_1 -> F prop_2,"G(prop_1 -> G(prop_2 -> prop_2)) # Note: The natural language input is fragmented, but the structure ""when prop_1, whenever prop_2"" implies a conditional requirement. However, the most standard LTL interpretation of ""whenever prop_2"" is G(prop_2 -> prop_2) which is a tautology. If the intent is ""If prop_1 happens, then prop_2 must always hold from then on"", it is G(prop_1 -> G prop_2). Given the phrasing, the most likely intended logic is:",
ARTEMIS,27,"when ( prop_1 ) , whenever ( prop_2 )",prop_1 -> F prop_2,G(prop_1 -> G(prop_2 -> prop_2)),False
ARTEMIS,27,"when ( prop_1 ) , whenever ( prop_2 )",prop_1 -> F prop_2,G(prop_1 -> G(prop_2)),False
ARTEMIS,27,"when ( prop_1 ) , whenever ( prop_2 )",prop_1 -> F prop_2,G(prop_1 -> G(prop_2 -> prop_2)),False
ARTEMIS,27,"when ( prop_1 ) , whenever ( prop_2 )",prop_1 -> F prop_2,G(prop_1 -> G(prop_2)),False
ARTEMIS,27,"when ( prop_1 ) , whenever ( prop_2 )",prop_1 -> F prop_2,G(prop_1 -> G(prop_2)),False
ARTEMIS,27,"when ( prop_1 ) , whenever ( prop_2 )",prop_1 -> F prop_2,G(prop_1 -> G(prop_2 -> prop_2)),False
ARTEMIS,27,"when ( prop_1 ) , whenever ( prop_2 )",prop_1 -> F prop_2,G(prop_1 -> G(prop_2 -> prop_2)),False
ARTEMIS,27,"when ( prop_1 ) , whenever ( prop_2 )",prop_1 -> F prop_2,G(prop_1 -> G(prop_2)),False
ARTEMIS,27,"when ( prop_1 ) , whenever ( prop_2 )",prop_1 -> F prop_2,G(prop_1 -> G(prop_2)),False
ARTEMIS,27,"when ( prop_1 ) , whenever ( prop_2 )",prop_1 -> F prop_2,G(prop_1 -> G(prop_2)),False
ARTEMIS,27,"when ( prop_1 ) , whenever ( prop_2 )",prop_1 -> F prop_2,G(prop_1 -> G(prop_2)),False
ARTEMIS,27,"when ( prop_1 ) , whenever ( prop_2 )",prop_1 -> F prop_2,G(prop_1 -> G(prop_2)),False
ARTEMIS,27,"when ( prop_1 ) , whenever ( prop_2 )",prop_1 -> F prop_2,G(prop_1 -> G(prop_2 -> prop_2)),False
ARTEMIS,27,"when ( prop_1 ) , whenever ( prop_2 )",prop_1 -> F prop_2,G(prop_1 -> G(prop_2)),False
ARTEMIS,27,"when ( prop_1 ) , whenever ( prop_2 )",prop_1 -> F prop_2,G(prop_1 -> G(prop_2 -> prop_2)),False
ARTEMIS,27,"when ( prop_1 ) , whenever ( prop_2 )",prop_1 -> F prop_2,G(prop_1 -> G(prop_2)),False
ARTEMIS,27,"when ( prop_1 ) , whenever ( prop_2 )",prop_1 -> F prop_2,G(prop_1 -> G(prop_2 -> prop_2)),False
ARTEMIS,27,"when ( prop_1 ) , whenever ( prop_2 )",prop_1 -> F prop_2,G(prop_2 -> prop_1),False
ARTEMIS,27,"when ( prop_1 ) , whenever ( prop_2 )",prop_1 -> F prop_2,G(prop_1 -> G(prop_2)),False
ARTEMIS,27,"when ( prop_1 ) , whenever ( prop_2 )",prop_1 -> F prop_2,G(prop_1 -> G(prop_2 -> prop_2)),False
ARTEMIS,27,"when ( prop_1 ) , whenever ( prop_2 )",prop_1 -> F prop_2,G(prop_1 -> G(prop_2 -> prop_2)),False
ARTEMIS,27,"when ( prop_1 ) , whenever ( prop_2 )",prop_1 -> F prop_2,G(prop_1 -> G(prop_2 -> prop_2)),False
ARTEMIS,27,"when ( prop_1 ) , whenever ( prop_2 )",prop_1 -> F prop_2,G(prop_1 -> G(prop_2 -> prop_2)),False
ARTEMIS,27,"when ( prop_1 ) , whenever ( prop_2 )",prop_1 -> F prop_2,G(prop_1 -> G(prop_2)),False
ARTEMIS,27,"when ( prop_1 ) , whenever ( prop_2 )",prop_1 -> F prop_2,G(prop_1 -> G(prop_2 -> prop_2)),False
ARTEMIS,27,"when ( prop_1 ) , whenever ( prop_2 )",prop_1 -> F prop_2,G(prop_1 -> G(prop_2)),False
ARTEMIS,27,"when ( prop_1 ) , whenever ( prop_2 )",prop_1 -> F prop_2,G(prop_1 -> G(prop_2 -> prop_2)),False
ARTEMIS,27,"when ( prop_1 ) , whenever ( prop_2 )",prop_1 -> F prop_2,G(prop_1 -> G(prop_2 -> prop_2)),False
ARTEMIS,27,"when ( prop_1 ) , whenever ( prop_2 )",prop_1 -> F prop_2,G(prop_1 -> G(prop_2 -> prop_2)),False
ARTEMIS,27,"when ( prop_1 ) , whenever ( prop_2 )",prop_1 -> F prop_2,G(prop_1 -> G(prop_2)),False
ARTEMIS,27,"when ( prop_1 ) , whenever ( prop_2 )",prop_1 -> F prop_2,G(prop_1 -> G(prop_2 -> prop_2)),False
ARTEMIS,27,"when ( prop_1 ) , whenever ( prop_2 )",prop_1 -> F prop_2,G(prop_1 -> G(prop_2 -> prop_2)),False
ARTEMIS,27,"when ( prop_1 ) , whenever ( prop_2 )",prop_1 -> F prop_2,G(prop_1 -> G(prop_2 -> prop_2)),False
ARTEMIS,27,"when ( prop_1 ) , whenever ( prop_2 )",prop_1 -> F prop_2,G(prop_1 -> G(prop_2 -> prop_2)),False
ARTEMIS,27,"when ( prop_1 ) , whenever ( prop_2 )",prop_1 -> F prop_2,G(prop_1 -> G(prop_2)),False
ARTEMIS,27,"when ( prop_1 ) , whenever ( prop_2 )",prop_1 -> F prop_2,G(prop_1 -> G(prop_2 -> prop_2)),False
ARTEMIS,27,"when ( prop_1 ) , whenever ( prop_2 )",prop_1 -> F prop_2,"G(prop_1 -> G(prop_2 -> prop_2)) # This is a tautology, but the input is fragmented. More likely interpretation of ""whenever prop_2"" as a requirement triggered by prop_1:",
ARTEMIS,27,"when ( prop_1 ) , whenever ( prop_2 )",prop_1 -> F prop_2,G(prop_1 -> G(prop_2 -> prop_2)),False
ARTEMIS,27,"when ( prop_1 ) , whenever ( prop_2 )",prop_1 -> F prop_2,G(prop_1 -> G(prop_2 -> prop_2)),False
ARTEMIS,27,"when ( prop_1 ) , whenever ( prop_2 )",prop_1 -> F prop_2,G(prop_2 -> prop_1),False
ARTEMIS,27,"when ( prop_1 ) , whenever ( prop_2 )",prop_1 -> F prop_2,G(prop_1 -> G(prop_2)),False
ARTEMIS,27,"when ( prop_1 ) , whenever ( prop_2 )",prop_1 -> F prop_2,G(prop_1 -> G(prop_2 -> prop_2)),False
ARTEMIS,27,"when ( prop_1 ) , whenever ( prop_2 )",prop_1 -> F prop_2,G(prop_1 -> G(prop_2 -> prop_2)),False
ARTEMIS,27,"when ( prop_1 ) , whenever ( prop_2 )",prop_1 -> F prop_2,G(prop_1 -> G(prop_2)),False
ARTEMIS,27,"when ( prop_1 ) , whenever ( prop_2 )",prop_1 -> F prop_2,G(prop_1 -> G(prop_2 -> prop_2)),False
ARTEMIS,27,"when ( prop_1 ) , whenever ( prop_2 )",prop_1 -> F prop_2,G(prop_1 -> G(prop_2)),False
ARTEMIS,27,"when ( prop_1 ) , whenever ( prop_2 )",prop_1 -> F prop_2,"G(prop_1 -> G(prop_2 -> prop_2)) # This is logically simplified, but based on the prompt ""when prop_1, whenever prop_2"", it suggests a conditional temporal requirement. However, ""whenever prop_2"" is typically G(prop_2 -> prop_2) or simply G(prop_2). A more accurate translation for ""When prop_1 happens, then from then on, whenever prop_2 happens [something happens]"" is missing a consequent. Given the fragmented input, the most likely intended LTL for ""When prop_1, whenever prop_2"" (implying prop_2 must hold whenever prop_1 has occurred) is:",
ARTEMIS,27,"when ( prop_1 ) , whenever ( prop_2 )",prop_1 -> F prop_2,G(prop_1 -> G(prop_2)),False
ARTEMIS,27,"when ( prop_1 ) , whenever ( prop_2 )",prop_1 -> F prop_2,G(prop_1 -> G(prop_2)),False
ARTEMIS,27,"when ( prop_1 ) , whenever ( prop_2 )",prop_1 -> F prop_2,G(prop_2 -> prop_1),False
ARTEMIS,27,"when ( prop_1 ) , whenever ( prop_2 )",prop_1 -> F prop_2,G(prop_1 -> G(prop_2 -> prop_2)),False
ARTEMIS,27,"when ( prop_1 ) , whenever ( prop_2 )",prop_1 -> F prop_2,G(prop_1 -> G(prop_2)),False
ARTEMIS,27,"when ( prop_1 ) , whenever ( prop_2 )",prop_1 -> F prop_2,G(prop_1 -> G(prop_2)),False
ARTEMIS,27,"when ( prop_1 ) , whenever ( prop_2 )",prop_1 -> F prop_2,G(prop_1 -> G(prop_2)),False
ARTEMIS,27,"when ( prop_1 ) , whenever ( prop_2 )",prop_1 -> F prop_2,G(prop_1 -> G(prop_2)),False
ARTEMIS,27,"when ( prop_1 ) , whenever ( prop_2 )",prop_1 -> F prop_2,"G(prop_1 -> G(prop_2 -> prop_2)) # This is a literal translation of the odd phrasing, but the standard interpretation of ""when A, whenever B"" is G(prop_1 -> G(prop_2 -> prop_2)), which simplifies to G(prop_1 -> G(prop_2 -> prop_2)). However, usually, ""whenever"" implies a global implication. Given the phrasing ""when p1, whenever p2"", it most likely means ""if p1 is true, then it must always be the case that if p2 happens, it is true"" (which is tautological) or ""if p1 is true, then p2 must always hold from then on"".",
ARTEMIS,27,"when ( prop_1 ) , whenever ( prop_2 )",prop_1 -> F prop_2,G(prop_2 -> prop_1),False
ARTEMIS,27,"when ( prop_1 ) , whenever ( prop_2 )",prop_1 -> F prop_2,G(prop_1 -> G(prop_2 -> prop_2)),False
ARTEMIS,27,"when ( prop_1 ) , whenever ( prop_2 )",prop_1 -> F prop_2,G(prop_2 -> prop_1),False
ARTEMIS,27,"when ( prop_1 ) , whenever ( prop_2 )",prop_1 -> F prop_2,G(prop_1 -> G(prop_2)),False
ARTEMIS,27,"when ( prop_1 ) , whenever ( prop_2 )",prop_1 -> F prop_2,G(prop_1 -> G(prop_2 -> prop_2)),False
ARTEMIS,27,"when ( prop_1 ) , whenever ( prop_2 )",prop_1 -> F prop_2,G(prop_1 -> G(prop_2 -> prop_2)),False
ARTEMIS,27,"when ( prop_1 ) , whenever ( prop_2 )",prop_1 -> F prop_2,G(prop_1 -> G(prop_2 -> prop_2)),False
ARTEMIS,27,"when ( prop_1 ) , whenever ( prop_2 )",prop_1 -> F prop_2,G(prop_1 -> G(prop_2 -> prop_2)),False
ARTEMIS,27,"when ( prop_1 ) , whenever ( prop_2 )",prop_1 -> F prop_2,G(prop_2 -> prop_1),False
ARTEMIS,27,"when ( prop_1 ) , whenever ( prop_2 )",prop_1 -> F prop_2,G(prop_1 -> G(prop_2)),False
ARTEMIS,27,"when ( prop_1 ) , whenever ( prop_2 )",prop_1 -> F prop_2,G(prop_1 -> G(prop_2 -> prop_2)),False
ARTEMIS,27,"when ( prop_1 ) , whenever ( prop_2 )",prop_1 -> F prop_2,G(prop_2 -> prop_1),False
ARTEMIS,27,"when ( prop_1 ) , whenever ( prop_2 )",prop_1 -> F prop_2,G(prop_1 -> G(prop_2 -> prop_2)),False
ARTEMIS,27,"when ( prop_1 ) , whenever ( prop_2 )",prop_1 -> F prop_2,G(prop_1 -> G(prop_2 -> prop_2)),False
ARTEMIS,27,"when ( prop_1 ) , whenever ( prop_2 )",prop_1 -> F prop_2,G(prop_1 -> G(prop_2 -> prop_2)),False
ARTEMIS,27,"when ( prop_1 ) , whenever ( prop_2 )",prop_1 -> F prop_2,G(prop_1 -> G(prop_2)),False
ARTEMIS,27,"when ( prop_1 ) , whenever ( prop_2 )",prop_1 -> F prop_2,G(prop_1 -> G(prop_2 -> prop_2)),False
ARTEMIS,27,"when ( prop_1 ) , whenever ( prop_2 )",prop_1 -> F prop_2,G(prop_1 -> G(prop_2 -> prop_2)),False
ARTEMIS,27,"when ( prop_1 ) , whenever ( prop_2 )",prop_1 -> F prop_2,G(prop_1 -> G(prop_2)),False
ARTEMIS,27,"when ( prop_1 ) , whenever ( prop_2 )",prop_1 -> F prop_2,G(prop_2 -> prop_1),False
ARTEMIS,27,"when ( prop_1 ) , whenever ( prop_2 )",prop_1 -> F prop_2,G(prop_1 -> G(prop_2 -> prop_2)),False
ARTEMIS,27,"when ( prop_1 ) , whenever ( prop_2 )",prop_1 -> F prop_2,G(prop_1 -> G(prop_2 -> prop_2)),False
ARTEMIS,27,"when ( prop_1 ) , whenever ( prop_2 )",prop_1 -> F prop_2,G(prop_2 -> prop_1),False
ARTEMIS,27,"when ( prop_1 ) , whenever ( prop_2 )",prop_1 -> F prop_2,G(prop_1 -> G(prop_2)),False
ARTEMIS,27,"when ( prop_1 ) , whenever ( prop_2 )",prop_1 -> F prop_2,G(prop_1 -> G(prop_2 -> prop_2)),False
ARTEMIS,27,"when ( prop_1 ) , whenever ( prop_2 )",prop_1 -> F prop_2,G(prop_1 -> G(prop_2 -> prop_2)),False
ARTEMIS,27,"when ( prop_1 ) , whenever ( prop_2 )",prop_1 -> F prop_2,G(prop_2 -> prop_1),False
ARTEMIS,27,"when ( prop_1 ) , whenever ( prop_2 )",prop_1 -> F prop_2,G(prop_1 -> G(prop_2 -> prop_2)),False
ARTEMIS,27,"when ( prop_1 ) , whenever ( prop_2 )",prop_1 -> F prop_2,G(prop_2 -> prop_1),False
ARTEMIS,27,"when ( prop_1 ) , whenever ( prop_2 )",prop_1 -> F prop_2,G(prop_1 -> G(prop_2)),False
ARTEMIS,27,"when ( prop_1 ) , whenever ( prop_2 )",prop_1 -> F prop_2,G(prop_1 -> G(prop_2 -> prop_2)),False
ARTEMIS,27,"when ( prop_1 ) , whenever ( prop_2 )",prop_1 -> F prop_2,G(prop_1 -> G(prop_2 -> prop_2)),False
ARTEMIS,27,"when ( prop_1 ) , whenever ( prop_2 )",prop_1 -> F prop_2,G(prop_1 -> G(prop_2 -> prop_2)),False
ARTEMIS,27,"when ( prop_1 ) , whenever ( prop_2 )",prop_1 -> F prop_2,G(prop_1 -> G(prop_2 -> prop_2)),False
ARTEMIS,27,"when ( prop_1 ) , whenever ( prop_2 )",prop_1 -> F prop_2,G(prop_1 -> G(prop_2 -> prop_2)),False
ARTEMIS,27,"when ( prop_1 ) , whenever ( prop_2 )",prop_1 -> F prop_2,G(prop_1 -> G(prop_2 -> prop_2)),False
ARTEMIS,27,"when ( prop_1 ) , whenever ( prop_2 )",prop_1 -> F prop_2,G(prop_1 -> G(prop_2 -> prop_2)),False
ARTEMIS,27,"when ( prop_1 ) , whenever ( prop_2 )",prop_1 -> F prop_2,G(prop_1 -> G(prop_2)),False
ARTEMIS,27,"when ( prop_1 ) , whenever ( prop_2 )",prop_1 -> F prop_2,G(prop_1 -> G(prop_2)),False
ARTEMIS,30,forever ( prop_1 ) and whenever ( prop_2 ),G(prop_1 & F prop_2),G(prop_1) & G(prop_2 -> prop_2),False
ARTEMIS,30,forever ( prop_1 ) and whenever ( prop_2 ),G(prop_1 & F prop_2),"G(prop_1) & G(prop_2 -> prop_2) # Wait, ""whenever"" usually implies a trigger. However, ""whenever prop_2"" without a consequence is logically ambiguous. In LTL, ""whenever p, q"" is G(p -> q). If only ""whenever prop_2"" is provided, it typically implies the property prop_2 must hold, or it is an incomplete statement. But looking at the structure ""forever (prop_1) and whenever (prop_2)"", it most likely means both must be globally true.",
ARTEMIS,30,forever ( prop_1 ) and whenever ( prop_2 ),G(prop_1 & F prop_2),G(prop_1) & G(prop_2 -> prop_2),False
ARTEMIS,30,forever ( prop_1 ) and whenever ( prop_2 ),G(prop_1 & F prop_2),G(prop_1) & G(prop_2 -> prop_2),False
ARTEMIS,30,forever ( prop_1 ) and whenever ( prop_2 ),G(prop_1 & F prop_2),G(prop_1) & G(prop_2 -> prop_2),False
ARTEMIS,30,forever ( prop_1 ) and whenever ( prop_2 ),G(prop_1 & F prop_2),G(prop_1) & G(prop_2 -> prop_2),False
ARTEMIS,30,forever ( prop_1 ) and whenever ( prop_2 ),G(prop_1 & F prop_2),"G(prop_1) & G(prop_2 -> prop_2) # Wait, ""whenever prop_2"" is an incomplete phrase. Usually, ""whenever p, q"" means G(p -> q). However, if the input is literally ""forever (prop_1) and whenever (prop_2)"", and prop_2 is just a condition without a consequence, the most logical interpretation of a standalone ""whenever prop_2"" in a requirement context is that prop_2 must always hold or eventually hold. But looking at the structure ""forever (prop_1) and whenever (prop_2)"", it's likely a typo for ""forever (prop_1) and forever (prop_2)"". If interpreted as a simple conjunction of global properties:",
ARTEMIS,30,forever ( prop_1 ) and whenever ( prop_2 ),G(prop_1 & F prop_2),G(prop_1) & G(prop_2 -> prop_2),False
ARTEMIS,30,forever ( prop_1 ) and whenever ( prop_2 ),G(prop_1 & F prop_2),G(prop_1) & G(prop_2 -> prop_2),False
ARTEMIS,30,forever ( prop_1 ) and whenever ( prop_2 ),G(prop_1 & F prop_2),"G(prop_1) & G(prop_2 -> prop_2) # This is logically G(prop_1) & G(prop_2) if 'whenever' implies it must stay true, but typically 'whenever' denotes a conditional trigger. However, looking at the input ""forever ( prop_1 ) and whenever ( prop_2 )"", the latter part is an incomplete conditional. In LTL translation for ""whenever P"", if no consequence is provided, it usually implies G(prop_2).",
ARTEMIS,30,forever ( prop_1 ) and whenever ( prop_2 ),G(prop_1 & F prop_2),G(prop_1) & G(prop_2 -> prop_2),False
ARTEMIS,30,forever ( prop_1 ) and whenever ( prop_2 ),G(prop_1 & F prop_2),G(prop_1) & G(prop_2 -> prop_2),False
ARTEMIS,30,forever ( prop_1 ) and whenever ( prop_2 ),G(prop_1 & F prop_2),"G(prop_1) & G(prop_2 -> prop_2) # Wait, ""whenever"" usually implies a response or condition. Let's re-evaluate ""whenever (prop_2)"". In LTL, ""whenever p, q"" is G(p -> q). However, the input says ""whenever (prop_2)"" without a consequent. In many contexts, this implies the property must hold if the condition is met, but since no consequent is provided, it is often interpreted as the condition itself being a trigger for a state or simply G(prop_2). However, looking at the phrasing ""forever (prop_1) and whenever (prop_2)"", and given the constraint to be parseable, if prop_2 is the only term, ""whenever prop_2"" is logically equivalent to G(prop_2) if it's intended as a requirement.",
ARTEMIS,30,forever ( prop_1 ) and whenever ( prop_2 ),G(prop_1 & F prop_2),G(prop_1) & G(prop_2 -> prop_2),False
ARTEMIS,30,forever ( prop_1 ) and whenever ( prop_2 ),G(prop_1 & F prop_2),G(prop_1) & G(prop_2 -> prop_2),False
ARTEMIS,30,forever ( prop_1 ) and whenever ( prop_2 ),G(prop_1 & F prop_2),G(prop_1) & G(prop_2 -> prop_2),False
ARTEMIS,30,forever ( prop_1 ) and whenever ( prop_2 ),G(prop_1 & F prop_2),"G(prop_1) & G(prop_2 -> prop_2) # Wait, ""whenever"" usually implies a response or a condition. However, the phrasing ""whenever (prop_2)"" is incomplete. In standard LTL translation for ""whenever p, q"", it is G(p -> q). But here, it just says ""whenever (prop_2)"". Usually, this implies prop_2 is a condition for something else, but since no consequence is provided, it most likely means ""always prop_2"" or is a malformed request for G(prop_2). Let's look at the logic: ""forever prop_1"" is G(prop_1). ""whenever prop_2"" without a consequence is typically interpreted as G(prop_2) in simplified logic tasks or is a typo for G(prop_2 -> ...). Given the constraints, G(prop_1) & G(prop_2) is the most logical translation for the provided string.",
ARTEMIS,30,forever ( prop_1 ) and whenever ( prop_2 ),G(prop_1 & F prop_2),"G(prop_1) & G(prop_2 -> prop_2) # Wait, ""whenever prop_2"" is usually an incomplete clause implying it triggers something. However, based on the literal phrasing provided:",
ARTEMIS,30,forever ( prop_1 ) and whenever ( prop_2 ),G(prop_1 & F prop_2),G(prop_1) & G(prop_2 -> prop_2),False
ARTEMIS,30,forever ( prop_1 ) and whenever ( prop_2 ),G(prop_1 & F prop_2),G(prop_1) & G(prop_2 -> prop_2),False
ARTEMIS,30,forever ( prop_1 ) and whenever ( prop_2 ),G(prop_1 & F prop_2),G(prop_1) & G(prop_2 -> prop_2),False
ARTEMIS,30,forever ( prop_1 ) and whenever ( prop_2 ),G(prop_1 & F prop_2),G(prop_1) & G(prop_2 -> prop_2),False
ARTEMIS,30,forever ( prop_1 ) and whenever ( prop_2 ),G(prop_1 & F prop_2),G(prop_1) & G(prop_2 -> prop_2),False
ARTEMIS,30,forever ( prop_1 ) and whenever ( prop_2 ),G(prop_1 & F prop_2),G(prop_1) & G(prop_2 -> prop_2),False
ARTEMIS,30,forever ( prop_1 ) and whenever ( prop_2 ),G(prop_1 & F prop_2),G(prop_1) & G(prop_2 -> prop_2),False
ARTEMIS,30,forever ( prop_1 ) and whenever ( prop_2 ),G(prop_1 & F prop_2),G(prop_1) & G(prop_2 -> prop_2),False
ARTEMIS,30,forever ( prop_1 ) and whenever ( prop_2 ),G(prop_1 & F prop_2),G(prop_1) & G(prop_2 -> prop_2),False
ARTEMIS,30,forever ( prop_1 ) and whenever ( prop_2 ),G(prop_1 & F prop_2),G(prop_1) & G(prop_2 -> prop_2),False
ARTEMIS,30,forever ( prop_1 ) and whenever ( prop_2 ),G(prop_1 & F prop_2),G(prop_1) & G(prop_2 -> prop_2),False
ARTEMIS,30,forever ( prop_1 ) and whenever ( prop_2 ),G(prop_1 & F prop_2),G(prop_1) & G(prop_2 -> prop_2),False
ARTEMIS,30,forever ( prop_1 ) and whenever ( prop_2 ),G(prop_1 & F prop_2),G(prop_1) & G(prop_2 -> prop_2),False
ARTEMIS,30,forever ( prop_1 ) and whenever ( prop_2 ),G(prop_1 & F prop_2),G(prop_1) & G(prop_2 -> prop_2),False
ARTEMIS,30,forever ( prop_1 ) and whenever ( prop_2 ),G(prop_1 & F prop_2),G(prop_1) & G(prop_2 -> prop_2),False
ARTEMIS,30,forever ( prop_1 ) and whenever ( prop_2 ),G(prop_1 & F prop_2),G(prop_1) & G(prop_2 -> prop_2),False
ARTEMIS,30,forever ( prop_1 ) and whenever ( prop_2 ),G(prop_1 & F prop_2),G(prop_1) & G(prop_2 -> prop_2),False
ARTEMIS,30,forever ( prop_1 ) and whenever ( prop_2 ),G(prop_1 & F prop_2),G(prop_1) & G(prop_2 -> prop_2),False
ARTEMIS,30,forever ( prop_1 ) and whenever ( prop_2 ),G(prop_1 & F prop_2),G(prop_1) & G(prop_2 -> prop_2),False
ARTEMIS,30,forever ( prop_1 ) and whenever ( prop_2 ),G(prop_1 & F prop_2),G(prop_1) & G(prop_2 -> prop_2),False
ARTEMIS,30,forever ( prop_1 ) and whenever ( prop_2 ),G(prop_1 & F prop_2),G(prop_1) & G(prop_2 -> prop_2),False
ARTEMIS,30,forever ( prop_1 ) and whenever ( prop_2 ),G(prop_1 & F prop_2),G(prop_1) & G(prop_2 -> prop_2),False
ARTEMIS,30,forever ( prop_1 ) and whenever ( prop_2 ),G(prop_1 & F prop_2),G(prop_1) & G(prop_2 -> prop_2),False
ARTEMIS,30,forever ( prop_1 ) and whenever ( prop_2 ),G(prop_1 & F prop_2),G(prop_1) & G(prop_2 -> prop_2),False
ARTEMIS,30,forever ( prop_1 ) and whenever ( prop_2 ),G(prop_1 & F prop_2),"G(prop_1) & G(prop_2 -> prop_2) # Note: ""whenever prop_2"" usually implies a consequence; however, since no consequence is provided, it is interpreted as the persistence of prop_2 or simply G(prop_1) & G(prop_2). More accurately, ""whenever prop_2"" in a vacuum usually suggests a trigger. But given the prompt ""forever (prop_1) and whenever (prop_2)"", the most logical LTL translation for ""whenever prop_2"" without a consequent is simply G(prop_2).",
ARTEMIS,30,forever ( prop_1 ) and whenever ( prop_2 ),G(prop_1 & F prop_2),G(prop_1) & G(prop_2 -> prop_2),False
ARTEMIS,30,forever ( prop_1 ) and whenever ( prop_2 ),G(prop_1 & F prop_2),G(prop_1) & G(prop_2 -> prop_2),False
ARTEMIS,30,forever ( prop_1 ) and whenever ( prop_2 ),G(prop_1 & F prop_2),G(prop_1) & G(prop_2 -> prop_2),False
ARTEMIS,30,forever ( prop_1 ) and whenever ( prop_2 ),G(prop_1 & F prop_2),G(prop_1) & G(prop_2 -> prop_2),False
ARTEMIS,30,forever ( prop_1 ) and whenever ( prop_2 ),G(prop_1 & F prop_2),G(prop_1) & G(prop_2 -> prop_2),False
ARTEMIS,30,forever ( prop_1 ) and whenever ( prop_2 ),G(prop_1 & F prop_2),G(prop_1) & G(prop_2 -> prop_2),False
ARTEMIS,30,forever ( prop_1 ) and whenever ( prop_2 ),G(prop_1 & F prop_2),G(prop_1) & G(prop_2 -> prop_2),False
ARTEMIS,30,forever ( prop_1 ) and whenever ( prop_2 ),G(prop_1 & F prop_2),G(prop_1) & G(prop_2 -> prop_2),False
ARTEMIS,30,forever ( prop_1 ) and whenever ( prop_2 ),G(prop_1 & F prop_2),"G(prop_1) & G(prop_2 -> prop_2) # Note: ""Whenever prop_2"" usually implies an implication or a trigger, but as a standalone clause ""whenever prop_2"" in this context often maps to the presence of the property or a tautology if no consequence is given. However, standard LTL translation for ""whenever p, q"" is G(p -> q). Since no consequence is provided for prop_2, it is interpreted as the property being maintained. Given the prompt structure:",
ARTEMIS,30,forever ( prop_1 ) and whenever ( prop_2 ),G(prop_1 & F prop_2),G(prop_1) & G(prop_2 -> prop_2),False
ARTEMIS,30,forever ( prop_1 ) and whenever ( prop_2 ),G(prop_1 & F prop_2),G(prop_1) & G(prop_2 -> prop_2),False
ARTEMIS,30,forever ( prop_1 ) and whenever ( prop_2 ),G(prop_1 & F prop_2),G(prop_1) & G(prop_2 -> prop_2),False
ARTEMIS,30,forever ( prop_1 ) and whenever ( prop_2 ),G(prop_1 & F prop_2),G(prop_1) & G(prop_2 -> prop_2),False
ARTEMIS,30,forever ( prop_1 ) and whenever ( prop_2 ),G(prop_1 & F prop_2),G(prop_1) & G(prop_2 -> prop_2),False
ARTEMIS,30,forever ( prop_1 ) and whenever ( prop_2 ),G(prop_1 & F prop_2),G(prop_1) & G(prop_2 -> prop_2),False
ARTEMIS,30,forever ( prop_1 ) and whenever ( prop_2 ),G(prop_1 & F prop_2),G(prop_1) & G(prop_2 -> prop_2),False
ARTEMIS,30,forever ( prop_1 ) and whenever ( prop_2 ),G(prop_1 & F prop_2),G(prop_1) & G(prop_2 -> prop_2),False
ARTEMIS,30,forever ( prop_1 ) and whenever ( prop_2 ),G(prop_1 & F prop_2),G(prop_1) & G(prop_2 -> prop_2),False
ARTEMIS,30,forever ( prop_1 ) and whenever ( prop_2 ),G(prop_1 & F prop_2),G(prop_1) & G(prop_2 -> prop_2),False
ARTEMIS,30,forever ( prop_1 ) and whenever ( prop_2 ),G(prop_1 & F prop_2),G(prop_1) & G(prop_2 -> prop_2),False
ARTEMIS,30,forever ( prop_1 ) and whenever ( prop_2 ),G(prop_1 & F prop_2),G(prop_1) & G(prop_2 -> prop_2),False
ARTEMIS,30,forever ( prop_1 ) and whenever ( prop_2 ),G(prop_1 & F prop_2),G(prop_1) & G(prop_2 -> prop_2),False
ARTEMIS,30,forever ( prop_1 ) and whenever ( prop_2 ),G(prop_1 & F prop_2),G(prop_1) & G(prop_2 -> prop_2),False
ARTEMIS,30,forever ( prop_1 ) and whenever ( prop_2 ),G(prop_1 & F prop_2),G(prop_1) & G(prop_2 -> prop_2),False
ARTEMIS,30,forever ( prop_1 ) and whenever ( prop_2 ),G(prop_1 & F prop_2),G(prop_1) & G(prop_2 -> prop_2),False
ARTEMIS,30,forever ( prop_1 ) and whenever ( prop_2 ),G(prop_1 & F prop_2),G(prop_1) & G(prop_2 -> prop_2),False
ARTEMIS,30,forever ( prop_1 ) and whenever ( prop_2 ),G(prop_1 & F prop_2),G(prop_1) & G(prop_2 -> prop_2),False
ARTEMIS,30,forever ( prop_1 ) and whenever ( prop_2 ),G(prop_1 & F prop_2),G(prop_1) & G(prop_2 -> prop_2),False
ARTEMIS,30,forever ( prop_1 ) and whenever ( prop_2 ),G(prop_1 & F prop_2),G(prop_1) & G(prop_2 -> prop_2),False
ARTEMIS,30,forever ( prop_1 ) and whenever ( prop_2 ),G(prop_1 & F prop_2),G(prop_1) & G(prop_2 -> prop_2),False
ARTEMIS,30,forever ( prop_1 ) and whenever ( prop_2 ),G(prop_1 & F prop_2),G(prop_1) & G(prop_2 -> prop_2),False
ARTEMIS,30,forever ( prop_1 ) and whenever ( prop_2 ),G(prop_1 & F prop_2),G(prop_1) & G(prop_2 -> prop_2),False
ARTEMIS,30,forever ( prop_1 ) and whenever ( prop_2 ),G(prop_1 & F prop_2),G(prop_1) & G(prop_2 -> prop_2),False
ARTEMIS,30,forever ( prop_1 ) and whenever ( prop_2 ),G(prop_1 & F prop_2),G(prop_1) & G(prop_2 -> prop_2),False
ARTEMIS,30,forever ( prop_1 ) and whenever ( prop_2 ),G(prop_1 & F prop_2),G(prop_1) & G(prop_2 -> prop_2),False
ARTEMIS,30,forever ( prop_1 ) and whenever ( prop_2 ),G(prop_1 & F prop_2),G(prop_1) & G(prop_2 -> prop_2),False
ARTEMIS,30,forever ( prop_1 ) and whenever ( prop_2 ),G(prop_1 & F prop_2),G(prop_1) & G(prop_2 -> prop_2),False
ARTEMIS,30,forever ( prop_1 ) and whenever ( prop_2 ),G(prop_1 & F prop_2),G(prop_1) & G(prop_2 -> prop_2),False
ARTEMIS,30,forever ( prop_1 ) and whenever ( prop_2 ),G(prop_1 & F prop_2),G(prop_1) & G(prop_2 -> prop_2),False
ARTEMIS,30,forever ( prop_1 ) and whenever ( prop_2 ),G(prop_1 & F prop_2),G(prop_1) & G(prop_2 -> prop_2),False
ARTEMIS,30,forever ( prop_1 ) and whenever ( prop_2 ),G(prop_1 & F prop_2),G(prop_1) & G(prop_2 -> prop_2),False
ARTEMIS,30,forever ( prop_1 ) and whenever ( prop_2 ),G(prop_1 & F prop_2),G(prop_1) & G(prop_2 -> prop_2),False
ARTEMIS,30,forever ( prop_1 ) and whenever ( prop_2 ),G(prop_1 & F prop_2),G(prop_1) & G(prop_2 -> prop_2),False
ARTEMIS,30,forever ( prop_1 ) and whenever ( prop_2 ),G(prop_1 & F prop_2),G(prop_1) & G(prop_2 -> prop_2),False
ARTEMIS,30,forever ( prop_1 ) and whenever ( prop_2 ),G(prop_1 & F prop_2),G(prop_1) & G(prop_2 -> prop_2),False
ARTEMIS,30,forever ( prop_1 ) and whenever ( prop_2 ),G(prop_1 & F prop_2),G(prop_1) & G(prop_2 -> prop_2),False
ARTEMIS,30,forever ( prop_1 ) and whenever ( prop_2 ),G(prop_1 & F prop_2),G(prop_1) & G(prop_2 -> prop_2),False
ARTEMIS,30,forever ( prop_1 ) and whenever ( prop_2 ),G(prop_1 & F prop_2),G(prop_1) & G(prop_2 -> prop_2),False
ARTEMIS,30,forever ( prop_1 ) and whenever ( prop_2 ),G(prop_1 & F prop_2),G(prop_1) & G(prop_2 -> prop_2),False
ARTEMIS,30,forever ( prop_1 ) and whenever ( prop_2 ),G(prop_1 & F prop_2),G(prop_1) & G(prop_2 -> prop_2),False
ARTEMIS,30,forever ( prop_1 ) and whenever ( prop_2 ),G(prop_1 & F prop_2),G(prop_1) & G(prop_2 -> prop_2),False
ARTEMIS,30,forever ( prop_1 ) and whenever ( prop_2 ),G(prop_1 & F prop_2),G(prop_1) & G(prop_2 -> prop_2),False
ARTEMIS,30,forever ( prop_1 ) and whenever ( prop_2 ),G(prop_1 & F prop_2),G(prop_1) & G(prop_2 -> prop_2),False
ARTEMIS,30,forever ( prop_1 ) and whenever ( prop_2 ),G(prop_1 & F prop_2),G(prop_1) & G(prop_2 -> prop_2),False
ARTEMIS,30,forever ( prop_1 ) and whenever ( prop_2 ),G(prop_1 & F prop_2),G(prop_1) & G(prop_2 -> prop_2),False
ARTEMIS,30,forever ( prop_1 ) and whenever ( prop_2 ),G(prop_1 & F prop_2),G(prop_1) & G(prop_2 -> prop_2),False
ARTEMIS,30,forever ( prop_1 ) and whenever ( prop_2 ),G(prop_1 & F prop_2),G(prop_1) & G(prop_2 -> prop_2),False
ARTEMIS,33,Pick up traffic_cone_5 from street_4 and subsequently place it in intersection_6,F(street_4 & F(p_traffic_cone_5 & F(intersection_6 & pd))),F(pd & p_traffic_cone_5 & street_4 & F(pd & p_traffic_cone_5 & intersection_6)),False
ARTEMIS,33,Pick up traffic_cone_5 from street_4 and subsequently place it in intersection_6,F(street_4 & F(p_traffic_cone_5 & F(intersection_6 & pd))),F(pd & p_traffic_cone_5 & street_4 & F(pd & p_traffic_cone_5 & intersection_6)),False
ARTEMIS,33,Pick up traffic_cone_5 from street_4 and subsequently place it in intersection_6,F(street_4 & F(p_traffic_cone_5 & F(intersection_6 & pd))),F(pd & street_4 & p_traffic_cone_5 & F(pd & intersection_6 & p_traffic_cone_5)),False
ARTEMIS,33,Pick up traffic_cone_5 from street_4 and subsequently place it in intersection_6,F(street_4 & F(p_traffic_cone_5 & F(intersection_6 & pd))),F(p_traffic_cone_5 & street_4 & pd) & F(F(p_traffic_cone_5 & street_4 & pd) & (p_traffic_cone_5 & intersection_6 & pd)),False
ARTEMIS,33,Pick up traffic_cone_5 from street_4 and subsequently place it in intersection_6,F(street_4 & F(p_traffic_cone_5 & F(intersection_6 & pd))),F(pd & street_4 & p_traffic_cone_5 & F(pd & intersection_6 & p_traffic_cone_5)),False
ARTEMIS,33,Pick up traffic_cone_5 from street_4 and subsequently place it in intersection_6,F(street_4 & F(p_traffic_cone_5 & F(intersection_6 & pd))),F(pd & p_traffic_cone_5 & street_4 & F(pd & p_traffic_cone_5 & intersection_6)),False
ARTEMIS,33,Pick up traffic_cone_5 from street_4 and subsequently place it in intersection_6,F(street_4 & F(p_traffic_cone_5 & F(intersection_6 & pd))),F(pd & p_traffic_cone_5 & street_4 & F(pd & p_traffic_cone_5 & intersection_6)),False
ARTEMIS,33,Pick up traffic_cone_5 from street_4 and subsequently place it in intersection_6,F(street_4 & F(p_traffic_cone_5 & F(intersection_6 & pd))),F(p_traffic_cone_5 & street_4 & pd) & F(F(p_traffic_cone_5 & street_4 & pd) & (p_traffic_cone_5 & intersection_6 & pd)),False
ARTEMIS,33,Pick up traffic_cone_5 from street_4 and subsequently place it in intersection_6,F(street_4 & F(p_traffic_cone_5 & F(intersection_6 & pd))),F(pd & street_4 & p_traffic_cone_5 & F(pd & intersection_6 & p_traffic_cone_5)),False
ARTEMIS,33,Pick up traffic_cone_5 from street_4 and subsequently place it in intersection_6,F(street_4 & F(p_traffic_cone_5 & F(intersection_6 & pd))),F(pd & street_4 & p_traffic_cone_5 & F(pd & intersection_6 & p_traffic_cone_5)),False
ARTEMIS,33,Pick up traffic_cone_5 from street_4 and subsequently place it in intersection_6,F(street_4 & F(p_traffic_cone_5 & F(intersection_6 & pd))),F(pd & p_traffic_cone_5 & street_4 & F(pd & p_traffic_cone_5 & intersection_6)),False
ARTEMIS,33,Pick up traffic_cone_5 from street_4 and subsequently place it in intersection_6,F(street_4 & F(p_traffic_cone_5 & F(intersection_6 & pd))),F(pd & street_4 & p_traffic_cone_5 & F(pd & intersection_6 & p_traffic_cone_5)),False
ARTEMIS,33,Pick up traffic_cone_5 from street_4 and subsequently place it in intersection_6,F(street_4 & F(p_traffic_cone_5 & F(intersection_6 & pd))),F(pd & p_traffic_cone_5 & street_4 & F(pd & p_traffic_cone_5 & intersection_6)),False
ARTEMIS,33,Pick up traffic_cone_5 from street_4 and subsequently place it in intersection_6,F(street_4 & F(p_traffic_cone_5 & F(intersection_6 & pd))),F(p_traffic_cone_5 & street_4 & pd) & F(F(p_traffic_cone_5 & street_4 & pd) -> F(p_traffic_cone_5 & intersection_6 & pd)),False
ARTEMIS,33,Pick up traffic_cone_5 from street_4 and subsequently place it in intersection_6,F(street_4 & F(p_traffic_cone_5 & F(intersection_6 & pd))),F(p_traffic_cone_5 & street_4 & pd & F(p_traffic_cone_5 & intersection_6 & pd)),False
ARTEMIS,33,Pick up traffic_cone_5 from street_4 and subsequently place it in intersection_6,F(street_4 & F(p_traffic_cone_5 & F(intersection_6 & pd))),F(pd & street_4 & p_traffic_cone_5 & F(pd & intersection_6 & p_traffic_cone_5)),False
ARTEMIS,33,Pick up traffic_cone_5 from street_4 and subsequently place it in intersection_6,F(street_4 & F(p_traffic_cone_5 & F(intersection_6 & pd))),F(p_traffic_cone_5 & street_4 & pd) & F(F(p_traffic_cone_5 & street_4 & pd) & (p_traffic_cone_5 & intersection_6 & pd)),False
ARTEMIS,33,Pick up traffic_cone_5 from street_4 and subsequently place it in intersection_6,F(street_4 & F(p_traffic_cone_5 & F(intersection_6 & pd))),F(p_traffic_cone_5 & street_4 & pd & F(p_traffic_cone_5 & intersection_6 & pd)),False
ARTEMIS,33,Pick up traffic_cone_5 from street_4 and subsequently place it in intersection_6,F(street_4 & F(p_traffic_cone_5 & F(intersection_6 & pd))),F(pd & p_traffic_cone_5 & street_4 & F(pd & p_traffic_cone_5 & intersection_6)),False
ARTEMIS,33,Pick up traffic_cone_5 from street_4 and subsequently place it in intersection_6,F(street_4 & F(p_traffic_cone_5 & F(intersection_6 & pd))),F(p_traffic_cone_5 & street_4 & pd & F(p_traffic_cone_5 & intersection_6 & pd)),False
ARTEMIS,33,Pick up traffic_cone_5 from street_4 and subsequently place it in intersection_6,F(street_4 & F(p_traffic_cone_5 & F(intersection_6 & pd))),F(pd & street_4 & p_traffic_cone_5 & F(pd & intersection_6 & p_traffic_cone_5)),False
ARTEMIS,33,Pick up traffic_cone_5 from street_4 and subsequently place it in intersection_6,F(street_4 & F(p_traffic_cone_5 & F(intersection_6 & pd))),F(p_traffic_cone_5 & street_4 & pd & F(p_traffic_cone_5 & intersection_6 & pd)),False
ARTEMIS,33,Pick up traffic_cone_5 from street_4 and subsequently place it in intersection_6,F(street_4 & F(p_traffic_cone_5 & F(intersection_6 & pd))),F(p_traffic_cone_5 & street_4 & pd) & F(F(p_traffic_cone_5 & street_4 & pd) & (p_traffic_cone_5 & intersection_6 & pd)),False
ARTEMIS,33,Pick up traffic_cone_5 from street_4 and subsequently place it in intersection_6,F(street_4 & F(p_traffic_cone_5 & F(intersection_6 & pd))),F(pd & street_4 & p_traffic_cone_5 & F(pd & intersection_6 & p_traffic_cone_5)),False
ARTEMIS,33,Pick up traffic_cone_5 from street_4 and subsequently place it in intersection_6,F(street_4 & F(p_traffic_cone_5 & F(intersection_6 & pd))),F(pd & street_4 & p_traffic_cone_5 & F(pd & intersection_6 & p_traffic_cone_5)),False
ARTEMIS,33,Pick up traffic_cone_5 from street_4 and subsequently place it in intersection_6,F(street_4 & F(p_traffic_cone_5 & F(intersection_6 & pd))),F(pd & p_traffic_cone_5 & street_4 & F(pd & p_traffic_cone_5 & intersection_6)),False
ARTEMIS,33,Pick up traffic_cone_5 from street_4 and subsequently place it in intersection_6,F(street_4 & F(p_traffic_cone_5 & F(intersection_6 & pd))),F(pd & street_4 & p_traffic_cone_5 & F(pd & intersection_6 & p_traffic_cone_5)),False
ARTEMIS,33,Pick up traffic_cone_5 from street_4 and subsequently place it in intersection_6,F(street_4 & F(p_traffic_cone_5 & F(intersection_6 & pd))),F(pd & street_4 & p_traffic_cone_5 & F(pd & intersection_6 & p_traffic_cone_5)),False
ARTEMIS,33,Pick up traffic_cone_5 from street_4 and subsequently place it in intersection_6,F(street_4 & F(p_traffic_cone_5 & F(intersection_6 & pd))),F(pd & street_4 & p_traffic_cone_5 & F(pd & intersection_6 & p_traffic_cone_5)),False
ARTEMIS,33,Pick up traffic_cone_5 from street_4 and subsequently place it in intersection_6,F(street_4 & F(p_traffic_cone_5 & F(intersection_6 & pd))),F(p_traffic_cone_5 & street_4 & pd) & F(F(p_traffic_cone_5 & street_4 & pd) & (p_traffic_cone_5 & intersection_6 & pd)),False
ARTEMIS,33,Pick up traffic_cone_5 from street_4 and subsequently place it in intersection_6,F(street_4 & F(p_traffic_cone_5 & F(intersection_6 & pd))),F(pd & p_traffic_cone_5 & street_4 & F(pd & p_traffic_cone_5 & intersection_6)),False
ARTEMIS,33,Pick up traffic_cone_5 from street_4 and subsequently place it in intersection_6,F(street_4 & F(p_traffic_cone_5 & F(intersection_6 & pd))),F(pd & p_traffic_cone_5 & street_4 & F(pd & p_traffic_cone_5 & intersection_6)),False
ARTEMIS,33,Pick up traffic_cone_5 from street_4 and subsequently place it in intersection_6,F(street_4 & F(p_traffic_cone_5 & F(intersection_6 & pd))),F(pd & p_traffic_cone_5 & street_4 & F(pd & p_traffic_cone_5 & intersection_6)),False
ARTEMIS,33,Pick up traffic_cone_5 from street_4 and subsequently place it in intersection_6,F(street_4 & F(p_traffic_cone_5 & F(intersection_6 & pd))),F(pd & street_4 & p_traffic_cone_5 & F(pd & intersection_6 & p_traffic_cone_5)),False
ARTEMIS,33,Pick up traffic_cone_5 from street_4 and subsequently place it in intersection_6,F(street_4 & F(p_traffic_cone_5 & F(intersection_6 & pd))),F(p_traffic_cone_5 & street_4 & pd) & F(F(p_traffic_cone_5 & street_4 & pd) & (p_traffic_cone_5 & intersection_6 & pd)),False
ARTEMIS,33,Pick up traffic_cone_5 from street_4 and subsequently place it in intersection_6,F(street_4 & F(p_traffic_cone_5 & F(intersection_6 & pd))),F(pd & street_4 & p_traffic_cone_5 & F(pd & intersection_6 & p_traffic_cone_5)),False
ARTEMIS,33,Pick up traffic_cone_5 from street_4 and subsequently place it in intersection_6,F(street_4 & F(p_traffic_cone_5 & F(intersection_6 & pd))),F(p_traffic_cone_5 & street_4 & F(p_traffic_cone_5 & intersection_6)),False
ARTEMIS,33,Pick up traffic_cone_5 from street_4 and subsequently place it in intersection_6,F(street_4 & F(p_traffic_cone_5 & F(intersection_6 & pd))),F(pd & street_4 & p_traffic_cone_5 & F(pd & intersection_6 & p_traffic_cone_5)),False
ARTEMIS,33,Pick up traffic_cone_5 from street_4 and subsequently place it in intersection_6,F(street_4 & F(p_traffic_cone_5 & F(intersection_6 & pd))),F(pd & p_traffic_cone_5 & street_4 & F(pd & p_traffic_cone_5 & intersection_6)),False
ARTEMIS,33,Pick up traffic_cone_5 from street_4 and subsequently place it in intersection_6,F(street_4 & F(p_traffic_cone_5 & F(intersection_6 & pd))),F(pd & p_traffic_cone_5 & street_4 & F(pd & p_traffic_cone_5 & intersection_6)),False
ARTEMIS,33,Pick up traffic_cone_5 from street_4 and subsequently place it in intersection_6,F(street_4 & F(p_traffic_cone_5 & F(intersection_6 & pd))),F(pd & street_4 & p_traffic_cone_5 & F(pd & intersection_6 & p_traffic_cone_5)),False
ARTEMIS,33,Pick up traffic_cone_5 from street_4 and subsequently place it in intersection_6,F(street_4 & F(p_traffic_cone_5 & F(intersection_6 & pd))),F(p_traffic_cone_5 & street_4 & pd) & F(F(p_traffic_cone_5 & street_4 & pd) & (p_traffic_cone_5 & intersection_6 & pd)),False
ARTEMIS,33,Pick up traffic_cone_5 from street_4 and subsequently place it in intersection_6,F(street_4 & F(p_traffic_cone_5 & F(intersection_6 & pd))),F(p_traffic_cone_5 & street_4 & pd) & F(F(p_traffic_cone_5 & street_4 & pd) -> F(p_traffic_cone_5 & intersection_6 & pd)),False
ARTEMIS,33,Pick up traffic_cone_5 from street_4 and subsequently place it in intersection_6,F(street_4 & F(p_traffic_cone_5 & F(intersection_6 & pd))),F(pd & street_4 & p_traffic_cone_5 & F(pd & intersection_6 & p_traffic_cone_5)),False
ARTEMIS,33,Pick up traffic_cone_5 from street_4 and subsequently place it in intersection_6,F(street_4 & F(p_traffic_cone_5 & F(intersection_6 & pd))),F(p_traffic_cone_5 & street_4 & pd) & F(F(p_traffic_cone_5 & street_4 & pd) -> F(p_traffic_cone_5 & intersection_6 & pd)),False
ARTEMIS,33,Pick up traffic_cone_5 from street_4 and subsequently place it in intersection_6,F(street_4 & F(p_traffic_cone_5 & F(intersection_6 & pd))),F(pd & street_4 & p_traffic_cone_5 & F(pd & intersection_6 & p_traffic_cone_5)),False
ARTEMIS,33,Pick up traffic_cone_5 from street_4 and subsequently place it in intersection_6,F(street_4 & F(p_traffic_cone_5 & F(intersection_6 & pd))),F(pd & street_4 & p_traffic_cone_5 & F(pd & intersection_6 & p_traffic_cone_5)),False
ARTEMIS,33,Pick up traffic_cone_5 from street_4 and subsequently place it in intersection_6,F(street_4 & F(p_traffic_cone_5 & F(intersection_6 & pd))),F(pd & p_traffic_cone_5 & street_4 & F(pd & p_traffic_cone_5 & intersection_6)),False
ARTEMIS,33,Pick up traffic_cone_5 from street_4 and subsequently place it in intersection_6,F(street_4 & F(p_traffic_cone_5 & F(intersection_6 & pd))),F(pd & street_4 & p_traffic_cone_5 & F(pd & intersection_6 & p_traffic_cone_5)),False
ARTEMIS,33,Pick up traffic_cone_5 from street_4 and subsequently place it in intersection_6,F(street_4 & F(p_traffic_cone_5 & F(intersection_6 & pd))),F(pd & street_4 & p_traffic_cone_5 & F(pd & intersection_6 & p_traffic_cone_5)),False
ARTEMIS,33,Pick up traffic_cone_5 from street_4 and subsequently place it in intersection_6,F(street_4 & F(p_traffic_cone_5 & F(intersection_6 & pd))),F(pd & street_4 & p_traffic_cone_5 & F(pd & intersection_6 & p_traffic_cone_5)),False
ARTEMIS,33,Pick up traffic_cone_5 from street_4 and subsequently place it in intersection_6,F(street_4 & F(p_traffic_cone_5 & F(intersection_6 & pd))),F(pd & street_4 & p_traffic_cone_5 & F(pd & intersection_6 & p_traffic_cone_5)),False
ARTEMIS,33,Pick up traffic_cone_5 from street_4 and subsequently place it in intersection_6,F(street_4 & F(p_traffic_cone_5 & F(intersection_6 & pd))),F(pd & street_4 & p_traffic_cone_5 & F(pd & intersection_6 & p_traffic_cone_5)),False
ARTEMIS,33,Pick up traffic_cone_5 from street_4 and subsequently place it in intersection_6,F(street_4 & F(p_traffic_cone_5 & F(intersection_6 & pd))),F(pd & street_4 & p_traffic_cone_5 & F(pd & intersection_6 & p_traffic_cone_5)),False
ARTEMIS,33,Pick up traffic_cone_5 from street_4 and subsequently place it in intersection_6,F(street_4 & F(p_traffic_cone_5 & F(intersection_6 & pd))),F(pd & street_4 & p_traffic_cone_5 & F(pd & intersection_6 & p_traffic_cone_5)),False
ARTEMIS,33,Pick up traffic_cone_5 from street_4 and subsequently place it in intersection_6,F(street_4 & F(p_traffic_cone_5 & F(intersection_6 & pd))),F(pd & street_4 & p_traffic_cone_5 & F(pd & intersection_6 & p_traffic_cone_5)),False
ARTEMIS,33,Pick up traffic_cone_5 from street_4 and subsequently place it in intersection_6,F(street_4 & F(p_traffic_cone_5 & F(intersection_6 & pd))),F(pd & p_traffic_cone_5 & street_4 & F(pd & p_traffic_cone_5 & intersection_6)),False
ARTEMIS,33,Pick up traffic_cone_5 from street_4 and subsequently place it in intersection_6,F(street_4 & F(p_traffic_cone_5 & F(intersection_6 & pd))),F(p_traffic_cone_5 & street_4 & pd) & F(F(p_traffic_cone_5 & street_4 & pd) & (p_traffic_cone_5 & intersection_6 & pd)),False
ARTEMIS,33,Pick up traffic_cone_5 from street_4 and subsequently place it in intersection_6,F(street_4 & F(p_traffic_cone_5 & F(intersection_6 & pd))),F(pd & street_4 & p_traffic_cone_5 & F(pd & intersection_6 & p_traffic_cone_5)),False
ARTEMIS,33,Pick up traffic_cone_5 from street_4 and subsequently place it in intersection_6,F(street_4 & F(p_traffic_cone_5 & F(intersection_6 & pd))),F(pd & street_4 & p_traffic_cone_5 & F(pd & intersection_6 & p_traffic_cone_5)),False
ARTEMIS,33,Pick up traffic_cone_5 from street_4 and subsequently place it in intersection_6,F(street_4 & F(p_traffic_cone_5 & F(intersection_6 & pd))),F(pd & p_traffic_cone_5 & street_4 & F(pd & p_traffic_cone_5 & intersection_6)),False
ARTEMIS,33,Pick up traffic_cone_5 from street_4 and subsequently place it in intersection_6,F(street_4 & F(p_traffic_cone_5 & F(intersection_6 & pd))),F(p_traffic_cone_5 & street_4 & pd) & F(F(p_traffic_cone_5 & street_4 & pd) & (p_traffic_cone_5 & intersection_6 & pd)),False
ARTEMIS,33,Pick up traffic_cone_5 from street_4 and subsequently place it in intersection_6,F(street_4 & F(p_traffic_cone_5 & F(intersection_6 & pd))),F(pd & p_traffic_cone_5 & street_4 & F(pd & p_traffic_cone_5 & intersection_6)),False
ARTEMIS,33,Pick up traffic_cone_5 from street_4 and subsequently place it in intersection_6,F(street_4 & F(p_traffic_cone_5 & F(intersection_6 & pd))),F(pd & street_4 & p_traffic_cone_5 & F(pd & intersection_6 & p_traffic_cone_5)),False
ARTEMIS,33,Pick up traffic_cone_5 from street_4 and subsequently place it in intersection_6,F(street_4 & F(p_traffic_cone_5 & F(intersection_6 & pd))),F(p_traffic_cone_5 & street_4 & pd) & F(F(p_traffic_cone_5 & street_4 & pd) & (p_traffic_cone_5 & intersection_6 & pd)),False
ARTEMIS,33,Pick up traffic_cone_5 from street_4 and subsequently place it in intersection_6,F(street_4 & F(p_traffic_cone_5 & F(intersection_6 & pd))),F(pd & street_4 & p_traffic_cone_5 & F(pd & intersection_6 & p_traffic_cone_5)),False
ARTEMIS,33,Pick up traffic_cone_5 from street_4 and subsequently place it in intersection_6,F(street_4 & F(p_traffic_cone_5 & F(intersection_6 & pd))),F(pd & street_4 & p_traffic_cone_5 & F(pd & intersection_6 & p_traffic_cone_5)),False
ARTEMIS,33,Pick up traffic_cone_5 from street_4 and subsequently place it in intersection_6,F(street_4 & F(p_traffic_cone_5 & F(intersection_6 & pd))),F(pd & street_4 & p_traffic_cone_5 & F(pd & intersection_6 & p_traffic_cone_5)),False
ARTEMIS,33,Pick up traffic_cone_5 from street_4 and subsequently place it in intersection_6,F(street_4 & F(p_traffic_cone_5 & F(intersection_6 & pd))),F(pd & p_traffic_cone_5 & street_4 & F(pd & p_traffic_cone_5 & intersection_6)),False
ARTEMIS,33,Pick up traffic_cone_5 from street_4 and subsequently place it in intersection_6,F(street_4 & F(p_traffic_cone_5 & F(intersection_6 & pd))),F(pd & street_4 & p_traffic_cone_5 & F(pd & intersection_6 & p_traffic_cone_5)),False
ARTEMIS,33,Pick up traffic_cone_5 from street_4 and subsequently place it in intersection_6,F(street_4 & F(p_traffic_cone_5 & F(intersection_6 & pd))),F(pd & street_4 & p_traffic_cone_5 & F(pd & intersection_6 & p_traffic_cone_5)),False
ARTEMIS,33,Pick up traffic_cone_5 from street_4 and subsequently place it in intersection_6,F(street_4 & F(p_traffic_cone_5 & F(intersection_6 & pd))),F(p_traffic_cone_5 & street_4 & F(p_traffic_cone_5 & intersection_6)),False
ARTEMIS,33,Pick up traffic_cone_5 from street_4 and subsequently place it in intersection_6,F(street_4 & F(p_traffic_cone_5 & F(intersection_6 & pd))),F(p_traffic_cone_5 & street_4 & pd & F(p_traffic_cone_5 & intersection_6 & pd)),False
ARTEMIS,33,Pick up traffic_cone_5 from street_4 and subsequently place it in intersection_6,F(street_4 & F(p_traffic_cone_5 & F(intersection_6 & pd))),F(pd & street_4 & p_traffic_cone_5 & F(pd & intersection_6 & p_traffic_cone_5)),False
ARTEMIS,33,Pick up traffic_cone_5 from street_4 and subsequently place it in intersection_6,F(street_4 & F(p_traffic_cone_5 & F(intersection_6 & pd))),F(pd & street_4 & p_traffic_cone_5 & F(pd & intersection_6 & p_traffic_cone_5)),False
ARTEMIS,33,Pick up traffic_cone_5 from street_4 and subsequently place it in intersection_6,F(street_4 & F(p_traffic_cone_5 & F(intersection_6 & pd))),F(pd & street_4 & p_traffic_cone_5 & F(pd & intersection_6 & p_traffic_cone_5)),False
ARTEMIS,33,Pick up traffic_cone_5 from street_4 and subsequently place it in intersection_6,F(street_4 & F(p_traffic_cone_5 & F(intersection_6 & pd))),F(pd & p_traffic_cone_5 & street_4 & F(pd & p_traffic_cone_5 & intersection_6)),False
ARTEMIS,33,Pick up traffic_cone_5 from street_4 and subsequently place it in intersection_6,F(street_4 & F(p_traffic_cone_5 & F(intersection_6 & pd))),F(pd & street_4 & p_traffic_cone_5 & F(pd & intersection_6 & p_traffic_cone_5)),False
ARTEMIS,33,Pick up traffic_cone_5 from street_4 and subsequently place it in intersection_6,F(street_4 & F(p_traffic_cone_5 & F(intersection_6 & pd))),F(pd & street_4 & p_traffic_cone_5 & F(pd & intersection_6 & p_traffic_cone_5)),False
ARTEMIS,33,Pick up traffic_cone_5 from street_4 and subsequently place it in intersection_6,F(street_4 & F(p_traffic_cone_5 & F(intersection_6 & pd))),F(pd & street_4 & p_traffic_cone_5 & F(pd & intersection_6 & p_traffic_cone_5)),False
ARTEMIS,33,Pick up traffic_cone_5 from street_4 and subsequently place it in intersection_6,F(street_4 & F(p_traffic_cone_5 & F(intersection_6 & pd))),F(pd & street_4 & p_traffic_cone_5 & F(pd & intersection_6 & p_traffic_cone_5)),False
ARTEMIS,33,Pick up traffic_cone_5 from street_4 and subsequently place it in intersection_6,F(street_4 & F(p_traffic_cone_5 & F(intersection_6 & pd))),F(pd & p_traffic_cone_5 & street_4 & F(pd & p_traffic_cone_5 & intersection_6)),False
ARTEMIS,33,Pick up traffic_cone_5 from street_4 and subsequently place it in intersection_6,F(street_4 & F(p_traffic_cone_5 & F(intersection_6 & pd))),F(pd & p_traffic_cone_5 & street_4 & F(pd & p_traffic_cone_5 & intersection_6)),False
ARTEMIS,33,Pick up traffic_cone_5 from street_4 and subsequently place it in intersection_6,F(street_4 & F(p_traffic_cone_5 & F(intersection_6 & pd))),F(p_traffic_cone_5 & street_4 & pd) & F(F(p_traffic_cone_5 & street_4 & pd) & (p_traffic_cone_5 & intersection_6 & pd)),False
ARTEMIS,33,Pick up traffic_cone_5 from street_4 and subsequently place it in intersection_6,F(street_4 & F(p_traffic_cone_5 & F(intersection_6 & pd))),F(p_traffic_cone_5 & street_4 & pd) & F(F(p_traffic_cone_5 & street_4 & pd) & (p_traffic_cone_5 & intersection_6 & pd)),False
ARTEMIS,33,Pick up traffic_cone_5 from street_4 and subsequently place it in intersection_6,F(street_4 & F(p_traffic_cone_5 & F(intersection_6 & pd))),F(p_traffic_cone_5 & street_4 & pd) & F(F(p_traffic_cone_5 & street_4 & pd) & (p_traffic_cone_5 & intersection_6 & pd)),False
ARTEMIS,33,Pick up traffic_cone_5 from street_4 and subsequently place it in intersection_6,F(street_4 & F(p_traffic_cone_5 & F(intersection_6 & pd))),F(pd & street_4 & p_traffic_cone_5 & F(pd & intersection_6 & p_traffic_cone_5)),False
ARTEMIS,33,Pick up traffic_cone_5 from street_4 and subsequently place it in intersection_6,F(street_4 & F(p_traffic_cone_5 & F(intersection_6 & pd))),F(pd & p_traffic_cone_5 & street_4 & F(pd & p_traffic_cone_5 & intersection_6)),False
ARTEMIS,33,Pick up traffic_cone_5 from street_4 and subsequently place it in intersection_6,F(street_4 & F(p_traffic_cone_5 & F(intersection_6 & pd))),F(pd & street_4 & p_traffic_cone_5 & F(pd & intersection_6 & p_traffic_cone_5)),False
ARTEMIS,33,Pick up traffic_cone_5 from street_4 and subsequently place it in intersection_6,F(street_4 & F(p_traffic_cone_5 & F(intersection_6 & pd))),F(pd & p_traffic_cone_5 & street_4 & F(pd & p_traffic_cone_5 & intersection_6)),False
ARTEMIS,33,Pick up traffic_cone_5 from street_4 and subsequently place it in intersection_6,F(street_4 & F(p_traffic_cone_5 & F(intersection_6 & pd))),F(pd & street_4 & p_traffic_cone_5 & F(pd & intersection_6 & p_traffic_cone_5)),False
ARTEMIS,33,Pick up traffic_cone_5 from street_4 and subsequently place it in intersection_6,F(street_4 & F(p_traffic_cone_5 & F(intersection_6 & pd))),F(p_traffic_cone_5 & street_4 & pd) & F(F(p_traffic_cone_5 & street_4 & pd) & (p_traffic_cone_5 & intersection_6 & pd)),False
ARTEMIS,33,Pick up traffic_cone_5 from street_4 and subsequently place it in intersection_6,F(street_4 & F(p_traffic_cone_5 & F(intersection_6 & pd))),F(p_traffic_cone_5 & street_4 & pd) & F(F(p_traffic_cone_5 & street_4 & pd) & (p_traffic_cone_5 & intersection_6 & pd)),False
ARTEMIS,33,Pick up traffic_cone_5 from street_4 and subsequently place it in intersection_6,F(street_4 & F(p_traffic_cone_5 & F(intersection_6 & pd))),F(p_traffic_cone_5 & street_4 & pd) & F(F(p_traffic_cone_5 & street_4 & pd) & (p_traffic_cone_5 & intersection_6 & pd)),False
ARTEMIS,33,Pick up traffic_cone_5 from street_4 and subsequently place it in intersection_6,F(street_4 & F(p_traffic_cone_5 & F(intersection_6 & pd))),F(pd & street_4 & p_traffic_cone_5 & F(pd & intersection_6 & p_traffic_cone_5)),False
ARTEMIS,33,Pick up traffic_cone_5 from street_4 and subsequently place it in intersection_6,F(street_4 & F(p_traffic_cone_5 & F(intersection_6 & pd))),F(pd & street_4 & p_traffic_cone_5 & F(pd & intersection_6 & p_traffic_cone_5)),False
ARTEMIS,33,Pick up traffic_cone_5 from street_4 and subsequently place it in intersection_6,F(street_4 & F(p_traffic_cone_5 & F(intersection_6 & pd))),F(p_traffic_cone_5 & street_4 & pd) & F(F(p_traffic_cone_5 & street_4 & pd) & (p_traffic_cone_5 & intersection_6 & pd)),False
ARTEMIS,33,Pick up traffic_cone_5 from street_4 and subsequently place it in intersection_6,F(street_4 & F(p_traffic_cone_5 & F(intersection_6 & pd))),F(pd & p_traffic_cone_5 & street_4 & F(pd & p_traffic_cone_5 & intersection_6)),False
ARTEMIS,33,Pick up traffic_cone_5 from street_4 and subsequently place it in intersection_6,F(street_4 & F(p_traffic_cone_5 & F(intersection_6 & pd))),F(pd & p_traffic_cone_5 & street_4 & F(pd & p_traffic_cone_5 & intersection_6)),False
ARTEMIS,33,Pick up traffic_cone_5 from street_4 and subsequently place it in intersection_6,F(street_4 & F(p_traffic_cone_5 & F(intersection_6 & pd))),F(pd & street_4 & p_traffic_cone_5 & F(pd & intersection_6 & p_traffic_cone_5)),False
ARTEMIS,36,"Pick up tin_can_4 from table_4, deliver it to trash_can_5, and avoid going into hallway_2",F(table_4 & F(p_tin_can_4 & F(pd & trash_can_5))) & G!hallway_2,F(p_tin_can_4 & table_4 & F(p_tin_can_4 & trash_can_5)) & G(!hallway_2),False
ARTEMIS,36,"Pick up tin_can_4 from table_4, deliver it to trash_can_5, and avoid going into hallway_2",F(table_4 & F(p_tin_can_4 & F(pd & trash_can_5))) & G!hallway_2,F(p_tin_can_4 & table_4 & F(p_tin_can_4 & trash_can_5)) & G(!hallway_2),False
ARTEMIS,36,"Pick up tin_can_4 from table_4, deliver it to trash_can_5, and avoid going into hallway_2",F(table_4 & F(p_tin_can_4 & F(pd & trash_can_5))) & G!hallway_2,F(p_tin_can_4 & table_4 & F(p_tin_can_4 & trash_can_5)) & G(!hallway_2),False
ARTEMIS,36,"Pick up tin_can_4 from table_4, deliver it to trash_can_5, and avoid going into hallway_2",F(table_4 & F(p_tin_can_4 & F(pd & trash_can_5))) & G!hallway_2,F(p_tin_can_4 & table_4 & F(p_tin_can_4 & trash_can_5)) & G(!hallway_2),False
ARTEMIS,36,"Pick up tin_can_4 from table_4, deliver it to trash_can_5, and avoid going into hallway_2",F(table_4 & F(p_tin_can_4 & F(pd & trash_can_5))) & G!hallway_2,F(p_tin_can_4 & table_4 & F(p_tin_can_4 & trash_can_5)) & G(!hallway_2),False
ARTEMIS,36,"Pick up tin_can_4 from table_4, deliver it to trash_can_5, and avoid going into hallway_2",F(table_4 & F(p_tin_can_4 & F(pd & trash_can_5))) & G!hallway_2,F(p_tin_can_4 & table_4 & F(p_tin_can_4 & trash_can_5)) & G(!hallway_2),False
ARTEMIS,36,"Pick up tin_can_4 from table_4, deliver it to trash_can_5, and avoid going into hallway_2",F(table_4 & F(p_tin_can_4 & F(pd & trash_can_5))) & G!hallway_2,F(p_tin_can_4 & table_4 & F(p_tin_can_4 & trash_can_5)) & G(!hallway_2),False
ARTEMIS,36,"Pick up tin_can_4 from table_4, deliver it to trash_can_5, and avoid going into hallway_2",F(table_4 & F(p_tin_can_4 & F(pd & trash_can_5))) & G!hallway_2,F(p_tin_can_4 & table_4 & F(p_tin_can_4 & trash_can_5)) & G(!hallway_2),False
ARTEMIS,36,"Pick up tin_can_4 from table_4, deliver it to trash_can_5, and avoid going into hallway_2",F(table_4 & F(p_tin_can_4 & F(pd & trash_can_5))) & G!hallway_2,F(p_tin_can_4 & table_4 & F(p_tin_can_4 & trash_can_5)) & G(!hallway_2),False
ARTEMIS,36,"Pick up tin_can_4 from table_4, deliver it to trash_can_5, and avoid going into hallway_2",F(table_4 & F(p_tin_can_4 & F(pd & trash_can_5))) & G!hallway_2,F(p_tin_can_4 & table_4 & F(pd & trash_can_5)) & G(!hallway_2),False
ARTEMIS,36,"Pick up tin_can_4 from table_4, deliver it to trash_can_5, and avoid going into hallway_2",F(table_4 & F(p_tin_can_4 & F(pd & trash_can_5))) & G!hallway_2,F(p_tin_can_4 & table_4 & F(p_tin_can_4 & trash_can_5)) & G(!hallway_2),False
ARTEMIS,36,"Pick up tin_can_4 from table_4, deliver it to trash_can_5, and avoid going into hallway_2",F(table_4 & F(p_tin_can_4 & F(pd & trash_can_5))) & G!hallway_2,F(p_tin_can_4 & table_4 & F(p_tin_can_4 & trash_can_5)) & G(!hallway_2),False
ARTEMIS,36,"Pick up tin_can_4 from table_4, deliver it to trash_can_5, and avoid going into hallway_2",F(table_4 & F(p_tin_can_4 & F(pd & trash_can_5))) & G!hallway_2,F(p_tin_can_4 & table_4 & F(p_tin_can_4 & trash_can_5)) & G(!hallway_2),False
ARTEMIS,36,"Pick up tin_can_4 from table_4, deliver it to trash_can_5, and avoid going into hallway_2",F(table_4 & F(p_tin_can_4 & F(pd & trash_can_5))) & G!hallway_2,F(p_tin_can_4 & table_4 & F(p_tin_can_4 & trash_can_5)) & G(!hallway_2),False
ARTEMIS,36,"Pick up tin_can_4 from table_4, deliver it to trash_can_5, and avoid going into hallway_2",F(table_4 & F(p_tin_can_4 & F(pd & trash_can_5))) & G!hallway_2,F(p_tin_can_4 & table_4 & F(p_tin_can_4 & trash_can_5)) & G(!hallway_2),False
ARTEMIS,36,"Pick up tin_can_4 from table_4, deliver it to trash_can_5, and avoid going into hallway_2",F(table_4 & F(p_tin_can_4 & F(pd & trash_can_5))) & G!hallway_2,F(p_tin_can_4 & table_4 & F(p_tin_can_4 & trash_can_5)) & G(!hallway_2),False
ARTEMIS,36,"Pick up tin_can_4 from table_4, deliver it to trash_can_5, and avoid going into hallway_2",F(table_4 & F(p_tin_can_4 & F(pd & trash_can_5))) & G!hallway_2,F(p_tin_can_4 & table_4 & F(p_tin_can_4 & trash_can_5)) & G(!hallway_2),False
ARTEMIS,36,"Pick up tin_can_4 from table_4, deliver it to trash_can_5, and avoid going into hallway_2",F(table_4 & F(p_tin_can_4 & F(pd & trash_can_5))) & G!hallway_2,F(p_tin_can_4 & table_4 & F(p_tin_can_4 & trash_can_5)) & G(!hallway_2),False
ARTEMIS,36,"Pick up tin_can_4 from table_4, deliver it to trash_can_5, and avoid going into hallway_2",F(table_4 & F(p_tin_can_4 & F(pd & trash_can_5))) & G!hallway_2,F(p_tin_can_4 & table_4 & F(pd & trash_can_5)) & G(!hallway_2),False
ARTEMIS,36,"Pick up tin_can_4 from table_4, deliver it to trash_can_5, and avoid going into hallway_2",F(table_4 & F(p_tin_can_4 & F(pd & trash_can_5))) & G!hallway_2,F(p_tin_can_4 & table_4 & F(pd & trash_can_5)) & G(!hallway_2),False
ARTEMIS,36,"Pick up tin_can_4 from table_4, deliver it to trash_can_5, and avoid going into hallway_2",F(table_4 & F(p_tin_can_4 & F(pd & trash_can_5))) & G!hallway_2,F(p_tin_can_4 & table_4 & F(p_tin_can_4 & trash_can_5)) & G(!hallway_2),False
ARTEMIS,36,"Pick up tin_can_4 from table_4, deliver it to trash_can_5, and avoid going into hallway_2",F(table_4 & F(p_tin_can_4 & F(pd & trash_can_5))) & G!hallway_2,F(p_tin_can_4 & table_4 & F(pd & trash_can_5)) & G(!hallway_2),False
ARTEMIS,36,"Pick up tin_can_4 from table_4, deliver it to trash_can_5, and avoid going into hallway_2",F(table_4 & F(p_tin_can_4 & F(pd & trash_can_5))) & G!hallway_2,F(p_tin_can_4 & table_4 & F(pd & trash_can_5)) & G(!hallway_2),False
ARTEMIS,36,"Pick up tin_can_4 from table_4, deliver it to trash_can_5, and avoid going into hallway_2",F(table_4 & F(p_tin_can_4 & F(pd & trash_can_5))) & G!hallway_2,F(p_tin_can_4 & table_4 & F(p_tin_can_4 & trash_can_5)) & G(!hallway_2),False
ARTEMIS,36,"Pick up tin_can_4 from table_4, deliver it to trash_can_5, and avoid going into hallway_2",F(table_4 & F(p_tin_can_4 & F(pd & trash_can_5))) & G!hallway_2,F(p_tin_can_4 & table_4 & F(p_tin_can_4 & trash_can_5)) & G(!hallway_2),False
ARTEMIS,36,"Pick up tin_can_4 from table_4, deliver it to trash_can_5, and avoid going into hallway_2",F(table_4 & F(p_tin_can_4 & F(pd & trash_can_5))) & G!hallway_2,F(p_tin_can_4 & table_4 & F(p_tin_can_4 & trash_can_5)) & G(!hallway_2),False
ARTEMIS,36,"Pick up tin_can_4 from table_4, deliver it to trash_can_5, and avoid going into hallway_2",F(table_4 & F(p_tin_can_4 & F(pd & trash_can_5))) & G!hallway_2,F(p_tin_can_4 & table_4 & F(pd & trash_can_5)) & G(!hallway_2),False
ARTEMIS,36,"Pick up tin_can_4 from table_4, deliver it to trash_can_5, and avoid going into hallway_2",F(table_4 & F(p_tin_can_4 & F(pd & trash_can_5))) & G!hallway_2,F(p_tin_can_4 & table_4 & F(pd & trash_can_5)) & G(!hallway_2),False
ARTEMIS,36,"Pick up tin_can_4 from table_4, deliver it to trash_can_5, and avoid going into hallway_2",F(table_4 & F(p_tin_can_4 & F(pd & trash_can_5))) & G!hallway_2,F(p_tin_can_4 & table_4 & F(p_tin_can_4 & trash_can_5)) & G(!hallway_2),False
ARTEMIS,36,"Pick up tin_can_4 from table_4, deliver it to trash_can_5, and avoid going into hallway_2",F(table_4 & F(p_tin_can_4 & F(pd & trash_can_5))) & G!hallway_2,F(p_tin_can_4 & table_4 & F(p_tin_can_4 & trash_can_5)) & G(!hallway_2),False
ARTEMIS,36,"Pick up tin_can_4 from table_4, deliver it to trash_can_5, and avoid going into hallway_2",F(table_4 & F(p_tin_can_4 & F(pd & trash_can_5))) & G!hallway_2,F(p_tin_can_4 & table_4 & F(p_tin_can_4 & trash_can_5)) & G(!hallway_2),False
ARTEMIS,36,"Pick up tin_can_4 from table_4, deliver it to trash_can_5, and avoid going into hallway_2",F(table_4 & F(p_tin_can_4 & F(pd & trash_can_5))) & G!hallway_2,F(p_tin_can_4 & table_4 & F(p_tin_can_4 & trash_can_5)) & G(!hallway_2),False
ARTEMIS,36,"Pick up tin_can_4 from table_4, deliver it to trash_can_5, and avoid going into hallway_2",F(table_4 & F(p_tin_can_4 & F(pd & trash_can_5))) & G!hallway_2,F(p_tin_can_4 & table_4 & F(p_tin_can_4 & trash_can_5)) & G(!hallway_2),False
ARTEMIS,36,"Pick up tin_can_4 from table_4, deliver it to trash_can_5, and avoid going into hallway_2",F(table_4 & F(p_tin_can_4 & F(pd & trash_can_5))) & G!hallway_2,F(p_tin_can_4 & table_4 & F(p_tin_can_4 & trash_can_5)) & G(!hallway_2),False
ARTEMIS,36,"Pick up tin_can_4 from table_4, deliver it to trash_can_5, and avoid going into hallway_2",F(table_4 & F(p_tin_can_4 & F(pd & trash_can_5))) & G!hallway_2,F(p_tin_can_4 & table_4 & F(p_tin_can_4 & trash_can_5)) & G(!hallway_2),False
ARTEMIS,36,"Pick up tin_can_4 from table_4, deliver it to trash_can_5, and avoid going into hallway_2",F(table_4 & F(p_tin_can_4 & F(pd & trash_can_5))) & G!hallway_2,F(p_tin_can_4 & table_4 & F(p_tin_can_4 & trash_can_5)) & G(!hallway_2),False
ARTEMIS,36,"Pick up tin_can_4 from table_4, deliver it to trash_can_5, and avoid going into hallway_2",F(table_4 & F(p_tin_can_4 & F(pd & trash_can_5))) & G!hallway_2,F(p_tin_can_4 & table_4 & F(pd & trash_can_5)) & G(!hallway_2),False
ARTEMIS,36,"Pick up tin_can_4 from table_4, deliver it to trash_can_5, and avoid going into hallway_2",F(table_4 & F(p_tin_can_4 & F(pd & trash_can_5))) & G!hallway_2,F(p_tin_can_4 & table_4 & F(p_tin_can_4 & trash_can_5)) & G(!hallway_2),False
ARTEMIS,36,"Pick up tin_can_4 from table_4, deliver it to trash_can_5, and avoid going into hallway_2",F(table_4 & F(p_tin_can_4 & F(pd & trash_can_5))) & G!hallway_2,F(p_tin_can_4 & table_4 & F(p_tin_can_4 & trash_can_5)) & G(!hallway_2),False
ARTEMIS,36,"Pick up tin_can_4 from table_4, deliver it to trash_can_5, and avoid going into hallway_2",F(table_4 & F(p_tin_can_4 & F(pd & trash_can_5))) & G!hallway_2,F(p_tin_can_4 & table_4 & F(pd & trash_can_5)) & G(!hallway_2),False
ARTEMIS,36,"Pick up tin_can_4 from table_4, deliver it to trash_can_5, and avoid going into hallway_2",F(table_4 & F(p_tin_can_4 & F(pd & trash_can_5))) & G!hallway_2,F(p_tin_can_4 & table_4 & F(p_tin_can_4 & trash_can_5)) & G(!hallway_2),False
ARTEMIS,36,"Pick up tin_can_4 from table_4, deliver it to trash_can_5, and avoid going into hallway_2",F(table_4 & F(p_tin_can_4 & F(pd & trash_can_5))) & G!hallway_2,F(p_tin_can_4 & table_4 & F(p_tin_can_4 & trash_can_5)) & G(!hallway_2),False
ARTEMIS,36,"Pick up tin_can_4 from table_4, deliver it to trash_can_5, and avoid going into hallway_2",F(table_4 & F(p_tin_can_4 & F(pd & trash_can_5))) & G!hallway_2,F(p_tin_can_4 & table_4 & F(pd & trash_can_5)) & G(!hallway_2),False
ARTEMIS,36,"Pick up tin_can_4 from table_4, deliver it to trash_can_5, and avoid going into hallway_2",F(table_4 & F(p_tin_can_4 & F(pd & trash_can_5))) & G!hallway_2,F(p_tin_can_4 & table_4 & F(p_tin_can_4 & trash_can_5)) & G(!hallway_2),False
ARTEMIS,36,"Pick up tin_can_4 from table_4, deliver it to trash_can_5, and avoid going into hallway_2",F(table_4 & F(p_tin_can_4 & F(pd & trash_can_5))) & G!hallway_2,F(p_tin_can_4 & table_4 & F(p_tin_can_4 & trash_can_5)) & G(!hallway_2),False
ARTEMIS,36,"Pick up tin_can_4 from table_4, deliver it to trash_can_5, and avoid going into hallway_2",F(table_4 & F(p_tin_can_4 & F(pd & trash_can_5))) & G!hallway_2,F(p_tin_can_4 & table_4 & F(p_tin_can_4 & trash_can_5)) & G(!hallway_2),False
ARTEMIS,36,"Pick up tin_can_4 from table_4, deliver it to trash_can_5, and avoid going into hallway_2",F(table_4 & F(p_tin_can_4 & F(pd & trash_can_5))) & G!hallway_2,F(p_tin_can_4 & table_4 & F(pd & trash_can_5)) & G(!hallway_2),False
ARTEMIS,36,"Pick up tin_can_4 from table_4, deliver it to trash_can_5, and avoid going into hallway_2",F(table_4 & F(p_tin_can_4 & F(pd & trash_can_5))) & G!hallway_2,F(p_tin_can_4 & table_4 & F(pd & trash_can_5)) & G(!hallway_2),False
ARTEMIS,36,"Pick up tin_can_4 from table_4, deliver it to trash_can_5, and avoid going into hallway_2",F(table_4 & F(p_tin_can_4 & F(pd & trash_can_5))) & G!hallway_2,F(p_tin_can_4 & table_4 & F(p_tin_can_4 & trash_can_5)) & G(!hallway_2),False
ARTEMIS,36,"Pick up tin_can_4 from table_4, deliver it to trash_can_5, and avoid going into hallway_2",F(table_4 & F(p_tin_can_4 & F(pd & trash_can_5))) & G!hallway_2,F(p_tin_can_4 & table_4 & F(pd & trash_can_5)) & G(!hallway_2),False
ARTEMIS,36,"Pick up tin_can_4 from table_4, deliver it to trash_can_5, and avoid going into hallway_2",F(table_4 & F(p_tin_can_4 & F(pd & trash_can_5))) & G!hallway_2,F(p_tin_can_4 & table_4 & F(p_tin_can_4 & trash_can_5)) & G(!hallway_2),False
ARTEMIS,36,"Pick up tin_can_4 from table_4, deliver it to trash_can_5, and avoid going into hallway_2",F(table_4 & F(p_tin_can_4 & F(pd & trash_can_5))) & G!hallway_2,F(p_tin_can_4 & table_4 & F(pd & trash_can_5)) & G(!hallway_2),False
ARTEMIS,36,"Pick up tin_can_4 from table_4, deliver it to trash_can_5, and avoid going into hallway_2",F(table_4 & F(p_tin_can_4 & F(pd & trash_can_5))) & G!hallway_2,F(p_tin_can_4 & table_4 & F(pd & trash_can_5)) & G(!hallway_2),False
ARTEMIS,36,"Pick up tin_can_4 from table_4, deliver it to trash_can_5, and avoid going into hallway_2",F(table_4 & F(p_tin_can_4 & F(pd & trash_can_5))) & G!hallway_2,F(p_tin_can_4 & table_4 & F(pd & trash_can_5)) & G(!hallway_2),False
ARTEMIS,36,"Pick up tin_can_4 from table_4, deliver it to trash_can_5, and avoid going into hallway_2",F(table_4 & F(p_tin_can_4 & F(pd & trash_can_5))) & G!hallway_2,F(p_tin_can_4 & table_4 & F(pd & trash_can_5)) & G(!hallway_2),False
ARTEMIS,36,"Pick up tin_can_4 from table_4, deliver it to trash_can_5, and avoid going into hallway_2",F(table_4 & F(p_tin_can_4 & F(pd & trash_can_5))) & G!hallway_2,F(p_tin_can_4 & table_4 & F(pd & trash_can_5)) & G(!hallway_2),False
ARTEMIS,36,"Pick up tin_can_4 from table_4, deliver it to trash_can_5, and avoid going into hallway_2",F(table_4 & F(p_tin_can_4 & F(pd & trash_can_5))) & G!hallway_2,F(p_tin_can_4 & table_4 & F(pd & trash_can_5)) & G(!hallway_2),False
ARTEMIS,36,"Pick up tin_can_4 from table_4, deliver it to trash_can_5, and avoid going into hallway_2",F(table_4 & F(p_tin_can_4 & F(pd & trash_can_5))) & G!hallway_2,F(p_tin_can_4 & table_4 & F(p_tin_can_4 & trash_can_5)) & G(!hallway_2),False
ARTEMIS,36,"Pick up tin_can_4 from table_4, deliver it to trash_can_5, and avoid going into hallway_2",F(table_4 & F(p_tin_can_4 & F(pd & trash_can_5))) & G!hallway_2,F(p_tin_can_4 & table_4 & F(p_tin_can_4 & trash_can_5)) & G(!hallway_2),False
ARTEMIS,36,"Pick up tin_can_4 from table_4, deliver it to trash_can_5, and avoid going into hallway_2",F(table_4 & F(p_tin_can_4 & F(pd & trash_can_5))) & G!hallway_2,F(p_tin_can_4 & table_4 & F(p_tin_can_4 & trash_can_5)) & G(!hallway_2),False
ARTEMIS,36,"Pick up tin_can_4 from table_4, deliver it to trash_can_5, and avoid going into hallway_2",F(table_4 & F(p_tin_can_4 & F(pd & trash_can_5))) & G!hallway_2,F(p_tin_can_4 & table_4 & F(p_tin_can_4 & trash_can_5)) & G(!hallway_2),False
ARTEMIS,36,"Pick up tin_can_4 from table_4, deliver it to trash_can_5, and avoid going into hallway_2",F(table_4 & F(p_tin_can_4 & F(pd & trash_can_5))) & G!hallway_2,F(p_tin_can_4 & table_4 & F(pd & trash_can_5)) & G(!hallway_2),False
ARTEMIS,36,"Pick up tin_can_4 from table_4, deliver it to trash_can_5, and avoid going into hallway_2",F(table_4 & F(p_tin_can_4 & F(pd & trash_can_5))) & G!hallway_2,F(p_tin_can_4 & table_4 & F(pd & trash_can_5)) & G(!hallway_2),False
ARTEMIS,36,"Pick up tin_can_4 from table_4, deliver it to trash_can_5, and avoid going into hallway_2",F(table_4 & F(p_tin_can_4 & F(pd & trash_can_5))) & G!hallway_2,F(p_tin_can_4 & table_4 & F(p_tin_can_4 & trash_can_5)) & G(!hallway_2),False
ARTEMIS,36,"Pick up tin_can_4 from table_4, deliver it to trash_can_5, and avoid going into hallway_2",F(table_4 & F(p_tin_can_4 & F(pd & trash_can_5))) & G!hallway_2,F(p_tin_can_4 & table_4 & F(p_tin_can_4 & trash_can_5)) & G(!hallway_2),False
ARTEMIS,36,"Pick up tin_can_4 from table_4, deliver it to trash_can_5, and avoid going into hallway_2",F(table_4 & F(p_tin_can_4 & F(pd & trash_can_5))) & G!hallway_2,F(p_tin_can_4 & table_4 & F(p_tin_can_4 & trash_can_5)) & G(!hallway_2),False
ARTEMIS,36,"Pick up tin_can_4 from table_4, deliver it to trash_can_5, and avoid going into hallway_2",F(table_4 & F(p_tin_can_4 & F(pd & trash_can_5))) & G!hallway_2,F(p_tin_can_4 & table_4 & F(p_tin_can_4 & trash_can_5)) & G(!hallway_2),False
ARTEMIS,36,"Pick up tin_can_4 from table_4, deliver it to trash_can_5, and avoid going into hallway_2",F(table_4 & F(p_tin_can_4 & F(pd & trash_can_5))) & G!hallway_2,F(p_tin_can_4 & table_4 & F(p_tin_can_4 & trash_can_5)) & G(!hallway_2),False
ARTEMIS,36,"Pick up tin_can_4 from table_4, deliver it to trash_can_5, and avoid going into hallway_2",F(table_4 & F(p_tin_can_4 & F(pd & trash_can_5))) & G!hallway_2,F(p_tin_can_4 & table_4 & F(pd & trash_can_5)) & G(!hallway_2),False
ARTEMIS,36,"Pick up tin_can_4 from table_4, deliver it to trash_can_5, and avoid going into hallway_2",F(table_4 & F(p_tin_can_4 & F(pd & trash_can_5))) & G!hallway_2,F(p_tin_can_4 & table_4 & F(p_tin_can_4 & trash_can_5)) & G(!hallway_2),False
ARTEMIS,36,"Pick up tin_can_4 from table_4, deliver it to trash_can_5, and avoid going into hallway_2",F(table_4 & F(p_tin_can_4 & F(pd & trash_can_5))) & G!hallway_2,F(p_tin_can_4 & table_4 & F(p_tin_can_4 & trash_can_5)) & G(!hallway_2),False
ARTEMIS,36,"Pick up tin_can_4 from table_4, deliver it to trash_can_5, and avoid going into hallway_2",F(table_4 & F(p_tin_can_4 & F(pd & trash_can_5))) & G!hallway_2,F(p_tin_can_4 & table_4 & F(p_tin_can_4 & trash_can_5)) & G(!hallway_2),False
ARTEMIS,36,"Pick up tin_can_4 from table_4, deliver it to trash_can_5, and avoid going into hallway_2",F(table_4 & F(p_tin_can_4 & F(pd & trash_can_5))) & G!hallway_2,F(p_tin_can_4 & table_4 & F(p_tin_can_4 & trash_can_5)) & G(!hallway_2),False
ARTEMIS,36,"Pick up tin_can_4 from table_4, deliver it to trash_can_5, and avoid going into hallway_2",F(table_4 & F(p_tin_can_4 & F(pd & trash_can_5))) & G!hallway_2,F(p_tin_can_4 & table_4 & F(pd & trash_can_5)) & G(!hallway_2),False
ARTEMIS,36,"Pick up tin_can_4 from table_4, deliver it to trash_can_5, and avoid going into hallway_2",F(table_4 & F(p_tin_can_4 & F(pd & trash_can_5))) & G!hallway_2,F(p_tin_can_4 & table_4 & F(p_tin_can_4 & trash_can_5)) & G(!hallway_2),False
ARTEMIS,36,"Pick up tin_can_4 from table_4, deliver it to trash_can_5, and avoid going into hallway_2",F(table_4 & F(p_tin_can_4 & F(pd & trash_can_5))) & G!hallway_2,F(p_tin_can_4 & table_4 & F(pd & trash_can_5)) & G(!hallway_2),False
ARTEMIS,36,"Pick up tin_can_4 from table_4, deliver it to trash_can_5, and avoid going into hallway_2",F(table_4 & F(p_tin_can_4 & F(pd & trash_can_5))) & G!hallway_2,F(p_tin_can_4 & table_4 & F(pd & trash_can_5)) & G(!hallway_2),False
ARTEMIS,36,"Pick up tin_can_4 from table_4, deliver it to trash_can_5, and avoid going into hallway_2",F(table_4 & F(p_tin_can_4 & F(pd & trash_can_5))) & G!hallway_2,F(p_tin_can_4 & table_4 & F(p_tin_can_4 & trash_can_5)) & G(!hallway_2),False
ARTEMIS,36,"Pick up tin_can_4 from table_4, deliver it to trash_can_5, and avoid going into hallway_2",F(table_4 & F(p_tin_can_4 & F(pd & trash_can_5))) & G!hallway_2,F(p_tin_can_4 & table_4 & F(p_tin_can_4 & trash_can_5)) & G(!hallway_2),False
ARTEMIS,36,"Pick up tin_can_4 from table_4, deliver it to trash_can_5, and avoid going into hallway_2",F(table_4 & F(p_tin_can_4 & F(pd & trash_can_5))) & G!hallway_2,F(p_tin_can_4 & table_4 & F(p_tin_can_4 & trash_can_5)) & G(!hallway_2),False
ARTEMIS,36,"Pick up tin_can_4 from table_4, deliver it to trash_can_5, and avoid going into hallway_2",F(table_4 & F(p_tin_can_4 & F(pd & trash_can_5))) & G!hallway_2,F(p_tin_can_4 & table_4 & F(p_tin_can_4 & trash_can_5)) & G(!hallway_2),False
ARTEMIS,36,"Pick up tin_can_4 from table_4, deliver it to trash_can_5, and avoid going into hallway_2",F(table_4 & F(p_tin_can_4 & F(pd & trash_can_5))) & G!hallway_2,F(p_tin_can_4 & table_4 & F(pd & trash_can_5)) & G(!hallway_2),False
ARTEMIS,36,"Pick up tin_can_4 from table_4, deliver it to trash_can_5, and avoid going into hallway_2",F(table_4 & F(p_tin_can_4 & F(pd & trash_can_5))) & G!hallway_2,F(p_tin_can_4 & table_4 & F(p_tin_can_4 & trash_can_5)) & G(!hallway_2),False
ARTEMIS,36,"Pick up tin_can_4 from table_4, deliver it to trash_can_5, and avoid going into hallway_2",F(table_4 & F(p_tin_can_4 & F(pd & trash_can_5))) & G!hallway_2,F(p_tin_can_4 & table_4 & F(p_tin_can_4 & trash_can_5)) & G(!hallway_2),False
ARTEMIS,36,"Pick up tin_can_4 from table_4, deliver it to trash_can_5, and avoid going into hallway_2",F(table_4 & F(p_tin_can_4 & F(pd & trash_can_5))) & G!hallway_2,F(p_tin_can_4 & table_4 & F(p_tin_can_4 & trash_can_5)) & G(!hallway_2),False
ARTEMIS,36,"Pick up tin_can_4 from table_4, deliver it to trash_can_5, and avoid going into hallway_2",F(table_4 & F(p_tin_can_4 & F(pd & trash_can_5))) & G!hallway_2,F(p_tin_can_4 & table_4 & F(p_tin_can_4 & trash_can_5)) & G(!hallway_2),False
ARTEMIS,36,"Pick up tin_can_4 from table_4, deliver it to trash_can_5, and avoid going into hallway_2",F(table_4 & F(p_tin_can_4 & F(pd & trash_can_5))) & G!hallway_2,F(p_tin_can_4 & table_4 & F(p_tin_can_4 & trash_can_5)) & G(!hallway_2),False
ARTEMIS,36,"Pick up tin_can_4 from table_4, deliver it to trash_can_5, and avoid going into hallway_2",F(table_4 & F(p_tin_can_4 & F(pd & trash_can_5))) & G!hallway_2,F(p_tin_can_4 & table_4 & F(p_tin_can_4 & trash_can_5)) & G(!hallway_2),False
ARTEMIS,36,"Pick up tin_can_4 from table_4, deliver it to trash_can_5, and avoid going into hallway_2",F(table_4 & F(p_tin_can_4 & F(pd & trash_can_5))) & G!hallway_2,F(p_tin_can_4 & table_4 & F(pd & trash_can_5)) & G(!hallway_2),False
ARTEMIS,36,"Pick up tin_can_4 from table_4, deliver it to trash_can_5, and avoid going into hallway_2",F(table_4 & F(p_tin_can_4 & F(pd & trash_can_5))) & G!hallway_2,F(p_tin_can_4 & table_4 & F(pd & trash_can_5)) & G(!hallway_2),False
ARTEMIS,36,"Pick up tin_can_4 from table_4, deliver it to trash_can_5, and avoid going into hallway_2",F(table_4 & F(p_tin_can_4 & F(pd & trash_can_5))) & G!hallway_2,F(p_tin_can_4 & table_4 & F(p_tin_can_4 & trash_can_5)) & G(!hallway_2),False
ARTEMIS,36,"Pick up tin_can_4 from table_4, deliver it to trash_can_5, and avoid going into hallway_2",F(table_4 & F(p_tin_can_4 & F(pd & trash_can_5))) & G!hallway_2,F(p_tin_can_4 & table_4 & F(p_tin_can_4 & trash_can_5)) & G(!hallway_2),False
ARTEMIS,36,"Pick up tin_can_4 from table_4, deliver it to trash_can_5, and avoid going into hallway_2",F(table_4 & F(p_tin_can_4 & F(pd & trash_can_5))) & G!hallway_2,F(p_tin_can_4 & table_4 & F(p_tin_can_4 & trash_can_5)) & G(!hallway_2),False
ARTEMIS,36,"Pick up tin_can_4 from table_4, deliver it to trash_can_5, and avoid going into hallway_2",F(table_4 & F(p_tin_can_4 & F(pd & trash_can_5))) & G!hallway_2,F(p_tin_can_4 & table_4 & F(p_tin_can_4 & trash_can_5)) & G(!hallway_2),False
ARTEMIS,36,"Pick up tin_can_4 from table_4, deliver it to trash_can_5, and avoid going into hallway_2",F(table_4 & F(p_tin_can_4 & F(pd & trash_can_5))) & G!hallway_2,F(p_tin_can_4 & table_4 & F(pd & trash_can_5)) & G(!hallway_2),False
ARTEMIS,36,"Pick up tin_can_4 from table_4, deliver it to trash_can_5, and avoid going into hallway_2",F(table_4 & F(p_tin_can_4 & F(pd & trash_can_5))) & G!hallway_2,F(p_tin_can_4 & table_4 & F(p_tin_can_4 & trash_can_5)) & G(!hallway_2),False
ARTEMIS,36,"Pick up tin_can_4 from table_4, deliver it to trash_can_5, and avoid going into hallway_2",F(table_4 & F(p_tin_can_4 & F(pd & trash_can_5))) & G!hallway_2,F(p_tin_can_4 & table_4 & F(pd & trash_can_5)) & G(!hallway_2),False
ARTEMIS,36,"Pick up tin_can_4 from table_4, deliver it to trash_can_5, and avoid going into hallway_2",F(table_4 & F(p_tin_can_4 & F(pd & trash_can_5))) & G!hallway_2,F(p_tin_can_4 & table_4 & F(p_tin_can_4 & trash_can_5)) & G(!hallway_2),False
ARTEMIS,36,"Pick up tin_can_4 from table_4, deliver it to trash_can_5, and avoid going into hallway_2",F(table_4 & F(p_tin_can_4 & F(pd & trash_can_5))) & G!hallway_2,F(p_tin_can_4 & table_4 & F(p_tin_can_4 & trash_can_5)) & G(!hallway_2),False
ARTEMIS,36,"Pick up tin_can_4 from table_4, deliver it to trash_can_5, and avoid going into hallway_2",F(table_4 & F(p_tin_can_4 & F(pd & trash_can_5))) & G!hallway_2,F(p_tin_can_4 & table_4 & F(p_tin_can_4 & trash_can_5)) & G(!hallway_2),False
ARTEMIS,45,"If deliver_aid the injured_victim ever holds, avoid the probable_fire_source must have held beforehand.",F deliver_aid_injured_victim -> (!deliver_aid_injured_victim U (avoid_probable_fire_source & !deliver_aid_injured_victim)),G(deliver_aid_injured_victim -> O(avoid_probable_fire_source)),
ARTEMIS,45,"If deliver_aid the injured_victim ever holds, avoid the probable_fire_source must have held beforehand.",F deliver_aid_injured_victim -> (!deliver_aid_injured_victim U (avoid_probable_fire_source & !deliver_aid_injured_victim)),G(deliver_aid_injured_victim -> O avoid_probable_fire_source),
ARTEMIS,45,"If deliver_aid the injured_victim ever holds, avoid the probable_fire_source must have held beforehand.",F deliver_aid_injured_victim -> (!deliver_aid_injured_victim U (avoid_probable_fire_source & !deliver_aid_injured_victim)),G(deliver_aid_injured_victim -> (avoid_probable_fire_source V deliver_aid_injured_victim)),False
ARTEMIS,45,"If deliver_aid the injured_victim ever holds, avoid the probable_fire_source must have held beforehand.",F deliver_aid_injured_victim -> (!deliver_aid_injured_victim U (avoid_probable_fire_source & !deliver_aid_injured_victim)),"G(deliver_aid_injured_victim -> (F avoid_probable_fire_source V deliver_aid_injured_victim)) # Wait, the prompt asks for ""must have held beforehand"". In LTL, ""p must have held before q"" is expressed as ( !q U p ).",
ARTEMIS,45,"If deliver_aid the injured_victim ever holds, avoid the probable_fire_source must have held beforehand.",F deliver_aid_injured_victim -> (!deliver_aid_injured_victim U (avoid_probable_fire_source & !deliver_aid_injured_victim)),"G(deliver_aid_injured_victim -> (F avoid_probable_fire_source)) # Wait, the prompt says ""avoid... must have held beforehand"". In LTL, ""A must happen before B"" is typically represented as !B U A. Let's re-evaluate: ""If deliver_aid... ever holds, avoid... must have held beforehand"" means if it ever happens, it cannot happen unless avoid happened first.",
ARTEMIS,45,"If deliver_aid the injured_victim ever holds, avoid the probable_fire_source must have held beforehand.",F deliver_aid_injured_victim -> (!deliver_aid_injured_victim U (avoid_probable_fire_source & !deliver_aid_injured_victim)),G(deliver_aid_injured_victim -> (avoid_probable_fire_source V deliver_aid_injured_victim)),False
ARTEMIS,45,"If deliver_aid the injured_victim ever holds, avoid the probable_fire_source must have held beforehand.",F deliver_aid_injured_victim -> (!deliver_aid_injured_victim U (avoid_probable_fire_source & !deliver_aid_injured_victim)),G(deliver_aid_injured_victim -> (F avoid_probable_fire_source V deliver_aid_injured_victim)),False
ARTEMIS,45,"If deliver_aid the injured_victim ever holds, avoid the probable_fire_source must have held beforehand.",F deliver_aid_injured_victim -> (!deliver_aid_injured_victim U (avoid_probable_fire_source & !deliver_aid_injured_victim)),G(deliver_aid_injured_victim -> (F avoid_probable_fire_source V deliver_aid_injured_victim)),False
ARTEMIS,45,"If deliver_aid the injured_victim ever holds, avoid the probable_fire_source must have held beforehand.",F deliver_aid_injured_victim -> (!deliver_aid_injured_victim U (avoid_probable_fire_source & !deliver_aid_injured_victim)),G(deliver_aid_injured_victim -> (avoid_probable_fire_source V deliver_aid_injured_victim)),False
ARTEMIS,45,"If deliver_aid the injured_victim ever holds, avoid the probable_fire_source must have held beforehand.",F deliver_aid_injured_victim -> (!deliver_aid_injured_victim U (avoid_probable_fire_source & !deliver_aid_injured_victim)),G(deliver_aid_injured_victim -> (F avoid_probable_fire_source V deliver_aid_injured_victim)),False
ARTEMIS,45,"If deliver_aid the injured_victim ever holds, avoid the probable_fire_source must have held beforehand.",F deliver_aid_injured_victim -> (!deliver_aid_injured_victim U (avoid_probable_fire_source & !deliver_aid_injured_victim)),G(deliver_aid_injured_victim -> O avoid_probable_fire_source),
ARTEMIS,45,"If deliver_aid the injured_victim ever holds, avoid the probable_fire_source must have held beforehand.",F deliver_aid_injured_victim -> (!deliver_aid_injured_victim U (avoid_probable_fire_source & !deliver_aid_injured_victim)),G(deliver_aid_injured_victim -> O avoid_probable_fire_source),
ARTEMIS,45,"If deliver_aid the injured_victim ever holds, avoid the probable_fire_source must have held beforehand.",F deliver_aid_injured_victim -> (!deliver_aid_injured_victim U (avoid_probable_fire_source & !deliver_aid_injured_victim)),G(deliver_aid_injured_victim -> (F avoid_probable_fire_source V deliver_aid_injured_victim)),False
ARTEMIS,45,"If deliver_aid the injured_victim ever holds, avoid the probable_fire_source must have held beforehand.",F deliver_aid_injured_victim -> (!deliver_aid_injured_victim U (avoid_probable_fire_source & !deliver_aid_injured_victim)),G(deliver_aid_injured_victim -> (avoid_probable_fire_source V deliver_aid_injured_victim)),False
ARTEMIS,45,"If deliver_aid the injured_victim ever holds, avoid the probable_fire_source must have held beforehand.",F deliver_aid_injured_victim -> (!deliver_aid_injured_victim U (avoid_probable_fire_source & !deliver_aid_injured_victim)),G(deliver_aid_injured_victim -> (F avoid_probable_fire_source V deliver_aid_injured_victim)),False
ARTEMIS,45,"If deliver_aid the injured_victim ever holds, avoid the probable_fire_source must have held beforehand.",F deliver_aid_injured_victim -> (!deliver_aid_injured_victim U (avoid_probable_fire_source & !deliver_aid_injured_victim)),G(deliver_aid_injured_victim -> (avoid_probable_fire_source V deliver_aid_injured_victim)),False
ARTEMIS,45,"If deliver_aid the injured_victim ever holds, avoid the probable_fire_source must have held beforehand.",F deliver_aid_injured_victim -> (!deliver_aid_injured_victim U (avoid_probable_fire_source & !deliver_aid_injured_victim)),G(deliver_aid_injured_victim -> (F avoid_probable_fire_source V deliver_aid_injured_victim)),False
ARTEMIS,45,"If deliver_aid the injured_victim ever holds, avoid the probable_fire_source must have held beforehand.",F deliver_aid_injured_victim -> (!deliver_aid_injured_victim U (avoid_probable_fire_source & !deliver_aid_injured_victim)),G(deliver_aid_injured_victim -> (F avoid_probable_fire_source V deliver_aid_injured_victim)),False
ARTEMIS,45,"If deliver_aid the injured_victim ever holds, avoid the probable_fire_source must have held beforehand.",F deliver_aid_injured_victim -> (!deliver_aid_injured_victim U (avoid_probable_fire_source & !deliver_aid_injured_victim)),G(deliver_aid_injured_victim -> (F avoid_probable_fire_source V deliver_aid_injured_victim)),False
ARTEMIS,45,"If deliver_aid the injured_victim ever holds, avoid the probable_fire_source must have held beforehand.",F deliver_aid_injured_victim -> (!deliver_aid_injured_victim U (avoid_probable_fire_source & !deliver_aid_injured_victim)),G(deliver_aid_injured_victim -> (avoid_probable_fire_source V deliver_aid_injured_victim)),False
ARTEMIS,45,"If deliver_aid the injured_victim ever holds, avoid the probable_fire_source must have held beforehand.",F deliver_aid_injured_victim -> (!deliver_aid_injured_victim U (avoid_probable_fire_source & !deliver_aid_injured_victim)),"G(deliver_aid_injured_victim -> (F avoid_probable_fire_source)) # Incorrect interpretation of ""beforehand""",
ARTEMIS,45,"If deliver_aid the injured_victim ever holds, avoid the probable_fire_source must have held beforehand.",F deliver_aid_injured_victim -> (!deliver_aid_injured_victim U (avoid_probable_fire_source & !deliver_aid_injured_victim)),G(deliver_aid_injured_victim -> O avoid_probable_fire_source),
ARTEMIS,45,"If deliver_aid the injured_victim ever holds, avoid the probable_fire_source must have held beforehand.",F deliver_aid_injured_victim -> (!deliver_aid_injured_victim U (avoid_probable_fire_source & !deliver_aid_injured_victim)),G(deliver_aid_injured_victim -> O(avoid_probable_fire_source)),
ARTEMIS,45,"If deliver_aid the injured_victim ever holds, avoid the probable_fire_source must have held beforehand.",F deliver_aid_injured_victim -> (!deliver_aid_injured_victim U (avoid_probable_fire_source & !deliver_aid_injured_victim)),"G(deliver_aid_injured_victim -> (F avoid_probable_fire_source)) # wait, the logic is ""avoid... must have held beforehand"".",
ARTEMIS,45,"If deliver_aid the injured_victim ever holds, avoid the probable_fire_source must have held beforehand.",F deliver_aid_injured_victim -> (!deliver_aid_injured_victim U (avoid_probable_fire_source & !deliver_aid_injured_victim)),G(deliver_aid_injured_victim -> O avoid_probable_fire_source),
ARTEMIS,45,"If deliver_aid the injured_victim ever holds, avoid the probable_fire_source must have held beforehand.",F deliver_aid_injured_victim -> (!deliver_aid_injured_victim U (avoid_probable_fire_source & !deliver_aid_injured_victim)),G(deliver_aid_injured_victim -> (F avoid_probable_fire_source)),False
ARTEMIS,45,"If deliver_aid the injured_victim ever holds, avoid the probable_fire_source must have held beforehand.",F deliver_aid_injured_victim -> (!deliver_aid_injured_victim U (avoid_probable_fire_source & !deliver_aid_injured_victim)),G(deliver_aid_injured_victim -> (avoid_probable_fire_source V deliver_aid_injured_victim)),False
ARTEMIS,45,"If deliver_aid the injured_victim ever holds, avoid the probable_fire_source must have held beforehand.",F deliver_aid_injured_victim -> (!deliver_aid_injured_victim U (avoid_probable_fire_source & !deliver_aid_injured_victim)),"G(deliver_aid_injured_victim -> (F avoid_probable_fire_source)) # This is incorrect based on ""beforehand"".",
ARTEMIS,45,"If deliver_aid the injured_victim ever holds, avoid the probable_fire_source must have held beforehand.",F deliver_aid_injured_victim -> (!deliver_aid_injured_victim U (avoid_probable_fire_source & !deliver_aid_injured_victim)),G(deliver_aid_injured_victim -> (avoid_probable_fire_source V deliver_aid_injured_victim)),False
ARTEMIS,45,"If deliver_aid the injured_victim ever holds, avoid the probable_fire_source must have held beforehand.",F deliver_aid_injured_victim -> (!deliver_aid_injured_victim U (avoid_probable_fire_source & !deliver_aid_injured_victim)),G(deliver_aid_injured_victim -> (F avoid_probable_fire_source V deliver_aid_injured_victim)),False
ARTEMIS,45,"If deliver_aid the injured_victim ever holds, avoid the probable_fire_source must have held beforehand.",F deliver_aid_injured_victim -> (!deliver_aid_injured_victim U (avoid_probable_fire_source & !deliver_aid_injured_victim)),"G(deliver_aid_injured_victim -> (F avoid_probable_fire_source V deliver_aid_injured_victim)) # Wait, the phrasing ""must have held beforehand"" implies that for deliver_aid to happen, avoid_probable_fire_source must have already occurred. This is a precedence relationship. In LTL, ""p must happen before q"" is expressed as !q U p.",
ARTEMIS,45,"If deliver_aid the injured_victim ever holds, avoid the probable_fire_source must have held beforehand.",F deliver_aid_injured_victim -> (!deliver_aid_injured_victim U (avoid_probable_fire_source & !deliver_aid_injured_victim)),"G(deliver_aid_injured_victim -> (F avoid_probable_fire_source V deliver_aid_injured_victim)) # Wait, the phrasing ""must have held beforehand"" implies that if aid is delivered, then avoid_probable_fire_source must have happened at some point in the past. In LTL (future-looking), this is expressed as: the deliver_aid cannot happen unless avoid_probable_fire_source has happened.",
ARTEMIS,45,"If deliver_aid the injured_victim ever holds, avoid the probable_fire_source must have held beforehand.",F deliver_aid_injured_victim -> (!deliver_aid_injured_victim U (avoid_probable_fire_source & !deliver_aid_injured_victim)),G(deliver_aid_injured_victim -> (avoid_probable_fire_source V deliver_aid_injured_victim)),False
ARTEMIS,45,"If deliver_aid the injured_victim ever holds, avoid the probable_fire_source must have held beforehand.",F deliver_aid_injured_victim -> (!deliver_aid_injured_victim U (avoid_probable_fire_source & !deliver_aid_injured_victim)),G(deliver_aid_injured_victim -> (F avoid_probable_fire_source)),False
ARTEMIS,45,"If deliver_aid the injured_victim ever holds, avoid the probable_fire_source must have held beforehand.",F deliver_aid_injured_victim -> (!deliver_aid_injured_victim U (avoid_probable_fire_source & !deliver_aid_injured_victim)),G(deliver_aid_injured_victim -> (F avoid_probable_fire_source V deliver_aid_injured_victim)),False
ARTEMIS,45,"If deliver_aid the injured_victim ever holds, avoid the probable_fire_source must have held beforehand.",F deliver_aid_injured_victim -> (!deliver_aid_injured_victim U (avoid_probable_fire_source & !deliver_aid_injured_victim)),G(deliver_aid_injured_victim -> (F avoid_probable_fire_source V deliver_aid_injured_victim)),False
ARTEMIS,45,"If deliver_aid the injured_victim ever holds, avoid the probable_fire_source must have held beforehand.",F deliver_aid_injured_victim -> (!deliver_aid_injured_victim U (avoid_probable_fire_source & !deliver_aid_injured_victim)),G(deliver_aid_injured_victim -> (F avoid_probable_fire_source V deliver_aid_injured_victim)) # This is complex. Let's simplify.,
ARTEMIS,45,"If deliver_aid the injured_victim ever holds, avoid the probable_fire_source must have held beforehand.",F deliver_aid_injured_victim -> (!deliver_aid_injured_victim U (avoid_probable_fire_source & !deliver_aid_injured_victim)),"G(deliver_aid_injured_victim -> (F avoid_probable_fire_source)) # Wait, the natural language says ""avoid_probable_fire_source must have held beforehand"". This implies a precedence relation: if deliver_aid occurs, it must be the case that avoid_probable_fire_source happened at some point in the past. In LTL (which is future-looking), this is equivalent to saying deliver_aid cannot happen unless avoid_probable_fire_source has happened. This is represented as !deliver_aid_injured_victim U avoid_probable_fire_source. However, for a global constraint: G(deliver_aid_injured_victim -> (F^{-1} avoid_probable_fire_source)). Since we only have future operators, the standard translation for ""P cannot happen unless Q has happened"" is (!P U Q) or G(P -> (Q V P)). But looking at the specific phrasing ""must have held beforehand"", the most accurate LTL representation is:",
ARTEMIS,45,"If deliver_aid the injured_victim ever holds, avoid the probable_fire_source must have held beforehand.",F deliver_aid_injured_victim -> (!deliver_aid_injured_victim U (avoid_probable_fire_source & !deliver_aid_injured_victim)),G(deliver_aid_injured_victim -> (F avoid_probable_fire_source V deliver_aid_injured_victim)),False
ARTEMIS,45,"If deliver_aid the injured_victim ever holds, avoid the probable_fire_source must have held beforehand.",F deliver_aid_injured_victim -> (!deliver_aid_injured_victim U (avoid_probable_fire_source & !deliver_aid_injured_victim)),"G(deliver_aid_injured_victim -> (F avoid_probable_fire_source V deliver_aid_injured_victim)) # Wait, the logic is ""avoid must have held beforehand"".",
ARTEMIS,45,"If deliver_aid the injured_victim ever holds, avoid the probable_fire_source must have held beforehand.",F deliver_aid_injured_victim -> (!deliver_aid_injured_victim U (avoid_probable_fire_source & !deliver_aid_injured_victim)),G(deliver_aid_injured_victim -> O avoid_probable_fire_source),
ARTEMIS,45,"If deliver_aid the injured_victim ever holds, avoid the probable_fire_source must have held beforehand.",F deliver_aid_injured_victim -> (!deliver_aid_injured_victim U (avoid_probable_fire_source & !deliver_aid_injured_victim)),G(deliver_aid_injured_victim -> (F avoid_probable_fire_source V deliver_aid_injured_victim)),False
ARTEMIS,45,"If deliver_aid the injured_victim ever holds, avoid the probable_fire_source must have held beforehand.",F deliver_aid_injured_victim -> (!deliver_aid_injured_victim U (avoid_probable_fire_source & !deliver_aid_injured_victim)),G(deliver_aid_injured_victim -> (F avoid_probable_fire_source)) # Incorrect logic. Let's re-read.,
ARTEMIS,45,"If deliver_aid the injured_victim ever holds, avoid the probable_fire_source must have held beforehand.",F deliver_aid_injured_victim -> (!deliver_aid_injured_victim U (avoid_probable_fire_source & !deliver_aid_injured_victim)),G(deliver_aid_injured_victim -> (F avoid_probable_fire_source V deliver_aid_injured_victim)),False
ARTEMIS,45,"If deliver_aid the injured_victim ever holds, avoid the probable_fire_source must have held beforehand.",F deliver_aid_injured_victim -> (!deliver_aid_injured_victim U (avoid_probable_fire_source & !deliver_aid_injured_victim)),"G(deliver_aid_injured_victim -> (F avoid_probable_fire_source)) # Wait, the prompt says ""must have held beforehand"", which implies a past operator or a specific ordering. In standard LTL (future-only), ""A must have happened before B"" is typically expressed as ""B cannot happen unless A has happened"".",
ARTEMIS,45,"If deliver_aid the injured_victim ever holds, avoid the probable_fire_source must have held beforehand.",F deliver_aid_injured_victim -> (!deliver_aid_injured_victim U (avoid_probable_fire_source & !deliver_aid_injured_victim)),G(deliver_aid_injured_victim -> O(avoid_probable_fire_source)),
ARTEMIS,45,"If deliver_aid the injured_victim ever holds, avoid the probable_fire_source must have held beforehand.",F deliver_aid_injured_victim -> (!deliver_aid_injured_victim U (avoid_probable_fire_source & !deliver_aid_injured_victim)),G(deliver_aid_injured_victim -> (F avoid_probable_fire_source V deliver_aid_injured_victim)),False
ARTEMIS,45,"If deliver_aid the injured_victim ever holds, avoid the probable_fire_source must have held beforehand.",F deliver_aid_injured_victim -> (!deliver_aid_injured_victim U (avoid_probable_fire_source & !deliver_aid_injured_victim)),G(deliver_aid_injured_victim -> (avoid_probable_fire_source V deliver_aid_injured_victim)),False
ARTEMIS,45,"If deliver_aid the injured_victim ever holds, avoid the probable_fire_source must have held beforehand.",F deliver_aid_injured_victim -> (!deliver_aid_injured_victim U (avoid_probable_fire_source & !deliver_aid_injured_victim)),G(deliver_aid_injured_victim -> (F avoid_probable_fire_source V deliver_aid_injured_victim)),False
ARTEMIS,45,"If deliver_aid the injured_victim ever holds, avoid the probable_fire_source must have held beforehand.",F deliver_aid_injured_victim -> (!deliver_aid_injured_victim U (avoid_probable_fire_source & !deliver_aid_injured_victim)),"G(deliver_aid_injured_victim -> (F avoid_probable_fire_source)) # Incorrect logic based on ""beforehand""",
ARTEMIS,45,"If deliver_aid the injured_victim ever holds, avoid the probable_fire_source must have held beforehand.",F deliver_aid_injured_victim -> (!deliver_aid_injured_victim U (avoid_probable_fire_source & !deliver_aid_injured_victim)),G(deliver_aid_injured_victim -> O avoid_probable_fire_source),
ARTEMIS,45,"If deliver_aid the injured_victim ever holds, avoid the probable_fire_source must have held beforehand.",F deliver_aid_injured_victim -> (!deliver_aid_injured_victim U (avoid_probable_fire_source & !deliver_aid_injured_victim)),G(deliver_aid_injured_victim -> (avoid_probable_fire_source V deliver_aid_injured_victim)),False
ARTEMIS,45,"If deliver_aid the injured_victim ever holds, avoid the probable_fire_source must have held beforehand.",F deliver_aid_injured_victim -> (!deliver_aid_injured_victim U (avoid_probable_fire_source & !deliver_aid_injured_victim)),G(deliver_aid_injured_victim -> (F avoid_probable_fire_source V deliver_aid_injured_victim)),False
ARTEMIS,45,"If deliver_aid the injured_victim ever holds, avoid the probable_fire_source must have held beforehand.",F deliver_aid_injured_victim -> (!deliver_aid_injured_victim U (avoid_probable_fire_source & !deliver_aid_injured_victim)),G(deliver_aid_injured_victim -> (F avoid_probable_fire_source V deliver_aid_injured_victim)),False
ARTEMIS,45,"If deliver_aid the injured_victim ever holds, avoid the probable_fire_source must have held beforehand.",F deliver_aid_injured_victim -> (!deliver_aid_injured_victim U (avoid_probable_fire_source & !deliver_aid_injured_victim)),G(deliver_aid_injured_victim -> (avoid_probable_fire_source V deliver_aid_injured_victim)),False
ARTEMIS,45,"If deliver_aid the injured_victim ever holds, avoid the probable_fire_source must have held beforehand.",F deliver_aid_injured_victim -> (!deliver_aid_injured_victim U (avoid_probable_fire_source & !deliver_aid_injured_victim)),G(deliver_aid_injured_victim -> (F avoid_probable_fire_source)) -> ! (G (deliver_aid_injured_victim -> (!F avoid_probable_fire_source))),False
ARTEMIS,45,"If deliver_aid the injured_victim ever holds, avoid the probable_fire_source must have held beforehand.",F deliver_aid_injured_victim -> (!deliver_aid_injured_victim U (avoid_probable_fire_source & !deliver_aid_injured_victim)),"G(deliver_aid_injured_victim -> (F avoid_probable_fire_source V deliver_aid_injured_victim)) # Wait, the logic ""must have held beforehand"" implies that if deliver_aid_injured_victim occurs, avoid_probable_fire_source must have occurred at some point in the past. In LTL, ""P must happen before Q"" is often represented as !Q U P.",
ARTEMIS,45,"If deliver_aid the injured_victim ever holds, avoid the probable_fire_source must have held beforehand.",F deliver_aid_injured_victim -> (!deliver_aid_injured_victim U (avoid_probable_fire_source & !deliver_aid_injured_victim)),G(deliver_aid_injured_victim -> (F avoid_probable_fire_source V deliver_aid_injured_victim)),False
ARTEMIS,45,"If deliver_aid the injured_victim ever holds, avoid the probable_fire_source must have held beforehand.",F deliver_aid_injured_victim -> (!deliver_aid_injured_victim U (avoid_probable_fire_source & !deliver_aid_injured_victim)),"G(deliver_aid_injured_victim -> (F avoid_probable_fire_source V deliver_aid_injured_victim)) # Wait, the prompt says ""avoid... must have held beforehand"". This implies a precedence: avoid_probable_fire_source must happen before deliver_aid_injured_victim.",
ARTEMIS,45,"If deliver_aid the injured_victim ever holds, avoid the probable_fire_source must have held beforehand.",F deliver_aid_injured_victim -> (!deliver_aid_injured_victim U (avoid_probable_fire_source & !deliver_aid_injured_victim)),G(deliver_aid_injured_victim -> (F avoid_probable_fire_source)) # Incorrect logic check. Let's re-evaluate.,
ARTEMIS,45,"If deliver_aid the injured_victim ever holds, avoid the probable_fire_source must have held beforehand.",F deliver_aid_injured_victim -> (!deliver_aid_injured_victim U (avoid_probable_fire_source & !deliver_aid_injured_victim)),G(deliver_aid_injured_victim -> (F avoid_probable_fire_source V deliver_aid_injured_victim)),False
ARTEMIS,45,"If deliver_aid the injured_victim ever holds, avoid the probable_fire_source must have held beforehand.",F deliver_aid_injured_victim -> (!deliver_aid_injured_victim U (avoid_probable_fire_source & !deliver_aid_injured_victim)),"G(deliver_aid_injured_victim -> (F avoid_probable_fire_source)) # This doesn't fit ""beforehand"". Let's re-evaluate.",
ARTEMIS,45,"If deliver_aid the injured_victim ever holds, avoid the probable_fire_source must have held beforehand.",F deliver_aid_injured_victim -> (!deliver_aid_injured_victim U (avoid_probable_fire_source & !deliver_aid_injured_victim)),"G(deliver_aid_injured_victim -> (F avoid_probable_fire_source)) # Wait, the prompt says ""avoid the probable_fire_source must have held beforehand"". This implies a precedence relationship: avoid must happen before deliver. In LTL, ""A must happen before B"" is typically represented as !B U A.",
ARTEMIS,45,"If deliver_aid the injured_victim ever holds, avoid the probable_fire_source must have held beforehand.",F deliver_aid_injured_victim -> (!deliver_aid_injured_victim U (avoid_probable_fire_source & !deliver_aid_injured_victim)),"G(deliver_aid_injured_victim -> (F avoid_probable_fire_source V deliver_aid_injured_victim)) # This is conceptually complex. Let's use the standard ""before"" pattern:",
ARTEMIS,45,"If deliver_aid the injured_victim ever holds, avoid the probable_fire_source must have held beforehand.",F deliver_aid_injured_victim -> (!deliver_aid_injured_victim U (avoid_probable_fire_source & !deliver_aid_injured_victim)),G(deliver_aid_injured_victim -> (avoid_probable_fire_source V deliver_aid_injured_victim)),False
ARTEMIS,45,"If deliver_aid the injured_victim ever holds, avoid the probable_fire_source must have held beforehand.",F deliver_aid_injured_victim -> (!deliver_aid_injured_victim U (avoid_probable_fire_source & !deliver_aid_injured_victim)),G(deliver_aid_injured_victim -> (F avoid_probable_fire_source V deliver_aid_injured_victim)) -> ! (G(deliver_aid_injured_victim -> (avoid_probable_fire_source U deliver_aid_injured_victim))),False
ARTEMIS,45,"If deliver_aid the injured_victim ever holds, avoid the probable_fire_source must have held beforehand.",F deliver_aid_injured_victim -> (!deliver_aid_injured_victim U (avoid_probable_fire_source & !deliver_aid_injured_victim)),G(deliver_aid_injured_victim -> (avoid_probable_fire_source V deliver_aid_injured_victim)),False
ARTEMIS,45,"If deliver_aid the injured_victim ever holds, avoid the probable_fire_source must have held beforehand.",F deliver_aid_injured_victim -> (!deliver_aid_injured_victim U (avoid_probable_fire_source & !deliver_aid_injured_victim)),G(deliver_aid_injured_victim -> (avoid_probable_fire_source V deliver_aid_injured_victim)),False
ARTEMIS,45,"If deliver_aid the injured_victim ever holds, avoid the probable_fire_source must have held beforehand.",F deliver_aid_injured_victim -> (!deliver_aid_injured_victim U (avoid_probable_fire_source & !deliver_aid_injured_victim)),G(deliver_aid_injured_victim -> (avoid_probable_fire_source V deliver_aid_injured_victim)),False
ARTEMIS,45,"If deliver_aid the injured_victim ever holds, avoid the probable_fire_source must have held beforehand.",F deliver_aid_injured_victim -> (!deliver_aid_injured_victim U (avoid_probable_fire_source & !deliver_aid_injured_victim)),G(deliver_aid_injured_victim -> O avoid_probable_fire_source),
ARTEMIS,45,"If deliver_aid the injured_victim ever holds, avoid the probable_fire_source must have held beforehand.",F deliver_aid_injured_victim -> (!deliver_aid_injured_victim U (avoid_probable_fire_source & !deliver_aid_injured_victim)),G(deliver_aid_injured_victim -> (F avoid_probable_fire_source V deliver_aid_injured_victim)),False
ARTEMIS,45,"If deliver_aid the injured_victim ever holds, avoid the probable_fire_source must have held beforehand.",F deliver_aid_injured_victim -> (!deliver_aid_injured_victim U (avoid_probable_fire_source & !deliver_aid_injured_victim)),G(deliver_aid_injured_victim -> O(avoid_probable_fire_source)),
ARTEMIS,45,"If deliver_aid the injured_victim ever holds, avoid the probable_fire_source must have held beforehand.",F deliver_aid_injured_victim -> (!deliver_aid_injured_victim U (avoid_probable_fire_source & !deliver_aid_injured_victim)),G(deliver_aid_injured_victim -> O avoid_probable_fire_source),
ARTEMIS,45,"If deliver_aid the injured_victim ever holds, avoid the probable_fire_source must have held beforehand.",F deliver_aid_injured_victim -> (!deliver_aid_injured_victim U (avoid_probable_fire_source & !deliver_aid_injured_victim)),"G(deliver_aid_injured_victim -> (F avoid_probable_fire_source)) # Wait, ""must have held beforehand"" implies the fire source avoidance happened before the aid. Let's re-evaluate.",
ARTEMIS,45,"If deliver_aid the injured_victim ever holds, avoid the probable_fire_source must have held beforehand.",F deliver_aid_injured_victim -> (!deliver_aid_injured_victim U (avoid_probable_fire_source & !deliver_aid_injured_victim)),"G(deliver_aid_injured_victim -> (F avoid_probable_fire_source V deliver_aid_injured_victim)) # Incorrect logic for ""beforehand""",
ARTEMIS,45,"If deliver_aid the injured_victim ever holds, avoid the probable_fire_source must have held beforehand.",F deliver_aid_injured_victim -> (!deliver_aid_injured_victim U (avoid_probable_fire_source & !deliver_aid_injured_victim)),G(deliver_aid_injured_victim -> (F avoid_probable_fire_source V deliver_aid_injured_victim)),False
ARTEMIS,45,"If deliver_aid the injured_victim ever holds, avoid the probable_fire_source must have held beforehand.",F deliver_aid_injured_victim -> (!deliver_aid_injured_victim U (avoid_probable_fire_source & !deliver_aid_injured_victim)),G(deliver_aid_injured_victim -> (F avoid_probable_fire_source V deliver_aid_injured_victim)),False
ARTEMIS,45,"If deliver_aid the injured_victim ever holds, avoid the probable_fire_source must have held beforehand.",F deliver_aid_injured_victim -> (!deliver_aid_injured_victim U (avoid_probable_fire_source & !deliver_aid_injured_victim)),G(deliver_aid_injured_victim -> O avoid_probable_fire_source),
ARTEMIS,45,"If deliver_aid the injured_victim ever holds, avoid the probable_fire_source must have held beforehand.",F deliver_aid_injured_victim -> (!deliver_aid_injured_victim U (avoid_probable_fire_source & !deliver_aid_injured_victim)),G(deliver_aid_injured_victim -> O avoid_probable_fire_source),
ARTEMIS,45,"If deliver_aid the injured_victim ever holds, avoid the probable_fire_source must have held beforehand.",F deliver_aid_injured_victim -> (!deliver_aid_injured_victim U (avoid_probable_fire_source & !deliver_aid_injured_victim)),"G(deliver_aid_injured_victim -> (F avoid_probable_fire_source)) # Wait, the natural language says ""must have held beforehand"".",
ARTEMIS,45,"If deliver_aid the injured_victim ever holds, avoid the probable_fire_source must have held beforehand.",F deliver_aid_injured_victim -> (!deliver_aid_injured_victim U (avoid_probable_fire_source & !deliver_aid_injured_victim)),G(deliver_aid_injured_victim -> (F avoid_probable_fire_source V deliver_aid_injured_victim)),False
ARTEMIS,45,"If deliver_aid the injured_victim ever holds, avoid the probable_fire_source must have held beforehand.",F deliver_aid_injured_victim -> (!deliver_aid_injured_victim U (avoid_probable_fire_source & !deliver_aid_injured_victim)),G(deliver_aid_injured_victim -> (F avoid_probable_fire_source V deliver_aid_injured_victim)),False
ARTEMIS,45,"If deliver_aid the injured_victim ever holds, avoid the probable_fire_source must have held beforehand.",F deliver_aid_injured_victim -> (!deliver_aid_injured_victim U (avoid_probable_fire_source & !deliver_aid_injured_victim)),"G(deliver_aid_injured_victim -> (F avoid_probable_fire_source)) # Wait, the phrasing ""must have held beforehand"" implies that if the goal happens, the avoidance must have occurred in the past. In LTL, this is typically expressed as: the goal cannot happen unless the avoidance happened first.",
ARTEMIS,45,"If deliver_aid the injured_victim ever holds, avoid the probable_fire_source must have held beforehand.",F deliver_aid_injured_victim -> (!deliver_aid_injured_victim U (avoid_probable_fire_source & !deliver_aid_injured_victim)),"G(deliver_aid_injured_victim -> (F avoid_probable_fire_source)) # This is not correct based on ""beforehand"".",
ARTEMIS,45,"If deliver_aid the injured_victim ever holds, avoid the probable_fire_source must have held beforehand.",F deliver_aid_injured_victim -> (!deliver_aid_injured_victim U (avoid_probable_fire_source & !deliver_aid_injured_victim)),G(deliver_aid_injured_victim -> (avoid_probable_fire_source V deliver_aid_injured_victim)),False
ARTEMIS,45,"If deliver_aid the injured_victim ever holds, avoid the probable_fire_source must have held beforehand.",F deliver_aid_injured_victim -> (!deliver_aid_injured_victim U (avoid_probable_fire_source & !deliver_aid_injured_victim)),G(deliver_aid_injured_victim -> (F avoid_probable_fire_source V deliver_aid_injured_victim)),False
ARTEMIS,45,"If deliver_aid the injured_victim ever holds, avoid the probable_fire_source must have held beforehand.",F deliver_aid_injured_victim -> (!deliver_aid_injured_victim U (avoid_probable_fire_source & !deliver_aid_injured_victim)),G(deliver_aid_injured_victim -> (F avoid_probable_fire_source V deliver_aid_injured_victim)) -> G(deliver_aid_injured_victim -> (avoid_probable_fire_source U deliver_aid_injured_victim)) -> G(!deliver_aid_injured_victim | (avoid_probable_fire_source U deliver_aid_injured_victim)) -> G(deliver_aid_injured_victim -> (avoid_probable_fire_source U deliver_aid_injured_victim)) -> G(deliver_aid_injured_victim -> (avoid_probable_fire_source U deliver_aid_injured_victim)),False
ARTEMIS,45,"If deliver_aid the injured_victim ever holds, avoid the probable_fire_source must have held beforehand.",F deliver_aid_injured_victim -> (!deliver_aid_injured_victim U (avoid_probable_fire_source & !deliver_aid_injured_victim)),G(deliver_aid_injured_victim -> O avoid_probable_fire_source),
ARTEMIS,45,"If deliver_aid the injured_victim ever holds, avoid the probable_fire_source must have held beforehand.",F deliver_aid_injured_victim -> (!deliver_aid_injured_victim U (avoid_probable_fire_source & !deliver_aid_injured_victim)),G(deliver_aid_injured_victim -> (avoid_probable_fire_source V deliver_aid_injured_victim)),False
ARTEMIS,45,"If deliver_aid the injured_victim ever holds, avoid the probable_fire_source must have held beforehand.",F deliver_aid_injured_victim -> (!deliver_aid_injured_victim U (avoid_probable_fire_source & !deliver_aid_injured_victim)),G(deliver_aid_injured_victim -> (avoid_probable_fire_source V deliver_aid_injured_victim)),False
ARTEMIS,45,"If deliver_aid the injured_victim ever holds, avoid the probable_fire_source must have held beforehand.",F deliver_aid_injured_victim -> (!deliver_aid_injured_victim U (avoid_probable_fire_source & !deliver_aid_injured_victim)),G(deliver_aid_injured_victim -> (avoid_probable_fire_source V deliver_aid_injured_victim)),False
ARTEMIS,45,"If deliver_aid the injured_victim ever holds, avoid the probable_fire_source must have held beforehand.",F deliver_aid_injured_victim -> (!deliver_aid_injured_victim U (avoid_probable_fire_source & !deliver_aid_injured_victim)),G(deliver_aid_injured_victim -> O(avoid_probable_fire_source)),
ARTEMIS,45,"If deliver_aid the injured_victim ever holds, avoid the probable_fire_source must have held beforehand.",F deliver_aid_injured_victim -> (!deliver_aid_injured_victim U (avoid_probable_fire_source & !deliver_aid_injured_victim)),G(deliver_aid_injured_victim -> (avoid_probable_fire_source V deliver_aid_injured_victim)),False
ARTEMIS,45,"If deliver_aid the injured_victim ever holds, avoid the probable_fire_source must have held beforehand.",F deliver_aid_injured_victim -> (!deliver_aid_injured_victim U (avoid_probable_fire_source & !deliver_aid_injured_victim)),G(deliver_aid_injured_victim -> (avoid_probable_fire_source V deliver_aid_injured_victim)),False
ARTEMIS,45,"If deliver_aid the injured_victim ever holds, avoid the probable_fire_source must have held beforehand.",F deliver_aid_injured_victim -> (!deliver_aid_injured_victim U (avoid_probable_fire_source & !deliver_aid_injured_victim)),"G(deliver_aid_injured_victim -> (F avoid_probable_fire_source)) # Wait, ""must have held beforehand"" implies the avoid action happened before the delivery.",
ARTEMIS,45,"If deliver_aid the injured_victim ever holds, avoid the probable_fire_source must have held beforehand.",F deliver_aid_injured_victim -> (!deliver_aid_injured_victim U (avoid_probable_fire_source & !deliver_aid_injured_victim)),G(deliver_aid_injured_victim -> (avoid_probable_fire_source V deliver_aid_injured_victim)),False
ARTEMIS,45,"If deliver_aid the injured_victim ever holds, avoid the probable_fire_source must have held beforehand.",F deliver_aid_injured_victim -> (!deliver_aid_injured_victim U (avoid_probable_fire_source & !deliver_aid_injured_victim)),G(deliver_aid_injured_victim -> (F avoid_probable_fire_source V deliver_aid_injured_victim)),False
ARTEMIS,45,"If deliver_aid the injured_victim ever holds, avoid the probable_fire_source must have held beforehand.",F deliver_aid_injured_victim -> (!deliver_aid_injured_victim U (avoid_probable_fire_source & !deliver_aid_injured_victim)),G(deliver_aid_injured_victim -> (avoid_probable_fire_source V deliver_aid_injured_victim)),False
ARTEMIS,45,"If deliver_aid the injured_victim ever holds, avoid the probable_fire_source must have held beforehand.",F deliver_aid_injured_victim -> (!deliver_aid_injured_victim U (avoid_probable_fire_source & !deliver_aid_injured_victim)),G(deliver_aid_injured_victim -> (F avoid_probable_fire_source V deliver_aid_injured_victim)),False
ARTEMIS,45,"If deliver_aid the injured_victim ever holds, avoid the probable_fire_source must have held beforehand.",F deliver_aid_injured_victim -> (!deliver_aid_injured_victim U (avoid_probable_fire_source & !deliver_aid_injured_victim)),"G(deliver_aid_injured_victim -> (F avoid_probable_fire_source V deliver_aid_injured_victim)) # Wait, the prompt says ""avoid... must have held beforehand"". This means avoid must happen before deliver_aid.",
ARTEMIS,87,"It should be the case that if ( prop_1 ) is not detected then ( prop_3 ) , and equivalently ( prop_2 ) should be detected .",prop_2 <-> (!prop_1 -> prop_3),G(!prop_1 -> (prop_3 <-> prop_2)),False
ARTEMIS,87,"It should be the case that if ( prop_1 ) is not detected then ( prop_3 ) , and equivalently ( prop_2 ) should be detected .",prop_2 <-> (!prop_1 -> prop_3),G(!prop_1 -> (prop_3 <-> prop_2)),False
ARTEMIS,87,"It should be the case that if ( prop_1 ) is not detected then ( prop_3 ) , and equivalently ( prop_2 ) should be detected .",prop_2 <-> (!prop_1 -> prop_3),G(!prop_1 -> (prop_3 <-> prop_2)),False
ARTEMIS,87,"It should be the case that if ( prop_1 ) is not detected then ( prop_3 ) , and equivalently ( prop_2 ) should be detected .",prop_2 <-> (!prop_1 -> prop_3),G(!prop_1 -> (prop_3 <-> prop_2)),False
ARTEMIS,87,"It should be the case that if ( prop_1 ) is not detected then ( prop_3 ) , and equivalently ( prop_2 ) should be detected .",prop_2 <-> (!prop_1 -> prop_3),G(!prop_1 -> (prop_3 <-> prop_2)),False
ARTEMIS,87,"It should be the case that if ( prop_1 ) is not detected then ( prop_3 ) , and equivalently ( prop_2 ) should be detected .",prop_2 <-> (!prop_1 -> prop_3),G(!prop_1 -> (prop_3 <-> prop_2)),False
ARTEMIS,87,"It should be the case that if ( prop_1 ) is not detected then ( prop_3 ) , and equivalently ( prop_2 ) should be detected .",prop_2 <-> (!prop_1 -> prop_3),G(!prop_1 -> (prop_3 <-> prop_2)),False
ARTEMIS,87,"It should be the case that if ( prop_1 ) is not detected then ( prop_3 ) , and equivalently ( prop_2 ) should be detected .",prop_2 <-> (!prop_1 -> prop_3),(!prop_1 -> (prop_3 <-> prop_2)),False
ARTEMIS,87,"It should be the case that if ( prop_1 ) is not detected then ( prop_3 ) , and equivalently ( prop_2 ) should be detected .",prop_2 <-> (!prop_1 -> prop_3),G(!prop_1 -> (prop_3 <-> prop_2)),False
ARTEMIS,87,"It should be the case that if ( prop_1 ) is not detected then ( prop_3 ) , and equivalently ( prop_2 ) should be detected .",prop_2 <-> (!prop_1 -> prop_3),G(!prop_1 -> (prop_3 <-> prop_2)),False
ARTEMIS,87,"It should be the case that if ( prop_1 ) is not detected then ( prop_3 ) , and equivalently ( prop_2 ) should be detected .",prop_2 <-> (!prop_1 -> prop_3),G(!prop_1 -> (prop_3 <-> prop_2)),False
ARTEMIS,87,"It should be the case that if ( prop_1 ) is not detected then ( prop_3 ) , and equivalently ( prop_2 ) should be detected .",prop_2 <-> (!prop_1 -> prop_3),(!prop_1 -> (prop_3 <-> prop_2)),False
ARTEMIS,87,"It should be the case that if ( prop_1 ) is not detected then ( prop_3 ) , and equivalently ( prop_2 ) should be detected .",prop_2 <-> (!prop_1 -> prop_3),G(!prop_1 -> (prop_3 <-> prop_2)),False
ARTEMIS,87,"It should be the case that if ( prop_1 ) is not detected then ( prop_3 ) , and equivalently ( prop_2 ) should be detected .",prop_2 <-> (!prop_1 -> prop_3),G(!prop_1 -> (prop_3 <-> prop_2)),False
ARTEMIS,87,"It should be the case that if ( prop_1 ) is not detected then ( prop_3 ) , and equivalently ( prop_2 ) should be detected .",prop_2 <-> (!prop_1 -> prop_3),G(!prop_1 -> (prop_3 <-> prop_2)),False
ARTEMIS,87,"It should be the case that if ( prop_1 ) is not detected then ( prop_3 ) , and equivalently ( prop_2 ) should be detected .",prop_2 <-> (!prop_1 -> prop_3),G(!prop_1 -> (prop_3 <-> prop_2)),False
ARTEMIS,87,"It should be the case that if ( prop_1 ) is not detected then ( prop_3 ) , and equivalently ( prop_2 ) should be detected .",prop_2 <-> (!prop_1 -> prop_3),G(!prop_1 -> (prop_3 <-> prop_2)),False
ARTEMIS,87,"It should be the case that if ( prop_1 ) is not detected then ( prop_3 ) , and equivalently ( prop_2 ) should be detected .",prop_2 <-> (!prop_1 -> prop_3),G((!prop_1 -> prop_3) <-> prop_2),False
ARTEMIS,87,"It should be the case that if ( prop_1 ) is not detected then ( prop_3 ) , and equivalently ( prop_2 ) should be detected .",prop_2 <-> (!prop_1 -> prop_3),G(!prop_1 -> (prop_3 <-> prop_2)),False
ARTEMIS,87,"It should be the case that if ( prop_1 ) is not detected then ( prop_3 ) , and equivalently ( prop_2 ) should be detected .",prop_2 <-> (!prop_1 -> prop_3),G(!prop_1 -> (prop_3 <-> prop_2)),False
ARTEMIS,87,"It should be the case that if ( prop_1 ) is not detected then ( prop_3 ) , and equivalently ( prop_2 ) should be detected .",prop_2 <-> (!prop_1 -> prop_3),G(!prop_1 -> (prop_3 <-> prop_2)),False
ARTEMIS,87,"It should be the case that if ( prop_1 ) is not detected then ( prop_3 ) , and equivalently ( prop_2 ) should be detected .",prop_2 <-> (!prop_1 -> prop_3),G(!prop_1 -> (prop_3 <-> prop_2)),False
ARTEMIS,87,"It should be the case that if ( prop_1 ) is not detected then ( prop_3 ) , and equivalently ( prop_2 ) should be detected .",prop_2 <-> (!prop_1 -> prop_3),(!prop_1 -> (prop_3 <-> prop_2)),False
ARTEMIS,87,"It should be the case that if ( prop_1 ) is not detected then ( prop_3 ) , and equivalently ( prop_2 ) should be detected .",prop_2 <-> (!prop_1 -> prop_3),G(!prop_1 -> (prop_3 <-> prop_2)),False
ARTEMIS,87,"It should be the case that if ( prop_1 ) is not detected then ( prop_3 ) , and equivalently ( prop_2 ) should be detected .",prop_2 <-> (!prop_1 -> prop_3),G(!prop_1 -> (prop_3 <-> prop_2)),False
ARTEMIS,87,"It should be the case that if ( prop_1 ) is not detected then ( prop_3 ) , and equivalently ( prop_2 ) should be detected .",prop_2 <-> (!prop_1 -> prop_3),G(!prop_1 -> (prop_3 <-> prop_2)),False
ARTEMIS,87,"It should be the case that if ( prop_1 ) is not detected then ( prop_3 ) , and equivalently ( prop_2 ) should be detected .",prop_2 <-> (!prop_1 -> prop_3),G(!prop_1 -> (prop_3 <-> prop_2)),False
ARTEMIS,87,"It should be the case that if ( prop_1 ) is not detected then ( prop_3 ) , and equivalently ( prop_2 ) should be detected .",prop_2 <-> (!prop_1 -> prop_3),G(!prop_1 -> (prop_3 <-> prop_2)),False
ARTEMIS,87,"It should be the case that if ( prop_1 ) is not detected then ( prop_3 ) , and equivalently ( prop_2 ) should be detected .",prop_2 <-> (!prop_1 -> prop_3),G((!prop_1 -> prop_3) <-> prop_2),False
ARTEMIS,87,"It should be the case that if ( prop_1 ) is not detected then ( prop_3 ) , and equivalently ( prop_2 ) should be detected .",prop_2 <-> (!prop_1 -> prop_3),G((!prop_1 -> prop_3) <-> prop_2),False
ARTEMIS,87,"It should be the case that if ( prop_1 ) is not detected then ( prop_3 ) , and equivalently ( prop_2 ) should be detected .",prop_2 <-> (!prop_1 -> prop_3),G(!prop_1 -> (prop_3 <-> prop_2)),False
ARTEMIS,87,"It should be the case that if ( prop_1 ) is not detected then ( prop_3 ) , and equivalently ( prop_2 ) should be detected .",prop_2 <-> (!prop_1 -> prop_3),G(!prop_1 -> (prop_3 <-> prop_2)),False
ARTEMIS,87,"It should be the case that if ( prop_1 ) is not detected then ( prop_3 ) , and equivalently ( prop_2 ) should be detected .",prop_2 <-> (!prop_1 -> prop_3),G((!prop_1 -> prop_3) <-> prop_2),False
ARTEMIS,87,"It should be the case that if ( prop_1 ) is not detected then ( prop_3 ) , and equivalently ( prop_2 ) should be detected .",prop_2 <-> (!prop_1 -> prop_3),G(!prop_1 -> (prop_3 <-> prop_2)),False
ARTEMIS,87,"It should be the case that if ( prop_1 ) is not detected then ( prop_3 ) , and equivalently ( prop_2 ) should be detected .",prop_2 <-> (!prop_1 -> prop_3),(!prop_1 -> (prop_3 <-> prop_2)),False
ARTEMIS,87,"It should be the case that if ( prop_1 ) is not detected then ( prop_3 ) , and equivalently ( prop_2 ) should be detected .",prop_2 <-> (!prop_1 -> prop_3),G((!prop_1 -> prop_3) <-> prop_2),False
ARTEMIS,87,"It should be the case that if ( prop_1 ) is not detected then ( prop_3 ) , and equivalently ( prop_2 ) should be detected .",prop_2 <-> (!prop_1 -> prop_3),G(!prop_1 -> (prop_3 <-> prop_2)),False
ARTEMIS,87,"It should be the case that if ( prop_1 ) is not detected then ( prop_3 ) , and equivalently ( prop_2 ) should be detected .",prop_2 <-> (!prop_1 -> prop_3),G(!prop_1 -> (prop_3 <-> prop_2)),False
ARTEMIS,87,"It should be the case that if ( prop_1 ) is not detected then ( prop_3 ) , and equivalently ( prop_2 ) should be detected .",prop_2 <-> (!prop_1 -> prop_3),G(!prop_1 -> (prop_3 <-> prop_2)),False
ARTEMIS,87,"It should be the case that if ( prop_1 ) is not detected then ( prop_3 ) , and equivalently ( prop_2 ) should be detected .",prop_2 <-> (!prop_1 -> prop_3),G(!prop_1 -> (prop_3 <-> prop_2)),False
ARTEMIS,87,"It should be the case that if ( prop_1 ) is not detected then ( prop_3 ) , and equivalently ( prop_2 ) should be detected .",prop_2 <-> (!prop_1 -> prop_3),(!prop_1 -> (prop_3 <-> prop_2)),False
ARTEMIS,87,"It should be the case that if ( prop_1 ) is not detected then ( prop_3 ) , and equivalently ( prop_2 ) should be detected .",prop_2 <-> (!prop_1 -> prop_3),G(!prop_1 -> (prop_3 <-> prop_2)),False
ARTEMIS,87,"It should be the case that if ( prop_1 ) is not detected then ( prop_3 ) , and equivalently ( prop_2 ) should be detected .",prop_2 <-> (!prop_1 -> prop_3),G(!prop_1 -> (prop_3 <-> prop_2)),False
ARTEMIS,87,"It should be the case that if ( prop_1 ) is not detected then ( prop_3 ) , and equivalently ( prop_2 ) should be detected .",prop_2 <-> (!prop_1 -> prop_3),G(!prop_1 -> (prop_3 <-> prop_2)),False
ARTEMIS,87,"It should be the case that if ( prop_1 ) is not detected then ( prop_3 ) , and equivalently ( prop_2 ) should be detected .",prop_2 <-> (!prop_1 -> prop_3),(!prop_1 -> (prop_3 <-> prop_2)),False
ARTEMIS,87,"It should be the case that if ( prop_1 ) is not detected then ( prop_3 ) , and equivalently ( prop_2 ) should be detected .",prop_2 <-> (!prop_1 -> prop_3),G((!prop_1 -> prop_3) <-> prop_2),False
ARTEMIS,87,"It should be the case that if ( prop_1 ) is not detected then ( prop_3 ) , and equivalently ( prop_2 ) should be detected .",prop_2 <-> (!prop_1 -> prop_3),G(!prop_1 -> (prop_3 <-> prop_2)),False
ARTEMIS,87,"It should be the case that if ( prop_1 ) is not detected then ( prop_3 ) , and equivalently ( prop_2 ) should be detected .",prop_2 <-> (!prop_1 -> prop_3),G(!prop_1 -> (prop_3 <-> prop_2)),False
ARTEMIS,87,"It should be the case that if ( prop_1 ) is not detected then ( prop_3 ) , and equivalently ( prop_2 ) should be detected .",prop_2 <-> (!prop_1 -> prop_3),G(!prop_1 -> (prop_3 <-> prop_2)),False
ARTEMIS,87,"It should be the case that if ( prop_1 ) is not detected then ( prop_3 ) , and equivalently ( prop_2 ) should be detected .",prop_2 <-> (!prop_1 -> prop_3),G(!prop_1 -> (prop_3 <-> prop_2)),False
ARTEMIS,87,"It should be the case that if ( prop_1 ) is not detected then ( prop_3 ) , and equivalently ( prop_2 ) should be detected .",prop_2 <-> (!prop_1 -> prop_3),G((!prop_1 -> prop_3) <-> prop_2),False
ARTEMIS,87,"It should be the case that if ( prop_1 ) is not detected then ( prop_3 ) , and equivalently ( prop_2 ) should be detected .",prop_2 <-> (!prop_1 -> prop_3),G((!prop_1 -> prop_3) <-> prop_2),False
ARTEMIS,87,"It should be the case that if ( prop_1 ) is not detected then ( prop_3 ) , and equivalently ( prop_2 ) should be detected .",prop_2 <-> (!prop_1 -> prop_3),G(!prop_1 -> (prop_3 <-> prop_2)),False
ARTEMIS,87,"It should be the case that if ( prop_1 ) is not detected then ( prop_3 ) , and equivalently ( prop_2 ) should be detected .",prop_2 <-> (!prop_1 -> prop_3),G(!prop_1 -> (prop_3 <-> prop_2)),False
ARTEMIS,87,"It should be the case that if ( prop_1 ) is not detected then ( prop_3 ) , and equivalently ( prop_2 ) should be detected .",prop_2 <-> (!prop_1 -> prop_3),G(!prop_1 -> (prop_3 <-> prop_2)),False
ARTEMIS,87,"It should be the case that if ( prop_1 ) is not detected then ( prop_3 ) , and equivalently ( prop_2 ) should be detected .",prop_2 <-> (!prop_1 -> prop_3),G(!prop_1 -> (prop_3 <-> prop_2)),False
ARTEMIS,87,"It should be the case that if ( prop_1 ) is not detected then ( prop_3 ) , and equivalently ( prop_2 ) should be detected .",prop_2 <-> (!prop_1 -> prop_3),G(!prop_1 -> (prop_3 <-> prop_2)),False
ARTEMIS,87,"It should be the case that if ( prop_1 ) is not detected then ( prop_3 ) , and equivalently ( prop_2 ) should be detected .",prop_2 <-> (!prop_1 -> prop_3),G(!prop_1 -> (prop_3 <-> prop_2)),False
ARTEMIS,87,"It should be the case that if ( prop_1 ) is not detected then ( prop_3 ) , and equivalently ( prop_2 ) should be detected .",prop_2 <-> (!prop_1 -> prop_3),G(!prop_1 -> (prop_3 <-> prop_2)),False
ARTEMIS,87,"It should be the case that if ( prop_1 ) is not detected then ( prop_3 ) , and equivalently ( prop_2 ) should be detected .",prop_2 <-> (!prop_1 -> prop_3),G(!prop_1 -> (prop_3 <-> prop_2)),False
ARTEMIS,87,"It should be the case that if ( prop_1 ) is not detected then ( prop_3 ) , and equivalently ( prop_2 ) should be detected .",prop_2 <-> (!prop_1 -> prop_3),G(!prop_1 -> (prop_3 <-> prop_2)),False
ARTEMIS,87,"It should be the case that if ( prop_1 ) is not detected then ( prop_3 ) , and equivalently ( prop_2 ) should be detected .",prop_2 <-> (!prop_1 -> prop_3),G(!prop_1 -> (prop_3 <-> prop_2)),False
ARTEMIS,87,"It should be the case that if ( prop_1 ) is not detected then ( prop_3 ) , and equivalently ( prop_2 ) should be detected .",prop_2 <-> (!prop_1 -> prop_3),G(!prop_1 -> (prop_3 <-> prop_2)),False
ARTEMIS,87,"It should be the case that if ( prop_1 ) is not detected then ( prop_3 ) , and equivalently ( prop_2 ) should be detected .",prop_2 <-> (!prop_1 -> prop_3),G(!prop_1 -> (prop_3 <-> prop_2)),False
ARTEMIS,87,"It should be the case that if ( prop_1 ) is not detected then ( prop_3 ) , and equivalently ( prop_2 ) should be detected .",prop_2 <-> (!prop_1 -> prop_3),G((!prop_1 -> prop_3) <-> prop_2),False
ARTEMIS,87,"It should be the case that if ( prop_1 ) is not detected then ( prop_3 ) , and equivalently ( prop_2 ) should be detected .",prop_2 <-> (!prop_1 -> prop_3),(!prop_1 -> (prop_3 <-> prop_2)),False
ARTEMIS,87,"It should be the case that if ( prop_1 ) is not detected then ( prop_3 ) , and equivalently ( prop_2 ) should be detected .",prop_2 <-> (!prop_1 -> prop_3),G((!prop_1 -> prop_3) <-> prop_2),False
ARTEMIS,87,"It should be the case that if ( prop_1 ) is not detected then ( prop_3 ) , and equivalently ( prop_2 ) should be detected .",prop_2 <-> (!prop_1 -> prop_3),G((!prop_1 -> prop_3) <-> prop_2),False
ARTEMIS,87,"It should be the case that if ( prop_1 ) is not detected then ( prop_3 ) , and equivalently ( prop_2 ) should be detected .",prop_2 <-> (!prop_1 -> prop_3),G(!prop_1 -> (prop_3 <-> prop_2)),False
ARTEMIS,87,"It should be the case that if ( prop_1 ) is not detected then ( prop_3 ) , and equivalently ( prop_2 ) should be detected .",prop_2 <-> (!prop_1 -> prop_3),G(!prop_1 -> (prop_3 <-> prop_2)),False
ARTEMIS,87,"It should be the case that if ( prop_1 ) is not detected then ( prop_3 ) , and equivalently ( prop_2 ) should be detected .",prop_2 <-> (!prop_1 -> prop_3),(!prop_1 -> (prop_3 <-> prop_2)),False
ARTEMIS,87,"It should be the case that if ( prop_1 ) is not detected then ( prop_3 ) , and equivalently ( prop_2 ) should be detected .",prop_2 <-> (!prop_1 -> prop_3),(!prop_1 -> (prop_3 <-> prop_2)),False
ARTEMIS,87,"It should be the case that if ( prop_1 ) is not detected then ( prop_3 ) , and equivalently ( prop_2 ) should be detected .",prop_2 <-> (!prop_1 -> prop_3),(!prop_1 -> (prop_3 <-> prop_2)),False
ARTEMIS,87,"It should be the case that if ( prop_1 ) is not detected then ( prop_3 ) , and equivalently ( prop_2 ) should be detected .",prop_2 <-> (!prop_1 -> prop_3),G((!prop_1 -> prop_3) <-> prop_2),False
ARTEMIS,87,"It should be the case that if ( prop_1 ) is not detected then ( prop_3 ) , and equivalently ( prop_2 ) should be detected .",prop_2 <-> (!prop_1 -> prop_3),G(!prop_1 -> (prop_3 <-> prop_2)),False
ARTEMIS,87,"It should be the case that if ( prop_1 ) is not detected then ( prop_3 ) , and equivalently ( prop_2 ) should be detected .",prop_2 <-> (!prop_1 -> prop_3),(!prop_1 -> (prop_3 <-> prop_2)),False
ARTEMIS,87,"It should be the case that if ( prop_1 ) is not detected then ( prop_3 ) , and equivalently ( prop_2 ) should be detected .",prop_2 <-> (!prop_1 -> prop_3),G(!prop_1 -> (prop_3 <-> prop_2)),False
ARTEMIS,87,"It should be the case that if ( prop_1 ) is not detected then ( prop_3 ) , and equivalently ( prop_2 ) should be detected .",prop_2 <-> (!prop_1 -> prop_3),G((!prop_1 -> prop_3) <-> prop_2),False
ARTEMIS,87,"It should be the case that if ( prop_1 ) is not detected then ( prop_3 ) , and equivalently ( prop_2 ) should be detected .",prop_2 <-> (!prop_1 -> prop_3),G(!prop_1 -> (prop_3 <-> prop_2)),False
ARTEMIS,87,"It should be the case that if ( prop_1 ) is not detected then ( prop_3 ) , and equivalently ( prop_2 ) should be detected .",prop_2 <-> (!prop_1 -> prop_3),G(!prop_1 -> (prop_3 <-> prop_2)),False
ARTEMIS,87,"It should be the case that if ( prop_1 ) is not detected then ( prop_3 ) , and equivalently ( prop_2 ) should be detected .",prop_2 <-> (!prop_1 -> prop_3),G((!prop_1 -> prop_3) <-> prop_2),False
ARTEMIS,87,"It should be the case that if ( prop_1 ) is not detected then ( prop_3 ) , and equivalently ( prop_2 ) should be detected .",prop_2 <-> (!prop_1 -> prop_3),G((!prop_1 -> prop_3) <-> prop_2),False
ARTEMIS,87,"It should be the case that if ( prop_1 ) is not detected then ( prop_3 ) , and equivalently ( prop_2 ) should be detected .",prop_2 <-> (!prop_1 -> prop_3),(!prop_1 -> (prop_3 <-> prop_2)),False
ARTEMIS,87,"It should be the case that if ( prop_1 ) is not detected then ( prop_3 ) , and equivalently ( prop_2 ) should be detected .",prop_2 <-> (!prop_1 -> prop_3),G((!prop_1 -> prop_3) <-> prop_2),False
ARTEMIS,87,"It should be the case that if ( prop_1 ) is not detected then ( prop_3 ) , and equivalently ( prop_2 ) should be detected .",prop_2 <-> (!prop_1 -> prop_3),G((!prop_1 -> prop_3) <-> prop_2),False
ARTEMIS,87,"It should be the case that if ( prop_1 ) is not detected then ( prop_3 ) , and equivalently ( prop_2 ) should be detected .",prop_2 <-> (!prop_1 -> prop_3),G((!prop_1 -> prop_3) <-> prop_2),False
ARTEMIS,87,"It should be the case that if ( prop_1 ) is not detected then ( prop_3 ) , and equivalently ( prop_2 ) should be detected .",prop_2 <-> (!prop_1 -> prop_3),G(!prop_1 -> (prop_3 <-> prop_2)),False
ARTEMIS,87,"It should be the case that if ( prop_1 ) is not detected then ( prop_3 ) , and equivalently ( prop_2 ) should be detected .",prop_2 <-> (!prop_1 -> prop_3),G(!prop_1 -> (prop_3 <-> prop_2)),False
ARTEMIS,87,"It should be the case that if ( prop_1 ) is not detected then ( prop_3 ) , and equivalently ( prop_2 ) should be detected .",prop_2 <-> (!prop_1 -> prop_3),G((!prop_1 -> prop_3) <-> prop_2),False
ARTEMIS,87,"It should be the case that if ( prop_1 ) is not detected then ( prop_3 ) , and equivalently ( prop_2 ) should be detected .",prop_2 <-> (!prop_1 -> prop_3),G(!prop_1 -> (prop_3 <-> prop_2)),False
ARTEMIS,87,"It should be the case that if ( prop_1 ) is not detected then ( prop_3 ) , and equivalently ( prop_2 ) should be detected .",prop_2 <-> (!prop_1 -> prop_3),G(!prop_1 -> (prop_3 <-> prop_2)),False
ARTEMIS,87,"It should be the case that if ( prop_1 ) is not detected then ( prop_3 ) , and equivalently ( prop_2 ) should be detected .",prop_2 <-> (!prop_1 -> prop_3),G(!prop_1 -> (prop_3 <-> prop_2)),False
ARTEMIS,87,"It should be the case that if ( prop_1 ) is not detected then ( prop_3 ) , and equivalently ( prop_2 ) should be detected .",prop_2 <-> (!prop_1 -> prop_3),G(!prop_1 -> (prop_3 <-> prop_2)),False
ARTEMIS,87,"It should be the case that if ( prop_1 ) is not detected then ( prop_3 ) , and equivalently ( prop_2 ) should be detected .",prop_2 <-> (!prop_1 -> prop_3),G(!prop_1 -> (prop_3 <-> prop_2)),False
ARTEMIS,87,"It should be the case that if ( prop_1 ) is not detected then ( prop_3 ) , and equivalently ( prop_2 ) should be detected .",prop_2 <-> (!prop_1 -> prop_3),G(!prop_1 -> (prop_3 <-> prop_2)),False
ARTEMIS,87,"It should be the case that if ( prop_1 ) is not detected then ( prop_3 ) , and equivalently ( prop_2 ) should be detected .",prop_2 <-> (!prop_1 -> prop_3),G((!prop_1 -> prop_3) <-> prop_2),False
ARTEMIS,87,"It should be the case that if ( prop_1 ) is not detected then ( prop_3 ) , and equivalently ( prop_2 ) should be detected .",prop_2 <-> (!prop_1 -> prop_3),G(!prop_1 -> (prop_3 <-> prop_2)),False
ARTEMIS,87,"It should be the case that if ( prop_1 ) is not detected then ( prop_3 ) , and equivalently ( prop_2 ) should be detected .",prop_2 <-> (!prop_1 -> prop_3),G(!prop_1 -> (prop_3 <-> prop_2)),False
ARTEMIS,87,"It should be the case that if ( prop_1 ) is not detected then ( prop_3 ) , and equivalently ( prop_2 ) should be detected .",prop_2 <-> (!prop_1 -> prop_3),G(!prop_1 -> (prop_3 <-> prop_2)),False
ARTEMIS,87,"It should be the case that if ( prop_1 ) is not detected then ( prop_3 ) , and equivalently ( prop_2 ) should be detected .",prop_2 <-> (!prop_1 -> prop_3),G((!prop_1 -> prop_3) <-> prop_2),False
ARTEMIS,93,"(prop_2), (prop_3) as you (prop_1).",prop_2 & (prop_3 -> prop_1),G((prop_2 & prop_3) -> prop_1),False
ARTEMIS,93,"(prop_2), (prop_3) as you (prop_1).",prop_2 & (prop_3 -> prop_1),G((prop_2 & prop_3) -> prop_1),False
ARTEMIS,93,"(prop_2), (prop_3) as you (prop_1).",prop_2 & (prop_3 -> prop_1),G((prop_2 & prop_3) -> prop_1),False
ARTEMIS,93,"(prop_2), (prop_3) as you (prop_1).",prop_2 & (prop_3 -> prop_1),G((prop_2 & prop_3) -> prop_1),False
ARTEMIS,93,"(prop_2), (prop_3) as you (prop_1).",prop_2 & (prop_3 -> prop_1),G(prop_1 -> (prop_2 & prop_3)),False
ARTEMIS,93,"(prop_2), (prop_3) as you (prop_1).",prop_2 & (prop_3 -> prop_1),G((prop_2 & prop_3) -> prop_1),False
ARTEMIS,93,"(prop_2), (prop_3) as you (prop_1).",prop_2 & (prop_3 -> prop_1),G(prop_1 -> (prop_2 & prop_3)),False
ARTEMIS,93,"(prop_2), (prop_3) as you (prop_1).",prop_2 & (prop_3 -> prop_1),G((prop_2 & prop_3) -> prop_1),False
ARTEMIS,93,"(prop_2), (prop_3) as you (prop_1).",prop_2 & (prop_3 -> prop_1),G(prop_1 -> (prop_2 & prop_3)),False
ARTEMIS,93,"(prop_2), (prop_3) as you (prop_1).",prop_2 & (prop_3 -> prop_1),G(prop_1 -> (prop_2 & prop_3)),False
ARTEMIS,93,"(prop_2), (prop_3) as you (prop_1).",prop_2 & (prop_3 -> prop_1),G((prop_2 & prop_3) -> prop_1),False
ARTEMIS,93,"(prop_2), (prop_3) as you (prop_1).",prop_2 & (prop_3 -> prop_1),G((prop_2 & prop_3) -> prop_1),False
ARTEMIS,93,"(prop_2), (prop_3) as you (prop_1).",prop_2 & (prop_3 -> prop_1),G((prop_2 & prop_3) -> prop_1),False
ARTEMIS,93,"(prop_2), (prop_3) as you (prop_1).",prop_2 & (prop_3 -> prop_1),G((prop_2 & prop_3) -> prop_1),False
ARTEMIS,93,"(prop_2), (prop_3) as you (prop_1).",prop_2 & (prop_3 -> prop_1),G((prop_2 & prop_3) -> prop_1),False
ARTEMIS,93,"(prop_2), (prop_3) as you (prop_1).",prop_2 & (prop_3 -> prop_1),G(prop_1 -> (prop_2 & prop_3)),False
ARTEMIS,93,"(prop_2), (prop_3) as you (prop_1).",prop_2 & (prop_3 -> prop_1),G((prop_2 & prop_3) -> prop_1),False
ARTEMIS,93,"(prop_2), (prop_3) as you (prop_1).",prop_2 & (prop_3 -> prop_1),G(prop_1 -> (prop_2 & prop_3)),False
ARTEMIS,93,"(prop_2), (prop_3) as you (prop_1).",prop_2 & (prop_3 -> prop_1),G((prop_2 & prop_3) -> prop_1),False
ARTEMIS,93,"(prop_2), (prop_3) as you (prop_1).",prop_2 & (prop_3 -> prop_1),G((prop_2 & prop_3) -> prop_1),False
ARTEMIS,93,"(prop_2), (prop_3) as you (prop_1).",prop_2 & (prop_3 -> prop_1),G((prop_2 & prop_3) -> prop_1),False
ARTEMIS,93,"(prop_2), (prop_3) as you (prop_1).",prop_2 & (prop_3 -> prop_1),G(prop_1 -> (prop_2 & prop_3)),False
ARTEMIS,93,"(prop_2), (prop_3) as you (prop_1).",prop_2 & (prop_3 -> prop_1),G(prop_1 -> (prop_2 & prop_3)),False
ARTEMIS,93,"(prop_2), (prop_3) as you (prop_1).",prop_2 & (prop_3 -> prop_1),G((prop_2 & prop_3) -> prop_1),False
ARTEMIS,93,"(prop_2), (prop_3) as you (prop_1).",prop_2 & (prop_3 -> prop_1),G(prop_1 -> (prop_2 & prop_3)),False
ARTEMIS,93,"(prop_2), (prop_3) as you (prop_1).",prop_2 & (prop_3 -> prop_1),G((prop_2 & prop_3) -> prop_1),False
ARTEMIS,93,"(prop_2), (prop_3) as you (prop_1).",prop_2 & (prop_3 -> prop_1),G((prop_2 & prop_3) -> prop_1),False
ARTEMIS,93,"(prop_2), (prop_3) as you (prop_1).",prop_2 & (prop_3 -> prop_1),G(prop_1 -> (prop_2 & prop_3)),False
ARTEMIS,93,"(prop_2), (prop_3) as you (prop_1).",prop_2 & (prop_3 -> prop_1),G((prop_2 & prop_3) -> prop_1),False
ARTEMIS,93,"(prop_2), (prop_3) as you (prop_1).",prop_2 & (prop_3 -> prop_1),G((prop_2 & prop_3) -> prop_1),False
ARTEMIS,93,"(prop_2), (prop_3) as you (prop_1).",prop_2 & (prop_3 -> prop_1),G((prop_2 & prop_3) -> prop_1),False
ARTEMIS,93,"(prop_2), (prop_3) as you (prop_1).",prop_2 & (prop_3 -> prop_1),G((prop_2 & prop_3) -> prop_1),False
ARTEMIS,93,"(prop_2), (prop_3) as you (prop_1).",prop_2 & (prop_3 -> prop_1),G(prop_1 -> (prop_2 & prop_3)),False
ARTEMIS,93,"(prop_2), (prop_3) as you (prop_1).",prop_2 & (prop_3 -> prop_1),G((prop_2 & prop_3) -> prop_1),False
ARTEMIS,93,"(prop_2), (prop_3) as you (prop_1).",prop_2 & (prop_3 -> prop_1),G((prop_2 & prop_3) -> prop_1),False
ARTEMIS,93,"(prop_2), (prop_3) as you (prop_1).",prop_2 & (prop_3 -> prop_1),G((prop_2 & prop_3) -> prop_1),False
ARTEMIS,93,"(prop_2), (prop_3) as you (prop_1).",prop_2 & (prop_3 -> prop_1),G((prop_2 & prop_3) -> prop_1),False
ARTEMIS,93,"(prop_2), (prop_3) as you (prop_1).",prop_2 & (prop_3 -> prop_1),G((prop_2 & prop_3) -> prop_1),False
ARTEMIS,93,"(prop_2), (prop_3) as you (prop_1).",prop_2 & (prop_3 -> prop_1),G(prop_1 -> (prop_2 & prop_3)),False
ARTEMIS,93,"(prop_2), (prop_3) as you (prop_1).",prop_2 & (prop_3 -> prop_1),G((prop_2 & prop_3) -> prop_1),False
ARTEMIS,93,"(prop_2), (prop_3) as you (prop_1).",prop_2 & (prop_3 -> prop_1),G((prop_2 & prop_3) -> prop_1),False
ARTEMIS,93,"(prop_2), (prop_3) as you (prop_1).",prop_2 & (prop_3 -> prop_1),G(prop_1 -> (prop_2 & prop_3)),False
ARTEMIS,93,"(prop_2), (prop_3) as you (prop_1).",prop_2 & (prop_3 -> prop_1),G((prop_2 & prop_3) -> prop_1),False
ARTEMIS,93,"(prop_2), (prop_3) as you (prop_1).",prop_2 & (prop_3 -> prop_1),G((prop_2 & prop_3) -> prop_1),False
ARTEMIS,93,"(prop_2), (prop_3) as you (prop_1).",prop_2 & (prop_3 -> prop_1),G((prop_2 & prop_3) -> prop_1),False
ARTEMIS,93,"(prop_2), (prop_3) as you (prop_1).",prop_2 & (prop_3 -> prop_1),G((prop_2 & prop_3) -> prop_1),False
ARTEMIS,93,"(prop_2), (prop_3) as you (prop_1).",prop_2 & (prop_3 -> prop_1),G(prop_1 -> (prop_2 & prop_3)),False
ARTEMIS,93,"(prop_2), (prop_3) as you (prop_1).",prop_2 & (prop_3 -> prop_1),G(prop_1 -> (prop_2 & prop_3)),False
ARTEMIS,93,"(prop_2), (prop_3) as you (prop_1).",prop_2 & (prop_3 -> prop_1),G((prop_2 & prop_3) -> prop_1),False
ARTEMIS,93,"(prop_2), (prop_3) as you (prop_1).",prop_2 & (prop_3 -> prop_1),G((prop_2 & prop_3) -> prop_1),False
ARTEMIS,93,"(prop_2), (prop_3) as you (prop_1).",prop_2 & (prop_3 -> prop_1),G((prop_2 & prop_3) -> prop_1),False
ARTEMIS,93,"(prop_2), (prop_3) as you (prop_1).",prop_2 & (prop_3 -> prop_1),G((prop_2 & prop_3) -> prop_1),False
ARTEMIS,93,"(prop_2), (prop_3) as you (prop_1).",prop_2 & (prop_3 -> prop_1),G((prop_2 & prop_3) -> prop_1),False
ARTEMIS,93,"(prop_2), (prop_3) as you (prop_1).",prop_2 & (prop_3 -> prop_1),G((prop_2 & prop_3) -> prop_1),False
ARTEMIS,93,"(prop_2), (prop_3) as you (prop_1).",prop_2 & (prop_3 -> prop_1),G((prop_2 & prop_3) -> prop_1),False
ARTEMIS,93,"(prop_2), (prop_3) as you (prop_1).",prop_2 & (prop_3 -> prop_1),G((prop_2 & prop_3) -> prop_1),False
ARTEMIS,93,"(prop_2), (prop_3) as you (prop_1).",prop_2 & (prop_3 -> prop_1),G(prop_1 -> (prop_2 & prop_3)),False
ARTEMIS,93,"(prop_2), (prop_3) as you (prop_1).",prop_2 & (prop_3 -> prop_1),G((prop_2 & prop_3) -> prop_1),False
ARTEMIS,93,"(prop_2), (prop_3) as you (prop_1).",prop_2 & (prop_3 -> prop_1),G(prop_1 -> (prop_2 & prop_3)),False
ARTEMIS,93,"(prop_2), (prop_3) as you (prop_1).",prop_2 & (prop_3 -> prop_1),G((prop_2 & prop_3) -> prop_1),False
ARTEMIS,93,"(prop_2), (prop_3) as you (prop_1).",prop_2 & (prop_3 -> prop_1),G((prop_2 & prop_3) -> prop_1),False
ARTEMIS,93,"(prop_2), (prop_3) as you (prop_1).",prop_2 & (prop_3 -> prop_1),G((prop_2 & prop_3) -> prop_1),False
ARTEMIS,93,"(prop_2), (prop_3) as you (prop_1).",prop_2 & (prop_3 -> prop_1),G((prop_2 & prop_3) -> prop_1),False
ARTEMIS,93,"(prop_2), (prop_3) as you (prop_1).",prop_2 & (prop_3 -> prop_1),G((prop_2 & prop_3) -> prop_1),False
ARTEMIS,93,"(prop_2), (prop_3) as you (prop_1).",prop_2 & (prop_3 -> prop_1),G((prop_2 & prop_3) -> prop_1),False
ARTEMIS,93,"(prop_2), (prop_3) as you (prop_1).",prop_2 & (prop_3 -> prop_1),G(prop_1 -> (prop_2 & prop_3)),False
ARTEMIS,93,"(prop_2), (prop_3) as you (prop_1).",prop_2 & (prop_3 -> prop_1),G(prop_1 -> (prop_2 & prop_3)),False
ARTEMIS,93,"(prop_2), (prop_3) as you (prop_1).",prop_2 & (prop_3 -> prop_1),G((prop_2 & prop_3) -> prop_1),False
ARTEMIS,93,"(prop_2), (prop_3) as you (prop_1).",prop_2 & (prop_3 -> prop_1),G((prop_2 & prop_3) -> prop_1),False
ARTEMIS,93,"(prop_2), (prop_3) as you (prop_1).",prop_2 & (prop_3 -> prop_1),G(prop_1 -> (prop_2 & prop_3)),False
ARTEMIS,93,"(prop_2), (prop_3) as you (prop_1).",prop_2 & (prop_3 -> prop_1),G((prop_2 & prop_3) -> prop_1),False
ARTEMIS,93,"(prop_2), (prop_3) as you (prop_1).",prop_2 & (prop_3 -> prop_1),G((prop_2 & prop_3) -> prop_1),False
ARTEMIS,93,"(prop_2), (prop_3) as you (prop_1).",prop_2 & (prop_3 -> prop_1),G((prop_2 & prop_3) -> prop_1),False
ARTEMIS,93,"(prop_2), (prop_3) as you (prop_1).",prop_2 & (prop_3 -> prop_1),G((prop_2 & prop_3) -> prop_1),False
ARTEMIS,93,"(prop_2), (prop_3) as you (prop_1).",prop_2 & (prop_3 -> prop_1),G(prop_1 -> (prop_2 & prop_3)),False
ARTEMIS,93,"(prop_2), (prop_3) as you (prop_1).",prop_2 & (prop_3 -> prop_1),G(prop_1 -> (prop_2 & prop_3)),False
ARTEMIS,93,"(prop_2), (prop_3) as you (prop_1).",prop_2 & (prop_3 -> prop_1),G((prop_2 & prop_3) -> prop_1),False
ARTEMIS,93,"(prop_2), (prop_3) as you (prop_1).",prop_2 & (prop_3 -> prop_1),G((prop_2 & prop_3) -> prop_1),False
ARTEMIS,93,"(prop_2), (prop_3) as you (prop_1).",prop_2 & (prop_3 -> prop_1),G((prop_2 & prop_3) -> prop_1),False
ARTEMIS,93,"(prop_2), (prop_3) as you (prop_1).",prop_2 & (prop_3 -> prop_1),G((prop_2 & prop_3) -> prop_1),False
ARTEMIS,93,"(prop_2), (prop_3) as you (prop_1).",prop_2 & (prop_3 -> prop_1),G(prop_1 -> (prop_2 & prop_3)),False
ARTEMIS,93,"(prop_2), (prop_3) as you (prop_1).",prop_2 & (prop_3 -> prop_1),G((prop_2 & prop_3) -> prop_1),False
ARTEMIS,93,"(prop_2), (prop_3) as you (prop_1).",prop_2 & (prop_3 -> prop_1),G(prop_1 -> (prop_2 & prop_3)),False
ARTEMIS,93,"(prop_2), (prop_3) as you (prop_1).",prop_2 & (prop_3 -> prop_1),G((prop_2 & prop_3) -> prop_1),False
ARTEMIS,93,"(prop_2), (prop_3) as you (prop_1).",prop_2 & (prop_3 -> prop_1),G((prop_2 & prop_3) -> prop_1),False
ARTEMIS,93,"(prop_2), (prop_3) as you (prop_1).",prop_2 & (prop_3 -> prop_1),G((prop_2 & prop_3) -> prop_1),False
ARTEMIS,93,"(prop_2), (prop_3) as you (prop_1).",prop_2 & (prop_3 -> prop_1),G((prop_2 & prop_3) -> prop_1),False
ARTEMIS,93,"(prop_2), (prop_3) as you (prop_1).",prop_2 & (prop_3 -> prop_1),G((prop_2 & prop_3) -> prop_1),False
ARTEMIS,93,"(prop_2), (prop_3) as you (prop_1).",prop_2 & (prop_3 -> prop_1),G((prop_2 & prop_3) -> prop_1),False
ARTEMIS,93,"(prop_2), (prop_3) as you (prop_1).",prop_2 & (prop_3 -> prop_1),G((prop_2 & prop_3) -> prop_1),False
ARTEMIS,93,"(prop_2), (prop_3) as you (prop_1).",prop_2 & (prop_3 -> prop_1),G((prop_2 & prop_3) -> prop_1),False
ARTEMIS,93,"(prop_2), (prop_3) as you (prop_1).",prop_2 & (prop_3 -> prop_1),G((prop_2 & prop_3) -> prop_1),False
ARTEMIS,93,"(prop_2), (prop_3) as you (prop_1).",prop_2 & (prop_3 -> prop_1),G((prop_2 & prop_3) -> prop_1),False
ARTEMIS,93,"(prop_2), (prop_3) as you (prop_1).",prop_2 & (prop_3 -> prop_1),G((prop_2 & prop_3) -> prop_1),False
ARTEMIS,93,"(prop_2), (prop_3) as you (prop_1).",prop_2 & (prop_3 -> prop_1),G((prop_2 & prop_3) -> prop_1),False
ARTEMIS,93,"(prop_2), (prop_3) as you (prop_1).",prop_2 & (prop_3 -> prop_1),G((prop_2 & prop_3) -> prop_1),False
ARTEMIS,93,"(prop_2), (prop_3) as you (prop_1).",prop_2 & (prop_3 -> prop_1),G((prop_2 & prop_3) -> prop_1),False
ARTEMIS,93,"(prop_2), (prop_3) as you (prop_1).",prop_2 & (prop_3 -> prop_1),G((prop_2 & prop_3) -> prop_1),False
ARTEMIS,93,"(prop_2), (prop_3) as you (prop_1).",prop_2 & (prop_3 -> prop_1),G((prop_2 & prop_3) -> prop_1),False
ARTEMIS,93,"(prop_2), (prop_3) as you (prop_1).",prop_2 & (prop_3 -> prop_1),G((prop_2 & prop_3) -> prop_1),False
