PROMPTTYPE,Index,Requirement,Ground Truth,Response,Equivalent
ARTEMIS,0,"If get_help ever holds, avoid the impending_gas_leak must have held beforehand.",F get_help -> (!get_help U (avoid_impending_gas_leak & !get_help)),G(get_help -> !avoid_impending_gas_leak U get_help),False
ARTEMIS,0,"If get_help ever holds, avoid the impending_gas_leak must have held beforehand.",F get_help -> (!get_help U (avoid_impending_gas_leak & !get_help)),G(get_help -> !avoid_impending_gas_leak U get_help),False
ARTEMIS,0,"If get_help ever holds, avoid the impending_gas_leak must have held beforehand.",F get_help -> (!get_help U (avoid_impending_gas_leak & !get_help)),G(get_help -> !avoid_impending_gas_leak U get_help),False
ARTEMIS,0,"If get_help ever holds, avoid the impending_gas_leak must have held beforehand.",F get_help -> (!get_help U (avoid_impending_gas_leak & !get_help)),G(get_help -> !avoid_impending_gas_leak U get_help),False
ARTEMIS,0,"If get_help ever holds, avoid the impending_gas_leak must have held beforehand.",F get_help -> (!get_help U (avoid_impending_gas_leak & !get_help)),G(get_help -> !avoid_impending_gas_leak U get_help),False
ARTEMIS,0,"If get_help ever holds, avoid the impending_gas_leak must have held beforehand.",F get_help -> (!get_help U (avoid_impending_gas_leak & !get_help)),G(get_help -> !avoid_impending_gas_leak U get_help),False
ARTEMIS,0,"If get_help ever holds, avoid the impending_gas_leak must have held beforehand.",F get_help -> (!get_help U (avoid_impending_gas_leak & !get_help)),G(get_help -> !avoid_impending_gas_leak U get_help),False
ARTEMIS,0,"If get_help ever holds, avoid the impending_gas_leak must have held beforehand.",F get_help -> (!get_help U (avoid_impending_gas_leak & !get_help)),G(get_help -> !avoid_impending_gas_leak),False
ARTEMIS,0,"If get_help ever holds, avoid the impending_gas_leak must have held beforehand.",F get_help -> (!get_help U (avoid_impending_gas_leak & !get_help)),G(get_help -> !avoid_impending_gas_leak U get_help),False
ARTEMIS,0,"If get_help ever holds, avoid the impending_gas_leak must have held beforehand.",F get_help -> (!get_help U (avoid_impending_gas_leak & !get_help)),G(get_help -> !avoid_impending_gas_leak),False
ARTEMIS,0,"If get_help ever holds, avoid the impending_gas_leak must have held beforehand.",F get_help -> (!get_help U (avoid_impending_gas_leak & !get_help)),G(get_help -> !avoid_impending_gas_leak U get_help),False
ARTEMIS,0,"If get_help ever holds, avoid the impending_gas_leak must have held beforehand.",F get_help -> (!get_help U (avoid_impending_gas_leak & !get_help)),G(get_help -> !avoid_impending_gas_leak U get_help),False
ARTEMIS,0,"If get_help ever holds, avoid the impending_gas_leak must have held beforehand.",F get_help -> (!get_help U (avoid_impending_gas_leak & !get_help)),G(get_help -> !avoid_impending_gas_leak),False
ARTEMIS,0,"If get_help ever holds, avoid the impending_gas_leak must have held beforehand.",F get_help -> (!get_help U (avoid_impending_gas_leak & !get_help)),G(get_help -> !avoid_impending_gas_leak U get_help),False
ARTEMIS,0,"If get_help ever holds, avoid the impending_gas_leak must have held beforehand.",F get_help -> (!get_help U (avoid_impending_gas_leak & !get_help)),G(get_help -> !avoid_impending_gas_leak U get_help),False
ARTEMIS,0,"If get_help ever holds, avoid the impending_gas_leak must have held beforehand.",F get_help -> (!get_help U (avoid_impending_gas_leak & !get_help)),G(get_help -> !avoid_impending_gas_leak U get_help),False
ARTEMIS,0,"If get_help ever holds, avoid the impending_gas_leak must have held beforehand.",F get_help -> (!get_help U (avoid_impending_gas_leak & !get_help)),G(get_help -> !avoid_impending_gas_leak U get_help),False
ARTEMIS,0,"If get_help ever holds, avoid the impending_gas_leak must have held beforehand.",F get_help -> (!get_help U (avoid_impending_gas_leak & !get_help)),G(get_help -> !avoid_impending_gas_leak U get_help),False
ARTEMIS,0,"If get_help ever holds, avoid the impending_gas_leak must have held beforehand.",F get_help -> (!get_help U (avoid_impending_gas_leak & !get_help)),G(get_help -> !avoid_impending_gas_leak U get_help),False
ARTEMIS,0,"If get_help ever holds, avoid the impending_gas_leak must have held beforehand.",F get_help -> (!get_help U (avoid_impending_gas_leak & !get_help)),G(get_help -> !avoid_impending_gas_leak U get_help),False
ARTEMIS,0,"If get_help ever holds, avoid the impending_gas_leak must have held beforehand.",F get_help -> (!get_help U (avoid_impending_gas_leak & !get_help)),G(get_help -> !avoid_impending_gas_leak U get_help),False
ARTEMIS,0,"If get_help ever holds, avoid the impending_gas_leak must have held beforehand.",F get_help -> (!get_help U (avoid_impending_gas_leak & !get_help)),G(get_help -> !avoid_impending_gas_leak U get_help),False
ARTEMIS,0,"If get_help ever holds, avoid the impending_gas_leak must have held beforehand.",F get_help -> (!get_help U (avoid_impending_gas_leak & !get_help)),G(get_help -> !avoid_impending_gas_leak),False
ARTEMIS,0,"If get_help ever holds, avoid the impending_gas_leak must have held beforehand.",F get_help -> (!get_help U (avoid_impending_gas_leak & !get_help)),G(get_help -> !avoid_impending_gas_leak U get_help),False
ARTEMIS,0,"If get_help ever holds, avoid the impending_gas_leak must have held beforehand.",F get_help -> (!get_help U (avoid_impending_gas_leak & !get_help)),G(get_help -> !avoid_impending_gas_leak U get_help),False
ARTEMIS,0,"If get_help ever holds, avoid the impending_gas_leak must have held beforehand.",F get_help -> (!get_help U (avoid_impending_gas_leak & !get_help)),G(get_help -> !avoid_impending_gas_leak U get_help),False
ARTEMIS,0,"If get_help ever holds, avoid the impending_gas_leak must have held beforehand.",F get_help -> (!get_help U (avoid_impending_gas_leak & !get_help)),G(get_help -> !avoid_impending_gas_leak U get_help),False
ARTEMIS,0,"If get_help ever holds, avoid the impending_gas_leak must have held beforehand.",F get_help -> (!get_help U (avoid_impending_gas_leak & !get_help)),G(get_help -> !avoid_impending_gas_leak U get_help),False
ARTEMIS,0,"If get_help ever holds, avoid the impending_gas_leak must have held beforehand.",F get_help -> (!get_help U (avoid_impending_gas_leak & !get_help)),G(get_help -> !avoid_impending_gas_leak U get_help),False
ARTEMIS,0,"If get_help ever holds, avoid the impending_gas_leak must have held beforehand.",F get_help -> (!get_help U (avoid_impending_gas_leak & !get_help)),G(get_help -> !avoid_impending_gas_leak U get_help),False
ARTEMIS,0,"If get_help ever holds, avoid the impending_gas_leak must have held beforehand.",F get_help -> (!get_help U (avoid_impending_gas_leak & !get_help)),G(get_help -> !avoid_impending_gas_leak U get_help),False
ARTEMIS,0,"If get_help ever holds, avoid the impending_gas_leak must have held beforehand.",F get_help -> (!get_help U (avoid_impending_gas_leak & !get_help)),G(get_help -> !avoid_impending_gas_leak U get_help),False
ARTEMIS,0,"If get_help ever holds, avoid the impending_gas_leak must have held beforehand.",F get_help -> (!get_help U (avoid_impending_gas_leak & !get_help)),G(get_help -> !avoid_impending_gas_leak),False
ARTEMIS,0,"If get_help ever holds, avoid the impending_gas_leak must have held beforehand.",F get_help -> (!get_help U (avoid_impending_gas_leak & !get_help)),G(get_help -> !avoid_impending_gas_leak U get_help),False
ARTEMIS,0,"If get_help ever holds, avoid the impending_gas_leak must have held beforehand.",F get_help -> (!get_help U (avoid_impending_gas_leak & !get_help)),G(get_help -> !avoid_impending_gas_leak U get_help),False
ARTEMIS,0,"If get_help ever holds, avoid the impending_gas_leak must have held beforehand.",F get_help -> (!get_help U (avoid_impending_gas_leak & !get_help)),G(get_help -> !avoid_impending_gas_leak U get_help),False
ARTEMIS,0,"If get_help ever holds, avoid the impending_gas_leak must have held beforehand.",F get_help -> (!get_help U (avoid_impending_gas_leak & !get_help)),G(get_help -> !avoid_impending_gas_leak U get_help),False
ARTEMIS,0,"If get_help ever holds, avoid the impending_gas_leak must have held beforehand.",F get_help -> (!get_help U (avoid_impending_gas_leak & !get_help)),G(get_help -> !avoid_impending_gas_leak),False
ARTEMIS,0,"If get_help ever holds, avoid the impending_gas_leak must have held beforehand.",F get_help -> (!get_help U (avoid_impending_gas_leak & !get_help)),G(get_help -> !avoid_impending_gas_leak U get_help),False
ARTEMIS,0,"If get_help ever holds, avoid the impending_gas_leak must have held beforehand.",F get_help -> (!get_help U (avoid_impending_gas_leak & !get_help)),G(get_help -> !avoid_impending_gas_leak),False
ARTEMIS,0,"If get_help ever holds, avoid the impending_gas_leak must have held beforehand.",F get_help -> (!get_help U (avoid_impending_gas_leak & !get_help)),G(get_help -> !avoid_impending_gas_leak U get_help),False
ARTEMIS,0,"If get_help ever holds, avoid the impending_gas_leak must have held beforehand.",F get_help -> (!get_help U (avoid_impending_gas_leak & !get_help)),G(get_help -> !avoid_impending_gas_leak),False
ARTEMIS,0,"If get_help ever holds, avoid the impending_gas_leak must have held beforehand.",F get_help -> (!get_help U (avoid_impending_gas_leak & !get_help)),G(get_help -> !avoid_impending_gas_leak U get_help),False
ARTEMIS,0,"If get_help ever holds, avoid the impending_gas_leak must have held beforehand.",F get_help -> (!get_help U (avoid_impending_gas_leak & !get_help)),G(get_help -> !avoid_impending_gas_leak U get_help),False
ARTEMIS,0,"If get_help ever holds, avoid the impending_gas_leak must have held beforehand.",F get_help -> (!get_help U (avoid_impending_gas_leak & !get_help)),G(get_help -> !avoid_impending_gas_leak U get_help),False
ARTEMIS,0,"If get_help ever holds, avoid the impending_gas_leak must have held beforehand.",F get_help -> (!get_help U (avoid_impending_gas_leak & !get_help)),G(get_help -> !avoid_impending_gas_leak U get_help),False
ARTEMIS,0,"If get_help ever holds, avoid the impending_gas_leak must have held beforehand.",F get_help -> (!get_help U (avoid_impending_gas_leak & !get_help)),G(get_help -> !avoid_impending_gas_leak U get_help),False
ARTEMIS,0,"If get_help ever holds, avoid the impending_gas_leak must have held beforehand.",F get_help -> (!get_help U (avoid_impending_gas_leak & !get_help)),G(get_help -> !avoid_impending_gas_leak U get_help),False
ARTEMIS,0,"If get_help ever holds, avoid the impending_gas_leak must have held beforehand.",F get_help -> (!get_help U (avoid_impending_gas_leak & !get_help)),G(get_help -> !avoid_impending_gas_leak U get_help),False
ARTEMIS,0,"If get_help ever holds, avoid the impending_gas_leak must have held beforehand.",F get_help -> (!get_help U (avoid_impending_gas_leak & !get_help)),G(get_help -> !avoid_impending_gas_leak U get_help),False
ARTEMIS,0,"If get_help ever holds, avoid the impending_gas_leak must have held beforehand.",F get_help -> (!get_help U (avoid_impending_gas_leak & !get_help)),G(get_help -> !avoid_impending_gas_leak U get_help),False
ARTEMIS,0,"If get_help ever holds, avoid the impending_gas_leak must have held beforehand.",F get_help -> (!get_help U (avoid_impending_gas_leak & !get_help)),G(get_help -> !avoid_impending_gas_leak U get_help),False
ARTEMIS,0,"If get_help ever holds, avoid the impending_gas_leak must have held beforehand.",F get_help -> (!get_help U (avoid_impending_gas_leak & !get_help)),G(get_help -> !avoid_impending_gas_leak U get_help),False
ARTEMIS,0,"If get_help ever holds, avoid the impending_gas_leak must have held beforehand.",F get_help -> (!get_help U (avoid_impending_gas_leak & !get_help)),G(get_help -> !avoid_impending_gas_leak),False
ARTEMIS,0,"If get_help ever holds, avoid the impending_gas_leak must have held beforehand.",F get_help -> (!get_help U (avoid_impending_gas_leak & !get_help)),G(get_help -> !avoid_impending_gas_leak U get_help),False
ARTEMIS,0,"If get_help ever holds, avoid the impending_gas_leak must have held beforehand.",F get_help -> (!get_help U (avoid_impending_gas_leak & !get_help)),G(get_help -> !avoid_impending_gas_leak U get_help),False
ARTEMIS,0,"If get_help ever holds, avoid the impending_gas_leak must have held beforehand.",F get_help -> (!get_help U (avoid_impending_gas_leak & !get_help)),G(get_help -> !avoid_impending_gas_leak U get_help),False
ARTEMIS,0,"If get_help ever holds, avoid the impending_gas_leak must have held beforehand.",F get_help -> (!get_help U (avoid_impending_gas_leak & !get_help)),G(get_help -> !avoid_impending_gas_leak U get_help),False
ARTEMIS,0,"If get_help ever holds, avoid the impending_gas_leak must have held beforehand.",F get_help -> (!get_help U (avoid_impending_gas_leak & !get_help)),G(get_help -> !avoid_impending_gas_leak U get_help),False
ARTEMIS,0,"If get_help ever holds, avoid the impending_gas_leak must have held beforehand.",F get_help -> (!get_help U (avoid_impending_gas_leak & !get_help)),G(get_help -> !avoid_impending_gas_leak U get_help),False
ARTEMIS,0,"If get_help ever holds, avoid the impending_gas_leak must have held beforehand.",F get_help -> (!get_help U (avoid_impending_gas_leak & !get_help)),G(get_help -> !avoid_impending_gas_leak),False
ARTEMIS,0,"If get_help ever holds, avoid the impending_gas_leak must have held beforehand.",F get_help -> (!get_help U (avoid_impending_gas_leak & !get_help)),G(get_help -> !avoid_impending_gas_leak U get_help),False
ARTEMIS,0,"If get_help ever holds, avoid the impending_gas_leak must have held beforehand.",F get_help -> (!get_help U (avoid_impending_gas_leak & !get_help)),G(get_help -> !avoid_impending_gas_leak),False
ARTEMIS,0,"If get_help ever holds, avoid the impending_gas_leak must have held beforehand.",F get_help -> (!get_help U (avoid_impending_gas_leak & !get_help)),G(get_help -> !avoid_impending_gas_leak U get_help),False
ARTEMIS,0,"If get_help ever holds, avoid the impending_gas_leak must have held beforehand.",F get_help -> (!get_help U (avoid_impending_gas_leak & !get_help)),G(get_help -> !avoid_impending_gas_leak U get_help),False
ARTEMIS,0,"If get_help ever holds, avoid the impending_gas_leak must have held beforehand.",F get_help -> (!get_help U (avoid_impending_gas_leak & !get_help)),G(get_help -> !avoid_impending_gas_leak U get_help),False
ARTEMIS,0,"If get_help ever holds, avoid the impending_gas_leak must have held beforehand.",F get_help -> (!get_help U (avoid_impending_gas_leak & !get_help)),G(get_help -> !avoid_impending_gas_leak U get_help),False
ARTEMIS,0,"If get_help ever holds, avoid the impending_gas_leak must have held beforehand.",F get_help -> (!get_help U (avoid_impending_gas_leak & !get_help)),G(get_help -> !avoid_impending_gas_leak U get_help),False
ARTEMIS,0,"If get_help ever holds, avoid the impending_gas_leak must have held beforehand.",F get_help -> (!get_help U (avoid_impending_gas_leak & !get_help)),G(get_help -> !avoid_impending_gas_leak U get_help),False
ARTEMIS,0,"If get_help ever holds, avoid the impending_gas_leak must have held beforehand.",F get_help -> (!get_help U (avoid_impending_gas_leak & !get_help)),G(get_help -> !avoid_impending_gas_leak),False
ARTEMIS,0,"If get_help ever holds, avoid the impending_gas_leak must have held beforehand.",F get_help -> (!get_help U (avoid_impending_gas_leak & !get_help)),G(get_help -> !avoid_impending_gas_leak U get_help),False
ARTEMIS,0,"If get_help ever holds, avoid the impending_gas_leak must have held beforehand.",F get_help -> (!get_help U (avoid_impending_gas_leak & !get_help)),G(get_help -> !avoid_impending_gas_leak U get_help),False
ARTEMIS,0,"If get_help ever holds, avoid the impending_gas_leak must have held beforehand.",F get_help -> (!get_help U (avoid_impending_gas_leak & !get_help)),G(get_help -> !avoid_impending_gas_leak U get_help),False
ARTEMIS,0,"If get_help ever holds, avoid the impending_gas_leak must have held beforehand.",F get_help -> (!get_help U (avoid_impending_gas_leak & !get_help)),G(get_help -> !avoid_impending_gas_leak U get_help),False
ARTEMIS,0,"If get_help ever holds, avoid the impending_gas_leak must have held beforehand.",F get_help -> (!get_help U (avoid_impending_gas_leak & !get_help)),G(get_help -> !avoid_impending_gas_leak U get_help),False
ARTEMIS,0,"If get_help ever holds, avoid the impending_gas_leak must have held beforehand.",F get_help -> (!get_help U (avoid_impending_gas_leak & !get_help)),G(get_help -> !avoid_impending_gas_leak U get_help),False
ARTEMIS,0,"If get_help ever holds, avoid the impending_gas_leak must have held beforehand.",F get_help -> (!get_help U (avoid_impending_gas_leak & !get_help)),G(get_help -> !avoid_impending_gas_leak U get_help),False
ARTEMIS,0,"If get_help ever holds, avoid the impending_gas_leak must have held beforehand.",F get_help -> (!get_help U (avoid_impending_gas_leak & !get_help)),G(get_help -> !avoid_impending_gas_leak U get_help),False
ARTEMIS,0,"If get_help ever holds, avoid the impending_gas_leak must have held beforehand.",F get_help -> (!get_help U (avoid_impending_gas_leak & !get_help)),G(get_help -> !avoid_impending_gas_leak U get_help),False
ARTEMIS,0,"If get_help ever holds, avoid the impending_gas_leak must have held beforehand.",F get_help -> (!get_help U (avoid_impending_gas_leak & !get_help)),G(get_help -> !avoid_impending_gas_leak U get_help),False
ARTEMIS,0,"If get_help ever holds, avoid the impending_gas_leak must have held beforehand.",F get_help -> (!get_help U (avoid_impending_gas_leak & !get_help)),G(get_help -> !avoid_impending_gas_leak U get_help),False
ARTEMIS,0,"If get_help ever holds, avoid the impending_gas_leak must have held beforehand.",F get_help -> (!get_help U (avoid_impending_gas_leak & !get_help)),G(get_help -> !avoid_impending_gas_leak U get_help),False
ARTEMIS,0,"If get_help ever holds, avoid the impending_gas_leak must have held beforehand.",F get_help -> (!get_help U (avoid_impending_gas_leak & !get_help)),G(get_help -> !avoid_impending_gas_leak),False
ARTEMIS,0,"If get_help ever holds, avoid the impending_gas_leak must have held beforehand.",F get_help -> (!get_help U (avoid_impending_gas_leak & !get_help)),G(get_help -> !avoid_impending_gas_leak U get_help),False
ARTEMIS,0,"If get_help ever holds, avoid the impending_gas_leak must have held beforehand.",F get_help -> (!get_help U (avoid_impending_gas_leak & !get_help)),G(get_help -> !avoid_impending_gas_leak U get_help),False
ARTEMIS,0,"If get_help ever holds, avoid the impending_gas_leak must have held beforehand.",F get_help -> (!get_help U (avoid_impending_gas_leak & !get_help)),G(get_help -> !avoid_impending_gas_leak U get_help),False
ARTEMIS,0,"If get_help ever holds, avoid the impending_gas_leak must have held beforehand.",F get_help -> (!get_help U (avoid_impending_gas_leak & !get_help)),G(get_help -> !avoid_impending_gas_leak),False
ARTEMIS,0,"If get_help ever holds, avoid the impending_gas_leak must have held beforehand.",F get_help -> (!get_help U (avoid_impending_gas_leak & !get_help)),G(get_help -> !avoid_impending_gas_leak U get_help),False
ARTEMIS,0,"If get_help ever holds, avoid the impending_gas_leak must have held beforehand.",F get_help -> (!get_help U (avoid_impending_gas_leak & !get_help)),G(get_help -> !avoid_impending_gas_leak U get_help),False
ARTEMIS,0,"If get_help ever holds, avoid the impending_gas_leak must have held beforehand.",F get_help -> (!get_help U (avoid_impending_gas_leak & !get_help)),G(get_help -> !avoid_impending_gas_leak U get_help),False
ARTEMIS,0,"If get_help ever holds, avoid the impending_gas_leak must have held beforehand.",F get_help -> (!get_help U (avoid_impending_gas_leak & !get_help)),G(get_help -> !avoid_impending_gas_leak U get_help),False
ARTEMIS,0,"If get_help ever holds, avoid the impending_gas_leak must have held beforehand.",F get_help -> (!get_help U (avoid_impending_gas_leak & !get_help)),G(get_help -> !avoid_impending_gas_leak U get_help),False
ARTEMIS,0,"If get_help ever holds, avoid the impending_gas_leak must have held beforehand.",F get_help -> (!get_help U (avoid_impending_gas_leak & !get_help)),G(get_help -> !avoid_impending_gas_leak U get_help),False
ARTEMIS,0,"If get_help ever holds, avoid the impending_gas_leak must have held beforehand.",F get_help -> (!get_help U (avoid_impending_gas_leak & !get_help)),G(get_help -> !avoid_impending_gas_leak U get_help),False
ARTEMIS,0,"If get_help ever holds, avoid the impending_gas_leak must have held beforehand.",F get_help -> (!get_help U (avoid_impending_gas_leak & !get_help)),G(get_help -> !avoid_impending_gas_leak U get_help),False
ARTEMIS,0,"If get_help ever holds, avoid the impending_gas_leak must have held beforehand.",F get_help -> (!get_help U (avoid_impending_gas_leak & !get_help)),G(get_help -> !avoid_impending_gas_leak U get_help),False
ARTEMIS,0,"If get_help ever holds, avoid the impending_gas_leak must have held beforehand.",F get_help -> (!get_help U (avoid_impending_gas_leak & !get_help)),G(get_help -> !avoid_impending_gas_leak U get_help),False
ARTEMIS,0,"If get_help ever holds, avoid the impending_gas_leak must have held beforehand.",F get_help -> (!get_help U (avoid_impending_gas_leak & !get_help)),G(get_help -> !avoid_impending_gas_leak U get_help),False
ARTEMIS,0,"If get_help ever holds, avoid the impending_gas_leak must have held beforehand.",F get_help -> (!get_help U (avoid_impending_gas_leak & !get_help)),G(get_help -> !avoid_impending_gas_leak U get_help),False
ARTEMIS,0,"If get_help ever holds, avoid the impending_gas_leak must have held beforehand.",F get_help -> (!get_help U (avoid_impending_gas_leak & !get_help)),G(get_help -> !avoid_impending_gas_leak U get_help),False
ARTEMIS,6,"Go to store 1, grab bottle 3, and move it to hospital 2.",F(shop_1 & F(p_bottle_3 & F(hospital_2 & pd))),G (shop_1 -> (p_bottle_3 & (G (!hospital_2) U hospital_2))),False
ARTEMIS,6,"Go to store 1, grab bottle 3, and move it to hospital 2.",F(shop_1 & F(p_bottle_3 & F(hospital_2 & pd))),G (shop_1 -> (p_bottle_3 & (G (!hospital_2) U hospital_2))),False
ARTEMIS,6,"Go to store 1, grab bottle 3, and move it to hospital 2.",F(shop_1 & F(p_bottle_3 & F(hospital_2 & pd))),G (shop_1 -> X (p_bottle_3 & X hospital_2)),False
ARTEMIS,6,"Go to store 1, grab bottle 3, and move it to hospital 2.",F(shop_1 & F(p_bottle_3 & F(hospital_2 & pd))),G (shop_1 -> (p_bottle_3 & (G (!hospital_2) U hospital_2))),False
ARTEMIS,6,"Go to store 1, grab bottle 3, and move it to hospital 2.",F(shop_1 & F(p_bottle_3 & F(hospital_2 & pd))),G (shop_1 -> X (p_bottle_3 & X hospital_2)),False
ARTEMIS,6,"Go to store 1, grab bottle 3, and move it to hospital 2.",F(shop_1 & F(p_bottle_3 & F(hospital_2 & pd))),G (shop_1 -> (p_bottle_3 & (G (!hospital_2) U hospital_2))),False
ARTEMIS,6,"Go to store 1, grab bottle 3, and move it to hospital 2.",F(shop_1 & F(p_bottle_3 & F(hospital_2 & pd))),G (shop_1 -> X (p_bottle_3 & X hospital_2)),False
ARTEMIS,6,"Go to store 1, grab bottle 3, and move it to hospital 2.",F(shop_1 & F(p_bottle_3 & F(hospital_2 & pd))),G (shop_1 -> X (p_bottle_3 & X hospital_2)),False
ARTEMIS,6,"Go to store 1, grab bottle 3, and move it to hospital 2.",F(shop_1 & F(p_bottle_3 & F(hospital_2 & pd))),G (shop_1 -> (p_bottle_3 & (G (!hospital_2) U hospital_2))),False
ARTEMIS,6,"Go to store 1, grab bottle 3, and move it to hospital 2.",F(shop_1 & F(p_bottle_3 & F(hospital_2 & pd))),G (shop_1 -> (p_bottle_3 & (G (!hospital_2) U hospital_2))),False
ARTEMIS,6,"Go to store 1, grab bottle 3, and move it to hospital 2.",F(shop_1 & F(p_bottle_3 & F(hospital_2 & pd))),G (shop_1 -> (p_bottle_3 & (G (!hospital_2) U hospital_2))),False
ARTEMIS,6,"Go to store 1, grab bottle 3, and move it to hospital 2.",F(shop_1 & F(p_bottle_3 & F(hospital_2 & pd))),G (shop_1 -> X (p_bottle_3 & X hospital_2)),False
ARTEMIS,6,"Go to store 1, grab bottle 3, and move it to hospital 2.",F(shop_1 & F(p_bottle_3 & F(hospital_2 & pd))),G (shop_1 -> (p_bottle_3 & (G (!hospital_2) U hospital_2))),False
ARTEMIS,6,"Go to store 1, grab bottle 3, and move it to hospital 2.",F(shop_1 & F(p_bottle_3 & F(hospital_2 & pd))),G (shop_1 -> (p_bottle_3 & (G (!hospital_2) U hospital_2))),False
ARTEMIS,6,"Go to store 1, grab bottle 3, and move it to hospital 2.",F(shop_1 & F(p_bottle_3 & F(hospital_2 & pd))),G (shop_1 -> (p_bottle_3 & (G (!hospital_2) U hospital_2))),False
ARTEMIS,6,"Go to store 1, grab bottle 3, and move it to hospital 2.",F(shop_1 & F(p_bottle_3 & F(hospital_2 & pd))),G (shop_1 -> X (p_bottle_3 & X hospital_2)),False
ARTEMIS,6,"Go to store 1, grab bottle 3, and move it to hospital 2.",F(shop_1 & F(p_bottle_3 & F(hospital_2 & pd))),G (shop_1 -> (p_bottle_3 & (G (!hospital_2) U hospital_2))),False
ARTEMIS,6,"Go to store 1, grab bottle 3, and move it to hospital 2.",F(shop_1 & F(p_bottle_3 & F(hospital_2 & pd))),G (shop_1 -> (p_bottle_3 & (G (!hospital_2) U hospital_2))),False
ARTEMIS,6,"Go to store 1, grab bottle 3, and move it to hospital 2.",F(shop_1 & F(p_bottle_3 & F(hospital_2 & pd))),G (shop_1 -> X (p_bottle_3 & X hospital_2)),False
ARTEMIS,6,"Go to store 1, grab bottle 3, and move it to hospital 2.",F(shop_1 & F(p_bottle_3 & F(hospital_2 & pd))),G (shop_1 -> (p_bottle_3 & (G (!hospital_2) U hospital_2))),False
ARTEMIS,6,"Go to store 1, grab bottle 3, and move it to hospital 2.",F(shop_1 & F(p_bottle_3 & F(hospital_2 & pd))),G (shop_1 -> (p_bottle_3 & (G (!hospital_2) U hospital_2))),False
ARTEMIS,6,"Go to store 1, grab bottle 3, and move it to hospital 2.",F(shop_1 & F(p_bottle_3 & F(hospital_2 & pd))),G (shop_1 -> X (p_bottle_3 & X hospital_2)),False
ARTEMIS,6,"Go to store 1, grab bottle 3, and move it to hospital 2.",F(shop_1 & F(p_bottle_3 & F(hospital_2 & pd))),G (shop_1 -> X (p_bottle_3 & X hospital_2)),False
ARTEMIS,6,"Go to store 1, grab bottle 3, and move it to hospital 2.",F(shop_1 & F(p_bottle_3 & F(hospital_2 & pd))),G (shop_1 -> (p_bottle_3 & (G (!hospital_2) U hospital_2))),False
ARTEMIS,6,"Go to store 1, grab bottle 3, and move it to hospital 2.",F(shop_1 & F(p_bottle_3 & F(hospital_2 & pd))),G (shop_1 -> X (p_bottle_3 & X hospital_2)),False
ARTEMIS,6,"Go to store 1, grab bottle 3, and move it to hospital 2.",F(shop_1 & F(p_bottle_3 & F(hospital_2 & pd))),G (shop_1 -> X (p_bottle_3 & X hospital_2)),False
ARTEMIS,6,"Go to store 1, grab bottle 3, and move it to hospital 2.",F(shop_1 & F(p_bottle_3 & F(hospital_2 & pd))),G (shop_1 -> X (p_bottle_3 & X hospital_2)),False
ARTEMIS,6,"Go to store 1, grab bottle 3, and move it to hospital 2.",F(shop_1 & F(p_bottle_3 & F(hospital_2 & pd))),G (shop_1 -> (p_bottle_3 & (G (!hospital_2) U hospital_2))),False
ARTEMIS,6,"Go to store 1, grab bottle 3, and move it to hospital 2.",F(shop_1 & F(p_bottle_3 & F(hospital_2 & pd))),G (shop_1 -> (p_bottle_3 & (G (!hospital_2) U hospital_2))),False
ARTEMIS,6,"Go to store 1, grab bottle 3, and move it to hospital 2.",F(shop_1 & F(p_bottle_3 & F(hospital_2 & pd))),G (shop_1 -> (p_bottle_3 & (G (!hospital_2) U hospital_2))),False
ARTEMIS,6,"Go to store 1, grab bottle 3, and move it to hospital 2.",F(shop_1 & F(p_bottle_3 & F(hospital_2 & pd))),G (shop_1 -> X (p_bottle_3 & X hospital_2)),False
ARTEMIS,6,"Go to store 1, grab bottle 3, and move it to hospital 2.",F(shop_1 & F(p_bottle_3 & F(hospital_2 & pd))),G (shop_1 -> (p_bottle_3 & (G (!hospital_2) U hospital_2))),False
ARTEMIS,6,"Go to store 1, grab bottle 3, and move it to hospital 2.",F(shop_1 & F(p_bottle_3 & F(hospital_2 & pd))),G (shop_1 -> (p_bottle_3 & (G (!hospital_2) U hospital_2))),False
ARTEMIS,6,"Go to store 1, grab bottle 3, and move it to hospital 2.",F(shop_1 & F(p_bottle_3 & F(hospital_2 & pd))),G (shop_1 -> (p_bottle_3 & (G (!hospital_2) U hospital_2))),False
ARTEMIS,6,"Go to store 1, grab bottle 3, and move it to hospital 2.",F(shop_1 & F(p_bottle_3 & F(hospital_2 & pd))),G (shop_1 -> (p_bottle_3 & (G (!hospital_2) U hospital_2))),False
ARTEMIS,6,"Go to store 1, grab bottle 3, and move it to hospital 2.",F(shop_1 & F(p_bottle_3 & F(hospital_2 & pd))),G (shop_1 -> (p_bottle_3 & (G (!hospital_2) U hospital_2))),False
ARTEMIS,6,"Go to store 1, grab bottle 3, and move it to hospital 2.",F(shop_1 & F(p_bottle_3 & F(hospital_2 & pd))),G (shop_1 -> (p_bottle_3 & (G (!hospital_2) U hospital_2))),False
ARTEMIS,6,"Go to store 1, grab bottle 3, and move it to hospital 2.",F(shop_1 & F(p_bottle_3 & F(hospital_2 & pd))),G (shop_1 -> (p_bottle_3 & (G (!hospital_2) U hospital_2))),False
ARTEMIS,6,"Go to store 1, grab bottle 3, and move it to hospital 2.",F(shop_1 & F(p_bottle_3 & F(hospital_2 & pd))),G (shop_1 -> X (p_bottle_3 & X hospital_2)),False
ARTEMIS,6,"Go to store 1, grab bottle 3, and move it to hospital 2.",F(shop_1 & F(p_bottle_3 & F(hospital_2 & pd))),G (shop_1 -> X (p_bottle_3 & X hospital_2)),False
ARTEMIS,6,"Go to store 1, grab bottle 3, and move it to hospital 2.",F(shop_1 & F(p_bottle_3 & F(hospital_2 & pd))),G (shop_1 -> (p_bottle_3 & (G (!hospital_2) U hospital_2))),False
ARTEMIS,6,"Go to store 1, grab bottle 3, and move it to hospital 2.",F(shop_1 & F(p_bottle_3 & F(hospital_2 & pd))),G (shop_1 -> (p_bottle_3 & (G (!hospital_2) U hospital_2))),False
ARTEMIS,6,"Go to store 1, grab bottle 3, and move it to hospital 2.",F(shop_1 & F(p_bottle_3 & F(hospital_2 & pd))),G (shop_1 -> X (p_bottle_3 & X hospital_2)),False
ARTEMIS,6,"Go to store 1, grab bottle 3, and move it to hospital 2.",F(shop_1 & F(p_bottle_3 & F(hospital_2 & pd))),G (shop_1 -> (p_bottle_3 & (G (!hospital_2) U hospital_2))),False
ARTEMIS,6,"Go to store 1, grab bottle 3, and move it to hospital 2.",F(shop_1 & F(p_bottle_3 & F(hospital_2 & pd))),G (shop_1 -> (p_bottle_3 & (G (!hospital_2) U hospital_2))),False
ARTEMIS,6,"Go to store 1, grab bottle 3, and move it to hospital 2.",F(shop_1 & F(p_bottle_3 & F(hospital_2 & pd))),G (shop_1 -> (p_bottle_3 & (G (!hospital_2) U hospital_2))),False
ARTEMIS,6,"Go to store 1, grab bottle 3, and move it to hospital 2.",F(shop_1 & F(p_bottle_3 & F(hospital_2 & pd))),G (shop_1 -> (p_bottle_3 & (G (!hospital_2) U hospital_2))),False
ARTEMIS,6,"Go to store 1, grab bottle 3, and move it to hospital 2.",F(shop_1 & F(p_bottle_3 & F(hospital_2 & pd))),G (shop_1 -> X (p_bottle_3 & X hospital_2)),False
ARTEMIS,6,"Go to store 1, grab bottle 3, and move it to hospital 2.",F(shop_1 & F(p_bottle_3 & F(hospital_2 & pd))),G (shop_1 -> (p_bottle_3 & (G (!hospital_2) U hospital_2))),False
ARTEMIS,6,"Go to store 1, grab bottle 3, and move it to hospital 2.",F(shop_1 & F(p_bottle_3 & F(hospital_2 & pd))),G (shop_1 -> (p_bottle_3 & (G (!hospital_2) U hospital_2))),False
ARTEMIS,6,"Go to store 1, grab bottle 3, and move it to hospital 2.",F(shop_1 & F(p_bottle_3 & F(hospital_2 & pd))),G (shop_1 -> X (p_bottle_3 & X hospital_2)),False
ARTEMIS,6,"Go to store 1, grab bottle 3, and move it to hospital 2.",F(shop_1 & F(p_bottle_3 & F(hospital_2 & pd))),G (shop_1 -> X (p_bottle_3 & X hospital_2)),False
ARTEMIS,6,"Go to store 1, grab bottle 3, and move it to hospital 2.",F(shop_1 & F(p_bottle_3 & F(hospital_2 & pd))),G (shop_1 -> (p_bottle_3 & (G (!hospital_2) U hospital_2))),False
ARTEMIS,6,"Go to store 1, grab bottle 3, and move it to hospital 2.",F(shop_1 & F(p_bottle_3 & F(hospital_2 & pd))),G (shop_1 -> (p_bottle_3 & (G (!hospital_2) U hospital_2))),False
ARTEMIS,6,"Go to store 1, grab bottle 3, and move it to hospital 2.",F(shop_1 & F(p_bottle_3 & F(hospital_2 & pd))),G (shop_1 -> (p_bottle_3 & (G (!hospital_2) U hospital_2))),False
ARTEMIS,6,"Go to store 1, grab bottle 3, and move it to hospital 2.",F(shop_1 & F(p_bottle_3 & F(hospital_2 & pd))),G (shop_1 -> (p_bottle_3 & (G (!hospital_2) U hospital_2))),False
ARTEMIS,6,"Go to store 1, grab bottle 3, and move it to hospital 2.",F(shop_1 & F(p_bottle_3 & F(hospital_2 & pd))),G (shop_1 -> (p_bottle_3 & (G (!hospital_2) U hospital_2))),False
ARTEMIS,6,"Go to store 1, grab bottle 3, and move it to hospital 2.",F(shop_1 & F(p_bottle_3 & F(hospital_2 & pd))),G (shop_1 -> (p_bottle_3 & (G (!hospital_2) U hospital_2))),False
ARTEMIS,6,"Go to store 1, grab bottle 3, and move it to hospital 2.",F(shop_1 & F(p_bottle_3 & F(hospital_2 & pd))),G (shop_1 -> (p_bottle_3 & (G (!hospital_2) U hospital_2))),False
ARTEMIS,6,"Go to store 1, grab bottle 3, and move it to hospital 2.",F(shop_1 & F(p_bottle_3 & F(hospital_2 & pd))),G (shop_1 -> X (p_bottle_3 & X hospital_2)),False
ARTEMIS,6,"Go to store 1, grab bottle 3, and move it to hospital 2.",F(shop_1 & F(p_bottle_3 & F(hospital_2 & pd))),G (shop_1 -> (p_bottle_3 & (G (!hospital_2) U hospital_2))),False
ARTEMIS,6,"Go to store 1, grab bottle 3, and move it to hospital 2.",F(shop_1 & F(p_bottle_3 & F(hospital_2 & pd))),G (shop_1 -> X (p_bottle_3 & X hospital_2)),False
ARTEMIS,6,"Go to store 1, grab bottle 3, and move it to hospital 2.",F(shop_1 & F(p_bottle_3 & F(hospital_2 & pd))),G (shop_1 -> X (p_bottle_3 & X hospital_2)),False
ARTEMIS,6,"Go to store 1, grab bottle 3, and move it to hospital 2.",F(shop_1 & F(p_bottle_3 & F(hospital_2 & pd))),G (shop_1 -> (p_bottle_3 & (G (!hospital_2) U hospital_2))),False
ARTEMIS,6,"Go to store 1, grab bottle 3, and move it to hospital 2.",F(shop_1 & F(p_bottle_3 & F(hospital_2 & pd))),G (shop_1 -> X (p_bottle_3 & X hospital_2)),False
ARTEMIS,6,"Go to store 1, grab bottle 3, and move it to hospital 2.",F(shop_1 & F(p_bottle_3 & F(hospital_2 & pd))),G (shop_1 -> (p_bottle_3 & (G (!hospital_2) U hospital_2))),False
ARTEMIS,6,"Go to store 1, grab bottle 3, and move it to hospital 2.",F(shop_1 & F(p_bottle_3 & F(hospital_2 & pd))),G (shop_1 -> (p_bottle_3 & (G (!hospital_2) U hospital_2))),False
ARTEMIS,6,"Go to store 1, grab bottle 3, and move it to hospital 2.",F(shop_1 & F(p_bottle_3 & F(hospital_2 & pd))),G (shop_1 -> (p_bottle_3 & (G (!hospital_2) U hospital_2))),False
ARTEMIS,6,"Go to store 1, grab bottle 3, and move it to hospital 2.",F(shop_1 & F(p_bottle_3 & F(hospital_2 & pd))),G (shop_1 -> (p_bottle_3 & (G (!hospital_2) U hospital_2))),False
ARTEMIS,6,"Go to store 1, grab bottle 3, and move it to hospital 2.",F(shop_1 & F(p_bottle_3 & F(hospital_2 & pd))),G (shop_1 -> (p_bottle_3 & (G (!hospital_2) U hospital_2))),False
ARTEMIS,6,"Go to store 1, grab bottle 3, and move it to hospital 2.",F(shop_1 & F(p_bottle_3 & F(hospital_2 & pd))),G (shop_1 -> (p_bottle_3 & (G (!hospital_2) U hospital_2))),False
ARTEMIS,6,"Go to store 1, grab bottle 3, and move it to hospital 2.",F(shop_1 & F(p_bottle_3 & F(hospital_2 & pd))),G (shop_1 -> X (p_bottle_3 & X hospital_2)),False
ARTEMIS,6,"Go to store 1, grab bottle 3, and move it to hospital 2.",F(shop_1 & F(p_bottle_3 & F(hospital_2 & pd))),G (shop_1 -> X (p_bottle_3 & X hospital_2)),False
ARTEMIS,6,"Go to store 1, grab bottle 3, and move it to hospital 2.",F(shop_1 & F(p_bottle_3 & F(hospital_2 & pd))),G (shop_1 -> (p_bottle_3 & (G (!hospital_2) U hospital_2))),False
ARTEMIS,6,"Go to store 1, grab bottle 3, and move it to hospital 2.",F(shop_1 & F(p_bottle_3 & F(hospital_2 & pd))),G (shop_1 -> (p_bottle_3 & (G (!hospital_2) U hospital_2))),False
ARTEMIS,6,"Go to store 1, grab bottle 3, and move it to hospital 2.",F(shop_1 & F(p_bottle_3 & F(hospital_2 & pd))),G (shop_1 -> (p_bottle_3 & (G (!hospital_2) U hospital_2))),False
ARTEMIS,6,"Go to store 1, grab bottle 3, and move it to hospital 2.",F(shop_1 & F(p_bottle_3 & F(hospital_2 & pd))),G (shop_1 -> (p_bottle_3 & (G (!hospital_2) U hospital_2))),False
ARTEMIS,6,"Go to store 1, grab bottle 3, and move it to hospital 2.",F(shop_1 & F(p_bottle_3 & F(hospital_2 & pd))),G (shop_1 -> (p_bottle_3 & (G (!hospital_2) U hospital_2))),False
ARTEMIS,6,"Go to store 1, grab bottle 3, and move it to hospital 2.",F(shop_1 & F(p_bottle_3 & F(hospital_2 & pd))),G (shop_1 -> (p_bottle_3 & (G (!hospital_2) U hospital_2))),False
ARTEMIS,6,"Go to store 1, grab bottle 3, and move it to hospital 2.",F(shop_1 & F(p_bottle_3 & F(hospital_2 & pd))),G (shop_1 -> (p_bottle_3 & (G (!hospital_2) U hospital_2))),False
ARTEMIS,6,"Go to store 1, grab bottle 3, and move it to hospital 2.",F(shop_1 & F(p_bottle_3 & F(hospital_2 & pd))),G (shop_1 -> (p_bottle_3 & (G (!hospital_2) U hospital_2))),False
ARTEMIS,6,"Go to store 1, grab bottle 3, and move it to hospital 2.",F(shop_1 & F(p_bottle_3 & F(hospital_2 & pd))),G (shop_1 -> X (p_bottle_3 & X hospital_2)),False
ARTEMIS,6,"Go to store 1, grab bottle 3, and move it to hospital 2.",F(shop_1 & F(p_bottle_3 & F(hospital_2 & pd))),G (shop_1 -> X (p_bottle_3 & X hospital_2)),False
ARTEMIS,6,"Go to store 1, grab bottle 3, and move it to hospital 2.",F(shop_1 & F(p_bottle_3 & F(hospital_2 & pd))),G (shop_1 -> X (p_bottle_3 & X hospital_2)),False
ARTEMIS,6,"Go to store 1, grab bottle 3, and move it to hospital 2.",F(shop_1 & F(p_bottle_3 & F(hospital_2 & pd))),G (shop_1 -> (p_bottle_3 & (G (!hospital_2) U hospital_2))),False
ARTEMIS,6,"Go to store 1, grab bottle 3, and move it to hospital 2.",F(shop_1 & F(p_bottle_3 & F(hospital_2 & pd))),G (shop_1 -> (p_bottle_3 & (G (p_bottle_3 -> X p_bottle_3) U hospital_2))),False
ARTEMIS,6,"Go to store 1, grab bottle 3, and move it to hospital 2.",F(shop_1 & F(p_bottle_3 & F(hospital_2 & pd))),G (shop_1 -> X (p_bottle_3 & X hospital_2)),False
ARTEMIS,6,"Go to store 1, grab bottle 3, and move it to hospital 2.",F(shop_1 & F(p_bottle_3 & F(hospital_2 & pd))),G (shop_1 -> X (p_bottle_3 & X hospital_2)),False
ARTEMIS,6,"Go to store 1, grab bottle 3, and move it to hospital 2.",F(shop_1 & F(p_bottle_3 & F(hospital_2 & pd))),G (shop_1 -> (p_bottle_3 & (G (!hospital_2) U hospital_2))),False
ARTEMIS,6,"Go to store 1, grab bottle 3, and move it to hospital 2.",F(shop_1 & F(p_bottle_3 & F(hospital_2 & pd))),G (shop_1 -> (p_bottle_3 & (G (!hospital_2) U hospital_2))),False
ARTEMIS,6,"Go to store 1, grab bottle 3, and move it to hospital 2.",F(shop_1 & F(p_bottle_3 & F(hospital_2 & pd))),G (shop_1 -> (p_bottle_3 & (G (!hospital_2) U hospital_2))),False
ARTEMIS,6,"Go to store 1, grab bottle 3, and move it to hospital 2.",F(shop_1 & F(p_bottle_3 & F(hospital_2 & pd))),G (shop_1 -> (p_bottle_3 & (G (!hospital_2) U hospital_2))),False
ARTEMIS,6,"Go to store 1, grab bottle 3, and move it to hospital 2.",F(shop_1 & F(p_bottle_3 & F(hospital_2 & pd))),G (shop_1 -> (p_bottle_3 & (G (!hospital_2) U hospital_2))),False
ARTEMIS,6,"Go to store 1, grab bottle 3, and move it to hospital 2.",F(shop_1 & F(p_bottle_3 & F(hospital_2 & pd))),G (shop_1 -> (p_bottle_3 & (G (!hospital_2) U hospital_2))),False
ARTEMIS,6,"Go to store 1, grab bottle 3, and move it to hospital 2.",F(shop_1 & F(p_bottle_3 & F(hospital_2 & pd))),G (shop_1 -> (p_bottle_3 & (G (!hospital_2) U hospital_2))),False
ARTEMIS,6,"Go to store 1, grab bottle 3, and move it to hospital 2.",F(shop_1 & F(p_bottle_3 & F(hospital_2 & pd))),G (shop_1 -> (p_bottle_3 & (G (!hospital_2) U hospital_2))),False
ARTEMIS,6,"Go to store 1, grab bottle 3, and move it to hospital 2.",F(shop_1 & F(p_bottle_3 & F(hospital_2 & pd))),G (shop_1 -> (p_bottle_3 & (G (!hospital_2) U hospital_2))),False
ARTEMIS,6,"Go to store 1, grab bottle 3, and move it to hospital 2.",F(shop_1 & F(p_bottle_3 & F(hospital_2 & pd))),G (shop_1 -> (p_bottle_3 & (G (!hospital_2) U hospital_2))),False
ARTEMIS,6,"Go to store 1, grab bottle 3, and move it to hospital 2.",F(shop_1 & F(p_bottle_3 & F(hospital_2 & pd))),G (shop_1 -> (p_bottle_3 & (G (!hospital_2) U hospital_2))),False
ARTEMIS,6,"Go to store 1, grab bottle 3, and move it to hospital 2.",F(shop_1 & F(p_bottle_3 & F(hospital_2 & pd))),G (shop_1 -> (p_bottle_3 & (G (!hospital_2) U hospital_2))),False
ARTEMIS,33,Pick up traffic_cone_5 from street_4 and subsequently place it in intersection_6,F(street_4 & F(p_traffic_cone_5 & F(intersection_6 & pd))),G (street_4 & p_traffic_cone_5 -> X (G (!intersection_6) U (intersection_6 & pd))),False
ARTEMIS,33,Pick up traffic_cone_5 from street_4 and subsequently place it in intersection_6,F(street_4 & F(p_traffic_cone_5 & F(intersection_6 & pd))),G (street_4 & p_traffic_cone_5 -> X (G (!intersection_6) U (intersection_6 & pd))),False
ARTEMIS,33,Pick up traffic_cone_5 from street_4 and subsequently place it in intersection_6,F(street_4 & F(p_traffic_cone_5 & F(intersection_6 & pd))),G (street_4 & p_traffic_cone_5 -> X (G (!intersection_6) U (intersection_6 & pd))),False
ARTEMIS,33,Pick up traffic_cone_5 from street_4 and subsequently place it in intersection_6,F(street_4 & F(p_traffic_cone_5 & F(intersection_6 & pd))),G (street_4 & p_traffic_cone_5 -> X (G (!intersection_6) U (intersection_6 & pd))),False
ARTEMIS,33,Pick up traffic_cone_5 from street_4 and subsequently place it in intersection_6,F(street_4 & F(p_traffic_cone_5 & F(intersection_6 & pd))),G (street_4 & p_traffic_cone_5 -> X (G (!intersection_6) U (intersection_6 & pd))),False
ARTEMIS,33,Pick up traffic_cone_5 from street_4 and subsequently place it in intersection_6,F(street_4 & F(p_traffic_cone_5 & F(intersection_6 & pd))),G (street_4 & p_traffic_cone_5 -> X (G (!intersection_6) U (intersection_6 & pd))),False
ARTEMIS,33,Pick up traffic_cone_5 from street_4 and subsequently place it in intersection_6,F(street_4 & F(p_traffic_cone_5 & F(intersection_6 & pd))),G (street_4 & p_traffic_cone_5 -> X (G (!intersection_6) U (intersection_6 & pd))),False
ARTEMIS,33,Pick up traffic_cone_5 from street_4 and subsequently place it in intersection_6,F(street_4 & F(p_traffic_cone_5 & F(intersection_6 & pd))),G (street_4 & p_traffic_cone_5 -> X (G (!intersection_6) U (intersection_6 & pd))),False
ARTEMIS,33,Pick up traffic_cone_5 from street_4 and subsequently place it in intersection_6,F(street_4 & F(p_traffic_cone_5 & F(intersection_6 & pd))),G (street_4 & p_traffic_cone_5 -> X (G (!intersection_6) U (intersection_6 & pd))),False
ARTEMIS,33,Pick up traffic_cone_5 from street_4 and subsequently place it in intersection_6,F(street_4 & F(p_traffic_cone_5 & F(intersection_6 & pd))),G (street_4 & p_traffic_cone_5 -> X (G (!intersection_6) U (intersection_6 & pd))),False
ARTEMIS,33,Pick up traffic_cone_5 from street_4 and subsequently place it in intersection_6,F(street_4 & F(p_traffic_cone_5 & F(intersection_6 & pd))),G (street_4 & p_traffic_cone_5 -> X (G (!intersection_6) U (intersection_6 & pd))),False
ARTEMIS,33,Pick up traffic_cone_5 from street_4 and subsequently place it in intersection_6,F(street_4 & F(p_traffic_cone_5 & F(intersection_6 & pd))),G (street_4 & p_traffic_cone_5 -> X (G (!intersection_6) U (intersection_6 & pd))),False
ARTEMIS,33,Pick up traffic_cone_5 from street_4 and subsequently place it in intersection_6,F(street_4 & F(p_traffic_cone_5 & F(intersection_6 & pd))),G (street_4 & p_traffic_cone_5 -> X (G (!intersection_6) U (intersection_6 & pd))),False
ARTEMIS,33,Pick up traffic_cone_5 from street_4 and subsequently place it in intersection_6,F(street_4 & F(p_traffic_cone_5 & F(intersection_6 & pd))),G (street_4 & p_traffic_cone_5 -> X (G (!intersection_6) U (intersection_6 & pd))),False
ARTEMIS,33,Pick up traffic_cone_5 from street_4 and subsequently place it in intersection_6,F(street_4 & F(p_traffic_cone_5 & F(intersection_6 & pd))),G (street_4 & p_traffic_cone_5 -> X (G (!intersection_6) U (intersection_6 & pd))),False
ARTEMIS,33,Pick up traffic_cone_5 from street_4 and subsequently place it in intersection_6,F(street_4 & F(p_traffic_cone_5 & F(intersection_6 & pd))),G (street_4 & p_traffic_cone_5 -> X (G (!intersection_6) U (intersection_6 & pd))),False
ARTEMIS,33,Pick up traffic_cone_5 from street_4 and subsequently place it in intersection_6,F(street_4 & F(p_traffic_cone_5 & F(intersection_6 & pd))),G (street_4 & p_traffic_cone_5 -> X (G (!intersection_6) U (intersection_6 & pd))),False
ARTEMIS,33,Pick up traffic_cone_5 from street_4 and subsequently place it in intersection_6,F(street_4 & F(p_traffic_cone_5 & F(intersection_6 & pd))),G (street_4 & p_traffic_cone_5 -> X (G (!intersection_6) U (intersection_6 & pd))),False
ARTEMIS,33,Pick up traffic_cone_5 from street_4 and subsequently place it in intersection_6,F(street_4 & F(p_traffic_cone_5 & F(intersection_6 & pd))),G (street_4 & p_traffic_cone_5 -> X (G (!intersection_6) U (intersection_6 & pd))),False
ARTEMIS,33,Pick up traffic_cone_5 from street_4 and subsequently place it in intersection_6,F(street_4 & F(p_traffic_cone_5 & F(intersection_6 & pd))),G (street_4 & p_traffic_cone_5 -> X (G (!intersection_6) U (intersection_6 & pd))),False
ARTEMIS,33,Pick up traffic_cone_5 from street_4 and subsequently place it in intersection_6,F(street_4 & F(p_traffic_cone_5 & F(intersection_6 & pd))),G (street_4 & p_traffic_cone_5 -> X (G (!intersection_6) U (intersection_6 & pd))),False
ARTEMIS,33,Pick up traffic_cone_5 from street_4 and subsequently place it in intersection_6,F(street_4 & F(p_traffic_cone_5 & F(intersection_6 & pd))),G (street_4 & p_traffic_cone_5 -> X (G (!intersection_6) U (intersection_6 & pd))),False
ARTEMIS,33,Pick up traffic_cone_5 from street_4 and subsequently place it in intersection_6,F(street_4 & F(p_traffic_cone_5 & F(intersection_6 & pd))),G (street_4 & p_traffic_cone_5 -> X (G (!intersection_6) U (intersection_6 & pd))),False
ARTEMIS,33,Pick up traffic_cone_5 from street_4 and subsequently place it in intersection_6,F(street_4 & F(p_traffic_cone_5 & F(intersection_6 & pd))),G (street_4 & p_traffic_cone_5 -> X (G (!intersection_6) U (intersection_6 & pd))),False
ARTEMIS,33,Pick up traffic_cone_5 from street_4 and subsequently place it in intersection_6,F(street_4 & F(p_traffic_cone_5 & F(intersection_6 & pd))),G (street_4 & p_traffic_cone_5 -> X (G (!intersection_6) U (intersection_6 & pd))),False
ARTEMIS,33,Pick up traffic_cone_5 from street_4 and subsequently place it in intersection_6,F(street_4 & F(p_traffic_cone_5 & F(intersection_6 & pd))),G (street_4 & p_traffic_cone_5 -> X (G (!intersection_6) U (intersection_6 & pd))),False
ARTEMIS,33,Pick up traffic_cone_5 from street_4 and subsequently place it in intersection_6,F(street_4 & F(p_traffic_cone_5 & F(intersection_6 & pd))),G (street_4 & p_traffic_cone_5 -> X (G (!intersection_6) U (intersection_6 & pd))),False
ARTEMIS,33,Pick up traffic_cone_5 from street_4 and subsequently place it in intersection_6,F(street_4 & F(p_traffic_cone_5 & F(intersection_6 & pd))),G (street_4 & p_traffic_cone_5 -> X (G (!intersection_6) U (intersection_6 & pd))),False
ARTEMIS,33,Pick up traffic_cone_5 from street_4 and subsequently place it in intersection_6,F(street_4 & F(p_traffic_cone_5 & F(intersection_6 & pd))),G (street_4 & p_traffic_cone_5 -> X (G (!intersection_6) U (intersection_6 & pd))),False
ARTEMIS,33,Pick up traffic_cone_5 from street_4 and subsequently place it in intersection_6,F(street_4 & F(p_traffic_cone_5 & F(intersection_6 & pd))),G (street_4 & p_traffic_cone_5 -> X (G (!intersection_6) U (intersection_6 & pd))),False
ARTEMIS,33,Pick up traffic_cone_5 from street_4 and subsequently place it in intersection_6,F(street_4 & F(p_traffic_cone_5 & F(intersection_6 & pd))),G (street_4 & p_traffic_cone_5 -> X (G (!intersection_6) U (intersection_6 & pd))),False
ARTEMIS,33,Pick up traffic_cone_5 from street_4 and subsequently place it in intersection_6,F(street_4 & F(p_traffic_cone_5 & F(intersection_6 & pd))),G (street_4 & p_traffic_cone_5 -> X (G (!intersection_6) U (intersection_6 & pd))),False
ARTEMIS,33,Pick up traffic_cone_5 from street_4 and subsequently place it in intersection_6,F(street_4 & F(p_traffic_cone_5 & F(intersection_6 & pd))),G (street_4 & p_traffic_cone_5 -> X (G (!intersection_6) U (intersection_6 & pd))),False
ARTEMIS,33,Pick up traffic_cone_5 from street_4 and subsequently place it in intersection_6,F(street_4 & F(p_traffic_cone_5 & F(intersection_6 & pd))),G (street_4 & p_traffic_cone_5 -> X (G (!intersection_6) U (intersection_6 & pd))),False
ARTEMIS,33,Pick up traffic_cone_5 from street_4 and subsequently place it in intersection_6,F(street_4 & F(p_traffic_cone_5 & F(intersection_6 & pd))),G (street_4 & p_traffic_cone_5 -> X (G (!intersection_6) U (intersection_6 & pd))),False
ARTEMIS,33,Pick up traffic_cone_5 from street_4 and subsequently place it in intersection_6,F(street_4 & F(p_traffic_cone_5 & F(intersection_6 & pd))),G (street_4 & p_traffic_cone_5 -> X (pd & X (intersection_6 & p_traffic_cone_5))),False
ARTEMIS,33,Pick up traffic_cone_5 from street_4 and subsequently place it in intersection_6,F(street_4 & F(p_traffic_cone_5 & F(intersection_6 & pd))),G (street_4 & p_traffic_cone_5 -> X (G (!intersection_6) U (intersection_6 & pd))),False
ARTEMIS,33,Pick up traffic_cone_5 from street_4 and subsequently place it in intersection_6,F(street_4 & F(p_traffic_cone_5 & F(intersection_6 & pd))),G (street_4 & p_traffic_cone_5 -> X (G (!intersection_6) U (intersection_6 & pd))),False
ARTEMIS,33,Pick up traffic_cone_5 from street_4 and subsequently place it in intersection_6,F(street_4 & F(p_traffic_cone_5 & F(intersection_6 & pd))),G (street_4 & p_traffic_cone_5 -> X (G (!intersection_6) U (intersection_6 & pd))),False
ARTEMIS,33,Pick up traffic_cone_5 from street_4 and subsequently place it in intersection_6,F(street_4 & F(p_traffic_cone_5 & F(intersection_6 & pd))),G (street_4 & p_traffic_cone_5 -> X (G (!intersection_6) U (intersection_6 & pd))),False
ARTEMIS,33,Pick up traffic_cone_5 from street_4 and subsequently place it in intersection_6,F(street_4 & F(p_traffic_cone_5 & F(intersection_6 & pd))),G (street_4 & p_traffic_cone_5 -> X (G (!intersection_6) U (intersection_6 & pd))),False
ARTEMIS,33,Pick up traffic_cone_5 from street_4 and subsequently place it in intersection_6,F(street_4 & F(p_traffic_cone_5 & F(intersection_6 & pd))),G (street_4 & p_traffic_cone_5 -> X (G (!intersection_6) U (intersection_6 & pd))),False
ARTEMIS,33,Pick up traffic_cone_5 from street_4 and subsequently place it in intersection_6,F(street_4 & F(p_traffic_cone_5 & F(intersection_6 & pd))),G (street_4 & p_traffic_cone_5 -> X (G (!intersection_6) U (intersection_6 & pd))),False
ARTEMIS,33,Pick up traffic_cone_5 from street_4 and subsequently place it in intersection_6,F(street_4 & F(p_traffic_cone_5 & F(intersection_6 & pd))),G (street_4 & p_traffic_cone_5 -> X (G (!intersection_6) U (intersection_6 & pd))),False
ARTEMIS,33,Pick up traffic_cone_5 from street_4 and subsequently place it in intersection_6,F(street_4 & F(p_traffic_cone_5 & F(intersection_6 & pd))),G (street_4 & p_traffic_cone_5 -> X (G (!intersection_6) U (intersection_6 & pd))),False
ARTEMIS,33,Pick up traffic_cone_5 from street_4 and subsequently place it in intersection_6,F(street_4 & F(p_traffic_cone_5 & F(intersection_6 & pd))),G (street_4 & p_traffic_cone_5 -> X (G (!intersection_6) U (intersection_6 & pd))),False
ARTEMIS,33,Pick up traffic_cone_5 from street_4 and subsequently place it in intersection_6,F(street_4 & F(p_traffic_cone_5 & F(intersection_6 & pd))),G (street_4 & p_traffic_cone_5 -> X (G (!intersection_6) U (intersection_6 & pd))),False
ARTEMIS,33,Pick up traffic_cone_5 from street_4 and subsequently place it in intersection_6,F(street_4 & F(p_traffic_cone_5 & F(intersection_6 & pd))),G (street_4 & p_traffic_cone_5 -> X (G (!intersection_6) U (intersection_6 & pd))),False
ARTEMIS,33,Pick up traffic_cone_5 from street_4 and subsequently place it in intersection_6,F(street_4 & F(p_traffic_cone_5 & F(intersection_6 & pd))),G (street_4 & p_traffic_cone_5 -> X (G (!intersection_6) U (intersection_6 & pd))),False
ARTEMIS,33,Pick up traffic_cone_5 from street_4 and subsequently place it in intersection_6,F(street_4 & F(p_traffic_cone_5 & F(intersection_6 & pd))),G (street_4 & p_traffic_cone_5 -> X (G (!intersection_6) U (intersection_6 & pd))),False
ARTEMIS,33,Pick up traffic_cone_5 from street_4 and subsequently place it in intersection_6,F(street_4 & F(p_traffic_cone_5 & F(intersection_6 & pd))),G (street_4 & p_traffic_cone_5 -> X (G (!intersection_6) U (intersection_6 & pd))),False
ARTEMIS,33,Pick up traffic_cone_5 from street_4 and subsequently place it in intersection_6,F(street_4 & F(p_traffic_cone_5 & F(intersection_6 & pd))),G (street_4 & p_traffic_cone_5 -> X (G (!intersection_6) U (intersection_6 & pd))),False
ARTEMIS,33,Pick up traffic_cone_5 from street_4 and subsequently place it in intersection_6,F(street_4 & F(p_traffic_cone_5 & F(intersection_6 & pd))),G (street_4 & p_traffic_cone_5 -> X (G (!intersection_6) U (intersection_6 & pd))),False
ARTEMIS,33,Pick up traffic_cone_5 from street_4 and subsequently place it in intersection_6,F(street_4 & F(p_traffic_cone_5 & F(intersection_6 & pd))),G (street_4 & p_traffic_cone_5 -> X (G (!intersection_6) U (intersection_6 & pd))),False
ARTEMIS,33,Pick up traffic_cone_5 from street_4 and subsequently place it in intersection_6,F(street_4 & F(p_traffic_cone_5 & F(intersection_6 & pd))),G (street_4 & p_traffic_cone_5 -> X (G (!intersection_6) U (intersection_6 & pd))),False
ARTEMIS,33,Pick up traffic_cone_5 from street_4 and subsequently place it in intersection_6,F(street_4 & F(p_traffic_cone_5 & F(intersection_6 & pd))),G (street_4 & p_traffic_cone_5 -> X (G (!intersection_6) U (intersection_6 & pd))),False
ARTEMIS,33,Pick up traffic_cone_5 from street_4 and subsequently place it in intersection_6,F(street_4 & F(p_traffic_cone_5 & F(intersection_6 & pd))),G (street_4 & p_traffic_cone_5 -> X (G (!intersection_6) U (intersection_6 & pd))),False
ARTEMIS,33,Pick up traffic_cone_5 from street_4 and subsequently place it in intersection_6,F(street_4 & F(p_traffic_cone_5 & F(intersection_6 & pd))),G (street_4 & p_traffic_cone_5 -> X (G (!intersection_6) U (intersection_6 & pd))),False
ARTEMIS,33,Pick up traffic_cone_5 from street_4 and subsequently place it in intersection_6,F(street_4 & F(p_traffic_cone_5 & F(intersection_6 & pd))),G (street_4 & p_traffic_cone_5 -> X (G (!intersection_6) U (intersection_6 & pd))),False
ARTEMIS,33,Pick up traffic_cone_5 from street_4 and subsequently place it in intersection_6,F(street_4 & F(p_traffic_cone_5 & F(intersection_6 & pd))),G (street_4 & p_traffic_cone_5 -> X (G (!intersection_6) U (intersection_6 & pd))),False
ARTEMIS,33,Pick up traffic_cone_5 from street_4 and subsequently place it in intersection_6,F(street_4 & F(p_traffic_cone_5 & F(intersection_6 & pd))),G (street_4 & p_traffic_cone_5 -> X (G (!intersection_6) U (intersection_6 & pd))),False
ARTEMIS,33,Pick up traffic_cone_5 from street_4 and subsequently place it in intersection_6,F(street_4 & F(p_traffic_cone_5 & F(intersection_6 & pd))),G (street_4 & p_traffic_cone_5 -> X (G (!intersection_6) U (intersection_6 & pd))),False
ARTEMIS,33,Pick up traffic_cone_5 from street_4 and subsequently place it in intersection_6,F(street_4 & F(p_traffic_cone_5 & F(intersection_6 & pd))),G (street_4 & p_traffic_cone_5 -> X (G (!intersection_6) U (intersection_6 & pd))),False
ARTEMIS,33,Pick up traffic_cone_5 from street_4 and subsequently place it in intersection_6,F(street_4 & F(p_traffic_cone_5 & F(intersection_6 & pd))),G (street_4 & p_traffic_cone_5 -> X (G (!intersection_6) U (intersection_6 & pd))),False
ARTEMIS,33,Pick up traffic_cone_5 from street_4 and subsequently place it in intersection_6,F(street_4 & F(p_traffic_cone_5 & F(intersection_6 & pd))),G (street_4 & p_traffic_cone_5 -> X (G (!intersection_6) U (intersection_6 & pd))),False
ARTEMIS,33,Pick up traffic_cone_5 from street_4 and subsequently place it in intersection_6,F(street_4 & F(p_traffic_cone_5 & F(intersection_6 & pd))),G (street_4 & p_traffic_cone_5 -> X (G (!intersection_6) U (intersection_6 & pd))),False
ARTEMIS,33,Pick up traffic_cone_5 from street_4 and subsequently place it in intersection_6,F(street_4 & F(p_traffic_cone_5 & F(intersection_6 & pd))),G (street_4 & p_traffic_cone_5 -> X (G (!intersection_6) U (intersection_6 & pd))),False
ARTEMIS,33,Pick up traffic_cone_5 from street_4 and subsequently place it in intersection_6,F(street_4 & F(p_traffic_cone_5 & F(intersection_6 & pd))),G (street_4 & p_traffic_cone_5 -> X (G (!intersection_6) U (intersection_6 & pd))),False
ARTEMIS,33,Pick up traffic_cone_5 from street_4 and subsequently place it in intersection_6,F(street_4 & F(p_traffic_cone_5 & F(intersection_6 & pd))),G (street_4 & p_traffic_cone_5 -> X (G (!intersection_6) U (intersection_6 & pd))),False
ARTEMIS,33,Pick up traffic_cone_5 from street_4 and subsequently place it in intersection_6,F(street_4 & F(p_traffic_cone_5 & F(intersection_6 & pd))),G (street_4 & p_traffic_cone_5 -> X (G (!intersection_6) U (intersection_6 & pd))),False
ARTEMIS,33,Pick up traffic_cone_5 from street_4 and subsequently place it in intersection_6,F(street_4 & F(p_traffic_cone_5 & F(intersection_6 & pd))),G (street_4 & p_traffic_cone_5 -> X (G (!intersection_6) U (intersection_6 & pd))),False
ARTEMIS,33,Pick up traffic_cone_5 from street_4 and subsequently place it in intersection_6,F(street_4 & F(p_traffic_cone_5 & F(intersection_6 & pd))),G (street_4 & p_traffic_cone_5 -> X (G (!intersection_6) U (intersection_6 & pd))),False
ARTEMIS,33,Pick up traffic_cone_5 from street_4 and subsequently place it in intersection_6,F(street_4 & F(p_traffic_cone_5 & F(intersection_6 & pd))),G (street_4 & p_traffic_cone_5 -> X (G (!intersection_6) U (intersection_6 & pd))),False
ARTEMIS,33,Pick up traffic_cone_5 from street_4 and subsequently place it in intersection_6,F(street_4 & F(p_traffic_cone_5 & F(intersection_6 & pd))),G (street_4 & p_traffic_cone_5 -> X (G (!intersection_6) U (intersection_6 & pd))),False
ARTEMIS,33,Pick up traffic_cone_5 from street_4 and subsequently place it in intersection_6,F(street_4 & F(p_traffic_cone_5 & F(intersection_6 & pd))),G (street_4 & p_traffic_cone_5 -> X (G (!intersection_6) U (intersection_6 & pd))),False
ARTEMIS,33,Pick up traffic_cone_5 from street_4 and subsequently place it in intersection_6,F(street_4 & F(p_traffic_cone_5 & F(intersection_6 & pd))),G (street_4 & p_traffic_cone_5 -> X (G (!intersection_6) U (intersection_6 & pd))),False
ARTEMIS,33,Pick up traffic_cone_5 from street_4 and subsequently place it in intersection_6,F(street_4 & F(p_traffic_cone_5 & F(intersection_6 & pd))),G (street_4 & p_traffic_cone_5 -> X (G (!intersection_6) U (intersection_6 & pd))),False
ARTEMIS,33,Pick up traffic_cone_5 from street_4 and subsequently place it in intersection_6,F(street_4 & F(p_traffic_cone_5 & F(intersection_6 & pd))),G (street_4 & p_traffic_cone_5 -> X (G (!intersection_6) U (intersection_6 & pd))),False
ARTEMIS,33,Pick up traffic_cone_5 from street_4 and subsequently place it in intersection_6,F(street_4 & F(p_traffic_cone_5 & F(intersection_6 & pd))),G (street_4 & p_traffic_cone_5 -> X (G (!intersection_6) U (intersection_6 & pd))),False
ARTEMIS,33,Pick up traffic_cone_5 from street_4 and subsequently place it in intersection_6,F(street_4 & F(p_traffic_cone_5 & F(intersection_6 & pd))),G (street_4 & p_traffic_cone_5 -> X (G (!intersection_6) U (intersection_6 & pd))),False
ARTEMIS,33,Pick up traffic_cone_5 from street_4 and subsequently place it in intersection_6,F(street_4 & F(p_traffic_cone_5 & F(intersection_6 & pd))),G (street_4 & p_traffic_cone_5 -> X (G (!intersection_6) U (intersection_6 & pd))),False
ARTEMIS,33,Pick up traffic_cone_5 from street_4 and subsequently place it in intersection_6,F(street_4 & F(p_traffic_cone_5 & F(intersection_6 & pd))),G (street_4 & p_traffic_cone_5 -> X (G (!intersection_6) U (intersection_6 & pd))),False
ARTEMIS,33,Pick up traffic_cone_5 from street_4 and subsequently place it in intersection_6,F(street_4 & F(p_traffic_cone_5 & F(intersection_6 & pd))),G (street_4 & p_traffic_cone_5 -> X (G (!intersection_6) U (intersection_6 & pd))),False
ARTEMIS,33,Pick up traffic_cone_5 from street_4 and subsequently place it in intersection_6,F(street_4 & F(p_traffic_cone_5 & F(intersection_6 & pd))),G (street_4 & p_traffic_cone_5 -> X (G (!intersection_6) U (intersection_6 & pd))),False
ARTEMIS,33,Pick up traffic_cone_5 from street_4 and subsequently place it in intersection_6,F(street_4 & F(p_traffic_cone_5 & F(intersection_6 & pd))),G (street_4 & p_traffic_cone_5 -> X (G (!intersection_6) U (intersection_6 & pd))),False
ARTEMIS,33,Pick up traffic_cone_5 from street_4 and subsequently place it in intersection_6,F(street_4 & F(p_traffic_cone_5 & F(intersection_6 & pd))),G (street_4 & p_traffic_cone_5 -> X (G (!intersection_6) U (intersection_6 & pd))),False
ARTEMIS,33,Pick up traffic_cone_5 from street_4 and subsequently place it in intersection_6,F(street_4 & F(p_traffic_cone_5 & F(intersection_6 & pd))),G (street_4 & p_traffic_cone_5 -> X (G (!intersection_6) U (intersection_6 & pd))),False
ARTEMIS,33,Pick up traffic_cone_5 from street_4 and subsequently place it in intersection_6,F(street_4 & F(p_traffic_cone_5 & F(intersection_6 & pd))),G (street_4 & p_traffic_cone_5 -> X (G (!intersection_6) U (intersection_6 & pd))),False
ARTEMIS,33,Pick up traffic_cone_5 from street_4 and subsequently place it in intersection_6,F(street_4 & F(p_traffic_cone_5 & F(intersection_6 & pd))),G (street_4 & p_traffic_cone_5 -> X (G (!intersection_6) U (intersection_6 & pd))),False
ARTEMIS,33,Pick up traffic_cone_5 from street_4 and subsequently place it in intersection_6,F(street_4 & F(p_traffic_cone_5 & F(intersection_6 & pd))),G (street_4 & p_traffic_cone_5 -> X (G (!intersection_6) U (intersection_6 & pd))),False
ARTEMIS,33,Pick up traffic_cone_5 from street_4 and subsequently place it in intersection_6,F(street_4 & F(p_traffic_cone_5 & F(intersection_6 & pd))),G (street_4 & p_traffic_cone_5 -> X (G (!intersection_6) U (intersection_6 & pd))),False
ARTEMIS,33,Pick up traffic_cone_5 from street_4 and subsequently place it in intersection_6,F(street_4 & F(p_traffic_cone_5 & F(intersection_6 & pd))),G (street_4 & p_traffic_cone_5 -> X (G (!intersection_6) U (intersection_6 & pd))),False
ARTEMIS,33,Pick up traffic_cone_5 from street_4 and subsequently place it in intersection_6,F(street_4 & F(p_traffic_cone_5 & F(intersection_6 & pd))),G (street_4 & p_traffic_cone_5 -> X (G (!intersection_6) U (intersection_6 & pd))),False
ARTEMIS,33,Pick up traffic_cone_5 from street_4 and subsequently place it in intersection_6,F(street_4 & F(p_traffic_cone_5 & F(intersection_6 & pd))),G (street_4 & p_traffic_cone_5 -> X (G (!intersection_6) U (intersection_6 & pd))),False
ARTEMIS,33,Pick up traffic_cone_5 from street_4 and subsequently place it in intersection_6,F(street_4 & F(p_traffic_cone_5 & F(intersection_6 & pd))),G (street_4 & p_traffic_cone_5 -> X (G (!intersection_6) U (intersection_6 & pd))),False
ARTEMIS,33,Pick up traffic_cone_5 from street_4 and subsequently place it in intersection_6,F(street_4 & F(p_traffic_cone_5 & F(intersection_6 & pd))),G (street_4 & p_traffic_cone_5 -> X (G (!intersection_6) U (intersection_6 & pd))),False
ARTEMIS,33,Pick up traffic_cone_5 from street_4 and subsequently place it in intersection_6,F(street_4 & F(p_traffic_cone_5 & F(intersection_6 & pd))),G (street_4 & p_traffic_cone_5 -> X (G (!intersection_6) U (intersection_6 & pd))),False
ARTEMIS,33,Pick up traffic_cone_5 from street_4 and subsequently place it in intersection_6,F(street_4 & F(p_traffic_cone_5 & F(intersection_6 & pd))),G (street_4 & p_traffic_cone_5 -> X (G (!intersection_6) U (intersection_6 & pd))),False
ARTEMIS,33,Pick up traffic_cone_5 from street_4 and subsequently place it in intersection_6,F(street_4 & F(p_traffic_cone_5 & F(intersection_6 & pd))),G (street_4 & p_traffic_cone_5 -> X (G (!intersection_6) U (intersection_6 & pd))),False
ARTEMIS,33,Pick up traffic_cone_5 from street_4 and subsequently place it in intersection_6,F(street_4 & F(p_traffic_cone_5 & F(intersection_6 & pd))),G (street_4 & p_traffic_cone_5 -> X (G (!intersection_6) U (intersection_6 & pd))),False
ARTEMIS,36,"Pick up tin_can_4 from table_4, deliver it to trash_can_5, and avoid going into hallway_2",F(table_4 & F(p_tin_can_4 & F(pd & trash_can_5))) & G!hallway_2,G (!hallway_2 & (F (p_tin_can_4 & table_4) & (F (p_tin_can_4 & trash_can_5) & (F (p_tin_can_4 & trash_can_5) -> G (!hallway_2))))),False
ARTEMIS,36,"Pick up tin_can_4 from table_4, deliver it to trash_can_5, and avoid going into hallway_2",F(table_4 & F(p_tin_can_4 & F(pd & trash_can_5))) & G!hallway_2,G (!hallway_2) & F (p_tin_can_4 & table_4) & F (p_tin_can_4 & trash_can_5),False
ARTEMIS,36,"Pick up tin_can_4 from table_4, deliver it to trash_can_5, and avoid going into hallway_2",F(table_4 & F(p_tin_can_4 & F(pd & trash_can_5))) & G!hallway_2,G (!hallway_2) & F (p_tin_can_4 & table_4) & F (p_tin_can_4 & trash_can_5),False
ARTEMIS,36,"Pick up tin_can_4 from table_4, deliver it to trash_can_5, and avoid going into hallway_2",F(table_4 & F(p_tin_can_4 & F(pd & trash_can_5))) & G!hallway_2,G (!hallway_2) & F (p_tin_can_4 & table_4) & F (p_tin_can_4 & trash_can_5),False
ARTEMIS,36,"Pick up tin_can_4 from table_4, deliver it to trash_can_5, and avoid going into hallway_2",F(table_4 & F(p_tin_can_4 & F(pd & trash_can_5))) & G!hallway_2,G (!hallway_2) & F (p_tin_can_4 & table_4) & F (p_tin_can_4 & trash_can_5),False
ARTEMIS,36,"Pick up tin_can_4 from table_4, deliver it to trash_can_5, and avoid going into hallway_2",F(table_4 & F(p_tin_can_4 & F(pd & trash_can_5))) & G!hallway_2,G (!hallway_2) & F (p_tin_can_4 & table_4) & F (p_tin_can_4 & trash_can_5),False
ARTEMIS,36,"Pick up tin_can_4 from table_4, deliver it to trash_can_5, and avoid going into hallway_2",F(table_4 & F(p_tin_can_4 & F(pd & trash_can_5))) & G!hallway_2,G (!hallway_2 & (F (p_tin_can_4 & table_4) & (F (p_tin_can_4 & trash_can_5) & (F (p_tin_can_4 & trash_can_5) -> G (!hallway_2))))),False
ARTEMIS,36,"Pick up tin_can_4 from table_4, deliver it to trash_can_5, and avoid going into hallway_2",F(table_4 & F(p_tin_can_4 & F(pd & trash_can_5))) & G!hallway_2,G (!hallway_2) & F (p_tin_can_4 & table_4) & F (p_tin_can_4 & trash_can_5),False
ARTEMIS,36,"Pick up tin_can_4 from table_4, deliver it to trash_can_5, and avoid going into hallway_2",F(table_4 & F(p_tin_can_4 & F(pd & trash_can_5))) & G!hallway_2,G (!hallway_2) & F (p_tin_can_4 & table_4) & F (p_tin_can_4 & trash_can_5),False
ARTEMIS,36,"Pick up tin_can_4 from table_4, deliver it to trash_can_5, and avoid going into hallway_2",F(table_4 & F(p_tin_can_4 & F(pd & trash_can_5))) & G!hallway_2,G (!hallway_2 & (F (p_tin_can_4 & table_4) & (F (p_tin_can_4 & trash_can_5) & (F (p_tin_can_4 & trash_can_5) -> G (!hallway_2))))),False
ARTEMIS,36,"Pick up tin_can_4 from table_4, deliver it to trash_can_5, and avoid going into hallway_2",F(table_4 & F(p_tin_can_4 & F(pd & trash_can_5))) & G!hallway_2,G (!hallway_2) & F (p_tin_can_4 & table_4) & F (p_tin_can_4 & trash_can_5),False
ARTEMIS,36,"Pick up tin_can_4 from table_4, deliver it to trash_can_5, and avoid going into hallway_2",F(table_4 & F(p_tin_can_4 & F(pd & trash_can_5))) & G!hallway_2,G (!hallway_2 & (F (p_tin_can_4 & table_4) & (F (p_tin_can_4 & trash_can_5) & (G (p_tin_can_4 & table_4) -> F (p_tin_can_4 & trash_can,
ARTEMIS,36,"Pick up tin_can_4 from table_4, deliver it to trash_can_5, and avoid going into hallway_2",F(table_4 & F(p_tin_can_4 & F(pd & trash_can_5))) & G!hallway_2,G (!hallway_2 & (F (p_tin_can_4 & table_4) & (F (p_tin_can_4 & trash_can_5) & (F (p_tin_can_4 & trash_can_5) -> G (!hallway_2))))),False
ARTEMIS,36,"Pick up tin_can_4 from table_4, deliver it to trash_can_5, and avoid going into hallway_2",F(table_4 & F(p_tin_can_4 & F(pd & trash_can_5))) & G!hallway_2,G (!hallway_2) & F (p_tin_can_4 & table_4) & F (p_tin_can_4 & trash_can_5),False
ARTEMIS,36,"Pick up tin_can_4 from table_4, deliver it to trash_can_5, and avoid going into hallway_2",F(table_4 & F(p_tin_can_4 & F(pd & trash_can_5))) & G!hallway_2,G (!hallway_2) & F (p_tin_can_4 & table_4) & F (p_tin_can_4 & trash_can_5),False
ARTEMIS,36,"Pick up tin_can_4 from table_4, deliver it to trash_can_5, and avoid going into hallway_2",F(table_4 & F(p_tin_can_4 & F(pd & trash_can_5))) & G!hallway_2,G (!hallway_2) & F (p_tin_can_4 & table_4) & F (p_tin_can_4 & trash_can_5),False
ARTEMIS,36,"Pick up tin_can_4 from table_4, deliver it to trash_can_5, and avoid going into hallway_2",F(table_4 & F(p_tin_can_4 & F(pd & trash_can_5))) & G!hallway_2,G (!hallway_2 & (F (p_tin_can_4 & table_4) & (F (p_tin_can_4 & trash_can_5) & (G (p_tin_can_4 & table_4) -> F (p_tin_can_4 & trash_can,
ARTEMIS,36,"Pick up tin_can_4 from table_4, deliver it to trash_can_5, and avoid going into hallway_2",F(table_4 & F(p_tin_can_4 & F(pd & trash_can_5))) & G!hallway_2,G (!hallway_2) & F (p_tin_can_4 & table_4) & F (p_tin_can_4 & trash_can_5),False
ARTEMIS,36,"Pick up tin_can_4 from table_4, deliver it to trash_can_5, and avoid going into hallway_2",F(table_4 & F(p_tin_can_4 & F(pd & trash_can_5))) & G!hallway_2,G (!hallway_2) & F (p_tin_can_4 & table_4) & F (p_tin_can_4 & trash_can_5),False
ARTEMIS,36,"Pick up tin_can_4 from table_4, deliver it to trash_can_5, and avoid going into hallway_2",F(table_4 & F(p_tin_can_4 & F(pd & trash_can_5))) & G!hallway_2,G (!hallway_2) & F (p_tin_can_4 & table_4) & F (p_tin_can_4 & trash_can_5),False
ARTEMIS,36,"Pick up tin_can_4 from table_4, deliver it to trash_can_5, and avoid going into hallway_2",F(table_4 & F(p_tin_can_4 & F(pd & trash_can_5))) & G!hallway_2,G (!hallway_2) & F (p_tin_can_4 & table_4) & F (p_tin_can_4 & trash_can_5),False
ARTEMIS,36,"Pick up tin_can_4 from table_4, deliver it to trash_can_5, and avoid going into hallway_2",F(table_4 & F(p_tin_can_4 & F(pd & trash_can_5))) & G!hallway_2,G (!hallway_2) & F (p_tin_can_4 & table_4) & F (p_tin_can_4 & trash_can_5),False
ARTEMIS,36,"Pick up tin_can_4 from table_4, deliver it to trash_can_5, and avoid going into hallway_2",F(table_4 & F(p_tin_can_4 & F(pd & trash_can_5))) & G!hallway_2,G (!hallway_2 & (F (p_tin_can_4 & table_4) & (F (p_tin_can_4 & trash_can_5) & (F (p_tin_can_4 & trash_can_5) -> G (!hallway_2))))),False
ARTEMIS,36,"Pick up tin_can_4 from table_4, deliver it to trash_can_5, and avoid going into hallway_2",F(table_4 & F(p_tin_can_4 & F(pd & trash_can_5))) & G!hallway_2,G (!hallway_2 & (F (p_tin_can_4 & table_4) & (F (p_tin_can_4 & trash_can_5) & (F (p_tin_can_4 & trash_can_5) -> G (!hallway_2))))),False
ARTEMIS,36,"Pick up tin_can_4 from table_4, deliver it to trash_can_5, and avoid going into hallway_2",F(table_4 & F(p_tin_can_4 & F(pd & trash_can_5))) & G!hallway_2,G (!hallway_2) & F (p_tin_can_4 & table_4) & F (p_tin_can_4 & trash_can_5),False
ARTEMIS,36,"Pick up tin_can_4 from table_4, deliver it to trash_can_5, and avoid going into hallway_2",F(table_4 & F(p_tin_can_4 & F(pd & trash_can_5))) & G!hallway_2,G (!hallway_2 & (F (p_tin_can_4 & table_4) & (F (p_tin_can_4 & trash_can_5) & (F (p_tin_can_4 & trash_can_5) -> G (!hallway_2))))),False
ARTEMIS,36,"Pick up tin_can_4 from table_4, deliver it to trash_can_5, and avoid going into hallway_2",F(table_4 & F(p_tin_can_4 & F(pd & trash_can_5))) & G!hallway_2,G (!hallway_2) & F (p_tin_can_4 & table_4) & F (p_tin_can_4 & trash_can_5),False
ARTEMIS,36,"Pick up tin_can_4 from table_4, deliver it to trash_can_5, and avoid going into hallway_2",F(table_4 & F(p_tin_can_4 & F(pd & trash_can_5))) & G!hallway_2,G (!hallway_2 & (F (p_tin_can_4 & table_4) & (F (p_tin_can_4 & trash_can_5) & (F (p_tin_can_4 & trash_can_5) -> G (!hallway_2))))),False
ARTEMIS,36,"Pick up tin_can_4 from table_4, deliver it to trash_can_5, and avoid going into hallway_2",F(table_4 & F(p_tin_can_4 & F(pd & trash_can_5))) & G!hallway_2,G (!hallway_2) & F (p_tin_can_4 & table_4) & F (p_tin_can_4 & trash_can_5),False
ARTEMIS,36,"Pick up tin_can_4 from table_4, deliver it to trash_can_5, and avoid going into hallway_2",F(table_4 & F(p_tin_can_4 & F(pd & trash_can_5))) & G!hallway_2,G (!hallway_2 & (F (p_tin_can_4 & table_4) & (F (p_tin_can_4 & trash_can_5) & (F (p_tin_can_4 & trash_can_5) -> G (!hallway_2))))),False
ARTEMIS,36,"Pick up tin_can_4 from table_4, deliver it to trash_can_5, and avoid going into hallway_2",F(table_4 & F(p_tin_can_4 & F(pd & trash_can_5))) & G!hallway_2,G (!hallway_2 & (F (p_tin_can_4 & table_4) & (F (p_tin_can_4 & trash_can_5) & (G (p_tin_can_4 & table_4) -> F (p_tin_can_4 & trash_can,
ARTEMIS,36,"Pick up tin_can_4 from table_4, deliver it to trash_can_5, and avoid going into hallway_2",F(table_4 & F(p_tin_can_4 & F(pd & trash_can_5))) & G!hallway_2,G (!hallway_2) & F (p_tin_can_4 & table_4) & F (p_tin_can_4 & trash_can_5),False
ARTEMIS,36,"Pick up tin_can_4 from table_4, deliver it to trash_can_5, and avoid going into hallway_2",F(table_4 & F(p_tin_can_4 & F(pd & trash_can_5))) & G!hallway_2,G (!hallway_2 & (F (p_tin_can_4 & table_4) & (F (p_tin_can_4 & trash_can_5) & (F (p_tin_can_4 & trash_can_5) -> G (p_tin_can_4 & trash,
ARTEMIS,36,"Pick up tin_can_4 from table_4, deliver it to trash_can_5, and avoid going into hallway_2",F(table_4 & F(p_tin_can_4 & F(pd & trash_can_5))) & G!hallway_2,G (!hallway_2) & F (p_tin_can_4 & table_4) & F (p_tin_can_4 & trash_can_5),False
ARTEMIS,36,"Pick up tin_can_4 from table_4, deliver it to trash_can_5, and avoid going into hallway_2",F(table_4 & F(p_tin_can_4 & F(pd & trash_can_5))) & G!hallway_2,G (!hallway_2) & F (p_tin_can_4 & table_4) & F (p_tin_can_4 & trash_can_5),False
ARTEMIS,36,"Pick up tin_can_4 from table_4, deliver it to trash_can_5, and avoid going into hallway_2",F(table_4 & F(p_tin_can_4 & F(pd & trash_can_5))) & G!hallway_2,G (!hallway_2) & F (p_tin_can_4 & table_4) & F (p_tin_can_4 & trash_can_5),False
ARTEMIS,36,"Pick up tin_can_4 from table_4, deliver it to trash_can_5, and avoid going into hallway_2",F(table_4 & F(p_tin_can_4 & F(pd & trash_can_5))) & G!hallway_2,G (!hallway_2) & F (p_tin_can_4 & table_4) & F (p_tin_can_4 & trash_can_5),False
ARTEMIS,36,"Pick up tin_can_4 from table_4, deliver it to trash_can_5, and avoid going into hallway_2",F(table_4 & F(p_tin_can_4 & F(pd & trash_can_5))) & G!hallway_2,G (!hallway_2) & F (p_tin_can_4 & table_4) & F (p_tin_can_4 & trash_can_5),False
ARTEMIS,36,"Pick up tin_can_4 from table_4, deliver it to trash_can_5, and avoid going into hallway_2",F(table_4 & F(p_tin_can_4 & F(pd & trash_can_5))) & G!hallway_2,G (!hallway_2) & F (p_tin_can_4 & table_4) & F (p_tin_can_4 & trash_can_5),False
ARTEMIS,36,"Pick up tin_can_4 from table_4, deliver it to trash_can_5, and avoid going into hallway_2",F(table_4 & F(p_tin_can_4 & F(pd & trash_can_5))) & G!hallway_2,G (!hallway_2) & F (p_tin_can_4 & table_4) & F (p_tin_can_4 & trash_can_5),False
ARTEMIS,36,"Pick up tin_can_4 from table_4, deliver it to trash_can_5, and avoid going into hallway_2",F(table_4 & F(p_tin_can_4 & F(pd & trash_can_5))) & G!hallway_2,G (!hallway_2) & F (p_tin_can_4 & table_4) & F (p_tin_can_4 & trash_can_5),False
ARTEMIS,36,"Pick up tin_can_4 from table_4, deliver it to trash_can_5, and avoid going into hallway_2",F(table_4 & F(p_tin_can_4 & F(pd & trash_can_5))) & G!hallway_2,G (!hallway_2 & (F (p_tin_can_4 & table_4) & (F (p_tin_can_4 & trash_can_5) & (G (p_tin_can_4 & table_4) -> F (p_tin_can_4 & trash_can,
ARTEMIS,36,"Pick up tin_can_4 from table_4, deliver it to trash_can_5, and avoid going into hallway_2",F(table_4 & F(p_tin_can_4 & F(pd & trash_can_5))) & G!hallway_2,G (!hallway_2 & (F (p_tin_can_4 & table_4) & (F (p_tin_can_4 & trash_can_5) & (F (p_tin_can_4 & trash_can_5) -> G (p_tin_can_4 & trash,
ARTEMIS,36,"Pick up tin_can_4 from table_4, deliver it to trash_can_5, and avoid going into hallway_2",F(table_4 & F(p_tin_can_4 & F(pd & trash_can_5))) & G!hallway_2,G (!hallway_2) & F (p_tin_can_4 & table_4) & F (p_tin_can_4 & trash_can_5),False
ARTEMIS,36,"Pick up tin_can_4 from table_4, deliver it to trash_can_5, and avoid going into hallway_2",F(table_4 & F(p_tin_can_4 & F(pd & trash_can_5))) & G!hallway_2,G (!hallway_2 & (F (p_tin_can_4 & table_4) & (F (p_tin_can_4 & trash_can_5) & (F (p_tin_can_4 & trash_can_5) -> G (!hallway_2))))),False
ARTEMIS,36,"Pick up tin_can_4 from table_4, deliver it to trash_can_5, and avoid going into hallway_2",F(table_4 & F(p_tin_can_4 & F(pd & trash_can_5))) & G!hallway_2,G (!hallway_2) & F (p_tin_can_4 & table_4) & F (p_tin_can_4 & trash_can_5),False
ARTEMIS,36,"Pick up tin_can_4 from table_4, deliver it to trash_can_5, and avoid going into hallway_2",F(table_4 & F(p_tin_can_4 & F(pd & trash_can_5))) & G!hallway_2,G (!hallway_2) & F (p_tin_can_4 & table_4) & F (p_tin_can_4 & trash_can_5),False
ARTEMIS,36,"Pick up tin_can_4 from table_4, deliver it to trash_can_5, and avoid going into hallway_2",F(table_4 & F(p_tin_can_4 & F(pd & trash_can_5))) & G!hallway_2,G (!hallway_2) & F (p_tin_can_4 & table_4) & F (p_tin_can_4 & trash_can_5),False
ARTEMIS,36,"Pick up tin_can_4 from table_4, deliver it to trash_can_5, and avoid going into hallway_2",F(table_4 & F(p_tin_can_4 & F(pd & trash_can_5))) & G!hallway_2,G (!hallway_2) & F (p_tin_can_4 & table_4) & F (p_tin_can_4 & trash_can_5),False
ARTEMIS,36,"Pick up tin_can_4 from table_4, deliver it to trash_can_5, and avoid going into hallway_2",F(table_4 & F(p_tin_can_4 & F(pd & trash_can_5))) & G!hallway_2,G (!hallway_2 & (F (p_tin_can_4 & table_4) & (F (p_tin_can_4 & trash_can_5) & (F (p_tin_can_4 & trash_can_5) -> G (!hallway_2))))),False
ARTEMIS,36,"Pick up tin_can_4 from table_4, deliver it to trash_can_5, and avoid going into hallway_2",F(table_4 & F(p_tin_can_4 & F(pd & trash_can_5))) & G!hallway_2,G (!hallway_2) & F (p_tin_can_4 & table_4) & F (p_tin_can_4 & trash_can_5),False
ARTEMIS,36,"Pick up tin_can_4 from table_4, deliver it to trash_can_5, and avoid going into hallway_2",F(table_4 & F(p_tin_can_4 & F(pd & trash_can_5))) & G!hallway_2,G (!hallway_2) & F (p_tin_can_4 & table_4) & F (p_tin_can_4 & trash_can_5),False
ARTEMIS,36,"Pick up tin_can_4 from table_4, deliver it to trash_can_5, and avoid going into hallway_2",F(table_4 & F(p_tin_can_4 & F(pd & trash_can_5))) & G!hallway_2,G (!hallway_2 & (F (p_tin_can_4 & table_4) & (F (p_tin_can_4 & trash_can_5) & (F (p_tin_can_4 & trash_can_5) -> G (!hallway_2))))),False
ARTEMIS,36,"Pick up tin_can_4 from table_4, deliver it to trash_can_5, and avoid going into hallway_2",F(table_4 & F(p_tin_can_4 & F(pd & trash_can_5))) & G!hallway_2,G (!hallway_2) & F (p_tin_can_4 & table_4) & F (p_tin_can_4 & trash_can_5),False
ARTEMIS,36,"Pick up tin_can_4 from table_4, deliver it to trash_can_5, and avoid going into hallway_2",F(table_4 & F(p_tin_can_4 & F(pd & trash_can_5))) & G!hallway_2,G (!hallway_2 & (F (p_tin_can_4 & table_4) & (F (p_tin_can_4 & trash_can_5) & (F (p_tin_can_4 & trash_can_5) -> G (p_tin_can_4 & trash,
ARTEMIS,36,"Pick up tin_can_4 from table_4, deliver it to trash_can_5, and avoid going into hallway_2",F(table_4 & F(p_tin_can_4 & F(pd & trash_can_5))) & G!hallway_2,G (!hallway_2) & F (p_tin_can_4 & table_4) & F (p_tin_can_4 & trash_can_5),False
ARTEMIS,36,"Pick up tin_can_4 from table_4, deliver it to trash_can_5, and avoid going into hallway_2",F(table_4 & F(p_tin_can_4 & F(pd & trash_can_5))) & G!hallway_2,G (!hallway_2 & (F (p_tin_can_4 & table_4) & (F (p_tin_can_4 & trash_can_5) & (F (p_tin_can_4 & trash_can_5) -> G (p_tin_can_4 & trash,
ARTEMIS,36,"Pick up tin_can_4 from table_4, deliver it to trash_can_5, and avoid going into hallway_2",F(table_4 & F(p_tin_can_4 & F(pd & trash_can_5))) & G!hallway_2,G (!hallway_2) & F (p_tin_can_4 & table_4) & F (p_tin_can_4 & trash_can_5),False
ARTEMIS,36,"Pick up tin_can_4 from table_4, deliver it to trash_can_5, and avoid going into hallway_2",F(table_4 & F(p_tin_can_4 & F(pd & trash_can_5))) & G!hallway_2,G (!hallway_2) & F (p_tin_can_4 & table_4) & F (p_tin_can_4 & trash_can_5),False
ARTEMIS,36,"Pick up tin_can_4 from table_4, deliver it to trash_can_5, and avoid going into hallway_2",F(table_4 & F(p_tin_can_4 & F(pd & trash_can_5))) & G!hallway_2,G (!hallway_2 & (F (p_tin_can_4 & table_4) & (F (p_tin_can_4 & trash_can_5) & (F (p_tin_can_4 & trash_can_5) -> G (!hallway_2))))),False
ARTEMIS,36,"Pick up tin_can_4 from table_4, deliver it to trash_can_5, and avoid going into hallway_2",F(table_4 & F(p_tin_can_4 & F(pd & trash_can_5))) & G!hallway_2,G (!hallway_2) & F (p_tin_can_4 & table_4) & F (p_tin_can_4 & trash_can_5),False
ARTEMIS,36,"Pick up tin_can_4 from table_4, deliver it to trash_can_5, and avoid going into hallway_2",F(table_4 & F(p_tin_can_4 & F(pd & trash_can_5))) & G!hallway_2,G (!hallway_2 & (F (p_tin_can_4 & table_4) & (F (p_tin_can_4 & trash_can_5) & (G (p_tin_can_4 & table_4) -> F (p_tin_can_4 & trash_can,
ARTEMIS,36,"Pick up tin_can_4 from table_4, deliver it to trash_can_5, and avoid going into hallway_2",F(table_4 & F(p_tin_can_4 & F(pd & trash_can_5))) & G!hallway_2,G (!hallway_2) & F (p_tin_can_4 & table_4) & F (p_tin_can_4 & trash_can_5),False
ARTEMIS,36,"Pick up tin_can_4 from table_4, deliver it to trash_can_5, and avoid going into hallway_2",F(table_4 & F(p_tin_can_4 & F(pd & trash_can_5))) & G!hallway_2,G (!hallway_2 & (F (p_tin_can_4 & table_4) & (F (p_tin_can_4 & trash_can_5) & (F (p_tin_can_4 & trash_can_5) -> G (!hallway_2))))),False
ARTEMIS,36,"Pick up tin_can_4 from table_4, deliver it to trash_can_5, and avoid going into hallway_2",F(table_4 & F(p_tin_can_4 & F(pd & trash_can_5))) & G!hallway_2,G (!hallway_2 & (F (p_tin_can_4 & table_4) & (F (p_tin_can_4 & trash_can_5) & (G (p_tin_can_4 & table_4) -> F (p_tin_can_4 & trash_can,
ARTEMIS,36,"Pick up tin_can_4 from table_4, deliver it to trash_can_5, and avoid going into hallway_2",F(table_4 & F(p_tin_can_4 & F(pd & trash_can_5))) & G!hallway_2,G (!hallway_2) & F (p_tin_can_4 & table_4) & F (p_tin_can_4 & trash_can_5),False
ARTEMIS,36,"Pick up tin_can_4 from table_4, deliver it to trash_can_5, and avoid going into hallway_2",F(table_4 & F(p_tin_can_4 & F(pd & trash_can_5))) & G!hallway_2,G (!hallway_2 & (F (p_tin_can_4 & table_4) & (F (p_tin_can_4 & trash_can_5) & (F (p_tin_can_4 & trash_can_5) -> G (!hallway_2))))),False
ARTEMIS,36,"Pick up tin_can_4 from table_4, deliver it to trash_can_5, and avoid going into hallway_2",F(table_4 & F(p_tin_can_4 & F(pd & trash_can_5))) & G!hallway_2,G (!hallway_2) & F (p_tin_can_4 & table_4) & F (p_tin_can_4 & trash_can_5),False
ARTEMIS,36,"Pick up tin_can_4 from table_4, deliver it to trash_can_5, and avoid going into hallway_2",F(table_4 & F(p_tin_can_4 & F(pd & trash_can_5))) & G!hallway_2,G (!hallway_2) & F (p_tin_can_4 & table_4) & F (p_tin_can_4 & trash_can_5),False
ARTEMIS,36,"Pick up tin_can_4 from table_4, deliver it to trash_can_5, and avoid going into hallway_2",F(table_4 & F(p_tin_can_4 & F(pd & trash_can_5))) & G!hallway_2,G (!hallway_2) & F (p_tin_can_4 & table_4) & F (p_tin_can_4 & trash_can_5),False
ARTEMIS,36,"Pick up tin_can_4 from table_4, deliver it to trash_can_5, and avoid going into hallway_2",F(table_4 & F(p_tin_can_4 & F(pd & trash_can_5))) & G!hallway_2,G (!hallway_2 & (F (p_tin_can_4 & table_4) & (F (p_tin_can_4 & trash_can_5) & (G (p_tin_can_4 & table_4) -> F (p_tin_can_4 & trash_can,
ARTEMIS,36,"Pick up tin_can_4 from table_4, deliver it to trash_can_5, and avoid going into hallway_2",F(table_4 & F(p_tin_can_4 & F(pd & trash_can_5))) & G!hallway_2,G (!hallway_2) & F (p_tin_can_4 & table_4) & F (p_tin_can_4 & trash_can_5),False
ARTEMIS,36,"Pick up tin_can_4 from table_4, deliver it to trash_can_5, and avoid going into hallway_2",F(table_4 & F(p_tin_can_4 & F(pd & trash_can_5))) & G!hallway_2,G (!hallway_2 & (F (p_tin_can_4 & table_4) & (F (p_tin_can_4 & trash_can_5) & (G (p_tin_can_4 & table_4) -> F (p_tin_can_4 & trash_can,
ARTEMIS,36,"Pick up tin_can_4 from table_4, deliver it to trash_can_5, and avoid going into hallway_2",F(table_4 & F(p_tin_can_4 & F(pd & trash_can_5))) & G!hallway_2,G (!hallway_2) & F (p_tin_can_4 & table_4) & F (p_tin_can_4 & trash_can_5),False
ARTEMIS,36,"Pick up tin_can_4 from table_4, deliver it to trash_can_5, and avoid going into hallway_2",F(table_4 & F(p_tin_can_4 & F(pd & trash_can_5))) & G!hallway_2,G (!hallway_2 & (F (p_tin_can_4 & table_4) & (F (p_tin_can_4 & trash_can_5) & (G (p_tin_can_4 & table_4) -> F (p_tin_can_4 & trash_can,
ARTEMIS,36,"Pick up tin_can_4 from table_4, deliver it to trash_can_5, and avoid going into hallway_2",F(table_4 & F(p_tin_can_4 & F(pd & trash_can_5))) & G!hallway_2,G (!hallway_2) & F (p_tin_can_4 & table_4) & F (p_tin_can_4 & trash_can_5),False
ARTEMIS,36,"Pick up tin_can_4 from table_4, deliver it to trash_can_5, and avoid going into hallway_2",F(table_4 & F(p_tin_can_4 & F(pd & trash_can_5))) & G!hallway_2,G (!hallway_2) & F (p_tin_can_4 & table_4) & F (p_tin_can_4 & trash_can_5),False
ARTEMIS,36,"Pick up tin_can_4 from table_4, deliver it to trash_can_5, and avoid going into hallway_2",F(table_4 & F(p_tin_can_4 & F(pd & trash_can_5))) & G!hallway_2,G (!hallway_2) & F (p_tin_can_4 & table_4) & F (p_tin_can_4 & trash_can_5),False
ARTEMIS,36,"Pick up tin_can_4 from table_4, deliver it to trash_can_5, and avoid going into hallway_2",F(table_4 & F(p_tin_can_4 & F(pd & trash_can_5))) & G!hallway_2,G (!hallway_2 & (F (p_tin_can_4 & table_4) & (F (p_tin_can_4 & trash_can_5) & (G (p_tin_can_4 & table_4) -> F (p_tin_can_4 & trash_can,
ARTEMIS,36,"Pick up tin_can_4 from table_4, deliver it to trash_can_5, and avoid going into hallway_2",F(table_4 & F(p_tin_can_4 & F(pd & trash_can_5))) & G!hallway_2,G (!hallway_2 & (F (p_tin_can_4 & table_4) & (F (p_tin_can_4 & trash_can_5) & (G (p_tin_can_4 & table_4) -> F (p_tin_can_4 & trash_can,
ARTEMIS,36,"Pick up tin_can_4 from table_4, deliver it to trash_can_5, and avoid going into hallway_2",F(table_4 & F(p_tin_can_4 & F(pd & trash_can_5))) & G!hallway_2,G (!hallway_2) & F (p_tin_can_4 & table_4) & F (p_tin_can_4 & trash_can_5),False
ARTEMIS,36,"Pick up tin_can_4 from table_4, deliver it to trash_can_5, and avoid going into hallway_2",F(table_4 & F(p_tin_can_4 & F(pd & trash_can_5))) & G!hallway_2,G (!hallway_2 & (F (p_tin_can_4 & table_4) & (F (p_tin_can_4 & trash_can_5) & (G (p_tin_can_4 & table_4) -> F (p_tin_can_4 & trash_can,
ARTEMIS,36,"Pick up tin_can_4 from table_4, deliver it to trash_can_5, and avoid going into hallway_2",F(table_4 & F(p_tin_can_4 & F(pd & trash_can_5))) & G!hallway_2,G (!hallway_2) & F (p_tin_can_4 & table_4) & F (p_tin_can_4 & trash_can_5),False
ARTEMIS,36,"Pick up tin_can_4 from table_4, deliver it to trash_can_5, and avoid going into hallway_2",F(table_4 & F(p_tin_can_4 & F(pd & trash_can_5))) & G!hallway_2,G (!hallway_2) & F (p_tin_can_4 & table_4) & F (p_tin_can_4 & trash_can_5),False
ARTEMIS,36,"Pick up tin_can_4 from table_4, deliver it to trash_can_5, and avoid going into hallway_2",F(table_4 & F(p_tin_can_4 & F(pd & trash_can_5))) & G!hallway_2,G (!hallway_2) & F (p_tin_can_4 & table_4) & F (p_tin_can_4 & trash_can_5),False
ARTEMIS,36,"Pick up tin_can_4 from table_4, deliver it to trash_can_5, and avoid going into hallway_2",F(table_4 & F(p_tin_can_4 & F(pd & trash_can_5))) & G!hallway_2,G (!hallway_2 & (F (p_tin_can_4 & table_4) & (F (p_tin_can_4 & trash_can_5) & (F (p_tin_can_4 & trash_can_5) -> G (!hallway_2))))),False
ARTEMIS,36,"Pick up tin_can_4 from table_4, deliver it to trash_can_5, and avoid going into hallway_2",F(table_4 & F(p_tin_can_4 & F(pd & trash_can_5))) & G!hallway_2,G (!hallway_2) & F (p_tin_can_4 & table_4) & F (p_tin_can_4 & trash_can_5),False
ARTEMIS,36,"Pick up tin_can_4 from table_4, deliver it to trash_can_5, and avoid going into hallway_2",F(table_4 & F(p_tin_can_4 & F(pd & trash_can_5))) & G!hallway_2,G (!hallway_2 & (F (p_tin_can_4 & table_4) & (F (p_tin_can_4 & trash_can_5) & (F (p_tin_can_4 & trash_can_5) -> G (p_tin_can_4 & trash,
ARTEMIS,36,"Pick up tin_can_4 from table_4, deliver it to trash_can_5, and avoid going into hallway_2",F(table_4 & F(p_tin_can_4 & F(pd & trash_can_5))) & G!hallway_2,G (!hallway_2) & F (p_tin_can_4 & table_4) & F (p_tin_can_4 & trash_can_5),False
ARTEMIS,36,"Pick up tin_can_4 from table_4, deliver it to trash_can_5, and avoid going into hallway_2",F(table_4 & F(p_tin_can_4 & F(pd & trash_can_5))) & G!hallway_2,G (!hallway_2 & (F (p_tin_can_4 & table_4) & (F (p_tin_can_4 & trash_can_5) & (G (p_tin_can_4 & table_4) -> F (p_tin_can_4 & trash_can,
ARTEMIS,36,"Pick up tin_can_4 from table_4, deliver it to trash_can_5, and avoid going into hallway_2",F(table_4 & F(p_tin_can_4 & F(pd & trash_can_5))) & G!hallway_2,G (!hallway_2) & F (p_tin_can_4 & table_4) & F (p_tin_can_4 & trash_can_5),False
ARTEMIS,36,"Pick up tin_can_4 from table_4, deliver it to trash_can_5, and avoid going into hallway_2",F(table_4 & F(p_tin_can_4 & F(pd & trash_can_5))) & G!hallway_2,G (!hallway_2) & F (p_tin_can_4 & table_4) & F (p_tin_can_4 & trash_can_5),False
ARTEMIS,36,"Pick up tin_can_4 from table_4, deliver it to trash_can_5, and avoid going into hallway_2",F(table_4 & F(p_tin_can_4 & F(pd & trash_can_5))) & G!hallway_2,G (!hallway_2) & F (p_tin_can_4 & table_4) & F (p_tin_can_4 & trash_can_5),False
ARTEMIS,36,"Pick up tin_can_4 from table_4, deliver it to trash_can_5, and avoid going into hallway_2",F(table_4 & F(p_tin_can_4 & F(pd & trash_can_5))) & G!hallway_2,G (!hallway_2) & F (p_tin_can_4 & table_4) & F (p_tin_can_4 & trash_can_5),False
ARTEMIS,36,"Pick up tin_can_4 from table_4, deliver it to trash_can_5, and avoid going into hallway_2",F(table_4 & F(p_tin_can_4 & F(pd & trash_can_5))) & G!hallway_2,G (!hallway_2 & (F (p_tin_can_4 & table_4) & (F (p_tin_can_4 & trash_can_5) & (F (p_tin_can_4 & trash_can_5) -> G (!hallway_2))))),False
ARTEMIS,36,"Pick up tin_can_4 from table_4, deliver it to trash_can_5, and avoid going into hallway_2",F(table_4 & F(p_tin_can_4 & F(pd & trash_can_5))) & G!hallway_2,G (!hallway_2 & (F (p_tin_can_4 & table_4) & (F (p_tin_can_4 & trash_can_5) & (F (p_tin_can_4 & trash_can_5) -> G (!hallway_2))))),False
ARTEMIS,36,"Pick up tin_can_4 from table_4, deliver it to trash_can_5, and avoid going into hallway_2",F(table_4 & F(p_tin_can_4 & F(pd & trash_can_5))) & G!hallway_2,G (!hallway_2 & (F (p_tin_can_4 & table_4) & (F (p_tin_can_4 & trash_can_5) & (F (p_tin_can_4 & trash_can_5) -> G (p_tin_can_4 & trash,
ARTEMIS,36,"Pick up tin_can_4 from table_4, deliver it to trash_can_5, and avoid going into hallway_2",F(table_4 & F(p_tin_can_4 & F(pd & trash_can_5))) & G!hallway_2,G (!hallway_2) & F (p_tin_can_4 & table_4) & F (p_tin_can_4 & trash_can_5),False
ARTEMIS,36,"Pick up tin_can_4 from table_4, deliver it to trash_can_5, and avoid going into hallway_2",F(table_4 & F(p_tin_can_4 & F(pd & trash_can_5))) & G!hallway_2,G (!hallway_2 & (F (p_tin_can_4 & table_4) & (F (p_tin_can_4 & trash_can_5) & (F (p_tin_can_4 & trash_can_5) -> G (p_tin_can_4 & trash,
ARTEMIS,36,"Pick up tin_can_4 from table_4, deliver it to trash_can_5, and avoid going into hallway_2",F(table_4 & F(p_tin_can_4 & F(pd & trash_can_5))) & G!hallway_2,G (!hallway_2 & (F (p_tin_can_4 & table_4) & (F (p_tin_can_4 & trash_can_5) & (F (p_tin_can_4 & trash_can_5) -> G (p_tin_can_4 & trash,
ARTEMIS,51,at some point either an elevator falls or a train stops after either the bridge closes or the car starts,G((bridge_closes | car_starts) -> F(elevator_falls | train_stops)),F ((elevator_falls | train_stops) & (bridge_closes | car_starts)),False
ARTEMIS,51,at some point either an elevator falls or a train stops after either the bridge closes or the car starts,G((bridge_closes | car_starts) -> F(elevator_falls | train_stops)),F ( (elevator_falls | train_stops) & (bridge_closes | car_starts) ),False
ARTEMIS,51,at some point either an elevator falls or a train stops after either the bridge closes or the car starts,G((bridge_closes | car_starts) -> F(elevator_falls | train_stops)),F ( (G (bridge_closes | car_starts) -> (elevator_falls | train_stops)) & (bridge_closes | car_starts) ),False
ARTEMIS,51,at some point either an elevator falls or a train stops after either the bridge closes or the car starts,G((bridge_closes | car_starts) -> F(elevator_falls | train_stops)),F ( (elevator_falls | train_stops) & (bridge_closes | car_starts) ),False
ARTEMIS,51,at some point either an elevator falls or a train stops after either the bridge closes or the car starts,G((bridge_closes | car_starts) -> F(elevator_falls | train_stops)),F ((elevator_falls | train_stops) & (bridge_closes | car_starts)),False
ARTEMIS,51,at some point either an elevator falls or a train stops after either the bridge closes or the car starts,G((bridge_closes | car_starts) -> F(elevator_falls | train_stops)),F ( (G (bridge_closes | car_starts) -> (elevator_falls | train_stops)) & (bridge_closes | car_starts) ),False
ARTEMIS,51,at some point either an elevator falls or a train stops after either the bridge closes or the car starts,G((bridge_closes | car_starts) -> F(elevator_falls | train_stops)),F ( (elevator_falls | train_stops) & (bridge_closes | car_starts) ),False
ARTEMIS,51,at some point either an elevator falls or a train stops after either the bridge closes or the car starts,G((bridge_closes | car_starts) -> F(elevator_falls | train_stops)),F ( (G (bridge_closes | car_starts) -> (elevator_falls | train_stops)) & (bridge_closes | car_starts) ),False
ARTEMIS,51,at some point either an elevator falls or a train stops after either the bridge closes or the car starts,G((bridge_closes | car_starts) -> F(elevator_falls | train_stops)),F ((elevator_falls | train_stops) & (bridge_closes | car_starts)),False
ARTEMIS,51,at some point either an elevator falls or a train stops after either the bridge closes or the car starts,G((bridge_closes | car_starts) -> F(elevator_falls | train_stops)),F ( (G (bridge_closes | car_starts) -> (elevator_falls | train_stops)) & (bridge_closes | car_starts) ),False
ARTEMIS,51,at some point either an elevator falls or a train stops after either the bridge closes or the car starts,G((bridge_closes | car_starts) -> F(elevator_falls | train_stops)),F ( (G (bridge_closes | car_starts) -> (elevator_falls | train_stops)) & (bridge_closes | car_starts) ),False
ARTEMIS,51,at some point either an elevator falls or a train stops after either the bridge closes or the car starts,G((bridge_closes | car_starts) -> F(elevator_falls | train_stops)),F ( (elevator_falls | train_stops) & (bridge_closes | car_starts) ),False
ARTEMIS,51,at some point either an elevator falls or a train stops after either the bridge closes or the car starts,G((bridge_closes | car_starts) -> F(elevator_falls | train_stops)),F ( (G (bridge_closes | car_starts) -> (elevator_falls | train_stops)) & (bridge_closes | car_starts) ),False
ARTEMIS,51,at some point either an elevator falls or a train stops after either the bridge closes or the car starts,G((bridge_closes | car_starts) -> F(elevator_falls | train_stops)),F ((elevator_falls | train_stops) & (bridge_closes | car_starts)),False
ARTEMIS,51,at some point either an elevator falls or a train stops after either the bridge closes or the car starts,G((bridge_closes | car_starts) -> F(elevator_falls | train_stops)),F ( (G (bridge_closes | car_starts) -> (elevator_falls | train_stops)) & (bridge_closes | car_starts) ),False
ARTEMIS,51,at some point either an elevator falls or a train stops after either the bridge closes or the car starts,G((bridge_closes | car_starts) -> F(elevator_falls | train_stops)),F ( (elevator_falls | train_stops) & (bridge_closes | car_starts) ),False
ARTEMIS,51,at some point either an elevator falls or a train stops after either the bridge closes or the car starts,G((bridge_closes | car_starts) -> F(elevator_falls | train_stops)),F ((elevator_falls | train_stops) & (bridge_closes | car_starts)),False
ARTEMIS,51,at some point either an elevator falls or a train stops after either the bridge closes or the car starts,G((bridge_closes | car_starts) -> F(elevator_falls | train_stops)),F ( (G (bridge_closes | car_starts) -> (elevator_falls | train_stops)) & (bridge_closes | car_starts) ),False
ARTEMIS,51,at some point either an elevator falls or a train stops after either the bridge closes or the car starts,G((bridge_closes | car_starts) -> F(elevator_falls | train_stops)),F ((elevator_falls | train_stops) & (bridge_closes | car_starts)),False
ARTEMIS,51,at some point either an elevator falls or a train stops after either the bridge closes or the car starts,G((bridge_closes | car_starts) -> F(elevator_falls | train_stops)),F ((elevator_falls | train_stops) & (bridge_closes | car_starts)),False
ARTEMIS,51,at some point either an elevator falls or a train stops after either the bridge closes or the car starts,G((bridge_closes | car_starts) -> F(elevator_falls | train_stops)),F ( (G (bridge_closes | car_starts) -> (elevator_falls | train_stops)) & (bridge_closes | car_starts) ),False
ARTEMIS,51,at some point either an elevator falls or a train stops after either the bridge closes or the car starts,G((bridge_closes | car_starts) -> F(elevator_falls | train_stops)),F ((elevator_falls | train_stops) & (bridge_closes | car_starts)),False
ARTEMIS,51,at some point either an elevator falls or a train stops after either the bridge closes or the car starts,G((bridge_closes | car_starts) -> F(elevator_falls | train_stops)),F ((elevator_falls | train_stops) & (bridge_closes | car_starts)),False
ARTEMIS,51,at some point either an elevator falls or a train stops after either the bridge closes or the car starts,G((bridge_closes | car_starts) -> F(elevator_falls | train_stops)),F ( (G (bridge_closes | car_starts) -> (elevator_falls | train_stops)) & (bridge_closes | car_starts) ),False
ARTEMIS,51,at some point either an elevator falls or a train stops after either the bridge closes or the car starts,G((bridge_closes | car_starts) -> F(elevator_falls | train_stops)),F ( (G (bridge_closes | car_starts) -> (elevator_falls | train_stops)) & (bridge_closes | car_starts) ),False
ARTEMIS,51,at some point either an elevator falls or a train stops after either the bridge closes or the car starts,G((bridge_closes | car_starts) -> F(elevator_falls | train_stops)),F ( (G (bridge_closes | car_starts) -> (elevator_falls | train_stops)) & (bridge_closes | car_starts) ),False
ARTEMIS,51,at some point either an elevator falls or a train stops after either the bridge closes or the car starts,G((bridge_closes | car_starts) -> F(elevator_falls | train_stops)),F ((elevator_falls | train_stops) & (bridge_closes | car_starts)),False
ARTEMIS,51,at some point either an elevator falls or a train stops after either the bridge closes or the car starts,G((bridge_closes | car_starts) -> F(elevator_falls | train_stops)),F ((elevator_falls | train_stops) & (bridge_closes | car_starts)),False
ARTEMIS,51,at some point either an elevator falls or a train stops after either the bridge closes or the car starts,G((bridge_closes | car_starts) -> F(elevator_falls | train_stops)),F ( (elevator_falls | train_stops) & (bridge_closes | car_starts) ),False
ARTEMIS,51,at some point either an elevator falls or a train stops after either the bridge closes or the car starts,G((bridge_closes | car_starts) -> F(elevator_falls | train_stops)),F ( (G (bridge_closes | car_starts) -> (elevator_falls | train_stops)) & (bridge_closes | car_starts) ),False
ARTEMIS,51,at some point either an elevator falls or a train stops after either the bridge closes or the car starts,G((bridge_closes | car_starts) -> F(elevator_falls | train_stops)),F ( (G (bridge_closes | car_starts) -> (elevator_falls | train_stops)) & (bridge_closes | car_starts) ),False
ARTEMIS,51,at some point either an elevator falls or a train stops after either the bridge closes or the car starts,G((bridge_closes | car_starts) -> F(elevator_falls | train_stops)),F ( (elevator_falls | train_stops) & (bridge_closes | car_starts) ),False
ARTEMIS,51,at some point either an elevator falls or a train stops after either the bridge closes or the car starts,G((bridge_closes | car_starts) -> F(elevator_falls | train_stops)),F ((elevator_falls | train_stops) & (bridge_closes | car_starts)),False
ARTEMIS,51,at some point either an elevator falls or a train stops after either the bridge closes or the car starts,G((bridge_closes | car_starts) -> F(elevator_falls | train_stops)),F ( (G (bridge_closes | car_starts) -> (elevator_falls | train_stops)) & (bridge_closes | car_starts) ),False
ARTEMIS,51,at some point either an elevator falls or a train stops after either the bridge closes or the car starts,G((bridge_closes | car_starts) -> F(elevator_falls | train_stops)),F ( (G (bridge_closes | car_starts) -> (elevator_falls | train_stops)) & (bridge_closes | car_starts) ),False
ARTEMIS,51,at some point either an elevator falls or a train stops after either the bridge closes or the car starts,G((bridge_closes | car_starts) -> F(elevator_falls | train_stops)),F ((elevator_falls | train_stops) & (bridge_closes | car_starts)),False
ARTEMIS,51,at some point either an elevator falls or a train stops after either the bridge closes or the car starts,G((bridge_closes | car_starts) -> F(elevator_falls | train_stops)),F ( (G (bridge_closes | car_starts) -> (elevator_falls | train_stops)) & (bridge_closes | car_starts) ),False
ARTEMIS,51,at some point either an elevator falls or a train stops after either the bridge closes or the car starts,G((bridge_closes | car_starts) -> F(elevator_falls | train_stops)),F ( (elevator_falls | train_stops) & (bridge_closes | car_starts) ),False
ARTEMIS,51,at some point either an elevator falls or a train stops after either the bridge closes or the car starts,G((bridge_closes | car_starts) -> F(elevator_falls | train_stops)),F ((elevator_falls | train_stops) & (bridge_closes | car_starts)),False
ARTEMIS,51,at some point either an elevator falls or a train stops after either the bridge closes or the car starts,G((bridge_closes | car_starts) -> F(elevator_falls | train_stops)),F ( (elevator_falls | train_stops) & (bridge_closes | car_starts) ),False
ARTEMIS,51,at some point either an elevator falls or a train stops after either the bridge closes or the car starts,G((bridge_closes | car_starts) -> F(elevator_falls | train_stops)),F ( (elevator_falls | train_stops) & (bridge_closes | car_starts) ),False
ARTEMIS,51,at some point either an elevator falls or a train stops after either the bridge closes or the car starts,G((bridge_closes | car_starts) -> F(elevator_falls | train_stops)),F ( (G (bridge_closes | car_starts) -> (elevator_falls | train_stops)) & (bridge_closes | car_starts) ),False
ARTEMIS,51,at some point either an elevator falls or a train stops after either the bridge closes or the car starts,G((bridge_closes | car_starts) -> F(elevator_falls | train_stops)),F ( (elevator_falls | train_stops) & (bridge_closes | car_starts) ),False
ARTEMIS,51,at some point either an elevator falls or a train stops after either the bridge closes or the car starts,G((bridge_closes | car_starts) -> F(elevator_falls | train_stops)),F ((elevator_falls | train_stops) & (bridge_closes | car_starts)),False
ARTEMIS,51,at some point either an elevator falls or a train stops after either the bridge closes or the car starts,G((bridge_closes | car_starts) -> F(elevator_falls | train_stops)),F ((elevator_falls | train_stops) & (bridge_closes | car_starts)),False
ARTEMIS,51,at some point either an elevator falls or a train stops after either the bridge closes or the car starts,G((bridge_closes | car_starts) -> F(elevator_falls | train_stops)),F ( (G (bridge_closes | car_starts) -> (elevator_falls | train_stops)) & (bridge_closes | car_starts) ),False
ARTEMIS,51,at some point either an elevator falls or a train stops after either the bridge closes or the car starts,G((bridge_closes | car_starts) -> F(elevator_falls | train_stops)),F ((elevator_falls | train_stops) & (bridge_closes | car_starts)),False
ARTEMIS,51,at some point either an elevator falls or a train stops after either the bridge closes or the car starts,G((bridge_closes | car_starts) -> F(elevator_falls | train_stops)),F ((elevator_falls | train_stops) & (bridge_closes | car_starts)),False
ARTEMIS,51,at some point either an elevator falls or a train stops after either the bridge closes or the car starts,G((bridge_closes | car_starts) -> F(elevator_falls | train_stops)),F ( (G (bridge_closes | car_starts) -> (elevator_falls | train_stops)) & (bridge_closes | car_starts) ),False
ARTEMIS,51,at some point either an elevator falls or a train stops after either the bridge closes or the car starts,G((bridge_closes | car_starts) -> F(elevator_falls | train_stops)),F ( (elevator_falls | train_stops) & (bridge_closes | car_starts) ),False
ARTEMIS,51,at some point either an elevator falls or a train stops after either the bridge closes or the car starts,G((bridge_closes | car_starts) -> F(elevator_falls | train_stops)),F ( (elevator_falls | train_stops) & (bridge_closes | car_starts) ),False
ARTEMIS,51,at some point either an elevator falls or a train stops after either the bridge closes or the car starts,G((bridge_closes | car_starts) -> F(elevator_falls | train_stops)),F ( (G (bridge_closes | car_starts) -> (elevator_falls | train_stops)) & (bridge_closes | car_starts) ),False
ARTEMIS,51,at some point either an elevator falls or a train stops after either the bridge closes or the car starts,G((bridge_closes | car_starts) -> F(elevator_falls | train_stops)),F ( (elevator_falls | train_stops) & (bridge_closes | car_starts) ),False
ARTEMIS,51,at some point either an elevator falls or a train stops after either the bridge closes or the car starts,G((bridge_closes | car_starts) -> F(elevator_falls | train_stops)),F ((elevator_falls | train_stops) & (bridge_closes | car_starts)),False
ARTEMIS,51,at some point either an elevator falls or a train stops after either the bridge closes or the car starts,G((bridge_closes | car_starts) -> F(elevator_falls | train_stops)),F ((elevator_falls | train_stops) & (bridge_closes | car_starts)),False
ARTEMIS,51,at some point either an elevator falls or a train stops after either the bridge closes or the car starts,G((bridge_closes | car_starts) -> F(elevator_falls | train_stops)),F ( (elevator_falls | train_stops) & (bridge_closes | car_starts) ),False
ARTEMIS,51,at some point either an elevator falls or a train stops after either the bridge closes or the car starts,G((bridge_closes | car_starts) -> F(elevator_falls | train_stops)),F ((elevator_falls | train_stops) & (bridge_closes | car_starts)),False
ARTEMIS,51,at some point either an elevator falls or a train stops after either the bridge closes or the car starts,G((bridge_closes | car_starts) -> F(elevator_falls | train_stops)),F ( (elevator_falls | train_stops) & (bridge_closes | car_starts) ),False
ARTEMIS,51,at some point either an elevator falls or a train stops after either the bridge closes or the car starts,G((bridge_closes | car_starts) -> F(elevator_falls | train_stops)),F ( (G (bridge_closes | car_starts) -> (elevator_falls | train_stops)) & (bridge_closes | car_starts) ),False
ARTEMIS,51,at some point either an elevator falls or a train stops after either the bridge closes or the car starts,G((bridge_closes | car_starts) -> F(elevator_falls | train_stops)),F ( (elevator_falls | train_stops) & (bridge_closes | car_starts) ),False
ARTEMIS,51,at some point either an elevator falls or a train stops after either the bridge closes or the car starts,G((bridge_closes | car_starts) -> F(elevator_falls | train_stops)),F ((elevator_falls | train_stops) & (bridge_closes | car_starts)),False
ARTEMIS,51,at some point either an elevator falls or a train stops after either the bridge closes or the car starts,G((bridge_closes | car_starts) -> F(elevator_falls | train_stops)),F ( (G (bridge_closes | car_starts) -> (elevator_falls | train_stops)) & (bridge_closes | car_starts) ),False
ARTEMIS,51,at some point either an elevator falls or a train stops after either the bridge closes or the car starts,G((bridge_closes | car_starts) -> F(elevator_falls | train_stops)),F ( (G (bridge_closes | car_starts) -> (elevator_falls | train_stops)) & (bridge_closes | car_starts) ),False
ARTEMIS,51,at some point either an elevator falls or a train stops after either the bridge closes or the car starts,G((bridge_closes | car_starts) -> F(elevator_falls | train_stops)),F ( (elevator_falls | train_stops) & (bridge_closes | car_starts) ),False
ARTEMIS,51,at some point either an elevator falls or a train stops after either the bridge closes or the car starts,G((bridge_closes | car_starts) -> F(elevator_falls | train_stops)),F ( (G (bridge_closes | car_starts) -> (elevator_falls | train_stops)) & (bridge_closes | car_starts) ),False
ARTEMIS,51,at some point either an elevator falls or a train stops after either the bridge closes or the car starts,G((bridge_closes | car_starts) -> F(elevator_falls | train_stops)),F ( (elevator_falls | train_stops) & (bridge_closes | car_starts) ),False
ARTEMIS,51,at some point either an elevator falls or a train stops after either the bridge closes or the car starts,G((bridge_closes | car_starts) -> F(elevator_falls | train_stops)),F ((elevator_falls | train_stops) & (bridge_closes | car_starts)),False
ARTEMIS,51,at some point either an elevator falls or a train stops after either the bridge closes or the car starts,G((bridge_closes | car_starts) -> F(elevator_falls | train_stops)),F ( (G (bridge_closes | car_starts) -> (elevator_falls | train_stops)) & (bridge_closes | car_starts) ),False
ARTEMIS,51,at some point either an elevator falls or a train stops after either the bridge closes or the car starts,G((bridge_closes | car_starts) -> F(elevator_falls | train_stops)),F ((elevator_falls | train_stops) & (bridge_closes | car_starts)),False
ARTEMIS,51,at some point either an elevator falls or a train stops after either the bridge closes or the car starts,G((bridge_closes | car_starts) -> F(elevator_falls | train_stops)),F ((elevator_falls | train_stops) & (bridge_closes | car_starts)),False
ARTEMIS,51,at some point either an elevator falls or a train stops after either the bridge closes or the car starts,G((bridge_closes | car_starts) -> F(elevator_falls | train_stops)),F ( (elevator_falls | train_stops) & (bridge_closes | car_starts) ),False
ARTEMIS,51,at some point either an elevator falls or a train stops after either the bridge closes or the car starts,G((bridge_closes | car_starts) -> F(elevator_falls | train_stops)),F ( (G (bridge_closes | car_starts) -> (elevator_falls | train_stops)) & (bridge_closes | car_starts) ),False
ARTEMIS,51,at some point either an elevator falls or a train stops after either the bridge closes or the car starts,G((bridge_closes | car_starts) -> F(elevator_falls | train_stops)),F ( (elevator_falls | train_stops) & (bridge_closes | car_starts) ),False
ARTEMIS,51,at some point either an elevator falls or a train stops after either the bridge closes or the car starts,G((bridge_closes | car_starts) -> F(elevator_falls | train_stops)),F ( (G (bridge_closes | car_starts) -> (elevator_falls | train_stops)) & (bridge_closes | car_starts) ),False
ARTEMIS,51,at some point either an elevator falls or a train stops after either the bridge closes or the car starts,G((bridge_closes | car_starts) -> F(elevator_falls | train_stops)),F ( (G (bridge_closes | car_starts) -> (elevator_falls | train_stops)) & (bridge_closes | car_starts) ),False
ARTEMIS,51,at some point either an elevator falls or a train stops after either the bridge closes or the car starts,G((bridge_closes | car_starts) -> F(elevator_falls | train_stops)),F ((elevator_falls | train_stops) & (bridge_closes | car_starts)),False
ARTEMIS,51,at some point either an elevator falls or a train stops after either the bridge closes or the car starts,G((bridge_closes | car_starts) -> F(elevator_falls | train_stops)),F ( (G (bridge_closes | car_starts) -> (elevator_falls | train_stops)) & (bridge_closes | car_starts) ),False
ARTEMIS,51,at some point either an elevator falls or a train stops after either the bridge closes or the car starts,G((bridge_closes | car_starts) -> F(elevator_falls | train_stops)),F ((elevator_falls | train_stops) & (bridge_closes | car_starts)),False
ARTEMIS,51,at some point either an elevator falls or a train stops after either the bridge closes or the car starts,G((bridge_closes | car_starts) -> F(elevator_falls | train_stops)),F ( (elevator_falls | train_stops) & (bridge_closes | car_starts) ),False
ARTEMIS,51,at some point either an elevator falls or a train stops after either the bridge closes or the car starts,G((bridge_closes | car_starts) -> F(elevator_falls | train_stops)),F ((elevator_falls | train_stops) & (bridge_closes | car_starts)),False
ARTEMIS,51,at some point either an elevator falls or a train stops after either the bridge closes or the car starts,G((bridge_closes | car_starts) -> F(elevator_falls | train_stops)),F ( (elevator_falls | train_stops) & (bridge_closes | car_starts) ),False
ARTEMIS,51,at some point either an elevator falls or a train stops after either the bridge closes or the car starts,G((bridge_closes | car_starts) -> F(elevator_falls | train_stops)),F ( (G (bridge_closes | car_starts) -> (elevator_falls | train_stops)) & (bridge_closes | car_starts) ),False
ARTEMIS,51,at some point either an elevator falls or a train stops after either the bridge closes or the car starts,G((bridge_closes | car_starts) -> F(elevator_falls | train_stops)),F ((elevator_falls | train_stops) & (bridge_closes | car_starts)),False
ARTEMIS,51,at some point either an elevator falls or a train stops after either the bridge closes or the car starts,G((bridge_closes | car_starts) -> F(elevator_falls | train_stops)),F ((elevator_falls | train_stops) & (bridge_closes | car_starts)),False
ARTEMIS,51,at some point either an elevator falls or a train stops after either the bridge closes or the car starts,G((bridge_closes | car_starts) -> F(elevator_falls | train_stops)),F ((elevator_falls | train_stops) & (bridge_closes | car_starts)),False
ARTEMIS,51,at some point either an elevator falls or a train stops after either the bridge closes or the car starts,G((bridge_closes | car_starts) -> F(elevator_falls | train_stops)),F ( (elevator_falls | train_stops) & (bridge_closes | car_starts) ),False
ARTEMIS,51,at some point either an elevator falls or a train stops after either the bridge closes or the car starts,G((bridge_closes | car_starts) -> F(elevator_falls | train_stops)),F ( (G (bridge_closes | car_starts) -> (elevator_falls | train_stops)) & (bridge_closes | car_starts) ),False
ARTEMIS,51,at some point either an elevator falls or a train stops after either the bridge closes or the car starts,G((bridge_closes | car_starts) -> F(elevator_falls | train_stops)),F ( (elevator_falls | train_stops) & (bridge_closes | car_starts) ),False
ARTEMIS,51,at some point either an elevator falls or a train stops after either the bridge closes or the car starts,G((bridge_closes | car_starts) -> F(elevator_falls | train_stops)),F ((elevator_falls | train_stops) & (bridge_closes | car_starts)),False
ARTEMIS,51,at some point either an elevator falls or a train stops after either the bridge closes or the car starts,G((bridge_closes | car_starts) -> F(elevator_falls | train_stops)),F ((elevator_falls | train_stops) & (bridge_closes | car_starts)),False
ARTEMIS,51,at some point either an elevator falls or a train stops after either the bridge closes or the car starts,G((bridge_closes | car_starts) -> F(elevator_falls | train_stops)),F ((elevator_falls | train_stops) & (bridge_closes | car_starts)),False
ARTEMIS,51,at some point either an elevator falls or a train stops after either the bridge closes or the car starts,G((bridge_closes | car_starts) -> F(elevator_falls | train_stops)),F ( (G (bridge_closes | car_starts) -> (elevator_falls | train_stops)) & (bridge_closes | car_starts) ),False
ARTEMIS,51,at some point either an elevator falls or a train stops after either the bridge closes or the car starts,G((bridge_closes | car_starts) -> F(elevator_falls | train_stops)),F ( (G (bridge_closes | car_starts) -> (elevator_falls | train_stops)) & (bridge_closes | car_starts) ),False
ARTEMIS,51,at some point either an elevator falls or a train stops after either the bridge closes or the car starts,G((bridge_closes | car_starts) -> F(elevator_falls | train_stops)),F ((elevator_falls | train_stops) & (bridge_closes | car_starts)),False
ARTEMIS,51,at some point either an elevator falls or a train stops after either the bridge closes or the car starts,G((bridge_closes | car_starts) -> F(elevator_falls | train_stops)),F ((elevator_falls | train_stops) & (bridge_closes | car_starts)),False
ARTEMIS,51,at some point either an elevator falls or a train stops after either the bridge closes or the car starts,G((bridge_closes | car_starts) -> F(elevator_falls | train_stops)),F ((elevator_falls | train_stops) & (bridge_closes | car_starts)),False
ARTEMIS,51,at some point either an elevator falls or a train stops after either the bridge closes or the car starts,G((bridge_closes | car_starts) -> F(elevator_falls | train_stops)),F ( (G (bridge_closes | car_starts) -> (elevator_falls | train_stops)) & (bridge_closes | car_starts) ),False
ARTEMIS,51,at some point either an elevator falls or a train stops after either the bridge closes or the car starts,G((bridge_closes | car_starts) -> F(elevator_falls | train_stops)),F ( (elevator_falls | train_stops) & (bridge_closes | car_starts) ),False
ARTEMIS,51,at some point either an elevator falls or a train stops after either the bridge closes or the car starts,G((bridge_closes | car_starts) -> F(elevator_falls | train_stops)),F ((elevator_falls | train_stops) & (bridge_closes | car_starts)),False
ARTEMIS,51,at some point either an elevator falls or a train stops after either the bridge closes or the car starts,G((bridge_closes | car_starts) -> F(elevator_falls | train_stops)),F ((elevator_falls | train_stops) & (bridge_closes | car_starts)),False
ARTEMIS,54,"Do not enter office_4 until you have picked up pass_6, and ensure that you eventually at house_5, retrieve pass_6, and subsequently deliver it to office_4",(!office_4 U p_pass_6) & F(house_5 & F(p_pass_6 & F(office_4 & pd))),! (office_4 U p_pass_6) & F (house_5 & p_pass_6) & F (p_pass_6 & X (G (! office_4) U office_4)),False
ARTEMIS,54,"Do not enter office_4 until you have picked up pass_6, and ensure that you eventually at house_5, retrieve pass_6, and subsequently deliver it to office_4",(!office_4 U p_pass_6) & F(house_5 & F(p_pass_6 & F(office_4 & pd))),! (office_4 U p_pass_6) & F (house_5 & p_pass_6) & F (p_pass_6 & X (G (! office_4) U office_4)),False
ARTEMIS,54,"Do not enter office_4 until you have picked up pass_6, and ensure that you eventually at house_5, retrieve pass_6, and subsequently deliver it to office_4",(!office_4 U p_pass_6) & F(house_5 & F(p_pass_6 & F(office_4 & pd))),! (office_4 U p_pass_6) & F (house_5 & p_pass_6) & F (p_pass_6 & X (G (! office_4) U office_4)),False
ARTEMIS,54,"Do not enter office_4 until you have picked up pass_6, and ensure that you eventually at house_5, retrieve pass_6, and subsequently deliver it to office_4",(!office_4 U p_pass_6) & F(house_5 & F(p_pass_6 & F(office_4 & pd))),! (office_4 U p_pass_6) & F (house_5 & p_pass_6) & F (p_pass_6 & X (G (! office_4) U office_4)),False
ARTEMIS,54,"Do not enter office_4 until you have picked up pass_6, and ensure that you eventually at house_5, retrieve pass_6, and subsequently deliver it to office_4",(!office_4 U p_pass_6) & F(house_5 & F(p_pass_6 & F(office_4 & pd))),! (office_4 U p_pass_6) & F (house_5 & p_pass_6) & F (p_pass_6 & X (G (! office_4) U office_4)),False
ARTEMIS,54,"Do not enter office_4 until you have picked up pass_6, and ensure that you eventually at house_5, retrieve pass_6, and subsequently deliver it to office_4",(!office_4 U p_pass_6) & F(house_5 & F(p_pass_6 & F(office_4 & pd))),! (office_4 U p_pass_6) & (F (house_5 & p_pass_6) & G (p_pass_6 -> F office_4)),False
ARTEMIS,54,"Do not enter office_4 until you have picked up pass_6, and ensure that you eventually at house_5, retrieve pass_6, and subsequently deliver it to office_4",(!office_4 U p_pass_6) & F(house_5 & F(p_pass_6 & F(office_4 & pd))),! (office_4 U p_pass_6) & F (house_5 & p_pass_6) & F (p_pass_6 & X (G (! office_4) U office_4)),False
ARTEMIS,54,"Do not enter office_4 until you have picked up pass_6, and ensure that you eventually at house_5, retrieve pass_6, and subsequently deliver it to office_4",(!office_4 U p_pass_6) & F(house_5 & F(p_pass_6 & F(office_4 & pd))),! (office_4 U p_pass_6) & F (house_5 & p_pass_6) & F (p_pass_6 & X (G (! office_4) U office_4)),False
ARTEMIS,54,"Do not enter office_4 until you have picked up pass_6, and ensure that you eventually at house_5, retrieve pass_6, and subsequently deliver it to office_4",(!office_4 U p_pass_6) & F(house_5 & F(p_pass_6 & F(office_4 & pd))),! (office_4 U p_pass_6) & F (house_5 & p_pass_6) & F (p_pass_6 & X (G (! office_4) U office_4)),False
ARTEMIS,54,"Do not enter office_4 until you have picked up pass_6, and ensure that you eventually at house_5, retrieve pass_6, and subsequently deliver it to office_4",(!office_4 U p_pass_6) & F(house_5 & F(p_pass_6 & F(office_4 & pd))),! (office_4 U p_pass_6) & F (house_5 & p_pass_6) & F (p_pass_6 & X (G (! office_4) U office_4)),False
ARTEMIS,54,"Do not enter office_4 until you have picked up pass_6, and ensure that you eventually at house_5, retrieve pass_6, and subsequently deliver it to office_4",(!office_4 U p_pass_6) & F(house_5 & F(p_pass_6 & F(office_4 & pd))),! (office_4 U p_pass_6) & F (house_5 & p_pass_6) & F (p_pass_6 & X (G (! office_4) U office_4)),False
ARTEMIS,54,"Do not enter office_4 until you have picked up pass_6, and ensure that you eventually at house_5, retrieve pass_6, and subsequently deliver it to office_4",(!office_4 U p_pass_6) & F(house_5 & F(p_pass_6 & F(office_4 & pd))),! (office_4 U p_pass_6) & F (house_5 & p_pass_6) & F (p_pass_6 & X (G (! office_4) U office_4)),False
ARTEMIS,54,"Do not enter office_4 until you have picked up pass_6, and ensure that you eventually at house_5, retrieve pass_6, and subsequently deliver it to office_4",(!office_4 U p_pass_6) & F(house_5 & F(p_pass_6 & F(office_4 & pd))),! (office_4 U p_pass_6) & F (house_5 & p_pass_6) & F (p_pass_6 & X (G (! office_4) U office_4)),False
ARTEMIS,54,"Do not enter office_4 until you have picked up pass_6, and ensure that you eventually at house_5, retrieve pass_6, and subsequently deliver it to office_4",(!office_4 U p_pass_6) & F(house_5 & F(p_pass_6 & F(office_4 & pd))),! (office_4 U p_pass_6) & F (house_5 & p_pass_6) & F (p_pass_6 & X (G (! office_4) U office_4)),False
ARTEMIS,54,"Do not enter office_4 until you have picked up pass_6, and ensure that you eventually at house_5, retrieve pass_6, and subsequently deliver it to office_4",(!office_4 U p_pass_6) & F(house_5 & F(p_pass_6 & F(office_4 & pd))),! (office_4 U p_pass_6) & F (house_5 & p_pass_6) & F (p_pass_6 & X (G (! office_4) U office_4)),False
ARTEMIS,54,"Do not enter office_4 until you have picked up pass_6, and ensure that you eventually at house_5, retrieve pass_6, and subsequently deliver it to office_4",(!office_4 U p_pass_6) & F(house_5 & F(p_pass_6 & F(office_4 & pd))),! (office_4 U p_pass_6) & (F (house_5 & p_pass_6) & G (p_pass_6 -> F office_4)),False
ARTEMIS,54,"Do not enter office_4 until you have picked up pass_6, and ensure that you eventually at house_5, retrieve pass_6, and subsequently deliver it to office_4",(!office_4 U p_pass_6) & F(house_5 & F(p_pass_6 & F(office_4 & pd))),! (office_4 U p_pass_6) & F (house_5 & p_pass_6) & F (p_pass_6 & X (G (! office_4) U office_4)),False
ARTEMIS,54,"Do not enter office_4 until you have picked up pass_6, and ensure that you eventually at house_5, retrieve pass_6, and subsequently deliver it to office_4",(!office_4 U p_pass_6) & F(house_5 & F(p_pass_6 & F(office_4 & pd))),! (office_4 U p_pass_6) & F (house_5 & p_pass_6) & F (p_pass_6 & X (G (! office_4) U office_4)),False
ARTEMIS,54,"Do not enter office_4 until you have picked up pass_6, and ensure that you eventually at house_5, retrieve pass_6, and subsequently deliver it to office_4",(!office_4 U p_pass_6) & F(house_5 & F(p_pass_6 & F(office_4 & pd))),! (office_4 U p_pass_6) & F (house_5 & p_pass_6) & F (p_pass_6 & X (G (! office_4) U office_4)),False
ARTEMIS,54,"Do not enter office_4 until you have picked up pass_6, and ensure that you eventually at house_5, retrieve pass_6, and subsequently deliver it to office_4",(!office_4 U p_pass_6) & F(house_5 & F(p_pass_6 & F(office_4 & pd))),! (office_4 U p_pass_6) & F (house_5 & p_pass_6) & F (p_pass_6 & X (G (! office_4) U office_4)),False
ARTEMIS,54,"Do not enter office_4 until you have picked up pass_6, and ensure that you eventually at house_5, retrieve pass_6, and subsequently deliver it to office_4",(!office_4 U p_pass_6) & F(house_5 & F(p_pass_6 & F(office_4 & pd))),! (office_4 U p_pass_6) & F (house_5 & p_pass_6) & F (p_pass_6 & X (G (! office_4) U office_4)),False
ARTEMIS,54,"Do not enter office_4 until you have picked up pass_6, and ensure that you eventually at house_5, retrieve pass_6, and subsequently deliver it to office_4",(!office_4 U p_pass_6) & F(house_5 & F(p_pass_6 & F(office_4 & pd))),! (office_4 U p_pass_6) & F (house_5 & p_pass_6) & F (p_pass_6 & X (G (! office_4) U office_4)),False
ARTEMIS,54,"Do not enter office_4 until you have picked up pass_6, and ensure that you eventually at house_5, retrieve pass_6, and subsequently deliver it to office_4",(!office_4 U p_pass_6) & F(house_5 & F(p_pass_6 & F(office_4 & pd))),! (office_4 U p_pass_6) & F (house_5 & p_pass_6) & F (p_pass_6 & X (G (! office_4) U office_4)),False
ARTEMIS,54,"Do not enter office_4 until you have picked up pass_6, and ensure that you eventually at house_5, retrieve pass_6, and subsequently deliver it to office_4",(!office_4 U p_pass_6) & F(house_5 & F(p_pass_6 & F(office_4 & pd))),! (office_4 U p_pass_6) & F (house_5 & p_pass_6) & F (p_pass_6 & X (G (! office_4) U office_4)),False
ARTEMIS,54,"Do not enter office_4 until you have picked up pass_6, and ensure that you eventually at house_5, retrieve pass_6, and subsequently deliver it to office_4",(!office_4 U p_pass_6) & F(house_5 & F(p_pass_6 & F(office_4 & pd))),! (office_4 U p_pass_6) & F (house_5 & p_pass_6) & F (p_pass_6 & X (G (! office_4) U office_4)),False
ARTEMIS,54,"Do not enter office_4 until you have picked up pass_6, and ensure that you eventually at house_5, retrieve pass_6, and subsequently deliver it to office_4",(!office_4 U p_pass_6) & F(house_5 & F(p_pass_6 & F(office_4 & pd))),! (office_4 U p_pass_6) & F (house_5 & p_pass_6) & F (p_pass_6 & X (G (! office_4) U office_4)),False
ARTEMIS,54,"Do not enter office_4 until you have picked up pass_6, and ensure that you eventually at house_5, retrieve pass_6, and subsequently deliver it to office_4",(!office_4 U p_pass_6) & F(house_5 & F(p_pass_6 & F(office_4 & pd))),! (office_4 U p_pass_6) & F (house_5 & p_pass_6) & F (p_pass_6 & X (G (! office_4) U office_4)),False
ARTEMIS,54,"Do not enter office_4 until you have picked up pass_6, and ensure that you eventually at house_5, retrieve pass_6, and subsequently deliver it to office_4",(!office_4 U p_pass_6) & F(house_5 & F(p_pass_6 & F(office_4 & pd))),! (office_4 U p_pass_6) & F (house_5 & p_pass_6) & F (p_pass_6 & X (G (! office_4) U office_4)),False
ARTEMIS,54,"Do not enter office_4 until you have picked up pass_6, and ensure that you eventually at house_5, retrieve pass_6, and subsequently deliver it to office_4",(!office_4 U p_pass_6) & F(house_5 & F(p_pass_6 & F(office_4 & pd))),! (office_4 U p_pass_6) & F (house_5 & p_pass_6) & F (p_pass_6 & X (G (! office_4) U office_4)),False
ARTEMIS,54,"Do not enter office_4 until you have picked up pass_6, and ensure that you eventually at house_5, retrieve pass_6, and subsequently deliver it to office_4",(!office_4 U p_pass_6) & F(house_5 & F(p_pass_6 & F(office_4 & pd))),! (office_4 U p_pass_6) & F (house_5 & p_pass_6) & F (p_pass_6 & X (G (! office_4) U office_4)),False
ARTEMIS,54,"Do not enter office_4 until you have picked up pass_6, and ensure that you eventually at house_5, retrieve pass_6, and subsequently deliver it to office_4",(!office_4 U p_pass_6) & F(house_5 & F(p_pass_6 & F(office_4 & pd))),! (office_4 U p_pass_6) & F (house_5 & p_pass_6) & F (p_pass_6 & X (G (! office_4) U office_4)),False
ARTEMIS,54,"Do not enter office_4 until you have picked up pass_6, and ensure that you eventually at house_5, retrieve pass_6, and subsequently deliver it to office_4",(!office_4 U p_pass_6) & F(house_5 & F(p_pass_6 & F(office_4 & pd))),! (office_4 U p_pass_6) & F (house_5 & p_pass_6) & F (p_pass_6 & X (G (! office_4) U office_4)),False
ARTEMIS,54,"Do not enter office_4 until you have picked up pass_6, and ensure that you eventually at house_5, retrieve pass_6, and subsequently deliver it to office_4",(!office_4 U p_pass_6) & F(house_5 & F(p_pass_6 & F(office_4 & pd))),! (office_4 U p_pass_6) & F (house_5 & p_pass_6) & F (p_pass_6 & X (G (! office_4) U office_4)),False
ARTEMIS,54,"Do not enter office_4 until you have picked up pass_6, and ensure that you eventually at house_5, retrieve pass_6, and subsequently deliver it to office_4",(!office_4 U p_pass_6) & F(house_5 & F(p_pass_6 & F(office_4 & pd))),! (office_4 U p_pass_6) & F (house_5 & p_pass_6) & F (p_pass_6 & X (G (! office_4) U office_4)),False
ARTEMIS,54,"Do not enter office_4 until you have picked up pass_6, and ensure that you eventually at house_5, retrieve pass_6, and subsequently deliver it to office_4",(!office_4 U p_pass_6) & F(house_5 & F(p_pass_6 & F(office_4 & pd))),! (office_4 U p_pass_6) & F (house_5 & p_pass_6) & F (p_pass_6 & X (G (! office_4) U office_4)),False
ARTEMIS,54,"Do not enter office_4 until you have picked up pass_6, and ensure that you eventually at house_5, retrieve pass_6, and subsequently deliver it to office_4",(!office_4 U p_pass_6) & F(house_5 & F(p_pass_6 & F(office_4 & pd))),! (office_4 U p_pass_6) & F (house_5 & p_pass_6) & F (p_pass_6 & X (G (! office_4) U office_4)),False
ARTEMIS,54,"Do not enter office_4 until you have picked up pass_6, and ensure that you eventually at house_5, retrieve pass_6, and subsequently deliver it to office_4",(!office_4 U p_pass_6) & F(house_5 & F(p_pass_6 & F(office_4 & pd))),! (office_4 U p_pass_6) & F (house_5 & p_pass_6) & F (p_pass_6 & X (G (! office_4) U office_4)),False
ARTEMIS,54,"Do not enter office_4 until you have picked up pass_6, and ensure that you eventually at house_5, retrieve pass_6, and subsequently deliver it to office_4",(!office_4 U p_pass_6) & F(house_5 & F(p_pass_6 & F(office_4 & pd))),! (office_4 U p_pass_6) & F (house_5 & p_pass_6) & F (p_pass_6 & X (G (! office_4) U office_4)),False
ARTEMIS,54,"Do not enter office_4 until you have picked up pass_6, and ensure that you eventually at house_5, retrieve pass_6, and subsequently deliver it to office_4",(!office_4 U p_pass_6) & F(house_5 & F(p_pass_6 & F(office_4 & pd))),! (office_4 U p_pass_6) & F (house_5 & p_pass_6) & F (p_pass_6 & X (G (! office_4) U office_4)),False
ARTEMIS,54,"Do not enter office_4 until you have picked up pass_6, and ensure that you eventually at house_5, retrieve pass_6, and subsequently deliver it to office_4",(!office_4 U p_pass_6) & F(house_5 & F(p_pass_6 & F(office_4 & pd))),! (office_4 U p_pass_6) & F (house_5 & p_pass_6) & F (p_pass_6 & X (G (! office_4) U office_4)),False
ARTEMIS,54,"Do not enter office_4 until you have picked up pass_6, and ensure that you eventually at house_5, retrieve pass_6, and subsequently deliver it to office_4",(!office_4 U p_pass_6) & F(house_5 & F(p_pass_6 & F(office_4 & pd))),! (office_4 U p_pass_6) & F (house_5 & p_pass_6) & F (p_pass_6 & X (G (! office_4) U office_4)),False
ARTEMIS,54,"Do not enter office_4 until you have picked up pass_6, and ensure that you eventually at house_5, retrieve pass_6, and subsequently deliver it to office_4",(!office_4 U p_pass_6) & F(house_5 & F(p_pass_6 & F(office_4 & pd))),! (office_4 U p_pass_6) & F (house_5 & p_pass_6) & F (p_pass_6 & X (G (! office_4) U office_4)),False
ARTEMIS,54,"Do not enter office_4 until you have picked up pass_6, and ensure that you eventually at house_5, retrieve pass_6, and subsequently deliver it to office_4",(!office_4 U p_pass_6) & F(house_5 & F(p_pass_6 & F(office_4 & pd))),! (office_4 U p_pass_6) & (F (house_5 & p_pass_6) & G (p_pass_6 -> F office_4)),False
ARTEMIS,54,"Do not enter office_4 until you have picked up pass_6, and ensure that you eventually at house_5, retrieve pass_6, and subsequently deliver it to office_4",(!office_4 U p_pass_6) & F(house_5 & F(p_pass_6 & F(office_4 & pd))),! (office_4 U p_pass_6) & F (house_5 & p_pass_6) & F (p_pass_6 & X (G (! office_4) U office_4)),False
ARTEMIS,54,"Do not enter office_4 until you have picked up pass_6, and ensure that you eventually at house_5, retrieve pass_6, and subsequently deliver it to office_4",(!office_4 U p_pass_6) & F(house_5 & F(p_pass_6 & F(office_4 & pd))),! (office_4 U p_pass_6) & F (house_5 & p_pass_6) & F (p_pass_6 & X (G (! office_4) U office_4)),False
ARTEMIS,54,"Do not enter office_4 until you have picked up pass_6, and ensure that you eventually at house_5, retrieve pass_6, and subsequently deliver it to office_4",(!office_4 U p_pass_6) & F(house_5 & F(p_pass_6 & F(office_4 & pd))),! (office_4 U p_pass_6) & F (house_5 & p_pass_6) & F (p_pass_6 & X (G (! office_4) U office_4)),False
ARTEMIS,54,"Do not enter office_4 until you have picked up pass_6, and ensure that you eventually at house_5, retrieve pass_6, and subsequently deliver it to office_4",(!office_4 U p_pass_6) & F(house_5 & F(p_pass_6 & F(office_4 & pd))),! (office_4 U p_pass_6) & F (house_5 & p_pass_6) & F (p_pass_6 & X (G (! office_4) U office_4)),False
ARTEMIS,54,"Do not enter office_4 until you have picked up pass_6, and ensure that you eventually at house_5, retrieve pass_6, and subsequently deliver it to office_4",(!office_4 U p_pass_6) & F(house_5 & F(p_pass_6 & F(office_4 & pd))),! (office_4 U p_pass_6) & F (house_5 & p_pass_6) & F (p_pass_6 & X (G (! office_4) U office_4)),False
ARTEMIS,54,"Do not enter office_4 until you have picked up pass_6, and ensure that you eventually at house_5, retrieve pass_6, and subsequently deliver it to office_4",(!office_4 U p_pass_6) & F(house_5 & F(p_pass_6 & F(office_4 & pd))),! (office_4 U p_pass_6) & F (house_5 & p_pass_6) & F (p_pass_6 & X (G (! office_4) U office_4)),False
ARTEMIS,54,"Do not enter office_4 until you have picked up pass_6, and ensure that you eventually at house_5, retrieve pass_6, and subsequently deliver it to office_4",(!office_4 U p_pass_6) & F(house_5 & F(p_pass_6 & F(office_4 & pd))),! (office_4 U p_pass_6) & F (house_5 & p_pass_6) & F (p_pass_6 & X (G (! office_4) U office_4)),False
ARTEMIS,54,"Do not enter office_4 until you have picked up pass_6, and ensure that you eventually at house_5, retrieve pass_6, and subsequently deliver it to office_4",(!office_4 U p_pass_6) & F(house_5 & F(p_pass_6 & F(office_4 & pd))),! (office_4 U p_pass_6) & F (house_5 & p_pass_6) & F (p_pass_6 & X (G (! office_4) U office_4)),False
ARTEMIS,54,"Do not enter office_4 until you have picked up pass_6, and ensure that you eventually at house_5, retrieve pass_6, and subsequently deliver it to office_4",(!office_4 U p_pass_6) & F(house_5 & F(p_pass_6 & F(office_4 & pd))),! (office_4 U p_pass_6) & F (house_5 & p_pass_6) & F (p_pass_6 & X (G (! office_4) U office_4)),False
ARTEMIS,54,"Do not enter office_4 until you have picked up pass_6, and ensure that you eventually at house_5, retrieve pass_6, and subsequently deliver it to office_4",(!office_4 U p_pass_6) & F(house_5 & F(p_pass_6 & F(office_4 & pd))),! (office_4 U p_pass_6) & F (house_5 & p_pass_6) & F (p_pass_6 & X (G (! office_4) U office_4)),False
ARTEMIS,54,"Do not enter office_4 until you have picked up pass_6, and ensure that you eventually at house_5, retrieve pass_6, and subsequently deliver it to office_4",(!office_4 U p_pass_6) & F(house_5 & F(p_pass_6 & F(office_4 & pd))),! (office_4 U p_pass_6) & F (house_5 & p_pass_6) & F (p_pass_6 & X (G (! office_4) U office_4)),False
ARTEMIS,54,"Do not enter office_4 until you have picked up pass_6, and ensure that you eventually at house_5, retrieve pass_6, and subsequently deliver it to office_4",(!office_4 U p_pass_6) & F(house_5 & F(p_pass_6 & F(office_4 & pd))),! (office_4 U p_pass_6) & F (house_5 & p_pass_6) & F (p_pass_6 & X (G (! office_4) U office_4)),False
ARTEMIS,54,"Do not enter office_4 until you have picked up pass_6, and ensure that you eventually at house_5, retrieve pass_6, and subsequently deliver it to office_4",(!office_4 U p_pass_6) & F(house_5 & F(p_pass_6 & F(office_4 & pd))),! (office_4 U p_pass_6) & F (house_5 & p_pass_6) & F (p_pass_6 & X (G (! office_4) U office_4)),False
ARTEMIS,54,"Do not enter office_4 until you have picked up pass_6, and ensure that you eventually at house_5, retrieve pass_6, and subsequently deliver it to office_4",(!office_4 U p_pass_6) & F(house_5 & F(p_pass_6 & F(office_4 & pd))),! (office_4 U p_pass_6) & F (house_5 & p_pass_6) & F (p_pass_6 & X (G (! office_4) U office_4)),False
ARTEMIS,54,"Do not enter office_4 until you have picked up pass_6, and ensure that you eventually at house_5, retrieve pass_6, and subsequently deliver it to office_4",(!office_4 U p_pass_6) & F(house_5 & F(p_pass_6 & F(office_4 & pd))),! (office_4 U p_pass_6) & F (house_5 & p_pass_6) & F (p_pass_6 & X (G (! office_4) U office_4)),False
ARTEMIS,54,"Do not enter office_4 until you have picked up pass_6, and ensure that you eventually at house_5, retrieve pass_6, and subsequently deliver it to office_4",(!office_4 U p_pass_6) & F(house_5 & F(p_pass_6 & F(office_4 & pd))),! (office_4 U p_pass_6) & F (house_5 & p_pass_6) & F (p_pass_6 & X (G (! office_4) U office_4)),False
ARTEMIS,54,"Do not enter office_4 until you have picked up pass_6, and ensure that you eventually at house_5, retrieve pass_6, and subsequently deliver it to office_4",(!office_4 U p_pass_6) & F(house_5 & F(p_pass_6 & F(office_4 & pd))),! (office_4 U p_pass_6) & F (house_5 & p_pass_6) & F (p_pass_6 & X (G (! office_4) U office_4)),False
ARTEMIS,54,"Do not enter office_4 until you have picked up pass_6, and ensure that you eventually at house_5, retrieve pass_6, and subsequently deliver it to office_4",(!office_4 U p_pass_6) & F(house_5 & F(p_pass_6 & F(office_4 & pd))),! (office_4 U p_pass_6) & F (house_5 & p_pass_6) & F (p_pass_6 & X (G (! office_4) U office_4)),False
ARTEMIS,54,"Do not enter office_4 until you have picked up pass_6, and ensure that you eventually at house_5, retrieve pass_6, and subsequently deliver it to office_4",(!office_4 U p_pass_6) & F(house_5 & F(p_pass_6 & F(office_4 & pd))),! (office_4 U p_pass_6) & F (house_5 & p_pass_6) & F (p_pass_6 & X (G (! office_4) U office_4)),False
ARTEMIS,54,"Do not enter office_4 until you have picked up pass_6, and ensure that you eventually at house_5, retrieve pass_6, and subsequently deliver it to office_4",(!office_4 U p_pass_6) & F(house_5 & F(p_pass_6 & F(office_4 & pd))),! (office_4 U p_pass_6) & F (house_5 & p_pass_6) & F (p_pass_6 & X (G (! office_4) U office_4)),False
ARTEMIS,54,"Do not enter office_4 until you have picked up pass_6, and ensure that you eventually at house_5, retrieve pass_6, and subsequently deliver it to office_4",(!office_4 U p_pass_6) & F(house_5 & F(p_pass_6 & F(office_4 & pd))),! (office_4 U p_pass_6) & F (house_5 & p_pass_6) & F (p_pass_6 & X (G (! office_4) U office_4)),False
ARTEMIS,54,"Do not enter office_4 until you have picked up pass_6, and ensure that you eventually at house_5, retrieve pass_6, and subsequently deliver it to office_4",(!office_4 U p_pass_6) & F(house_5 & F(p_pass_6 & F(office_4 & pd))),! (office_4 U p_pass_6) & F (house_5 & p_pass_6) & F (p_pass_6 & X (G (! office_4) U office_4)),False
ARTEMIS,54,"Do not enter office_4 until you have picked up pass_6, and ensure that you eventually at house_5, retrieve pass_6, and subsequently deliver it to office_4",(!office_4 U p_pass_6) & F(house_5 & F(p_pass_6 & F(office_4 & pd))),! (office_4 U p_pass_6) & F (house_5 & p_pass_6) & F (p_pass_6 & X (G (! office_4) U office_4)),False
ARTEMIS,54,"Do not enter office_4 until you have picked up pass_6, and ensure that you eventually at house_5, retrieve pass_6, and subsequently deliver it to office_4",(!office_4 U p_pass_6) & F(house_5 & F(p_pass_6 & F(office_4 & pd))),! (office_4 U p_pass_6) & F (house_5 & p_pass_6) & F (p_pass_6 & X (G (! office_4) U office_4)),False
ARTEMIS,54,"Do not enter office_4 until you have picked up pass_6, and ensure that you eventually at house_5, retrieve pass_6, and subsequently deliver it to office_4",(!office_4 U p_pass_6) & F(house_5 & F(p_pass_6 & F(office_4 & pd))),! (office_4 U p_pass_6) & F (house_5 & p_pass_6) & F (p_pass_6 & X (G (! office_4) U office_4)),False
ARTEMIS,54,"Do not enter office_4 until you have picked up pass_6, and ensure that you eventually at house_5, retrieve pass_6, and subsequently deliver it to office_4",(!office_4 U p_pass_6) & F(house_5 & F(p_pass_6 & F(office_4 & pd))),! (office_4 U p_pass_6) & F (house_5 & p_pass_6) & F (p_pass_6 & X (G (! office_4) U office_4)),False
ARTEMIS,54,"Do not enter office_4 until you have picked up pass_6, and ensure that you eventually at house_5, retrieve pass_6, and subsequently deliver it to office_4",(!office_4 U p_pass_6) & F(house_5 & F(p_pass_6 & F(office_4 & pd))),! (office_4 U p_pass_6) & F (house_5 & p_pass_6) & F (p_pass_6 & X (G (! office_4) U office_4)),False
ARTEMIS,54,"Do not enter office_4 until you have picked up pass_6, and ensure that you eventually at house_5, retrieve pass_6, and subsequently deliver it to office_4",(!office_4 U p_pass_6) & F(house_5 & F(p_pass_6 & F(office_4 & pd))),! (office_4 U p_pass_6) & F (house_5 & p_pass_6) & F (p_pass_6 & X (G (! office_4) U office_4)),False
ARTEMIS,54,"Do not enter office_4 until you have picked up pass_6, and ensure that you eventually at house_5, retrieve pass_6, and subsequently deliver it to office_4",(!office_4 U p_pass_6) & F(house_5 & F(p_pass_6 & F(office_4 & pd))),! (office_4 U p_pass_6) & F (house_5 & p_pass_6) & F (p_pass_6 & X (G (! office_4) U office_4)),False
ARTEMIS,54,"Do not enter office_4 until you have picked up pass_6, and ensure that you eventually at house_5, retrieve pass_6, and subsequently deliver it to office_4",(!office_4 U p_pass_6) & F(house_5 & F(p_pass_6 & F(office_4 & pd))),! (office_4 U p_pass_6) & F (house_5 & p_pass_6) & F (p_pass_6 & X (G (! office_4) U office_4)),False
ARTEMIS,54,"Do not enter office_4 until you have picked up pass_6, and ensure that you eventually at house_5, retrieve pass_6, and subsequently deliver it to office_4",(!office_4 U p_pass_6) & F(house_5 & F(p_pass_6 & F(office_4 & pd))),! (office_4 U p_pass_6) & (F (house_5 & p_pass_6) & G (p_pass_6 -> F office_4)),False
ARTEMIS,54,"Do not enter office_4 until you have picked up pass_6, and ensure that you eventually at house_5, retrieve pass_6, and subsequently deliver it to office_4",(!office_4 U p_pass_6) & F(house_5 & F(p_pass_6 & F(office_4 & pd))),! (office_4 U p_pass_6) & F (house_5 & p_pass_6) & F (p_pass_6 & X (G (! office_4) U office_4)),False
ARTEMIS,54,"Do not enter office_4 until you have picked up pass_6, and ensure that you eventually at house_5, retrieve pass_6, and subsequently deliver it to office_4",(!office_4 U p_pass_6) & F(house_5 & F(p_pass_6 & F(office_4 & pd))),! (office_4 U p_pass_6) & F (house_5 & p_pass_6) & F (p_pass_6 & X (G (! office_4) U office_4)),False
ARTEMIS,54,"Do not enter office_4 until you have picked up pass_6, and ensure that you eventually at house_5, retrieve pass_6, and subsequently deliver it to office_4",(!office_4 U p_pass_6) & F(house_5 & F(p_pass_6 & F(office_4 & pd))),! (office_4 U p_pass_6) & F (house_5 & p_pass_6) & F (p_pass_6 & X (G (! office_4) U office_4)),False
ARTEMIS,54,"Do not enter office_4 until you have picked up pass_6, and ensure that you eventually at house_5, retrieve pass_6, and subsequently deliver it to office_4",(!office_4 U p_pass_6) & F(house_5 & F(p_pass_6 & F(office_4 & pd))),! (office_4 U p_pass_6) & F (house_5 & p_pass_6) & F (p_pass_6 & X (G (! office_4) U office_4)),False
ARTEMIS,54,"Do not enter office_4 until you have picked up pass_6, and ensure that you eventually at house_5, retrieve pass_6, and subsequently deliver it to office_4",(!office_4 U p_pass_6) & F(house_5 & F(p_pass_6 & F(office_4 & pd))),! (office_4 U p_pass_6) & F (house_5 & p_pass_6) & F (p_pass_6 & X (G (! office_4) U office_4)),False
ARTEMIS,54,"Do not enter office_4 until you have picked up pass_6, and ensure that you eventually at house_5, retrieve pass_6, and subsequently deliver it to office_4",(!office_4 U p_pass_6) & F(house_5 & F(p_pass_6 & F(office_4 & pd))),! (office_4 U p_pass_6) & F (house_5 & p_pass_6) & F (p_pass_6 & X (G (! office_4) U office_4)),False
ARTEMIS,54,"Do not enter office_4 until you have picked up pass_6, and ensure that you eventually at house_5, retrieve pass_6, and subsequently deliver it to office_4",(!office_4 U p_pass_6) & F(house_5 & F(p_pass_6 & F(office_4 & pd))),! (office_4 U p_pass_6) & F (house_5 & p_pass_6) & F (p_pass_6 & X (G (! office_4) U office_4)),False
ARTEMIS,54,"Do not enter office_4 until you have picked up pass_6, and ensure that you eventually at house_5, retrieve pass_6, and subsequently deliver it to office_4",(!office_4 U p_pass_6) & F(house_5 & F(p_pass_6 & F(office_4 & pd))),! (office_4 U p_pass_6) & (F (house_5 & p_pass_6) & G (p_pass_6 -> F office_4)),False
ARTEMIS,54,"Do not enter office_4 until you have picked up pass_6, and ensure that you eventually at house_5, retrieve pass_6, and subsequently deliver it to office_4",(!office_4 U p_pass_6) & F(house_5 & F(p_pass_6 & F(office_4 & pd))),! (office_4 U p_pass_6) & F (house_5 & p_pass_6) & F (p_pass_6 & X (G (! office_4) U office_4)),False
ARTEMIS,54,"Do not enter office_4 until you have picked up pass_6, and ensure that you eventually at house_5, retrieve pass_6, and subsequently deliver it to office_4",(!office_4 U p_pass_6) & F(house_5 & F(p_pass_6 & F(office_4 & pd))),! (office_4 U p_pass_6) & F (house_5 & p_pass_6) & F (p_pass_6 & X (G (! office_4) U office_4)),False
ARTEMIS,54,"Do not enter office_4 until you have picked up pass_6, and ensure that you eventually at house_5, retrieve pass_6, and subsequently deliver it to office_4",(!office_4 U p_pass_6) & F(house_5 & F(p_pass_6 & F(office_4 & pd))),! (office_4 U p_pass_6) & F (house_5 & p_pass_6) & F (p_pass_6 & X (G (! office_4) U office_4)),False
ARTEMIS,54,"Do not enter office_4 until you have picked up pass_6, and ensure that you eventually at house_5, retrieve pass_6, and subsequently deliver it to office_4",(!office_4 U p_pass_6) & F(house_5 & F(p_pass_6 & F(office_4 & pd))),! (office_4 U p_pass_6) & F (house_5 & p_pass_6) & F (p_pass_6 & X (G (! office_4) U office_4)),False
ARTEMIS,54,"Do not enter office_4 until you have picked up pass_6, and ensure that you eventually at house_5, retrieve pass_6, and subsequently deliver it to office_4",(!office_4 U p_pass_6) & F(house_5 & F(p_pass_6 & F(office_4 & pd))),! (office_4 U p_pass_6) & F (house_5 & p_pass_6) & F (p_pass_6 & X (G (! office_4) U office_4)),False
ARTEMIS,54,"Do not enter office_4 until you have picked up pass_6, and ensure that you eventually at house_5, retrieve pass_6, and subsequently deliver it to office_4",(!office_4 U p_pass_6) & F(house_5 & F(p_pass_6 & F(office_4 & pd))),! (office_4 U p_pass_6) & (F (house_5 & p_pass_6) & G (p_pass_6 -> F office_4)),False
ARTEMIS,54,"Do not enter office_4 until you have picked up pass_6, and ensure that you eventually at house_5, retrieve pass_6, and subsequently deliver it to office_4",(!office_4 U p_pass_6) & F(house_5 & F(p_pass_6 & F(office_4 & pd))),! (office_4 U p_pass_6) & F (house_5 & p_pass_6) & F (p_pass_6 & X (G (! office_4) U office_4)),False
ARTEMIS,54,"Do not enter office_4 until you have picked up pass_6, and ensure that you eventually at house_5, retrieve pass_6, and subsequently deliver it to office_4",(!office_4 U p_pass_6) & F(house_5 & F(p_pass_6 & F(office_4 & pd))),! (office_4 U p_pass_6) & F (house_5 & p_pass_6) & F (p_pass_6 & X (G (! office_4) U office_4)),False
ARTEMIS,54,"Do not enter office_4 until you have picked up pass_6, and ensure that you eventually at house_5, retrieve pass_6, and subsequently deliver it to office_4",(!office_4 U p_pass_6) & F(house_5 & F(p_pass_6 & F(office_4 & pd))),! (office_4 U p_pass_6) & F (house_5 & p_pass_6) & F (p_pass_6 & X (G (! office_4) U office_4)),False
ARTEMIS,54,"Do not enter office_4 until you have picked up pass_6, and ensure that you eventually at house_5, retrieve pass_6, and subsequently deliver it to office_4",(!office_4 U p_pass_6) & F(house_5 & F(p_pass_6 & F(office_4 & pd))),! (office_4 U p_pass_6) & F (house_5 & p_pass_6) & F (p_pass_6 & X (G (! office_4) U office_4)),False
ARTEMIS,54,"Do not enter office_4 until you have picked up pass_6, and ensure that you eventually at house_5, retrieve pass_6, and subsequently deliver it to office_4",(!office_4 U p_pass_6) & F(house_5 & F(p_pass_6 & F(office_4 & pd))),! (office_4 U p_pass_6) & F (house_5 & p_pass_6) & F (p_pass_6 & X (G (! office_4) U office_4)),False
ARTEMIS,54,"Do not enter office_4 until you have picked up pass_6, and ensure that you eventually at house_5, retrieve pass_6, and subsequently deliver it to office_4",(!office_4 U p_pass_6) & F(house_5 & F(p_pass_6 & F(office_4 & pd))),! (office_4 U p_pass_6) & F (house_5 & p_pass_6) & F (p_pass_6 & X (G (! office_4) U office_4)),False
ARTEMIS,54,"Do not enter office_4 until you have picked up pass_6, and ensure that you eventually at house_5, retrieve pass_6, and subsequently deliver it to office_4",(!office_4 U p_pass_6) & F(house_5 & F(p_pass_6 & F(office_4 & pd))),! (office_4 U p_pass_6) & F (house_5 & p_pass_6) & F (p_pass_6 & X (G (! office_4) U office_4)),False
ARTEMIS,54,"Do not enter office_4 until you have picked up pass_6, and ensure that you eventually at house_5, retrieve pass_6, and subsequently deliver it to office_4",(!office_4 U p_pass_6) & F(house_5 & F(p_pass_6 & F(office_4 & pd))),! (office_4 U p_pass_6) & F (house_5 & p_pass_6) & F (p_pass_6 & X (G (! office_4) U office_4)),False
ARTEMIS,54,"Do not enter office_4 until you have picked up pass_6, and ensure that you eventually at house_5, retrieve pass_6, and subsequently deliver it to office_4",(!office_4 U p_pass_6) & F(house_5 & F(p_pass_6 & F(office_4 & pd))),! (office_4 U p_pass_6) & F (house_5 & p_pass_6) & F (p_pass_6 & X (G (! office_4) U office_4)),False
ARTEMIS,54,"Do not enter office_4 until you have picked up pass_6, and ensure that you eventually at house_5, retrieve pass_6, and subsequently deliver it to office_4",(!office_4 U p_pass_6) & F(house_5 & F(p_pass_6 & F(office_4 & pd))),! (office_4 U p_pass_6) & F (house_5 & p_pass_6) & F (p_pass_6 & X (G (! office_4) U office_4)),False
ARTEMIS,54,"Do not enter office_4 until you have picked up pass_6, and ensure that you eventually at house_5, retrieve pass_6, and subsequently deliver it to office_4",(!office_4 U p_pass_6) & F(house_5 & F(p_pass_6 & F(office_4 & pd))),! (office_4 U p_pass_6) & F (house_5 & p_pass_6) & F (p_pass_6 & X (G (! office_4) U office_4)),False
ARTEMIS,54,"Do not enter office_4 until you have picked up pass_6, and ensure that you eventually at house_5, retrieve pass_6, and subsequently deliver it to office_4",(!office_4 U p_pass_6) & F(house_5 & F(p_pass_6 & F(office_4 & pd))),! (office_4 U p_pass_6) & F (house_5 & p_pass_6) & F (p_pass_6 & X (G (! office_4) U office_4)),False
