Index,Requirement,Ground Truth,Response
7988,"If photo the collision on east_3rd_street ever holds, get_help must have held beforehand.",F photo_collision_east_3rd_street -> (!photo_collision_east_3rd_street U (get_help & !photo_collision_east_3rd_street)),!photo_collision_east_3rd_street | F(get_help & F(photo_collision_east_3rd_street))
7989,"Make sure that (prop_1) is equivalent to (prop_2), and also make sure (prop_3) is always true .",(prop_1 <-> prop_2) & G prop_3,G((prop_1 <-> prop_2) & prop_3)
7992,never drop apple and go_by waste bin,go_by_waste_bin & G!drop_apple,G(!(drop_apple & go_by_waste_bin))
7993,( prop_1 ) and at any time ( prop_2 ),prop_1 & F prop_2,prop_1 & G(prop_2 )
7995,at some time ( prop_1 ) and at any time ( prop_2 ),F(prop_1 & F prop_2),F(prop_1 ) & G(prop_2 )
7997,Continuously visit area 2 and take a picture each time,GF(area_2 & photo),G(area_2 -> F(photo))
8000,On condition that the transition action that ( prop_1 ) is detected then the event that ( prop_2 ) wo n't get observed or at the same moment the transition action that ( prop_3 ) should be observed .,G(prop_1 -> (prop_2 | prop_3)),G(prop_1 -> (!prop_2 | prop_3))
8002,"Globally , whenever ( prop_2 ) , or ( prop_1 ) then all of the following conditions are true : for each moment in the future before the end of the execution ( prop_3 ) .",G((prop_1 | prop_2) -> GF prop_3),G((prop_2 | prop_1) -> G(prop_3))
8003,"when whenever go_by waste basket , at any time bring pear",F go_by_waste_basket -> F bring_pear,G(go_by_waste_basket -> F bring_pear)
8005,at any time ( prop_1 ) or repeatedly ( prop_2 ),F(prop_1 | GF prop_2),G(prop_1 | prop_2)
8006,Go to kitchen_1 to pickup bottle_2 and remain in hall_2 afterward,F(kitchen_1 & F(p_bottle_2 & F(hall_2 & G hall_2))),F(kitchen_1 & p_bottle_2 & F(G hall_2))
8007,"If the condition that (prop_1) leads to (prop_3) is met, then eventually (prop_2) should happen.",(prop_1 -> prop_3) -> F prop_2,G((prop_1 -> F prop_3) -> F prop_2)
8010,"the elevator is open and, as a consequence, every time a train derails then it will happen that the bar is down",G(elevator_is_open -> G(train_derails -> F bar_is_down)),G(elevator_is_open & G(train_derails -> F bar_is_down))
8011,go through the yellow or red_room and enter the blue_room,F((red_room | yellow_room) & F blue_room),! (yellow_room | red_room) | F ((yellow_room | red_room) & F blue_room)
8012,(prop_2) or (prop_1). (prop_3) until (prop_4).,(prop_1 | prop_2) & (prop_3 U prop_4),G((prop_2 | prop_1) & (prop_3 U prop_4))
8013,"It is required that at some point ( prop_1 ) or ( prop_2 ) happens , and at the same time ( prop_3 ) does not happen .",!prop_3 & (prop_1 | prop_2),F((prop_1 | prop_2) & !prop_3)
8014,"If ( prop_1 ) then ( prop_4 ) , is equivalent to ( prop_3 ) , and also ( prop_2 ) .",prop_2 & (prop_3 <-> (prop_1 -> prop_4)),G(((prop_1 -> prop_4) <-> prop_3) & prop_2)
8015,"if ( prop_1 ) , at any time ( prop_2 )",prop_1 -> F prop_2,G(prop_1 -> G prop_2)
8016,at some time get_near flag and when possible make_to flag,F get_near_flag & F make_to_flag,F(get_near_flag & F(make_to_flag))
8019,"When ( prop_2 ) , and ( prop_1 ) , then in response in no time ( prop_4 ) and ( prop_3 ) .",G((prop_1 & prop_2) -> (prop_3 & prop_4)),G((prop_2 & prop_1) -> F(prop_4 & prop_3))
8021,Retrieve takeout_2 from restaurant_9 and transport it to house_1,F(restaurant_9 & F(takeout_2 & F(house_1 & pd))),F(restaurant_9 & takeout_2 & F(house_1 & takeout_2))
8023,"Once deliver the giraffe to the loading_dock has occurred, deliver the fire_hydrant to the loading_dock will never occur again.",G(deliver_giraffe_loading_dock -> XG!deliver_fire_hydrant_loading_dock),G(deliver_giraffe_loading_dock -> G(!deliver_fire_hydrant_loading_dock))
8024,"If ( prop_2 ) does not happen , then ( prop_1 ) , and also ( prop_3 ) .",prop_3 & (!prop_2 -> prop_1),G(!prop_2 -> (prop_1 & prop_3))
8025,never let_go apple and move_to trash can,move_to_trash_can & G!let_go_apple,G(!(let_go_apple & move_to_trash_can))
8029,"when at any time ( prop_1 ) , ( prop_2 )",F prop_1 -> prop_2,G(prop_1 -> prop_2)
8032,venture_towards house and never drop apple,venture_towards_house & G!drop_apple,G(venture_towards_house & !drop_apple)
8033,"If record the pedestrian on northwest_1st_street ever holds, get_help must have held beforehand.",F record_pedestrian_northwest_1st_street -> (!record_pedestrian_northwest_1st_street U (get_help & !record_pedestrian_northwest_1st_street)),!record_pedestrian_northwest_1st_street | F(get_help & F(record_pedestrian_northwest_1st_street))
8035,"Globally , whenever ( prop_2 ) , or ( prop_3 ) , then all of the following conditions are true : ( prop_1 ) .",G((prop_2 | prop_3) -> F prop_1),G((prop_2 | prop_3) -> prop_1)
8036,"For all time (prop_3), is equivalent to the scenario in which if (prop_2) then (prop_1) .",(prop_2 -> prop_1) <-> G prop_3,G (prop_3 ) <-> G (prop_2 -> prop_1 )
8037,"each time the escalator moves then after the car enters, eventually, the constructor instantiate objects",G(escalator_moves -> G(car_enters -> F constructor_instantiate_objects)),G((escalator_moves & F car_enters) -> F constructor_instantiate_objects)
8042,Do not approach intersection_5 before reaching street_4 and delivering pass_4 from house_4 to office_1,(!intersection_5 U street_4) & F(house_4 & F(p_pass_4 & F(office_1 & pd))),G(!intersection_5 U (street_4 & F(p_pass_4 & office_1)))
8043,repeatedly go_to apple trashcan or whenever visit trash bin,GF go_to_apple_trashcan | F visit_trash_bin,GF(go_to_apple_trashcan ) | G(visit_trash_bin -> F(go_to_apple_trashcan ))
8044,"First (prop_2) unless (prop_3) happens, then make sure to (prop_1) after you have witnessed (prop_4).",(prop_2 U prop_3) -> (prop_1 -> prop_4),(prop_2 U prop_3) & G(prop_4 -> F(prop_1))
8045,If at some point ( prop_3 ) or ( prop_2 ) or ( prop_1 ) then ( prop_4 ) .,(prop_1 | prop_2 | prop_3) -> prop_4,F(prop_3 | prop_2 | prop_1) -> prop_4
8047,whenever acquire pear until pick_up flag,F acquire_pear U pick_up_flag,G(acquire_pear U pick_up_flag)
8050,"If (prop_1), (prop_2) and (prop_3) as well.",prop_1 -> (prop_2 & prop_3),G(prop_1 -> (prop_2 & prop_3))
8052,"Take a video of safe_civilian should always hold, with at most a two-step grace period for recovery.",!G!(record_safe_civilian & X record_safe_civilian),G(record_safe_civilian | X record_safe_civilian | X X record_safe_civilian)
8056,Refrain from entering locality 5 until you collect pass 5 from house 2 and deposit it in office 3,!locality_5 U (house_2 & F(p_pass_5 & F(office_3 & pd))),!locality_5 U (p_pass_5 & F(office_3))
8057,"For each time instant in the coming time units either if ( prop_3 ) then ( prop_2 ) , or else ( prop_1 ) .",prop_1 | G(prop_3 -> prop_2),G((prop_3 -> prop_2) | prop_1)
8058,"If (prop_1) or (prop_2), then keep (prop_4) until (prop_3) .",(prop_1 | prop_2) -> (prop_4 U prop_3),G((prop_1 | prop_2) -> (prop_4 U prop_3))
8059,at any time ( prop_1 ) can infer that ( prop_2 ),F prop_1 -> prop_2,G(prop_1 -> prop_2)
8060,Persistently photograph building 5 while maintaining consistent visits to charger 4,GF(building_5 & photo) & GF charger_4,G(photo & building_5 & charger_4)
8061,"Globally , when ( prop_3 ) or ( prop_2 ) then in response ( prop_1 ) and then consecutively this condition will have to sustain until ( prop_4 ) .",G((prop_2 | prop_3) -> (prop_1 U prop_4)),G((prop_3 | prop_2) -> F(prop_1 & (prop_1 U prop_4)))
8063,"It is always the case that while the event that ( prop_1 ) is n't detected , or ( prop_2 ) , then the following condition is true : for every time instant in the future until the execution ends , finally there should be a certain moment during the coming 17 time units , at which the transition action that ( prop_3 ) .",G((prop_1 | prop_2) -> GF prop_3),G((!prop_1 | prop_2) -> G(F prop_3))
8064,whenever ( prop_1 ) or whenever ( prop_2 ),F(prop_1 | F prop_2),G(prop_1 | prop_2)
8065,Either (prop_2) doesn't happen or (prop_1) is equivalent to (prop_3) .,!prop_2 | (prop_1 <-> prop_3),G(!prop_2 | (prop_1 <-> prop_3))
8066,at any time ( prop_1 ) or forever ( prop_2 ),F(prop_1 | G prop_2),F(prop_1 ) | G(prop_2 )
8067,"If ( prop_1 ) or ( prop_4 ) , then the above scenario is equivalent to ( prop_2 ) , or else ( prop_3 ) .",prop_3 | (prop_2 <-> (prop_1 | prop_4)),G(((prop_1 | prop_4) -> prop_2) & (! (prop_1 | prop_4) -> prop_3))
8068,Continuously take pictures of building_5 while repeatedly visiting charger_4,GF(building_5 & photo) & GF charger_4,G(photo & building_5) & GF(charger_4)
8071,"Once avoid the probable_flood has occurred, communicate the injured_hostile will never occur again.",G(avoid_probable_flood -> XG!communicate_injured_hostile),G(avoid_probable_flood -> G(!communicate_injured_hostile))
8072,"Either keep (prop_3) finally, or if (prop_2), then make sure (prop_1) .",(prop_2 -> prop_1) | F prop_3,F prop_3 | G(prop_2 -> prop_1)
8078,Ensure you avoid street_4 until intersection_2 is reached while picking up trash_13 at house_13,(!street_4 U intersection_2) & F(house_13 & p_trash_13),G((p_trash_13 & house_13) -> (!street_4 U intersection_2))
8081,"(prop_1). Once (prop_3), (prop_2)",prop_1 & (prop_3 -> prop_2),G(prop_1) & G(prop_3 -> F prop_2)
8082,"Globally , if ( prop_1 ) then in response there ought to exist a time in the future before the simulation ends eventually , after which consecutively ( prop_2 ) .",G(prop_1 -> FG prop_2),G(prop_1 -> F(prop_2))
8084,when possible ( prop_1 ) and ( prop_2 ),F(prop_1 & prop_2),G(prop_1 & prop_2)
8085,at some time ( prop_1 ) or always ( prop_2 ),F(prop_1 | G prop_2),F prop_1 | G prop_2
8086,"If ( prop_2 ) then ( prop_3 ) , and also ( prop_4 ) , or else ( prop_1 ) .",prop_1 | (prop_4 & (prop_2 -> prop_3)),G((prop_2 -> (prop_3 & prop_4)) | prop_1)
8088,Ensure crate_8 is delivered from mall_5 to office_6 over and over again,GF(mall_5 & F(p_crate_8 & F(office_6 & pd))),G(F(pd & p_crate_8 & mall_5 & F(pd & p_crate_8 & office_6)))
8092,"If (prop_1) and (prop_2) occur, then ensure that (prop_3) always happens afterwards .",(prop_1 & prop_2) -> G prop_3,G((prop_1 & prop_2) -> G(prop_3))
8095,"If search the sheep ever holds, get_help must have held beforehand.",F search_sheep -> (!search_sheep U (get_help & !search_sheep)),!search_sheep | F(get_help & F(search_sheep))
8096,"( prop_4 ) is equivalent to ( prop_1 ) will lead to ( prop_2 ) , or else ( prop_3 ) .",prop_3 | ((prop_1 <-> prop_4) -> prop_2),G(prop_4 <-> ((prop_1 -> F prop_2) | prop_3))
8097,never ( prop_1 ) and at some time ( prop_2 ),G(!prop_1 & F prop_2),G(!prop_1 ) & F(prop_2 )
8101,"finally, either the semaphore is green or the bar is up and, it will happen that both the table is old and the bar has to be repaired afterwards",G!(bar_is_up | semaphore_is_green) | F((bar_is_up | semaphore_is_green) & F(bar_has_to_be_repaired & table_is_old)),F((semaphore_is_green | bar_is_up) & F(table_is_old & F(bar_has_to_be_repaired)))
8102,never ( prop_1 ) and whenever ( prop_2 ),G(!prop_1 & F prop_2),G(!prop_1 ) & G(prop_2 -> prop_2 )
8103,at some time ( prop_1 ) means that repeatedly ( prop_2 ),F prop_1 -> GF prop_2,F(prop_1 -> GF prop_2)
8104,never ( prop_1 ) or when possible ( prop_2 ),G(!prop_1 | F prop_2),G(!prop_1 ) | G(prop_2 )
8106,"Globally , when the event that ( prop_3 ) does n't get observed and ( prop_1 ) then the following condition holds : for each moment in the future until the end of the simulation , at a certain time point in the future , ultimately ( prop_2 ) .",G((prop_1 & prop_3) -> GF prop_2),G((! prop_3 & prop_1) -> G(F prop_2))
8107,when possible ( prop_1 ) until whenever ( prop_2 ),F(prop_1 U F prop_2),prop_1 U prop_2
8108,"If ( prop_4 ) and ( prop_3 ) , or else ( prop_2 ) , or else ( prop_1 ) .",prop_1 | prop_2 | (prop_3 & prop_4),G((prop_4 & prop_3) | prop_2 | prop_1)
8109,If ( prop_2 ) and ( prop_3 ) and the scenario that ( prop_4 ) is detected or in case that ( prop_1 ) is true .,prop_1 | (prop_2 & prop_3 & prop_4),G(((prop_2 & prop_3 & prop_4) | prop_1))
8110,"While (prop_3) is always true, make sure (prop_1) and (prop_2) are both true .",G prop_3 -> (prop_1 & prop_2),G(prop_3 -> (prop_1 & prop_2))
8111,"Until (prop_1) is equivalent to (prop_2), do not do (prop_3) .",!prop_1 U (prop_2 <-> prop_3),(!prop_3 ) U (prop_1 <-> prop_2 )
8115,"Until either (prop_1) or (prop_3) happens, (prop_2) should not have happened .",!prop_1 U (prop_2 | prop_3),(!prop_2 ) U (prop_1 | prop_3 )
8116,"On the way to achieve (prop_4), if (prop_1) occurs, then do (prop_3), but don't (prop_2) no matter what happens.",!prop_2 & prop_4 & (prop_1 -> prop_3),G(!prop_4 -> (prop_1 -> F prop_3)) & G(!prop_2)
8118,collect pear and put_in bucket,collect_pear & put_in_bucket,F(collect_pear & F(put_in_bucket))
8120,whenever go_to tree and do not pick_up anything,F go_to_tree & !F pick_up_anything,G(go_to_tree & !pick_up_anything)
8121,"If you do not do (prop_2), then make sure that (prop_3) is equivalent to (prop_1) .",!prop_2 -> (prop_1 <-> prop_3),G(!prop_2 -> (prop_3 <-> prop_1))
8123,( prop_1 ) and at any time ( prop_2 ),prop_1 & F prop_2,prop_1 & G(prop_2 )
8124,repeatedly ( prop_1 ) and whenever ( prop_2 ),G(F prop_1 & F prop_2),GF(prop_1 ) & G(prop_2 -> prop_2 )
8125,"If you do either (prop_2) or (prop_1), then you should do both (prop_4) and (prop_3), and vice versa .",(prop_1 | prop_2) <-> (prop_3 & prop_4),G((prop_2 | prop_1) <-> (prop_4 & prop_3))
8132,"The scenario that ( prop_2 ) happens until the scenario that ( prop_3 ) , or the scenario that ( prop_1 ) , or the scenario that ( prop_4 ) should happen .",prop_1 | prop_4 | (prop_2 U prop_3),(prop_2 U (prop_3 | prop_1 | prop_4))
8133,"Whenever communicate the safe_rescuer and photo debris are equal, photo debris and communicate the injured_victim are equal as well.",G((communicate_safe_rescuer <-> photo_debris) -> (communicate_injured_victim <-> photo_debris)),G((communicate_safe_rescuer & photo_debris) -> (photo_debris & communicate_injured_victim))
8134,at any time have_possession_of apple and capture orange,capture_orange & F have_possession_of_apple,G(have_possession_of_apple & capture_orange)
8137,whenever venture_to house or secure apple,secure_apple | F venture_to_house,G(venture_to_house | secure_apple)
8138,"if venture_towards house , whenever bring pear",venture_towards_house -> F bring_pear,G(venture_towards_house -> G(bring_pear))
8142,when possible go_near pear and at any time pass_by waste receptacle,F go_near_pear & F pass_by_waste_receptacle,F(go_near_pear ) & G(pass_by_waste_receptacle )
8146,"after both the bar is down and a semaphore is red, in any case either a semaphore is green or the house collapses",G((bar_is_down & semaphore_is_red) -> G(house_collapses | semaphore_is_green)),G((bar_is_down & semaphore_is_red) -> F(semaphore_is_green | house_collapses))
8153,whenever a bridge opens or a motorbike has started then it is always the case that the semaphore is yellow,G((bridge_opens | motorbike_has_started) -> G semaphore_is_yellow),G((bridge_opens | motorbike_has_started) -> semaphore_is_yellow)
8154,Deliver brochure_3 from table_9 to park_2,F(table_9 & F(p_brochure_3 & F(park_2 & pd))),F(pd & p_brochure_3 & table_9 & F(pd & p_brochure_3 & park_2))
8155,"Either the scenario in which ( prop_3 ) is equivalent to the scenario in which ( prop_2 ) happens, or ( prop_1 ) or ( prop_4 ) should happen.",prop_1 | prop_4 | (prop_2 <-> prop_3),(prop_3 <-> prop_2) | F(prop_1 | prop_4)
8157,never ( prop_1 ) or at any time ( prop_2 ),G(!prop_1 | F prop_2),G(!prop_1 ) | F(prop_2 )
8158,"If it is not the case that ( prop_3 ) and also ( prop_1 ) , then ( prop_2 ) .",!(prop_1 & prop_3) -> prop_2,G(!(prop_3 & prop_1) -> prop_2)
8159,do not let_go orange and go_to orange bin,go_to_orange_bin & !let_go_orange,G(!let_go_orange & go_to_orange_bin)
8162,when possible ( prop_1 ) until at some time ( prop_2 ),F(prop_1 U F prop_2),prop_1 U prop_2
8163,whenever ( prop_1 ) and ( prop_2 ),F(prop_1 & prop_2),G(prop_1 & prop_2)
8164,"(prop_2), then (prop_1).",prop_2 U prop_1,G(prop_2 -> F(prop_1))
8165,"Do not do (prop_1), or you should do either (prop_3) or (prop_2) .",!prop_1 | prop_2 | prop_3,G(prop_1 -> F(prop_3 | prop_2))
8167,"If (prop_4), then do (prop_1), but keep doing (prop_2) until (prop_3) .",(prop_4 -> prop_1) & (prop_2 U prop_3),G(prop_4 -> (prop_1 & (prop_2 U prop_3)))
8168,"Globally , when the event that ( prop_4 ) takes place and ( prop_1 ) , then the following condition is true : simultaneously ( prop_2 ) or without any delay ( prop_3 ) .",G((prop_1 & prop_4) -> (prop_2 | prop_3)),G((prop_4 & prop_1) -> (prop_2 | X prop_3))
8170,"If (prop_2) and (prop_3), then do not do (prop_1) .",(prop_2 & prop_3) -> !prop_1,G((prop_2 & prop_3) -> !prop_1)
8171,at some time stop_by house or at any time go_to trashcan,F stop_by_house | F go_to_trashcan,F stop_by_house | G go_to_trashcan
8172,"Ensure you stay away from intersection 5 until street 4 is reached, while delivering pass 4 from house 4 to office 1",(!intersection_5 U street_4) & F(house_4 & F(p_pass_4 & F(office_1 & pd))),G(!intersection_5 U street_4) & G(p_pass_4 & house_4 -> F(p_pass_4 & office_1))
8173,"It is always the case that everytime when the transition action that ( prop_1 ) and ( prop_3 ) , then all of the following conditions hold : ( prop_2 ) .",G((prop_1 & prop_3) -> G prop_2),G((prop_1 & prop_3) -> prop_2)
8176,whenever go_to trash receptacle and always have apple,F go_to_trash_receptacle & G have_apple,G(go_to_trash_receptacle & G have_apple)
8178,"Release any item in your possession and head to park 4, staying there permanently",F(pd & F(park_4 & G park_4)),F(!pd & F(G park_4))
8181,"Either (prop_1) and (prop_3) happen at the same time, or else (prop_2) always happens .",(prop_1 & prop_3) | G prop_2,F(prop_1 & prop_3) | G(prop_2)
8182,Keep taking crate_8 from warehouse_4 to store_8 and also keep visiting charger_2,GF(warehouse_4 & F(p_crate_8 & F(pd & store_8))) & GF charger_2,G(F(p_crate_8 & warehouse_4 & F store_8)) & G(F charger_2)
8183,always a bridge opens and the engine starts implies that it will not happen that either the semaphore is yellow or the brake is released,G((bridge_opens & engine_starts) -> G!(brake_is_released | semaphore_is_yellow)),G((bridge_opens & engine_starts) -> ! (semaphore_is_yellow | brake_is_released))
8185,"If (prop_1) happens and continues until (prop_2), then (prop_3) should not happen .",(prop_1 U prop_2) -> !prop_3,G((prop_1 U prop_2) -> !prop_3)
8186,"In this task, photo injured_person, then communicate the safe_hostile.",photo_injured_person U communicate_safe_hostile,G(photo_injured_person -> F(communicate_safe_hostile))
8191,whenever ( prop_1 ) can infer that ( prop_2 ),F prop_1 -> prop_2,G(prop_1 -> prop_2)
8193,"If ( prop_1 ) then ( prop_3 ) , or else ( prop_2 ) , or else ( prop_4 ) .",prop_2 | prop_4 | (prop_1 -> prop_3),G((prop_1 -> prop_3) | (!prop_1 & prop_2) | (!prop_1 & !prop_2 & prop_4))
8195,"Until (prop_1) is equivalent to (prop_2), if (prop_3) happens then (prop_4) should also happen .",(prop_1 -> prop_2) U (prop_3 <-> prop_4),(! (prop_1 <-> prop_2)) U ((prop_3 -> prop_4) & (prop_1 <-> prop_2))
8196,Request assistance can only happen after looking for the bed.,!get_help U search_bed,G(!get_help U search_bed)
8197,"If (prop_2) then (prop_3), and then not (prop_1) .",(prop_2 -> prop_3) -> !prop_1,G((prop_2 -> prop_3) -> F(!prop_1))
8200,whenever ( prop_1 ) until ( prop_2 ),F(prop_1 U prop_2),G(prop_1 U prop_2)
8201,forever stay or get_to tree,get_to_tree | G stay,G(stay | get_to_tree)
8202,"Our agent must eventually, avoid doing not go near the impending_debris.",F!avoid_impending_debris,F(avoid_impending_debris )
8203,The scenario in which (prop_2) is equivalent to the scenario in which (prop_3) happens and (prop_1) should happen all the time .,(prop_2 <-> prop_3) & G prop_1,G(prop_2 <-> (prop_3 & G prop_1))
8205,"It is required that at some future time instant the scenario that ( prop_1 ) is equivalent to the scenario that ( prop_2 ) , and that ( prop_3 ) .",prop_3 & F(prop_1 <-> prop_2),F((prop_1 <-> prop_2) & prop_3 )
8207,"If deliver the frisbee to the shelf holds, then in the next step get_help persists until picking up the parking_meter holds, or else get_help holds forever.",deliver_frisbee_shelf -> X((get_help U pickup_parking_meter) | G get_help),G(deliver_frisbee_shelf -> X(get_help U pickup_parking_meter | G get_help))
8209,For all time make sure (prop_3) happens and keep (prop_1) equivalent to (prop_2) .,(prop_1 <-> prop_2) & G prop_3,G(prop_3 & (prop_1 <-> prop_2))
8212,"at some point either the engine stops or the train is crossing and, finally, both a train derails and a train is crossing afterwards",G!(engine_stops | train_is_crossing) | F((engine_stops | train_is_crossing) & F(train_derails & train_is_crossing)),F((engine_stops | train_is_crossing) & F(train_derails & F(train_is_crossing)))
8214,You must eventually change light_east green and change light_south green.,F(change_light_east_green & change_light_south_green),F(change_light_east_green & F(change_light_south_green)) | F(change_light_south_green & F(change_light_east_green))
8216,whenever go_by tree or repeatedly make_way_to house,F go_by_tree | GF make_way_to_house,G(go_by_tree | GF make_way_to_house)
8217,"Either (prop_3), (prop_1), or not (prop_2) .",prop_1 | !prop_2 | prop_3,G(prop_3 | prop_1 | ! prop_2)
8219,"(prop_3) doesn't happen, or make sure (prop_1) and (prop_2) both happen .",!prop_3 | (prop_1 & prop_2),G(!prop_3 ) | F(prop_1 & prop_2 )
8220,"Globally , during the interval that ( prop_3 ) or ( prop_2 ) , then the following condition holds : without interruption the transition action that ( prop_4 ) ought never to happen until ( prop_1 ) .",G((prop_2 | prop_3) -> (prop_4 U prop_1)),G((prop_3 | prop_2) -> (!prop_4 U prop_1))
8221,"Globally , during the interval that ( prop_3 ) and ( prop_1 ) then the following condition holds : the event that ( prop_2 ) needs to get observed at the same time instant and simultaneously the transition action that ( prop_4 ) should never occur .",G((prop_1 & prop_3) -> (prop_2 & prop_4)),G((prop_3 & prop_1) -> (prop_2 & !prop_4))
8222,whenever both the engine stops and the bridge opens then in any case a motorbike catches fire and the engine breaks,G((bridge_opens & engine_stops) -> G(engine_breaks & motorbike_catches_fire)),G((engine_stops & bridge_opens) -> (motorbike_catches_fire & engine_breaks))
8223,"Ensure that (prop_1) is always true, and if (prop_2), then make sure (prop_3) happens .",(prop_2 -> prop_3) & G prop_1,G(prop_1 ) & G(prop_2 -> F(prop_3 ))
8224,"Idle must hold until get_help does, or else idle holds forever.",(idle U get_help) | G idle,idle R get_help
8225,"Globally , everytime when the scenario that ( prop_2 ) is observed , and ( prop_4 ) , then in response promptly ( prop_3 ) , and instantly the transition action that ( prop_1 ) needs to be observed .",G((prop_2 & prop_4) -> (prop_1 & prop_3)),G((prop_2 & prop_4) -> (prop_3 & X prop_1))
8227,"If it is not the case that ( prop_3 ) is equivalent to ( prop_1 ) , then ( prop_2 ) .",!(prop_1 <-> prop_3) -> prop_2,G(!(prop_3 <-> prop_1) -> prop_2)
8229,move_to house and repeatedly go_to pear,move_to_house & GF go_to_pear,G(move_to_house & GF go_to_pear)
8230,"If (prop_1), (prop_3) until (prop_2).",prop_1 -> (prop_3 U prop_2),G(prop_1 -> (prop_3 U prop_2))
8232,It is not the case that ( prop_2 ) and ( prop_1 ) is detected and this scenario will hold until ( prop_3 ) .,!(prop_1 & prop_2) U prop_3,!(!(prop_2 & prop_1) U prop_3)
8234,at some time grab orange and don't let_go pear,!let_go_pear & F grab_orange,F(grab_orange & !let_go_pear)
8235,go through either the yellow or the green_room to get to the blue_room,F((green_room | yellow_room) & F blue_room),(! (yellow_room | green_room)) | F((yellow_room | green_room) & F(blue_room))
8236,"if hold apple , put_in bucket",hold_apple -> put_in_bucket,G(hold_apple -> F put_in_bucket)
8240,whenever obtain orange or at some time make_your_way flag,F obtain_orange | F make_your_way_flag,G(obtain_orange | F make_your_way_flag)
8242,"first, it is going to happen that a train has arrived, and then, finally, the bar is closing or a table is brown",G!train_has_arrived | F(train_has_arrived & F(bar_is_closing | table_is_brown)),!train_has_arrived | F(train_has_arrived & F(bar_is_closing | table_is_brown))
8244,Continuously visit charger 12 while repeatedly transporting box 1 from house 5 to house 23,GF charger_12 & GF(house_5 & F(p_box_1 & F(house_23 & pd))),G(charger_12 ) & G(F(p_box_1 & house_5 & F(p_box_1 & house_23 )))
8245,"( prop_3 ) does not happen and also ( prop_1 ) , and ( prop_2 ) .",prop_1 & prop_2 & !prop_3,G(!prop_3 & prop_1 & prop_2)
8247,( prop_1 ) until whenever ( prop_2 ),prop_1 U F prop_2,prop_1 U prop_2
8249,keep revisiting charger 4 as you consistently photograph area 5,GF charger_4 & GF(area_5 & photo),G((photo & area_5) -> F(charger_4))
8250,"The scenario in which (prop_1) is equivalent to the scenario in which (prop_3) happens, and the scenario in which (prop_2) is equivalent to the scenario in which (prop_4) happens .",(prop_1 <-> prop_3) & (prop_2 <-> prop_4),G((prop_1 <-> prop_3) & (prop_2 <-> prop_4))
8251,"If (prop_2) implies (prop_1), then make sure (prop_3) eventually happens .",(prop_2 -> prop_1) -> F prop_3,G((prop_2 -> prop_1) -> F(prop_3 ))
8254,at some time ( prop_1 ) or never ( prop_2 ),F(prop_1 | G!prop_2),F prop_1 | G ! prop_2
8255,Stay in area_2 as you keep goint to building_8 to photo,G area_2 & GF(building_8 & photo),G(area_2 U (building_8 & photo))
8260,"Before you begin (prop_2), you must first make sure you (prop_1).",prop_2 -> G prop_1,!prop_2 U prop_1
8262,"It is required that at some point in the future , either ( prop_3 ) or ( prop_2 ) should be detected , then as a response ( prop_1 ) .",F(prop_2 | prop_3) -> prop_1,F((prop_3 | prop_2) & F(prop_1))
8266,"Either do (prop_4) and (prop_3) at the same time, or else if you do (prop_2), then you should also do (prop_1) .",(prop_2 -> prop_1) | (prop_3 & prop_4),(prop_4 & prop_3) | G(prop_2 -> prop_1)
8268,If ( prop_1 ) and ( prop_3 ) and the scenario that ( prop_2 ) is detected then it should be the case that ( prop_4 ) .,(prop_1 & prop_2 & prop_3) -> prop_4,G((prop_1 & prop_3 & prop_2) -> prop_4)
8269,"eventually, either the bar has to be repaired or the table is old and, it is going to happen that the brake is pressed or the motorbike has started afterwards",G!(bar_has_to_be_repaired | table_is_old) | F((bar_has_to_be_repaired | table_is_old) & F(brake_is_pressed | motorbike_has_started)),F((bar_has_to_be_repaired | (table_is_old & F(brake_is_pressed | motorbike_has_started))))
8274,When ( prop_3 ) or the transition action that ( prop_1 ) gets detected then all of the following conditions hold : ( prop_2 ) .,G((prop_1 | prop_3) -> G prop_2),G((prop_3 | prop_1) -> prop_2)
8275,"(prop_2) and (prop_4), then (prop_3) and (prop_1), until (prop_5).",(prop_2 & prop_4) -> ((prop_1 & prop_3) U prop_5),G((prop_2 & prop_4) -> ((prop_3 & prop_1) U prop_5))
8276,when possible ( prop_1 ) or never ( prop_2 ),F(prop_1 | G!prop_2),F(prop_1 ) | G(!prop_2 )
8279,put_in bucket and always have apple,put_in_bucket & G have_apple,G(put_in_bucket & have_apple)
8280,"It is always the case that if ( prop_2 ) , and ( prop_1 ) , then all of the following conditions hold : in the future before the simulation ends , continuously ( prop_3 ) .",G((prop_1 & prop_2) -> G prop_3),G((prop_2 & prop_1) -> (prop_3 U simulation_ends))
8281,"Globally , while ( prop_4 ) or ( prop_1 ) , then there will have to be a certain moment in the future before the simulation ends ultimately , at which ( prop_3 ) , and before this ( prop_2 ) .",G((prop_1 | prop_4) -> (prop_3 U prop_2)),G((prop_4 | prop_1) -> F(prop_2 & F(prop_3)))
8282,Whenever ( prop_3 ) or ( prop_2 ) then immediately ( prop_1 ) .,G((prop_2 | prop_3) -> prop_1),G((prop_3 | prop_2) -> X(prop_1))
8283,"If the transition action that ( prop_2 ) happens , or ( prop_1 ) then ( prop_4 ) , or right away ( prop_3 ) .",G((prop_1 | prop_2) -> (prop_3 | prop_4)),G((prop_2 | prop_1) -> (prop_4 | X prop_3))
8284,"(prop_3) is equivalent to (prop_1), and you do (prop_4), then you should do (prop_2) .",(prop_1 <-> prop_3) & (prop_4 -> prop_2),G((prop_3 <-> prop_1) & (prop_4 -> F prop_2))
8285,"If (prop_1), then (prop_2), and eventually do (prop_3) .",(prop_1 -> prop_2) & F prop_3,G(prop_1 -> (prop_2 & F prop_3))
8286,"first, in the future the engine breaks or the bar is down, and then, sooner or later both a house is built and the sensor captures data",G!(bar_is_down | engine_breaks) | F((bar_is_down | engine_breaks) & F(house_is_built & sensor_captures_data)),! (engine_breaks | bar_is_down) | F ((engine_breaks | bar_is_down) & F (house_is_built & sensor_captures_data))
8288,( prop_1 ) until at any time ( prop_2 ),prop_1 U F prop_2,prop_1 U prop_2
8289,when possible ( prop_1 ) can infer that whenever ( prop_2 ),F prop_1 -> F prop_2,G(prop_1 -> G(prop_2))
8290,"when at some time ( prop_1 ) , at some time ( prop_2 )",F prop_1 -> F prop_2,G(prop_1 -> F prop_2)
8291,never ( prop_1 ) or ( prop_2 ),G(!prop_1 | prop_2),G(!(prop_1 | prop_2))
8292,"first, at some point in time the escalator moves and a train stops, and then, at a certain moment a sensor gathers information",G!(escalator_moves & train_stops) | F(escalator_moves & train_stops & F sensor_gathers_information),! (escalator_moves & train_stops) | F ((escalator_moves & train_stops) & F (sensor_gathers_information))
8293,never drop apple or at any time walk_near flag,G!drop_apple | F walk_near_flag,G(!drop_apple) | G(walk_near_flag)
8294,"If (prop_3) is always true, then whenever (prop_1), (prop_2) should also be true .",G prop_3 -> (prop_1 -> prop_2),G prop_3 -> G(prop_1 -> prop_2)
8295,whenever ( prop_1 ) or ( prop_2 ),F(prop_1 | prop_2),G(prop_1 | prop_2)
8297,"As long as you keep seeing (prop_2), then you should either do (prop_1) or (prop_3) .",G prop_2 -> (prop_1 | prop_3),G(prop_2 -> (prop_1 | prop_3))
8301,"first, it will happen that the constructor creates instances and the motorbike has stopped, and then, in the future either a train is crossing or a manager collect claims",G!(constructor_creates_instances & motorbike_has_stopped) | F(constructor_creates_instances & motorbike_has_stopped & F(manager_collect_claims | train_is_crossing)),! (constructor_creates_instances & motorbike_has_stopped) | F ((constructor_creates_instances & motorbike_has_stopped) & F (train_is_crossing | manager_collect_claims))
8305,never ( prop_1 ) or at some time ( prop_2 ),G(!prop_1 | F prop_2),G(!prop_1 ) | F(prop_2 )
8306,"Switch light_west yellow should always hold, with at most a two-step grace period for recovery.",!G!(change_light_west_yellow & X change_light_west_yellow),G(change_light_west_yellow | X change_light_west_yellow | X X change_light_west_yellow)
8307,Take a picture of arch 2 and then make sure to go to park 8 and stay there indefinitely,F(arch_2 & photo & F(park_8 & G park_8)),! (photo & arch_2) | F ((photo & arch_2) & F (G park_8))
8309,"If (prop_2) is not the case, then (prop_3) and (prop_1) are equivalent, and vice versa .",!prop_2 <-> (prop_1 <-> prop_3),G(!prop_2 <-> (prop_3 <-> prop_1))
8310,In case that at some point ( prop_2 ) or ( prop_3 ) or ( prop_1 ) is detected and continued until then at some other point ( prop_4 ) should be detected as well .,(prop_1 | prop_2 | prop_3) U prop_4,F((prop_2 | prop_3 | prop_1) & F(prop_4))
8311,at some time ( prop_1 ) and don't ( prop_2 ),F(prop_1 & !F prop_2),F(prop_1 & ! prop_2)
8312,( prop_1 ) can infer that never ( prop_2 ),prop_1 -> G!prop_2,G(prop_1 -> G(!prop_2))
8313,"finally, the bridge closes and, at some point in time the elevator falls or the bar is up afterwards",G!bridge_closes | F(bridge_closes & F(bar_is_up | elevator_falls)),F(bridge_closes & F(elevator_falls | bar_is_up))
8314,On condition that ( prop_3 ) and ( prop_4 ) then the following condition is true : the transition action that ( prop_2 ) shall take place starting without any delay or in no time ( prop_1 ) .,G((prop_3 & prop_4) -> (prop_1 | prop_2)),G((prop_3 & prop_4) -> X(prop_2 & prop_1))
8315,"Globally , while ( prop_1 ) or ( prop_3 ) then there needs to exist a time in the future before the execution ends finally , after which ( prop_2 ) .",G((prop_1 | prop_3) -> FG prop_2),G((prop_1 | prop_3) -> F(prop_2))
8316,every time the house is built and the train derails then in any case either the manager handles requests or a motorbike has started,G((house_is_built & train_derails) -> G(manager_handles_requests | motorbike_has_started)),G((house_is_built & train_derails) -> (manager_handles_requests | motorbike_has_started))
8318,As soon as ( prop_2 ) and ( prop_3 ) then all of the following conditions are true : ( prop_4 ) or instantly ( prop_1 ) .,G((prop_2 & prop_3) -> (prop_1 | prop_4)),G((prop_2 & prop_3) -> (prop_4 | X prop_1))
8320,"when at some time ( prop_1 ) , never ( prop_2 )",F prop_1 -> G!prop_2,G(prop_1 -> G(!prop_2))
8321,"Either ( prop_2 ) or ( prop_3 ) should happen, and ( prop_4 ) occurs if and only if ( prop_1 ) is true.",(prop_1 <-> prop_4) & (prop_2 | prop_3),(F (prop_2 | prop_3)) & G (prop_4 <-> prop_1)
8323,repeatedly grab tree until approach trash can,GF grab_tree U approach_trash_can,G(grab_tree U approach_trash_can)
8327,"Either ( prop_2 ) happens and continues until ( prop_1 ) happens, or ( prop_3 ) does not happen.",!prop_3 | (prop_2 U prop_1),(prop_2 U prop_1) | G(!prop_3)
8328,"If ( prop_2 ) and ( prop_3 ) happens and continues to happen until at some other point ( prop_4 ) is detected , then the scenario is equivalent to ( prop_1 ) .",prop_1 <-> ((prop_2 & prop_3) U prop_4),G(((prop_2 & prop_3) U prop_4) <-> prop_1)
8329,when possible ( prop_1 ) and ( prop_2 ),F(prop_1 & prop_2),G(prop_1 & prop_2)
8331,"If either (prop_2) or (prop_1) occurs, then (prop_4) and (prop_3) have occurred as well, and vice versa .",(prop_1 | prop_2) <-> (prop_3 & prop_4),G((prop_2 | prop_1) <-> (prop_4 & prop_3))
8333,"if at any time ( prop_1 ) , at any time ( prop_2 )",F prop_1 -> F prop_2,G(prop_1 -> F prop_2)
8338,each time the train derails then in the future the train is crossing after the brake is pressed,G(train_derails -> G(brake_is_pressed -> F train_is_crossing)),G(train_derails -> F(brake_is_pressed -> F(train_is_crossing)))
8341,"If (prop_1), then (prop_2), or else keep trying (prop_4) until (prop_3) .",(prop_1 -> prop_2) | (prop_4 U prop_3),G(prop_1 -> (prop_2 | (prop_4 U prop_3)))
8343,( prop_1 ) and whenever ( prop_2 ),prop_1 & F prop_2,prop_1 & G(prop_2 -> prop_2)
8344,"The scenario in which ( prop_3 ) and ( prop_2 ) or ( prop_1 ) , is equivalent to the scenario in which ( prop_4 ) .",prop_4 <-> (prop_1 | (prop_2 & prop_3)),G((prop_3 & (prop_2 | prop_1)) <-> prop_4)
8345,always have_in orange or when possible snag orange,G have_in_orange | F snag_orange,G(have_in_orange | snag_orange)
8350,"If deliver_aid the injured_victim holds, then in the next step get_help persists until staying away from the inactive_gas_leak holds, or else get_help holds forever.",deliver_aid_injured_victim -> X((get_help U avoid_inactive_gas_leak) | G get_help),G(deliver_aid_injured_victim -> X(get_help U avoid_inactive_gas_leak | G get_help))
8351,"This controller must eventually, avoid geting help.",F!get_help,F(G(!get_help ))
8352,The scenario in which (prop_1) and (prop_2) are both true is equivalent to the scenario in which (prop_3) is not true .,!prop_3 <-> (prop_1 & prop_2),G((prop_1 & prop_2) <-> !prop_3)
8354,"if whenever set_out_to house , whenever snatch pear",F set_out_to_house -> F snatch_pear,G(set_out_to_house -> G(snatch_pear))
8359,"At some point during the coming time units ( prop_3 ) should happen and then implies ( prop_1 ) , and also ( prop_2 ) .",prop_2 & F(prop_3 -> prop_1),F(prop_3 & F(prop_1 & prop_2))
8360,drop orange and repeatedly make_way_to house,drop_orange & GF make_way_to_house,F(drop_orange & G(make_way_to_house ))
8361,"Pick up package 2 from store 3, take it to house 2, while avoiding mall 1 completely",F(store_3 & F(p_package_2 & F(house_2 & pd))) & G!mall_1,F(store_3 & p_package_2 & F(house_2)) & G(!mall_1)
8364,"It should be the case that if you either do (prop_3) or (prop_2), then it is equavalent to the case that you should not do (prop_1) .",!prop_1 <-> (prop_2 | prop_3),G((prop_3 | prop_2) <-> !prop_1)
8365,"Achieve (prop_3), but only if (prop_1) and (prop_2) are currently happening .",prop_1 & prop_2 & F prop_3,G((prop_1 & prop_2) -> F prop_3)
8366,"at some point either the engine stops or the manager collect claims and, at a certain moment the sensor gathers information afterwards",G!(engine_stops | manager_collect_claims) | F((engine_stops | manager_collect_claims) & F sensor_gathers_information),F((engine_stops | manager_collect_claims) & F(sensor_gathers_information))
8371,"Once (prop_1), (prop_2).",prop_1 -> prop_2,G(prop_1 -> F(prop_2))
8373,"If (prop_2), then (prop_3), and (prop_1) should not happen .",!prop_1 & (prop_2 -> prop_3),G(prop_2 -> (prop_3 & !prop_1))
8374,"( prop_3 ) or ( prop_1 ) is equivalent to always having ( prop_2 ), which means if ( prop_3 ) or ( prop_1 ) is true, then ( prop_2 ) is always true and if ( prop_3 ) or ( prop_1 ) is false, then ( prop_2 ) is never true.",(prop_1 | prop_3) <-> G prop_2,((prop_3 | prop_1) <-> G prop_2) & ((prop_3 | prop_1) -> G prop_2) & (!(prop_3 | prop_1) -> G(!prop_2))
8375,"Always (prop_1), and if you do (prop_3) then you should also do (prop_2) .",(prop_3 -> prop_2) & G prop_1,G(prop_1 & (prop_3 -> prop_2))
8378,at any time procure pear or never drop pear,F procure_pear | G!drop_pear,G(procure_pear | G(!drop_pear))
8379,"Whenever neither search the cow nor get_help holds, pickup the clock eventually holds.",G(!(get_help & search_cow) -> F pickup_clock),G((!search_cow & !get_help) -> F(pickup_clock))
8381,"If ( prop_4 ) and ( prop_1 ) are equivalent to ( prop_2 ) , and also ( prop_3 ) .",prop_3 & (prop_2 <-> (prop_1 & prop_4)),G(((prop_4 & prop_1) <-> prop_2) & prop_3)
8387,"Whenever neither pickup the snowboard nor search the dog holds, get_help eventually holds.",G(!(pickup_snowboard & search_dog) -> F get_help),G((!pickup_snowboard & !search_dog) -> F get_help)
8388,"after the house collapses or a table is old, in any case a semaphore is yellow",G((house_collapses | table_is_old) -> G semaphore_is_yellow),G((house_collapses | table_is_old) -> F(semaphore_is_yellow))
8389,at any time ( prop_1 ) or ( prop_2 ),F(prop_1 | prop_2),G(prop_1 | prop_2)
8390,"it is going to happen that a train stops and an elevator is blocked and, finally, the car stops or the brake is released afterwards",G!(elevator_is_blocked & train_stops) | F(elevator_is_blocked & train_stops & F(brake_is_released | car_stops)),F((train_stops & elevator_is_blocked) & F(car_stops | brake_is_released))
8391,"when pick_up fruit , at any time grab orange",pick_up_fruit -> F grab_orange,G(pick_up_fruit -> G(grab_orange))
8392,don't ( prop_1 ) means that ( prop_2 ),!prop_1 -> prop_2,G(!prop_1 -> prop_2)
8393,( prop_1 ) or whenever ( prop_2 ),prop_1 | F prop_2,prop_1 | G(prop_2 -> prop_2)
8394,Keep visiting charging_station_5 and keep taking package_5 from warehouse_1 to store_5,GF charging_station_5 & GF(warehouse_1 & F(p_package_5 & F(pd & store_5))),G(F charging_station_5) & G(F(warehouse_1 & F(p_package_5 & F store_5)))
8395,whenever be_near tree or at some time grasp pear,F be_near_tree | F grasp_pear,G(be_near_tree ) | F(grasp_pear )
8396,never ( prop_1 ) or when possible ( prop_2 ),G(!prop_1 | F prop_2),G(!prop_1 ) | G(prop_2 )
8397,Make sure to (prop_2) a couple of times to (prop_1).,prop_2 U prop_1,F(prop_2 & F(prop_2 & F(prop_1)))
8401,The scenario in which (prop_3) happens and then (prop_1) should happen is always the same as the scenario in which (prop_2) happens .,(prop_3 -> prop_1) <-> G prop_2,G((prop_3 -> F prop_1) <-> prop_2)
8402,"in the future both a house collapses and a house is open and, in the future the constructor instantiate objects and an elevator rises afterwards",G!(house_collapses & house_is_open) | F(house_collapses & house_is_open & F(constructor_instantiate_objects & elevator_rises)),F(house_collapses & house_is_open) & F(constructor_instantiate_objects & F(elevator_rises))
8404,In the case ( prop_4 ) or the event that ( prop_2 ) is detected then the following condition holds : ( prop_1 ) or at the same moment the scenario that ( prop_3 ) ought not to be detected .,G((prop_2 | prop_4) -> (prop_1 | prop_3)),G((prop_4 | prop_2) -> (prop_1 | !prop_3))
8405,"Either do not let (prop_2) happen, or if (prop_3) occurs, then make sure to do (prop_1).",!prop_2 | (prop_3 -> prop_1),G(!prop_2) | G(prop_3 -> F prop_1)
8411,"Make sure that (prop_3) is always true, and at the same time, (prop_1) or (prop_2) should happen .",(prop_1 | prop_2) & G prop_3,G(prop_3 ) & F(prop_1 | prop_2 )
8413,"You must eventually, avoid going back to base.",F!go_home,F(G(!go_home ))
8414,"Try not to have (prop_3), and keep this state until (prop_1) and (prop_2) both happen .",!prop_3 U (prop_1 & prop_2),G(!prop_3 U (prop_1 & prop_2))
8417,at some time touch house until never drop apple,F touch_house U G!drop_apple,F(touch_house U G(!drop_apple))
8418,at any time ( prop_1 ) and when possible ( prop_2 ),F(prop_1 & F prop_2),G(prop_1 & F prop_2)
8420,"It is not the case that ( prop_2 ) until ( prop_1 ) happens some time in the future, which is equal to ( prop_3 ) .",prop_3 <-> !(prop_2 U prop_1),!(!prop_2 U prop_1) <-> prop_3
8422,"Everytime when ( prop_1 ) , and ( prop_4 ) , then all of the following conditions are true : without any delay ( prop_3 ) and ( prop_2 ) .",G((prop_1 & prop_4) -> (prop_2 & prop_3)),G((prop_1 & prop_4) -> X(prop_3 & prop_2))
8423,"first, in the future a train has arrived, and then, in the future either an elevator falls or the bar is up",G!train_has_arrived | F(train_has_arrived & F(bar_is_up | elevator_falls)),!train_has_arrived | F(train_has_arrived & F(elevator_falls | bar_is_up))
8424,"For all time (prop_2), or else either (prop_1) or (prop_3) .",prop_1 | prop_3 | G prop_2,G(prop_2 | (prop_1 | prop_3))
8426,enter blue_room via the non red_room,F blue_room & G!red_room,F(blue_room & !red_room)
8428,"If get_help holds, then in the next step communicate the safe_hostile persists until returning to base holds, or else communicate the safe_hostile holds forever.",get_help -> X((communicate_safe_hostile U go_home) | G communicate_safe_hostile),G(get_help -> X(communicate_safe_hostile U go_home | G communicate_safe_hostile))
8429,You need to wait until (prop_1) before (prop_2).,!prop_1 U prop_2,!prop_2 U prop_1
8430,Capture the image of monument_1 but refrain from entering monument until you have reached park_4,F(monument_1 & photo) & (!monument_1 U park_4),F(photo ) & G(!monument_1 U park_4 )
8431,"first, it is going to happen that the train has arrived, and then, at some point the escalator is blocked or a sensor captures data",G!train_has_arrived | F(train_has_arrived & F(escalator_is_blocked | sensor_captures_data)),!train_has_arrived | F(train_has_arrived & F(escalator_is_blocked | sensor_captures_data))
8433,always moving or always have_in orange,G moving | G have_in_orange,G(moving | have_in_orange)
8435,whenever have pear or repeatedly go_to apple trashcan,F have_pear | GF go_to_apple_trashcan,G(have_pear | GF go_to_apple_trashcan)
8436,repeatedly go_to waste basket can infer that take apple,GF go_to_waste_basket -> take_apple,G(go_to_waste_basket -> F(take_apple))
8437,"For each time instant ( prop_3 ) should happen , or else ( prop_1 ) or ( prop_2 ) should happen .",prop_1 | prop_2 | G prop_3,G(prop_3 | prop_1 | prop_2)
8438,acquire orange or reach trash can,acquire_orange | reach_trash_can,F(acquire_orange | reach_trash_can)
8439,"If ( prop_4 ) or ( prop_1 ) and ( prop_2 ) , or ( prop_3 ) .",prop_3 | (prop_2 & (prop_1 | prop_4)),G(prop_4 | (prop_1 & prop_2) | prop_3)
8441,"Everytime when ( prop_2 ) or ( prop_3 ) , then all of the following conditions are true : in the future ( prop_1 ) .",G((prop_2 | prop_3) -> G prop_1),G((prop_2 | prop_3) -> F(prop_1))
8443,"If ( prop_3 ) is equivalent to ( prop_4 ) and also ( prop_2 ) , then the scenario in which ( prop_1 ) .",(prop_2 & (prop_3 <-> prop_4)) -> prop_1,G(((prop_3 <-> prop_4) & prop_2) -> prop_1)
8444,when possible ( prop_1 ) can infer that don't ( prop_2 ),F prop_1 -> !F prop_2,G(prop_1 -> !prop_2)
8445,entering any room that isn t green will lead you to the blue_room,F blue_room & G!green_room,G(!green_room -> F blue_room)
8446,Keep doing (prop_2) after doing (prop_1),F(prop_2 -> G prop_1),G(prop_1 -> G(prop_2))
8447,Stay in park 5 until you arrive at bench 4 while transporting bottle 5 from store 2 to bench 4,(park_5 U bench_4) & F(store_2 & F(p_bottle_5 & F(bench_4 & pd))),G((p_bottle_5 & store_2) -> F(p_bottle_5 & bench_4)) & (park_5 U (p_bottle_5 & bench_4))
8451,Do not approach intersection 5 before reaching street 4 and delivering pass 4 from house 4 to office 1,(!intersection_5 U street_4) & F(house_4 & F(p_pass_4 & F(office_1 & pd))),G(!intersection_5 U (street_4 & p_pass_4 & office_1))
8453,"Globally , everytime when the scenario that ( prop_4 ) gets observed and ( prop_3 ) then without any delay the scenario that ( prop_1 ) will occur or at the same time point ( prop_2 ) .",G((prop_3 & prop_4) -> (prop_1 | prop_2)),G((prop_4 & prop_3) -> X(prop_1 | prop_2))
8454,Take a picture at statue 5 after going there,F(photo & statue_5),G(statue_5 -> F(photo ))
8455,"( prop_2 ) is not equivalent to ( prop_1 ) , and ( prop_3 ) .",prop_3 & !(prop_1 <-> prop_2),G(!(prop_2 <-> prop_1) & prop_3)
8456,"first, sooner or later a semaphore is green or the bar is up, and then, sooner or later a sensor gathers information",G!(bar_is_up | semaphore_is_green) | F((bar_is_up | semaphore_is_green) & F sensor_gathers_information),! (semaphore_is_green | bar_is_up) | F ((semaphore_is_green | bar_is_up) & F (sensor_gathers_information))
8460,advance_to tree or forever have_in orange,advance_to_tree | G have_in_orange,F advance_to_tree | G have_in_orange
8463,"( prop_1 ) is not true if and only if  ( prop_3 ) , and also ( prop_2 ) should be true .",prop_2 & (!prop_1 <-> prop_3),G((!prop_1 <-> prop_3) & prop_2)
8465,don't ( prop_1 ) or at some time ( prop_2 ),!(F prop_1 | F prop_2),G(!prop_1 ) | F(prop_2 )
8467,"eventually, the sensor gathers information and, it will happen that a car enters or the bar has to be repaired afterwards",G!sensor_gathers_information | F(sensor_gathers_information & F(bar_has_to_be_repaired | car_enters)),F(sensor_gathers_information & F(car_enters | bar_has_to_be_repaired))
8468,"If search the skateboard ever holds, search the refrigerator must have held beforehand.",F search_skateboard -> (!search_skateboard U (search_refrigerator & !search_skateboard)),!search_skateboard | F(search_refrigerator & F(search_skateboard))
8469,repeatedly ( prop_1 ) and at some time ( prop_2 ),G(F prop_1 & F prop_2),GF(prop_1 ) & F(prop_2 )
8470,"While not (prop_2), and make sure that (prop_1) is equivalent to (prop_3) .",!prop_2 & (prop_1 <-> prop_3),G(!prop_2 & (prop_1 <-> prop_3))
8471,"Stand by must hold until droping off the potted_plant to the loading_dock does, or else idle holds forever.",(idle U deliver_potted_plant_loading_dock) | G idle,(stand_by U deliver_potted_plant_loading_dock) | G idle
8472,"If ( prop_3 ) happens, then ( prop_2 ) should also happen, and at the same time, for any given time step, ( prop_1 ) should be true.",(prop_3 -> prop_2) & G prop_1,G(prop_3 -> prop_2) & G(prop_1)
8473,when possible go_to apple and at any time approach house,F go_to_apple & F approach_house,F(go_to_apple ) & G(approach_house )
8474,at any time get_close tree or repeatedly make_way_to house,F get_close_tree | GF make_way_to_house,G(get_close_tree | GF make_way_to_house)
8475,never ( prop_1 ) and at any time ( prop_2 ),G(!prop_1 & F prop_2),G(!prop_1 ) & G(prop_2 )
8476,If (prop_3) then (prop_1) if and only if (prop_2) is equivalent to (prop_4) .,(prop_3 -> prop_1) -> (prop_2 <-> prop_4),G(prop_3 -> ((prop_1 <-> prop_2) <-> prop_4))
8477,when possible venture_to house until never drop apple,F venture_to_house U G!drop_apple,G(venture_to_house U G(!drop_apple))
8480,reach trash can and hold_on_to pear,hold_on_to_pear & reach_trash_can,F(reach_trash_can & hold_on_to_pear)
8481,"if repeatedly ( prop_1 ) , ( prop_2 )",GF prop_1 -> prop_2,GF(prop_1 ) -> GF(prop_2 )
8482,don't pick_up anything and whenever go_visit house,!F pick_up_anything & F go_visit_house,G(!pick_up_anything) & G(go_visit_house -> go_visit_house)
8484,"If (prop_4) is observed, then do (prop_1), keep this state until (prop_2) or (prop_3) is observed .",(prop_4 -> prop_1) U (prop_2 | prop_3),G(prop_4 -> (prop_1 U (prop_2 | prop_3)))
8485,Pick up the sink can only happen after droping off the bed to the loading_dock.,!pickup_sink U deliver_bed_loading_dock,G(!pickup_sink U deliver_bed_loading_dock)
8487,if the brake is released or the engine starts then it will not happen that both the bar is closing and an elevator is blocked,G((brake_is_released | engine_starts) -> G!(bar_is_closing & elevator_is_blocked)),G((brake_is_released | engine_starts) -> ! (bar_is_closing & elevator_is_blocked))
8488,"Continuously revisit mall 5, and ensure that each time you eventually pick up crate 8 and deliver it to office 6",GF(mall_5 & F(p_crate_8 & F(office_6 & pd))),G(mall_5 -> F(p_crate_8 & F(office_6)))
8489,"If at some point ( prop_3 ) or ( prop_2 ) then the scenario is equivalent to ( prop_1 ) , it should be followed by ( prop_4 ) .",(prop_1 <-> (prop_2 | prop_3)) -> prop_4,G(((prop_3 | prop_2) & (prop_1 <-> prop_1)) -> F(prop_4))
8491,when possible go_to home until gather orange,F go_to_home U gather_orange,G(go_to_home U gather_orange)
8494,"If eventually (prop_2) happens, then either (prop_1) or (prop_3) should happen.",F prop_2 -> (prop_1 | prop_3),F(prop_2 ) -> F(prop_1 | prop_3 )
8498,at any time ( prop_1 ) and repeatedly ( prop_2 ),F(prop_1 & GF prop_2),G(prop_1 & G(prop_2))
8499,"Pick up stack 4 from house 4, proceed to street 2, and remain there",F(house_4 & F(p_stack_4 & F(street_2 & G street_2))),F(p_stack_4 & house_4 & F(street_2 & G street_2))
8501,"This controller must eventually, avoid establishing communication with the injured_hostile.",F!communicate_injured_hostile,F(G(!communicate_injured_hostile ))
8503,"Stay away from store 4 until you reach street 6, and make sure to move package 8 from office 2 to store 4",(!store_4 U street_6) & F(office_2 & F(p_package_8 & F(pd & store_4))),G(!store_4 U street_6) & F(p_package_8 & office_2 & F(p_package_8 & store_4))
8504,This controller must pickup the sports_ball can only happen after calling for help.,!pickup_sports_ball U get_help,G(!pickup_sports_ball U get_help)
8505,"If ( prop_4 ) would imply ( prop_2 ) then this would further imply ( prop_3 ) , then it would have to be the case that ( prop_1 ) .",((prop_4 -> prop_2) -> prop_3) -> prop_1,G(((prop_4 -> prop_2) -> prop_3) -> prop_1)
8506,Take bottle_3 from store 1 and put it in hospital_2,F(shop_1 & F(p_bottle_3 & F(hospital_2 & pd))),F(p_bottle_3 & shop_1 & F(p_bottle_3 & hospital_2))
8507,whenever ( prop_1 ) or forever ( prop_2 ),F(prop_1 | G prop_2),G(prop_1 | G prop_2)
8509,advance_to tree and move_to trashcan,advance_to_tree & move_to_trashcan,G(advance_to_tree & move_to_trashcan)
8511,"when whenever ( prop_1 ) , ( prop_2 )",F prop_1 -> prop_2,G(prop_1 -> prop_2)
8512,"Avoid going to building_3 until you reach street_6, and then transport box_8 from store_3 to house_2",(!building_3 U street_6) & F(store_3 & F(p_box_8 & F(house_2 & pd))),(!building_3 U street_6) & F(p_box_8 & store_3 & F(p_box_8 & house_2))
8513,repeatedly ( prop_1 ) or at some time ( prop_2 ),G(F prop_1 | F prop_2),GF(prop_1 ) | F(prop_2 )
8514,"It is not the case that ( prop_2 ) and ( prop_3 ) happen at the same time , and instead ( prop_1 ) .",prop_1 & !(prop_2 & prop_3),G(!(prop_2 & prop_3) & prop_1)
8516,"Globally , if ( prop_1 ) , then in response there will be sometime in the future , at which ( prop_2 ) , till then ( prop_3 ) .",G(prop_1 -> (prop_2 U prop_3)),G(prop_1 -> (prop_3 U prop_2))
8517,repeatedly ( prop_1 ) and ( prop_2 ),G(prop_2 & F prop_1),GF(prop_1 & prop_2)
8518,"If pickup the traffic_light ever holds, search the refrigerator must have held beforehand.",F pickup_traffic_light -> (!pickup_traffic_light U (!pickup_traffic_light & search_refrigerator)),!pickup_traffic_light | F(search_refrigerator & F(pickup_traffic_light))
8519,"It is always the case that when ( prop_2 ) , or ( prop_1 ) then for each time point in the future before the execution ends ultimately there will be a certain time instant after at most 74 time units , at which the transition action that ( prop_3 ) gets detected .",G((prop_1 | prop_2) -> GF prop_3),G((prop_2 | prop_1) -> F(prop_3))
8523,"Whenever neither pickup the carrot nor deliver the bicycle to the shelf holds, search the bed eventually holds.",G(!(deliver_bicycle_shelf & pickup_carrot) -> F search_bed),G((!pickup_carrot & !deliver_bicycle_shelf) -> F search_bed)
8524,"During the interval that ( prop_2 ) , and ( prop_3 ) then the condition that ( prop_1 ) ought n't to be true .",G((prop_2 & prop_3) -> !F prop_1),G((prop_2 & prop_3) -> !prop_1)
8526,"If you do (prop_2), then you should do (prop_1), or else don't do (prop_3) .",!prop_3 | (prop_2 -> prop_1),G(prop_2 -> (prop_1 | !prop_3))
8527,never drop apple and approach tree,approach_tree & G!drop_apple,G(!(drop_apple & approach_tree))
8529,"It is always the case that if ( prop_3 ) and ( prop_1 ) , then all of the following conditions hold : in the future before the end of the simulation , continuously ( prop_2 ) .",G((prop_1 & prop_3) -> G prop_2),G((prop_3 & prop_1) -> F G prop_2)
8530,"If (prop_3) is always true, then if (prop_2), (prop_1) should also be true .",G prop_3 -> (prop_2 -> prop_1),G(prop_3 ) -> G(prop_2 -> prop_1 )
8531,"first, sooner or later both the brake is released and the bar is up, and then, eventually, either a semaphore is green or the bar is closing",G!(bar_is_up & brake_is_released) | F(bar_is_up & brake_is_released & F(bar_is_closing | semaphore_is_green)),! (brake_is_released & bar_is_up) | F ((brake_is_released & bar_is_up) & F (semaphore_is_green | bar_is_closing))
8532,"when at some time ( prop_1 ) , whenever ( prop_2 )",F prop_1 -> F prop_2,F(prop_1 & G(prop_2))
8534,whenever ( prop_1 ) and at some time ( prop_2 ),F(prop_1 & F prop_2),G(prop_1 -> F prop_2)
8536,grab_hold pear can infer that when possible start_going_to house,grab_hold_pear -> F start_going_to_house,G(grab_hold_pear -> F(start_going_to_house))
8537,Take a picture of statue 6 and then go to bench 4 and stay there,F(photo & statue_6 & F(bench_4 & G bench_4)),! (photo & statue_6) | F ((photo & statue_6) & F (G (bench_4)))
8539,Remain in locality_6 until you take package_3 from store_8 and deliver it to house_5,locality_6 U (store_8 & F(p_package_3 & F(house_5 & pd))),locality_6 U (p_package_3 & store_8 & F(p_package_3 & house_5))
8541,"It is not the case that ( prop_3 ) happens and continues to happen until ( prop_2 ) , or else ( prop_1 ) .",prop_1 | !(prop_3 U prop_2),!((prop_3 U prop_2) | prop_1)
8542,"If not (prop_1), then both (prop_3) and (prop_2) .",!prop_1 -> (prop_2 & prop_3),G(!prop_1 -> (prop_3 & prop_2))
8545,Get help can only happen after change light_south red.,!get_help U change_light_south_red,G(!get_help U change_light_south_red)
8548,The scenario in which (prop_1) happens and continues until (prop_2) happens is equivalent to the scenario in which (prop_3) does not happen .,!prop_3 <-> (prop_1 U prop_2),(prop_1 U prop_2) <-> G(!prop_3)
8549,"If at some point ( prop_3 ) is equivalent to ( prop_2 ) and this scenario continues until ( prop_1 ) is detected , then ( prop_4 ) .",((prop_2 <-> prop_3) U prop_1) -> prop_4,F((prop_3 <-> prop_2) U prop_1) -> prop_4
8551,The system must Please go_home and then avoid the active_flood.,go_home U avoid_active_flood,!go_home | F(go_home & F(avoid_active_flood))
8553,"( prop_1 ) should not happen , and ( prop_2 ) is equal to ( prop_3 ) .",!prop_1 & (prop_2 <-> prop_3),G(!prop_1 ) & G(prop_2 <-> prop_3 )
8554,"if ( prop_1 ) , ( prop_2 )",prop_1 -> prop_2,G(prop_1 -> prop_2)
8555,"It is always the case that if (prop_1), then (prop_3), which is equivalent to saying that (prop_2) is true for all time .",(prop_1 -> prop_3) <-> G prop_2,G((prop_1 -> prop_3) <-> G prop_2)
8557,"Globally , in case that the scenario that ( prop_3 ) gets observed , then the following condition holds : there will be a time in the future before the end of the execution , at which ultimately ( prop_1 ) , and before that ( prop_2 ) .",G(prop_3 -> (prop_1 U prop_2)),G(prop_3 -> F(prop_2 U prop_1))
8558,"Either (prop_3) or (prop_4) happens, and at the same time, either (prop_1) or (prop_2) happens .",(prop_3 | prop_4) & (prop_1 | prop_2),F((prop_3 | prop_4) & (prop_1 | prop_2))
8559,"If (prop_4) is equivalent to (prop_3), then (prop_1) should be equivalent to (prop_2) .",(prop_3 <-> prop_4) -> (prop_1 <-> prop_2),G((prop_4 <-> prop_3) -> (prop_1 <-> prop_2))
8560,"a train derails implies that as the brake is released, at some point in time the semaphore is yellow",G(train_derails -> G(brake_is_released -> F semaphore_is_yellow)),G(train_derails -> (brake_is_released -> F semaphore_is_yellow))
8562,when possible contact house means that take_to tree,F contact_house -> take_to_tree,G(contact_house -> F(take_to_tree))
8564,Stay in county 4 and keep taking package 4 from office 3 to office 8,G county_4 & GF(office_3 & F(p_package_4 & F(office_8 & pd))),G(county_4 & F(p_package_4 & office_3 & F(p_package_4 & office_8)))
8567,at some time go_to house and forever go_by trash can,F go_to_house & G go_by_trash_can,F(go_to_house & G go_by_trash_can)
8569,at any time move_forward trash can and at some time go_near pear,F move_forward_trash_can & F go_near_pear,G(move_forward_trash_can ) & F(go_near_pear )
8570,at some time track_towards tree or whenever have pear,F track_towards_tree | F have_pear,F(track_towards_tree ) | G(have_pear -> track_towards_tree )
8571,"( prop_3 ) should not happen if ( prop_1 ) does not happen , and ( prop_2 ) should also be true all the time . ",(!prop_3 -> !prop_1) & G prop_2,(G(!prop_1 -> G(!prop_3))) & G(prop_2 )
8572,"If either (prop_1) or (prop_2) happens, then either (prop_3) or (prop_4) should happen as well.",(prop_1 | prop_2) -> (prop_3 | prop_4),G((prop_1 | prop_2) -> F(prop_3 | prop_4))
8574,at any time acquire pear and at any time be_near tree,F acquire_pear & F be_near_tree,G(acquire_pear & be_near_tree)
8576,"( prop_1 ) and ( prop_3 ) should happen at the same time , and in the same time ( prop_2 ) does not happen .",prop_1 & !prop_2 & prop_3,F(prop_1 & prop_3 & !prop_2)
8579,whenever touch house until at some time procure orange,F touch_house U F procure_orange,G(touch_house -> F procure_orange)
8580,"If it is not the case that (prop_1), then either (prop_3) or (prop_2) should happen .",!prop_1 -> (prop_2 | prop_3),G(!prop_1 -> F(prop_3 | prop_2))
8581,"It is always the case that while ( prop_2 ) and ( prop_3 ) , then the following condition holds : at a time in the future before the execution ends , without interruption ( prop_1 ) .",G((prop_2 & prop_3) -> FG prop_1),G((prop_2 & prop_3) -> F(prop_1))
8584,Keep visiting intersection 4 as you proceed to locality 9,GF intersection_4 & F locality_9,G(locality_9 -> (intersection_4 U locality_9))
8585,at any time ( prop_1 ) or ( prop_2 ),F(prop_1 | prop_2),G(prop_1 | prop_2)
8587,"If (prop_3) holds until (prop_1), then make sure (prop_2) and (prop_4) both happen .",(prop_3 U prop_1) -> (prop_2 & prop_4),(prop_3 U prop_1) -> F(prop_2 & prop_4)
8588,"Always keep ( prop_3 ) true, and either ( prop_1 ) or ( prop_2 ) should happen as well.",(prop_1 | prop_2) & G prop_3,G(prop_3 ) & F(prop_1 | prop_2 )
8589,Ensure you go to statue 6 and capture a photo of it while you stay in park 5,F(photo & statue_6) & G park_5,G(park_5 -> F(statue_6 & photo ))
8592,"Whenever the scenario that ( prop_1 ) gets observed , or ( prop_3 ) , ( prop_2 ) .",G((prop_1 | prop_3) -> G prop_2),G((prop_1 | prop_3) -> prop_2)
8593,"eventually, a sensor gathers information and, at some point in time either a car starts or a train derails afterwards",G!sensor_gathers_information | F(sensor_gathers_information & F(car_starts | train_derails)),F(sensor_gathers_information & F(car_starts | train_derails))
8594,ensure that you (prop_1),F prop_1,G(prop_1 )
8595,when possible ( prop_1 ) means that ( prop_2 ),F prop_1 -> prop_2,G(prop_1 -> prop_2)
8596,"In the case ( prop_3 ) and ( prop_2 ) , there will be eventually a certain moment in the next 96 time units , at which the scenario that ( prop_1 ) must happen .",G((prop_2 & prop_3) -> GF prop_1),G((prop_3 & prop_2) -> F(prop_1))
8597,always ( prop_1 ) and whenever ( prop_2 ),G(prop_1 & F prop_2),G(prop_1 ) & G(prop_2 -> prop_2 )
8599,"If (prop_3) doesn't happen, then keep waiting until either (prop_1) or (prop_2) happens .",!prop_3 U (prop_1 | prop_2),G(!prop_3 -> (!prop_1 & !prop_2) U (prop_1 | prop_2))
8601,enter the blue or red_room and proceed until the green_room,F((blue_room | red_room) & F green_room),! (blue_room | red_room) | F ((blue_room | red_room) & (blue_room | red_room) U green_room)
8603,"Take a picture of statue_6 after reaching it, and make sure you stay within park_5",F(photo & statue_6) & G park_5,G(park_5 ) & G(statue_6 -> F(photo ))
8606,"In this task, communicate the injured_victim, then record unstable_beam.",communicate_injured_victim U record_unstable_beam,!communicate_injured_victim | F(communicate_injured_victim & F(record_unstable_beam))
8609,"If (prop_2) then do (prop_3), and always (prop_1) .",(prop_2 -> prop_3) & G prop_1,G((prop_2 -> prop_3) & prop_1)
8610,"If ( prop_4 ) is equivalent to ( prop_3 ) and also ( prop_1 ) happens, or else ( prop_2 ) .",prop_2 | (prop_1 & (prop_3 <-> prop_4)),G(((prop_4 <-> prop_3) & prop_1) | prop_2)
8614,when possible travel_to house can infer that do not let_go pear,F travel_to_house -> !let_go_pear,G(travel_to_house -> !let_go_pear)
8615,never ( prop_1 ) or whenever ( prop_2 ),G(!prop_1 | F prop_2),G(!prop_1 ) | G(prop_2 -> prop_2 )
8619,If ( prop_1 ) and ( prop_4 ) are detected then implies ( prop_2 ) should happen or else if ( prop_3 ) is detected .,prop_3 | ((prop_1 & prop_4) -> prop_2),G((prop_1 & prop_4) -> F(prop_2 | prop_3))
8620,"If (prop_1) and (prop_2) occur, then ensure that (prop_3) always happens afterwards .",(prop_1 & prop_2) -> G prop_3,G((prop_1 & prop_2) -> G(prop_3))
8623,Take a video of the collision on north_3rd_avenue can only happen after change light_west yellow.,!record_collision_north_3rd_avenue U change_light_west_yellow,G(!record_collision_north_3rd_avenue U change_light_west_yellow)
8624,"If (prop_3) and (prop_2) are equivalent, then (prop_1) is always true .",(prop_2 <-> prop_3) -> G prop_1,G((prop_3 <-> prop_2) -> G(prop_1 ))
8625,"Either (prop_2) and (prop_1) happen at the same time, or always keep (prop_3) .",(prop_1 & prop_2) | G prop_3,F(prop_2 & prop_1) | G(prop_3)
8626,gather apple means that at some time visit house,gather_apple -> F visit_house,G(gather_apple -> F visit_house)
8628,"If ( prop_2 ) is equivalent to ( prop_1 ) and also ( prop_3 ) , then ( prop_4 ) .",(prop_3 & (prop_1 <-> prop_2)) -> prop_4,G(((prop_2 <-> prop_1) & prop_3) -> prop_4)
8630,"it will happen that a sensor gathers information and, it will happen that both the house is open and the elevator rises afterwards",G!sensor_gathers_information | F(sensor_gathers_information & F(elevator_rises & house_is_open)),F(sensor_gathers_information ) & F(house_is_open & F(elevator_rises ))
8633,when possible venture_to house means that venture_towards house,F venture_to_house -> venture_towards_house,G(venture_to_house -> venture_towards_house)
8634,The system must Please deliver_aid the injured_rescuer and then record injured_victim.,deliver_aid_injured_rescuer U record_injured_victim,!deliver_aid_injured_rescuer | F(deliver_aid_injured_rescuer & F(record_injured_victim))
8635,forever move_around until when possible travel house,G move_around U F travel_house,G(move_around U travel_house)
8636,when possible ( prop_1 ) can infer that ( prop_2 ),F prop_1 -> prop_2,G(prop_1 -> prop_2)
8637,at any time ( prop_1 ) until never ( prop_2 ),F(prop_1 U G!prop_2),prop_1 U G(!prop_2)
8639,"If (prop_2), (prop_1) until (prop_3).",prop_2 -> (prop_1 U prop_3),G(prop_2 -> (prop_1 U prop_3))
8642,"If it is not the case that ( prop_1 ) is equivalent to ( prop_2 ) , then ( prop_3 ) .",!(prop_1 <-> prop_2) -> prop_3,G(!(prop_1 <-> prop_2) -> prop_3)
8644,"If ( prop_1 ) is equivalent to ( prop_4 ) or else ( prop_2 ) , then ( prop_3 ) .",(prop_2 | (prop_1 <-> prop_4)) -> prop_3,G(((prop_1 <-> prop_4) | prop_2) -> prop_3)
8645,never drop pear and when possible be_near tree,G!drop_pear & F be_near_tree,G(!drop_pear) & G(be_near_tree)
8646,( prop_1 ) until at some time ( prop_2 ),prop_1 U F prop_2,prop_1 U prop_2
8649,"If (prop_2) implies (prop_3), then it should always be the case that (prop_1) is true .",(prop_2 -> prop_3) -> G prop_1,G((prop_2 -> prop_3) -> prop_1)
8650,This controller must Please avoid the probable_fire_source and then deliver_aid the injured_hostile.,avoid_probable_fire_source U deliver_aid_injured_hostile,!avoid_probable_fire_source | F(avoid_probable_fire_source & F(deliver_aid_injured_hostile))
8652,forever ( prop_1 ) or whenever ( prop_2 ),G(prop_1 | F prop_2),G(prop_1 ) | G(prop_2 -> prop_2 )
8654,"For all time (prop_1) is true, or if (prop_3), then (prop_2) .",(prop_3 -> prop_2) | G prop_1,G(prop_1 | (prop_3 -> prop_2))
8655,keep apple or travel_to apple,keep_apple | travel_to_apple,G(keep_apple | travel_to_apple)
8657,"At some point during the coming time units ( prop_1 ) or ( prop_3 ) should happen , and also ( prop_2 ) .",prop_2 & F(prop_1 | prop_3),F((prop_1 | prop_3) & prop_2)
8658,"( prop_3 ) should not happen if ( prop_2 ) does happen , and ( prop_1 ) should also be true all the time . ",(prop_3 -> !prop_2) & G prop_1,G(prop_2 -> !prop_3) & G(prop_1)
8660,whenever bring pear can infer that never drop apple,F bring_pear -> G!drop_apple,G(bring_pear -> G(!drop_apple))
8662,whenever ( prop_1 ) or when possible ( prop_2 ),F(prop_1 | F prop_2),G(prop_1 | prop_2)
8665,"when at some time withold apple , forever go_by trash can",F withold_apple -> G go_by_trash_can,G(withold_apple -> G(go_by_trash_can))
8669,( prop_1 ) and when possible ( prop_2 ),prop_1 & F prop_2,G(prop_1 & F prop_2)
8670,"at some point the bridge closes and, at some point both the car enters and the engine stops afterwards",G!bridge_closes | F(bridge_closes & F(car_enters & engine_stops)),F(bridge_closes) & F(car_enters & F(engine_stops))
8671,"(prop_1) is not observed, or do (prop_2) and (prop_3) .",!prop_1 | (prop_2 & prop_3),G(!prop_1 | (prop_2 & prop_3))
8672,"at some point the constructor creates instances and a motorbike has stopped and, in the future the sensor retrieves data or a train has been launched afterwards",G!(constructor_creates_instances & motorbike_has_stopped) | F(constructor_creates_instances & motorbike_has_stopped & F(sensor_retrieves_data | train_has_been_launched)),F((constructor_creates_instances & motorbike_has_stopped) & F(sensor_retrieves_data | F train_has_been_launched))
8673,"This controller must pickup the boat should always hold, with at most a two-step grace period for recovery.",!G!(pickup_boat & X pickup_boat),G(pickup_boat | X pickup_boat | X X pickup_boat)
8679,Either keep (prop_4) until (prop_3) or make sure that (prop_2) is equivalent to (prop_1) .,(prop_1 <-> prop_2) | (prop_4 U prop_3),(prop_4 U prop_3) | G(prop_2 <-> prop_1)
8681,venture_towards house and never drop apple,venture_towards_house & G!drop_apple,G(venture_towards_house & !drop_apple)
8683,"first, at a certain moment the sensor retrieves data and the train is crossing, and then, finally, a bridge closes or the semaphore is broken",G!(sensor_retrieves_data & train_is_crossing) | F(sensor_retrieves_data & train_is_crossing & F(bridge_closes | semaphore_is_broken)),! (sensor_retrieves_data & train_is_crossing) | F ((sensor_retrieves_data & train_is_crossing) & F (bridge_closes | semaphore_is_broken))
8685,always ( prop_1 ) or when possible ( prop_2 ),G(prop_1 | F prop_2),G(prop_1 | prop_2)
8686,"If (prop_2) and (prop_4) are equivalent, and if (prop_1), then (prop_3) .",(prop_2 <-> prop_4) & (prop_1 -> prop_3),G(((prop_2 <-> prop_4) & prop_1) -> prop_3)
8687,"When the event that ( prop_1 ) does n't get observed , and ( prop_2 ) , then all of the following conditions hold : ( prop_3 ) then this condition ought to consistently sustain until there is a certain moment in the future , at which ( prop_4 ) .",G((prop_1 & prop_2) -> (prop_3 U prop_4)),G((! prop_1 & prop_2) -> (prop_3 U prop_4))
8688,"( prop_1 ) is equivalent to ( prop_2 ) , and also ( prop_3 ) .",prop_3 & (prop_1 <-> prop_2),G((prop_1 <-> prop_2) & prop_3)
8689,It is not the case that if ( prop_1 ) then ( prop_2 ) happens and this scenario will hold until ( prop_3 ) is detected .,!((prop_1 -> prop_2) U prop_3),!((prop_1 ) -> (prop_2 ) U (prop_3 ))
8692,at any time ( prop_1 ) and never ( prop_2 ),F(prop_1 & G!prop_2),G(prop_1 & !prop_2)
8694,If it is not the case that ( prop_2 ) or else ( prop_3 ) is detected then as a response ( prop_1 ) should be observed .,(!prop_2 | prop_3) -> prop_1,G(!(prop_2 | prop_3) -> F(prop_1))
8695,"If ( prop_4 ) is equivalent to ( prop_1 ) then ( prop_2 ) , and also ( prop_3 ) .",prop_3 & ((prop_1 <-> prop_4) -> prop_2),G((prop_4 <-> prop_1) -> (prop_2 & prop_3))
8696,when possible ( prop_1 ) until ( prop_2 ),F(prop_1 U prop_2),prop_1 U prop_2
8700,at any time grab flag or repeatedly grab tree,F grab_flag | GF grab_tree,G(grab_flag | GF grab_tree)
8701,"If ( prop_4 ) and ( prop_1 ) happens and continues to happen until ( prop_3 ) is detected , then the scenario is equivalent to ( prop_2 ) .",prop_2 <-> ((prop_1 & prop_4) U prop_3),G(((prop_4 & prop_1) U prop_3) <-> prop_2)
8702,"when venture_to trash can , when possible go_to trash can",venture_to_trash_can -> F go_to_trash_can,G(venture_to_trash_can -> F(go_to_trash_can))
8703,"If avoid the inactive_gas_leak ever holds, communicate the injured_hostile must have held beforehand.",F avoid_inactive_gas_leak -> (!avoid_inactive_gas_leak U (!avoid_inactive_gas_leak & communicate_injured_hostile)),G(avoid_inactive_gas_leak -> (F(communicate_injured_hostile) R avoid_inactive_gas_leak))
8706,(prop_1),F prop_1,G(prop_1 )
8708,"first, in the future either a train stops or the motorbike has stopped, and then, at a certain moment a house is open and the elevator rises",G!(motorbike_has_stopped | train_stops) | F((motorbike_has_stopped | train_stops) & F(elevator_rises & house_is_open)),! (train_stops | motorbike_has_stopped) | F ((train_stops | motorbike_has_stopped) & F (house_is_open & elevator_rises))
8710,Take trash_can_4 from house_1 to garbage_dump_3,F(house_1 & F(p_trash_can_4 & F(garbage_dump_3 & pd))),F(pd & house_1 & p_trash_can_4 & F(pd & garbage_dump_3 & p_trash_can_4))
8711,"If (prop_3) occurs and continues until (prop_2), then if (prop_4) occurs, (prop_1) should also occur .",(prop_3 U prop_2) -> (prop_4 -> prop_1),G((prop_3 U prop_2) -> G(prop_4 -> prop_1))
8712,Keep visiting charger 4 as you keep taking a picture of area 5,GF charger_4 & GF(area_5 & photo),G((photo & area_5) -> charger_4)
8714,"For all time, (prop_1) is true, or else (prop_2) or (prop_3) is true .",prop_2 | prop_3 | G prop_1,G(prop_1 | prop_2 | prop_3)
8715,at the yellow_room or the red_room and head straight away to the green_room avoiding the yellow_room,F((red_room | yellow_room) & F green_room),(yellow_room | red_room) & F(green_room) & G(!yellow_room U green_room)
8717,whenever ( prop_1 ) can infer that forever ( prop_2 ),F prop_1 -> G prop_2,G(prop_1 -> G prop_2)
8719,If ( prop_4 ) and ( prop_1 ) or ( prop_3 ) then the above scenario is equivalent to ( prop_2 ) .,prop_2 <-> (prop_3 | (prop_1 & prop_4)),G(((prop_4 & prop_1) | prop_3) <-> prop_2)
8720,Always stay in locality 7 as you take letter 1 from office 4 to house 1,G locality_7 & F(office_4 & F(p_letter_1 & F(house_1 & pd))),G((p_letter_1 & office_4 & F house_1) -> locality_7)
8721,"Once (prop_1), (prop_2).",prop_1 -> prop_2,G(prop_1 -> F(prop_2))
8725,"first, sooner or later a table is old or the bar has to be repaired, and then, it will happen that a sensor retrieves data or the manager collect claims",G!(bar_has_to_be_repaired | table_is_old) | F((bar_has_to_be_repaired | table_is_old) & F(manager_collect_claims | sensor_retrieves_data)),! (table_is_old | bar_has_to_be_repaired) | F ((table_is_old | bar_has_to_be_repaired) & F (sensor_retrieves_data | manager_collect_claims))
8726,"Whenever ( prop_2 ) , and ( prop_1 ) then the following condition holds : ultimately at sometime in the future before the simulation ends , without interruption ( prop_3 ) .",G((prop_1 & prop_2) -> FG prop_3),G((prop_2 & prop_1) -> F(prop_3))
8727,"It should be that (prop_2) is equivalent to (prop_3), or else (prop_1) is not true .",!prop_1 | (prop_2 <-> prop_3),G((prop_2 <-> prop_3) | !prop_1)
8729,forever ( prop_1 ) or whenever ( prop_2 ),G(prop_1 | F prop_2),G(prop_1 ) | G(prop_2 -> prop_2 )
8731,"sooner or later the car starts and the bar is down and, at some point a train has arrived afterwards",G!(bar_is_down & car_starts) | F(bar_is_down & car_starts & F train_has_arrived),F((car_starts & bar_is_down) & F(train_has_arrived))
8732,put_in apple bucket until at any time proceed_to flag,put_in_apple_bucket U F proceed_to_flag,put_in_apple_bucket U proceed_to_flag
8733,In the case ( prop_3 ) or ( prop_1 ) then ( prop_2 ) .,G((prop_1 | prop_3) -> G prop_2),G((prop_3 | prop_1) -> prop_2)
8734,put_in bucket means that capture orange,put_in_bucket -> capture_orange,G(put_in_bucket -> capture_orange)
8739,at some time journey_by house can infer that go_to bucket,F journey_by_house -> go_to_bucket,F(journey_by_house -> F go_to_bucket)
8740,in the future an elevator rises and a bridge opens after the semaphore is yellow,G(semaphore_is_yellow -> F(bridge_opens & elevator_rises)),F(semaphore_is_yellow -> F(elevator_rises & bridge_opens))
8741,"If both (prop_1) and (prop_2) happen at some point, then keep them until (prop_3) and (prop_4) both happen .",(prop_1 & prop_2) U (prop_3 & prop_4),G((prop_1 & prop_2) -> ((prop_1 & prop_2) U (prop_3 & prop_4)))
8743,"Once deliver the bird to the loading_dock has occurred, search the car will never occur again.",G(deliver_bird_loading_dock -> XG!search_car),G(deliver_bird_loading_dock -> G(!search_car))
8745,"If both (prop_1) and (prop_2) happen, then eventually (prop_3) should happen as well.",(prop_1 & prop_2) -> F prop_3,G((prop_1 & prop_2) -> F(prop_3))
8747,"For all time steps (prop_3), should be equivalent to the scenario in which (prop_2) or (prop_1) happens .",(prop_1 | prop_2) <-> G prop_3,G(prop_3 <-> (prop_2 | prop_1))
8750,pass through either the blue or yellow_room to reach the green_room,F((blue_room | yellow_room) & F green_room),! (blue_room | yellow_room) | F ((blue_room | yellow_room) & F green_room)
8751,The scenario in which if at some point ( prop_1 ) or ( prop_4 ) then ( prop_3 ) is equivalent to the scenario in which ( prop_2 ) .,prop_2 <-> ((prop_1 | prop_4) -> prop_3),(F((prop_1 | prop_4) -> prop_3)) <-> prop_2
8752,"Globally , everytime when ( prop_3 ) until ( prop_1 ) , then the following condition holds : there will have to be eventually a certain time point in the future , after which ( prop_2 ) .",G((prop_3 U prop_1) -> FG prop_2),G((prop_3 U prop_1) -> F(F prop_2))
8753,always moving can infer that at some time spend_time_at tree,G moving -> F spend_time_at_tree,G(moving -> F spend_time_at_tree)
8756,Go to house 2 and pick up trash can 2,F(house_2 & p_trash_can_2),F(house_2 & F(p_trash_can_2))
8758,"It is required that at some time point in the future ( prop_2 ) should be detected , and ( prop_1 ) , and ( prop_3 ) .",prop_1 & prop_3 & F prop_2,F(prop_2 & prop_1 & prop_3)
8759,"If at some point ( prop_1 ) happens and continues to happen until ( prop_3 ) , and also ( prop_4 ) , or else ( prop_2 ) .",prop_2 | (prop_4 & (prop_1 U prop_3)),F((prop_1 U prop_3) & prop_4) | prop_2
8760,Always ensure that ( prop_2 ) is true if and only if both ( prop_3 ) and ( prop_1 ) are true.,(prop_1 & prop_3) <-> G prop_2,G(prop_2 <-> (prop_3 & prop_1))
8762,at any time ( prop_1 ) means that at some time ( prop_2 ),F prop_1 -> F prop_2,G(prop_1 -> F prop_2)
8764,when possible go_to transh can and when possible clutch orange,F go_to_transh_can & F clutch_orange,G(F go_to_transh_can & F clutch_orange)
8765,"eventually, a train is crossing or the elevator rises and, at some point in time both the car starts and the semaphore is broken afterwards",G!(elevator_rises | train_is_crossing) | F((elevator_rises | train_is_crossing) & F(car_starts & semaphore_is_broken)),F((train_is_crossing | elevator_rises) & F(car_starts & F(semaphore_is_broken)))
8766,do not ( prop_1 ) and at some time ( prop_2 ),!(prop_1 & F prop_2),G(!prop_1 ) & F(prop_2 )
8767,at any time ( prop_1 ) or forever ( prop_2 ),F(prop_1 | G prop_2),F(prop_1 ) | G(prop_2 )
8772,"If at a certain moment in the future before the end of the simulation ( prop_1 ) , then the following condition is true : ( prop_2 ) and this scenario will have to sustain uninterruptedly till the transition action that ( prop_3 ) is detected eventually at sometime in the future before the execution ends .",G(F prop_1 -> (prop_2 U prop_3)),G(prop_1 -> (prop_2 U prop_3))
8773,"Globally , everytime when ( prop_3 ) , and ( prop_4 ) then all of the following conditions hold : ( prop_1 ) or without any delay ( prop_2 ) .",G((prop_3 & prop_4) -> (prop_1 | prop_2)),G((prop_3 & prop_4) -> (prop_1 | X prop_2))
8778,whenever ( prop_1 ) can infer that at some time ( prop_2 ),F prop_1 -> F prop_2,G(prop_1 -> F prop_2)
8779,whenever ( prop_1 ) until never ( prop_2 ),F(prop_1 U G!prop_2),G(prop_1 U G(!prop_2))
8781,Ensure you stay in locality 2 while transferring document 5 from office 4 to office 9,G locality_2 & F(office_4 & F(p_document_5 & F(office_9 & pd))),G(p_document_5 & office_4 U (p_document_5 & office_9)) & G(locality_2 )
8782,Visit statue_7 and capture an image,F(photo & statue_7),F(statue_7 & F photo)
8783,"If (prop_1) then (prop_2) if and only if, (prop_3) if and only if (prop_4) .",(prop_1 -> prop_2) <-> (prop_3 <-> prop_4),G(prop_1 -> ((prop_2 <-> prop_3) <-> prop_4))
8784,"If (prop_3), then (prop_2), or else make sure (prop_1) happens .",(prop_3 -> prop_2) | F prop_1,G((prop_3 -> prop_2) | F prop_1)
8786,"During the interval that ( prop_2 ) , or ( prop_4 ) then all of the following conditions hold : in no time ( prop_3 ) , and ( prop_1 ) .",G((prop_2 | prop_4) -> (prop_1 & prop_3)),G((prop_2 | prop_4) -> (!prop_3 & prop_1))
8787,"Either keep (prop_2) at the end, or if (prop_3), then make sure (prop_1) .",(prop_3 -> prop_1) | F prop_2,FG(prop_2) | G(prop_3 -> F(prop_1))
8789,at some time ( prop_1 ) or repeatedly ( prop_2 ),F(prop_1 | GF prop_2),F prop_1 | G prop_2
8790,"Refrain from entering landmark 5 until you reach park 5, and then ensure you take a picture of landmark 5 at some point",(!landmark_5 U park_5) & F(landmark_5 & photo),(!landmark_5 U park_5) & G(park_5 -> F(photo))
8792,Always eventually return to charging station 9 while regularly taking crate 4 from warehouse 5 to mall 4,GF charging_station_9 & GF(warehouse_5 & F(p_crate_4 & F(mall_4 & pd))),G(F charging_station_9) & G(F(p_crate_4 & warehouse_5 & F(p_crate_4 & mall_4)))
8794,"Whenever the scenario that ( prop_3 ) takes place then the following condition holds : in no time ( prop_1 ) , and promptly ( prop_2 ) .",G(prop_3 -> (prop_1 & prop_2)),G(prop_3 -> (!prop_1 & X prop_2))
8795,"As soon as the event that ( prop_1 ) gets detected , then without any delay ( prop_2 ) .",G(prop_1 -> prop_2),G(prop_1 -> X prop_2)
8796,"Eventually do prop_1, and also either do prop_3 or prop_2.",(prop_2 | prop_3) & F prop_1,F(prop_1 & (prop_3 | prop_2))
8797,"If (prop_3) is equivalent to (prop_1), then make sure that (prop_2) is always true .",(prop_1 <-> prop_3) -> G prop_2,G((prop_3 <-> prop_1) -> G(prop_2 ))
8798,The scenario in which (prop_1) happens until (prop_3) happens is equivalent to the scenario where (prop_2) does not happen.,!prop_2 <-> (prop_1 U prop_3),(prop_1 U prop_3) <-> G(!prop_2)
8802,never ( prop_1 ) and ( prop_2 ),G(!prop_1 & prop_2),G(!(prop_1 & prop_2))
8805,reach trash can can infer that whenever go_visit house,reach_trash_can -> F go_visit_house,G(reach_trash_can -> G(go_visit_house))
8808,"Either make sure that (prop_2) and (prop_1) happen or not happen at the same time, or else make sure that (prop_3) happens in the end .",(prop_1 <-> prop_2) | F prop_3,G((prop_1 <-> prop_2) | F prop_3)
8809,"(prop_2) doesn't happen, or if (prop_3) is always true, then (prop_1) .",!prop_2 | (G prop_3 -> prop_1),G(!prop_2 ) | (G(prop_3 ) -> prop_1 )
8811,If ( prop_2 ) then ( prop_1 ) and also ( prop_3 ) and ( prop_4 ) .,prop_3 & prop_4 & (prop_2 -> prop_1),G(prop_2 -> (prop_1 & prop_3 & prop_4))
8812,Make sure that at some point (prop_3) or that (prop_1) or (prop_2) .,prop_1 | prop_2 | F prop_3,F(prop_3 | prop_1 | prop_2)
8813,"first, it will happen that a train has arrived, and then, in the future the train has arrived and an elevator falls",G!train_has_arrived | F(train_has_arrived & F(elevator_falls & train_has_arrived)),!train_has_arrived | F(train_has_arrived & F(train_has_arrived & elevator_falls))
8815,The scenario in which if ( prop_2 ) or ( prop_4 ) then ( prop_3 ) is equivalent to the scenario in which ( prop_1 ) .,prop_1 <-> ((prop_2 | prop_4) -> prop_3),G(((prop_2 | prop_4) -> prop_3) <-> prop_1)
8818,"Globally , when ( prop_3 ) or ( prop_1 ) then in response there will be sometime in the future before the execution ends , at which ( prop_2 ) .",G((prop_1 | prop_3) -> FG prop_2),G((prop_3 | prop_1) -> F(prop_2))
8819,"first, in the future either the elevator is blocked or a house is open, and then, in the future a table is brown or a motorbike has started",G!(elevator_is_blocked | house_is_open) | F((elevator_is_blocked | house_is_open) & F(motorbike_has_started | table_is_brown)),!((elevator_is_blocked | house_is_open)) | F((elevator_is_blocked | house_is_open) & F(table_is_brown | motorbike_has_started))
8820,"If ( prop_4 ) and ( prop_2 ) are true, then either the scenario ( prop_3 ) will take place or ( prop_1 ).",G((prop_2 & prop_4) -> (prop_1 | prop_3)),G((prop_4 & prop_2) -> F(prop_3 | prop_1))
8822,at any time ( prop_1 ) or repeatedly ( prop_2 ),F(prop_1 | GF prop_2),G(prop_1 | prop_2)
8823,"While ( prop_1 ) and ( prop_2 ) , then the following condition is true : promptly ( prop_3 ) , and ( prop_4 ) .",G((prop_1 & prop_2) -> (prop_3 & prop_4)),G((prop_1 & prop_2) -> (X(prop_3 & prop_4)))
8824,"if at any time venture flag , whenever visit trash bin",F venture_flag -> F visit_trash_bin,G(venture_flag -> G(visit_trash_bin))
8826,"If (prop_3) is equivalent to (prop_2), then you should not do (prop_1) .",(prop_2 <-> prop_3) -> !prop_1,G((prop_3 <-> prop_2) -> !prop_1 )
8827,Stand by can only happen after geting help.,!idle U get_help,G(!idle U get_help)
8828,if the bar has to be repaired and the engine stops then it should not happen that either the train derails or a motorbike falls down,G((bar_has_to_be_repaired & engine_stops) -> G!(motorbike_falls_down | train_derails)),G((bar_has_to_be_repaired & engine_stops) -> ! (train_derails | motorbike_falls_down))
8831,"if ( prop_1 ) , ( prop_2 )",prop_1 -> prop_2,G(prop_1 -> prop_2)
8834,"It is required that either (prop_2) happens soon, or else (prop_1) and (prop_3) happen or not happen at the same time .",(prop_1 <-> prop_3) | F prop_2,F prop_2 | G(prop_1 <-> prop_3)
8835,pick_up fruit until whenever pass_by trash bin,pick_up_fruit U F pass_by_trash_bin,pick_up_fruit U pass_by_trash_bin
8836,never ( prop_1 ) and ( prop_2 ),G(!prop_1 & prop_2),G(!(prop_1 & prop_2))
8838,"The scenario in which ( prop_2 ) is equivalent to ( prop_3 ) should always be true , and in addition ( prop_1 ) .",prop_1 & G(prop_2 <-> prop_3),G((prop_2 <-> prop_3) & prop_1)
8842,at any time ( prop_1 ) and forever ( prop_2 ),F(prop_1 & G prop_2),G(prop_1 & G prop_2)
8843,repeatedly ( prop_1 ) and ( prop_2 ),G(prop_2 & F prop_1),GF(prop_1 & prop_2)
8844,"If record the motorcycle on southeast_2nd_avenue holds, then in the next step photo the jaywalker on southeast_10th_avenue persists until change light_east red holds, or else photo the jaywalker on southeast_10th_avenue holds forever.",record_motorcycle_southeast_2nd_avenue -> X((photo_jaywalker_southeast_10th_avenue U change_light_east_red) | G photo_jaywalker_southeast_10th_avenue),G(record_motorcycle_southeast_2nd_avenue -> X(photo_jaywalker_southeast_10th_avenue U (change_light_east_red | G photo_jaywalker_southeast_10th_avenue)))
8846,"Whenever neither record unsafe_civilian nor avoid the nearest_fire_source holds, go_home eventually holds.",G(!(avoid_nearest_fire_source & record_unsafe_civilian) -> F go_home),G((!record_unsafe_civilian & !avoid_nearest_fire_source) -> F go_home)
8849,"If at some point (prop_2) is equivalent to (prop_1), then (prop_3) should not happen .",(prop_1 <-> prop_2) -> !prop_3,F(prop_2 <-> prop_1) -> G(!prop_3)
8850,"Whenever ( prop_1 ) and ( prop_2 ) , then in response ( prop_3 ) , or ( prop_4 ) .",G((prop_1 & prop_2) -> (prop_3 | prop_4)),G((prop_1 & prop_2) -> F(prop_3 | prop_4))
8851,acquire orange until whenever proceed_to tree,acquire_orange U F proceed_to_tree,acquire_orange U proceed_to_tree
8852,"Go to mall 5, collect box 4, and subsequently take it to house 1",F(mall_5 & F(p_box_4 & F(house_1 & pd))),F(mall_5 & F(p_box_4 & F(house_1)))
8855,"eventually, the bridge closes and, sooner or later both the house collapses and the house is open afterwards",G!bridge_closes | F(bridge_closes & F(house_collapses & house_is_open)),F(bridge_closes & F(house_collapses & F(house_is_open)))
8856,"(prop_1) doesn't happen, and make sure (prop_2) and (prop_3) both happen .",!prop_1 & prop_2 & prop_3,G(!prop_1 ) & F(prop_2 ) & F(prop_3 )
8857,"Start by (prop_1). Then, (prop_3). Lastly, (prop_2).",(prop_1 U prop_3) U prop_2,!prop_1 | F(prop_1 & F(prop_3 & F(prop_2)))
8858,Continuously at house_2 and pickup trash_can_4,GF(house_2 & p_trash_can_4),G(house_2 & p_trash_can_4)
8859,"If (prop_2) then do (prop_3), until you no longer observe (prop_1) .",(prop_2 -> prop_3) U !prop_1,G((prop_2 -> prop_3) U !prop_1)
8860,"first, it is going to happen that the bar has to be repaired or the table is old, and then, it is going to happen that a sensor gathers information",G!(bar_has_to_be_repaired | table_is_old) | F((bar_has_to_be_repaired | table_is_old) & F sensor_gathers_information),!((bar_has_to_be_repaired | table_is_old)) | F((bar_has_to_be_repaired | table_is_old) & F(sensor_gathers_information))
8861,repeatedly ( prop_1 ) until ( prop_2 ),G(F prop_1 U prop_2),prop_1 U prop_2
8863,"For each time instant if ( prop_3 ) is true , then ( prop_1 ) is equivalent to ( prop_2 ) .",G prop_3 -> (prop_1 <-> prop_2),G(prop_3 -> (prop_1 <-> prop_2))
8866,"If (prop_2), then ensure that (prop_3) until (prop_1).",prop_2 -> (prop_3 U prop_1),G(prop_2 -> (prop_3 U prop_1))
8869,"If ( prop_1 ) then ( prop_2 ) happens , or else ( prop_3 ) is equivalent to the case ( prop_4 ) .",(prop_1 -> prop_2) | (prop_3 <-> prop_4),G((prop_1 -> F prop_2) | (prop_3 <-> prop_4))
8871,whenever ( prop_1 ) and ( prop_2 ),F(prop_1 & prop_2),G(prop_1 & prop_2)
8872,"If it is not the case that ( prop_3 ) or ( prop_1 ), then ( prop_2 ) .",!(prop_1 | prop_3) -> prop_2,G(!(prop_3 | prop_1) -> prop_2)
8875,"It is always the case that everytime when ( prop_3 ) and ( prop_2 ) , then in response after sometime in the future before the end of the execution ( prop_1 ) .",G((prop_2 & prop_3) -> FG prop_1),G((prop_3 & prop_2) -> F(prop_1))
8876,"first, sooner or later the sensor gathers information, and then, finally, both a house collapses and a house is open",G!sensor_gathers_information | F(sensor_gathers_information & F(house_collapses & house_is_open)),!sensor_gathers_information | F(sensor_gathers_information & F(house_collapses & house_is_open))
8877,whenever ( prop_1 ) until at some time ( prop_2 ),F(prop_1 U F prop_2),G(prop_1 U prop_2)
8878,"It is always the case that ( prop_3 ) should happen until ( prop_2 ) will be detected at some point in the future , or else ( prop_4 ) , or else ( prop_1 ) .",prop_1 | prop_4 | (prop_3 U prop_2),G(prop_3 U (prop_2 | prop_4 | prop_1))
8879,Pick up cone 5 from parking lot 2 and deliver it to street 1,F(parking_lot_2 & F(p_cone_5 & F(pd & street_1))),F(p_cone_5 & parking_lot_2 & F(pd & street_1))
8881,"If (prop_1) is equivalent to (prop_3), and if (prop_2), then (prop_4) .",(prop_1 <-> prop_3) & (prop_2 -> prop_4),G(((prop_1 <-> prop_3) & prop_2) -> prop_4)
8883,"If (prop_1) is equivalent to (prop_2), or (prop_4) and (prop_3) .",(prop_1 <-> prop_2) | (prop_3 & prop_4),G((prop_1 <-> prop_2) | (prop_4 & prop_3))
8884,"( prop_3 ) should be equivalent to ( prop_1 ), and ( prop_2 ) should not happen .",!prop_2 & (prop_1 <-> prop_3),G((prop_3 <-> prop_1) & !prop_2)
8886,"Globally , in case that the scenario that ( prop_1 ) occurs then all of the following conditions hold : immediately ( prop_2 ) .",G(prop_1 -> prop_2),G(prop_1 -> X prop_2)
8888,"(prop_1). Once (prop_2), (prop_3)",prop_1 & (prop_2 U prop_3),G(prop_1) & G(prop_2 -> F(prop_3))
8889,repeatedly ( prop_1 ) or ( prop_2 ),G(prop_2 | F prop_1),G(F(prop_1 | prop_2))
8893,"If at some point ( prop_2 ) happens and continues to happen until ( prop_4 ) , or ( prop_1 ) , and ( prop_3 ) .",prop_3 & (prop_1 | (prop_2 U prop_4)),F((prop_2 U prop_4) | (prop_1 & prop_3))
8894,"If (prop_3) is equivalent to (prop_2), then you should not do (prop_1) .",(prop_2 <-> prop_3) -> !prop_1,G((prop_3 <-> prop_2) -> !prop_1 )
8897,"at some point the train has arrived and, finally, a table has been moved and the train derails afterwards",G!train_has_arrived | F(train_has_arrived & F(table_has_been_moved & train_derails)),F(train_has_arrived & F(table_has_been_moved & F(train_derails)))
8899,secure apple and venture_towards house,secure_apple & venture_towards_house,G(secure_apple & venture_towards_house)
8900,when possible ( prop_1 ) or never ( prop_2 ),F(prop_1 | G!prop_2),F(prop_1 ) | G(!prop_2 )
8903,never ( prop_1 ) or never ( prop_2 ),G(!prop_1 | G!prop_2),G(!prop_1 ) | G(!prop_2 )
8905,"If ( prop_3 ) then ( prop_2 ) , or else ( prop_4 ) or ( prop_1 ) .",prop_1 | prop_4 | (prop_3 -> prop_2),G((prop_3 -> prop_2) | (prop_4 | prop_1))
8907,do not let_go orange or reach house,!let_go_orange | reach_house,G(!(let_go_orange | reach_house))
8908,"Do not allow ( prop_3 ) to happen, and if ( prop_1 ) happens, then ( prop_2 ) should also happen.",!prop_3 & (prop_1 -> prop_2),G(!prop_3) & G(prop_1 -> prop_2)
8910,"If at some point ( prop_2 ) and ( prop_1 ) is detected and this scenario continues until ( prop_3 ) is detected , then ( prop_4 ) .",((prop_1 & prop_2) U prop_3) -> prop_4,F((prop_2 & prop_1) U prop_3) -> prop_4
8911,never ( prop_1 ) or ( prop_2 ),G(!prop_1 | prop_2),G(!(prop_1 | prop_2))
8912,at the green_room without passing through the red_room,F green_room & G!red_room,(!red_room ) U (green_room )
8915,move_to trash can and put_in bucket,move_to_trash_can & put_in_bucket,F(move_to_trash_can & F(put_in_bucket))
8917,at any time ( prop_1 ) until never ( prop_2 ),F(prop_1 U G!prop_2),prop_1 U G(!prop_2)
8920,"first, at some point in time both the train has arrived and the brake is pressed, and then, it is going to happen that both a table is brown and the bar is up",G!(brake_is_pressed & train_has_arrived) | F(brake_is_pressed & train_has_arrived & F(bar_is_up & table_is_brown)),! (train_has_arrived & brake_is_pressed) | F ((train_has_arrived & brake_is_pressed) & F (table_is_brown & bar_is_up))
8921,do not ( prop_1 ) or whenever ( prop_2 ),!(prop_1 | F prop_2),G(!prop_1) | G(prop_2 -> prop_2)
8926,never drop pear or pick_up orange,pick_up_orange | G!drop_pear,G(!(drop_pear | pick_up_orange))
8928,whenever ( prop_1 ) or ( prop_2 ),F(prop_1 | prop_2),G(prop_1 | prop_2)
8930,"The system must eventually, avoid changeing light_south yellow.",F!change_light_south_yellow,F(G(!change_light_south_yellow ))
8931,"first, finally, the bridge closes, and then, it will happen that both the escalator moves and the car starts",G!bridge_closes | F(bridge_closes & F(car_starts & escalator_moves)),!bridge_closes | F(bridge_closes & F(escalator_moves & car_starts))
8933,"Continuously photographing car 1, ensuring you never go to parking lot 9",GF(car_1 & photo) & G!parking_lot_9,G(photo & car_1) & G(!parking_lot_9)
8934,always have_in orange or come_to tree,come_to_tree | G have_in_orange,G(have_in_orange | come_to_tree)
8936,"Always make sure ( prop_1 ) happens, or else have ( prop_2 ) be equivalent to ( prop_3 ).",(prop_2 <-> prop_3) | G prop_1,G(prop_1 | (prop_2 <-> prop_3))
8937,"Always make sure ( prop_1 ) is true, or if ( prop_3 ) happens, then ( prop_2 ) should also happen.",(prop_3 -> prop_2) | G prop_1,G(prop_1 | (prop_3 -> prop_2))
8939,"when at some time present_at flag , at any time withhold apple",F present_at_flag -> F withhold_apple,G(present_at_flag -> G(withhold_apple))
8941,"when never let_go apple , whenever grab pear",G!let_go_apple -> F grab_pear,G(!let_go_apple -> G(grab_pear))
8942,whenever ( prop_1 ) until at any time ( prop_2 ),F(prop_1 U F prop_2),G(prop_1 U prop_2)
8943,It is required that the scenario in which ( prop_3 ) is false is equivalent to the scenario in which ( prop_2 ) is equal to ( prop_1 ) .,!prop_3 <-> (prop_1 <-> prop_2),G(!prop_3 <-> (prop_2 <-> prop_1 ))
8944,"If (prop_4), then (prop_1), and at the same time make sure (prop_2) and (prop_3) are both true .",prop_2 & prop_3 & (prop_4 -> prop_1),G(prop_4 -> (prop_1 & prop_2 & prop_3))
8947,whenever go_to home until reach trash can,F go_to_home U reach_trash_can,G(go_to_home U reach_trash_can)
8950,( prop_2 ) does not happen is equivalent to the case that if ( prop_1 ) then ( prop_3 ) happens .,!prop_2 <-> (prop_1 -> prop_3),G(!prop_2 ) <-> G(prop_1 -> F(prop_3 ))
8951,"If (prop_1) is going to happen eventually, then if (prop_2) happens then (prop_3) should also happen .",F prop_1 -> (prop_2 -> prop_3),F(prop_1 ) -> G(prop_2 -> prop_3 )
8952,Retrieve bottle_3 from bedroom_2 and place it in kitchen_4,F(bedroom_2 & F(p_bottle_3 & F(kitchen_4 & pd))),F(pd & bedroom_2 & p_bottle_3 & F(pd & kitchen_4 & p_bottle_3))
8955,Collect package_2 from store_3 and take it to house_2 without entering mall_1,F(store_3 & F(p_package_2 & F(house_2 & pd))) & G!mall_1,G(!mall_1) & F(store_3 & p_package_2 & F(house_2))
8956,"If (prop_1), then (prop_4), and if (prop_3), then (prop_2) .",(prop_1 -> prop_4) & (prop_3 -> prop_2),G((prop_1 -> prop_4) & (prop_3 -> prop_2))
8962,at some time go_to peach can infer that at any time go_to trash receptacle,F go_to_peach -> F go_to_trash_receptacle,F(go_to_peach ) -> G(go_to_trash_receptacle )
8963,"Globally , whenever ( prop_3 ) , or the transition action that ( prop_2 ) takes place , then all of the following conditions hold : the scenario that ( prop_1 ) shall be observed at once .",G((prop_2 | prop_3) -> prop_1),G((prop_3 | prop_2) -> X(prop_1))
8964,"It is always the case that while the transition action that ( prop_1 ) does n't get detected , or ( prop_3 ) , then in response for each time point in the future before the end of the execution there will ultimately exist a certain time point within the first 80 time units , at which the event that ( prop_2 ) ought to occur .",G((prop_1 | prop_3) -> GF prop_2),G((!prop_1 | prop_3) -> F(prop_2))
8965,Make sure that either (prop_1) finally happens in a future time or that if (prop_3) happens then (prop_2) should also happen .,(prop_3 -> prop_2) | F prop_1,F prop_1 | G(prop_3 -> prop_2)
8966,"Always make sure that at some point either (prop_3) or (prop_1) happens, and keep (prop_2) for all time afterward .",(prop_1 | prop_3) & G prop_2,F((prop_3 | prop_1) & G(prop_2))
8968,"Our agent must eventually, avoid pickuping the refrigerator.",F!pickup_refrigerator,F(G(!pickup_refrigerator ))
8972,"(prop_4) and (prop_1) happen, and at the same time, (prop_3) is equivalent to (prop_2).",prop_1 & prop_4 & (prop_2 <-> prop_3),G((prop_4 & prop_1) & (prop_3 <-> prop_2))
8973,Continuously revisit warehouse_4 and each time ensure you pickup crate_3 and deliver it to mall_3,GF(warehouse_4 & F(p_crate_3 & F(mall_3 & pd))),G(warehouse_4 -> F(p_crate_3 & F(mall_3)))
8976,"If (prop_3), then do (prop_2), or else keep (prop_1) all the time .",(prop_3 -> prop_2) | G prop_1,G(prop_3 -> (prop_2 | G prop_1))
8977,If it is not the case that for the scenario in which ( prop_3 ) if and only if ( prop_2 ) then ( prop_4 ) then ( prop_1 ) .,((prop_2 <-> prop_3) -> prop_4) -> prop_1,!((prop_3 <-> prop_2) -> prop_4) -> prop_1
8978,do not ( prop_1 ) until at some time ( prop_2 ),!(prop_1 U F prop_2),!prop_1 U prop_2
8980,when possible ( prop_1 ) until ( prop_2 ),F(prop_1 U prop_2),prop_1 U prop_2
8981,always go_by trash can and when possible capture pear,G go_by_trash_can & F capture_pear,G(go_by_trash_can & F(capture_pear))
8982,"first, it will happen that the bridge closes, and then, it is going to happen that a train has been launched and the escalator is blocked",G!bridge_closes | F(bridge_closes & F(escalator_is_blocked & train_has_been_launched)),!bridge_closes | F(bridge_closes & F(train_has_been_launched & escalator_is_blocked))
8983,Avoid entering street_4 until you reach intersection_2 while going to house_13 to pickup trash_13,(!street_4 U intersection_2) & F(house_13 & p_trash_13),G(!street_4 U intersection_2)
8985,"If change light_east red holds, then in the next step get_help persists until begining recording the cyclist on southwest_5th_street holds, or else get_help holds forever.",change_light_east_red -> X((get_help U record_cyclist_southwest_5th_street) | G get_help),G(change_light_east_red -> X(get_help U record_cyclist_southwest_5th_street | G get_help))
8989,"If at some point ( prop_3 ) or ( prop_4 ) then ( prop_1 ) happens, and ( prop_2 ) .",prop_2 & ((prop_3 | prop_4) -> prop_1),F((prop_3 | prop_4) -> (prop_1 & prop_2))
8990,"if whenever visit trash bin , get_to tree",F visit_trash_bin -> get_to_tree,G(visit_trash_bin -> F get_to_tree)
8991,"If ( prop_1 ) then ( prop_2 ) and also ( prop_4 ) is true, then the scenario is equivalent to ( prop_3 ) .",prop_3 <-> (prop_4 & (prop_1 -> prop_2)),G((prop_1 & prop_2 & prop_4) <-> prop_3)
8997,"It is not the case that ( prop_3 ) then ( prop_2 ) , or else ( prop_1 ) .",prop_1 | !(prop_3 -> prop_2),!(prop_3 -> F(prop_2)) | prop_1
8999,"first, at some point a constructor instantiate objects and an elevator rises, and then, finally, a bridge closes",G!(constructor_instantiate_objects & elevator_rises) | F(constructor_instantiate_objects & elevator_rises & F bridge_closes),! (constructor_instantiate_objects & elevator_rises) | F ((constructor_instantiate_objects & elevator_rises) & F (bridge_closes))
9000,"when whenever move_past trash can , whenever get_hold_of orange",F move_past_trash_can -> F get_hold_of_orange,G(move_past_trash_can -> F(get_hold_of_orange))
9004,forever stay and keep apple,keep_apple & G stay,G(stay & keep_apple)
9005,move until you are one square into the blue_room,F blue_room,move U blue_room
9008,Visit statue 5 and take a picture of it,F(photo & statue_5),F(statue_5 & F photo )
9009,Ensure you collect brochure_5 from table_2 and place it in street_5,F(table_2 & F(p_brochure_5 & F(pd & street_5))),F(p_brochure_5 & table_2 & F(p_brochure_5 & street_5))
9010,"It is always the case that ( prop_1 ) should not happen or else ( prop_2 ) should happen, and in the meantime with the above condition ( prop_3 ) should happen .",prop_3 & (prop_2 | G!prop_1),G((!prop_1 | prop_2) & prop_3)
9013,"At some point ( prop_2 ) should happen and then ( prop_1 ) , or else ( prop_3 ) .",prop_3 | F(prop_2 -> prop_1),F(prop_2 & F(prop_1)) | prop_3
9014,"For each time instant ( prop_3 ) and ( prop_1 ) should be detected , or else ( prop_2 ) .",prop_2 | G(prop_1 & prop_3),G(prop_3 -> (prop_1 | prop_2))
9016,do not let_go pear or drop pear,drop_pear | !let_go_pear,G(!let_go_pear & !drop_pear)
9018,do not ( prop_1 ) and whenever ( prop_2 ),!(prop_1 & F prop_2),G(!prop_1) & G(prop_2)
9019,"If (prop_1) doesn't happen, then make sure (prop_2) happens until (prop_3) .",!prop_1 -> (prop_2 U prop_3),G(!prop_1 -> (prop_2 U prop_3))
9021,never ( prop_1 ) or always ( prop_2 ),G(!prop_1 | G prop_2),G(!prop_1 ) | G(prop_2 )
9025,"Keep seeing (prop_3) until you see (prop_2), and do not do (prop_1) .",!prop_1 & (prop_3 U prop_2),(prop_3 U prop_2) & G(!prop_1)
9026,"first, at some point a semaphore is yellow or the bar is up, and then, sooner or later either a motorbike falls down or the manager collect claims",G!(bar_is_up | semaphore_is_yellow) | F((bar_is_up | semaphore_is_yellow) & F(manager_collect_claims | motorbike_falls_down)),!((semaphore_is_yellow | bar_is_up)) | F((semaphore_is_yellow | bar_is_up) & F(motorbike_falls_down | manager_collect_claims))
9028,move into the blue_room but only via the green_room,F(green_room & F blue_room),(!blue_room ) U (green_room )
9029,at the yellow,F yellow_room,G(yellow_room )
9030,"Globally , if ( prop_1 ) then in response ( prop_3 ) or ( prop_2 ) .",G(prop_1 -> (prop_2 | prop_3)),G(prop_1 -> F(prop_3 | prop_2))
9031,move_towards trash can can infer that put_in bucket,move_towards_trash_can -> put_in_bucket,G(move_towards_trash_can -> F(put_in_bucket))
9032,"If at some point ( prop_4 ) is equivalent to ( prop_3 ) and this scenario continues until ( prop_1 ) is detected , or else ( prop_2 ) .",prop_2 | ((prop_3 <-> prop_4) U prop_1),F((prop_4 <-> prop_3) U prop_1) | prop_2
9033,"when always ( prop_1 ) , ( prop_2 )",G prop_1 -> prop_2,G(prop_1 -> prop_2)
9034,forever go_by trash can and when possible come home,G go_by_trash_can & F come_home,G(go_by_trash_can) & GF(come_home)
9035,"In the case the scenario that ( prop_3 ) and ( prop_1 ) , then all of the following conditions hold : eventually there ought to be a time in the future before the end of the execution , at which ( prop_2 ) .",G((prop_1 & prop_3) -> FG prop_2),G((prop_3 & prop_1) -> F(prop_2 ))
9037,repeatedly ( prop_1 ) can infer that at any time ( prop_2 ),GF prop_1 -> F prop_2,G(prop_1 ) -> G(prop_2 )
9038,"Whenever ( prop_3 ) , then all of the following conditions are true : promptly ( prop_2 ) , or ( prop_1 ) .",G(prop_3 -> (prop_1 | prop_2)),G(prop_3 -> (X prop_2 | prop_1))
9039,always ( prop_1 ) or at some time ( prop_2 ),G(prop_1 | F prop_2),G(prop_1 ) | F(prop_2 )
9044,"If it is not the case that ( prop_2 ) and ( prop_1 ) , then ( prop_3 ) .",!(prop_1 & prop_2) -> prop_3,G(!(prop_2 & prop_1) -> prop_3)
9049,"first, finally, both a house is built and a sensor captures data, and then, at some point both an elevator is open and a train is crossing",G!(house_is_built & sensor_captures_data) | F(house_is_built & sensor_captures_data & F(elevator_is_open & train_is_crossing)),! (house_is_built & sensor_captures_data) | F ((house_is_built & sensor_captures_data) & F (elevator_is_open & train_is_crossing))
9052,follow the path through the blue_room to get to the green_room,F(blue_room & F green_room),!blue_room | F(blue_room & F(green_room))
9055,Ensure that you keep visiting charger_9 and keep moving crate_2 from warehouse_8 to store_2,GF charger_9 & GF(warehouse_8 & F(p_crate_2 & F(pd & store_2))),G(F charger_9) & G(F(p_crate_2 & warehouse_8 & F(p_crate_2 & store_2)))
9056,( prop_1 ) until whenever ( prop_2 ),prop_1 U F prop_2,prop_1 U prop_2
9058,You need to wait until (prop_1) before (prop_2).,!prop_1 U prop_2,!prop_2 U prop_1
9060,"Transport the truck to the shelf should always hold, with at most a two-step grace period for recovery.",!G!(deliver_truck_shelf & X deliver_truck_shelf),G(deliver_truck_shelf | X deliver_truck_shelf | X X deliver_truck_shelf)
9063,Deliver pass 2 from house 3 to office 2 but do not enter street 5 until you pick up pass 2,F(house_3 & F(p_pass_2 & F(office_2 & pd))) & (!street_5 U p_pass_2),F(pd & office_2) & (!street_5 U p_pass_2)
9064,"While ( prop_1 ) , ( prop_2 ) .",G(prop_1 -> F prop_2),G(prop_1 -> prop_2)
9065,"in the future either the engine breaks or the semaphore is yellow and, in the future either the bar is down or a motorbike is driven afterwards",G!(engine_breaks | semaphore_is_yellow) | F((engine_breaks | semaphore_is_yellow) & F(bar_is_down | motorbike_is_driven)),F(engine_breaks | semaphore_is_yellow) & F(bar_is_down | F motorbike_is_driven)
9068,"It is always the case that when ( prop_4 ) , or ( prop_1 ) then all of the following conditions hold : there will have to be eventually a certain time point in the future before the end of the simulation , at which ( prop_3 ) , and till then ( prop_2 ) .",G((prop_1 | prop_4) -> (prop_3 U prop_2)),G((prop_4 | prop_1) -> (prop_2 U prop_3))
9071,"If it is true that ( prop_1 ) happens and continues until ( prop_2 ) is detected then as a response ( prop_4 ) should be detected , then ( prop_3 ) should be detected .",((prop_1 U prop_2) -> prop_4) -> prop_3,G((prop_1 U prop_2) -> F(prop_4 & F prop_3))
9076,"If (prop_2) happens all the time, then (prop_1) and (prop_3) should happen at the same time .",G prop_2 -> (prop_1 & prop_3),G(prop_2 ) -> F(prop_1 & prop_3 )
9078,never drop apple or at any time go_by waste basket,G!drop_apple | F go_by_waste_basket,G(!drop_apple) | G(go_by_waste_basket)
9079,"If ( prop_2 ) then ( prop_3 ) , and ( prop_1 ) .",prop_1 & (prop_2 -> prop_3),G((prop_2 -> prop_3) & prop_1)
9080,at some time spend_time_at tree until forever hold_on pear,F spend_time_at_tree U G hold_on_pear,F(spend_time_at_tree U G hold_on_pear)
9081,"In the event that ( prop_2 ) then in response ultimately there will have to exist a certain time instant in the future before the end of the simulation , at which ( prop_1 ) , and before ( prop_3 ) .",G(prop_2 -> (prop_1 U prop_3)),G(prop_2 -> F(prop_1 & !prop_3))
9082,Eventually go to warehouse 3 and pick up package 2 and then go to house 1 to deliver the package and take a picture there.,F(warehouse_3 & F(p_package_2 & F(house_1 & pd & photo))),F(warehouse_3 & p_package_2 & F(house_1 & pd & photo))
9085,at some time ( prop_1 ) and never ( prop_2 ),F(prop_1 & G!prop_2),F(prop_1 ) & G(!prop_2 )
9090,whenever withold apple until at some time visit house,F withold_apple U F visit_house,G(withold_apple U visit_house)
9095,"It is required that (prop_2) is equivalent to (prop_1), and before the end (prop_3) should happen .",(prop_1 <-> prop_2) & F prop_3,G(prop_2 <-> prop_1) & F(prop_3)
9101,Keep revisiting area_2 and capturing a photo,GF(area_2 & photo),G(F(area_2 & F(photo)))
9105,"If ( prop_3 ) then ( prop_4 ) , or else ( prop_2 ) , and also ( prop_1 ) .",prop_1 & (prop_2 | (prop_3 -> prop_4)),G(((prop_3 -> prop_4) | prop_2) & prop_1)
9106,at some time ( prop_1 ) or repeatedly ( prop_2 ),F(prop_1 | GF prop_2),F prop_1 | G prop_2
9108,"In the case ( prop_3 ) or ( prop_1 ) then the following condition is true : at the same time instant ( prop_4 ) , or immediately ( prop_2 ) .",G((prop_1 | prop_3) -> (prop_2 | prop_4)),G((prop_3 | prop_1) -> (prop_4 | X prop_2))
9109,"If either (prop_4) or (prop_3) happens, then wait until (prop_1) is equivalent to (prop_2) .",(prop_3 | prop_4) U (prop_1 <-> prop_2),G((prop_4 | prop_3) -> ( ! (prop_1 <-> prop_2) U (prop_1 <-> prop_2) ))
9110,"if at some time walk_to flag , repeatedly go_to pear",F walk_to_flag -> GF go_to_pear,G(walk_to_flag -> G(go_to_pear))
9111,During the interval that ( prop_2 ) and ( prop_3 ) then the following condition is true : ( prop_1 ) then this scenario must consistently keep in the future until the end of the simulation .,G((prop_2 & prop_3) -> G prop_1),F((prop_2 & prop_3) -> G(prop_1))
9115,Place bottle_3 in kitchen_4 after getting it from bedroom_2,F(bedroom_2 & F(p_bottle_3 & F(kitchen_4 & pd))),G((pd & p_bottle_3 & bedroom_2) -> F(pd & p_bottle_3 & kitchen_4))
9116,"For all time, (prop_2) is true if and only if (prop_3) is not true and (prop_1) is true.",(prop_1 & !prop_3) <-> G prop_2,G(prop_2 <-> (!prop_3 & prop_1))
9117,"(prop_2) is equivalent to (prop_1), or (prop_3) is equivalent to (prop_4) .",(prop_1 <-> prop_2) | (prop_3 <-> prop_4),G((prop_2 <-> prop_1) | (prop_3 <-> prop_4))
9118,( prop_1 ) until at any time ( prop_2 ),prop_1 U F prop_2,prop_1 U prop_2
9123,"If ( prop_2 ) and ( prop_1 ) , then ( prop_3 ) .",(prop_1 & prop_2) -> prop_3,G((prop_2 & prop_1) -> prop_3)
9124,at some time ( prop_1 ) or never ( prop_2 ),F(prop_1 | G!prop_2),F prop_1 | G ! prop_2
9125,"when ( prop_1 ) , repeatedly ( prop_2 )",prop_1 -> GF prop_2,G(prop_1 -> G(F prop_2))
9126,"sooner or later either the sensor retrieves data or a manager collect claims and, it will happen that the train has arrived afterwards",G!(manager_collect_claims | sensor_retrieves_data) | F((manager_collect_claims | sensor_retrieves_data) & F train_has_arrived),F((sensor_retrieves_data | manager_collect_claims) & F(train_has_arrived))
9127,don't let_go orange or at any time migrate_to tree,!let_go_orange | F migrate_to_tree,G(!let_go_orange | G(!migrate_to_tree))
9130,"(prop_2) doesn't happen, and either (prop_1) or (prop_3) happens .",!prop_2 & (prop_1 | prop_3),G(!prop_2 & (prop_1 | prop_3))
9133,"when never drop orange , venture_to trash can",G!drop_orange -> venture_to_trash_can,G(!drop_orange -> F venture_to_trash_can)
9135,"in the future the escalator is blocked or a table is old and, at some point the bar has to be repaired and a car stops afterwards",G!(escalator_is_blocked | table_is_old) | F((escalator_is_blocked | table_is_old) & F(bar_has_to_be_repaired & car_stops)),F((escalator_is_blocked | table_is_old) & F(bar_has_to_be_repaired & F(car_stops)))
9136,( prop_1 ) until whenever ( prop_2 ),prop_1 U F prop_2,prop_1 U prop_2
9139,In the case the transition action that ( prop_1 ) happens then the following condition is true : without any delay ( prop_2 ) .,G(prop_1 -> prop_2),G(prop_1 -> X prop_2)
9140,"Eventually (pickup crate 4, and after that, at park_1, deliver the crate, and remain in park_1 indefinitely)","F(""p_crate_4 "" & F(""park_1 "" & pd & G park_1))","F(""p_crate_4 "" & F(park_1 & pd & G park_1 ))"
9143,"Whenever deliver_aid the injured_rescuer and go_home are equal, go_home and deliver_aid the safe_hostile are equal as well.",G((deliver_aid_injured_rescuer <-> go_home) -> (deliver_aid_safe_hostile <-> go_home)),G(deliver_aid_injured_rescuer <-> go_home -> (go_home <-> deliver_aid_safe_hostile))
9146,"If both (prop_1) and (prop_2) happen, then make sure (prop_3) is true all the time.",(prop_1 & prop_2) -> G prop_3,G((prop_1 & prop_2) -> G(prop_3))
9148,at any time pass_by waste receptacle and repeatedly go_to waste basket,F pass_by_waste_receptacle & GF go_to_waste_basket,G(pass_by_waste_receptacle -> GF go_to_waste_basket)
9149,never ( prop_1 ) or when possible ( prop_2 ),G(!prop_1 | F prop_2),G(!prop_1 ) | G(prop_2 )
9150,when possible seize pear or pick_up orange,pick_up_orange | F seize_pear,G(seize_pear | pick_up_orange)
9153,"If photo unsafe_person ever holds, avoid the active_gas_leak must have held beforehand.",F photo_unsafe_person -> (!photo_unsafe_person U (avoid_active_gas_leak & !photo_unsafe_person)),!photo_unsafe_person | F(avoid_active_gas_leak & F(photo_unsafe_person))
9155,"Globally , whenever ( prop_2 ) and ( prop_3 ) , then all of the following conditions are true : ( prop_1 ) .",G((prop_2 & prop_3) -> G prop_1),G((prop_2 & prop_3) -> prop_1)
9156,"It should be the case that (prop_1) and (prop_2) are always equivalent, and also that (prop_3) happens eventually .",(prop_1 <-> prop_2) & F prop_3,G(prop_1 <-> prop_2) & F(prop_3 )
9157,every time either an elevator is open or the manager handles requests then it should not happen that the engine stops or a train stops,G((elevator_is_open | manager_handles_requests) -> G!(engine_stops | train_stops)),G((elevator_is_open | manager_handles_requests) -> ! (engine_stops | train_stops))
9158,"Either (prop_4) or (prop_2), and (prop_3) implies (prop_1) .",(prop_3 -> prop_1) & (prop_2 | prop_4),((prop_4 | prop_2) & prop_3) -> prop_1
9159,at some time go_near house and do not let_go pear,!let_go_pear & F go_near_house,F(go_near_house & !let_go_pear)
9160,"first, at some point a constructor creates instances or a table is old, and then, finally, a sensor gathers information",G!(constructor_creates_instances | table_is_old) | F((constructor_creates_instances | table_is_old) & F sensor_gathers_information),! (constructor_creates_instances | table_is_old) | F ((constructor_creates_instances | table_is_old) & F (sensor_gathers_information))
9161,"If (prop_3) and (prop_2) occur, then keep them occurring until (prop_1) happens, at which point you should ensure that (prop_4) occurs .",(prop_2 & prop_3) U (prop_1 -> prop_4),G((prop_3 & prop_2) -> ((prop_3 & prop_2) U (prop_1 & F prop_4)))
9162,"In the end make sure (prop_1), or that (prop_3) is equivalent to (prop_2) .",(prop_2 <-> prop_3) | F prop_1,F(prop_1 | (prop_3 <-> prop_2))
9163,whenever ( prop_1 ) and always ( prop_2 ),F(prop_1 & G prop_2),G(prop_1 & G prop_2)
9164,"For all time (prop_2) is true, is equivalent to the scenario in which (prop_1) is equivalent to (prop_3) .",(prop_1 <-> prop_3) <-> G prop_2,(G prop_2 ) <-> (G (prop_1 <-> prop_3 ))
9166,"Always eventually make (prop_1) happen, and if (prop_2), then (prop_3) .",(prop_2 -> prop_3) & F prop_1,(G F prop_1 ) & G(prop_2 -> prop_3 )
9167,"In this task, deliver_aid the injured_victim, then photo safe_person.",deliver_aid_injured_victim U photo_safe_person,!deliver_aid_injured_victim | F(deliver_aid_injured_victim & F(photo_safe_person))
9168,do not let_go orange or at some time visit trash bin,!let_go_orange | F visit_trash_bin,G(!let_go_orange) | F(visit_trash_bin)
9169,"If it is not the case that ( prop_3 ) or ( prop_2 ) then ( prop_1 ) should be true , and vice versa .",prop_1 <-> !(prop_2 | prop_3),G(!(prop_3 | prop_2) <-> prop_1)
9170,"If (prop_3) is equivalent to (prop_1), then keep (prop_2) until (prop_4) happens .",(prop_1 <-> prop_3) -> (prop_2 U prop_4),G((prop_3 <-> prop_1) -> (prop_2 U prop_4))
9176,"If it is the case that ( prop_1 ) or ( prop_2 ) then ( prop_3 ) should happen , or else ( prop_4 ) .",prop_4 | ((prop_1 | prop_2) -> prop_3),G((prop_1 | prop_2) -> (F prop_3 | prop_4))
9178,"Establish communication with the injured_rescuer should always hold, with at most a two-step grace period for recovery.",!G!(communicate_injured_rescuer & X communicate_injured_rescuer),G(communicate_injured_rescuer | X communicate_injured_rescuer | X X communicate_injured_rescuer)
9180,"Globally , during the interval that ( prop_3 ) , and ( prop_1 ) , then ( prop_2 ) .",G((prop_1 & prop_3) -> G prop_2),G((prop_3 & prop_1) -> prop_2)
9181,"The case where (prop_1) does not happen is equivalent to the case where if (prop_2) happens, then (prop_3) happens.",!prop_1 <-> (prop_2 -> prop_3),G(!prop_1 ) <-> G(prop_2 -> prop_3 )
9182,"Keep doing (prop_3) until (prop_2) happens, and at the same time, make sure that (prop_1) does not happen.",!prop_1 & (prop_3 U prop_2),(prop_3 & !prop_1) U prop_2
9184,"If you do (prop_1) and observe (prop_2), and you should keep doing (prop_3) .",prop_1 & prop_2 & G prop_3,G((prop_1 & prop_2) -> G(prop_3))
9187,"If you do (prop_2) and it implies (prop_3), then you should not do (prop_1) .",(prop_2 -> prop_3) -> !prop_1,G((prop_2 & (prop_2 -> prop_3)) -> !prop_1)
9189,go through red_room to get to green_room,F(red_room & F green_room),!red_room | F(red_room & F(green_room))
9190,at the red_room,F red_room,G(red_room )
9194,"If either (prop_1) or (prop_2) happens, then keep (prop_3) for all time afterward .",(prop_1 | prop_2) -> G prop_3,G((prop_1 | prop_2) -> G(prop_3))
9195,never drop apple or whenever present_at flag,G!drop_apple | F present_at_flag,G(!drop_apple) | G(present_at_flag -> drop_apple)
9196,do not ( prop_1 ) and forever ( prop_2 ),!(prop_1 & G prop_2),!prop_1 & G prop_2
9199,never ( prop_1 ) or ( prop_2 ),G(!prop_1 | prop_2),G(!(prop_1 | prop_2))
9200,do not ( prop_1 ) and when possible ( prop_2 ),!(F prop_1 & F prop_2),G(!prop_1) & GF(prop_2)
9201,"at some point in time the car stops or the brake is released and, sooner or later a sensor gathers information afterwards",G!(brake_is_released | car_stops) | F((brake_is_released | car_stops) & F sensor_gathers_information),F((car_stops | brake_is_released) & F(sensor_gathers_information))
9203,"If pickup the cell_phone ever holds, get_help must have held beforehand.",F pickup_cell_phone -> (!pickup_cell_phone U (get_help & !pickup_cell_phone)),!pickup_cell_phone | F(get_help & F(pickup_cell_phone))
9205,"If ( prop_1 ) then ( prop_4 ) , or else ( prop_2 ) , the above scenario is equivalent to ( prop_3 ) .",prop_3 <-> (prop_2 | (prop_1 -> prop_4)),G(((prop_1 -> prop_4) | (!prop_1 -> prop_2)) <-> prop_3)
9206,always hold_onto orange or put_in apple bucket,put_in_apple_bucket | G hold_onto_orange,G(hold_onto_orange | put_in_apple_bucket)
9207,whenever go_to flag until don't pick_up anything,F go_to_flag U !F pick_up_anything,G(go_to_flag -> (!pick_up_anything U !pick_up_anything))
9208,"Once change light_north yellow has occurred, photo the collision on northeast_4th_street will never occur again.",G(change_light_north_yellow -> XG!photo_collision_northeast_4th_street),G(change_light_north_yellow -> G(!photo_collision_northeast_4th_street))
9209,"Globally , while ( prop_1 ) or ( prop_3 ) then the following condition is true : for every time point in the future before the simulation ends there should be a certain moment after between 20 to 68 time units , at which ( prop_2 ) .",G((prop_1 | prop_3) -> GF prop_2),G((prop_1 | prop_3) -> F(prop_2))
9210,don't ( prop_1 ) or when possible ( prop_2 ),!(prop_1 | F prop_2),G(!prop_1) | G(prop_2)
9211,"If either (prop_3) or (prop_2) happens, then keep this condition until either (prop_1) or (prop_4) happens .",(prop_2 | prop_3) U (prop_1 | prop_4),G((prop_3 | prop_2) -> ((prop_3 | prop_2) U (prop_1 | prop_4)))
9213,"when ( prop_1 ) , at some time ( prop_2 )",prop_1 -> F prop_2,G(prop_1 -> F prop_2)
9214,when possible secure pear can infer that go_to orange,F secure_pear -> go_to_orange,G(secure_pear -> F(go_to_orange))
9216,"It is not the case that ( prop_1 ) and ( prop_2 ), which is equal to the case that ( prop_3 ) is observed .",prop_3 <-> !(prop_1 & prop_2),G(!(prop_1 & prop_2) <-> prop_3)
9220,"Until you see that (prop_4) implies (prop_3), keep doing (prop_2) or (prop_1) .",(prop_3 | prop_4) U (prop_2 -> prop_1),(prop_2 | prop_1) U (prop_4 -> prop_3)
9221,( prop_1 ) means that ( prop_2 ),prop_1 -> prop_2,G(prop_1 -> prop_2)
9226,at any time ( prop_1 ) or always ( prop_2 ),F(prop_1 | G prop_2),G(prop_1 | prop_2)
9228,never ( prop_1 ) means that when possible ( prop_2 ),G!prop_1 -> F prop_2,G(!prop_1 ) -> G(prop_2 )
9229,Take a picture  of intersection 7 and stay there,F(intersection_7 & photo & G intersection_7),G(photo & intersection_7)
9230,"Whenever neither record the jaywalker on southeast_2nd_street nor photo the collision on northeast_10th_street holds, photo the cyclist on east_10th_avenue eventually holds.",G(!(photo_collision_northeast_10th_street & record_jaywalker_southeast_2nd_street) -> F photo_cyclist_east_10th_avenue),G((!record_jaywalker_southeast_2nd_street & !photo_collision_northeast_10th_street) -> F(photo_cyclist_east_10th_avenue))
9232,"When ( prop_3 ) and the transition action that ( prop_2 ) occurs then all of the following conditions hold : for each moment in the future till the execution ends , there shall be sometime in the first 44 time units , at which finally ( prop_1 ) .",G((prop_2 & prop_3) -> GF prop_1),G((prop_3 & prop_2) -> F(prop_1))
9234,"Whenever neither get_help nor search the cake holds, search the kite eventually holds.",G(!(get_help & search_cake) -> F search_kite),G((!get_help & !search_cake) -> F(search_kite))
9236,when possible ( prop_1 ) or at any time ( prop_2 ),F(prop_1 | F prop_2),F(prop_1 ) | GF(prop_2 )
9237,at any time ( prop_1 ) and whenever ( prop_2 ),F(prop_1 & F prop_2),G(prop_1 & G(prop_2))
9244,( prop_1 ) until at any time ( prop_2 ),prop_1 U F prop_2,prop_1 U prop_2
9245,"If (prop_2) eventually happens, then either (prop_1) or (prop_3) should also happen .",F prop_2 -> (prop_1 | prop_3),F(prop_2 ) -> F(prop_1 | prop_3 )
9248,at a certain moment the engine starts or the bar has to be repaired after a semaphore is yellow,G(semaphore_is_yellow -> F(bar_has_to_be_repaired | engine_starts)),F(engine_starts | (semaphore_is_yellow -> F(bar_has_to_be_repaired)))
9249,never ( prop_1 ) or ( prop_2 ),G(!prop_1 | prop_2),G(!(prop_1 | prop_2))
9252,never let_go or whenever go_to peach,G!let_go | F go_to_peach,G(!let_go) | G(go_to_peach -> go_to_peach)
9253,"when do not ( prop_1 ) , when possible ( prop_2 )",!prop_1 -> F prop_2,G(!prop_1 -> F prop_2)
9256,when possible go home until at any time move_to flag,F go_home U F move_to_flag,G(go_home U move_to_flag)
9257,when possible get_hold orange means that take_to tree,F get_hold_orange -> take_to_tree,G(get_hold_orange -> F(take_to_tree))
9259,don't let_go pear until at any time snatch pear,!let_go_pear U F snatch_pear,(!let_go_pear U snatch_pear)
9260,never ( prop_1 ) and whenever ( prop_2 ),G(!prop_1 & F prop_2),G(!prop_1 ) & G(prop_2 -> prop_2 )
9261,"first, it is going to happen that the table is brown and the motorbike is driven, and then, sooner or later both a train derails and a house is built",G!(motorbike_is_driven & table_is_brown) | F(motorbike_is_driven & table_is_brown & F(house_is_built & train_derails)),! (table_is_brown & motorbike_is_driven) | F ((table_is_brown & motorbike_is_driven) & F (train_derails & house_is_built))
9262,"Either (prop_2) and (prop_3) happen at the same time, or make sure (prop_1) happens in the end .",(prop_2 & prop_3) | F prop_1,F(prop_2 & prop_3) | F(prop_1)
9264,"When ( prop_3 ) , or the scenario that ( prop_1 ) gets detected then in response the condition that uninterruptedly ( prop_2 ) should not be true .",G((prop_1 | prop_3) -> !G prop_2),G((prop_3 | prop_1) -> G(!prop_2))
9265,In case that at some point ( prop_1 ) or ( prop_4 ) is equivalent to ( prop_3 ) and this scenario is continued until ( prop_2 ) .,(prop_3 <-> (prop_1 | prop_4)) U prop_2,F((prop_1 | prop_4) <-> prop_3) U prop_2
9267,"First, (prop_1) until (prop_3), and make sure that (prop_4) is equivalent to (prop_2) .",(prop_2 <-> prop_4) & (prop_1 U prop_3),(prop_1 U prop_3) & G(prop_4 <-> prop_2)
9268,Keep taking a picture of building 5 while you also keep visiting charger 4,GF(building_5 & photo) & GF charger_4,G(photo & building_5 & charger_4)
9269,at some time go_to trash receptacle until take_to trash can,F go_to_trash_receptacle U take_to_trash_can,F(go_to_trash_receptacle U take_to_trash_can)
9274,repeatedly ( prop_1 ) or ( prop_2 ),G(prop_2 | F prop_1),G(F(prop_1 | prop_2))
9275,"If (prop_1) happens and continues until (prop_3) also happens, then (prop_2) should not be true .",(prop_1 U prop_3) -> !prop_2,G((prop_1 U prop_3) -> !prop_2)
9276,"Do (prop_1) until (prop_2) happens, or else do not allow (prop_3) to happen.",!prop_3 | (prop_1 U prop_2),(prop_1 U prop_2) | G(!prop_3)
9277,"If (prop_3) and (prop_2) happen, then make sure (prop_1) happens at some point afterward .",(prop_2 & prop_3) -> F prop_1,G((prop_3 & prop_2) -> F(prop_1))
9278,at any time snatch pear and always touch flag,F snatch_pear & G touch_flag,G(snatch_pear & G touch_flag)
9279,"If ( prop_2 ) then ( prop_3 ) happens , or else ( prop_1 ) or ( prop_4 ) .",prop_1 | prop_4 | (prop_2 -> prop_3),G((prop_2 -> prop_3) | (prop_1 | prop_4))
9280,"Always ensure that (prop_3) holds true, or make sure that (prop_1) does not happen while (prop_2) happens.",(!prop_1 & prop_2) | G prop_3,G(prop_3 | !(prop_1 & prop_2))
9281,"Globally , if ( prop_1 ) , or ( prop_2 ) then the following condition is true : ( prop_3 ) .",G((prop_1 | prop_2) -> G prop_3),G((prop_1 | prop_2) -> prop_3)
9283,go through the red or the blue_room to get to the green_room,F((blue_room | red_room) & F green_room),! (red_room | blue_room) | F ((red_room | blue_room) & F green_room)
9284,"when when possible visit flag , collect pear",F visit_flag -> collect_pear,G(visit_flag -> F collect_pear)
9287,don't ( prop_1 ) or don't ( prop_2 ),!(prop_1 | !prop_2),!prop_1 | !prop_2
9289,never ( prop_1 ) or at any time ( prop_2 ),G(!prop_1 | F prop_2),G(!prop_1 ) | F(prop_2 )
9290,at any time ( prop_1 ) and ( prop_2 ),F(prop_1 & prop_2),G(prop_1 & prop_2)
9293,"If you do not do (prop_2), then do either (prop_3) or (prop_1) .",!prop_2 -> (prop_1 | prop_3),G(!prop_2 -> (prop_3 | prop_1))
9294,"(prop_3) is equivalent to (prop_2), or (prop_1) is false .",!prop_1 | (prop_2 <-> prop_3),G((prop_3 <-> prop_2) | ! prop_1)
9295,"If (prop_1) or (prop_2) happens, then keep it until (prop_3) doesn't happen .",(prop_1 | prop_2) U !prop_3,G((prop_1 | prop_2) -> ((prop_1 | prop_2) U !prop_3))
9297,"The scenario that ( prop_3 ) or ( prop_1 ) should always be detected, or the scenario that ( prop_2 ) should be detected .",prop_2 | G(prop_1 | prop_3),G(prop_3 | prop_1) | F(prop_2)
9299,"If you do (prop_2) and observe (prop_3), then this is the same as if you had done (prop_1) or (prop_4) .",(prop_2 & prop_3) <-> (prop_1 | prop_4),G((prop_2 & prop_3) <-> (prop_1 | prop_4))
9300,"Make sure (prop_3) happens eventually, and if (prop_2) happens in the meantime, then also make sure (prop_1) happens .",(prop_2 -> prop_1) & F prop_3,F(prop_3 ) & G(prop_2 -> F(prop_1 ))
9302,when possible ( prop_1 ) and repeatedly ( prop_2 ),F(prop_1 & GF prop_2),G(prop_1 -> F(prop_1)) & GF(prop_2)
9305,If at some point ( prop_3 ) or ( prop_2 ) and also ( prop_4 ) then ( prop_1 ) .,(prop_4 & (prop_2 | prop_3)) -> prop_1,F((prop_3 | (prop_2 & prop_4)) -> prop_1)
9306,"Globally , while ( prop_1 ) , and ( prop_3 ) , then the following condition holds : for each time point in the future until the end of the simulation , ( prop_2 ) .",G((prop_1 & prop_3) -> GF prop_2),G((prop_1 & prop_3) -> G(prop_2))
9307,"if always ( prop_1 ) , at any time ( prop_2 )",G prop_1 -> F prop_2,G(prop_1 ) -> G(prop_2 )
9308,at any time make_way_for tree or always touch flag,F make_way_for_tree | G touch_flag,G(make_way_for_tree | touch_flag)
9310,"It is always the case that whenever ( prop_3 ) , and the event that ( prop_2 ) gets observed then in response simultaneously the scenario that ( prop_1 ) ought not to be observed .",G((prop_2 & prop_3) -> prop_1),G((prop_3 & prop_2) -> !prop_1)
9316,"Until (prop_2) doesn't happen, keep the scenario in which (prop_3) is equivalent to the scenario in which (prop_1) happens .",(prop_2 <-> prop_3) U !prop_1,(prop_3 <-> prop_1) U prop_2
9317,when possible ( prop_1 ) until at any time ( prop_2 ),F(prop_1 U F prop_2),prop_1 U (G prop_2)
9318,avoid the yellow_rooms on your way into the green_rooms,F green_room & G!yellow_room,!yellow_room U green_room
9320,"You should either keep (prop_3) true eventually or if (prop_2), make sure (prop_1) is also true .",(prop_2 -> prop_1) | F prop_3,F(prop_3 ) | G(prop_2 -> prop_1 )
9324,Do prop_1 but not do prop_2,prop_1 & !prop_2,G(prop_1 & !prop_2)
9325,"If (prop_4) occurs and continues until (prop_2), then either (prop_3) or (prop_1) should also occur .",(prop_4 U prop_2) -> (prop_1 | prop_3),G((prop_4 U prop_2) -> F(prop_3 | prop_1))
9327,when possible ( prop_1 ) can infer that do not ( prop_2 ),F prop_1 -> !prop_2,G(prop_1 -> !prop_2)
9329,repeatedly go_to apple trashcan or whenever visit trash bin,GF go_to_apple_trashcan | F visit_trash_bin,GF(go_to_apple_trashcan ) | G(visit_trash_bin -> F(go_to_apple_trashcan ))
9331,It is always the case that if ( prop_1 ) then the following condition is true : ( prop_2 ) .,G(prop_1 -> F prop_2),G(prop_1 -> prop_2)
9332,"If (prop_1), (prop_3) and (prop_2) as well.",prop_1 -> (prop_2 & prop_3),G(prop_1 -> (prop_3 & prop_2))
9334,( prop_1 ) until whenever ( prop_2 ),prop_1 U F prop_2,prop_1 U prop_2
9335,"If ( prop_2 ) or ( prop_3 ) happens , then ( prop_1 ) does not happen .",(prop_2 | prop_3) -> !prop_1,G((prop_2 | prop_3) -> !prop_1)
9336,"first, at a certain moment the constructor creates instances or an elevator is blocked, and then, sooner or later the train has arrived",G!(constructor_creates_instances | elevator_is_blocked) | F((constructor_creates_instances | elevator_is_blocked) & F train_has_arrived),! (constructor_creates_instances | elevator_is_blocked) | F ((constructor_creates_instances | elevator_is_blocked) & F train_has_arrived)
9337,visit tree and at any time be_at house,visit_tree & F be_at_house,F(visit_tree ) & G(be_at_house )
9346,Persistently take crate 4 from warehouse 3 to store 9 while consistently visiting charger 3,GF(warehouse_3 & F(p_crate_4 & F(pd & store_9))) & GF charger_3,G(p_crate_4 & warehouse_3 & F(store_9) & charger_3)
9350,every time the motorbike is driven or the escalator speeds up then it will not happen that the train derails or the motorbike falls down,G((escalator_speeds_up | motorbike_is_driven) -> G!(motorbike_falls_down | train_derails)),G((motorbike_is_driven | escalator_speeds_up) -> ! (train_derails | motorbike_falls_down))
9351,repeatedly ( prop_1 ) until at some time ( prop_2 ),G(F prop_1 U F prop_2),prop_1 U prop_2
9352,never drop pear until whenever travel_to house,G!drop_pear U F travel_to_house,!drop_pear U travel_to_house
9354,"If you detect (prop_2) and (prop_3), then you should do (prop_4) and (prop_1) .",(prop_2 & prop_3) -> (prop_1 & prop_4),G((prop_2 & prop_3) -> F(prop_4 & prop_1))
9356,whenever ( prop_1 ) until ( prop_2 ),F(prop_1 U prop_2),G(prop_1 U prop_2)
9358,"If get_help holds, then in the next step change light_west green persists until change light_north red holds, or else change light_west green holds forever.",get_help -> X((change_light_west_green U change_light_north_red) | G change_light_west_green),G(get_help -> (X(change_light_west_green U change_light_north_red) | G(change_light_west_green)))
9360,If ( prop_2 ) is equivalent to ( prop_3 ) and also ( prop_1 ) .,prop_1 & (prop_2 <-> prop_3),G((prop_2 <-> prop_3) & prop_1)
9361,"eventually, the bar is down or the constructor instantiate objects after a train has arrived",G(train_has_arrived -> F(bar_is_down | constructor_instantiate_objects)),F(bar_is_down | (train_has_arrived -> F(constructor_instantiate_objects)))
9362,"Whenever get_help and communicate the safe_rescuer are equal, communicate the safe_rescuer and avoid the nearest_unstable_beam are equal as well.",G((communicate_safe_rescuer <-> get_help) -> (avoid_nearest_unstable_beam <-> communicate_safe_rescuer)),G((get_help & communicate_safe_rescuer) -> (communicate_safe_rescuer & avoid_nearest_unstable_beam))
9364,when possible ( prop_1 ) means that ( prop_2 ),F prop_1 -> prop_2,G(prop_1 -> prop_2)
9365,"Until (prop_3) and (prop_1) happen at the same time, if (prop_4) happens then (prop_2) should also happen .",(prop_3 -> prop_1) U (prop_2 & prop_4),(! (prop_3 & prop_1)) U (prop_4 -> prop_2)
9366,repeatedly ( prop_1 ) and at any time ( prop_2 ),G(F prop_1 & F prop_2),GF(prop_1 ) & G(prop_2 )
9367,"Eventually, do (prop_3), and if (prop_1) happens, then also do (prop_2).",(prop_1 -> prop_2) & F prop_3,F(prop_3 ) & G(prop_1 -> F(prop_2 ))
9370,"(prop_2) is not the case, and (prop_3) is equivalent to (prop_1) .",!prop_2 & (prop_1 <-> prop_3),G(!prop_2 & (prop_3 <-> prop_1))
9371,at some time go_by waste basket or secure apple,secure_apple | F go_by_waste_basket,F(go_by_waste_basket | secure_apple)
9374,"Whenever neither search the baseball_glove nor deliver the spoon to the shelf holds, get_help eventually holds.",G(!(deliver_spoon_shelf & search_baseball_glove) -> F get_help),G((!search_baseball_glove & !deliver_spoon_shelf) -> F get_help)
9376,"first, at some point the bridge closes, and then, it is going to happen that either the manager collect claims or the constructor creates instances",G!bridge_closes | F(bridge_closes & F(constructor_creates_instances | manager_collect_claims)),!bridge_closes | F(bridge_closes & F(manager_collect_claims | constructor_creates_instances))
9377,always ( prop_1 ) or whenever ( prop_2 ),G(prop_1 | F prop_2),G(prop_1 ) | G(prop_2 -> prop_2 )
9379,at any time ( prop_1 ) and forever ( prop_2 ),F(prop_1 & G prop_2),G(prop_1 & G prop_2)
9380,"first, finally, a bridge closes, and then, it is going to happen that either the bar is closing or the brake is pressed",G!bridge_closes | F(bridge_closes & F(bar_is_closing | brake_is_pressed)),!bridge_closes | F(bridge_closes & F(bar_is_closing | brake_is_pressed))
9382,Both (prop_1) and (prop_3) happen if and only if (prop_2) does not happen.,!prop_2 <-> (prop_1 & prop_3),G((prop_1 & prop_3) <-> !prop_2)
9383,( prop_1 ) and whenever ( prop_2 ),prop_1 & F prop_2,prop_1 & G(prop_2 -> prop_2)
9384,"If (prop_1) does not happen, then keep (prop_3) until (prop_2) happens .",!prop_1 -> (prop_3 U prop_2),G(!prop_1 -> (prop_3 U prop_2))
9385,"If (prop_4) and (prop_3) are both true, and if (prop_2), then make (prop_1) true .",prop_3 & prop_4 & (prop_2 -> prop_1),G((prop_4 & prop_3 & prop_2) -> prop_1)
9386,travel_to tree and when possible grab apple,travel_to_tree & F grab_apple,G(travel_to_tree & F grab_apple)
9387,(prop_1),F prop_1,G(prop_1 )
9390,whenever ( prop_1 ) and at some time ( prop_2 ),F(prop_1 & F prop_2),G(prop_1 -> F prop_2)
9391,"Always make sure that ( prop_1 ) happens, and also ensure that both ( prop_2 ) and ( prop_3 ) are true simultaneously.",prop_2 & prop_3 & G prop_1,G(prop_1 & (prop_2 & prop_3))
9392,when possible journey_by house or always go_by trash can,F journey_by_house | G go_by_trash_can,G(journey_by_house | go_by_trash_can)
9394,"For all time, (prop_3) is true, and at the same time, (prop_1) and (prop_2) are both true .",prop_1 & prop_2 & G prop_3,G(prop_3 & prop_1 & prop_2)
9396,at some time ( prop_1 ) or never ( prop_2 ),F(prop_1 | G!prop_2),F prop_1 | G ! prop_2
9397,It is okay if either (prop_2) and (prop_3) or just (prop_1) finally happen .,(prop_2 & prop_3) | F prop_1,F((prop_2 & prop_3) | prop_1)
9400,repeatedly ( prop_1 ) or at some time ( prop_2 ),G(F prop_1 | F prop_2),GF(prop_1 ) | F(prop_2 )
9404,enter red_room through green_room,F(green_room & F red_room),!green_room | F(green_room & F(red_room))
9405,always go_by trash can or when possible grab apple,G go_by_trash_can | F grab_apple,G(go_by_trash_can | F grab_apple)
9407,when possible ( prop_1 ) and when possible ( prop_2 ),F(prop_1 & F prop_2),G(prop_1 & prop_2)
9408,"Whenever record the jaywalker on northwest_3rd_street and change light_north green are equal, change light_north green and change light_west red are equal as well.",G((change_light_north_green <-> record_jaywalker_northwest_3rd_street) -> (change_light_north_green <-> change_light_west_red)),G((record_jaywalker_northwest_3rd_street & change_light_north_green) -> (change_light_north_green & change_light_west_red))
9409,If ( prop_1 ) is not equivalent to ( prop_2 ) then ( prop_3 ) .,!(prop_1 <-> prop_2) -> prop_3,G(!(prop_1 <-> prop_2) -> prop_3)
9410,"If (prop_3) occurs, then keep it true until (prop_2), or else do not do (prop_1) .",!prop_1 | (prop_3 U prop_2),G(prop_3 -> ((prop_3 U prop_2) | G(!prop_1)))
9412,"The scenario in which ( prop_2 ) happens and then ( prop_1 ) , is equivalent to ( prop_3 ) .",prop_3 <-> (prop_2 -> prop_1),(F(prop_2 & F prop_1)) <-> prop_3
9416,( prop_1 ) and whenever ( prop_2 ),prop_1 & F prop_2,prop_1 & G(prop_2 -> prop_2)
9418,"If (prop_1) is equivalent to (prop_3), then ensure (prop_2) happens soon .",(prop_1 <-> prop_3) -> F prop_2,G((prop_1 <-> prop_3) -> F(prop_2 ))
9420,"first, at a certain moment either the engine breaks or the manager handles requests, and then, sooner or later both the escalator speeds up and the bridge opens",G!(engine_breaks | manager_handles_requests) | F((engine_breaks | manager_handles_requests) & F(bridge_opens & escalator_speeds_up)),!((engine_breaks | manager_handles_requests)) | F((engine_breaks | manager_handles_requests) & F(escalator_speeds_up & bridge_opens))
9421,"first, eventually, both a table is old and the bar has to be repaired, and then, sooner or later a bridge closes",G!(bar_has_to_be_repaired & table_is_old) | F(bar_has_to_be_repaired & table_is_old & F bridge_closes),! (table_is_old & bar_has_to_be_repaired) | F ((table_is_old & bar_has_to_be_repaired) & F (bridge_closes))
9422,"You will see (prop_4) and (prop_2), and do (prop_3) until (prop_1) .",prop_2 & prop_4 & (prop_3 U prop_1),F((prop_4 & prop_2) & (prop_3 U prop_1))
9424,Retrieve luggage 2 and deliver it to room 402,F(p_luggage_2 & F(pd & room_402)),F(p_luggage_2 & F(room_402))
9426,"For each time instant in the coming  time units if ( prop_3 ) then ( prop_1 ) , the above condition should be equivalent to ( prop_2 ) .",prop_2 <-> G(prop_3 -> prop_1),G((prop_3 -> prop_1) <-> prop_2)
9427,The scenario where ( prop_1 ) and ( prop_2 ) both happen is equivalent to the scenario where ( prop_4 ) and ( prop_3 ) both happen.,(prop_1 & prop_2) <-> (prop_3 & prop_4),G((prop_1 & prop_2) <-> (prop_4 & prop_3))
9431,"For each time instant ( prop_3 ) is equivalent to ( prop_1 ) , or else ( prop_2 ) .",prop_2 | G(prop_1 <-> prop_3),G((prop_3 <-> prop_1) | prop_2)
9432,whenever the elevator is open or the bar is closing then it will not happen that both the motorbike catches fire and a bridge opens,G((bar_is_closing | elevator_is_open) -> G!(bridge_opens & motorbike_catches_fire)),G((elevator_is_open | bar_is_closing) -> !(motorbike_catches_fire & bridge_opens))
9433,"Return to base must hold until get_help does, or else go_home holds forever.",(go_home U get_help) | G go_home,(return_to_base U get_help) | G go_home
9434,"when ( prop_1 ) , ( prop_2 )",prop_1 -> prop_2,G(prop_1 -> prop_2)
9435,"While staying out of street 4, pickup package 8 from store 7 and deliver it to house 2",G!street_4 & F(store_7 & F(p_package_8 & F(house_2 & pd))),(!street_4 ) U (p_package_8 & store_7 & F(pd & house_2 ))
9436,forever ( prop_1 ) until at any time ( prop_2 ),G(prop_1 U F prop_2),prop_1 U F prop_2
9437,grip apple until whenever venture flag,grip_apple U F venture_flag,grip_apple U venture_flag
9438,"Make sure that if (prop_3) then (prop_2), and eventually do (prop_1) .",(prop_3 -> prop_2) & F prop_1,G(prop_3 -> prop_2) & F(prop_1 )
9443,when possible advance_to house until repeatedly go_to waste basket,F advance_to_house U GF go_to_waste_basket,G(advance_to_house U go_to_waste_basket)
9444,whenever going_to house until when possible tax apple,F going_to_house U F tax_apple,G(going_to_house U tax_apple)
9446,at any time come home or never drop apple,F come_home | G!drop_apple,G(come_home | G(!drop_apple))
9449,"If at some point ( prop_2 ) or ( prop_4 ) is detected and this scenario continues until at some other point ( prop_1 ) is detected , then ( prop_3 ) .",((prop_2 | prop_4) U prop_1) -> prop_3,G(((prop_2 | prop_4) U prop_1) -> prop_3)
9450,never drop apple or when possible get apple,G!drop_apple | F get_apple,G(!drop_apple) | G(F get_apple)
9451,"Globally , whenever the transition action that ( prop_3 ) occurs then all of the following conditions hold : immediately ( prop_1 ) , or simultaneously ( prop_2 ) .",G(prop_3 -> (prop_1 | prop_2)),G(prop_3 -> (X prop_1 | prop_2))
9452,"In the case of ( prop_2 ) or ( prop_1 ), then in response ( prop_3 ) and the transition action ( prop_4 ) must be observed at the same time.",G((prop_1 | prop_2) -> (prop_3 & prop_4)),G((prop_2 | prop_1) -> F(prop_3 & prop_4))
9453,never let_go and when possible set_out_to house,G!let_go & F set_out_to_house,G(!let_go) & G(F set_out_to_house)
9455,If it is not the case that ( prop_2 ) and ( prop_1 ) then ( prop_3 ) .,!(prop_1 & prop_2) -> prop_3,G(!(prop_2 & prop_1) -> prop_3)
9456,"Globally , while the event that ( prop_3 ) does not happen , then all of the following conditions hold : ( prop_2 ) , and until then ( prop_1 ) .",G(prop_3 -> (prop_2 U prop_1)),G(!prop_3 -> (prop_2 & (prop_1 U prop_3)))
9457,Ensure you never go to street 3 while traveling to building 4,G!street_3 & F building_4,G(!street_3 | !building_4)
9464,"If ( prop_2 ) happens and continues to happen until ( prop_1 ) , or ( prop_4 ) , then the above condition  is equivalent to ( prop_3 ) .",prop_3 <-> (prop_4 | (prop_2 U prop_1)),G(((prop_2 U prop_1) | prop_4) <-> prop_3)
9465,hold orange or when possible grab pear,hold_orange | F grab_pear,G(hold_orange | F grab_pear)
9466,Stay in building 4 while transportin gfolder 3 from room 43 to room 12,building_4 U (room_43 & F(p_folder_3 & F(pd & room_12))),G(p_folder_3 & room_43 U (p_folder_3 & room_12)) & G(building_4 )
9467,It is required that at a certain point the scenario in which ( prop_3 ) is equivalent to the scenario in which ( prop_1 ) is equivalent to the scenario in which ( prop_2 ) .,(prop_1 <-> prop_2) <-> F prop_3,F(prop_3 <-> (prop_1 <-> prop_2 ))
9469,at some time ( prop_1 ) or always ( prop_2 ),F(prop_1 | G prop_2),F prop_1 | G prop_2
9470,at any time venture_to waste basket and repeatedly make_way_to house,F venture_to_waste_basket & GF make_way_to_house,G(venture_to_waste_basket -> F(make_way_to_house))
9471,when possible go_to home until hold orange,F go_to_home U hold_orange,G(go_to_home U hold_orange)
9472,"if when possible ( prop_1 ) , never ( prop_2 )",F prop_1 -> G!prop_2,G(prop_1 -> G(!prop_2))
9475,"Globally , when the transition action that ( prop_2 ) does not occur or ( prop_1 ) , then all of the following conditions hold : ( prop_4 ) or right away ( prop_3 ) .",G((prop_1 | prop_2) -> (prop_3 | prop_4)),G((!prop_2 | prop_1) -> (prop_4 | X prop_3))
9476,at any time lay_hold_of apple or when possible clutch orange,F lay_hold_of_apple | F clutch_orange,G(lay_hold_of_apple | F clutch_orange)
9477,go green to red or yellow to red,F((green_room | yellow_room) & F red_room),G((green_room -> F red_room) | (yellow_room -> F red_room))
9479,"Once (prop_2) and (prop_3) both happen, then (prop_1) will eventually happen .",(prop_2 & prop_3) -> F prop_1,G((prop_2 & prop_3) -> F(prop_1))
9480,"If at some point ( prop_2 ) is not detected and this continues until ( prop_3 ) , or else ( prop_1 ) .",prop_1 | (!prop_2 U prop_3),F(!prop_2 U prop_3) | prop_1
9482,every time both a motorbike falls down and the escalator is blocked after a semaphore is yellow,G(semaphore_is_yellow -> G(escalator_is_blocked & motorbike_falls_down)),G((semaphore_is_yellow & F(motorbike_falls_down & escalator_is_blocked)))
9485,"If ( prop_4 ) then ( prop_3 ) , and also ( prop_1 ) , or else ( prop_2 ) .",prop_2 | (prop_1 & (prop_4 -> prop_3)),G(((prop_4 -> prop_3) & prop_1) | prop_2)
9487,whenever ( prop_1 ) until ( prop_2 ),F(prop_1 U prop_2),G(prop_1 U prop_2)
9488,"Take a photo of the motorcycle on east_8th_street should always hold, with at most a two-step grace period for recovery.",!G!(photo_motorcycle_east_8th_street & X photo_motorcycle_east_8th_street),G(photo_motorcycle_east_8th_street | X photo_motorcycle_east_8th_street | X X photo_motorcycle_east_8th_street)
9489,"first, at some point in time the elevator is open or a train derails, and then, at some point in time a sensor gathers information",G!(elevator_is_open | train_derails) | F((elevator_is_open | train_derails) & F sensor_gathers_information),! (elevator_is_open | train_derails) | F ((elevator_is_open | train_derails) & F (sensor_gathers_information))
9491,in any case the sensor captures data or the brake is released after either a constructor creates instances or the escalator is blocked,G((constructor_creates_instances | escalator_is_blocked) -> G(brake_is_released | sensor_captures_data)),G((constructor_creates_instances | escalator_is_blocked) -> F(sensor_captures_data | brake_is_released))
9494,whenever seize orange and whenever capture pear,F seize_orange & F capture_pear,G(seize_orange) & G(capture_pear)
9496,"if drop pear , when possible grab flag",drop_pear -> F grab_flag,G(drop_pear -> F(grab_flag))
9497,"For all time, (prop_1), is equivalent to the scenario in which (prop_3) and (prop_2) happen .",(prop_2 & prop_3) <-> G prop_1,G(prop_1 <-> (prop_3 & prop_2))
9500,at any time make_way waste basket until at some time spend_time_at tree,F make_way_waste_basket U F spend_time_at_tree,G(make_way_waste_basket U spend_time_at_tree)
9501,at the yellow_room but do not pass through the red_room on your way,F yellow_room & G!red_room,F(yellow_room) & (!red_room U yellow_room)
9503,Retrieve the baseball_glove can only happen after idle.,!pickup_baseball_glove U idle,G(!pickup_baseball_glove U idle)
9504,"If ( prop_1 ) does not happen , then ( prop_3 ) and ( prop_2 ) should happen .",!prop_1 -> (prop_2 & prop_3),G(!prop_1 -> (prop_3 & prop_2))
9506,whenever get_to cup or at some time seize orange,F get_to_cup | F seize_orange,G(get_to_cup ) | F(seize_orange )
9509,"first, eventually, both the escalator moves and a car starts, and then, sooner or later a train has arrived",G!(car_starts & escalator_moves) | F(car_starts & escalator_moves & F train_has_arrived),! (escalator_moves & car_starts) | F ((escalator_moves & car_starts) & F (train_has_arrived))
9510,"Whenever neither get_help nor avoid the probable_debris holds, go_home eventually holds.",G(!(avoid_probable_debris & get_help) -> F go_home),G((!get_help & !avoid_probable_debris) -> F(go_home))
9511,whenever pass_by house until gather apple,F pass_by_house U gather_apple,G(pass_by_house U gather_apple)
9513,never drop pear and whenever journey_to flag,G!drop_pear & F journey_to_flag,G(!drop_pear) & G(journey_to_flag -> journey_to_flag)
9514,when possible go_by flag can infer that when possible pass_by trash bin,F go_by_flag -> F pass_by_trash_bin,G(go_by_flag -> F(pass_by_trash_bin))
9515,"If photo the cyclist on southeast_2nd_street ever holds, photo the vehicle on south_5th_avenue must have held beforehand.",F photo_cyclist_southeast_2nd_street -> (!photo_cyclist_southeast_2nd_street U (!photo_cyclist_southeast_2nd_street & photo_vehicle_south_5th_avenue)),!photo_cyclist_southeast_2nd_street | F(photo_vehicle_south_5th_avenue & F(photo_cyclist_southeast_2nd_street))
9516,Whenever ( prop_3 ) then all of the following conditions are true : without any delay ( prop_2 ) and at the same time the transition action that ( prop_1 ) ought to get detected .,G(prop_3 -> (prop_1 & prop_2)),G(prop_3 -> (X(prop_2 & prop_1)))
9518,Take letter 2 from post_office_1 and place it in building_3 afterward,F(post_office_1 & F(p_lettter_2 & F(building_3 & pd))),F(pd & post_office_1 & p_lettter_2 & F(pd & building_3 & p_lettter_2))
9521,"Pick up box_1 from store_6, deliver it to house_9, and then head to intersection_5 and stay there",F(store_6 & F(p_box_1 & F(house_9 & pd))) & F(intersection_5 & G intersection_5),F(p_box_1 & store_6 & F(pd & house_9 & F(G intersection_5)))
9522,The scenario in which (prop_2) happens and then (prop_3) happens is equivalent to the scenario in which finally (prop_1) happens .,(prop_2 -> prop_3) <-> F prop_1,F(prop_2 & F(prop_3)) <-> F(prop_1 )
9523,"Globally , whenever the transition action that ( prop_1 ) occurs then promptly ( prop_2 ) .",G(prop_1 -> prop_2),G(prop_1 -> X prop_2)
9525,"Whenever search the sheep and idle are equal, idle and search the oven are equal as well.",G((idle <-> search_sheep) -> (idle <-> search_oven)),G((search_sheep & idle) -> (idle & search_oven))
9527,Continuously revisit warehouse 4 and each time ensure you pick up crate 3 and deliver it to mall 3,GF(warehouse_4 & F(p_crate_3 & F(mall_3 & pd))),G(warehouse_4 -> F(p_crate_3 & F(mall_3)))
9529,Retrieve dish 2 by going to parking lot 2,F(p_dish_2 & parking_lot_2),F(parking_lot_2 & F p_dish_2)
9530,"If (prop_1) or (prop_2), then keep (prop_3) for all time .",(prop_1 | prop_2) -> G prop_3,G((prop_1 | prop_2) -> G(prop_3))
9531,"(prop_2) is not observed, or do (prop_3) and (prop_1) .",!prop_2 | (prop_1 & prop_3),G(!prop_2 | (prop_3 & prop_1))
9532,Avoid entering park 3 while completing the task of taking a picture of monument 3,G!park_3 & F(monument_3 & photo),G(!(park_3 & (photo & monument_3)))
9533,at any time ( prop_1 ) and when possible ( prop_2 ),F(prop_1 & F prop_2),G(prop_1 & F prop_2)
9535,gather orange until when possible proceed_to tree,gather_orange U F proceed_to_tree,gather_orange U proceed_to_tree
9536,( prop_1 ) can infer that at any time ( prop_2 ),prop_1 -> F prop_2,G(prop_1 -> G prop_2)
9538,"If (prop_1) doesn't happen, then keep waiting until (prop_3) is equivalent to (prop_2) .",!prop_1 U (prop_2 <-> prop_3),G(!prop_1 -> (!prop_1 U (prop_3 <-> prop_2)))
9539,"it is going to happen that the engine breaks or a car enters and, at a certain moment either the constructor creates instances or a table is old afterwards",G!(car_enters | engine_breaks) | F((car_enters | engine_breaks) & F(constructor_creates_instances | table_is_old)),F((engine_breaks | car_enters) & F(constructor_creates_instances | table_is_old))
9540,"When the scenario that ( prop_3 ) takes place , then at the same moment ( prop_1 ) and without any delay ( prop_2 ) .",G(prop_3 -> (prop_1 & prop_2)),G(prop_3 -> (prop_1 & X prop_2))
9541,approach tree can infer that when possible visit waste basket,approach_tree -> F visit_waste_basket,G(approach_tree -> F(visit_waste_basket))
9543,"If it is not the case that ( prop_1 ) then ( prop_2 ) , then ( prop_3 ) .",!(prop_1 -> prop_2) -> prop_3,G((!prop_1 -> prop_2) -> prop_3)
9544,"If deliver the knife to the loading_dock ever holds, idle must have held beforehand.",F deliver_knife_loading_dock -> (!deliver_knife_loading_dock U (!deliver_knife_loading_dock & idle)),!deliver_knife_loading_dock | F(idle & F(deliver_knife_loading_dock))
9545,whenever ( prop_1 ) or repeatedly ( prop_2 ),F(prop_1 | GF prop_2),G(prop_1 | GF prop_2)
9547,( prop_1 ) and when possible ( prop_2 ),prop_1 & F prop_2,G(prop_1 & F prop_2)
9548,never ( prop_1 ) until at some time ( prop_2 ),G(!prop_1 U F prop_2),(!prop_1 ) U ( prop_2 )
9550,"If ( prop_3 ) leads to ( prop_2 ), then when ( prop_4 ) happens, it should also lead to ( prop_1 ).",(prop_3 -> prop_2) -> (prop_4 -> prop_1),G(prop_3 -> F(prop_2)) -> G(prop_4 -> F(prop_1))
9551,"(prop_2) does not occur, and do (prop_1) until (prop_3) .",!prop_2 & (prop_1 U prop_3),G(!prop_2 ) & (prop_1 U prop_3 )
9552,"If pickup the teddy-bear holds, then in the next step get_help persists until idle holds, or else get_help holds forever.",pickup_teddy_bear -> X((get_help U idle) | G get_help),G(pickup_teddy_bear -> X(get_help U idle | G get_help))
9553,never let_go apple or when possible move_forward trash can,G!let_go_apple | F move_forward_trash_can,G(!let_go_apple) | G(move_forward_trash_can)
9554,"( prop_3 ) is not detected and ( prop_2 ) is detected , and ( prop_1 ) happens .",prop_1 & prop_2 & !prop_3,G(!prop_3 & prop_2 & prop_1)
9555,go through the yellow or red_room to reach the blue_room,F((red_room | yellow_room) & F blue_room),! (yellow_room | red_room) | F ((yellow_room | red_room) & F blue_room)
9556,"If ( prop_2 ) or ( prop_1 ) happens , then ( prop_3 ) does not happen .",(prop_1 | prop_2) -> !prop_3,G((prop_2 | prop_1) -> !prop_3)
9557,"If (prop_1) and (prop_2) happen at the same time, then wait until (prop_3) or (prop_4) happens .",(prop_1 & prop_2) U (prop_3 | prop_4),G((prop_1 & prop_2) -> (! (prop_3 | prop_4) U (prop_3 | prop_4)))
9559,Go to office 3 to pick up document 1 and move to street 2 to remain there indefinitely,F(office_3 & F(p_document_1 & F(street_2 & G street_2))),F(office_3 & p_document_1 & F(G street_2))
9560,"If (prop_1) does not occur, then (prop_3) and (prop_2) should happen, and vice versa .",!prop_1 <-> (prop_2 & prop_3),G(!prop_1 <-> (prop_3 & prop_2))
9562,"If (prop_2), (prop_3) until (prop_1).",prop_2 -> (prop_3 U prop_1),G(prop_2 -> (prop_3 U prop_1))
9563,at any time contact house or never drop orange,F contact_house | G!drop_orange,G(contact_house | G(!drop_orange))
9565,never drop orange and when possible start_going_to tree,G!drop_orange & F start_going_to_tree,G(!drop_orange) & G(F start_going_to_tree)
9566,"If at some point ( prop_4 ) happens and continues to happen until ( prop_2 ) is detected , then the scenario is equivalent to ( prop_3 ) , and ( prop_1 ) .",prop_1 & (prop_3 <-> (prop_4 U prop_2)),F(prop_4 U prop_2) -> (prop_3 & prop_1)
9567,Do not at locality_5 before collecting pass_5 from house_2 and delivering it to office_3,!locality_5 U (house_2 & F(p_pass_5 & F(office_3 & pd))),G(!locality_5 U (p_pass_5 & house_2 & F(p_pass_5 & office_3)))
9568,when the train is crossing then if a table is brown then at a certain moment the motorbike has stopped afterwards,G(train_is_crossing -> G(table_is_brown -> F motorbike_has_stopped)),G((train_is_crossing & table_is_brown) -> F(motorbike_has_stopped))
9569,gather apple until when possible move_past trash can,gather_apple U F move_past_trash_can,gather_apple U move_past_trash_can
9570,"first, it will happen that both the manager collect claims and a semaphore is broken, and then, eventually, either the sensor retrieves data or a train has been launched",G!(manager_collect_claims & semaphore_is_broken) | F(manager_collect_claims & semaphore_is_broken & F(sensor_retrieves_data | train_has_been_launched)),! (manager_collect_claims & semaphore_is_broken) | F ((manager_collect_claims & semaphore_is_broken) & F (sensor_retrieves_data | train_has_been_launched))
9572,"If photo the vehicle on southeast_1st_avenue ever holds, record the jaywalker on east_7th_avenue must have held beforehand.",F photo_vehicle_southeast_1st_avenue -> (!photo_vehicle_southeast_1st_avenue U (!photo_vehicle_southeast_1st_avenue & record_jaywalker_east_7th_avenue)),!photo_vehicle_southeast_1st_avenue | F(record_jaywalker_east_7th_avenue & F(photo_vehicle_southeast_1st_avenue))
9574,"always, the bar is down or the sensor retrieves data after either a manager handles requests or a motorbike has started",G((manager_handles_requests | motorbike_has_started) -> G(bar_is_down | sensor_retrieves_data)),G((manager_handles_requests | motorbike_has_started) -> F(bar_is_down | sensor_retrieves_data))
9575,don't pick_up anything or when possible withold apple,!F pick_up_anything | F withold_apple,G(!pick_up_anything | withold_apple)
9576,forever hold_on pear and drop pear,drop_pear & G hold_on_pear,G(hold_on_pear & drop_pear)
9577,"eventually, either a motorbike has stopped or the engine stops after either a motorbike is driven or an elevator is open",G((elevator_is_open | motorbike_is_driven) -> F(engine_stops | motorbike_has_stopped)),F(motorbike_has_stopped | ((motorbike_is_driven | elevator_is_open) -> F(engine_stops)))
9578,Stay within area 5 until you collect package 8 from store 2 and transport it to house 9,area_5 U (store_2 & F(p_package_8 & F(house_9 & pd))),area_5 U (p_package_8 & store_2 & F(p_package_8 & house_9))
9580,"first, eventually, the sensor retrieves data and the house collapses, and then, finally, a car starts and the semaphore is broken",G!(house_collapses & sensor_retrieves_data) | F(house_collapses & sensor_retrieves_data & F(car_starts & semaphore_is_broken)),! (sensor_retrieves_data & house_collapses) | F ((sensor_retrieves_data & house_collapses) & F (car_starts & semaphore_is_broken))
9581,whenever obtain pear or never drop orange,F obtain_pear | G!drop_orange,G((obtain_pear | G(!drop_orange)))
9583,"when ( prop_1 ) , at any time ( prop_2 )",prop_1 -> F prop_2,G(prop_1 -> G(prop_2))
9585,guarantee that (prop_1),F prop_1,G(prop_1 )
9588,at the yellow_room,F yellow_room,G(yellow_room )
9589,forever hold_onto orange and whenever get_close flag,G hold_onto_orange & F get_close_flag,G(hold_onto_orange & (get_close_flag -> get_close_flag))
9590,"Get (prop_1) to occur as soon as possible, and while doing so, also do (prop_3) and (prop_2) .",prop_2 & prop_3 & F prop_1,(!prop_1 U (prop_1 & prop_2 & prop_3))
9592,"(prop_1). Once (prop_2), (prop_3)",prop_1 & (prop_2 U prop_3),G(prop_1) & G(prop_2 -> F(prop_3))
9594,at the green_room,F green_room,G(green_room )
9597,"Either (prop_1) is the same as (prop_2), or else if (prop_3), then make sure (prop_4) .",(prop_1 <-> prop_2) | (prop_3 -> prop_4),(prop_1 <-> prop_2) | G(prop_3 -> F(prop_4))
9599,"at some point in time both the train has been launched and the escalator is blocked and, at some point in time a train has arrived afterwards",G!(escalator_is_blocked & train_has_been_launched) | F(escalator_is_blocked & train_has_been_launched & F train_has_arrived),F((train_has_been_launched & escalator_is_blocked) & F(train_has_arrived))
9601,never ( prop_1 ) until at any time ( prop_2 ),G(!prop_1 U F prop_2),(!prop_1 ) U (prop_2 )
9605,"If (prop_2) and (prop_3), then if (prop_4), then (prop_1) .",(prop_2 & prop_3) -> (prop_4 -> prop_1),G((prop_2 & prop_3) -> (prop_4 -> prop_1))
9608,"Whenever (prop_2) or (prop_3) happens, make sure (prop_1) always happens .",(prop_2 | prop_3) -> G prop_1,G((prop_2 | prop_3) -> G(prop_1))
9612,At some point (prop_1) and at some point (prop_2),F(prop_1 & prop_2),F(prop_1 ) & F(prop_2 )
9614,"when when possible ( prop_1 ) , ( prop_2 )",F prop_1 -> prop_2,G(prop_1 -> prop_2)
9615,whenever ( prop_1 ) or never ( prop_2 ),F(prop_1 | G!prop_2),G(prop_1 | G(!prop_2))
9616,( prop_1 ) can infer that whenever ( prop_2 ),prop_1 -> F prop_2,G(prop_1 -> G(prop_2))
9620,The scenario in which ( prop_1 ) doesn't happen is equivalent to the scenario in which ( prop_3 ) happens and continues until ( prop_2 ) happens .,!prop_1 <-> (prop_3 U prop_2),G(!prop_1 ) <-> (prop_3  U prop_2 )
9621,"The scenario that ( prop_3 ) , and the scenario that ( prop_1 ) , and the scenario that ( prop_4 ) , and the scenario that ( prop_2 ) .",prop_1 & prop_2 & prop_3 & prop_4,G(prop_3 & prop_1 & prop_4 & prop_2)
9622,keep apple until when possible have pear,keep_apple U F have_pear,keep_apple U have_pear
9623,"Call for help should always hold, with at most a two-step grace period for recovery.",!G!(get_help & X get_help),G(get_help | X get_help | X X get_help)
9626,"If (prop_3) and (prop_1), then either do (prop_2) or (prop_4) .",(prop_1 & prop_3) -> (prop_2 | prop_4),G((prop_3 & prop_1) -> (prop_2 | prop_4))
9629,"at any time the semaphore is broken, the elevator is blocked and a bridge closes",G(bridge_closes & elevator_is_blocked & semaphore_is_broken),G(semaphore_is_broken -> (elevator_is_blocked & bridge_closes))
9630,"At some point ( prop_2 ) or ( prop_1 ) , and ( prop_3 ) .",prop_3 & (prop_1 | prop_2),F((prop_2 | prop_1) & prop_3 )
9632,whenever ( prop_1 ) and repeatedly ( prop_2 ),F(prop_1 & GF prop_2),G(prop_1 -> G(F prop_2))
9634,never let_go orange or when possible go_to peach,G!let_go_orange | F go_to_peach,G(!let_go_orange | F go_to_peach)
9635,"If at some point ( prop_2 ) then ( prop_3 ) happens and this scenario will hold until ( prop_4 ) is detected , and ( prop_1 ) .",prop_1 & ((prop_2 -> prop_3) U prop_4),G(prop_2 -> (prop_3 U prop_4)) & G(prop_1)
9636,advance_to tree until whenever got_to house,advance_to_tree U F got_to_house,advance_to_tree U got_to_house
9638,never ( prop_1 ) or ( prop_2 ),G(!prop_1 | prop_2),G(!(prop_1 | prop_2))
9639,"If ( prop_1 ) and ( prop_2 ), then ( prop_5 ) until ( prop_6 ) does not happen , and ( prop_4 ) until ( prop_3 ) does not happen .",((prop_1 & prop_2) -> (prop_5 U !prop_6)) & (prop_4 U !prop_3),G((prop_1 & prop_2) -> (!(prop_5 U prop_6) & !(prop_4 U prop_3)))
9642,"eventually, a sensor gathers information and, sooner or later a train has arrived afterwards",G!sensor_gathers_information | F(sensor_gathers_information & F train_has_arrived),F(sensor_gathers_information & F(train_has_arrived))
9646,never ( prop_1 ) and ( prop_2 ),G(!prop_1 & prop_2),G(!(prop_1 & prop_2))
9647,"If (prop_3), (prop_1) and (prop_2) as well.",prop_3 -> (prop_1 & prop_2),G(prop_3 -> (prop_1 & prop_2))
9648,"If record the person on north_10th_avenue ever holds, change light_west green must have held beforehand.",F record_person_north_10th_avenue -> (!record_person_north_10th_avenue U (change_light_west_green & !record_person_north_10th_avenue)),!record_person_north_10th_avenue | F(record_person_north_10th_avenue & F(change_light_west_green))
9649,"As long as you do not do (prop_3), keep doing (prop_1) until (prop_2) .",!prop_3 -> (prop_1 U prop_2),G(!prop_3 -> (prop_1 U prop_2))
9651,"Our agent must eventually, avoid requesting assistance.",F!get_help,F(G(!get_help ))
9654,snatch_up pear and grip apple,grip_apple & snatch_up_pear,G(snatch_up_pear & grip_apple)
9655,"first, at some point in time either the engine breaks or the car enters, and then, at some point either an elevator is blocked or a house is open",G!(car_enters | engine_breaks) | F((car_enters | engine_breaks) & F(elevator_is_blocked | house_is_open)),!((engine_breaks | car_enters)) | F((engine_breaks | car_enters) & F(elevator_is_blocked | house_is_open))
9659,It should be the case that either (prop_2) or (prop_3) is true if and only if (prop_1) is not true .,!prop_1 <-> (prop_2 | prop_3),G((prop_2 | prop_3) <-> !prop_1)
9660,never ( prop_1 ) or when possible ( prop_2 ),G(!prop_1 | F prop_2),G(!prop_1 ) | G(prop_2 )
9661,"Pick up box 1 from store 6, deliver it to house 9, and then head to intersection 5 and stay there",F(store_6 & F(p_box_1 & F(house_9 & pd))) & F(intersection_5 & G intersection_5),F(p_box_1 & store_6 & F(pd & house_9 & F(G intersection_5)))
9663,"first, at some point in time the brake is pressed and the motorbike has stopped, and then, it is going to happen that the sensor gathers information",G!(brake_is_pressed & motorbike_has_stopped) | F(brake_is_pressed & motorbike_has_stopped & F sensor_gathers_information),! (brake_is_pressed & motorbike_has_stopped) | F ((brake_is_pressed & motorbike_has_stopped) & F (sensor_gathers_information))
9665,repeatedly go_to waste basket until at any time go_by flag,GF go_to_waste_basket U F go_by_flag,(go_to_waste_basket ) U (go_by_flag )
9666,move_to tree and put_in bin,move_to_tree & put_in_bin,F(move_to_tree & F put_in_bin)
9671,Always stay in locality_7 as you take letter_1 from office_4 to house_1,G locality_7 & F(office_4 & F(p_letter_1 & F(house_1 & pd))),G((p_letter_1 & office_4) -> (locality_7 U house_1))
9672,"After (prop_3) finally occurs, make sure that either (prop_1) or (prop_2) happen .",F prop_3 -> (prop_1 | prop_2),G(prop_3 -> F(prop_1 | prop_2))
9674,"If (prop_1), (prop_3) until (prop_2).",prop_1 -> (prop_3 U prop_2),G(prop_1 -> (prop_3 U prop_2))
9677,"If (prop_1) and (prop_2) happen at the same time, then this is equivalent to (prop_4) or (prop_3) happening .",(prop_1 & prop_2) <-> (prop_3 | prop_4),G((prop_1 & prop_2) <-> (prop_4 | prop_3))
9679,"For each time instant in the coming time units if ( prop_3 ) then ( prop_2 ) should be detected , and also ( prop_1 ) .",prop_1 & G(prop_3 -> prop_2),G(prop_3 -> (prop_2 & prop_1))
9680,at any time ( prop_1 ) or do not ( prop_2 ),F(prop_1 | !prop_2),G(prop_1 | ! prop_2)
9682,only go through yellow_rooms to get to blue_rooms,F(yellow_room & F blue_room),(!blue_room ) U (yellow_room )
9686,"For all time, make sure (prop_1) is always true, and if (prop_2), then do (prop_3) .",(prop_2 -> prop_3) & G prop_1,G(prop_1 & (prop_2 -> prop_3))
9688,"It is always the case that if ( prop_1 ) or ( prop_3 ) then the following condition holds : there exists a certain moment in the future , at which ( prop_2 ) .",G((prop_1 | prop_3) -> FG prop_2),G((prop_1 | prop_3) -> F(prop_2))
9690,If it is not the case that ( prop_2 ) or ( prop_1 ) then ( prop_3 ) .,!(prop_1 | prop_2) -> prop_3,G(!(prop_2 | prop_1) -> prop_3)
9691,"If get_help holds, then in the next step record the collision on north_3rd_avenue persists until recording the motorcycle on east_3rd_avenue holds, or else record the collision on north_3rd_avenue holds forever.",get_help -> X((record_collision_north_3rd_avenue U record_motorcycle_east_3rd_avenue) | G record_collision_north_3rd_avenue),G(get_help -> X(record_collision_north_3rd_avenue U record_motorcycle_east_3rd_avenue | G record_collision_north_3rd_avenue))
9692,It should not be the case that (prop_3) is true if and only if either (prop_1) or (prop_2) is true .,!prop_3 <-> (prop_1 | prop_2),G(!(prop_3 <-> (prop_1 | prop_2)))
9693,Go to street 5 and then go to house 4,F(street_5 & F house_4),!street_5 | F(street_5 & F(house_4))
9696,when possible ( prop_1 ) and ( prop_2 ),F(prop_1 & prop_2),G(prop_1 & prop_2)
9697,when possible move_near tree and drop pear,drop_pear & F move_near_tree,G(move_near_tree -> F(drop_pear))
9698,"If (prop_1), then (prop_2), or else keep (prop_4) until (prop_3) .",(prop_1 -> prop_2) | (prop_4 U prop_3),G(prop_1 -> (prop_2 | (prop_4 U prop_3)))
9699,"All of ( prop_3 ) , ( prop_2 ) , and ( prop_1 ) should be detected .",prop_1 & prop_2 & prop_3,F(prop_1 & prop_2 & prop_3)
9700,"If (prop_1) happens, then (prop_3), or else (prop_2) should not happen .",!prop_2 | (prop_1 -> prop_3),G(prop_1 -> (prop_3 | !prop_2))
9703,"Either do ( prop_1 ) or ( prop_2 ), or do not do ( prop_3 ).",prop_1 | prop_2 | !prop_3,G(prop_1 | prop_2 | !prop_3)
9704,If ( prop_1 ) then ( prop_2 ) and ( prop_4 ) then ( prop_3 ) .,(prop_4 & (prop_1 -> prop_2)) -> prop_3,G((prop_1 & prop_2 & prop_4) -> F(prop_3))
9705,"If ( prop_2 ) then ( prop_3 ) happens , and ( prop_4 ) is equivalent to ( prop_1 ) .",(prop_2 -> prop_3) & (prop_1 <-> prop_4),G((prop_2 -> F prop_3) & (prop_4 <-> prop_1))
9707,"If (prop_2), then ensure that (prop_1) until (prop_3).",prop_2 -> (prop_1 U prop_3),G(prop_2 -> (prop_1 U prop_3))
9709,"If at some point ( prop_4 ) is equivalent to ( prop_3 ) and this scenario continues until ( prop_1 ) is detected , and ( prop_2 ) .",prop_2 & ((prop_3 <-> prop_4) U prop_1),F(((prop_4 <-> prop_3) U prop_1) & prop_2)
9712,never ( prop_1 ) and at some time ( prop_2 ),G(!prop_1 & F prop_2),G(!prop_1 ) & F(prop_2 )
9713,"Once deliver the bottle to the shelf has occurred, search the handbag will never occur again.",G(deliver_bottle_shelf -> XG!search_handbag),G(deliver_bottle_shelf -> G(!search_handbag))
9715,Ensure you photograph monument_3 and afterward proceed to pathway_8 and stay there,F(monument_3 & photo & F(pathway_8 & G pathway_8)),! (photo & monument_3) | F ((photo & monument_3) & F (G (pathway_8)))
9716,"If (prop_3) then (prop_4), or else both (prop_2) and (prop_1) .",(prop_3 -> prop_4) | (prop_1 & prop_2),G((prop_3 -> prop_4) | (prop_2 & prop_1))
9717,at some time ( prop_1 ) and never ( prop_2 ),F(prop_1 & G!prop_2),F(prop_1 ) & G(!prop_2 )
9719,It is not the case that ( prop_3 ) happens and continues to happen until ( prop_1 ) is detected and also ( prop_2 ) .,!(prop_2 & (prop_3 U prop_1)),!(prop_3 U (prop_1 & prop_2))
9720,( prop_1 ) can infer that ( prop_2 ),prop_1 -> prop_2,G(prop_1 -> prop_2)
9721,"if at some time ( prop_1 ) , at any time ( prop_2 )",F prop_1 -> F prop_2,F(prop_1 ) -> G(prop_2 )
9724,"For each time instant in the coming time units either ( prop_3 ) or ( prop_2 ) should be detected , as well as ( prop_1 ) .",prop_1 & G(prop_2 | prop_3),G((prop_3 | prop_2) & prop_1)
9725,when possible ( prop_1 ) and at any time ( prop_2 ),F(prop_1 & F prop_2),F(prop_1 ) & G(prop_2 )
9727,"eternally, both the brake is pressed and the bar is down after either a car starts or the bar is closing",G((bar_is_closing | car_starts) -> G(bar_is_down & brake_is_pressed)),G((car_starts | bar_is_closing) -> F(brake_is_pressed & bar_is_down))
9732,"Globally , if ( prop_1 ) , or ( prop_3 ) then promptly ( prop_2 ) .",G((prop_1 | prop_3) -> prop_2),G((prop_1 | prop_3) -> X(prop_2))
9733,never drop orange or at any time track_towards tree,G!drop_orange | F track_towards_tree,G(!drop_orange) | G(track_towards_tree)
9734,"Until (prop_3) and (prop_1) happen at the same time, keep (prop_2) from happening .",!prop_3 U (prop_1 & prop_2),(!prop_2) U (prop_3 & prop_1)
9737,The scenario in which either (prop_3) or (prop_2) happens is equivalent to the scenario in which (prop_1) does not happen .,!prop_1 <-> (prop_2 | prop_3),G((prop_3 | prop_2) <-> !prop_1)
9738,when possible go_by tree or don't let_go pear,!let_go_pear | F go_by_tree,G(possible -> (go_by_tree | !let_go_pear))
9740,never drop apple until whenever reach flag,G!drop_apple U F reach_flag,!drop_apple U reach_flag
9741,"This controller must avoid the nearest_unstable_beam should always hold, with at most a two-step grace period for recovery.",!G!(avoid_nearest_unstable_beam & X avoid_nearest_unstable_beam),G(avoid_nearest_unstable_beam | X avoid_nearest_unstable_beam | X X avoid_nearest_unstable_beam)
9744,"If (prop_1) and (prop_4), then keep (prop_2) until (prop_3) happens .",(prop_1 & prop_4) -> (prop_2 U prop_3),G((prop_1 & prop_4) -> (prop_2 U prop_3))
9745,when possible migrate_to tree can infer that whenever go_to transh can,F migrate_to_tree -> F go_to_transh_can,G(go_to_transh_can -> F(migrate_to_tree))
9746,when possible get apple until hold orange,F get_apple U hold_orange,G(get_apple U hold_orange)
9750,For all time (prop_1) is true or else both (prop_2) and (prop_3) are true .,(prop_2 & prop_3) | G prop_1,G(prop_1 | (prop_2 & prop_3))
9753,"in the future the elevator is blocked or the escalator speeds up and, at some point either the manager handles requests or a motorbike has started afterwards",G!(elevator_is_blocked | escalator_speeds_up) | F((elevator_is_blocked | escalator_speeds_up) & F(manager_handles_requests | motorbike_has_started)),F(elevator_is_blocked | escalator_speeds_up) & F(manager_handles_requests | F(motorbike_has_started))
9754,"If ( prop_1 ) is equivalent to ( prop_2 ) and also ( prop_3 ) , then ( prop_4 ) .",(prop_3 & (prop_1 <-> prop_2)) -> prop_4,G((prop_1 <-> prop_2) & prop_3 -> prop_4)
9755,"Update light_south red must hold until change light_north red does, or else change light_south red holds forever.",(change_light_south_red U change_light_north_red) | G change_light_south_red,(update_light_south_red U change_light_north_red) | G change_light_south_red
9756,"If ( prop_2 ) does not happen, then either ( prop_1 ) or ( prop_3 ) should happen.",!prop_2 -> (prop_1 | prop_3),G(!prop_2 -> (prop_1 | prop_3))
9758,"It is globally the case that if ( prop_2 ) and ( prop_3 ) then ( prop_1 ) should be true , and vice versa .",prop_1 <-> G(prop_2 & prop_3),G((prop_2 & prop_3) <-> prop_1 )
9760,"Until you do not do (prop_1), keep doing either (prop_2) or (prop_3) .",(prop_1 | prop_2) U !prop_3,(prop_2 | prop_3) U (!prop_1)
9762,whenever ( prop_1 ) or don't ( prop_2 ),F(prop_1 | !prop_2),G(prop_1 | ! prop_2)
9764,when possible go_near house and don't let_go orange,!let_go_orange & F go_near_house,G(go_near_house & !let_go_orange)
9765,never drop orange means that when possible proceed_to tree,G!drop_orange -> F proceed_to_tree,G(!drop_orange -> proceed_to_tree)
9767,"It is always the case that while ( prop_1 ) , and ( prop_4 ) then eventually at a certain moment in the future before ( prop_2 ) , and before that ( prop_3 ) .",G((prop_1 & prop_4) -> (prop_2 U prop_3)),G((prop_1 & prop_4) -> F(prop_3 & F(prop_2)))
9768,You need to wait until (prop_2) before (prop_1).,prop_2 U prop_1,!prop_1 U prop_2
9769,"In case that ( prop_2 ) and ( prop_4 ) then the following condition holds : at sometime in the future before the end of the simulation ( prop_1 ) , and until then without interruption ( prop_3 ) .",G((prop_2 & prop_4) -> (prop_1 U prop_3)),G((prop_2 & prop_4) -> (prop_3 U prop_1))
9770,"If ( prop_3 ) then ( prop_2 ) , and ( prop_1 ) .",prop_1 & (prop_3 -> prop_2),G((prop_3 -> prop_2) & prop_1)
9771,at some time ( prop_1 ) and never ( prop_2 ),F(prop_1 & G!prop_2),F(prop_1 ) & G(!prop_2 )
9772,forever move_around or when possible touch tree,G move_around | F touch_tree,G(move_around | F touch_tree)
9774,"For all time, (prop_3) is always true, and in addition, (prop_2) or (prop_1) should also be true .",(prop_1 | prop_2) & G prop_3,G(prop_3 & (prop_2 | prop_1))
9775,"Globally , when the transition action that ( prop_3 ) takes place then all of the following conditions are true : ( prop_1 ) , and immediately ( prop_2 ) .",G(prop_3 -> (prop_1 & prop_2)),G(prop_3 -> (prop_1 & X prop_2))
9777,You must Please idle and then search the laptop.,idle U search_laptop,!idle | F(idle & F(search_laptop))
9779,when possible ( prop_1 ) until whenever ( prop_2 ),F(prop_1 U F prop_2),prop_1 U prop_2
9782,never ( prop_1 ) and ( prop_2 ),G(!prop_1 & prop_2),G(!(prop_1 & prop_2))
9785,Make (prop_3) happen at some point if (prop_2) is equivalent to (prop_1) .,(prop_2 <-> prop_3) -> F prop_1,G((prop_2 <-> prop_1) -> F(prop_3 ))
9786,"On condition that the transition action that ( prop_1 ) occurs or the scenario that ( prop_3 ) is observed , then there shall exist a time in the future before the simulation ends , at which ( prop_2 ) .",G((prop_1 | prop_3) -> FG prop_2),G((prop_1 | prop_3) -> F(prop_2))
9787,"If (prop_1) or (prop_2), then if (prop_3) then (prop_4) .",(prop_1 | prop_2) -> (prop_3 -> prop_4),G((prop_1 | prop_2) -> (prop_3 -> prop_4))
9788,"Either ( prop_1 ) or ( prop_2 ) should happen, or ( prop_4 ) or ( prop_3 ) should happen.",prop_1 | prop_2 | prop_3 | prop_4,F(prop_1 | prop_2 | prop_3 | prop_4)
9789,"While staying out of street_4, pickup package_8 from store_7 and deliver it to house_2",G!street_4 & F(store_7 & F(p_package_8 & F(house_2 & pd))),G(!street_4 ) & F(p_package_8 & store_7 & F(pd & house_2 ))
9790,"Once communicate the safe_victim has occurred, communicate the injured_victim will never occur again.",G(communicate_safe_victim -> XG!communicate_injured_victim),G(communicate_safe_victim -> G(!communicate_injured_victim))
9791,"If (prop_4) implies (prop_1), then either (prop_3) or (prop_2) should happen.",(prop_4 -> prop_1) -> (prop_2 | prop_3),G((prop_4 -> prop_1) -> F(prop_3 | prop_2))
9792,"first, at some point the table has been moved and the engine stops, and then, in the future both a motorbike has started and a semaphore is yellow",G!(engine_stops & table_has_been_moved) | F(engine_stops & table_has_been_moved & F(motorbike_has_started & semaphore_is_yellow)),! (table_has_been_moved & engine_stops ) | F (( table_has_been_moved & engine_stops ) & F ( motorbike_has_started & semaphore_is_yellow ))
9793,don't ( prop_1 ) and ( prop_2 ),!(prop_1 & prop_2),G(!(prop_1 & prop_2))
9796,"If (prop_4) occurs, keep it true until (prop_3), or else do (prop_1) or (prop_2) .",prop_1 | prop_2 | (prop_4 U prop_3),G(prop_4 -> (prop_4 U prop_3 | prop_1 | prop_2))
9798,"If (prop_2) is observed and (prop_1) occurs, then (prop_4) should be equivalent to (prop_3) .",(prop_1 & prop_2) -> (prop_3 <-> prop_4),G((prop_2 & prop_1) -> (prop_4 <-> prop_3))
9799,when possible ( prop_1 ) or at any time ( prop_2 ),F(prop_1 | F prop_2),F(prop_1 ) | GF(prop_2 )
9802,"Globally , if ( prop_3 ) , and ( prop_2 ) then all of the following conditions are true : ( prop_1 ) .",G((prop_2 & prop_3) -> F prop_1),G((prop_3 & prop_2) -> prop_1)
9804,"If you do not do (prop_3) and observe (prop_1), then you should do (prop_2) all the time from now on .",(prop_1 & !prop_3) -> G prop_2,G((!prop_3 & prop_1) -> G(prop_2))
9805,"If ( prop_3 ) then ( prop_1 ) happens , and also ( prop_2 ) .",prop_2 & (prop_3 -> prop_1),G(prop_3 -> (prop_1 & prop_2))
9806,Eventually do prop_3 and either do prop_2 or prop_1.,(prop_1 | prop_2) & F prop_3,F(prop_3 & (prop_2 | prop_1))
9807,at some time visit house and take orange,take_orange & F visit_house,F(visit_house & take_orange)
9810,"first, it is going to happen that a manager collect claims and the sensor captures data, and then, at some point in time the semaphore is green or a car starts",G!(manager_collect_claims & sensor_captures_data) | F(manager_collect_claims & sensor_captures_data & F(car_starts | semaphore_is_green)),! (manager_collect_claims & sensor_captures_data) | F ((manager_collect_claims & sensor_captures_data) & F (semaphore_is_green | car_starts))
9811,"If (prop_4) happens, then eventually (prop_2) will happen, and in the meantime, keep doing (prop_1) until (prop_3) happens .",(prop_4 -> prop_2) & (prop_1 U prop_3),G(prop_4 -> (F prop_2 & (prop_1 U prop_3)))
9813,when possible ( prop_1 ) and never ( prop_2 ),F(prop_1 & G!prop_2),F(prop_1 ) & G(!prop_2 )
9814,"The scenario in which (prop_1) happens should imply the scenario in which (prop_3) happens, and (prop_2) should be equivalent to (prop_4) .",(prop_1 -> prop_3) & (prop_2 <-> prop_4),G((prop_1 -> prop_3) & (prop_2 <-> prop_4))
9815,"While not (prop_2), make sure (prop_3) is equivalent to (prop_1) .",!prop_2 & (prop_1 <-> prop_3),G(!prop_2 -> (prop_3 <-> prop_1))
9817,( prop_1 ) can infer that at any time ( prop_2 ),prop_1 -> F prop_2,G(prop_1 -> G prop_2)
9819,"For each time instant if ( prop_2 ) does not happen then ( prop_3 ) , and ( prop_1 ) .",prop_1 & G(!prop_2 -> prop_3),G(!prop_2 -> (prop_3 & prop_1))
9820,"It is always the case that when ( prop_3 ) then all of the following conditions hold : in no time ( prop_1 ) , and starting without any delay the transition action that ( prop_2 ) will be detected .",G(prop_3 -> (prop_1 & prop_2)),G(prop_3 -> (!prop_1 & X prop_2))
9821,If either (prop_1) or (prop_3) but not (prop_2) .,!prop_2 & (prop_1 | prop_3),G((prop_1 | prop_3) & !prop_2)
9823,"Once photo the person on south_9th_avenue has occurred, get_help will never occur again.",G(photo_person_south_9th_avenue -> XG!get_help),G(photo_person_south_9th_avenue -> G(!get_help))
9825,It is required that at a certain point within the next time period the scenario in which ( prop_1 ) is equivalent to the scenario in which ( prop_2 ) happens and only then ( prop_3 ) .,(prop_2 -> prop_3) <-> F prop_1,F((prop_1 <-> prop_2) U prop_3)
9826,when possible lay_hold_of apple can infer that grab_hold pear,F lay_hold_of_apple -> grab_hold_pear,G(lay_hold_of_apple -> grab_hold_pear)
9828,"If ( prop_3 ) happens until the scenario that ( prop_2 ) is detected , and ( prop_4 ) is observed , then it should be followed by ( prop_1 ) .",(prop_4 & (prop_3 U prop_2)) -> prop_1,G(((prop_3 U prop_2) & prop_4) -> F(prop_1 ))
9830,"If (prop_1) and (prop_2) at the same time, then (prop_3) should not happen .",(prop_1 & prop_2) -> !prop_3,G((prop_1 & prop_2) -> !prop_3)
9831,"If (prop_3), then (prop_2), or else don't (prop_1) .",!prop_1 | (prop_3 -> prop_2),G((prop_3 -> prop_2) | !prop_1)
9833,If ( prop_1 ) or ( prop_4 ) then ( prop_2 ) will happen at some point before ( prop_3 ).,G((prop_1 | prop_4) -> (prop_2 U prop_3)),G((prop_1 | prop_4) -> (!prop_3 U prop_2))
9835,forever stay or whenever venture flag,G stay | F venture_flag,G(stay | (venture_flag -> stay))
9837,never ( prop_1 ) until ( prop_2 ),G(!prop_1 U prop_2),!prop_1 U prop_2
9839,(prop_1).,prop_1,G(prop_1 )
9840,guarantee that (prop_1).,F prop_1,G(prop_1 )
9841,Collect takeout 2 from restaurant 9 and take it to house 1,F(restaurant_9 & F(takeout_2 & F(house_1 & pd))),F(restaurant_9 & takeout_2 & F(house_1 & pd))
9842,when possible withdraw pear or do not let_go pear,!let_go_pear | F withdraw_pear,G(withdraw_pear | !let_go_pear)
9843,at some time ( prop_1 ) or don't ( prop_2 ),F(prop_1 | !F prop_2),F(prop_1 | !prop_2)
9845,"Globally , if ( prop_3 ) , or ( prop_2 ) , then in response ( prop_1 ) .",G((prop_2 | prop_3) -> prop_1),G((prop_3 | prop_2) -> F(prop_1))
9847,"If (prop_2) and (prop_1) happen at the same time, then keep this condition until (prop_3) is not true .",(prop_1 & prop_2) U !prop_3,G((prop_2 & prop_1) -> ((prop_2 & prop_1) U !prop_3))
9849,at some time ( prop_1 ) and never ( prop_2 ),F(prop_1 & G!prop_2),F(prop_1 ) & G(!prop_2 )
9852,"If either (prop_3) or (prop_1) occurs, then (prop_4) and (prop_2) should both be true .",(prop_1 | prop_3) -> (prop_2 & prop_4),G((prop_3 | prop_1) -> (prop_4 & prop_2))
9854,"If you do (prop_3) and it implies (prop_1), then you should not do (prop_2) .",(prop_3 -> prop_1) -> !prop_2,G((prop_3 & (prop_3 -> prop_1)) -> !prop_2)
9856,"If get_help ever holds, photo fire_source must have held beforehand.",F get_help -> (!get_help U (!get_help & photo_fire_source)),!get_help | F(photo_fire_source & F(get_help))
9860,"If whenever (prop_1), then (prop_3), then always (prop_2) .",(prop_1 -> prop_3) -> G prop_2,G(G(prop_1 -> prop_3) -> G(prop_2))
9863,"If ( prop_1 ) happens and continues to happen until ( prop_2 ) is detected , and also ( prop_4 ) , and ( prop_3 ) .",prop_3 & prop_4 & (prop_1 U prop_2),G((prop_1 U prop_2) & prop_4 & prop_3)
9864,If ( prop_1 ) then ( prop_3 ) and also ( prop_2 ) .,prop_2 & (prop_1 -> prop_3),G(prop_1 -> (prop_3 & prop_2))
9867,"If it is the case that ( prop_1 ) leads to ( prop_2 ) is equivalent to ( prop_3 ) , then ( prop_4 ) .",(prop_3 <-> (prop_1 -> prop_2)) -> prop_4,((prop_1 -> F prop_2) <-> prop_3) -> prop_4
9869,"It is not the case that ( prop_2 ) happens and continues to happen until ( prop_3 ) is detected , and ( prop_1 ) .",prop_1 & !(prop_2 U prop_3),!((prop_2 U prop_3) & prop_1)
9872,when possible ( prop_1 ) until when possible ( prop_2 ),F(prop_1 U F prop_2),prop_1 U prop_2
9873,always have apple or whenever get_hold orange,G have_apple | F get_hold_orange,G(have_apple | (get_hold_orange -> have_apple))
9874,( prop_1 ) and when possible ( prop_2 ),prop_1 & F prop_2,G(prop_1 & F prop_2)
9875,"Once avoid the impending_fire_source has occurred, deliver_aid the injured_victim will never occur again.",G(avoid_impending_fire_source -> XG!deliver_aid_injured_victim),G(avoid_impending_fire_source -> G(!deliver_aid_injured_victim))
9876,"If (prop_3) and (prop_1), or else if (prop_4) then do (prop_2) .",(prop_1 & prop_3) | (prop_4 U prop_2),G(((prop_3 & prop_1) | prop_4) -> prop_2)
9877,"If (prop_1), (prop_2) and (prop_3).",prop_1 -> (prop_2 & prop_3),G(prop_1 -> (prop_2 & prop_3))
9878,"During the interval that ( prop_3 ) , and ( prop_1 ) , then ( prop_2 ) .",G((prop_1 & prop_3) -> G prop_2),G((prop_3 & prop_1) -> prop_2)
9879,at any time ( prop_1 ) or ( prop_2 ),F(prop_1 | prop_2),G(prop_1 | prop_2)
9881,"If ( prop_2 ) is equivalent to ( prop_4 ) and also ( prop_1 ) , then the above scenario is equivalent to ( prop_3 ) .",prop_3 <-> (prop_1 & (prop_2 <-> prop_4)),G(((prop_2 <-> prop_4) & prop_1) -> prop_3)
9882,forever ( prop_1 ) until when possible ( prop_2 ),G(prop_1 U F prop_2),prop_1 U prop_2
9883,"If (prop_3), then do (prop_2), or else (prop_1) doesn't happen .",!prop_1 | (prop_3 -> prop_2),G(prop_3 -> (prop_2 | G(!prop_1)))
9884,at some time ( prop_1 ) or never ( prop_2 ),F(prop_1 | G!prop_2),F prop_1 | G ! prop_2
9887,whenever visit flag and hold_on_to pear,hold_on_to_pear & F visit_flag,G(visit_flag & hold_on_to_pear)
9888,Take a picture of monument 1 but do not go to monument 1 until you reach park 4,F(monument_1 & photo) & (!monument_1 U park_4),F(photo ) & (!monument_1 U park_4 )
9891,"If it is not the case that (prop_3), then if (prop_1) then (prop_2) .",!prop_3 -> (prop_1 -> prop_2),G(!prop_3 -> (prop_1 -> prop_2))
9892,Avoid entering street 5 until you reach store 1 while delivering package 4 from store 1,(!street_5 U store_1) & F(p_package_4 & store_1),G(p_package_4 -> (!street_5 U store_1))
9895,"first, at a certain moment a train stops and the elevator is blocked, and then, it will happen that both the sensor gathers information and the motorbike catches fire",G!(elevator_is_blocked & train_stops) | F(elevator_is_blocked & train_stops & F(motorbike_catches_fire & sensor_gathers_information)),! (train_stops & elevator_is_blocked) | F ((train_stops & elevator_is_blocked) & F (sensor_gathers_information & motorbike_catches_fire))
9896,"eventually, both the train has arrived and the manager handles requests and, in the future a constructor instantiate objects and the elevator rises afterwards",G!(manager_handles_requests & train_has_arrived) | F(manager_handles_requests & train_has_arrived & F(constructor_instantiate_objects & elevator_rises)),F((train_has_arrived & manager_handles_requests) & F(constructor_instantiate_objects & F(elevator_rises)))
9897,whenever either the car starts or the elevator falls then in any case both the escalator moves and the bar is closing,G((car_starts | elevator_falls) -> G(bar_is_closing & escalator_moves)),G((car_starts | elevator_falls) -> (escalator_moves & bar_is_closing))
9898,"If (prop_2) or (prop_1), then at some point (prop_3) .",(prop_1 | prop_2) -> F prop_3,G((prop_2 | prop_1) -> F(prop_3 ))
9899,don't ( prop_1 ) or ( prop_2 ),!(prop_1 | prop_2),G(!(prop_1 | prop_2))
9900,"In this task, record the vehicle on south_7th_street, then photo the collision on west_9th_avenue.",record_vehicle_south_7th_street U photo_collision_west_9th_avenue,!record_vehicle_south_7th_street | F(record_vehicle_south_7th_street & F(photo_collision_west_9th_avenue))
9901,Stay within house 4 and do not leave until you reach room 2,house_4 U room_2,G(house_4 U room_2)
9903,"If (prop_3), then (prop_1), and don't (prop_2) .",!prop_2 & (prop_3 -> prop_1),G(prop_3 -> (prop_1 & !prop_2))
9904,It is required that ( prop_1 ) if and only if ( prop_3 ) or ( prop_4 ) or ( prop_2 ) .,prop_2 | prop_4 | (prop_1 <-> prop_3),G(prop_1 <-> (prop_3 | prop_4 | prop_2))
9906,at any time ( prop_1 ) or when possible ( prop_2 ),F(prop_1 | F prop_2),G(prop_1 | prop_2)
9909,"If ( prop_6 ) and ( prop_5 ), then ( prop_1 ) until ( prop_3 ) happens , and ( prop_4 ) until ( prop_2 ) does not happen .",((prop_5 & prop_6) -> (prop_1 U prop_3)) & (prop_4 U !prop_2),G((prop_6 & prop_5) -> ((prop_1 U prop_3) & (prop_4 U !prop_2)))
9911,"Either finally make (prop_1) happen , or else make sure that (prop_3) and (prop_2) happen at the same time .",(prop_2 & prop_3) | F prop_1,F prop_1 | F (prop_3 & prop_2)
9912,move_to trashcan and do not let_go orange,!let_go_orange & move_to_trashcan,G(move_to_trashcan & !let_go_orange)
9913,"You should do (prop_4) and observe (prop_2), and you should also do (prop_1) or (prop_3) .",prop_2 & prop_4 & (prop_1 | prop_3),G((prop_4 & prop_2) & (prop_1 | prop_3))
9914,"You do not do (prop_1) and if you observe (prop_3), then you should do (prop_2) .",!prop_1 & (prop_3 -> prop_2),G(!prop_1 & (prop_3 -> F prop_2))
9915,"In case that the scenario that ( prop_1 ) is detected then in response at a certain time point the scenario that ( prop_4 ) should happen , the above scenario will continue until ( prop_3 ) , or ( prop_2 ) .",prop_2 | ((prop_1 -> prop_4) U prop_3),G(prop_1 -> F(prop_4 U (prop_3 | prop_2)))
9916,"If get_help ever holds, photo the collision on north_8th_street must have held beforehand.",F get_help -> (!get_help U (!get_help & photo_collision_north_8th_street)),!get_help | F(photo_collision_north_8th_street & F(get_help))
9917,when possible ( prop_1 ) until repeatedly ( prop_2 ),F(prop_1 U GF prop_2),( prop_1 ) U G ( prop_2 )
9918,repeatedly ( prop_1 ) and ( prop_2 ),G(prop_2 & F prop_1),GF(prop_1 & prop_2)
9919,never ( prop_1 ) and when possible ( prop_2 ),G(!prop_1 & F prop_2),G(!prop_1 ) & F(prop_2 )
9921,whenever ( prop_1 ) or never ( prop_2 ),F(prop_1 | G!prop_2),G(prop_1 | G(!prop_2))
9923,"If idle ever holds, search the stop_sign must have held beforehand.",F idle -> (!idle U (!idle & search_stop_sign)),!idle | F(search_stop_sign & F(idle))
9924,at any time ( prop_1 ) and never ( prop_2 ),F(prop_1 & G!prop_2),G(prop_1 & !prop_2)
9927,"Whenever ( prop_1 ) or ( prop_2 ) , then all of the following conditions are true : ( prop_3 ) .",G((prop_1 | prop_2) -> G prop_3),G((prop_1 | prop_2) -> prop_3)
9929,"The scenario in which (prop_3) happens and then (prop_2), should be equivalent to the scenario in which (prop_1) and (prop_4) both happen .",(prop_3 -> prop_2) <-> (prop_1 & prop_4),F(prop_3 & F(prop_2)) <-> F(prop_1 & prop_4)
9933,"While ( prop_4 ) or ( prop_2 ) or ( prop_1 ), and ( prop_3 ) has to be detected .",prop_3 & (prop_1 | prop_2 | prop_4),G((prop_4 | prop_2 | prop_1) -> prop_3)
9934,"If either (prop_2) or (prop_4) happens, then (prop_1) should be equivalent to (prop_3) .",(prop_2 | prop_4) -> (prop_1 <-> prop_3),G((prop_2 | prop_4) -> (prop_1 <-> prop_3))
9935,"It is always the case that while ( prop_3 ) , then in response in no time ( prop_1 ) and the event that ( prop_2 ) should get detected promptly .",G(prop_3 -> (prop_1 & prop_2)),G(prop_3 -> F(prop_1 & prop_2))
9936,( prop_1 ) can infer that when possible ( prop_2 ),prop_1 -> F prop_2,G(prop_1 -> F prop_2)
9938,"( prop_4 ) keeps happening until the scenario that ( prop_1 ) happens at some point in the future , then ( prop_2 ) should be observed , or else ( prop_3 ) .",prop_3 | ((prop_4 U prop_1) -> prop_2),(prop_4 U (prop_1 & F(prop_2 | prop_3)))
9940,Make sure while (prop_1) (prop_2),prop_1 -> prop_2,G(prop_1 -> prop_2)
9941,"if repeatedly grab tree , whenever have pear",GF grab_tree -> F have_pear,G(GF grab_tree -> G have_pear)
9942,"If (prop_1), (prop_3) until (prop_2).",prop_1 -> (prop_3 U prop_2),G(prop_1 -> (prop_3 U prop_2))
9943,"The sentence will be true if ( prop_4 ) implies ( prop_3 ) and then implies ( prop_2 ), or ( prop_1 ) is true .",prop_1 | ((prop_4 -> prop_3) -> prop_2),((prop_4 -> prop_3) & (prop_3 -> prop_2)) | prop_1
9944,"If at some point during the coming time ( prop_1 ) is equivalent to ( prop_4 ) and this scenario continues until ( prop_3 ) is detected , then ( prop_2 ) .",((prop_1 <-> prop_4) U prop_3) -> prop_2,F((prop_1 <-> prop_4) U prop_3) -> prop_2
9945,"first, eventually, both the bar has to be repaired and a car stops, and then, eventually, the train has arrived",G!(bar_has_to_be_repaired & car_stops) | F(bar_has_to_be_repaired & car_stops & F train_has_arrived),! (bar_has_to_be_repaired & car_stops) | F ((bar_has_to_be_repaired & car_stops) & F (train_has_arrived))
9947,every time both a manager collect claims and the escalator is blocked after both the brake is released and the bar has to be repaired,G((bar_has_to_be_repaired & brake_is_released) -> G(escalator_is_blocked & manager_collect_claims)),G((manager_collect_claims & escalator_is_blocked) -> F(brake_is_released & bar_has_to_be_repaired))
9948,"Either (prop_2) or (prop_1) should happen, or else both (prop_3) and (prop_4) should happen .",prop_1 | prop_2 | (prop_3 & prop_4),F(prop_2 | prop_1) | F(prop_3 & prop_4)
9949,"If record the cyclist on west_3rd_avenue ever holds, get_help must have held beforehand.",F record_cyclist_west_3rd_avenue -> (!record_cyclist_west_3rd_avenue U (get_help & !record_cyclist_west_3rd_avenue)),!record_cyclist_west_3rd_avenue | F(get_help & F(record_cyclist_west_3rd_avenue))
9950,keep revisiting charger_4 as you consistently photograph area_5,GF charger_4 & GF(area_5 & photo),G((photo & area_5) -> F(charger_4))
9952,don't ( prop_1 ) or ( prop_2 ),!(prop_2 | F prop_1),G(!(prop_1 | prop_2))
9955,"when ( prop_1 ) , when possible ( prop_2 )",prop_1 -> F prop_2,G(prop_1 -> F prop_2)
9956,at any time go_by house until at any time seize pear,F go_by_house U F seize_pear,G(go_by_house U seize_pear)
9957,never ( prop_1 ) and when possible ( prop_2 ),G(!prop_1 & F prop_2),G(!prop_1 ) & F(prop_2 )
9958,"In the case ( prop_2 ) , or ( prop_3 ) then all of the following conditions hold : in no time ( prop_4 ) and simultaneously ( prop_1 ) .",G((prop_2 | prop_3) -> (prop_1 & prop_4)),G((prop_2 | prop_3) -> G(!prop_4 & prop_1))
9959,You need to wait until (prop_2) before (prop_1).,!prop_2 U prop_1,!prop_1 U prop_2
9960,at any time ( prop_1 ) and forever ( prop_2 ),F(prop_1 & G prop_2),G(prop_1 & G prop_2)
9961,"If ( prop_2 ) does not happen and also ( prop_3 ) happens , then ( prop_1 ) .",(!prop_2 & prop_3) -> prop_1,G((!prop_2 & prop_3) -> prop_1)
9963,Stay in locality_6 until you transport package_3 from store_8 to house_5,locality_6 U (store_8 & F(p_package_3 & F(house_5 & pd))),locality_6 U (p_package_3 & store_8 & house_5)
9965,If it is equivalent to have ( prop_4 ) and ( prop_3 ) or to have ( prop_2 ) then ( prop_1 ) .,(prop_2 <-> (prop_3 & prop_4)) -> prop_1,G(((prop_4 & prop_3) | prop_2) -> prop_1)
9967,"If ( prop_2 ) happens and continues to happen until ( prop_1 ) , then ( prop_4 ) , as well as ( prop_3 ) .",prop_3 & ((prop_2 U prop_1) -> prop_4),G((prop_2 U prop_1) -> (prop_4 & prop_3))
9968,"For each time instant ( prop_3 ) is true , or else ( prop_2 ) is equivalent to ( prop_1 ) .",(prop_1 <-> prop_2) | G prop_3,G(prop_3 | (prop_2 <-> prop_1))
9970,repeatedly ( prop_1 ) or ( prop_2 ),G(prop_2 | F prop_1),G(F(prop_1 | prop_2))
9973,"first, it will happen that both a train has arrived and an elevator falls, and then, it will happen that the elevator is blocked or the house is open",G!(elevator_falls & train_has_arrived) | F(elevator_falls & train_has_arrived & F(elevator_is_blocked | house_is_open)),! (train_has_arrived & elevator_falls) | F ((train_has_arrived & elevator_falls) & F (elevator_is_blocked | house_is_open))
9974,"Globally , whenever ( prop_2 ) , and ( prop_3 ) then in response the following condition must n't be true : the scenario that ( prop_1 ) will finally not be observed at a certain moment within the following 16 time units .",G((prop_2 & prop_3) -> !F prop_1),G((prop_2 & prop_3) -> !(!F(prop_1)))
9977,"Until (prop_3) happens and (prop_2) is true as a result, if (prop_1) happens, then (prop_4) should also be true.",(prop_3 -> prop_2) U (prop_1 -> prop_4),(prop_3 & prop_2) U (prop_1 -> prop_4)
9979,when possible ( prop_1 ) and don't ( prop_2 ),F(prop_1 & !prop_2),G(prop_1 & !prop_2)
9980,"Do not go into park 5 before reaching intersection 5, and ensure you capture a photo of monument 3",(!park_5 U intersection_5) & F(monument_3 & photo),G(!park_5 U intersection_5) & F(photo & monument_3)
9984,"(prop_2) doesn't happen, or make sure both of the following happens: (prop_1) and (prop_3) .",!prop_2 | (prop_1 & prop_3),G(!prop_2 | (prop_1 & prop_3))
