PROMPTTYPE,Index,Requirement,Ground Truth,Response,Equivalent
BASIC,0,If enqueue(d1) then enqueue(d2) then (A sequence of calls that enqueue d1 and d2 followed by start of),G ((call_Enqueue_d1 & (!return_Dequeue_d1 U (call_Enqueue_d2 & (!return_Dequeue_d1 & !return_Dequeue_d2 U call_Top_Down)))) -> F (call_Top_Down & F (call_P_d1 & F call_P_d2))),G(call_Enqueue_d1 -> (X(call_Enqueue_d2 -> F(call_Enqueue_d1 & call_Enqueue_d2)))),False
BASIC,0,If enqueue(d1) then enqueue(d2) then (A sequence of calls that enqueue d1 and d2 followed by start of),G ((call_Enqueue_d1 & (!return_Dequeue_d1 U (call_Enqueue_d2 & (!return_Dequeue_d1 & !return_Dequeue_d2 U call_Top_Down)))) -> F (call_Top_Down & F (call_P_d1 & F call_P_d2))),G(call_Enqueue_d1 -> (X(call_Enqueue_d2 -> F(call_Enqueue_d1 & call_Enqueue_d2)))),False
BASIC,0,If enqueue(d1) then enqueue(d2) then (A sequence of calls that enqueue d1 and d2 followed by start of),G ((call_Enqueue_d1 & (!return_Dequeue_d1 U (call_Enqueue_d2 & (!return_Dequeue_d1 & !return_Dequeue_d2 U call_Top_Down)))) -> F (call_Top_Down & F (call_P_d1 & F call_P_d2))),G(call_Enqueue_d1 -> (X(call_Enqueue_d2 -> F(call_Enqueue_d1 & call_Enqueue_d2)))),False
BASIC,0,If enqueue(d1) then enqueue(d2) then (A sequence of calls that enqueue d1 and d2 followed by start of),G ((call_Enqueue_d1 & (!return_Dequeue_d1 U (call_Enqueue_d2 & (!return_Dequeue_d1 & !return_Dequeue_d2 U call_Top_Down)))) -> F (call_Top_Down & F (call_P_d1 & F call_P_d2))),G(call_Enqueue_d1 -> (X(call_Enqueue_d2 -> F(call_Enqueue_d1 & call_Enqueue_d2)))),False
BASIC,0,If enqueue(d1) then enqueue(d2) then (A sequence of calls that enqueue d1 and d2 followed by start of),G ((call_Enqueue_d1 & (!return_Dequeue_d1 U (call_Enqueue_d2 & (!return_Dequeue_d1 & !return_Dequeue_d2 U call_Top_Down)))) -> F (call_Top_Down & F (call_P_d1 & F call_P_d2))),G(call_Enqueue_d1 -> (X(call_Enqueue_d2 -> F(call_Enqueue_d1 & call_Enqueue_d2)))),False
BASIC,0,If enqueue(d1) then enqueue(d2) then (A sequence of calls that enqueue d1 and d2 followed by start of),G ((call_Enqueue_d1 & (!return_Dequeue_d1 U (call_Enqueue_d2 & (!return_Dequeue_d1 & !return_Dequeue_d2 U call_Top_Down)))) -> F (call_Top_Down & F (call_P_d1 & F call_P_d2))),G(call_Enqueue_d1 -> (X(call_Enqueue_d2 -> F(call_Enqueue_d1 & call_Enqueue_d2)))),False
BASIC,0,If enqueue(d1) then enqueue(d2) then (A sequence of calls that enqueue d1 and d2 followed by start of),G ((call_Enqueue_d1 & (!return_Dequeue_d1 U (call_Enqueue_d2 & (!return_Dequeue_d1 & !return_Dequeue_d2 U call_Top_Down)))) -> F (call_Top_Down & F (call_P_d1 & F call_P_d2))),G(call_Enqueue_d1 -> (X(call_Enqueue_d2 -> F(call_Enqueue_d1 & call_Enqueue_d2)))),False
BASIC,0,If enqueue(d1) then enqueue(d2) then (A sequence of calls that enqueue d1 and d2 followed by start of),G ((call_Enqueue_d1 & (!return_Dequeue_d1 U (call_Enqueue_d2 & (!return_Dequeue_d1 & !return_Dequeue_d2 U call_Top_Down)))) -> F (call_Top_Down & F (call_P_d1 & F call_P_d2))),G(call_Enqueue_d1 -> (X(call_Enqueue_d2 -> F(call_Enqueue_d1 & call_Enqueue_d2)))),False
BASIC,0,If enqueue(d1) then enqueue(d2) then (A sequence of calls that enqueue d1 and d2 followed by start of),G ((call_Enqueue_d1 & (!return_Dequeue_d1 U (call_Enqueue_d2 & (!return_Dequeue_d1 & !return_Dequeue_d2 U call_Top_Down)))) -> F (call_Top_Down & F (call_P_d1 & F call_P_d2))),G(call_Enqueue_d1 -> (X(call_Enqueue_d2 -> F(call_Enqueue_d1 & call_Enqueue_d2)))),False
BASIC,0,If enqueue(d1) then enqueue(d2) then (A sequence of calls that enqueue d1 and d2 followed by start of),G ((call_Enqueue_d1 & (!return_Dequeue_d1 U (call_Enqueue_d2 & (!return_Dequeue_d1 & !return_Dequeue_d2 U call_Top_Down)))) -> F (call_Top_Down & F (call_P_d1 & F call_P_d2))),G(call_Enqueue_d1 -> (X(call_Enqueue_d2 -> F(call_Enqueue_d1 & call_Enqueue_d2)))),False
BASIC,0,If enqueue(d1) then enqueue(d2) then (A sequence of calls that enqueue d1 and d2 followed by start of),G ((call_Enqueue_d1 & (!return_Dequeue_d1 U (call_Enqueue_d2 & (!return_Dequeue_d1 & !return_Dequeue_d2 U call_Top_Down)))) -> F (call_Top_Down & F (call_P_d1 & F call_P_d2))),G(call_Enqueue_d1 -> (X(call_Enqueue_d2 -> F(call_Enqueue_d1 & call_Enqueue_d2)))),False
BASIC,0,If enqueue(d1) then enqueue(d2) then (A sequence of calls that enqueue d1 and d2 followed by start of),G ((call_Enqueue_d1 & (!return_Dequeue_d1 U (call_Enqueue_d2 & (!return_Dequeue_d1 & !return_Dequeue_d2 U call_Top_Down)))) -> F (call_Top_Down & F (call_P_d1 & F call_P_d2))),G(call_Enqueue_d1 -> (X(call_Enqueue_d2 -> F(call_Enqueue_d1 & call_Enqueue_d2)))),False
BASIC,0,If enqueue(d1) then enqueue(d2) then (A sequence of calls that enqueue d1 and d2 followed by start of),G ((call_Enqueue_d1 & (!return_Dequeue_d1 U (call_Enqueue_d2 & (!return_Dequeue_d1 & !return_Dequeue_d2 U call_Top_Down)))) -> F (call_Top_Down & F (call_P_d1 & F call_P_d2))),G(call_Enqueue_d1 -> (X(call_Enqueue_d2 -> F(call_Enqueue_d1 & call_Enqueue_d2)))),False
BASIC,0,If enqueue(d1) then enqueue(d2) then (A sequence of calls that enqueue d1 and d2 followed by start of),G ((call_Enqueue_d1 & (!return_Dequeue_d1 U (call_Enqueue_d2 & (!return_Dequeue_d1 & !return_Dequeue_d2 U call_Top_Down)))) -> F (call_Top_Down & F (call_P_d1 & F call_P_d2))),G(call_Enqueue_d1 -> (X(call_Enqueue_d2 -> F(call_Enqueue_d1 & call_Enqueue_d2)))),False
BASIC,0,If enqueue(d1) then enqueue(d2) then (A sequence of calls that enqueue d1 and d2 followed by start of),G ((call_Enqueue_d1 & (!return_Dequeue_d1 U (call_Enqueue_d2 & (!return_Dequeue_d1 & !return_Dequeue_d2 U call_Top_Down)))) -> F (call_Top_Down & F (call_P_d1 & F call_P_d2))),G(call_Enqueue_d1 -> (X(call_Enqueue_d2 -> F(call_Enqueue_d1 & call_Enqueue_d2)))),False
BASIC,0,If enqueue(d1) then enqueue(d2) then (A sequence of calls that enqueue d1 and d2 followed by start of),G ((call_Enqueue_d1 & (!return_Dequeue_d1 U (call_Enqueue_d2 & (!return_Dequeue_d1 & !return_Dequeue_d2 U call_Top_Down)))) -> F (call_Top_Down & F (call_P_d1 & F call_P_d2))),G(call_Enqueue_d1 -> (X(call_Enqueue_d2 -> F(call_Enqueue_d1 & call_Enqueue_d2)))),False
BASIC,0,If enqueue(d1) then enqueue(d2) then (A sequence of calls that enqueue d1 and d2 followed by start of),G ((call_Enqueue_d1 & (!return_Dequeue_d1 U (call_Enqueue_d2 & (!return_Dequeue_d1 & !return_Dequeue_d2 U call_Top_Down)))) -> F (call_Top_Down & F (call_P_d1 & F call_P_d2))),G(call_Enqueue_d1 -> (X(call_Enqueue_d2 -> F(call_Enqueue_d1 & call_Enqueue_d2)))),False
BASIC,0,If enqueue(d1) then enqueue(d2) then (A sequence of calls that enqueue d1 and d2 followed by start of),G ((call_Enqueue_d1 & (!return_Dequeue_d1 U (call_Enqueue_d2 & (!return_Dequeue_d1 & !return_Dequeue_d2 U call_Top_Down)))) -> F (call_Top_Down & F (call_P_d1 & F call_P_d2))),G(call_Enqueue_d1 -> (X(call_Enqueue_d2 -> F(call_Enqueue_d1 & call_Enqueue_d2)))),False
BASIC,0,If enqueue(d1) then enqueue(d2) then (A sequence of calls that enqueue d1 and d2 followed by start of),G ((call_Enqueue_d1 & (!return_Dequeue_d1 U (call_Enqueue_d2 & (!return_Dequeue_d1 & !return_Dequeue_d2 U call_Top_Down)))) -> F (call_Top_Down & F (call_P_d1 & F call_P_d2))),G(call_Enqueue_d1 -> (X(call_Enqueue_d2 -> F(call_Enqueue_d1 & call_Enqueue_d2)))),False
BASIC,0,If enqueue(d1) then enqueue(d2) then (A sequence of calls that enqueue d1 and d2 followed by start of),G ((call_Enqueue_d1 & (!return_Dequeue_d1 U (call_Enqueue_d2 & (!return_Dequeue_d1 & !return_Dequeue_d2 U call_Top_Down)))) -> F (call_Top_Down & F (call_P_d1 & F call_P_d2))),G(call_Enqueue_d1 -> (X(call_Enqueue_d2 -> F(call_Enqueue_d1 & call_Enqueue_d2)))),False
BASIC,0,If enqueue(d1) then enqueue(d2) then (A sequence of calls that enqueue d1 and d2 followed by start of),G ((call_Enqueue_d1 & (!return_Dequeue_d1 U (call_Enqueue_d2 & (!return_Dequeue_d1 & !return_Dequeue_d2 U call_Top_Down)))) -> F (call_Top_Down & F (call_P_d1 & F call_P_d2))),G(call_Enqueue_d1 -> (X(call_Enqueue_d2 -> F(call_Enqueue_d1 & call_Enqueue_d2)))),False
BASIC,0,If enqueue(d1) then enqueue(d2) then (A sequence of calls that enqueue d1 and d2 followed by start of),G ((call_Enqueue_d1 & (!return_Dequeue_d1 U (call_Enqueue_d2 & (!return_Dequeue_d1 & !return_Dequeue_d2 U call_Top_Down)))) -> F (call_Top_Down & F (call_P_d1 & F call_P_d2))),G(call_Enqueue_d1 -> (X(call_Enqueue_d2 -> F(call_Enqueue_d1 & call_Enqueue_d2)))),False
BASIC,0,If enqueue(d1) then enqueue(d2) then (A sequence of calls that enqueue d1 and d2 followed by start of),G ((call_Enqueue_d1 & (!return_Dequeue_d1 U (call_Enqueue_d2 & (!return_Dequeue_d1 & !return_Dequeue_d2 U call_Top_Down)))) -> F (call_Top_Down & F (call_P_d1 & F call_P_d2))),G(call_Enqueue_d1 -> (X(call_Enqueue_d2 -> F(call_Enqueue_d1 & call_Enqueue_d2)))),False
BASIC,0,If enqueue(d1) then enqueue(d2) then (A sequence of calls that enqueue d1 and d2 followed by start of),G ((call_Enqueue_d1 & (!return_Dequeue_d1 U (call_Enqueue_d2 & (!return_Dequeue_d1 & !return_Dequeue_d2 U call_Top_Down)))) -> F (call_Top_Down & F (call_P_d1 & F call_P_d2))),G(call_Enqueue_d1 -> (X(call_Enqueue_d2 -> F(call_Enqueue_d1 & call_Enqueue_d2)))),False
BASIC,0,If enqueue(d1) then enqueue(d2) then (A sequence of calls that enqueue d1 and d2 followed by start of),G ((call_Enqueue_d1 & (!return_Dequeue_d1 U (call_Enqueue_d2 & (!return_Dequeue_d1 & !return_Dequeue_d2 U call_Top_Down)))) -> F (call_Top_Down & F (call_P_d1 & F call_P_d2))),G(call_Enqueue_d1 -> (X(call_Enqueue_d2 -> F(call_Enqueue_d1 & call_Enqueue_d2)))),False
BASIC,0,If enqueue(d1) then enqueue(d2) then (A sequence of calls that enqueue d1 and d2 followed by start of),G ((call_Enqueue_d1 & (!return_Dequeue_d1 U (call_Enqueue_d2 & (!return_Dequeue_d1 & !return_Dequeue_d2 U call_Top_Down)))) -> F (call_Top_Down & F (call_P_d1 & F call_P_d2))),G(call_Enqueue_d1 -> (X(call_Enqueue_d2 -> F(call_Enqueue_d1 & call_Enqueue_d2)))),False
BASIC,0,If enqueue(d1) then enqueue(d2) then (A sequence of calls that enqueue d1 and d2 followed by start of),G ((call_Enqueue_d1 & (!return_Dequeue_d1 U (call_Enqueue_d2 & (!return_Dequeue_d1 & !return_Dequeue_d2 U call_Top_Down)))) -> F (call_Top_Down & F (call_P_d1 & F call_P_d2))),G(call_Enqueue_d1 -> (X(call_Enqueue_d2 -> F(call_Enqueue_d1 & call_Enqueue_d2)))),False
BASIC,0,If enqueue(d1) then enqueue(d2) then (A sequence of calls that enqueue d1 and d2 followed by start of),G ((call_Enqueue_d1 & (!return_Dequeue_d1 U (call_Enqueue_d2 & (!return_Dequeue_d1 & !return_Dequeue_d2 U call_Top_Down)))) -> F (call_Top_Down & F (call_P_d1 & F call_P_d2))),G(call_Enqueue_d1 -> (X(call_Enqueue_d2 -> F(call_Enqueue_d1 & call_Enqueue_d2)))),False
BASIC,0,If enqueue(d1) then enqueue(d2) then (A sequence of calls that enqueue d1 and d2 followed by start of),G ((call_Enqueue_d1 & (!return_Dequeue_d1 U (call_Enqueue_d2 & (!return_Dequeue_d1 & !return_Dequeue_d2 U call_Top_Down)))) -> F (call_Top_Down & F (call_P_d1 & F call_P_d2))),G(call_Enqueue_d1 -> (X(call_Enqueue_d2 -> F(call_Enqueue_d1 & call_Enqueue_d2)))),False
BASIC,0,If enqueue(d1) then enqueue(d2) then (A sequence of calls that enqueue d1 and d2 followed by start of),G ((call_Enqueue_d1 & (!return_Dequeue_d1 U (call_Enqueue_d2 & (!return_Dequeue_d1 & !return_Dequeue_d2 U call_Top_Down)))) -> F (call_Top_Down & F (call_P_d1 & F call_P_d2))),G(call_Enqueue_d1 -> (X(call_Enqueue_d2 -> F(call_Enqueue_d1 & call_Enqueue_d2)))),False
BASIC,0,If enqueue(d1) then enqueue(d2) then (A sequence of calls that enqueue d1 and d2 followed by start of),G ((call_Enqueue_d1 & (!return_Dequeue_d1 U (call_Enqueue_d2 & (!return_Dequeue_d1 & !return_Dequeue_d2 U call_Top_Down)))) -> F (call_Top_Down & F (call_P_d1 & F call_P_d2))),G(call_Enqueue_d1 -> (X(call_Enqueue_d2 -> F(call_Enqueue_d1 & call_Enqueue_d2)))),False
BASIC,0,If enqueue(d1) then enqueue(d2) then (A sequence of calls that enqueue d1 and d2 followed by start of),G ((call_Enqueue_d1 & (!return_Dequeue_d1 U (call_Enqueue_d2 & (!return_Dequeue_d1 & !return_Dequeue_d2 U call_Top_Down)))) -> F (call_Top_Down & F (call_P_d1 & F call_P_d2))),G(call_Enqueue_d1 -> (X(call_Enqueue_d2 -> F(call_Enqueue_d1 & call_Enqueue_d2)))),False
BASIC,0,If enqueue(d1) then enqueue(d2) then (A sequence of calls that enqueue d1 and d2 followed by start of),G ((call_Enqueue_d1 & (!return_Dequeue_d1 U (call_Enqueue_d2 & (!return_Dequeue_d1 & !return_Dequeue_d2 U call_Top_Down)))) -> F (call_Top_Down & F (call_P_d1 & F call_P_d2))),G(call_Enqueue_d1 -> (X(call_Enqueue_d2 -> F(call_Enqueue_d1 & call_Enqueue_d2)))),False
BASIC,0,If enqueue(d1) then enqueue(d2) then (A sequence of calls that enqueue d1 and d2 followed by start of),G ((call_Enqueue_d1 & (!return_Dequeue_d1 U (call_Enqueue_d2 & (!return_Dequeue_d1 & !return_Dequeue_d2 U call_Top_Down)))) -> F (call_Top_Down & F (call_P_d1 & F call_P_d2))),G(call_Enqueue_d1 -> (X(call_Enqueue_d2 -> F(call_Enqueue_d1 & call_Enqueue_d2)))),False
BASIC,0,If enqueue(d1) then enqueue(d2) then (A sequence of calls that enqueue d1 and d2 followed by start of),G ((call_Enqueue_d1 & (!return_Dequeue_d1 U (call_Enqueue_d2 & (!return_Dequeue_d1 & !return_Dequeue_d2 U call_Top_Down)))) -> F (call_Top_Down & F (call_P_d1 & F call_P_d2))),G(call_Enqueue_d1 -> (X(call_Enqueue_d2 -> F(call_Enqueue_d1 & call_Enqueue_d2)))),False
BASIC,0,If enqueue(d1) then enqueue(d2) then (A sequence of calls that enqueue d1 and d2 followed by start of),G ((call_Enqueue_d1 & (!return_Dequeue_d1 U (call_Enqueue_d2 & (!return_Dequeue_d1 & !return_Dequeue_d2 U call_Top_Down)))) -> F (call_Top_Down & F (call_P_d1 & F call_P_d2))),G(call_Enqueue_d1 -> (X(call_Enqueue_d2 -> F(call_Enqueue_d1 & call_Enqueue_d2)))),False
BASIC,0,If enqueue(d1) then enqueue(d2) then (A sequence of calls that enqueue d1 and d2 followed by start of),G ((call_Enqueue_d1 & (!return_Dequeue_d1 U (call_Enqueue_d2 & (!return_Dequeue_d1 & !return_Dequeue_d2 U call_Top_Down)))) -> F (call_Top_Down & F (call_P_d1 & F call_P_d2))),G(call_Enqueue_d1 -> (X(call_Enqueue_d2 -> F(call_Enqueue_d1 & call_Enqueue_d2)))),False
BASIC,0,If enqueue(d1) then enqueue(d2) then (A sequence of calls that enqueue d1 and d2 followed by start of),G ((call_Enqueue_d1 & (!return_Dequeue_d1 U (call_Enqueue_d2 & (!return_Dequeue_d1 & !return_Dequeue_d2 U call_Top_Down)))) -> F (call_Top_Down & F (call_P_d1 & F call_P_d2))),G(call_Enqueue_d1 -> (X(call_Enqueue_d2 -> F(call_Enqueue_d1 & call_Enqueue_d2)))),False
BASIC,0,If enqueue(d1) then enqueue(d2) then (A sequence of calls that enqueue d1 and d2 followed by start of),G ((call_Enqueue_d1 & (!return_Dequeue_d1 U (call_Enqueue_d2 & (!return_Dequeue_d1 & !return_Dequeue_d2 U call_Top_Down)))) -> F (call_Top_Down & F (call_P_d1 & F call_P_d2))),G(call_Enqueue_d1 -> (X(call_Enqueue_d2 -> F(call_Enqueue_d1 & call_Enqueue_d2)))),False
BASIC,0,If enqueue(d1) then enqueue(d2) then (A sequence of calls that enqueue d1 and d2 followed by start of),G ((call_Enqueue_d1 & (!return_Dequeue_d1 U (call_Enqueue_d2 & (!return_Dequeue_d1 & !return_Dequeue_d2 U call_Top_Down)))) -> F (call_Top_Down & F (call_P_d1 & F call_P_d2))),G(call_Enqueue_d1 -> (X(call_Enqueue_d2 -> F(call_Enqueue_d1 & call_Enqueue_d2)))),False
BASIC,0,If enqueue(d1) then enqueue(d2) then (A sequence of calls that enqueue d1 and d2 followed by start of),G ((call_Enqueue_d1 & (!return_Dequeue_d1 U (call_Enqueue_d2 & (!return_Dequeue_d1 & !return_Dequeue_d2 U call_Top_Down)))) -> F (call_Top_Down & F (call_P_d1 & F call_P_d2))),G(call_Enqueue_d1 -> (X(call_Enqueue_d2 -> F(call_Enqueue_d1 & call_Enqueue_d2)))),False
BASIC,0,If enqueue(d1) then enqueue(d2) then (A sequence of calls that enqueue d1 and d2 followed by start of),G ((call_Enqueue_d1 & (!return_Dequeue_d1 U (call_Enqueue_d2 & (!return_Dequeue_d1 & !return_Dequeue_d2 U call_Top_Down)))) -> F (call_Top_Down & F (call_P_d1 & F call_P_d2))),G(call_Enqueue_d1 -> (X(call_Enqueue_d2 -> F(call_Enqueue_d1 & call_Enqueue_d2)))),False
BASIC,0,If enqueue(d1) then enqueue(d2) then (A sequence of calls that enqueue d1 and d2 followed by start of),G ((call_Enqueue_d1 & (!return_Dequeue_d1 U (call_Enqueue_d2 & (!return_Dequeue_d1 & !return_Dequeue_d2 U call_Top_Down)))) -> F (call_Top_Down & F (call_P_d1 & F call_P_d2))),G(call_Enqueue_d1 -> (X(call_Enqueue_d2 -> F(call_Enqueue_d1 & call_Enqueue_d2)))),False
BASIC,0,If enqueue(d1) then enqueue(d2) then (A sequence of calls that enqueue d1 and d2 followed by start of),G ((call_Enqueue_d1 & (!return_Dequeue_d1 U (call_Enqueue_d2 & (!return_Dequeue_d1 & !return_Dequeue_d2 U call_Top_Down)))) -> F (call_Top_Down & F (call_P_d1 & F call_P_d2))),G(call_Enqueue_d1 -> (X(call_Enqueue_d2 -> F(call_Enqueue_d1 & call_Enqueue_d2)))),False
BASIC,0,If enqueue(d1) then enqueue(d2) then (A sequence of calls that enqueue d1 and d2 followed by start of),G ((call_Enqueue_d1 & (!return_Dequeue_d1 U (call_Enqueue_d2 & (!return_Dequeue_d1 & !return_Dequeue_d2 U call_Top_Down)))) -> F (call_Top_Down & F (call_P_d1 & F call_P_d2))),G(call_Enqueue_d1 -> (X(call_Enqueue_d2 -> F(call_Enqueue_d1 & call_Enqueue_d2)))),False
BASIC,0,If enqueue(d1) then enqueue(d2) then (A sequence of calls that enqueue d1 and d2 followed by start of),G ((call_Enqueue_d1 & (!return_Dequeue_d1 U (call_Enqueue_d2 & (!return_Dequeue_d1 & !return_Dequeue_d2 U call_Top_Down)))) -> F (call_Top_Down & F (call_P_d1 & F call_P_d2))),G(call_Enqueue_d1 -> (X(call_Enqueue_d2 -> F(call_Enqueue_d1 & call_Enqueue_d2)))),False
BASIC,0,If enqueue(d1) then enqueue(d2) then (A sequence of calls that enqueue d1 and d2 followed by start of),G ((call_Enqueue_d1 & (!return_Dequeue_d1 U (call_Enqueue_d2 & (!return_Dequeue_d1 & !return_Dequeue_d2 U call_Top_Down)))) -> F (call_Top_Down & F (call_P_d1 & F call_P_d2))),G(call_Enqueue_d1 -> (X(call_Enqueue_d2 -> F(call_Enqueue_d1 & call_Enqueue_d2)))),False
BASIC,0,If enqueue(d1) then enqueue(d2) then (A sequence of calls that enqueue d1 and d2 followed by start of),G ((call_Enqueue_d1 & (!return_Dequeue_d1 U (call_Enqueue_d2 & (!return_Dequeue_d1 & !return_Dequeue_d2 U call_Top_Down)))) -> F (call_Top_Down & F (call_P_d1 & F call_P_d2))),G(call_Enqueue_d1 -> (X(call_Enqueue_d2 -> F(call_Enqueue_d1 & call_Enqueue_d2)))),False
BASIC,0,If enqueue(d1) then enqueue(d2) then (A sequence of calls that enqueue d1 and d2 followed by start of),G ((call_Enqueue_d1 & (!return_Dequeue_d1 U (call_Enqueue_d2 & (!return_Dequeue_d1 & !return_Dequeue_d2 U call_Top_Down)))) -> F (call_Top_Down & F (call_P_d1 & F call_P_d2))),G(call_Enqueue_d1 -> (X(call_Enqueue_d2 -> F(call_Enqueue_d1 & call_Enqueue_d2)))),False
BASIC,0,If enqueue(d1) then enqueue(d2) then (A sequence of calls that enqueue d1 and d2 followed by start of),G ((call_Enqueue_d1 & (!return_Dequeue_d1 U (call_Enqueue_d2 & (!return_Dequeue_d1 & !return_Dequeue_d2 U call_Top_Down)))) -> F (call_Top_Down & F (call_P_d1 & F call_P_d2))),G(call_Enqueue_d1 -> (X(call_Enqueue_d2 -> F(call_Enqueue_d1 & call_Enqueue_d2)))),False
BASIC,0,If enqueue(d1) then enqueue(d2) then (A sequence of calls that enqueue d1 and d2 followed by start of),G ((call_Enqueue_d1 & (!return_Dequeue_d1 U (call_Enqueue_d2 & (!return_Dequeue_d1 & !return_Dequeue_d2 U call_Top_Down)))) -> F (call_Top_Down & F (call_P_d1 & F call_P_d2))),G(call_Enqueue_d1 -> (X(call_Enqueue_d2 -> F(call_Enqueue_d1 & call_Enqueue_d2)))),False
BASIC,0,If enqueue(d1) then enqueue(d2) then (A sequence of calls that enqueue d1 and d2 followed by start of),G ((call_Enqueue_d1 & (!return_Dequeue_d1 U (call_Enqueue_d2 & (!return_Dequeue_d1 & !return_Dequeue_d2 U call_Top_Down)))) -> F (call_Top_Down & F (call_P_d1 & F call_P_d2))),G(call_Enqueue_d1 -> (X(call_Enqueue_d2 -> F(call_Enqueue_d1 & call_Enqueue_d2)))),False
BASIC,0,If enqueue(d1) then enqueue(d2) then (A sequence of calls that enqueue d1 and d2 followed by start of),G ((call_Enqueue_d1 & (!return_Dequeue_d1 U (call_Enqueue_d2 & (!return_Dequeue_d1 & !return_Dequeue_d2 U call_Top_Down)))) -> F (call_Top_Down & F (call_P_d1 & F call_P_d2))),G(call_Enqueue_d1 -> (X(call_Enqueue_d2 -> F(call_Enqueue_d1 & call_Enqueue_d2)))),False
BASIC,0,If enqueue(d1) then enqueue(d2) then (A sequence of calls that enqueue d1 and d2 followed by start of),G ((call_Enqueue_d1 & (!return_Dequeue_d1 U (call_Enqueue_d2 & (!return_Dequeue_d1 & !return_Dequeue_d2 U call_Top_Down)))) -> F (call_Top_Down & F (call_P_d1 & F call_P_d2))),G(call_Enqueue_d1 -> (X(call_Enqueue_d2 -> F(call_Enqueue_d1 & call_Enqueue_d2)))),False
BASIC,0,If enqueue(d1) then enqueue(d2) then (A sequence of calls that enqueue d1 and d2 followed by start of),G ((call_Enqueue_d1 & (!return_Dequeue_d1 U (call_Enqueue_d2 & (!return_Dequeue_d1 & !return_Dequeue_d2 U call_Top_Down)))) -> F (call_Top_Down & F (call_P_d1 & F call_P_d2))),G(call_Enqueue_d1 -> (X(call_Enqueue_d2 -> F(call_Enqueue_d1 & call_Enqueue_d2)))),False
BASIC,0,If enqueue(d1) then enqueue(d2) then (A sequence of calls that enqueue d1 and d2 followed by start of),G ((call_Enqueue_d1 & (!return_Dequeue_d1 U (call_Enqueue_d2 & (!return_Dequeue_d1 & !return_Dequeue_d2 U call_Top_Down)))) -> F (call_Top_Down & F (call_P_d1 & F call_P_d2))),G(call_Enqueue_d1 -> (X(call_Enqueue_d2 -> F(call_Enqueue_d1 & call_Enqueue_d2)))),False
BASIC,0,If enqueue(d1) then enqueue(d2) then (A sequence of calls that enqueue d1 and d2 followed by start of),G ((call_Enqueue_d1 & (!return_Dequeue_d1 U (call_Enqueue_d2 & (!return_Dequeue_d1 & !return_Dequeue_d2 U call_Top_Down)))) -> F (call_Top_Down & F (call_P_d1 & F call_P_d2))),G(call_Enqueue_d1 -> (X(call_Enqueue_d2 -> F(call_Enqueue_d1 & call_Enqueue_d2)))),False
BASIC,0,If enqueue(d1) then enqueue(d2) then (A sequence of calls that enqueue d1 and d2 followed by start of),G ((call_Enqueue_d1 & (!return_Dequeue_d1 U (call_Enqueue_d2 & (!return_Dequeue_d1 & !return_Dequeue_d2 U call_Top_Down)))) -> F (call_Top_Down & F (call_P_d1 & F call_P_d2))),G(call_Enqueue_d1 -> (X(call_Enqueue_d2 -> F(call_Enqueue_d1 & call_Enqueue_d2)))),False
BASIC,0,If enqueue(d1) then enqueue(d2) then (A sequence of calls that enqueue d1 and d2 followed by start of),G ((call_Enqueue_d1 & (!return_Dequeue_d1 U (call_Enqueue_d2 & (!return_Dequeue_d1 & !return_Dequeue_d2 U call_Top_Down)))) -> F (call_Top_Down & F (call_P_d1 & F call_P_d2))),G(call_Enqueue_d1 -> (X(call_Enqueue_d2 -> F(call_Enqueue_d1 & call_Enqueue_d2)))),False
BASIC,0,If enqueue(d1) then enqueue(d2) then (A sequence of calls that enqueue d1 and d2 followed by start of),G ((call_Enqueue_d1 & (!return_Dequeue_d1 U (call_Enqueue_d2 & (!return_Dequeue_d1 & !return_Dequeue_d2 U call_Top_Down)))) -> F (call_Top_Down & F (call_P_d1 & F call_P_d2))),G(call_Enqueue_d1 -> (X(call_Enqueue_d2 -> F(call_Enqueue_d1 & call_Enqueue_d2)))),False
BASIC,0,If enqueue(d1) then enqueue(d2) then (A sequence of calls that enqueue d1 and d2 followed by start of),G ((call_Enqueue_d1 & (!return_Dequeue_d1 U (call_Enqueue_d2 & (!return_Dequeue_d1 & !return_Dequeue_d2 U call_Top_Down)))) -> F (call_Top_Down & F (call_P_d1 & F call_P_d2))),G(call_Enqueue_d1 -> (X(call_Enqueue_d2 -> F(call_Enqueue_d1 & call_Enqueue_d2)))),False
BASIC,0,If enqueue(d1) then enqueue(d2) then (A sequence of calls that enqueue d1 and d2 followed by start of),G ((call_Enqueue_d1 & (!return_Dequeue_d1 U (call_Enqueue_d2 & (!return_Dequeue_d1 & !return_Dequeue_d2 U call_Top_Down)))) -> F (call_Top_Down & F (call_P_d1 & F call_P_d2))),G(call_Enqueue_d1 -> (X(call_Enqueue_d2 -> F(call_Enqueue_d1 & call_Enqueue_d2)))),False
BASIC,0,If enqueue(d1) then enqueue(d2) then (A sequence of calls that enqueue d1 and d2 followed by start of),G ((call_Enqueue_d1 & (!return_Dequeue_d1 U (call_Enqueue_d2 & (!return_Dequeue_d1 & !return_Dequeue_d2 U call_Top_Down)))) -> F (call_Top_Down & F (call_P_d1 & F call_P_d2))),G(call_Enqueue_d1 -> (X(call_Enqueue_d2 -> F(call_Enqueue_d1 & call_Enqueue_d2)))),False
BASIC,0,If enqueue(d1) then enqueue(d2) then (A sequence of calls that enqueue d1 and d2 followed by start of),G ((call_Enqueue_d1 & (!return_Dequeue_d1 U (call_Enqueue_d2 & (!return_Dequeue_d1 & !return_Dequeue_d2 U call_Top_Down)))) -> F (call_Top_Down & F (call_P_d1 & F call_P_d2))),G(call_Enqueue_d1 -> (X(call_Enqueue_d2 -> F(call_Enqueue_d1 & call_Enqueue_d2)))),False
BASIC,0,If enqueue(d1) then enqueue(d2) then (A sequence of calls that enqueue d1 and d2 followed by start of),G ((call_Enqueue_d1 & (!return_Dequeue_d1 U (call_Enqueue_d2 & (!return_Dequeue_d1 & !return_Dequeue_d2 U call_Top_Down)))) -> F (call_Top_Down & F (call_P_d1 & F call_P_d2))),G(call_Enqueue_d1 -> (X(call_Enqueue_d2 -> F(call_Enqueue_d1 & call_Enqueue_d2)))),False
BASIC,0,If enqueue(d1) then enqueue(d2) then (A sequence of calls that enqueue d1 and d2 followed by start of),G ((call_Enqueue_d1 & (!return_Dequeue_d1 U (call_Enqueue_d2 & (!return_Dequeue_d1 & !return_Dequeue_d2 U call_Top_Down)))) -> F (call_Top_Down & F (call_P_d1 & F call_P_d2))),G(call_Enqueue_d1 -> (X(call_Enqueue_d2 -> F(call_Enqueue_d1 & call_Enqueue_d2)))),False
BASIC,0,If enqueue(d1) then enqueue(d2) then (A sequence of calls that enqueue d1 and d2 followed by start of),G ((call_Enqueue_d1 & (!return_Dequeue_d1 U (call_Enqueue_d2 & (!return_Dequeue_d1 & !return_Dequeue_d2 U call_Top_Down)))) -> F (call_Top_Down & F (call_P_d1 & F call_P_d2))),G(call_Enqueue_d1 -> (X(call_Enqueue_d2 -> F(call_Enqueue_d1 & call_Enqueue_d2)))),False
BASIC,0,If enqueue(d1) then enqueue(d2) then (A sequence of calls that enqueue d1 and d2 followed by start of),G ((call_Enqueue_d1 & (!return_Dequeue_d1 U (call_Enqueue_d2 & (!return_Dequeue_d1 & !return_Dequeue_d2 U call_Top_Down)))) -> F (call_Top_Down & F (call_P_d1 & F call_P_d2))),G(call_Enqueue_d1 -> (X(call_Enqueue_d2 -> F(call_Enqueue_d1 & call_Enqueue_d2)))),False
BASIC,0,If enqueue(d1) then enqueue(d2) then (A sequence of calls that enqueue d1 and d2 followed by start of),G ((call_Enqueue_d1 & (!return_Dequeue_d1 U (call_Enqueue_d2 & (!return_Dequeue_d1 & !return_Dequeue_d2 U call_Top_Down)))) -> F (call_Top_Down & F (call_P_d1 & F call_P_d2))),G(call_Enqueue_d1 -> (X(call_Enqueue_d2 -> F(call_Enqueue_d1 & call_Enqueue_d2)))),False
BASIC,0,If enqueue(d1) then enqueue(d2) then (A sequence of calls that enqueue d1 and d2 followed by start of),G ((call_Enqueue_d1 & (!return_Dequeue_d1 U (call_Enqueue_d2 & (!return_Dequeue_d1 & !return_Dequeue_d2 U call_Top_Down)))) -> F (call_Top_Down & F (call_P_d1 & F call_P_d2))),G(call_Enqueue_d1 -> (X(call_Enqueue_d2 -> F(call_Enqueue_d1 & call_Enqueue_d2)))),False
BASIC,0,If enqueue(d1) then enqueue(d2) then (A sequence of calls that enqueue d1 and d2 followed by start of),G ((call_Enqueue_d1 & (!return_Dequeue_d1 U (call_Enqueue_d2 & (!return_Dequeue_d1 & !return_Dequeue_d2 U call_Top_Down)))) -> F (call_Top_Down & F (call_P_d1 & F call_P_d2))),G(call_Enqueue_d1 -> (X(call_Enqueue_d2 -> F(call_Enqueue_d1 & call_Enqueue_d2)))),False
BASIC,0,If enqueue(d1) then enqueue(d2) then (A sequence of calls that enqueue d1 and d2 followed by start of),G ((call_Enqueue_d1 & (!return_Dequeue_d1 U (call_Enqueue_d2 & (!return_Dequeue_d1 & !return_Dequeue_d2 U call_Top_Down)))) -> F (call_Top_Down & F (call_P_d1 & F call_P_d2))),G(call_Enqueue_d1 -> (X(call_Enqueue_d2 -> F(call_Enqueue_d1 & call_Enqueue_d2)))),False
BASIC,0,If enqueue(d1) then enqueue(d2) then (A sequence of calls that enqueue d1 and d2 followed by start of),G ((call_Enqueue_d1 & (!return_Dequeue_d1 U (call_Enqueue_d2 & (!return_Dequeue_d1 & !return_Dequeue_d2 U call_Top_Down)))) -> F (call_Top_Down & F (call_P_d1 & F call_P_d2))),G(call_Enqueue_d1 -> (X(call_Enqueue_d2 -> F(call_Enqueue_d1 & call_Enqueue_d2)))),False
BASIC,0,If enqueue(d1) then enqueue(d2) then (A sequence of calls that enqueue d1 and d2 followed by start of),G ((call_Enqueue_d1 & (!return_Dequeue_d1 U (call_Enqueue_d2 & (!return_Dequeue_d1 & !return_Dequeue_d2 U call_Top_Down)))) -> F (call_Top_Down & F (call_P_d1 & F call_P_d2))),G(call_Enqueue_d1 -> (X(call_Enqueue_d2 -> F(call_Enqueue_d1 & call_Enqueue_d2)))),False
BASIC,0,If enqueue(d1) then enqueue(d2) then (A sequence of calls that enqueue d1 and d2 followed by start of),G ((call_Enqueue_d1 & (!return_Dequeue_d1 U (call_Enqueue_d2 & (!return_Dequeue_d1 & !return_Dequeue_d2 U call_Top_Down)))) -> F (call_Top_Down & F (call_P_d1 & F call_P_d2))),G(call_Enqueue_d1 -> (X(call_Enqueue_d2 -> F(call_Enqueue_d1 & call_Enqueue_d2)))),False
BASIC,0,If enqueue(d1) then enqueue(d2) then (A sequence of calls that enqueue d1 and d2 followed by start of),G ((call_Enqueue_d1 & (!return_Dequeue_d1 U (call_Enqueue_d2 & (!return_Dequeue_d1 & !return_Dequeue_d2 U call_Top_Down)))) -> F (call_Top_Down & F (call_P_d1 & F call_P_d2))),G(call_Enqueue_d1 -> (X(call_Enqueue_d2 -> F(call_Enqueue_d1 & call_Enqueue_d2)))),False
BASIC,0,If enqueue(d1) then enqueue(d2) then (A sequence of calls that enqueue d1 and d2 followed by start of),G ((call_Enqueue_d1 & (!return_Dequeue_d1 U (call_Enqueue_d2 & (!return_Dequeue_d1 & !return_Dequeue_d2 U call_Top_Down)))) -> F (call_Top_Down & F (call_P_d1 & F call_P_d2))),G(call_Enqueue_d1 -> (X(call_Enqueue_d2 -> F(call_Enqueue_d1 & call_Enqueue_d2)))),False
BASIC,0,If enqueue(d1) then enqueue(d2) then (A sequence of calls that enqueue d1 and d2 followed by start of),G ((call_Enqueue_d1 & (!return_Dequeue_d1 U (call_Enqueue_d2 & (!return_Dequeue_d1 & !return_Dequeue_d2 U call_Top_Down)))) -> F (call_Top_Down & F (call_P_d1 & F call_P_d2))),G(call_Enqueue_d1 -> (X(call_Enqueue_d2 -> F(call_Enqueue_d1 & call_Enqueue_d2)))),False
BASIC,0,If enqueue(d1) then enqueue(d2) then (A sequence of calls that enqueue d1 and d2 followed by start of),G ((call_Enqueue_d1 & (!return_Dequeue_d1 U (call_Enqueue_d2 & (!return_Dequeue_d1 & !return_Dequeue_d2 U call_Top_Down)))) -> F (call_Top_Down & F (call_P_d1 & F call_P_d2))),G(call_Enqueue_d1 -> (X(call_Enqueue_d2 -> F(call_Enqueue_d1 & call_Enqueue_d2)))),False
BASIC,0,If enqueue(d1) then enqueue(d2) then (A sequence of calls that enqueue d1 and d2 followed by start of),G ((call_Enqueue_d1 & (!return_Dequeue_d1 U (call_Enqueue_d2 & (!return_Dequeue_d1 & !return_Dequeue_d2 U call_Top_Down)))) -> F (call_Top_Down & F (call_P_d1 & F call_P_d2))),G(call_Enqueue_d1 -> (X(call_Enqueue_d2 -> F(call_Enqueue_d1 & call_Enqueue_d2)))),False
BASIC,0,If enqueue(d1) then enqueue(d2) then (A sequence of calls that enqueue d1 and d2 followed by start of),G ((call_Enqueue_d1 & (!return_Dequeue_d1 U (call_Enqueue_d2 & (!return_Dequeue_d1 & !return_Dequeue_d2 U call_Top_Down)))) -> F (call_Top_Down & F (call_P_d1 & F call_P_d2))),G(call_Enqueue_d1 -> (X(call_Enqueue_d2 -> F(call_Enqueue_d1 & call_Enqueue_d2)))),False
BASIC,0,If enqueue(d1) then enqueue(d2) then (A sequence of calls that enqueue d1 and d2 followed by start of),G ((call_Enqueue_d1 & (!return_Dequeue_d1 U (call_Enqueue_d2 & (!return_Dequeue_d1 & !return_Dequeue_d2 U call_Top_Down)))) -> F (call_Top_Down & F (call_P_d1 & F call_P_d2))),G(call_Enqueue_d1 -> (X(call_Enqueue_d2 -> F(call_Enqueue_d1 & call_Enqueue_d2)))),False
BASIC,0,If enqueue(d1) then enqueue(d2) then (A sequence of calls that enqueue d1 and d2 followed by start of),G ((call_Enqueue_d1 & (!return_Dequeue_d1 U (call_Enqueue_d2 & (!return_Dequeue_d1 & !return_Dequeue_d2 U call_Top_Down)))) -> F (call_Top_Down & F (call_P_d1 & F call_P_d2))),G(call_Enqueue_d1 -> (X(call_Enqueue_d2 -> F(call_Enqueue_d1 & call_Enqueue_d2)))),False
BASIC,0,If enqueue(d1) then enqueue(d2) then (A sequence of calls that enqueue d1 and d2 followed by start of),G ((call_Enqueue_d1 & (!return_Dequeue_d1 U (call_Enqueue_d2 & (!return_Dequeue_d1 & !return_Dequeue_d2 U call_Top_Down)))) -> F (call_Top_Down & F (call_P_d1 & F call_P_d2))),G(call_Enqueue_d1 -> (X(call_Enqueue_d2 -> F(call_Enqueue_d1 & call_Enqueue_d2)))),False
BASIC,0,If enqueue(d1) then enqueue(d2) then (A sequence of calls that enqueue d1 and d2 followed by start of),G ((call_Enqueue_d1 & (!return_Dequeue_d1 U (call_Enqueue_d2 & (!return_Dequeue_d1 & !return_Dequeue_d2 U call_Top_Down)))) -> F (call_Top_Down & F (call_P_d1 & F call_P_d2))),G(call_Enqueue_d1 -> (X(call_Enqueue_d2 -> F(call_Enqueue_d1 & call_Enqueue_d2)))),False
BASIC,0,If enqueue(d1) then enqueue(d2) then (A sequence of calls that enqueue d1 and d2 followed by start of),G ((call_Enqueue_d1 & (!return_Dequeue_d1 U (call_Enqueue_d2 & (!return_Dequeue_d1 & !return_Dequeue_d2 U call_Top_Down)))) -> F (call_Top_Down & F (call_P_d1 & F call_P_d2))),G(call_Enqueue_d1 -> (X(call_Enqueue_d2 -> F(call_Enqueue_d1 & call_Enqueue_d2)))),False
BASIC,0,If enqueue(d1) then enqueue(d2) then (A sequence of calls that enqueue d1 and d2 followed by start of),G ((call_Enqueue_d1 & (!return_Dequeue_d1 U (call_Enqueue_d2 & (!return_Dequeue_d1 & !return_Dequeue_d2 U call_Top_Down)))) -> F (call_Top_Down & F (call_P_d1 & F call_P_d2))),G(call_Enqueue_d1 -> (X(call_Enqueue_d2 -> F(call_Enqueue_d1 & call_Enqueue_d2)))),False
BASIC,0,If enqueue(d1) then enqueue(d2) then (A sequence of calls that enqueue d1 and d2 followed by start of),G ((call_Enqueue_d1 & (!return_Dequeue_d1 U (call_Enqueue_d2 & (!return_Dequeue_d1 & !return_Dequeue_d2 U call_Top_Down)))) -> F (call_Top_Down & F (call_P_d1 & F call_P_d2))),G(call_Enqueue_d1 -> (X(call_Enqueue_d2 -> F(call_Enqueue_d1 & call_Enqueue_d2)))),False
BASIC,0,If enqueue(d1) then enqueue(d2) then (A sequence of calls that enqueue d1 and d2 followed by start of),G ((call_Enqueue_d1 & (!return_Dequeue_d1 U (call_Enqueue_d2 & (!return_Dequeue_d1 & !return_Dequeue_d2 U call_Top_Down)))) -> F (call_Top_Down & F (call_P_d1 & F call_P_d2))),G(call_Enqueue_d1 -> (X(call_Enqueue_d2 -> F(call_Enqueue_d1 & call_Enqueue_d2)))),False
BASIC,0,If enqueue(d1) then enqueue(d2) then (A sequence of calls that enqueue d1 and d2 followed by start of),G ((call_Enqueue_d1 & (!return_Dequeue_d1 U (call_Enqueue_d2 & (!return_Dequeue_d1 & !return_Dequeue_d2 U call_Top_Down)))) -> F (call_Top_Down & F (call_P_d1 & F call_P_d2))),G(call_Enqueue_d1 -> (X(call_Enqueue_d2 -> F(call_Enqueue_d1 & call_Enqueue_d2)))),False
BASIC,0,If enqueue(d1) then enqueue(d2) then (A sequence of calls that enqueue d1 and d2 followed by start of),G ((call_Enqueue_d1 & (!return_Dequeue_d1 U (call_Enqueue_d2 & (!return_Dequeue_d1 & !return_Dequeue_d2 U call_Top_Down)))) -> F (call_Top_Down & F (call_P_d1 & F call_P_d2))),G(call_Enqueue_d1 -> (X(call_Enqueue_d2 -> F(call_Enqueue_d1 & call_Enqueue_d2)))),False
BASIC,0,If enqueue(d1) then enqueue(d2) then (A sequence of calls that enqueue d1 and d2 followed by start of),G ((call_Enqueue_d1 & (!return_Dequeue_d1 U (call_Enqueue_d2 & (!return_Dequeue_d1 & !return_Dequeue_d2 U call_Top_Down)))) -> F (call_Top_Down & F (call_P_d1 & F call_P_d2))),G(call_Enqueue_d1 -> (X(call_Enqueue_d2 -> F(call_Enqueue_d1 & call_Enqueue_d2)))),False
BASIC,0,If enqueue(d1) then enqueue(d2) then (A sequence of calls that enqueue d1 and d2 followed by start of),G ((call_Enqueue_d1 & (!return_Dequeue_d1 U (call_Enqueue_d2 & (!return_Dequeue_d1 & !return_Dequeue_d2 U call_Top_Down)))) -> F (call_Top_Down & F (call_P_d1 & F call_P_d2))),G(call_Enqueue_d1 -> (X(call_Enqueue_d2 -> F(call_Enqueue_d1 & call_Enqueue_d2)))),False
BASIC,0,If enqueue(d1) then enqueue(d2) then (A sequence of calls that enqueue d1 and d2 followed by start of),G ((call_Enqueue_d1 & (!return_Dequeue_d1 U (call_Enqueue_d2 & (!return_Dequeue_d1 & !return_Dequeue_d2 U call_Top_Down)))) -> F (call_Top_Down & F (call_P_d1 & F call_P_d2))),G(call_Enqueue_d1 -> (X(call_Enqueue_d2 -> F(call_Enqueue_d1 & call_Enqueue_d2)))),False
BASIC,0,If enqueue(d1) then enqueue(d2) then (A sequence of calls that enqueue d1 and d2 followed by start of),G ((call_Enqueue_d1 & (!return_Dequeue_d1 U (call_Enqueue_d2 & (!return_Dequeue_d1 & !return_Dequeue_d2 U call_Top_Down)))) -> F (call_Top_Down & F (call_P_d1 & F call_P_d2))),G(call_Enqueue_d1 -> (X(call_Enqueue_d2 -> F(call_Enqueue_d1 & call_Enqueue_d2)))),False
BASIC,0,If enqueue(d1) then enqueue(d2) then (A sequence of calls that enqueue d1 and d2 followed by start of),G ((call_Enqueue_d1 & (!return_Dequeue_d1 U (call_Enqueue_d2 & (!return_Dequeue_d1 & !return_Dequeue_d2 U call_Top_Down)))) -> F (call_Top_Down & F (call_P_d1 & F call_P_d2))),G(call_Enqueue_d1 -> (X(call_Enqueue_d2 -> F(call_Enqueue_d1 & call_Enqueue_d2)))),False
BASIC,0,If enqueue(d1) then enqueue(d2) then (A sequence of calls that enqueue d1 and d2 followed by start of),G ((call_Enqueue_d1 & (!return_Dequeue_d1 U (call_Enqueue_d2 & (!return_Dequeue_d1 & !return_Dequeue_d2 U call_Top_Down)))) -> F (call_Top_Down & F (call_P_d1 & F call_P_d2))),G(call_Enqueue_d1 -> (call_Enqueue_d2 -> (call_Enqueue_d1 U call_Enqueue_d2))),False
BASIC,0,If enqueue(d1) then enqueue(d2) then (A sequence of calls that enqueue d1 and d2 followed by start of),G ((call_Enqueue_d1 & (!return_Dequeue_d1 U (call_Enqueue_d2 & (!return_Dequeue_d1 & !return_Dequeue_d2 U call_Top_Down)))) -> F (call_Top_Down & F (call_P_d1 & F call_P_d2))),G(call_Enqueue_d1 -> (X(call_Enqueue_d2 -> F(call_Enqueue_d1 & call_Enqueue_d2)))),False
BASIC,0,If enqueue(d1) then enqueue(d2) then (A sequence of calls that enqueue d1 and d2 followed by start of),G ((call_Enqueue_d1 & (!return_Dequeue_d1 U (call_Enqueue_d2 & (!return_Dequeue_d1 & !return_Dequeue_d2 U call_Top_Down)))) -> F (call_Top_Down & F (call_P_d1 & F call_P_d2))),G(call_Enqueue_d1 -> (X(call_Enqueue_d2 -> F(call_Enqueue_d1 & call_Enqueue_d2)))),False
BASIC,0,If enqueue(d1) then enqueue(d2) then (A sequence of calls that enqueue d1 and d2 followed by start of),G ((call_Enqueue_d1 & (!return_Dequeue_d1 U (call_Enqueue_d2 & (!return_Dequeue_d1 & !return_Dequeue_d2 U call_Top_Down)))) -> F (call_Top_Down & F (call_P_d1 & F call_P_d2))),G(call_Enqueue_d1 -> (X(call_Enqueue_d2 -> F(call_Enqueue_d1 & call_Enqueue_d2)))),False
BASIC,3,Between an enqueue(d1) and empty(true) there must be a dequeue(d1),G ((call_Enqueue_d1 & F return_Empty_true) -> (!return_Empty_true U return_Dequeue_d1)),G (call_Enqueue_d1 -> (!return_Empty_true U (return_Dequeue_d1 & (!return_Empty_true U return_Empty_true)))),False
BASIC,3,Between an enqueue(d1) and empty(true) there must be a dequeue(d1),G ((call_Enqueue_d1 & F return_Empty_true) -> (!return_Empty_true U return_Dequeue_d1)),G (call_Enqueue_d1 -> (!return_Empty_true U (return_Dequeue_d1 & !return_Empty_true))),False
BASIC,3,Between an enqueue(d1) and empty(true) there must be a dequeue(d1),G ((call_Enqueue_d1 & F return_Empty_true) -> (!return_Empty_true U return_Dequeue_d1)),G (call_Enqueue_d1 -> (!return_Empty_true U (return_Dequeue_d1 & (!return_Empty_true U return_Empty_true)))),False
BASIC,3,Between an enqueue(d1) and empty(true) there must be a dequeue(d1),G ((call_Enqueue_d1 & F return_Empty_true) -> (!return_Empty_true U return_Dequeue_d1)),G (call_Enqueue_d1 -> (!return_Empty_true U (return_Dequeue_d1 & !return_Empty_true))),False
BASIC,3,Between an enqueue(d1) and empty(true) there must be a dequeue(d1),G ((call_Enqueue_d1 & F return_Empty_true) -> (!return_Empty_true U return_Dequeue_d1)),G (call_Enqueue_d1 -> (!return_Empty_true U (return_Dequeue_d1 & (!return_Empty_true U return_Empty_true)))),False
BASIC,3,Between an enqueue(d1) and empty(true) there must be a dequeue(d1),G ((call_Enqueue_d1 & F return_Empty_true) -> (!return_Empty_true U return_Dequeue_d1)),G (call_Enqueue_d1 -> (!return_Empty_true U (return_Dequeue_d1 & !return_Empty_true))),False
BASIC,3,Between an enqueue(d1) and empty(true) there must be a dequeue(d1),G ((call_Enqueue_d1 & F return_Empty_true) -> (!return_Empty_true U return_Dequeue_d1)),G (call_Enqueue_d1 -> (!return_Empty_true U (return_Dequeue_d1 & (!return_Empty_true U return_Empty_true)))),False
BASIC,3,Between an enqueue(d1) and empty(true) there must be a dequeue(d1),G ((call_Enqueue_d1 & F return_Empty_true) -> (!return_Empty_true U return_Dequeue_d1)),G (call_Enqueue_d1 -> (!return_Empty_true U (return_Dequeue_d1 & (!return_Empty_true U return_Empty_true)))),False
BASIC,3,Between an enqueue(d1) and empty(true) there must be a dequeue(d1),G ((call_Enqueue_d1 & F return_Empty_true) -> (!return_Empty_true U return_Dequeue_d1)),G (call_Enqueue_d1 -> (!return_Empty_true U (return_Dequeue_d1 & !return_Empty_true))),False
BASIC,3,Between an enqueue(d1) and empty(true) there must be a dequeue(d1),G ((call_Enqueue_d1 & F return_Empty_true) -> (!return_Empty_true U return_Dequeue_d1)),G (call_Enqueue_d1 -> (!return_Empty_true U (return_Dequeue_d1 & (!return_Empty_true U return_Empty_true)))),False
BASIC,3,Between an enqueue(d1) and empty(true) there must be a dequeue(d1),G ((call_Enqueue_d1 & F return_Empty_true) -> (!return_Empty_true U return_Dequeue_d1)),G (call_Enqueue_d1 -> (!return_Empty_true U (return_Dequeue_d1 & (!return_Empty_true U return_Empty_true)))),False
BASIC,3,Between an enqueue(d1) and empty(true) there must be a dequeue(d1),G ((call_Enqueue_d1 & F return_Empty_true) -> (!return_Empty_true U return_Dequeue_d1)),G (call_Enqueue_d1 -> (!return_Empty_true U (return_Dequeue_d1 & !return_Empty_true))),False
BASIC,3,Between an enqueue(d1) and empty(true) there must be a dequeue(d1),G ((call_Enqueue_d1 & F return_Empty_true) -> (!return_Empty_true U return_Dequeue_d1)),G (call_Enqueue_d1 -> (!return_Empty_true U (return_Dequeue_d1 & !return_Empty_true))),False
BASIC,3,Between an enqueue(d1) and empty(true) there must be a dequeue(d1),G ((call_Enqueue_d1 & F return_Empty_true) -> (!return_Empty_true U return_Dequeue_d1)),G (call_Enqueue_d1 -> (!return_Empty_true U (return_Dequeue_d1 & !return_Empty_true))),False
BASIC,3,Between an enqueue(d1) and empty(true) there must be a dequeue(d1),G ((call_Enqueue_d1 & F return_Empty_true) -> (!return_Empty_true U return_Dequeue_d1)),G (call_Enqueue_d1 -> (!return_Empty_true U (return_Dequeue_d1 & (!return_Empty_true U return_Empty_true)))),False
BASIC,3,Between an enqueue(d1) and empty(true) there must be a dequeue(d1),G ((call_Enqueue_d1 & F return_Empty_true) -> (!return_Empty_true U return_Dequeue_d1)),G (call_Enqueue_d1 -> (!return_Empty_true U (return_Dequeue_d1 & !return_Empty_true))),False
BASIC,3,Between an enqueue(d1) and empty(true) there must be a dequeue(d1),G ((call_Enqueue_d1 & F return_Empty_true) -> (!return_Empty_true U return_Dequeue_d1)),G (call_Enqueue_d1 -> (!return_Empty_true U (return_Dequeue_d1 & (!return_Empty_true U return_Empty_true)))),False
BASIC,3,Between an enqueue(d1) and empty(true) there must be a dequeue(d1),G ((call_Enqueue_d1 & F return_Empty_true) -> (!return_Empty_true U return_Dequeue_d1)),G (call_Enqueue_d1 -> (!return_Empty_true U (return_Dequeue_d1 & !return_Empty_true))),False
BASIC,3,Between an enqueue(d1) and empty(true) there must be a dequeue(d1),G ((call_Enqueue_d1 & F return_Empty_true) -> (!return_Empty_true U return_Dequeue_d1)),G (call_Enqueue_d1 -> (!return_Empty_true U (return_Dequeue_d1 & (!return_Empty_true U return_Empty_true)))),False
BASIC,3,Between an enqueue(d1) and empty(true) there must be a dequeue(d1),G ((call_Enqueue_d1 & F return_Empty_true) -> (!return_Empty_true U return_Dequeue_d1)),G (call_Enqueue_d1 -> (!return_Empty_true U (return_Dequeue_d1 & !return_Empty_true))),False
BASIC,3,Between an enqueue(d1) and empty(true) there must be a dequeue(d1),G ((call_Enqueue_d1 & F return_Empty_true) -> (!return_Empty_true U return_Dequeue_d1)),G (call_Enqueue_d1 -> (!return_Empty_true U (return_Dequeue_d1 & (!return_Empty_true U return_Empty_true)))),False
BASIC,3,Between an enqueue(d1) and empty(true) there must be a dequeue(d1),G ((call_Enqueue_d1 & F return_Empty_true) -> (!return_Empty_true U return_Dequeue_d1)),G (call_Enqueue_d1 -> (!return_Empty_true U (return_Dequeue_d1 & !return_Empty_true))),False
BASIC,3,Between an enqueue(d1) and empty(true) there must be a dequeue(d1),G ((call_Enqueue_d1 & F return_Empty_true) -> (!return_Empty_true U return_Dequeue_d1)),G (call_Enqueue_d1 -> (!return_Empty_true U (return_Dequeue_d1 & (!return_Empty_true U return_Empty_true)))),False
BASIC,3,Between an enqueue(d1) and empty(true) there must be a dequeue(d1),G ((call_Enqueue_d1 & F return_Empty_true) -> (!return_Empty_true U return_Dequeue_d1)),G (call_Enqueue_d1 -> (!return_Empty_true U (return_Dequeue_d1 & (!return_Empty_true U return_Empty_true)))),False
BASIC,3,Between an enqueue(d1) and empty(true) there must be a dequeue(d1),G ((call_Enqueue_d1 & F return_Empty_true) -> (!return_Empty_true U return_Dequeue_d1)),G (call_Enqueue_d1 -> (!return_Empty_true U (return_Dequeue_d1 & !return_Empty_true))),False
BASIC,3,Between an enqueue(d1) and empty(true) there must be a dequeue(d1),G ((call_Enqueue_d1 & F return_Empty_true) -> (!return_Empty_true U return_Dequeue_d1)),G (call_Enqueue_d1 -> (!return_Empty_true U (return_Dequeue_d1 & (!return_Empty_true U return_Empty_true)))),False
BASIC,3,Between an enqueue(d1) and empty(true) there must be a dequeue(d1),G ((call_Enqueue_d1 & F return_Empty_true) -> (!return_Empty_true U return_Dequeue_d1)),G (call_Enqueue_d1 -> (!return_Empty_true U (return_Dequeue_d1 & !return_Empty_true))),False
BASIC,3,Between an enqueue(d1) and empty(true) there must be a dequeue(d1),G ((call_Enqueue_d1 & F return_Empty_true) -> (!return_Empty_true U return_Dequeue_d1)),G (call_Enqueue_d1 -> (!return_Empty_true U (return_Dequeue_d1 & (!return_Empty_true U return_Empty_true)))),False
BASIC,3,Between an enqueue(d1) and empty(true) there must be a dequeue(d1),G ((call_Enqueue_d1 & F return_Empty_true) -> (!return_Empty_true U return_Dequeue_d1)),G (call_Enqueue_d1 -> (!return_Empty_true U (return_Dequeue_d1 & !return_Empty_true))),False
BASIC,3,Between an enqueue(d1) and empty(true) there must be a dequeue(d1),G ((call_Enqueue_d1 & F return_Empty_true) -> (!return_Empty_true U return_Dequeue_d1)),G (call_Enqueue_d1 -> (!return_Empty_true U (return_Dequeue_d1 & (!return_Empty_true U return_Empty_true)))),False
BASIC,3,Between an enqueue(d1) and empty(true) there must be a dequeue(d1),G ((call_Enqueue_d1 & F return_Empty_true) -> (!return_Empty_true U return_Dequeue_d1)),G (call_Enqueue_d1 -> (!return_Empty_true U (return_Dequeue_d1 & (!return_Empty_true U return_Empty_true)))),False
BASIC,3,Between an enqueue(d1) and empty(true) there must be a dequeue(d1),G ((call_Enqueue_d1 & F return_Empty_true) -> (!return_Empty_true U return_Dequeue_d1)),G (call_Enqueue_d1 -> (!return_Empty_true U (return_Dequeue_d1 & (!return_Empty_true U return_Empty_true)))),False
BASIC,3,Between an enqueue(d1) and empty(true) there must be a dequeue(d1),G ((call_Enqueue_d1 & F return_Empty_true) -> (!return_Empty_true U return_Dequeue_d1)),G (call_Enqueue_d1 -> (!return_Empty_true U (return_Dequeue_d1 & (!return_Empty_true U return_Empty_true)))),False
BASIC,3,Between an enqueue(d1) and empty(true) there must be a dequeue(d1),G ((call_Enqueue_d1 & F return_Empty_true) -> (!return_Empty_true U return_Dequeue_d1)),G (call_Enqueue_d1 -> (!return_Empty_true U (return_Dequeue_d1 & (!return_Empty_true U return_Empty_true)))),False
BASIC,3,Between an enqueue(d1) and empty(true) there must be a dequeue(d1),G ((call_Enqueue_d1 & F return_Empty_true) -> (!return_Empty_true U return_Dequeue_d1)),G (call_Enqueue_d1 -> (!return_Empty_true U (return_Dequeue_d1 & (!return_Empty_true U return_Empty_true)))),False
BASIC,3,Between an enqueue(d1) and empty(true) there must be a dequeue(d1),G ((call_Enqueue_d1 & F return_Empty_true) -> (!return_Empty_true U return_Dequeue_d1)),G (call_Enqueue_d1 -> (!return_Empty_true U (return_Dequeue_d1 & (!return_Empty_true U return_Empty_true)))),False
BASIC,3,Between an enqueue(d1) and empty(true) there must be a dequeue(d1),G ((call_Enqueue_d1 & F return_Empty_true) -> (!return_Empty_true U return_Dequeue_d1)),G (call_Enqueue_d1 -> (!return_Empty_true U (return_Dequeue_d1 & (!return_Empty_true U return_Empty_true)))),False
BASIC,3,Between an enqueue(d1) and empty(true) there must be a dequeue(d1),G ((call_Enqueue_d1 & F return_Empty_true) -> (!return_Empty_true U return_Dequeue_d1)),G (call_Enqueue_d1 -> (!return_Empty_true U (return_Dequeue_d1 & (!return_Empty_true U return_Empty_true)))),False
BASIC,3,Between an enqueue(d1) and empty(true) there must be a dequeue(d1),G ((call_Enqueue_d1 & F return_Empty_true) -> (!return_Empty_true U return_Dequeue_d1)),G (call_Enqueue_d1 -> (!return_Empty_true U (return_Dequeue_d1 & (!return_Empty_true U return_Empty_true)))),False
BASIC,3,Between an enqueue(d1) and empty(true) there must be a dequeue(d1),G ((call_Enqueue_d1 & F return_Empty_true) -> (!return_Empty_true U return_Dequeue_d1)),G (call_Enqueue_d1 -> (!return_Empty_true U (return_Dequeue_d1 & (!return_Empty_true U return_Empty_true)))),False
BASIC,3,Between an enqueue(d1) and empty(true) there must be a dequeue(d1),G ((call_Enqueue_d1 & F return_Empty_true) -> (!return_Empty_true U return_Dequeue_d1)),G (call_Enqueue_d1 -> (!return_Empty_true U (return_Dequeue_d1 & !return_Empty_true))),False
BASIC,3,Between an enqueue(d1) and empty(true) there must be a dequeue(d1),G ((call_Enqueue_d1 & F return_Empty_true) -> (!return_Empty_true U return_Dequeue_d1)),G (call_Enqueue_d1 -> (!return_Empty_true U (return_Dequeue_d1 & (!return_Empty_true U return_Empty_true)))),False
BASIC,3,Between an enqueue(d1) and empty(true) there must be a dequeue(d1),G ((call_Enqueue_d1 & F return_Empty_true) -> (!return_Empty_true U return_Dequeue_d1)),G (call_Enqueue_d1 -> (!return_Empty_true U (return_Dequeue_d1 & !return_Empty_true))),False
BASIC,3,Between an enqueue(d1) and empty(true) there must be a dequeue(d1),G ((call_Enqueue_d1 & F return_Empty_true) -> (!return_Empty_true U return_Dequeue_d1)),G (call_Enqueue_d1 -> (!return_Empty_true U (return_Dequeue_d1 & !return_Empty_true))),False
BASIC,3,Between an enqueue(d1) and empty(true) there must be a dequeue(d1),G ((call_Enqueue_d1 & F return_Empty_true) -> (!return_Empty_true U return_Dequeue_d1)),G (call_Enqueue_d1 -> (!return_Empty_true U (return_Dequeue_d1 & (!return_Empty_true U return_Empty_true)))),False
BASIC,3,Between an enqueue(d1) and empty(true) there must be a dequeue(d1),G ((call_Enqueue_d1 & F return_Empty_true) -> (!return_Empty_true U return_Dequeue_d1)),G (call_Enqueue_d1 -> (!return_Empty_true U (return_Dequeue_d1 & !return_Empty_true))),False
BASIC,3,Between an enqueue(d1) and empty(true) there must be a dequeue(d1),G ((call_Enqueue_d1 & F return_Empty_true) -> (!return_Empty_true U return_Dequeue_d1)),G (call_Enqueue_d1 -> (!return_Empty_true U (return_Dequeue_d1 & (!return_Empty_true U return_Empty_true)))),False
BASIC,3,Between an enqueue(d1) and empty(true) there must be a dequeue(d1),G ((call_Enqueue_d1 & F return_Empty_true) -> (!return_Empty_true U return_Dequeue_d1)),G (call_Enqueue_d1 -> (!return_Empty_true U (return_Dequeue_d1 & (!return_Empty_true U return_Empty_true)))),False
BASIC,3,Between an enqueue(d1) and empty(true) there must be a dequeue(d1),G ((call_Enqueue_d1 & F return_Empty_true) -> (!return_Empty_true U return_Dequeue_d1)),G (call_Enqueue_d1 -> (!return_Empty_true U (return_Dequeue_d1 & (!return_Empty_true U return_Empty_true)))),False
BASIC,3,Between an enqueue(d1) and empty(true) there must be a dequeue(d1),G ((call_Enqueue_d1 & F return_Empty_true) -> (!return_Empty_true U return_Dequeue_d1)),G (call_Enqueue_d1 -> (!return_Empty_true U (return_Dequeue_d1 & (!return_Empty_true U return_Empty_true)))),False
BASIC,3,Between an enqueue(d1) and empty(true) there must be a dequeue(d1),G ((call_Enqueue_d1 & F return_Empty_true) -> (!return_Empty_true U return_Dequeue_d1)),G (call_Enqueue_d1 -> (!return_Empty_true U (return_Dequeue_d1 & (!return_Empty_true U return_Empty_true)))),False
BASIC,3,Between an enqueue(d1) and empty(true) there must be a dequeue(d1),G ((call_Enqueue_d1 & F return_Empty_true) -> (!return_Empty_true U return_Dequeue_d1)),G (call_Enqueue_d1 -> (!return_Empty_true U (return_Dequeue_d1 & !return_Empty_true))),False
BASIC,3,Between an enqueue(d1) and empty(true) there must be a dequeue(d1),G ((call_Enqueue_d1 & F return_Empty_true) -> (!return_Empty_true U return_Dequeue_d1)),G (call_Enqueue_d1 -> (!return_Empty_true U (return_Dequeue_d1 & (!return_Empty_true U return_Empty_true)))),False
BASIC,3,Between an enqueue(d1) and empty(true) there must be a dequeue(d1),G ((call_Enqueue_d1 & F return_Empty_true) -> (!return_Empty_true U return_Dequeue_d1)),G (call_Enqueue_d1 -> (!return_Empty_true U (return_Dequeue_d1 & !return_Empty_true))),False
BASIC,3,Between an enqueue(d1) and empty(true) there must be a dequeue(d1),G ((call_Enqueue_d1 & F return_Empty_true) -> (!return_Empty_true U return_Dequeue_d1)),G (call_Enqueue_d1 -> (!return_Empty_true U (return_Dequeue_d1 & (!return_Empty_true U return_Empty_true)))),False
BASIC,3,Between an enqueue(d1) and empty(true) there must be a dequeue(d1),G ((call_Enqueue_d1 & F return_Empty_true) -> (!return_Empty_true U return_Dequeue_d1)),G (call_Enqueue_d1 -> (!return_Empty_true U (return_Dequeue_d1 & (!return_Empty_true U return_Empty_true)))),False
BASIC,3,Between an enqueue(d1) and empty(true) there must be a dequeue(d1),G ((call_Enqueue_d1 & F return_Empty_true) -> (!return_Empty_true U return_Dequeue_d1)),G (call_Enqueue_d1 -> (!return_Empty_true U (return_Dequeue_d1 & (!return_Empty_true U return_Empty_true)))),False
BASIC,3,Between an enqueue(d1) and empty(true) there must be a dequeue(d1),G ((call_Enqueue_d1 & F return_Empty_true) -> (!return_Empty_true U return_Dequeue_d1)),G (call_Enqueue_d1 -> (!return_Empty_true U (return_Dequeue_d1 & (!return_Empty_true U return_Empty_true)))),False
BASIC,3,Between an enqueue(d1) and empty(true) there must be a dequeue(d1),G ((call_Enqueue_d1 & F return_Empty_true) -> (!return_Empty_true U return_Dequeue_d1)),G (call_Enqueue_d1 -> (!return_Empty_true U (return_Dequeue_d1 & (!return_Empty_true U return_Empty_true)))),False
BASIC,3,Between an enqueue(d1) and empty(true) there must be a dequeue(d1),G ((call_Enqueue_d1 & F return_Empty_true) -> (!return_Empty_true U return_Dequeue_d1)),G (call_Enqueue_d1 -> (!return_Empty_true U (return_Dequeue_d1 & (!return_Empty_true U return_Empty_true)))),False
BASIC,3,Between an enqueue(d1) and empty(true) there must be a dequeue(d1),G ((call_Enqueue_d1 & F return_Empty_true) -> (!return_Empty_true U return_Dequeue_d1)),G (call_Enqueue_d1 -> (!return_Empty_true U (return_Dequeue_d1 & (!return_Empty_true U return_Empty_true)))),False
BASIC,3,Between an enqueue(d1) and empty(true) there must be a dequeue(d1),G ((call_Enqueue_d1 & F return_Empty_true) -> (!return_Empty_true U return_Dequeue_d1)),G (call_Enqueue_d1 -> (!return_Empty_true U (return_Dequeue_d1 & (!return_Empty_true U return_Empty_true)))),False
BASIC,3,Between an enqueue(d1) and empty(true) there must be a dequeue(d1),G ((call_Enqueue_d1 & F return_Empty_true) -> (!return_Empty_true U return_Dequeue_d1)),G (call_Enqueue_d1 -> (!return_Empty_true U (return_Dequeue_d1 & (!return_Empty_true U return_Empty_true)))),False
BASIC,3,Between an enqueue(d1) and empty(true) there must be a dequeue(d1),G ((call_Enqueue_d1 & F return_Empty_true) -> (!return_Empty_true U return_Dequeue_d1)),G (call_Enqueue_d1 -> (!return_Empty_true U (return_Dequeue_d1 & (!return_Empty_true U return_Empty_true)))),False
BASIC,3,Between an enqueue(d1) and empty(true) there must be a dequeue(d1),G ((call_Enqueue_d1 & F return_Empty_true) -> (!return_Empty_true U return_Dequeue_d1)),G (call_Enqueue_d1 -> (!return_Empty_true U (return_Dequeue_d1 & (!return_Empty_true U return_Empty_true)))),False
BASIC,3,Between an enqueue(d1) and empty(true) there must be a dequeue(d1),G ((call_Enqueue_d1 & F return_Empty_true) -> (!return_Empty_true U return_Dequeue_d1)),G (call_Enqueue_d1 -> (!return_Empty_true U (return_Dequeue_d1 & !return_Empty_true))),False
BASIC,3,Between an enqueue(d1) and empty(true) there must be a dequeue(d1),G ((call_Enqueue_d1 & F return_Empty_true) -> (!return_Empty_true U return_Dequeue_d1)),G (call_Enqueue_d1 -> (!return_Empty_true U (return_Dequeue_d1 & (!return_Empty_true U return_Empty_true)))),False
BASIC,3,Between an enqueue(d1) and empty(true) there must be a dequeue(d1),G ((call_Enqueue_d1 & F return_Empty_true) -> (!return_Empty_true U return_Dequeue_d1)),G (call_Enqueue_d1 -> (!return_Empty_true U (return_Dequeue_d1 & (!return_Empty_true U return_Empty_true)))),False
BASIC,3,Between an enqueue(d1) and empty(true) there must be a dequeue(d1),G ((call_Enqueue_d1 & F return_Empty_true) -> (!return_Empty_true U return_Dequeue_d1)),G (call_Enqueue_d1 -> (!return_Empty_true U (return_Dequeue_d1 & !return_Empty_true))),False
BASIC,3,Between an enqueue(d1) and empty(true) there must be a dequeue(d1),G ((call_Enqueue_d1 & F return_Empty_true) -> (!return_Empty_true U return_Dequeue_d1)),G (call_Enqueue_d1 -> (!return_Empty_true U (return_Dequeue_d1 & (!return_Empty_true U return_Empty_true)))),False
BASIC,3,Between an enqueue(d1) and empty(true) there must be a dequeue(d1),G ((call_Enqueue_d1 & F return_Empty_true) -> (!return_Empty_true U return_Dequeue_d1)),G (call_Enqueue_d1 -> (!return_Empty_true U (return_Dequeue_d1 & (!return_Empty_true U return_Empty_true)))),False
BASIC,3,Between an enqueue(d1) and empty(true) there must be a dequeue(d1),G ((call_Enqueue_d1 & F return_Empty_true) -> (!return_Empty_true U return_Dequeue_d1)),G (call_Enqueue_d1 -> (!return_Empty_true U (return_Dequeue_d1 & (!return_Empty_true U return_Empty_true)))),False
BASIC,3,Between an enqueue(d1) and empty(true) there must be a dequeue(d1),G ((call_Enqueue_d1 & F return_Empty_true) -> (!return_Empty_true U return_Dequeue_d1)),G (call_Enqueue_d1 -> (!return_Empty_true U (return_Dequeue_d1 & (!return_Empty_true U return_Empty_true)))),False
BASIC,3,Between an enqueue(d1) and empty(true) there must be a dequeue(d1),G ((call_Enqueue_d1 & F return_Empty_true) -> (!return_Empty_true U return_Dequeue_d1)),G (call_Enqueue_d1 -> (!return_Empty_true U (return_Dequeue_d1 & (!return_Empty_true U return_Empty_true)))),False
BASIC,3,Between an enqueue(d1) and empty(true) there must be a dequeue(d1),G ((call_Enqueue_d1 & F return_Empty_true) -> (!return_Empty_true U return_Dequeue_d1)),G (call_Enqueue_d1 -> (!return_Empty_true U (return_Dequeue_d1 & (!return_Empty_true U return_Empty_true)))),False
BASIC,3,Between an enqueue(d1) and empty(true) there must be a dequeue(d1),G ((call_Enqueue_d1 & F return_Empty_true) -> (!return_Empty_true U return_Dequeue_d1)),G (call_Enqueue_d1 -> (!return_Empty_true U (return_Dequeue_d1 & (!return_Empty_true U return_Empty_true)))),False
BASIC,3,Between an enqueue(d1) and empty(true) there must be a dequeue(d1),G ((call_Enqueue_d1 & F return_Empty_true) -> (!return_Empty_true U return_Dequeue_d1)),G (call_Enqueue_d1 -> (!return_Empty_true U (return_Dequeue_d1 & (!return_Empty_true U return_Empty_true)))),False
BASIC,3,Between an enqueue(d1) and empty(true) there must be a dequeue(d1),G ((call_Enqueue_d1 & F return_Empty_true) -> (!return_Empty_true U return_Dequeue_d1)),G (call_Enqueue_d1 -> (!return_Empty_true U (return_Dequeue_d1 & !return_Empty_true))),False
BASIC,3,Between an enqueue(d1) and empty(true) there must be a dequeue(d1),G ((call_Enqueue_d1 & F return_Empty_true) -> (!return_Empty_true U return_Dequeue_d1)),G (call_Enqueue_d1 -> (!return_Empty_true U (return_Dequeue_d1 & (!return_Empty_true U return_Empty_true)))),False
BASIC,3,Between an enqueue(d1) and empty(true) there must be a dequeue(d1),G ((call_Enqueue_d1 & F return_Empty_true) -> (!return_Empty_true U return_Dequeue_d1)),G (call_Enqueue_d1 -> (!return_Empty_true U (return_Dequeue_d1 & !return_Empty_true))),False
BASIC,3,Between an enqueue(d1) and empty(true) there must be a dequeue(d1),G ((call_Enqueue_d1 & F return_Empty_true) -> (!return_Empty_true U return_Dequeue_d1)),G (call_Enqueue_d1 -> (!return_Empty_true U (return_Dequeue_d1 & !return_Empty_true))),False
BASIC,3,Between an enqueue(d1) and empty(true) there must be a dequeue(d1),G ((call_Enqueue_d1 & F return_Empty_true) -> (!return_Empty_true U return_Dequeue_d1)),G (call_Enqueue_d1 -> (!return_Empty_true U (return_Dequeue_d1 & !return_Empty_true))),False
BASIC,3,Between an enqueue(d1) and empty(true) there must be a dequeue(d1),G ((call_Enqueue_d1 & F return_Empty_true) -> (!return_Empty_true U return_Dequeue_d1)),G (call_Enqueue_d1 -> (!return_Empty_true U (return_Dequeue_d1 & (!return_Empty_true U return_Empty_true)))),False
BASIC,3,Between an enqueue(d1) and empty(true) there must be a dequeue(d1),G ((call_Enqueue_d1 & F return_Empty_true) -> (!return_Empty_true U return_Dequeue_d1)),G (call_Enqueue_d1 -> (!return_Empty_true U (return_Dequeue_d1 & !return_Empty_true))),False
BASIC,3,Between an enqueue(d1) and empty(true) there must be a dequeue(d1),G ((call_Enqueue_d1 & F return_Empty_true) -> (!return_Empty_true U return_Dequeue_d1)),G (call_Enqueue_d1 -> (!return_Empty_true U (return_Dequeue_d1 & (!return_Empty_true U return_Empty_true)))),False
BASIC,3,Between an enqueue(d1) and empty(true) there must be a dequeue(d1),G ((call_Enqueue_d1 & F return_Empty_true) -> (!return_Empty_true U return_Dequeue_d1)),G (call_Enqueue_d1 -> (!return_Empty_true U (return_Dequeue_d1 & (!return_Empty_true U return_Empty_true)))),False
BASIC,3,Between an enqueue(d1) and empty(true) there must be a dequeue(d1),G ((call_Enqueue_d1 & F return_Empty_true) -> (!return_Empty_true U return_Dequeue_d1)),G (call_Enqueue_d1 -> (!return_Empty_true U (return_Dequeue_d1 & (!return_Empty_true U return_Empty_true)))),False
BASIC,3,Between an enqueue(d1) and empty(true) there must be a dequeue(d1),G ((call_Enqueue_d1 & F return_Empty_true) -> (!return_Empty_true U return_Dequeue_d1)),G (call_Enqueue_d1 -> (!return_Empty_true U (return_Dequeue_d1 & (!return_Empty_true U return_Empty_true)))),False
BASIC,3,Between an enqueue(d1) and empty(true) there must be a dequeue(d1),G ((call_Enqueue_d1 & F return_Empty_true) -> (!return_Empty_true U return_Dequeue_d1)),G (call_Enqueue_d1 -> (!return_Empty_true U (return_Dequeue_d1 & (!return_Empty_true U return_Empty_true)))),False
BASIC,3,Between an enqueue(d1) and empty(true) there must be a dequeue(d1),G ((call_Enqueue_d1 & F return_Empty_true) -> (!return_Empty_true U return_Dequeue_d1)),G (call_Enqueue_d1 -> (!return_Empty_true U (return_Dequeue_d1 & !return_Empty_true))),False
BASIC,3,Between an enqueue(d1) and empty(true) there must be a dequeue(d1),G ((call_Enqueue_d1 & F return_Empty_true) -> (!return_Empty_true U return_Dequeue_d1)),G (call_Enqueue_d1 -> (!return_Empty_true U (return_Dequeue_d1 & (!return_Empty_true U return_Empty_true)))),False
BASIC,3,Between an enqueue(d1) and empty(true) there must be a dequeue(d1),G ((call_Enqueue_d1 & F return_Empty_true) -> (!return_Empty_true U return_Dequeue_d1)),G (call_Enqueue_d1 -> (!return_Empty_true U (return_Dequeue_d1 & (!return_Empty_true U return_Empty_true)))),False
BASIC,3,Between an enqueue(d1) and empty(true) there must be a dequeue(d1),G ((call_Enqueue_d1 & F return_Empty_true) -> (!return_Empty_true U return_Dequeue_d1)),G (call_Enqueue_d1 -> (!return_Empty_true U (return_Dequeue_d1 & (!return_Empty_true U return_Empty_true)))),False
BASIC,3,Between an enqueue(d1) and empty(true) there must be a dequeue(d1),G ((call_Enqueue_d1 & F return_Empty_true) -> (!return_Empty_true U return_Dequeue_d1)),G (call_Enqueue_d1 -> (!return_Empty_true U (return_Dequeue_d1 & !return_Empty_true))),False
BASIC,3,Between an enqueue(d1) and empty(true) there must be a dequeue(d1),G ((call_Enqueue_d1 & F return_Empty_true) -> (!return_Empty_true U return_Dequeue_d1)),G (call_Enqueue_d1 -> (!return_Empty_true U (return_Dequeue_d1 & !return_Empty_true))),False
BASIC,3,Between an enqueue(d1) and empty(true) there must be a dequeue(d1),G ((call_Enqueue_d1 & F return_Empty_true) -> (!return_Empty_true U return_Dequeue_d1)),G (call_Enqueue_d1 -> (!return_Empty_true U (return_Dequeue_d1 & (!return_Empty_true U return_Empty_true)))),False
BASIC,3,Between an enqueue(d1) and empty(true) there must be a dequeue(d1),G ((call_Enqueue_d1 & F return_Empty_true) -> (!return_Empty_true U return_Dequeue_d1)),G (call_Enqueue_d1 -> (!return_Empty_true U (return_Dequeue_d1 & !return_Empty_true))),False
BASIC,3,Between an enqueue(d1) and empty(true) there must be a dequeue(d1),G ((call_Enqueue_d1 & F return_Empty_true) -> (!return_Empty_true U return_Dequeue_d1)),G (call_Enqueue_d1 -> (!return_Empty_true U (return_Dequeue_d1 & (!return_Empty_true U return_Empty_true)))),False
BASIC,3,Between an enqueue(d1) and empty(true) there must be a dequeue(d1),G ((call_Enqueue_d1 & F return_Empty_true) -> (!return_Empty_true U return_Dequeue_d1)),G (call_Enqueue_d1 -> (!return_Empty_true U (return_Dequeue_d1 & !return_Empty_true))),False
BASIC,3,Between an enqueue(d1) and empty(true) there must be a dequeue(d1),G ((call_Enqueue_d1 & F return_Empty_true) -> (!return_Empty_true U return_Dequeue_d1)),G (call_Enqueue_d1 -> (!return_Empty_true U (return_Dequeue_d1 & (!return_Empty_true U return_Empty_true)))),False
BASIC,42,"(15b) An artist always unregisters before the program terminates. (Given that you can't register for the same event twice, we need)",(register_a1_e1 -> (!term U unregister_a1_e1)) U (term | G (!term)),G(unregister_a1_e1 -> F term),False
BASIC,42,"(15b) An artist always unregisters before the program terminates. (Given that you can't register for the same event twice, we need)",(register_a1_e1 -> (!term U unregister_a1_e1)) U (term | G (!term)),G(unregister_a1_e1 -> F term),False
BASIC,42,"(15b) An artist always unregisters before the program terminates. (Given that you can't register for the same event twice, we need)",(register_a1_e1 -> (!term U unregister_a1_e1)) U (term | G (!term)),G(unregister_a1_e1 -> F term),False
BASIC,42,"(15b) An artist always unregisters before the program terminates. (Given that you can't register for the same event twice, we need)",(register_a1_e1 -> (!term U unregister_a1_e1)) U (term | G (!term)),G(unregister_a1_e1 -> F term),False
BASIC,42,"(15b) An artist always unregisters before the program terminates. (Given that you can't register for the same event twice, we need)",(register_a1_e1 -> (!term U unregister_a1_e1)) U (term | G (!term)),G(unregister_a1_e1 -> F term),False
BASIC,42,"(15b) An artist always unregisters before the program terminates. (Given that you can't register for the same event twice, we need)",(register_a1_e1 -> (!term U unregister_a1_e1)) U (term | G (!term)),G(unregister_a1_e1 -> F term),False
BASIC,42,"(15b) An artist always unregisters before the program terminates. (Given that you can't register for the same event twice, we need)",(register_a1_e1 -> (!term U unregister_a1_e1)) U (term | G (!term)),G(unregister_a1_e1 -> F term),False
BASIC,42,"(15b) An artist always unregisters before the program terminates. (Given that you can't register for the same event twice, we need)",(register_a1_e1 -> (!term U unregister_a1_e1)) U (term | G (!term)),G(unregister_a1_e1 -> F term),False
BASIC,42,"(15b) An artist always unregisters before the program terminates. (Given that you can't register for the same event twice, we need)",(register_a1_e1 -> (!term U unregister_a1_e1)) U (term | G (!term)),G(unregister_a1_e1 -> F term),False
BASIC,42,"(15b) An artist always unregisters before the program terminates. (Given that you can't register for the same event twice, we need)",(register_a1_e1 -> (!term U unregister_a1_e1)) U (term | G (!term)),G(unregister_a1_e1 -> F term),False
BASIC,42,"(15b) An artist always unregisters before the program terminates. (Given that you can't register for the same event twice, we need)",(register_a1_e1 -> (!term U unregister_a1_e1)) U (term | G (!term)),G(unregister_a1_e1 -> F term),False
BASIC,42,"(15b) An artist always unregisters before the program terminates. (Given that you can't register for the same event twice, we need)",(register_a1_e1 -> (!term U unregister_a1_e1)) U (term | G (!term)),G(unregister_a1_e1 -> F term),False
BASIC,42,"(15b) An artist always unregisters before the program terminates. (Given that you can't register for the same event twice, we need)",(register_a1_e1 -> (!term U unregister_a1_e1)) U (term | G (!term)),G(unregister_a1_e1 -> F term),False
BASIC,42,"(15b) An artist always unregisters before the program terminates. (Given that you can't register for the same event twice, we need)",(register_a1_e1 -> (!term U unregister_a1_e1)) U (term | G (!term)),G(unregister_a1_e1 -> F term),False
BASIC,42,"(15b) An artist always unregisters before the program terminates. (Given that you can't register for the same event twice, we need)",(register_a1_e1 -> (!term U unregister_a1_e1)) U (term | G (!term)),G(unregister_a1_e1 -> F term),False
BASIC,42,"(15b) An artist always unregisters before the program terminates. (Given that you can't register for the same event twice, we need)",(register_a1_e1 -> (!term U unregister_a1_e1)) U (term | G (!term)),G(unregister_a1_e1 -> F term),False
BASIC,42,"(15b) An artist always unregisters before the program terminates. (Given that you can't register for the same event twice, we need)",(register_a1_e1 -> (!term U unregister_a1_e1)) U (term | G (!term)),G(unregister_a1_e1 -> F term),False
BASIC,42,"(15b) An artist always unregisters before the program terminates. (Given that you can't register for the same event twice, we need)",(register_a1_e1 -> (!term U unregister_a1_e1)) U (term | G (!term)),G(unregister_a1_e1 -> F term),False
BASIC,42,"(15b) An artist always unregisters before the program terminates. (Given that you can't register for the same event twice, we need)",(register_a1_e1 -> (!term U unregister_a1_e1)) U (term | G (!term)),G(unregister_a1_e1 -> F term),False
BASIC,42,"(15b) An artist always unregisters before the program terminates. (Given that you can't register for the same event twice, we need)",(register_a1_e1 -> (!term U unregister_a1_e1)) U (term | G (!term)),G(unregister_a1_e1 -> F term),False
BASIC,42,"(15b) An artist always unregisters before the program terminates. (Given that you can't register for the same event twice, we need)",(register_a1_e1 -> (!term U unregister_a1_e1)) U (term | G (!term)),G(unregister_a1_e1 -> F term),False
BASIC,42,"(15b) An artist always unregisters before the program terminates. (Given that you can't register for the same event twice, we need)",(register_a1_e1 -> (!term U unregister_a1_e1)) U (term | G (!term)),G(unregister_a1_e1 -> F term),False
BASIC,42,"(15b) An artist always unregisters before the program terminates. (Given that you can't register for the same event twice, we need)",(register_a1_e1 -> (!term U unregister_a1_e1)) U (term | G (!term)),G(unregister_a1_e1 -> F term),False
BASIC,42,"(15b) An artist always unregisters before the program terminates. (Given that you can't register for the same event twice, we need)",(register_a1_e1 -> (!term U unregister_a1_e1)) U (term | G (!term)),G(unregister_a1_e1 -> F term),False
BASIC,42,"(15b) An artist always unregisters before the program terminates. (Given that you can't register for the same event twice, we need)",(register_a1_e1 -> (!term U unregister_a1_e1)) U (term | G (!term)),G(unregister_a1_e1 -> F term),False
BASIC,42,"(15b) An artist always unregisters before the program terminates. (Given that you can't register for the same event twice, we need)",(register_a1_e1 -> (!term U unregister_a1_e1)) U (term | G (!term)),G(unregister_a1_e1 -> F term),False
BASIC,42,"(15b) An artist always unregisters before the program terminates. (Given that you can't register for the same event twice, we need)",(register_a1_e1 -> (!term U unregister_a1_e1)) U (term | G (!term)),G(unregister_a1_e1 -> F term),False
BASIC,42,"(15b) An artist always unregisters before the program terminates. (Given that you can't register for the same event twice, we need)",(register_a1_e1 -> (!term U unregister_a1_e1)) U (term | G (!term)),G(unregister_a1_e1 -> F term),False
BASIC,42,"(15b) An artist always unregisters before the program terminates. (Given that you can't register for the same event twice, we need)",(register_a1_e1 -> (!term U unregister_a1_e1)) U (term | G (!term)),G(unregister_a1_e1 -> F term),False
BASIC,42,"(15b) An artist always unregisters before the program terminates. (Given that you can't register for the same event twice, we need)",(register_a1_e1 -> (!term U unregister_a1_e1)) U (term | G (!term)),G(unregister_a1_e1 -> F term),False
BASIC,42,"(15b) An artist always unregisters before the program terminates. (Given that you can't register for the same event twice, we need)",(register_a1_e1 -> (!term U unregister_a1_e1)) U (term | G (!term)),G(unregister_a1_e1 -> F term),False
BASIC,42,"(15b) An artist always unregisters before the program terminates. (Given that you can't register for the same event twice, we need)",(register_a1_e1 -> (!term U unregister_a1_e1)) U (term | G (!term)),G(unregister_a1_e1 -> F term),False
BASIC,42,"(15b) An artist always unregisters before the program terminates. (Given that you can't register for the same event twice, we need)",(register_a1_e1 -> (!term U unregister_a1_e1)) U (term | G (!term)),G(unregister_a1_e1 -> F term),False
BASIC,42,"(15b) An artist always unregisters before the program terminates. (Given that you can't register for the same event twice, we need)",(register_a1_e1 -> (!term U unregister_a1_e1)) U (term | G (!term)),G(unregister_a1_e1 -> F term),False
BASIC,42,"(15b) An artist always unregisters before the program terminates. (Given that you can't register for the same event twice, we need)",(register_a1_e1 -> (!term U unregister_a1_e1)) U (term | G (!term)),G(unregister_a1_e1 -> F term),False
BASIC,42,"(15b) An artist always unregisters before the program terminates. (Given that you can't register for the same event twice, we need)",(register_a1_e1 -> (!term U unregister_a1_e1)) U (term | G (!term)),G(unregister_a1_e1 -> F term),False
BASIC,42,"(15b) An artist always unregisters before the program terminates. (Given that you can't register for the same event twice, we need)",(register_a1_e1 -> (!term U unregister_a1_e1)) U (term | G (!term)),G(unregister_a1_e1 -> F term),False
BASIC,42,"(15b) An artist always unregisters before the program terminates. (Given that you can't register for the same event twice, we need)",(register_a1_e1 -> (!term U unregister_a1_e1)) U (term | G (!term)),G(unregister_a1_e1 -> F term),False
BASIC,42,"(15b) An artist always unregisters before the program terminates. (Given that you can't register for the same event twice, we need)",(register_a1_e1 -> (!term U unregister_a1_e1)) U (term | G (!term)),G(unregister_a1_e1 -> F term),False
BASIC,42,"(15b) An artist always unregisters before the program terminates. (Given that you can't register for the same event twice, we need)",(register_a1_e1 -> (!term U unregister_a1_e1)) U (term | G (!term)),G(unregister_a1_e1 -> F term),False
BASIC,42,"(15b) An artist always unregisters before the program terminates. (Given that you can't register for the same event twice, we need)",(register_a1_e1 -> (!term U unregister_a1_e1)) U (term | G (!term)),G(unregister_a1_e1 -> X(term)),False
BASIC,42,"(15b) An artist always unregisters before the program terminates. (Given that you can't register for the same event twice, we need)",(register_a1_e1 -> (!term U unregister_a1_e1)) U (term | G (!term)),G(unregister_a1_e1 -> F term),False
BASIC,42,"(15b) An artist always unregisters before the program terminates. (Given that you can't register for the same event twice, we need)",(register_a1_e1 -> (!term U unregister_a1_e1)) U (term | G (!term)),G(unregister_a1_e1 -> F term),False
BASIC,42,"(15b) An artist always unregisters before the program terminates. (Given that you can't register for the same event twice, we need)",(register_a1_e1 -> (!term U unregister_a1_e1)) U (term | G (!term)),G(unregister_a1_e1 -> F term),False
BASIC,42,"(15b) An artist always unregisters before the program terminates. (Given that you can't register for the same event twice, we need)",(register_a1_e1 -> (!term U unregister_a1_e1)) U (term | G (!term)),G(unregister_a1_e1 -> F term),False
BASIC,42,"(15b) An artist always unregisters before the program terminates. (Given that you can't register for the same event twice, we need)",(register_a1_e1 -> (!term U unregister_a1_e1)) U (term | G (!term)),G(unregister_a1_e1 -> F term),False
BASIC,42,"(15b) An artist always unregisters before the program terminates. (Given that you can't register for the same event twice, we need)",(register_a1_e1 -> (!term U unregister_a1_e1)) U (term | G (!term)),G(unregister_a1_e1 -> F term),False
BASIC,42,"(15b) An artist always unregisters before the program terminates. (Given that you can't register for the same event twice, we need)",(register_a1_e1 -> (!term U unregister_a1_e1)) U (term | G (!term)),G(unregister_a1_e1 -> F term),False
BASIC,42,"(15b) An artist always unregisters before the program terminates. (Given that you can't register for the same event twice, we need)",(register_a1_e1 -> (!term U unregister_a1_e1)) U (term | G (!term)),G(unregister_a1_e1 -> F term),False
BASIC,42,"(15b) An artist always unregisters before the program terminates. (Given that you can't register for the same event twice, we need)",(register_a1_e1 -> (!term U unregister_a1_e1)) U (term | G (!term)),G(unregister_a1_e1 -> F term),False
BASIC,42,"(15b) An artist always unregisters before the program terminates. (Given that you can't register for the same event twice, we need)",(register_a1_e1 -> (!term U unregister_a1_e1)) U (term | G (!term)),G(unregister_a1_e1 -> F term),False
BASIC,42,"(15b) An artist always unregisters before the program terminates. (Given that you can't register for the same event twice, we need)",(register_a1_e1 -> (!term U unregister_a1_e1)) U (term | G (!term)),G(unregister_a1_e1 -> F term),False
BASIC,42,"(15b) An artist always unregisters before the program terminates. (Given that you can't register for the same event twice, we need)",(register_a1_e1 -> (!term U unregister_a1_e1)) U (term | G (!term)),G(unregister_a1_e1 -> F term),False
BASIC,42,"(15b) An artist always unregisters before the program terminates. (Given that you can't register for the same event twice, we need)",(register_a1_e1 -> (!term U unregister_a1_e1)) U (term | G (!term)),G(unregister_a1_e1 -> F term),False
BASIC,42,"(15b) An artist always unregisters before the program terminates. (Given that you can't register for the same event twice, we need)",(register_a1_e1 -> (!term U unregister_a1_e1)) U (term | G (!term)),G(unregister_a1_e1 -> X(term)),False
BASIC,42,"(15b) An artist always unregisters before the program terminates. (Given that you can't register for the same event twice, we need)",(register_a1_e1 -> (!term U unregister_a1_e1)) U (term | G (!term)),G(unregister_a1_e1 -> F term),False
BASIC,42,"(15b) An artist always unregisters before the program terminates. (Given that you can't register for the same event twice, we need)",(register_a1_e1 -> (!term U unregister_a1_e1)) U (term | G (!term)),G(unregister_a1_e1 -> F term),False
BASIC,42,"(15b) An artist always unregisters before the program terminates. (Given that you can't register for the same event twice, we need)",(register_a1_e1 -> (!term U unregister_a1_e1)) U (term | G (!term)),G(unregister_a1_e1 -> F term),False
BASIC,42,"(15b) An artist always unregisters before the program terminates. (Given that you can't register for the same event twice, we need)",(register_a1_e1 -> (!term U unregister_a1_e1)) U (term | G (!term)),G(unregister_a1_e1 -> X(term)),False
BASIC,42,"(15b) An artist always unregisters before the program terminates. (Given that you can't register for the same event twice, we need)",(register_a1_e1 -> (!term U unregister_a1_e1)) U (term | G (!term)),G(unregister_a1_e1 -> F term),False
BASIC,42,"(15b) An artist always unregisters before the program terminates. (Given that you can't register for the same event twice, we need)",(register_a1_e1 -> (!term U unregister_a1_e1)) U (term | G (!term)),G(unregister_a1_e1 -> F term),False
BASIC,42,"(15b) An artist always unregisters before the program terminates. (Given that you can't register for the same event twice, we need)",(register_a1_e1 -> (!term U unregister_a1_e1)) U (term | G (!term)),G(unregister_a1_e1 -> F term),False
BASIC,42,"(15b) An artist always unregisters before the program terminates. (Given that you can't register for the same event twice, we need)",(register_a1_e1 -> (!term U unregister_a1_e1)) U (term | G (!term)),G(unregister_a1_e1 -> F term),False
BASIC,42,"(15b) An artist always unregisters before the program terminates. (Given that you can't register for the same event twice, we need)",(register_a1_e1 -> (!term U unregister_a1_e1)) U (term | G (!term)),G(unregister_a1_e1 -> F term),False
BASIC,42,"(15b) An artist always unregisters before the program terminates. (Given that you can't register for the same event twice, we need)",(register_a1_e1 -> (!term U unregister_a1_e1)) U (term | G (!term)),G(unregister_a1_e1 -> F term),False
BASIC,42,"(15b) An artist always unregisters before the program terminates. (Given that you can't register for the same event twice, we need)",(register_a1_e1 -> (!term U unregister_a1_e1)) U (term | G (!term)),G(unregister_a1_e1 -> F term),False
BASIC,42,"(15b) An artist always unregisters before the program terminates. (Given that you can't register for the same event twice, we need)",(register_a1_e1 -> (!term U unregister_a1_e1)) U (term | G (!term)),G(unregister_a1_e1 -> X(term)),False
BASIC,42,"(15b) An artist always unregisters before the program terminates. (Given that you can't register for the same event twice, we need)",(register_a1_e1 -> (!term U unregister_a1_e1)) U (term | G (!term)),G(unregister_a1_e1 -> F term),False
BASIC,42,"(15b) An artist always unregisters before the program terminates. (Given that you can't register for the same event twice, we need)",(register_a1_e1 -> (!term U unregister_a1_e1)) U (term | G (!term)),G(unregister_a1_e1 -> F term),False
BASIC,42,"(15b) An artist always unregisters before the program terminates. (Given that you can't register for the same event twice, we need)",(register_a1_e1 -> (!term U unregister_a1_e1)) U (term | G (!term)),G(unregister_a1_e1 -> F term),False
BASIC,42,"(15b) An artist always unregisters before the program terminates. (Given that you can't register for the same event twice, we need)",(register_a1_e1 -> (!term U unregister_a1_e1)) U (term | G (!term)),G(unregister_a1_e1 -> X(term)),False
BASIC,42,"(15b) An artist always unregisters before the program terminates. (Given that you can't register for the same event twice, we need)",(register_a1_e1 -> (!term U unregister_a1_e1)) U (term | G (!term)),G(unregister_a1_e1 -> F term),False
BASIC,42,"(15b) An artist always unregisters before the program terminates. (Given that you can't register for the same event twice, we need)",(register_a1_e1 -> (!term U unregister_a1_e1)) U (term | G (!term)),G(unregister_a1_e1 -> F term),False
BASIC,42,"(15b) An artist always unregisters before the program terminates. (Given that you can't register for the same event twice, we need)",(register_a1_e1 -> (!term U unregister_a1_e1)) U (term | G (!term)),G(unregister_a1_e1 -> F term),False
BASIC,42,"(15b) An artist always unregisters before the program terminates. (Given that you can't register for the same event twice, we need)",(register_a1_e1 -> (!term U unregister_a1_e1)) U (term | G (!term)),G(unregister_a1_e1 -> F term),False
BASIC,42,"(15b) An artist always unregisters before the program terminates. (Given that you can't register for the same event twice, we need)",(register_a1_e1 -> (!term U unregister_a1_e1)) U (term | G (!term)),G(unregister_a1_e1 -> X(term)),False
BASIC,42,"(15b) An artist always unregisters before the program terminates. (Given that you can't register for the same event twice, we need)",(register_a1_e1 -> (!term U unregister_a1_e1)) U (term | G (!term)),G(unregister_a1_e1 -> F term),False
BASIC,42,"(15b) An artist always unregisters before the program terminates. (Given that you can't register for the same event twice, we need)",(register_a1_e1 -> (!term U unregister_a1_e1)) U (term | G (!term)),G(unregister_a1_e1 -> F term),False
BASIC,42,"(15b) An artist always unregisters before the program terminates. (Given that you can't register for the same event twice, we need)",(register_a1_e1 -> (!term U unregister_a1_e1)) U (term | G (!term)),G(unregister_a1_e1 -> F term),False
BASIC,42,"(15b) An artist always unregisters before the program terminates. (Given that you can't register for the same event twice, we need)",(register_a1_e1 -> (!term U unregister_a1_e1)) U (term | G (!term)),G(unregister_a1_e1 -> F term),False
BASIC,42,"(15b) An artist always unregisters before the program terminates. (Given that you can't register for the same event twice, we need)",(register_a1_e1 -> (!term U unregister_a1_e1)) U (term | G (!term)),G(unregister_a1_e1 -> F term),False
BASIC,42,"(15b) An artist always unregisters before the program terminates. (Given that you can't register for the same event twice, we need)",(register_a1_e1 -> (!term U unregister_a1_e1)) U (term | G (!term)),G(unregister_a1_e1 -> F term),False
BASIC,42,"(15b) An artist always unregisters before the program terminates. (Given that you can't register for the same event twice, we need)",(register_a1_e1 -> (!term U unregister_a1_e1)) U (term | G (!term)),G(unregister_a1_e1 -> F term),False
BASIC,42,"(15b) An artist always unregisters before the program terminates. (Given that you can't register for the same event twice, we need)",(register_a1_e1 -> (!term U unregister_a1_e1)) U (term | G (!term)),G(unregister_a1_e1 -> F term),False
BASIC,42,"(15b) An artist always unregisters before the program terminates. (Given that you can't register for the same event twice, we need)",(register_a1_e1 -> (!term U unregister_a1_e1)) U (term | G (!term)),G(unregister_a1_e1 -> F term),False
BASIC,42,"(15b) An artist always unregisters before the program terminates. (Given that you can't register for the same event twice, we need)",(register_a1_e1 -> (!term U unregister_a1_e1)) U (term | G (!term)),G(unregister_a1_e1 -> F term),False
BASIC,42,"(15b) An artist always unregisters before the program terminates. (Given that you can't register for the same event twice, we need)",(register_a1_e1 -> (!term U unregister_a1_e1)) U (term | G (!term)),G(unregister_a1_e1 -> F term),False
BASIC,42,"(15b) An artist always unregisters before the program terminates. (Given that you can't register for the same event twice, we need)",(register_a1_e1 -> (!term U unregister_a1_e1)) U (term | G (!term)),G(unregister_a1_e1 -> F term),False
BASIC,42,"(15b) An artist always unregisters before the program terminates. (Given that you can't register for the same event twice, we need)",(register_a1_e1 -> (!term U unregister_a1_e1)) U (term | G (!term)),G(unregister_a1_e1 -> F term),False
BASIC,42,"(15b) An artist always unregisters before the program terminates. (Given that you can't register for the same event twice, we need)",(register_a1_e1 -> (!term U unregister_a1_e1)) U (term | G (!term)),G(unregister_a1_e1 -> F term),False
BASIC,42,"(15b) An artist always unregisters before the program terminates. (Given that you can't register for the same event twice, we need)",(register_a1_e1 -> (!term U unregister_a1_e1)) U (term | G (!term)),G(unregister_a1_e1 -> F term),False
BASIC,42,"(15b) An artist always unregisters before the program terminates. (Given that you can't register for the same event twice, we need)",(register_a1_e1 -> (!term U unregister_a1_e1)) U (term | G (!term)),G(unregister_a1_e1 -> F term),False
BASIC,42,"(15b) An artist always unregisters before the program terminates. (Given that you can't register for the same event twice, we need)",(register_a1_e1 -> (!term U unregister_a1_e1)) U (term | G (!term)),G(unregister_a1_e1 -> X(term)),False
BASIC,42,"(15b) An artist always unregisters before the program terminates. (Given that you can't register for the same event twice, we need)",(register_a1_e1 -> (!term U unregister_a1_e1)) U (term | G (!term)),G(unregister_a1_e1 -> F term),False
BASIC,42,"(15b) An artist always unregisters before the program terminates. (Given that you can't register for the same event twice, we need)",(register_a1_e1 -> (!term U unregister_a1_e1)) U (term | G (!term)),G(unregister_a1_e1 -> F term),False
BASIC,42,"(15b) An artist always unregisters before the program terminates. (Given that you can't register for the same event twice, we need)",(register_a1_e1 -> (!term U unregister_a1_e1)) U (term | G (!term)),G(unregister_a1_e1 -> F term),False
BASIC,42,"(15b) An artist always unregisters before the program terminates. (Given that you can't register for the same event twice, we need)",(register_a1_e1 -> (!term U unregister_a1_e1)) U (term | G (!term)),G(unregister_a1_e1 -> F term),False
BASIC,42,"(15b) An artist always unregisters before the program terminates. (Given that you can't register for the same event twice, we need)",(register_a1_e1 -> (!term U unregister_a1_e1)) U (term | G (!term)),G(unregister_a1_e1 -> F term),False
BASIC,42,"(15b) An artist always unregisters before the program terminates. (Given that you can't register for the same event twice, we need)",(register_a1_e1 -> (!term U unregister_a1_e1)) U (term | G (!term)),G(unregister_a1_e1 -> F term),False
BASIC,42,"(15b) An artist always unregisters before the program terminates. (Given that you can't register for the same event twice, we need)",(register_a1_e1 -> (!term U unregister_a1_e1)) U (term | G (!term)),G(unregister_a1_e1 -> F term),False
BASIC,54,"Every p is followed by an r and between the p and the r, q is true",G  (p -> q U r),G(p -> (X(q U r) & !r U r)),False
BASIC,54,"Every p is followed by an r and between the p and the r, q is true",G  (p -> q U r),G(p -> (X(q U r) & !r U r)),False
BASIC,54,"Every p is followed by an r and between the p and the r, q is true",G  (p -> q U r),G(p -> (X(q U r) & !r U r)),False
BASIC,54,"Every p is followed by an r and between the p and the r, q is true",G  (p -> q U r),G(p -> (X(q U r) & !r U r)),False
BASIC,54,"Every p is followed by an r and between the p and the r, q is true",G  (p -> q U r),G(p -> X(q U r)),False
BASIC,54,"Every p is followed by an r and between the p and the r, q is true",G  (p -> q U r),G(p -> (X(q U r) & !r U r)),False
BASIC,54,"Every p is followed by an r and between the p and the r, q is true",G  (p -> q U r),G(p -> (X(q U r) & !r U r)),False
BASIC,54,"Every p is followed by an r and between the p and the r, q is true",G  (p -> q U r),G(p -> (X(q U r) & !r U r)),False
BASIC,54,"Every p is followed by an r and between the p and the r, q is true",G  (p -> q U r),G(p -> X(q U r)),False
BASIC,54,"Every p is followed by an r and between the p and the r, q is true",G  (p -> q U r),G(p -> X(q U r)),False
BASIC,54,"Every p is followed by an r and between the p and the r, q is true",G  (p -> q U r),G(p -> X(q U r)),False
BASIC,54,"Every p is followed by an r and between the p and the r, q is true",G  (p -> q U r),G(p -> X(q U r)),False
BASIC,54,"Every p is followed by an r and between the p and the r, q is true",G  (p -> q U r),G(p -> X(q U r)),False
BASIC,54,"Every p is followed by an r and between the p and the r, q is true",G  (p -> q U r),G(p -> X(q U r)),False
BASIC,54,"Every p is followed by an r and between the p and the r, q is true",G  (p -> q U r),G(p -> X(q U r)),False
BASIC,54,"Every p is followed by an r and between the p and the r, q is true",G  (p -> q U r),G(p -> X(q U r)),False
BASIC,54,"Every p is followed by an r and between the p and the r, q is true",G  (p -> q U r),G(p -> X(q U r)),False
BASIC,54,"Every p is followed by an r and between the p and the r, q is true",G  (p -> q U r),G(p -> X(q U r)),False
BASIC,54,"Every p is followed by an r and between the p and the r, q is true",G  (p -> q U r),G(p -> X(q U r)),False
BASIC,54,"Every p is followed by an r and between the p and the r, q is true",G  (p -> q U r),G(p -> (X(q U r) & !r U r)),False
BASIC,54,"Every p is followed by an r and between the p and the r, q is true",G  (p -> q U r),G(p -> (X(q U r) & !r U r)),False
BASIC,54,"Every p is followed by an r and between the p and the r, q is true",G  (p -> q U r),G(p -> X(q U r)),False
BASIC,54,"Every p is followed by an r and between the p and the r, q is true",G  (p -> q U r),G(p -> X(q U r)),False
BASIC,54,"Every p is followed by an r and between the p and the r, q is true",G  (p -> q U r),G(p -> X(q U r)),False
BASIC,54,"Every p is followed by an r and between the p and the r, q is true",G  (p -> q U r),G(p -> X(q U r)),False
BASIC,54,"Every p is followed by an r and between the p and the r, q is true",G  (p -> q U r),G(p -> X(q U r)),False
BASIC,54,"Every p is followed by an r and between the p and the r, q is true",G  (p -> q U r),G(p -> X(q U r)),False
BASIC,54,"Every p is followed by an r and between the p and the r, q is true",G  (p -> q U r),G(p -> X(q U r)),False
BASIC,54,"Every p is followed by an r and between the p and the r, q is true",G  (p -> q U r),G(p -> X(q U r)),False
BASIC,54,"Every p is followed by an r and between the p and the r, q is true",G  (p -> q U r),G(p -> (X(q U r) & !r U r)),False
BASIC,54,"Every p is followed by an r and between the p and the r, q is true",G  (p -> q U r),G(p -> X(q U r)),False
BASIC,54,"Every p is followed by an r and between the p and the r, q is true",G  (p -> q U r),G(p -> X(q U r)),False
BASIC,54,"Every p is followed by an r and between the p and the r, q is true",G  (p -> q U r),G(p -> X(q U r)),False
BASIC,54,"Every p is followed by an r and between the p and the r, q is true",G  (p -> q U r),G(p -> X(q U r)),False
BASIC,54,"Every p is followed by an r and between the p and the r, q is true",G  (p -> q U r),G(p -> X(q U r)),False
BASIC,54,"Every p is followed by an r and between the p and the r, q is true",G  (p -> q U r),G(p -> X(q U r)),False
BASIC,54,"Every p is followed by an r and between the p and the r, q is true",G  (p -> q U r),G(p -> X(q U r)),False
BASIC,54,"Every p is followed by an r and between the p and the r, q is true",G  (p -> q U r),G(p -> (X(q U r) & !r U r)),False
BASIC,54,"Every p is followed by an r and between the p and the r, q is true",G  (p -> q U r),G(p -> (X(q U r) & !r U r)),False
BASIC,54,"Every p is followed by an r and between the p and the r, q is true",G  (p -> q U r),G(p -> (X(q U r) & !r U r)),False
BASIC,54,"Every p is followed by an r and between the p and the r, q is true",G  (p -> q U r),G(p -> (X(q U r) & !r U r)),False
BASIC,54,"Every p is followed by an r and between the p and the r, q is true",G  (p -> q U r),G(p -> (X(q U r) & !r U r)),False
BASIC,54,"Every p is followed by an r and between the p and the r, q is true",G  (p -> q U r),G(p -> X(q U r)),False
BASIC,54,"Every p is followed by an r and between the p and the r, q is true",G  (p -> q U r),G(p -> X(q U r)),False
BASIC,54,"Every p is followed by an r and between the p and the r, q is true",G  (p -> q U r),G(p -> X(q U r)),False
BASIC,54,"Every p is followed by an r and between the p and the r, q is true",G  (p -> q U r),G(p -> X(q U r)),False
BASIC,54,"Every p is followed by an r and between the p and the r, q is true",G  (p -> q U r),G(p -> X(q U r)),False
BASIC,54,"Every p is followed by an r and between the p and the r, q is true",G  (p -> q U r),G(p -> X(q U r)),False
BASIC,54,"Every p is followed by an r and between the p and the r, q is true",G  (p -> q U r),G(p -> X(q U r)),False
BASIC,54,"Every p is followed by an r and between the p and the r, q is true",G  (p -> q U r),G(p -> X(q U r)),False
BASIC,54,"Every p is followed by an r and between the p and the r, q is true",G  (p -> q U r),G(p -> X(q U r)),False
BASIC,54,"Every p is followed by an r and between the p and the r, q is true",G  (p -> q U r),G(p -> X(q U r)),False
BASIC,54,"Every p is followed by an r and between the p and the r, q is true",G  (p -> q U r),G(p -> X(q U r)),False
BASIC,54,"Every p is followed by an r and between the p and the r, q is true",G  (p -> q U r),G(p -> X(q U r)),False
BASIC,54,"Every p is followed by an r and between the p and the r, q is true",G  (p -> q U r),G(p -> X(q U r)),False
BASIC,54,"Every p is followed by an r and between the p and the r, q is true",G  (p -> q U r),G(p -> X(q U r)),False
BASIC,54,"Every p is followed by an r and between the p and the r, q is true",G  (p -> q U r),G(p -> X(q U r)),False
BASIC,54,"Every p is followed by an r and between the p and the r, q is true",G  (p -> q U r),G(p -> X(q U r)),False
BASIC,54,"Every p is followed by an r and between the p and the r, q is true",G  (p -> q U r),G(p -> X(q U r)),False
BASIC,54,"Every p is followed by an r and between the p and the r, q is true",G  (p -> q U r),G(p -> X(q U r)),False
BASIC,54,"Every p is followed by an r and between the p and the r, q is true",G  (p -> q U r),G(p -> X(q U r)),False
BASIC,54,"Every p is followed by an r and between the p and the r, q is true",G  (p -> q U r),G(p -> X(q U r)),False
BASIC,54,"Every p is followed by an r and between the p and the r, q is true",G  (p -> q U r),G(p -> X(q U r)),False
BASIC,54,"Every p is followed by an r and between the p and the r, q is true",G  (p -> q U r),G(p -> X(q U r)),False
BASIC,54,"Every p is followed by an r and between the p and the r, q is true",G  (p -> q U r),G(p -> X(q U r)),False
BASIC,54,"Every p is followed by an r and between the p and the r, q is true",G  (p -> q U r),G(p -> X(q U r)),False
BASIC,54,"Every p is followed by an r and between the p and the r, q is true",G  (p -> q U r),G(p -> X(q U r)),False
BASIC,54,"Every p is followed by an r and between the p and the r, q is true",G  (p -> q U r),G(p -> X(q U r)),False
BASIC,54,"Every p is followed by an r and between the p and the r, q is true",G  (p -> q U r),G(p -> X(q U r)),False
BASIC,54,"Every p is followed by an r and between the p and the r, q is true",G  (p -> q U r),G(p -> X(q U r)),False
BASIC,54,"Every p is followed by an r and between the p and the r, q is true",G  (p -> q U r),G(p -> X(q U r)),False
BASIC,54,"Every p is followed by an r and between the p and the r, q is true",G  (p -> q U r),G(p -> X(q U r)),False
BASIC,54,"Every p is followed by an r and between the p and the r, q is true",G  (p -> q U r),G(p -> X(q U r)),False
BASIC,54,"Every p is followed by an r and between the p and the r, q is true",G  (p -> q U r),G(p -> X(q U r)),False
BASIC,54,"Every p is followed by an r and between the p and the r, q is true",G  (p -> q U r),G(p -> X(q U r)),False
BASIC,54,"Every p is followed by an r and between the p and the r, q is true",G  (p -> q U r),G(p -> (X(q U r) & !r U r)),False
BASIC,54,"Every p is followed by an r and between the p and the r, q is true",G  (p -> q U r),G(p -> (X(q U r) & !r U r)),False
BASIC,54,"Every p is followed by an r and between the p and the r, q is true",G  (p -> q U r),G(p -> X(q U r)),False
BASIC,54,"Every p is followed by an r and between the p and the r, q is true",G  (p -> q U r),G(p -> X(q U r)),False
BASIC,54,"Every p is followed by an r and between the p and the r, q is true",G  (p -> q U r),G(p -> X(q U r)),False
BASIC,54,"Every p is followed by an r and between the p and the r, q is true",G  (p -> q U r),G(p -> X(q U r)),False
BASIC,54,"Every p is followed by an r and between the p and the r, q is true",G  (p -> q U r),G(p -> X(q U r)),False
BASIC,54,"Every p is followed by an r and between the p and the r, q is true",G  (p -> q U r),G(p -> X(q U r)),False
BASIC,54,"Every p is followed by an r and between the p and the r, q is true",G  (p -> q U r),G(p -> X(q U r)),False
BASIC,54,"Every p is followed by an r and between the p and the r, q is true",G  (p -> q U r),G(p -> X(q U r)),False
BASIC,54,"Every p is followed by an r and between the p and the r, q is true",G  (p -> q U r),G(p -> X(q U r)),False
BASIC,54,"Every p is followed by an r and between the p and the r, q is true",G  (p -> q U r),G(p -> X(q U r)),False
BASIC,54,"Every p is followed by an r and between the p and the r, q is true",G  (p -> q U r),G(p -> X(q U r)),False
BASIC,54,"Every p is followed by an r and between the p and the r, q is true",G  (p -> q U r),G(p -> X(q U r)),False
BASIC,54,"Every p is followed by an r and between the p and the r, q is true",G  (p -> q U r),G(p -> X(q U r)),False
BASIC,54,"Every p is followed by an r and between the p and the r, q is true",G  (p -> q U r),G(p -> X(q U r)),False
BASIC,54,"Every p is followed by an r and between the p and the r, q is true",G  (p -> q U r),G(p -> X(q U r)),False
BASIC,54,"Every p is followed by an r and between the p and the r, q is true",G  (p -> q U r),G(p -> X(q U r)),False
BASIC,54,"Every p is followed by an r and between the p and the r, q is true",G  (p -> q U r),G(p -> X(q U r)),False
BASIC,54,"Every p is followed by an r and between the p and the r, q is true",G  (p -> q U r),G(p -> (X(q U r) & !r U r)),False
BASIC,54,"Every p is followed by an r and between the p and the r, q is true",G  (p -> q U r),G(p -> (X(q U r) & !r U r)),False
BASIC,54,"Every p is followed by an r and between the p and the r, q is true",G  (p -> q U r),G(p -> (X(q U r) & !r U r)),False
BASIC,54,"Every p is followed by an r and between the p and the r, q is true",G  (p -> q U r),G(p -> (X(q U r) & !r U r)),False
BASIC,54,"Every p is followed by an r and between the p and the r, q is true",G  (p -> q U r),G(p -> (X(q U r) & !r U r)),False
BASIC,54,"Every p is followed by an r and between the p and the r, q is true",G  (p -> q U r),G(p -> X(q U r)),False
BASIC,60,"Infinitely often, A is followed by D and between A and D, C is true",G F  (a -> (c U d)),G F (a & (X (!a U (d & G c)))),False
BASIC,60,"Infinitely often, A is followed by D and between A and D, C is true",G F  (a -> (c U d)),G F (a & (X (!a U (d & (G (!d -> c)))))),False
BASIC,60,"Infinitely often, A is followed by D and between A and D, C is true",G F  (a -> (c U d)),G F (a & (X (!a U (d & G c)))),False
BASIC,60,"Infinitely often, A is followed by D and between A and D, C is true",G F  (a -> (c U d)),G F (a & (X (!a U (d & G c)))),False
BASIC,60,"Infinitely often, A is followed by D and between A and D, C is true",G F  (a -> (c U d)),G F (a & (X (!a U (d & G c)))),False
BASIC,60,"Infinitely often, A is followed by D and between A and D, C is true",G F  (a -> (c U d)),G F (a & (X (!a U (d & G c)))),False
BASIC,60,"Infinitely often, A is followed by D and between A and D, C is true",G F  (a -> (c U d)),G F (a & (X (!a U (d & G c)))),False
BASIC,60,"Infinitely often, A is followed by D and between A and D, C is true",G F  (a -> (c U d)),G F (a & (X (!a U (d & G c)))),False
BASIC,60,"Infinitely often, A is followed by D and between A and D, C is true",G F  (a -> (c U d)),G F (a & (X (!a U (d & (G (!d -> c)))))),False
BASIC,60,"Infinitely often, A is followed by D and between A and D, C is true",G F  (a -> (c U d)),G F (a & (X (!a U (d & G c)))),False
BASIC,60,"Infinitely often, A is followed by D and between A and D, C is true",G F  (a -> (c U d)),G F (a & (X (!a U (d & G c)))),False
BASIC,60,"Infinitely often, A is followed by D and between A and D, C is true",G F  (a -> (c U d)),G F (a & (X (!a U (d & (G (!d -> !a) & (a U d) -> c))))),False
BASIC,60,"Infinitely often, A is followed by D and between A and D, C is true",G F  (a -> (c U d)),G F (a & (X (!a U (d & G c)))),False
BASIC,60,"Infinitely often, A is followed by D and between A and D, C is true",G F  (a -> (c U d)),G F (a & (X (!a U (d & G c)))),False
BASIC,60,"Infinitely often, A is followed by D and between A and D, C is true",G F  (a -> (c U d)),G F (a & (X (!a U (d & (G (!d -> !a) & (a U d) -> c))))),False
BASIC,60,"Infinitely often, A is followed by D and between A and D, C is true",G F  (a -> (c U d)),G F (a & (X (!a U (d & (G (!d -> !a) & (a U d) -> c))))),False
BASIC,60,"Infinitely often, A is followed by D and between A and D, C is true",G F  (a -> (c U d)),G F (a & (X (!a U (d & G c)))),False
BASIC,60,"Infinitely often, A is followed by D and between A and D, C is true",G F  (a -> (c U d)),G F (a & (X (!a U (d & G c)))),False
BASIC,60,"Infinitely often, A is followed by D and between A and D, C is true",G F  (a -> (c U d)),G F (a & (X (!a U (d & (G (!d -> c)))))),False
BASIC,60,"Infinitely often, A is followed by D and between A and D, C is true",G F  (a -> (c U d)),G F (a & (X (!a U (d & G c)))),False
BASIC,60,"Infinitely often, A is followed by D and between A and D, C is true",G F  (a -> (c U d)),G F (a & (X (!a U (d & G c)))),False
BASIC,60,"Infinitely often, A is followed by D and between A and D, C is true",G F  (a -> (c U d)),G F (a & (X (!a U (d & G c)))),False
BASIC,60,"Infinitely often, A is followed by D and between A and D, C is true",G F  (a -> (c U d)),G F (a & (X (!a U (d & (G (!d -> c)))))),False
BASIC,60,"Infinitely often, A is followed by D and between A and D, C is true",G F  (a -> (c U d)),G F (a & (X (!a U (d & G c)))),False
BASIC,60,"Infinitely often, A is followed by D and between A and D, C is true",G F  (a -> (c U d)),G F (a & (X (!a U (d & G c)))),False
BASIC,60,"Infinitely often, A is followed by D and between A and D, C is true",G F  (a -> (c U d)),G F (a & (X (!a U (d & G c)))),False
BASIC,60,"Infinitely often, A is followed by D and between A and D, C is true",G F  (a -> (c U d)),G F (a & (X (!a U (d & (G (!d -> !a) & (a U d) -> c))))),False
BASIC,60,"Infinitely often, A is followed by D and between A and D, C is true",G F  (a -> (c U d)),G F (a & (X (!a U (d & G c)))),False
BASIC,60,"Infinitely often, A is followed by D and between A and D, C is true",G F  (a -> (c U d)),G F (a & (X (!a U (d & G c)))),False
BASIC,60,"Infinitely often, A is followed by D and between A and D, C is true",G F  (a -> (c U d)),G F (a & (X (!a U (d & G c)))),False
BASIC,60,"Infinitely often, A is followed by D and between A and D, C is true",G F  (a -> (c U d)),G F (a & (X (!a U (d & (G (!d -> !a) & (a U d) -> c))))),False
BASIC,60,"Infinitely often, A is followed by D and between A and D, C is true",G F  (a -> (c U d)),G F (a & (X (!a U (d & G c)))),False
BASIC,60,"Infinitely often, A is followed by D and between A and D, C is true",G F  (a -> (c U d)),G F (a & (X (!a U (d & G c)))),False
BASIC,60,"Infinitely often, A is followed by D and between A and D, C is true",G F  (a -> (c U d)),G F (a & (X (!a U (d & G c)))),False
BASIC,60,"Infinitely often, A is followed by D and between A and D, C is true",G F  (a -> (c U d)),G F (a & (X (!a U (d & (G (!d -> c)))))),False
BASIC,60,"Infinitely often, A is followed by D and between A and D, C is true",G F  (a -> (c U d)),G F (a & (X (!a U (d & G c)))),False
BASIC,60,"Infinitely often, A is followed by D and between A and D, C is true",G F  (a -> (c U d)),G F (a & (X (!a U (d & G c)))),False
BASIC,60,"Infinitely often, A is followed by D and between A and D, C is true",G F  (a -> (c U d)),G F (a & (X (!a U (d & G c)))),False
BASIC,60,"Infinitely often, A is followed by D and between A and D, C is true",G F  (a -> (c U d)),G F (a & (X (!a U (d & G c)))),False
BASIC,60,"Infinitely often, A is followed by D and between A and D, C is true",G F  (a -> (c U d)),G F (a & (X (!a U (d & G c)))),False
BASIC,60,"Infinitely often, A is followed by D and between A and D, C is true",G F  (a -> (c U d)),G F (a & (X (!a U (d & (G (!d -> c)))))),False
BASIC,60,"Infinitely often, A is followed by D and between A and D, C is true",G F  (a -> (c U d)),G F (a & (X (!a U (d & G c)))),False
BASIC,60,"Infinitely often, A is followed by D and between A and D, C is true",G F  (a -> (c U d)),G F (a & (X (!a U (d & G c)))),False
BASIC,60,"Infinitely often, A is followed by D and between A and D, C is true",G F  (a -> (c U d)),G F (a & (X (!a U (d & (G (!d -> c)))))),False
BASIC,60,"Infinitely often, A is followed by D and between A and D, C is true",G F  (a -> (c U d)),G F (a & (X (!a U (d & G c)))),False
BASIC,60,"Infinitely often, A is followed by D and between A and D, C is true",G F  (a -> (c U d)),G F (a & (X (!a U (d & G c)))),False
BASIC,60,"Infinitely often, A is followed by D and between A and D, C is true",G F  (a -> (c U d)),G F (a & (X (!a U (d & (G (!d -> !a) & (a U d) -> c))))),False
BASIC,60,"Infinitely often, A is followed by D and between A and D, C is true",G F  (a -> (c U d)),G F (a & (X (!a U (d & (G (!d -> c)))))),False
BASIC,60,"Infinitely often, A is followed by D and between A and D, C is true",G F  (a -> (c U d)),G F (a & (X (!a U (d & G c)))),False
BASIC,60,"Infinitely often, A is followed by D and between A and D, C is true",G F  (a -> (c U d)),G F (a & (X (!a U (d & G c)))),False
BASIC,60,"Infinitely often, A is followed by D and between A and D, C is true",G F  (a -> (c U d)),G F (a & (X (!a U (d & G c)))),False
BASIC,60,"Infinitely often, A is followed by D and between A and D, C is true",G F  (a -> (c U d)),G F (a & (X (!a U (d & (G (!d -> c)))))),False
BASIC,60,"Infinitely often, A is followed by D and between A and D, C is true",G F  (a -> (c U d)),G F (a & (X (!a U (d & G c)))),False
BASIC,60,"Infinitely often, A is followed by D and between A and D, C is true",G F  (a -> (c U d)),G F (a & (X (!a U (d & G c)))),False
BASIC,60,"Infinitely often, A is followed by D and between A and D, C is true",G F  (a -> (c U d)),G F (a & (X (!a U (d & G c)))),False
BASIC,60,"Infinitely often, A is followed by D and between A and D, C is true",G F  (a -> (c U d)),G F (a & (X (!a U (d & (G (!d -> !a) & F c))))),False
BASIC,60,"Infinitely often, A is followed by D and between A and D, C is true",G F  (a -> (c U d)),G F (a & (X (!a U (d & (G (!d -> c)))))),False
BASIC,60,"Infinitely often, A is followed by D and between A and D, C is true",G F  (a -> (c U d)),G F (a & (X (!a U (d & G c)))),False
BASIC,60,"Infinitely often, A is followed by D and between A and D, C is true",G F  (a -> (c U d)),G F (a & (X (!a U (d & G c)))),False
BASIC,60,"Infinitely often, A is followed by D and between A and D, C is true",G F  (a -> (c U d)),G F (a & (X (!a U (d & G c)))),False
BASIC,60,"Infinitely often, A is followed by D and between A and D, C is true",G F  (a -> (c U d)),G F (a & (X (!a U (d & G c)))),False
BASIC,60,"Infinitely often, A is followed by D and between A and D, C is true",G F  (a -> (c U d)),G F (a & (X (!a U (d & G c)))),False
BASIC,60,"Infinitely often, A is followed by D and between A and D, C is true",G F  (a -> (c U d)),G F (a & (X (!a U (d & G c)))),False
BASIC,60,"Infinitely often, A is followed by D and between A and D, C is true",G F  (a -> (c U d)),G F (a & (X (!a U (d & (G (!d -> !a) & F c))))),False
BASIC,60,"Infinitely often, A is followed by D and between A and D, C is true",G F  (a -> (c U d)),G F (a & (X (!a U (d & (G (!d -> !a) & (a U d) -> c))))),False
BASIC,60,"Infinitely often, A is followed by D and between A and D, C is true",G F  (a -> (c U d)),G F (a & (X (!a U (d & (G (!d -> c)))))),False
BASIC,60,"Infinitely often, A is followed by D and between A and D, C is true",G F  (a -> (c U d)),G F (a & (X (!a U (d & G c)))),False
BASIC,60,"Infinitely often, A is followed by D and between A and D, C is true",G F  (a -> (c U d)),G F (a & (X (!a U (d & (G (!d -> c)))))),False
BASIC,60,"Infinitely often, A is followed by D and between A and D, C is true",G F  (a -> (c U d)),G F (a & (X (!a U (d & (G (!d -> c)))))),False
BASIC,60,"Infinitely often, A is followed by D and between A and D, C is true",G F  (a -> (c U d)),G F (a & (X (!a U (d & G c)))),False
BASIC,60,"Infinitely often, A is followed by D and between A and D, C is true",G F  (a -> (c U d)),G F (a & (X (!a U (d & G c)))),False
BASIC,60,"Infinitely often, A is followed by D and between A and D, C is true",G F  (a -> (c U d)),G F (a & (X (!a U (d & G c)))),False
BASIC,60,"Infinitely often, A is followed by D and between A and D, C is true",G F  (a -> (c U d)),G F (a & (X (!a U (d & G c)))),False
BASIC,60,"Infinitely often, A is followed by D and between A and D, C is true",G F  (a -> (c U d)),G F (a & (X (!a U (d & (G (!d -> !a) & F c))))),False
BASIC,60,"Infinitely often, A is followed by D and between A and D, C is true",G F  (a -> (c U d)),G F (a & (X (!a U (d & G c)))),False
BASIC,60,"Infinitely often, A is followed by D and between A and D, C is true",G F  (a -> (c U d)),G F (a & (X (!a U (d & G c)))),False
BASIC,60,"Infinitely often, A is followed by D and between A and D, C is true",G F  (a -> (c U d)),G F (a & (X (!a U (d & G c)))),False
BASIC,60,"Infinitely often, A is followed by D and between A and D, C is true",G F  (a -> (c U d)),G F (a & (X (!a U (d & G c)))),False
BASIC,60,"Infinitely often, A is followed by D and between A and D, C is true",G F  (a -> (c U d)),G F (a & (X (!a U (d & G c)))),False
BASIC,60,"Infinitely often, A is followed by D and between A and D, C is true",G F  (a -> (c U d)),G F (a & (X (!a U (d & G c)))),False
BASIC,60,"Infinitely often, A is followed by D and between A and D, C is true",G F  (a -> (c U d)),G F (a & (X (!a U (d & G c)))),False
BASIC,60,"Infinitely often, A is followed by D and between A and D, C is true",G F  (a -> (c U d)),G F (a & (X (!a U (d & G c)))),False
BASIC,60,"Infinitely often, A is followed by D and between A and D, C is true",G F  (a -> (c U d)),G F (a & (X (!a U (d & G c)))),False
BASIC,60,"Infinitely often, A is followed by D and between A and D, C is true",G F  (a -> (c U d)),G F (a & (X (!a U (d & G c)))),False
BASIC,60,"Infinitely often, A is followed by D and between A and D, C is true",G F  (a -> (c U d)),G F (a & (X (!a U (d & G c)))),False
BASIC,60,"Infinitely often, A is followed by D and between A and D, C is true",G F  (a -> (c U d)),G F (a & (X (!a U (d & G c)))),False
BASIC,60,"Infinitely often, A is followed by D and between A and D, C is true",G F  (a -> (c U d)),G F (a & (X (!a U (d & G c)))),False
BASIC,60,"Infinitely often, A is followed by D and between A and D, C is true",G F  (a -> (c U d)),G F (a & (X (!a U (d & G c)))),False
BASIC,60,"Infinitely often, A is followed by D and between A and D, C is true",G F  (a -> (c U d)),G F (a & (X (!a U (d & G c)))),False
BASIC,60,"Infinitely often, A is followed by D and between A and D, C is true",G F  (a -> (c U d)),G F (a & (X (!a U (d & G c)))),False
BASIC,60,"Infinitely often, A is followed by D and between A and D, C is true",G F  (a -> (c U d)),G F (a & (X (!a U (d & G c)))),False
BASIC,60,"Infinitely often, A is followed by D and between A and D, C is true",G F  (a -> (c U d)),G F (a & (X (!a U (d & G c)))),False
BASIC,60,"Infinitely often, A is followed by D and between A and D, C is true",G F  (a -> (c U d)),G F (a & (X (!a U (d & G c)))),False
BASIC,60,"Infinitely often, A is followed by D and between A and D, C is true",G F  (a -> (c U d)),G F (a & (X (!a U (d & G c)))),False
BASIC,60,"Infinitely often, A is followed by D and between A and D, C is true",G F  (a -> (c U d)),G F (a & (X (!a U (d & G c)))),False
BASIC,60,"Infinitely often, A is followed by D and between A and D, C is true",G F  (a -> (c U d)),G F (a & (X (!a U (d & G c)))),False
BASIC,60,"Infinitely often, A is followed by D and between A and D, C is true",G F  (a -> (c U d)),G F (a & (X (!a U (d & G c)))),False
BASIC,60,"Infinitely often, A is followed by D and between A and D, C is true",G F  (a -> (c U d)),G F (a & (X (!a U (d & G c)))),False
BASIC,60,"Infinitely often, A is followed by D and between A and D, C is true",G F  (a -> (c U d)),G F (a & (X (!a U (d & G c)))),False
BASIC,60,"Infinitely often, A is followed by D and between A and D, C is true",G F  (a -> (c U d)),G F (a & (X (!a U (d & G c)))),False
BASIC,86,In a safe domain every client attached to a domain has unique,G (safe -> unique_ids),G (safe -> G (unique_ids)),False
BASIC,86,In a safe domain every client attached to a domain has unique,G (safe -> unique_ids),G (safe -> G (unique_ids)),False
BASIC,86,In a safe domain every client attached to a domain has unique,G (safe -> unique_ids),G (safe -> G (unique_ids)),False
BASIC,86,In a safe domain every client attached to a domain has unique,G (safe -> unique_ids),G (safe -> G (unique_ids)),False
BASIC,86,In a safe domain every client attached to a domain has unique,G (safe -> unique_ids),G (safe -> G (unique_ids)),False
BASIC,86,In a safe domain every client attached to a domain has unique,G (safe -> unique_ids),G (safe -> G (unique_ids)),False
BASIC,86,In a safe domain every client attached to a domain has unique,G (safe -> unique_ids),G (safe -> G (unique_ids)),False
BASIC,86,In a safe domain every client attached to a domain has unique,G (safe -> unique_ids),G (safe -> G (unique_ids)),False
BASIC,86,In a safe domain every client attached to a domain has unique,G (safe -> unique_ids),G (safe -> (G (attached -> unique_ids))),False
BASIC,86,In a safe domain every client attached to a domain has unique,G (safe -> unique_ids),G (safe -> G (unique_ids)),False
BASIC,86,In a safe domain every client attached to a domain has unique,G (safe -> unique_ids),G (safe -> G (unique_ids)),False
BASIC,86,In a safe domain every client attached to a domain has unique,G (safe -> unique_ids),G (safe -> G (unique_ids)),False
BASIC,86,In a safe domain every client attached to a domain has unique,G (safe -> unique_ids),G (safe -> G (unique_ids)),False
BASIC,86,In a safe domain every client attached to a domain has unique,G (safe -> unique_ids),G (safe -> G (unique_ids)),False
BASIC,86,In a safe domain every client attached to a domain has unique,G (safe -> unique_ids),G (safe -> G (unique_ids)),False
BASIC,86,In a safe domain every client attached to a domain has unique,G (safe -> unique_ids),G (safe -> G (unique_ids)),False
BASIC,86,In a safe domain every client attached to a domain has unique,G (safe -> unique_ids),G (safe -> G (unique_ids)),False
BASIC,86,In a safe domain every client attached to a domain has unique,G (safe -> unique_ids),G (safe -> G (unique_ids)),False
BASIC,86,In a safe domain every client attached to a domain has unique,G (safe -> unique_ids),G (safe -> G (unique_ids)),False
BASIC,86,In a safe domain every client attached to a domain has unique,G (safe -> unique_ids),G (safe -> G (unique_ids)),False
BASIC,86,In a safe domain every client attached to a domain has unique,G (safe -> unique_ids),G (safe -> G (unique_ids)),False
BASIC,86,In a safe domain every client attached to a domain has unique,G (safe -> unique_ids),G (safe -> G (unique_ids)),False
BASIC,86,In a safe domain every client attached to a domain has unique,G (safe -> unique_ids),G (safe -> G (unique_ids)),False
BASIC,86,In a safe domain every client attached to a domain has unique,G (safe -> unique_ids),G (safe -> G (unique_ids)),False
BASIC,86,In a safe domain every client attached to a domain has unique,G (safe -> unique_ids),G (safe -> G (unique_ids)),False
BASIC,86,In a safe domain every client attached to a domain has unique,G (safe -> unique_ids),G (safe -> G (unique_ids)),False
BASIC,86,In a safe domain every client attached to a domain has unique,G (safe -> unique_ids),G (safe -> G (unique_ids)),False
BASIC,86,In a safe domain every client attached to a domain has unique,G (safe -> unique_ids),G (safe -> G (unique_ids)),False
BASIC,86,In a safe domain every client attached to a domain has unique,G (safe -> unique_ids),G (safe -> G (unique_ids)),False
BASIC,86,In a safe domain every client attached to a domain has unique,G (safe -> unique_ids),G (safe -> G (unique_ids)),False
BASIC,86,In a safe domain every client attached to a domain has unique,G (safe -> unique_ids),G (safe -> G (unique_ids)),False
BASIC,86,In a safe domain every client attached to a domain has unique,G (safe -> unique_ids),G (safe -> (G (attached -> unique_ids))),False
BASIC,86,In a safe domain every client attached to a domain has unique,G (safe -> unique_ids),G (safe -> G (unique_ids)),False
BASIC,86,In a safe domain every client attached to a domain has unique,G (safe -> unique_ids),G (safe -> G (unique_ids)),False
BASIC,86,In a safe domain every client attached to a domain has unique,G (safe -> unique_ids),G (safe -> G (unique_ids)),False
BASIC,86,In a safe domain every client attached to a domain has unique,G (safe -> unique_ids),G (safe -> G (unique_ids)),False
BASIC,86,In a safe domain every client attached to a domain has unique,G (safe -> unique_ids),G (safe -> G (unique_ids)),False
BASIC,86,In a safe domain every client attached to a domain has unique,G (safe -> unique_ids),G (safe -> G (unique_ids)),False
BASIC,86,In a safe domain every client attached to a domain has unique,G (safe -> unique_ids),G (safe -> G (unique_ids)),False
BASIC,86,In a safe domain every client attached to a domain has unique,G (safe -> unique_ids),G (safe -> G (unique_ids)),False
BASIC,86,In a safe domain every client attached to a domain has unique,G (safe -> unique_ids),G (safe -> G (unique_ids)),False
BASIC,86,In a safe domain every client attached to a domain has unique,G (safe -> unique_ids),G (safe -> G (unique_ids)),False
BASIC,86,In a safe domain every client attached to a domain has unique,G (safe -> unique_ids),G (safe -> (G (attached -> unique_ids))),False
BASIC,86,In a safe domain every client attached to a domain has unique,G (safe -> unique_ids),G (safe -> G (unique_ids)),False
BASIC,86,In a safe domain every client attached to a domain has unique,G (safe -> unique_ids),G (safe -> G (unique_ids)),False
BASIC,86,In a safe domain every client attached to a domain has unique,G (safe -> unique_ids),G (safe -> G (unique_ids)),False
BASIC,86,In a safe domain every client attached to a domain has unique,G (safe -> unique_ids),G (safe -> G (unique_ids)),False
BASIC,86,In a safe domain every client attached to a domain has unique,G (safe -> unique_ids),G (safe -> G (unique_ids)),False
BASIC,86,In a safe domain every client attached to a domain has unique,G (safe -> unique_ids),G (safe -> G (unique_ids)),False
BASIC,86,In a safe domain every client attached to a domain has unique,G (safe -> unique_ids),G (safe -> G (unique_ids)),False
BASIC,86,In a safe domain every client attached to a domain has unique,G (safe -> unique_ids),G (safe -> G (unique_ids)),False
BASIC,86,In a safe domain every client attached to a domain has unique,G (safe -> unique_ids),G (safe -> G (unique_ids)),False
BASIC,86,In a safe domain every client attached to a domain has unique,G (safe -> unique_ids),G (safe -> G (unique_ids)),False
BASIC,86,In a safe domain every client attached to a domain has unique,G (safe -> unique_ids),G (safe -> G (unique_ids)),False
BASIC,86,In a safe domain every client attached to a domain has unique,G (safe -> unique_ids),G (safe -> G (unique_ids)),False
BASIC,86,In a safe domain every client attached to a domain has unique,G (safe -> unique_ids),G (safe -> G (unique_ids)),False
BASIC,86,In a safe domain every client attached to a domain has unique,G (safe -> unique_ids),G (safe -> (attached -> unique_ids)),False
BASIC,86,In a safe domain every client attached to a domain has unique,G (safe -> unique_ids),G (safe -> G (unique_ids)),False
BASIC,86,In a safe domain every client attached to a domain has unique,G (safe -> unique_ids),G (safe -> G (unique_ids)),False
BASIC,86,In a safe domain every client attached to a domain has unique,G (safe -> unique_ids),G (safe -> G (unique_ids)),False
BASIC,86,In a safe domain every client attached to a domain has unique,G (safe -> unique_ids),G (safe -> G (unique_ids)),False
BASIC,86,In a safe domain every client attached to a domain has unique,G (safe -> unique_ids),G (safe -> G (unique_ids)),False
BASIC,86,In a safe domain every client attached to a domain has unique,G (safe -> unique_ids),G (safe -> G (unique_ids)),False
BASIC,86,In a safe domain every client attached to a domain has unique,G (safe -> unique_ids),G (safe -> G (unique_ids)),False
BASIC,86,In a safe domain every client attached to a domain has unique,G (safe -> unique_ids),G (safe -> (attached -> unique_ids)),False
BASIC,86,In a safe domain every client attached to a domain has unique,G (safe -> unique_ids),G (safe -> G (unique_ids)),False
BASIC,86,In a safe domain every client attached to a domain has unique,G (safe -> unique_ids),G (safe -> G (unique_ids)),False
BASIC,86,In a safe domain every client attached to a domain has unique,G (safe -> unique_ids),G (safe -> (attached -> unique_ids)),False
BASIC,86,In a safe domain every client attached to a domain has unique,G (safe -> unique_ids),G (safe -> G (unique_ids)),False
BASIC,86,In a safe domain every client attached to a domain has unique,G (safe -> unique_ids),G (safe -> G (unique_ids)),False
BASIC,86,In a safe domain every client attached to a domain has unique,G (safe -> unique_ids),G (safe -> G (unique_ids)),False
BASIC,86,In a safe domain every client attached to a domain has unique,G (safe -> unique_ids),G (safe -> G (unique_ids)),False
BASIC,86,In a safe domain every client attached to a domain has unique,G (safe -> unique_ids),G (safe -> G (unique_ids)),False
BASIC,86,In a safe domain every client attached to a domain has unique,G (safe -> unique_ids),G (safe -> G (unique_ids)),False
BASIC,86,In a safe domain every client attached to a domain has unique,G (safe -> unique_ids),G (safe -> G (unique_ids)),False
BASIC,86,In a safe domain every client attached to a domain has unique,G (safe -> unique_ids),G (safe -> G (unique_ids)),False
BASIC,86,In a safe domain every client attached to a domain has unique,G (safe -> unique_ids),G (safe -> G (unique_ids)),False
BASIC,86,In a safe domain every client attached to a domain has unique,G (safe -> unique_ids),G (safe -> G (unique_ids)),False
BASIC,86,In a safe domain every client attached to a domain has unique,G (safe -> unique_ids),G (safe -> G (unique_ids)),False
BASIC,86,In a safe domain every client attached to a domain has unique,G (safe -> unique_ids),G (safe -> G (unique_ids)),False
BASIC,86,In a safe domain every client attached to a domain has unique,G (safe -> unique_ids),G (safe -> G (unique_ids)),False
BASIC,86,In a safe domain every client attached to a domain has unique,G (safe -> unique_ids),G (safe -> G (unique_ids)),False
BASIC,86,In a safe domain every client attached to a domain has unique,G (safe -> unique_ids),G (safe -> G (unique_ids)),False
BASIC,86,In a safe domain every client attached to a domain has unique,G (safe -> unique_ids),G (safe -> G (unique_ids)),False
BASIC,86,In a safe domain every client attached to a domain has unique,G (safe -> unique_ids),G (safe -> G (unique_ids)),False
BASIC,86,In a safe domain every client attached to a domain has unique,G (safe -> unique_ids),G (safe -> G (unique_ids)),False
BASIC,86,In a safe domain every client attached to a domain has unique,G (safe -> unique_ids),G (safe -> G (unique_ids)),False
BASIC,86,In a safe domain every client attached to a domain has unique,G (safe -> unique_ids),G (safe -> (attached -> unique_ids)),False
BASIC,86,In a safe domain every client attached to a domain has unique,G (safe -> unique_ids),G (safe -> G (unique_ids)),False
BASIC,86,In a safe domain every client attached to a domain has unique,G (safe -> unique_ids),G (safe -> G (unique_ids)),False
BASIC,86,In a safe domain every client attached to a domain has unique,G (safe -> unique_ids),G (safe -> G (unique_ids)),False
BASIC,86,In a safe domain every client attached to a domain has unique,G (safe -> unique_ids),G (safe -> G (unique_ids)),False
BASIC,86,In a safe domain every client attached to a domain has unique,G (safe -> unique_ids),G (safe -> G (unique_ids)),False
BASIC,86,In a safe domain every client attached to a domain has unique,G (safe -> unique_ids),G (safe -> G (unique_ids)),False
BASIC,86,In a safe domain every client attached to a domain has unique,G (safe -> unique_ids),G (safe -> G (unique_ids)),False
BASIC,86,In a safe domain every client attached to a domain has unique,G (safe -> unique_ids),G (safe -> G (unique_ids)),False
BASIC,86,In a safe domain every client attached to a domain has unique,G (safe -> unique_ids),G (safe -> G (unique_ids)),False
BASIC,86,In a safe domain every client attached to a domain has unique,G (safe -> unique_ids),G (safe -> G (unique_ids)),False
BASIC,86,In a safe domain every client attached to a domain has unique,G (safe -> unique_ids),G (safe -> G (unique_ids)),False
BASIC,86,In a safe domain every client attached to a domain has unique,G (safe -> unique_ids),G (safe -> G (unique_ids)),False
BASIC,90,The SL never issues contradictory PD controls during a cycle.,G ((PDcontrolX & F EndCycle) -> !PDcontrolContraX U EndCycle),G !(PDcontrolContraX & PDcontrolX),False
BASIC,90,The SL never issues contradictory PD controls during a cycle.,G ((PDcontrolX & F EndCycle) -> !PDcontrolContraX U EndCycle),G !(PDcontrolContraX & PDcontrolX),False
BASIC,90,The SL never issues contradictory PD controls during a cycle.,G ((PDcontrolX & F EndCycle) -> !PDcontrolContraX U EndCycle),G !(PDcontrolContraX),False
BASIC,90,The SL never issues contradictory PD controls during a cycle.,G ((PDcontrolX & F EndCycle) -> !PDcontrolContraX U EndCycle),G !(PDcontrolContraX & PDcontrolX),False
BASIC,90,The SL never issues contradictory PD controls during a cycle.,G ((PDcontrolX & F EndCycle) -> !PDcontrolContraX U EndCycle),G !(PDcontrolContraX & PDcontrolX),False
BASIC,90,The SL never issues contradictory PD controls during a cycle.,G ((PDcontrolX & F EndCycle) -> !PDcontrolContraX U EndCycle),G !(PDcontrolContraX & PDcontrolX),False
BASIC,90,The SL never issues contradictory PD controls during a cycle.,G ((PDcontrolX & F EndCycle) -> !PDcontrolContraX U EndCycle),G !(PDcontrolContraX & PDcontrolX),False
BASIC,90,The SL never issues contradictory PD controls during a cycle.,G ((PDcontrolX & F EndCycle) -> !PDcontrolContraX U EndCycle),G !(PDcontrolContraX & PDcontrolX),False
BASIC,90,The SL never issues contradictory PD controls during a cycle.,G ((PDcontrolX & F EndCycle) -> !PDcontrolContraX U EndCycle),G !(PDcontrolContraX & PDcontrolX),False
BASIC,90,The SL never issues contradictory PD controls during a cycle.,G ((PDcontrolX & F EndCycle) -> !PDcontrolContraX U EndCycle),G !(PDcontrolContraX & PDcontrolX),False
BASIC,90,The SL never issues contradictory PD controls during a cycle.,G ((PDcontrolX & F EndCycle) -> !PDcontrolContraX U EndCycle),G !(PDcontrolContraX),False
BASIC,90,The SL never issues contradictory PD controls during a cycle.,G ((PDcontrolX & F EndCycle) -> !PDcontrolContraX U EndCycle),G !(PDcontrolContraX & PDcontrolX),False
BASIC,90,The SL never issues contradictory PD controls during a cycle.,G ((PDcontrolX & F EndCycle) -> !PDcontrolContraX U EndCycle),G !(PDcontrolContraX),False
BASIC,90,The SL never issues contradictory PD controls during a cycle.,G ((PDcontrolX & F EndCycle) -> !PDcontrolContraX U EndCycle),G !(PDcontrolContraX & PDcontrolX),False
BASIC,90,The SL never issues contradictory PD controls during a cycle.,G ((PDcontrolX & F EndCycle) -> !PDcontrolContraX U EndCycle),G !(PDcontrolContraX & PDcontrolX),False
BASIC,90,The SL never issues contradictory PD controls during a cycle.,G ((PDcontrolX & F EndCycle) -> !PDcontrolContraX U EndCycle),G !(PDcontrolContraX & PDcontrolX),False
BASIC,90,The SL never issues contradictory PD controls during a cycle.,G ((PDcontrolX & F EndCycle) -> !PDcontrolContraX U EndCycle),G !(PDcontrolContraX & PDcontrolX),False
BASIC,90,The SL never issues contradictory PD controls during a cycle.,G ((PDcontrolX & F EndCycle) -> !PDcontrolContraX U EndCycle),G !(PDcontrolContraX & PDcontrolX),False
BASIC,90,The SL never issues contradictory PD controls during a cycle.,G ((PDcontrolX & F EndCycle) -> !PDcontrolContraX U EndCycle),G !(PDcontrolContraX & PDcontrolX),False
BASIC,90,The SL never issues contradictory PD controls during a cycle.,G ((PDcontrolX & F EndCycle) -> !PDcontrolContraX U EndCycle),G !(PDcontrolContraX & PDcontrolX),False
BASIC,90,The SL never issues contradictory PD controls during a cycle.,G ((PDcontrolX & F EndCycle) -> !PDcontrolContraX U EndCycle),G !(PDcontrolContraX & PDcontrolX),False
BASIC,90,The SL never issues contradictory PD controls during a cycle.,G ((PDcontrolX & F EndCycle) -> !PDcontrolContraX U EndCycle),G !(PDcontrolContraX & PDcontrolX),False
BASIC,90,The SL never issues contradictory PD controls during a cycle.,G ((PDcontrolX & F EndCycle) -> !PDcontrolContraX U EndCycle),G !(PDcontrolContraX & PDcontrolX),False
BASIC,90,The SL never issues contradictory PD controls during a cycle.,G ((PDcontrolX & F EndCycle) -> !PDcontrolContraX U EndCycle),G !(PDcontrolContraX & PDcontrolX),False
BASIC,90,The SL never issues contradictory PD controls during a cycle.,G ((PDcontrolX & F EndCycle) -> !PDcontrolContraX U EndCycle),G !(PDcontrolContraX & PDcontrolX),False
BASIC,90,The SL never issues contradictory PD controls during a cycle.,G ((PDcontrolX & F EndCycle) -> !PDcontrolContraX U EndCycle),G !(PDcontrolContraX & PDcontrolX),False
BASIC,90,The SL never issues contradictory PD controls during a cycle.,G ((PDcontrolX & F EndCycle) -> !PDcontrolContraX U EndCycle),G !(PDcontrolContraX & PDcontrolX),False
BASIC,90,The SL never issues contradictory PD controls during a cycle.,G ((PDcontrolX & F EndCycle) -> !PDcontrolContraX U EndCycle),G !(PDcontrolContraX & PDcontrolX),False
BASIC,90,The SL never issues contradictory PD controls during a cycle.,G ((PDcontrolX & F EndCycle) -> !PDcontrolContraX U EndCycle),G !(PDcontrolContraX),False
BASIC,90,The SL never issues contradictory PD controls during a cycle.,G ((PDcontrolX & F EndCycle) -> !PDcontrolContraX U EndCycle),G !(PDcontrolContraX & PDcontrolX),False
BASIC,90,The SL never issues contradictory PD controls during a cycle.,G ((PDcontrolX & F EndCycle) -> !PDcontrolContraX U EndCycle),G !(PDcontrolContraX & PDcontrolX),False
BASIC,90,The SL never issues contradictory PD controls during a cycle.,G ((PDcontrolX & F EndCycle) -> !PDcontrolContraX U EndCycle),G !(PDcontrolContraX & PDcontrolX),False
BASIC,90,The SL never issues contradictory PD controls during a cycle.,G ((PDcontrolX & F EndCycle) -> !PDcontrolContraX U EndCycle),G !(PDcontrolContraX & PDcontrolX),False
BASIC,90,The SL never issues contradictory PD controls during a cycle.,G ((PDcontrolX & F EndCycle) -> !PDcontrolContraX U EndCycle),G !(PDcontrolContraX & PDcontrolX),False
BASIC,90,The SL never issues contradictory PD controls during a cycle.,G ((PDcontrolX & F EndCycle) -> !PDcontrolContraX U EndCycle),G !(PDcontrolContraX & PDcontrolX),False
BASIC,90,The SL never issues contradictory PD controls during a cycle.,G ((PDcontrolX & F EndCycle) -> !PDcontrolContraX U EndCycle),G !(PDcontrolContraX),False
BASIC,90,The SL never issues contradictory PD controls during a cycle.,G ((PDcontrolX & F EndCycle) -> !PDcontrolContraX U EndCycle),G !(PDcontrolContraX),False
BASIC,90,The SL never issues contradictory PD controls during a cycle.,G ((PDcontrolX & F EndCycle) -> !PDcontrolContraX U EndCycle),G !(PDcontrolContraX & PDcontrolX),False
BASIC,90,The SL never issues contradictory PD controls during a cycle.,G ((PDcontrolX & F EndCycle) -> !PDcontrolContraX U EndCycle),G !(PDcontrolContraX & PDcontrolX),False
BASIC,90,The SL never issues contradictory PD controls during a cycle.,G ((PDcontrolX & F EndCycle) -> !PDcontrolContraX U EndCycle),G !(PDcontrolContraX & PDcontrolX),False
BASIC,90,The SL never issues contradictory PD controls during a cycle.,G ((PDcontrolX & F EndCycle) -> !PDcontrolContraX U EndCycle),G !(PDcontrolContraX & PDcontrolX),False
BASIC,90,The SL never issues contradictory PD controls during a cycle.,G ((PDcontrolX & F EndCycle) -> !PDcontrolContraX U EndCycle),G !(PDcontrolContraX & PDcontrolX),False
BASIC,90,The SL never issues contradictory PD controls during a cycle.,G ((PDcontrolX & F EndCycle) -> !PDcontrolContraX U EndCycle),G !(PDcontrolContraX),False
BASIC,90,The SL never issues contradictory PD controls during a cycle.,G ((PDcontrolX & F EndCycle) -> !PDcontrolContraX U EndCycle),G !(PDcontrolContraX),False
BASIC,90,The SL never issues contradictory PD controls during a cycle.,G ((PDcontrolX & F EndCycle) -> !PDcontrolContraX U EndCycle),G !(PDcontrolContraX),False
BASIC,90,The SL never issues contradictory PD controls during a cycle.,G ((PDcontrolX & F EndCycle) -> !PDcontrolContraX U EndCycle),G !(PDcontrolContraX & PDcontrolX),False
BASIC,90,The SL never issues contradictory PD controls during a cycle.,G ((PDcontrolX & F EndCycle) -> !PDcontrolContraX U EndCycle),G !(PDcontrolContraX & PDcontrolX),False
BASIC,90,The SL never issues contradictory PD controls during a cycle.,G ((PDcontrolX & F EndCycle) -> !PDcontrolContraX U EndCycle),G !(PDcontrolContraX & PDcontrolX),False
BASIC,90,The SL never issues contradictory PD controls during a cycle.,G ((PDcontrolX & F EndCycle) -> !PDcontrolContraX U EndCycle),G !(PDcontrolContraX & PDcontrolX),False
BASIC,90,The SL never issues contradictory PD controls during a cycle.,G ((PDcontrolX & F EndCycle) -> !PDcontrolContraX U EndCycle),G !(PDcontrolContraX),False
BASIC,90,The SL never issues contradictory PD controls during a cycle.,G ((PDcontrolX & F EndCycle) -> !PDcontrolContraX U EndCycle),G !(PDcontrolContraX),False
BASIC,90,The SL never issues contradictory PD controls during a cycle.,G ((PDcontrolX & F EndCycle) -> !PDcontrolContraX U EndCycle),G !(PDcontrolContraX & PDcontrolX),False
BASIC,90,The SL never issues contradictory PD controls during a cycle.,G ((PDcontrolX & F EndCycle) -> !PDcontrolContraX U EndCycle),G !(PDcontrolContraX),False
BASIC,90,The SL never issues contradictory PD controls during a cycle.,G ((PDcontrolX & F EndCycle) -> !PDcontrolContraX U EndCycle),G !(PDcontrolContraX & PDcontrolX),False
BASIC,90,The SL never issues contradictory PD controls during a cycle.,G ((PDcontrolX & F EndCycle) -> !PDcontrolContraX U EndCycle),G !(PDcontrolContraX & PDcontrolX),False
BASIC,90,The SL never issues contradictory PD controls during a cycle.,G ((PDcontrolX & F EndCycle) -> !PDcontrolContraX U EndCycle),G !(PDcontrolContraX),False
BASIC,90,The SL never issues contradictory PD controls during a cycle.,G ((PDcontrolX & F EndCycle) -> !PDcontrolContraX U EndCycle),G !(PDcontrolContraX),False
BASIC,90,The SL never issues contradictory PD controls during a cycle.,G ((PDcontrolX & F EndCycle) -> !PDcontrolContraX U EndCycle),G !(PDcontrolContraX & PDcontrolX),False
BASIC,90,The SL never issues contradictory PD controls during a cycle.,G ((PDcontrolX & F EndCycle) -> !PDcontrolContraX U EndCycle),G !(PDcontrolContraX),False
BASIC,90,The SL never issues contradictory PD controls during a cycle.,G ((PDcontrolX & F EndCycle) -> !PDcontrolContraX U EndCycle),G !(PDcontrolContraX),False
BASIC,90,The SL never issues contradictory PD controls during a cycle.,G ((PDcontrolX & F EndCycle) -> !PDcontrolContraX U EndCycle),G !(PDcontrolContraX & PDcontrolX),False
BASIC,90,The SL never issues contradictory PD controls during a cycle.,G ((PDcontrolX & F EndCycle) -> !PDcontrolContraX U EndCycle),G !(PDcontrolContraX & PDcontrolX),False
BASIC,90,The SL never issues contradictory PD controls during a cycle.,G ((PDcontrolX & F EndCycle) -> !PDcontrolContraX U EndCycle),G !(PDcontrolContraX),False
BASIC,90,The SL never issues contradictory PD controls during a cycle.,G ((PDcontrolX & F EndCycle) -> !PDcontrolContraX U EndCycle),G !(PDcontrolContraX & PDcontrolX),False
BASIC,90,The SL never issues contradictory PD controls during a cycle.,G ((PDcontrolX & F EndCycle) -> !PDcontrolContraX U EndCycle),G !(PDcontrolContraX),False
BASIC,90,The SL never issues contradictory PD controls during a cycle.,G ((PDcontrolX & F EndCycle) -> !PDcontrolContraX U EndCycle),G !(PDcontrolContraX & PDcontrolX),False
BASIC,90,The SL never issues contradictory PD controls during a cycle.,G ((PDcontrolX & F EndCycle) -> !PDcontrolContraX U EndCycle),G !(PDcontrolContraX),False
BASIC,90,The SL never issues contradictory PD controls during a cycle.,G ((PDcontrolX & F EndCycle) -> !PDcontrolContraX U EndCycle),G !(PDcontrolContraX & PDcontrolX),False
BASIC,90,The SL never issues contradictory PD controls during a cycle.,G ((PDcontrolX & F EndCycle) -> !PDcontrolContraX U EndCycle),G !(PDcontrolContraX & PDcontrolX),False
BASIC,90,The SL never issues contradictory PD controls during a cycle.,G ((PDcontrolX & F EndCycle) -> !PDcontrolContraX U EndCycle),G !(PDcontrolContraX & PDcontrolX),False
BASIC,90,The SL never issues contradictory PD controls during a cycle.,G ((PDcontrolX & F EndCycle) -> !PDcontrolContraX U EndCycle),G !(PDcontrolContraX),False
BASIC,90,The SL never issues contradictory PD controls during a cycle.,G ((PDcontrolX & F EndCycle) -> !PDcontrolContraX U EndCycle),G !(PDcontrolContraX & PDcontrolX),False
BASIC,90,The SL never issues contradictory PD controls during a cycle.,G ((PDcontrolX & F EndCycle) -> !PDcontrolContraX U EndCycle),G !(PDcontrolContraX),False
BASIC,90,The SL never issues contradictory PD controls during a cycle.,G ((PDcontrolX & F EndCycle) -> !PDcontrolContraX U EndCycle),G !(PDcontrolContraX & PDcontrolX),False
BASIC,90,The SL never issues contradictory PD controls during a cycle.,G ((PDcontrolX & F EndCycle) -> !PDcontrolContraX U EndCycle),G !(PDcontrolContraX & PDcontrolX),False
BASIC,90,The SL never issues contradictory PD controls during a cycle.,G ((PDcontrolX & F EndCycle) -> !PDcontrolContraX U EndCycle),G !(PDcontrolContraX & PDcontrolX),False
BASIC,90,The SL never issues contradictory PD controls during a cycle.,G ((PDcontrolX & F EndCycle) -> !PDcontrolContraX U EndCycle),G !(PDcontrolContraX & PDcontrolX),False
BASIC,90,The SL never issues contradictory PD controls during a cycle.,G ((PDcontrolX & F EndCycle) -> !PDcontrolContraX U EndCycle),G !(PDcontrolContraX & PDcontrolX),False
BASIC,90,The SL never issues contradictory PD controls during a cycle.,G ((PDcontrolX & F EndCycle) -> !PDcontrolContraX U EndCycle),G !(PDcontrolContraX),False
BASIC,90,The SL never issues contradictory PD controls during a cycle.,G ((PDcontrolX & F EndCycle) -> !PDcontrolContraX U EndCycle),G !(PDcontrolContraX & PDcontrolX),False
BASIC,90,The SL never issues contradictory PD controls during a cycle.,G ((PDcontrolX & F EndCycle) -> !PDcontrolContraX U EndCycle),G !(PDcontrolContraX),False
BASIC,90,The SL never issues contradictory PD controls during a cycle.,G ((PDcontrolX & F EndCycle) -> !PDcontrolContraX U EndCycle),G !(PDcontrolContraX & PDcontrolX),False
BASIC,90,The SL never issues contradictory PD controls during a cycle.,G ((PDcontrolX & F EndCycle) -> !PDcontrolContraX U EndCycle),G !(PDcontrolContraX),False
BASIC,90,The SL never issues contradictory PD controls during a cycle.,G ((PDcontrolX & F EndCycle) -> !PDcontrolContraX U EndCycle),G !(PDcontrolContraX),False
BASIC,90,The SL never issues contradictory PD controls during a cycle.,G ((PDcontrolX & F EndCycle) -> !PDcontrolContraX U EndCycle),G !(PDcontrolContraX & PDcontrolX),False
BASIC,90,The SL never issues contradictory PD controls during a cycle.,G ((PDcontrolX & F EndCycle) -> !PDcontrolContraX U EndCycle),G !(PDcontrolContraX & PDcontrolX),False
BASIC,90,The SL never issues contradictory PD controls during a cycle.,G ((PDcontrolX & F EndCycle) -> !PDcontrolContraX U EndCycle),G !(PDcontrolContraX),False
BASIC,90,The SL never issues contradictory PD controls during a cycle.,G ((PDcontrolX & F EndCycle) -> !PDcontrolContraX U EndCycle),G !(PDcontrolContraX & PDcontrolX),False
BASIC,90,The SL never issues contradictory PD controls during a cycle.,G ((PDcontrolX & F EndCycle) -> !PDcontrolContraX U EndCycle),G !(PDcontrolContraX & PDcontrolX),False
BASIC,90,The SL never issues contradictory PD controls during a cycle.,G ((PDcontrolX & F EndCycle) -> !PDcontrolContraX U EndCycle),G !(PDcontrolContraX),False
BASIC,90,The SL never issues contradictory PD controls during a cycle.,G ((PDcontrolX & F EndCycle) -> !PDcontrolContraX U EndCycle),G !(PDcontrolContraX & PDcontrolX),False
BASIC,90,The SL never issues contradictory PD controls during a cycle.,G ((PDcontrolX & F EndCycle) -> !PDcontrolContraX U EndCycle),G !(PDcontrolContraX),False
BASIC,90,The SL never issues contradictory PD controls during a cycle.,G ((PDcontrolX & F EndCycle) -> !PDcontrolContraX U EndCycle),G !(PDcontrolContraX & PDcontrolX),False
BASIC,90,The SL never issues contradictory PD controls during a cycle.,G ((PDcontrolX & F EndCycle) -> !PDcontrolContraX U EndCycle),G !(PDcontrolContraX),False
BASIC,90,The SL never issues contradictory PD controls during a cycle.,G ((PDcontrolX & F EndCycle) -> !PDcontrolContraX U EndCycle),G !(PDcontrolContraX & PDcontrolX),False
BASIC,90,The SL never issues contradictory PD controls during a cycle.,G ((PDcontrolX & F EndCycle) -> !PDcontrolContraX U EndCycle),G !(PDcontrolContraX),False
BASIC,90,The SL never issues contradictory PD controls during a cycle.,G ((PDcontrolX & F EndCycle) -> !PDcontrolContraX U EndCycle),G !(PDcontrolContraX & PDcontrolX),False
BASIC,90,The SL never issues contradictory PD controls during a cycle.,G ((PDcontrolX & F EndCycle) -> !PDcontrolContraX U EndCycle),G !(PDcontrolContraX & PDcontrolX),False
BASIC,90,The SL never issues contradictory PD controls during a cycle.,G ((PDcontrolX & F EndCycle) -> !PDcontrolContraX U EndCycle),G !(PDcontrolContraX),False
BASIC,90,The SL never issues contradictory PD controls during a cycle.,G ((PDcontrolX & F EndCycle) -> !PDcontrolContraX U EndCycle),G !(PDcontrolContraX & PDcontrolX),False
