PROMPTTYPE,Index,Requirement,Ground Truth,Response,Equivalent
ADARULE,6,The autopilot shall change states from TRANSITION to STANDBY when the pilot is in control (standby).,G(standby -> F(state_is_STANDBY)),G(standby -> F(state_is_STANDBY)),True
ADARULE,6,The autopilot shall change states from TRANSITION to STANDBY when the pilot is in control (standby).,G(standby -> F(state_is_STANDBY)),G(standby -> F(state_is_STANDBY)),True
ADARULE,6,The autopilot shall change states from TRANSITION to STANDBY when the pilot is in control (standby).,G(standby -> F(state_is_STANDBY)),G(standby -> F(state_is_STANDBY)),True
ADARULE,6,The autopilot shall change states from TRANSITION to STANDBY when the pilot is in control (standby).,G(standby -> F(state_is_STANDBY)),G(standby -> F(state_is_STANDBY)),True
ADARULE,6,The autopilot shall change states from TRANSITION to STANDBY when the pilot is in control (standby).,G(standby -> F(state_is_STANDBY)),G(standby -> X state_is_STANDBY),False
ADARULE,6,The autopilot shall change states from TRANSITION to STANDBY when the pilot is in control (standby).,G(standby -> F(state_is_STANDBY)),G(standby -> X state_is_STANDBY),False
ADARULE,6,The autopilot shall change states from TRANSITION to STANDBY when the pilot is in control (standby).,G(standby -> F(state_is_STANDBY)),G(standby -> F(state_is_STANDBY)),True
ADARULE,6,The autopilot shall change states from TRANSITION to STANDBY when the pilot is in control (standby).,G(standby -> F(state_is_STANDBY)),G(standby -> F(state_is_STANDBY)),True
ADARULE,6,The autopilot shall change states from TRANSITION to STANDBY when the pilot is in control (standby).,G(standby -> F(state_is_STANDBY)),G(standby -> F(state_is_STANDBY)),True
ADARULE,6,The autopilot shall change states from TRANSITION to STANDBY when the pilot is in control (standby).,G(standby -> F(state_is_STANDBY)),G(standby -> X state_is_STANDBY),False
ADARULE,6,The autopilot shall change states from TRANSITION to STANDBY when the pilot is in control (standby).,G(standby -> F(state_is_STANDBY)),G(standby -> X state_is_STANDBY),False
ADARULE,6,The autopilot shall change states from TRANSITION to STANDBY when the pilot is in control (standby).,G(standby -> F(state_is_STANDBY)),G(standby -> X state_is_STANDBY),False
ADARULE,6,The autopilot shall change states from TRANSITION to STANDBY when the pilot is in control (standby).,G(standby -> F(state_is_STANDBY)),G(standby -> F(state_is_STANDBY)),True
ADARULE,6,The autopilot shall change states from TRANSITION to STANDBY when the pilot is in control (standby).,G(standby -> F(state_is_STANDBY)),G(standby -> F(state_is_STANDBY)),True
ADARULE,6,The autopilot shall change states from TRANSITION to STANDBY when the pilot is in control (standby).,G(standby -> F(state_is_STANDBY)),G(standby -> F(state_is_STANDBY)),True
ADARULE,6,The autopilot shall change states from TRANSITION to STANDBY when the pilot is in control (standby).,G(standby -> F(state_is_STANDBY)),G(standby -> X state_is_STANDBY),False
ADARULE,6,The autopilot shall change states from TRANSITION to STANDBY when the pilot is in control (standby).,G(standby -> F(state_is_STANDBY)),G(standby -> X state_is_STANDBY),False
ADARULE,6,The autopilot shall change states from TRANSITION to STANDBY when the pilot is in control (standby).,G(standby -> F(state_is_STANDBY)),G(standby -> F(state_is_STANDBY)),True
ADARULE,6,The autopilot shall change states from TRANSITION to STANDBY when the pilot is in control (standby).,G(standby -> F(state_is_STANDBY)),G(standby -> F(state_is_STANDBY)),True
ADARULE,6,The autopilot shall change states from TRANSITION to STANDBY when the pilot is in control (standby).,G(standby -> F(state_is_STANDBY)),G(standby -> F(state_is_STANDBY)),True
ADARULE,6,The autopilot shall change states from TRANSITION to STANDBY when the pilot is in control (standby).,G(standby -> F(state_is_STANDBY)),G(standby -> X state_is_STANDBY),False
ADARULE,6,The autopilot shall change states from TRANSITION to STANDBY when the pilot is in control (standby).,G(standby -> F(state_is_STANDBY)),G(standby -> X state_is_STANDBY),False
ADARULE,6,The autopilot shall change states from TRANSITION to STANDBY when the pilot is in control (standby).,G(standby -> F(state_is_STANDBY)),G(standby -> X state_is_STANDBY),False
ADARULE,6,The autopilot shall change states from TRANSITION to STANDBY when the pilot is in control (standby).,G(standby -> F(state_is_STANDBY)),G(standby -> X state_is_STANDBY),False
ADARULE,6,The autopilot shall change states from TRANSITION to STANDBY when the pilot is in control (standby).,G(standby -> F(state_is_STANDBY)),G(standby -> X state_is_STANDBY),False
ADARULE,6,The autopilot shall change states from TRANSITION to STANDBY when the pilot is in control (standby).,G(standby -> F(state_is_STANDBY)),G(standby -> X state_is_STANDBY),False
ADARULE,6,The autopilot shall change states from TRANSITION to STANDBY when the pilot is in control (standby).,G(standby -> F(state_is_STANDBY)),G(standby -> F(state_is_STANDBY)),True
ADARULE,6,The autopilot shall change states from TRANSITION to STANDBY when the pilot is in control (standby).,G(standby -> F(state_is_STANDBY)),G(standby -> F(state_is_STANDBY)),True
ADARULE,6,The autopilot shall change states from TRANSITION to STANDBY when the pilot is in control (standby).,G(standby -> F(state_is_STANDBY)),G(standby -> F(state_is_STANDBY)),True
ADARULE,6,The autopilot shall change states from TRANSITION to STANDBY when the pilot is in control (standby).,G(standby -> F(state_is_STANDBY)),G(standby -> X state_is_STANDBY),False
ADARULE,6,The autopilot shall change states from TRANSITION to STANDBY when the pilot is in control (standby).,G(standby -> F(state_is_STANDBY)),G(standby -> X state_is_STANDBY),False
ADARULE,6,The autopilot shall change states from TRANSITION to STANDBY when the pilot is in control (standby).,G(standby -> F(state_is_STANDBY)),G(standby -> F(state_is_STANDBY)),True
ADARULE,6,The autopilot shall change states from TRANSITION to STANDBY when the pilot is in control (standby).,G(standby -> F(state_is_STANDBY)),G(standby -> F(state_is_STANDBY)),True
ADARULE,6,The autopilot shall change states from TRANSITION to STANDBY when the pilot is in control (standby).,G(standby -> F(state_is_STANDBY)),G(standby -> F(state_is_STANDBY)),True
ADARULE,6,The autopilot shall change states from TRANSITION to STANDBY when the pilot is in control (standby).,G(standby -> F(state_is_STANDBY)),G(standby -> F(state_is_STANDBY)),True
ADARULE,6,The autopilot shall change states from TRANSITION to STANDBY when the pilot is in control (standby).,G(standby -> F(state_is_STANDBY)),G(standby -> X state_is_STANDBY),False
ADARULE,6,The autopilot shall change states from TRANSITION to STANDBY when the pilot is in control (standby).,G(standby -> F(state_is_STANDBY)),G(standby -> F(state_is_STANDBY)),True
ADARULE,6,The autopilot shall change states from TRANSITION to STANDBY when the pilot is in control (standby).,G(standby -> F(state_is_STANDBY)),G(standby -> F(state_is_STANDBY)),True
ADARULE,6,The autopilot shall change states from TRANSITION to STANDBY when the pilot is in control (standby).,G(standby -> F(state_is_STANDBY)),G(standby -> X state_is_STANDBY),False
ADARULE,6,The autopilot shall change states from TRANSITION to STANDBY when the pilot is in control (standby).,G(standby -> F(state_is_STANDBY)),G(standby -> X state_is_STANDBY),False
ADARULE,6,The autopilot shall change states from TRANSITION to STANDBY when the pilot is in control (standby).,G(standby -> F(state_is_STANDBY)),G(standby -> X state_is_STANDBY),False
ADARULE,6,The autopilot shall change states from TRANSITION to STANDBY when the pilot is in control (standby).,G(standby -> F(state_is_STANDBY)),G(standby -> X state_is_STANDBY),False
ADARULE,6,The autopilot shall change states from TRANSITION to STANDBY when the pilot is in control (standby).,G(standby -> F(state_is_STANDBY)),G(standby -> X state_is_STANDBY),False
ADARULE,6,The autopilot shall change states from TRANSITION to STANDBY when the pilot is in control (standby).,G(standby -> F(state_is_STANDBY)),G(standby -> X state_is_STANDBY),False
ADARULE,6,The autopilot shall change states from TRANSITION to STANDBY when the pilot is in control (standby).,G(standby -> F(state_is_STANDBY)),G(standby -> X state_is_STANDBY),False
ADARULE,6,The autopilot shall change states from TRANSITION to STANDBY when the pilot is in control (standby).,G(standby -> F(state_is_STANDBY)),G(standby -> X state_is_STANDBY),False
ADARULE,6,The autopilot shall change states from TRANSITION to STANDBY when the pilot is in control (standby).,G(standby -> F(state_is_STANDBY)),G(standby -> F(state_is_STANDBY)),True
ADARULE,6,The autopilot shall change states from TRANSITION to STANDBY when the pilot is in control (standby).,G(standby -> F(state_is_STANDBY)),G(standby -> F(state_is_STANDBY)),True
ADARULE,6,The autopilot shall change states from TRANSITION to STANDBY when the pilot is in control (standby).,G(standby -> F(state_is_STANDBY)),G(standby -> F(state_is_STANDBY)),True
ADARULE,6,The autopilot shall change states from TRANSITION to STANDBY when the pilot is in control (standby).,G(standby -> F(state_is_STANDBY)),G(standby -> F(state_is_STANDBY)),True
ADARULE,6,The autopilot shall change states from TRANSITION to STANDBY when the pilot is in control (standby).,G(standby -> F(state_is_STANDBY)),G(standby -> F(state_is_STANDBY)),True
ADARULE,6,The autopilot shall change states from TRANSITION to STANDBY when the pilot is in control (standby).,G(standby -> F(state_is_STANDBY)),G(standby -> F(state_is_STANDBY)),True
ADARULE,6,The autopilot shall change states from TRANSITION to STANDBY when the pilot is in control (standby).,G(standby -> F(state_is_STANDBY)),G(standby -> F(state_is_STANDBY)),True
ADARULE,6,The autopilot shall change states from TRANSITION to STANDBY when the pilot is in control (standby).,G(standby -> F(state_is_STANDBY)),G(standby -> F(state_is_STANDBY)),True
ADARULE,6,The autopilot shall change states from TRANSITION to STANDBY when the pilot is in control (standby).,G(standby -> F(state_is_STANDBY)),G(standby -> F(state_is_STANDBY)),True
ADARULE,6,The autopilot shall change states from TRANSITION to STANDBY when the pilot is in control (standby).,G(standby -> F(state_is_STANDBY)),G(standby -> F(state_is_STANDBY)),True
ADARULE,6,The autopilot shall change states from TRANSITION to STANDBY when the pilot is in control (standby).,G(standby -> F(state_is_STANDBY)),G(standby -> F(state_is_STANDBY)),True
ADARULE,6,The autopilot shall change states from TRANSITION to STANDBY when the pilot is in control (standby).,G(standby -> F(state_is_STANDBY)),G(standby -> F(state_is_STANDBY)),True
ADARULE,6,The autopilot shall change states from TRANSITION to STANDBY when the pilot is in control (standby).,G(standby -> F(state_is_STANDBY)),G(standby -> F(state_is_STANDBY)),True
ADARULE,6,The autopilot shall change states from TRANSITION to STANDBY when the pilot is in control (standby).,G(standby -> F(state_is_STANDBY)),G(standby -> F(state_is_STANDBY)),True
ADARULE,6,The autopilot shall change states from TRANSITION to STANDBY when the pilot is in control (standby).,G(standby -> F(state_is_STANDBY)),G(standby -> F(state_is_STANDBY)),True
ADARULE,6,The autopilot shall change states from TRANSITION to STANDBY when the pilot is in control (standby).,G(standby -> F(state_is_STANDBY)),G(standby -> F(state_is_STANDBY)),True
ADARULE,6,The autopilot shall change states from TRANSITION to STANDBY when the pilot is in control (standby).,G(standby -> F(state_is_STANDBY)),G(standby -> F(state_is_STANDBY)),True
ADARULE,6,The autopilot shall change states from TRANSITION to STANDBY when the pilot is in control (standby).,G(standby -> F(state_is_STANDBY)),G(standby -> F(state_is_STANDBY)),True
ADARULE,6,The autopilot shall change states from TRANSITION to STANDBY when the pilot is in control (standby).,G(standby -> F(state_is_STANDBY)),G(standby -> F(state_is_STANDBY)),True
ADARULE,6,The autopilot shall change states from TRANSITION to STANDBY when the pilot is in control (standby).,G(standby -> F(state_is_STANDBY)),G(standby -> F(state_is_STANDBY)),True
ADARULE,6,The autopilot shall change states from TRANSITION to STANDBY when the pilot is in control (standby).,G(standby -> F(state_is_STANDBY)),G(standby -> X state_is_STANDBY),False
ADARULE,6,The autopilot shall change states from TRANSITION to STANDBY when the pilot is in control (standby).,G(standby -> F(state_is_STANDBY)),G(standby -> X state_is_STANDBY),False
ADARULE,6,The autopilot shall change states from TRANSITION to STANDBY when the pilot is in control (standby).,G(standby -> F(state_is_STANDBY)),G(standby -> X state_is_STANDBY),False
ADARULE,6,The autopilot shall change states from TRANSITION to STANDBY when the pilot is in control (standby).,G(standby -> F(state_is_STANDBY)),G(standby -> X state_is_STANDBY),False
ADARULE,6,The autopilot shall change states from TRANSITION to STANDBY when the pilot is in control (standby).,G(standby -> F(state_is_STANDBY)),G(standby -> X state_is_STANDBY),False
ADARULE,6,The autopilot shall change states from TRANSITION to STANDBY when the pilot is in control (standby).,G(standby -> F(state_is_STANDBY)),G(standby -> F(state_is_STANDBY)),True
ADARULE,6,The autopilot shall change states from TRANSITION to STANDBY when the pilot is in control (standby).,G(standby -> F(state_is_STANDBY)),G(standby -> F(state_is_STANDBY)),True
ADARULE,6,The autopilot shall change states from TRANSITION to STANDBY when the pilot is in control (standby).,G(standby -> F(state_is_STANDBY)),G(standby -> F(state_is_STANDBY)),True
ADARULE,6,The autopilot shall change states from TRANSITION to STANDBY when the pilot is in control (standby).,G(standby -> F(state_is_STANDBY)),G(standby -> F(state_is_STANDBY)),True
ADARULE,6,The autopilot shall change states from TRANSITION to STANDBY when the pilot is in control (standby).,G(standby -> F(state_is_STANDBY)),G(standby -> F(state_is_STANDBY)),True
ADARULE,6,The autopilot shall change states from TRANSITION to STANDBY when the pilot is in control (standby).,G(standby -> F(state_is_STANDBY)),G(standby -> F(state_is_STANDBY)),True
ADARULE,6,The autopilot shall change states from TRANSITION to STANDBY when the pilot is in control (standby).,G(standby -> F(state_is_STANDBY)),G(standby -> F(state_is_STANDBY)),True
ADARULE,6,The autopilot shall change states from TRANSITION to STANDBY when the pilot is in control (standby).,G(standby -> F(state_is_STANDBY)),G(standby -> F(state_is_STANDBY)),True
ADARULE,6,The autopilot shall change states from TRANSITION to STANDBY when the pilot is in control (standby).,G(standby -> F(state_is_STANDBY)),G(standby -> F(state_is_STANDBY)),True
ADARULE,6,The autopilot shall change states from TRANSITION to STANDBY when the pilot is in control (standby).,G(standby -> F(state_is_STANDBY)),G(standby -> X state_is_STANDBY),False
ADARULE,6,The autopilot shall change states from TRANSITION to STANDBY when the pilot is in control (standby).,G(standby -> F(state_is_STANDBY)),G(standby -> F(state_is_STANDBY)),True
ADARULE,6,The autopilot shall change states from TRANSITION to STANDBY when the pilot is in control (standby).,G(standby -> F(state_is_STANDBY)),G(standby -> F(state_is_STANDBY)),True
ADARULE,6,The autopilot shall change states from TRANSITION to STANDBY when the pilot is in control (standby).,G(standby -> F(state_is_STANDBY)),G(standby -> F(state_is_STANDBY)),True
ADARULE,6,The autopilot shall change states from TRANSITION to STANDBY when the pilot is in control (standby).,G(standby -> F(state_is_STANDBY)),G(standby -> F(state_is_STANDBY)),True
ADARULE,6,The autopilot shall change states from TRANSITION to STANDBY when the pilot is in control (standby).,G(standby -> F(state_is_STANDBY)),G(standby -> F(state_is_STANDBY)),True
ADARULE,6,The autopilot shall change states from TRANSITION to STANDBY when the pilot is in control (standby).,G(standby -> F(state_is_STANDBY)),G(standby -> F(state_is_STANDBY)),True
ADARULE,6,The autopilot shall change states from TRANSITION to STANDBY when the pilot is in control (standby).,G(standby -> F(state_is_STANDBY)),G(standby -> F(state_is_STANDBY)),True
ADARULE,6,The autopilot shall change states from TRANSITION to STANDBY when the pilot is in control (standby).,G(standby -> F(state_is_STANDBY)),G(standby -> F(state_is_STANDBY)),True
ADARULE,6,The autopilot shall change states from TRANSITION to STANDBY when the pilot is in control (standby).,G(standby -> F(state_is_STANDBY)),G(standby -> F(state_is_STANDBY)),True
ADARULE,6,The autopilot shall change states from TRANSITION to STANDBY when the pilot is in control (standby).,G(standby -> F(state_is_STANDBY)),G(standby -> F(state_is_STANDBY)),True
ADARULE,6,The autopilot shall change states from TRANSITION to STANDBY when the pilot is in control (standby).,G(standby -> F(state_is_STANDBY)),G(standby -> F(state_is_STANDBY)),True
ADARULE,6,The autopilot shall change states from TRANSITION to STANDBY when the pilot is in control (standby).,G(standby -> F(state_is_STANDBY)),G(standby -> F(state_is_STANDBY)),True
ADARULE,6,The autopilot shall change states from TRANSITION to STANDBY when the pilot is in control (standby).,G(standby -> F(state_is_STANDBY)),G(standby -> F(state_is_STANDBY)),True
ADARULE,6,The autopilot shall change states from TRANSITION to STANDBY when the pilot is in control (standby).,G(standby -> F(state_is_STANDBY)),G(standby -> F(state_is_STANDBY)),True
ADARULE,6,The autopilot shall change states from TRANSITION to STANDBY when the pilot is in control (standby).,G(standby -> F(state_is_STANDBY)),G(standby -> F(state_is_STANDBY)),True
ADARULE,6,The autopilot shall change states from TRANSITION to STANDBY when the pilot is in control (standby).,G(standby -> F(state_is_STANDBY)),G(standby -> F(state_is_STANDBY)),True
ADARULE,6,The autopilot shall change states from TRANSITION to STANDBY when the pilot is in control (standby).,G(standby -> F(state_is_STANDBY)),G(standby -> F(state_is_STANDBY)),True
ADARULE,6,The autopilot shall change states from TRANSITION to STANDBY when the pilot is in control (standby).,G(standby -> F(state_is_STANDBY)),G(standby -> F(state_is_STANDBY)),True
ADARULE,6,The autopilot shall change states from TRANSITION to STANDBY when the pilot is in control (standby).,G(standby -> F(state_is_STANDBY)),G(standby -> X state_is_STANDBY),False
ADARULE,9,The autopilot shall change states from NOMINAL to STANDBY when the pilot is in control (standby).,G(standby -> X(state_is_STANDBY)),G(standby -> X state_is_STANDBY),True
ADARULE,9,The autopilot shall change states from NOMINAL to STANDBY when the pilot is in control (standby).,G(standby -> X(state_is_STANDBY)),G(standby -> F(state_is_STANDBY)),False
ADARULE,9,The autopilot shall change states from NOMINAL to STANDBY when the pilot is in control (standby).,G(standby -> X(state_is_STANDBY)),G(standby -> F(state_is_STANDBY)),False
ADARULE,9,The autopilot shall change states from NOMINAL to STANDBY when the pilot is in control (standby).,G(standby -> X(state_is_STANDBY)),G(standby -> X state_is_STANDBY),True
ADARULE,9,The autopilot shall change states from NOMINAL to STANDBY when the pilot is in control (standby).,G(standby -> X(state_is_STANDBY)),G(standby -> X state_is_STANDBY),True
ADARULE,9,The autopilot shall change states from NOMINAL to STANDBY when the pilot is in control (standby).,G(standby -> X(state_is_STANDBY)),G(standby -> X state_is_STANDBY),True
ADARULE,9,The autopilot shall change states from NOMINAL to STANDBY when the pilot is in control (standby).,G(standby -> X(state_is_STANDBY)),G(standby -> X state_is_STANDBY),True
ADARULE,9,The autopilot shall change states from NOMINAL to STANDBY when the pilot is in control (standby).,G(standby -> X(state_is_STANDBY)),G(standby -> X state_is_STANDBY),True
ADARULE,9,The autopilot shall change states from NOMINAL to STANDBY when the pilot is in control (standby).,G(standby -> X(state_is_STANDBY)),G(standby -> X state_is_STANDBY),True
ADARULE,9,The autopilot shall change states from NOMINAL to STANDBY when the pilot is in control (standby).,G(standby -> X(state_is_STANDBY)),G(standby -> X state_is_STANDBY),True
ADARULE,9,The autopilot shall change states from NOMINAL to STANDBY when the pilot is in control (standby).,G(standby -> X(state_is_STANDBY)),G(standby -> X state_is_STANDBY),True
ADARULE,9,The autopilot shall change states from NOMINAL to STANDBY when the pilot is in control (standby).,G(standby -> X(state_is_STANDBY)),G(standby -> X state_is_STANDBY),True
ADARULE,9,The autopilot shall change states from NOMINAL to STANDBY when the pilot is in control (standby).,G(standby -> X(state_is_STANDBY)),G(standby -> X state_is_STANDBY),True
ADARULE,9,The autopilot shall change states from NOMINAL to STANDBY when the pilot is in control (standby).,G(standby -> X(state_is_STANDBY)),G(standby -> X state_is_STANDBY),True
ADARULE,9,The autopilot shall change states from NOMINAL to STANDBY when the pilot is in control (standby).,G(standby -> X(state_is_STANDBY)),G(standby -> X state_is_STANDBY),True
ADARULE,9,The autopilot shall change states from NOMINAL to STANDBY when the pilot is in control (standby).,G(standby -> X(state_is_STANDBY)),G(standby -> X state_is_STANDBY),True
ADARULE,9,The autopilot shall change states from NOMINAL to STANDBY when the pilot is in control (standby).,G(standby -> X(state_is_STANDBY)),G(standby -> X state_is_STANDBY),True
ADARULE,9,The autopilot shall change states from NOMINAL to STANDBY when the pilot is in control (standby).,G(standby -> X(state_is_STANDBY)),G(standby -> X state_is_STANDBY),True
ADARULE,9,The autopilot shall change states from NOMINAL to STANDBY when the pilot is in control (standby).,G(standby -> X(state_is_STANDBY)),G(standby -> X state_is_STANDBY),True
ADARULE,9,The autopilot shall change states from NOMINAL to STANDBY when the pilot is in control (standby).,G(standby -> X(state_is_STANDBY)),G(standby -> X state_is_STANDBY),True
ADARULE,9,The autopilot shall change states from NOMINAL to STANDBY when the pilot is in control (standby).,G(standby -> X(state_is_STANDBY)),G(standby -> X state_is_STANDBY),True
ADARULE,9,The autopilot shall change states from NOMINAL to STANDBY when the pilot is in control (standby).,G(standby -> X(state_is_STANDBY)),G(standby -> X state_is_STANDBY),True
ADARULE,9,The autopilot shall change states from NOMINAL to STANDBY when the pilot is in control (standby).,G(standby -> X(state_is_STANDBY)),G(standby -> X state_is_STANDBY),True
ADARULE,9,The autopilot shall change states from NOMINAL to STANDBY when the pilot is in control (standby).,G(standby -> X(state_is_STANDBY)),G(standby -> X state_is_STANDBY),True
ADARULE,9,The autopilot shall change states from NOMINAL to STANDBY when the pilot is in control (standby).,G(standby -> X(state_is_STANDBY)),G(standby -> X state_is_STANDBY),True
ADARULE,9,The autopilot shall change states from NOMINAL to STANDBY when the pilot is in control (standby).,G(standby -> X(state_is_STANDBY)),G(standby -> X state_is_STANDBY),True
ADARULE,9,The autopilot shall change states from NOMINAL to STANDBY when the pilot is in control (standby).,G(standby -> X(state_is_STANDBY)),G(standby -> X state_is_STANDBY),True
ADARULE,9,The autopilot shall change states from NOMINAL to STANDBY when the pilot is in control (standby).,G(standby -> X(state_is_STANDBY)),G(standby -> X state_is_STANDBY),True
ADARULE,9,The autopilot shall change states from NOMINAL to STANDBY when the pilot is in control (standby).,G(standby -> X(state_is_STANDBY)),G(standby -> F(state_is_STANDBY)),False
ADARULE,9,The autopilot shall change states from NOMINAL to STANDBY when the pilot is in control (standby).,G(standby -> X(state_is_STANDBY)),G(standby -> F(state_is_STANDBY)),False
ADARULE,9,The autopilot shall change states from NOMINAL to STANDBY when the pilot is in control (standby).,G(standby -> X(state_is_STANDBY)),G(standby -> X state_is_STANDBY),True
ADARULE,9,The autopilot shall change states from NOMINAL to STANDBY when the pilot is in control (standby).,G(standby -> X(state_is_STANDBY)),G(standby -> X state_is_STANDBY),True
ADARULE,9,The autopilot shall change states from NOMINAL to STANDBY when the pilot is in control (standby).,G(standby -> X(state_is_STANDBY)),G(standby -> X state_is_STANDBY),True
ADARULE,9,The autopilot shall change states from NOMINAL to STANDBY when the pilot is in control (standby).,G(standby -> X(state_is_STANDBY)),G(standby -> X state_is_STANDBY),True
ADARULE,9,The autopilot shall change states from NOMINAL to STANDBY when the pilot is in control (standby).,G(standby -> X(state_is_STANDBY)),G(standby -> X state_is_STANDBY),True
ADARULE,9,The autopilot shall change states from NOMINAL to STANDBY when the pilot is in control (standby).,G(standby -> X(state_is_STANDBY)),G(standby -> X state_is_STANDBY),True
ADARULE,9,The autopilot shall change states from NOMINAL to STANDBY when the pilot is in control (standby).,G(standby -> X(state_is_STANDBY)),G(standby -> X state_is_STANDBY),True
ADARULE,9,The autopilot shall change states from NOMINAL to STANDBY when the pilot is in control (standby).,G(standby -> X(state_is_STANDBY)),G(standby -> X state_is_STANDBY),True
ADARULE,9,The autopilot shall change states from NOMINAL to STANDBY when the pilot is in control (standby).,G(standby -> X(state_is_STANDBY)),G(standby -> X state_is_STANDBY),True
ADARULE,9,The autopilot shall change states from NOMINAL to STANDBY when the pilot is in control (standby).,G(standby -> X(state_is_STANDBY)),G(standby -> X state_is_STANDBY),True
ADARULE,9,The autopilot shall change states from NOMINAL to STANDBY when the pilot is in control (standby).,G(standby -> X(state_is_STANDBY)),G(standby -> X state_is_STANDBY),True
ADARULE,9,The autopilot shall change states from NOMINAL to STANDBY when the pilot is in control (standby).,G(standby -> X(state_is_STANDBY)),G(standby -> X state_is_STANDBY),True
ADARULE,9,The autopilot shall change states from NOMINAL to STANDBY when the pilot is in control (standby).,G(standby -> X(state_is_STANDBY)),G(standby -> X state_is_STANDBY),True
ADARULE,9,The autopilot shall change states from NOMINAL to STANDBY when the pilot is in control (standby).,G(standby -> X(state_is_STANDBY)),G(standby -> X state_is_STANDBY),True
ADARULE,9,The autopilot shall change states from NOMINAL to STANDBY when the pilot is in control (standby).,G(standby -> X(state_is_STANDBY)),G(standby -> X state_is_STANDBY),True
ADARULE,9,The autopilot shall change states from NOMINAL to STANDBY when the pilot is in control (standby).,G(standby -> X(state_is_STANDBY)),G(standby -> X state_is_STANDBY),True
ADARULE,9,The autopilot shall change states from NOMINAL to STANDBY when the pilot is in control (standby).,G(standby -> X(state_is_STANDBY)),G(standby -> X state_is_STANDBY),True
ADARULE,9,The autopilot shall change states from NOMINAL to STANDBY when the pilot is in control (standby).,G(standby -> X(state_is_STANDBY)),G(standby -> X state_is_STANDBY),True
ADARULE,9,The autopilot shall change states from NOMINAL to STANDBY when the pilot is in control (standby).,G(standby -> X(state_is_STANDBY)),G(standby -> X state_is_STANDBY),True
ADARULE,9,The autopilot shall change states from NOMINAL to STANDBY when the pilot is in control (standby).,G(standby -> X(state_is_STANDBY)),G(standby -> X state_is_STANDBY),True
ADARULE,9,The autopilot shall change states from NOMINAL to STANDBY when the pilot is in control (standby).,G(standby -> X(state_is_STANDBY)),G(standby -> X state_is_STANDBY),True
ADARULE,9,The autopilot shall change states from NOMINAL to STANDBY when the pilot is in control (standby).,G(standby -> X(state_is_STANDBY)),G(standby -> X state_is_STANDBY),True
ADARULE,9,The autopilot shall change states from NOMINAL to STANDBY when the pilot is in control (standby).,G(standby -> X(state_is_STANDBY)),G(standby -> X state_is_STANDBY),True
ADARULE,9,The autopilot shall change states from NOMINAL to STANDBY when the pilot is in control (standby).,G(standby -> X(state_is_STANDBY)),G(standby -> F(state_is_STANDBY)),False
ADARULE,9,The autopilot shall change states from NOMINAL to STANDBY when the pilot is in control (standby).,G(standby -> X(state_is_STANDBY)),G(standby -> F(state_is_STANDBY)),False
ADARULE,9,The autopilot shall change states from NOMINAL to STANDBY when the pilot is in control (standby).,G(standby -> X(state_is_STANDBY)),G(standby -> X state_is_STANDBY),True
ADARULE,9,The autopilot shall change states from NOMINAL to STANDBY when the pilot is in control (standby).,G(standby -> X(state_is_STANDBY)),G(standby -> X state_is_STANDBY),True
ADARULE,9,The autopilot shall change states from NOMINAL to STANDBY when the pilot is in control (standby).,G(standby -> X(state_is_STANDBY)),G(standby -> X state_is_STANDBY),True
ADARULE,9,The autopilot shall change states from NOMINAL to STANDBY when the pilot is in control (standby).,G(standby -> X(state_is_STANDBY)),G(standby -> X state_is_STANDBY),True
ADARULE,9,The autopilot shall change states from NOMINAL to STANDBY when the pilot is in control (standby).,G(standby -> X(state_is_STANDBY)),G(standby -> X state_is_STANDBY),True
ADARULE,9,The autopilot shall change states from NOMINAL to STANDBY when the pilot is in control (standby).,G(standby -> X(state_is_STANDBY)),G(standby -> X state_is_STANDBY),True
ADARULE,9,The autopilot shall change states from NOMINAL to STANDBY when the pilot is in control (standby).,G(standby -> X(state_is_STANDBY)),G(standby -> X state_is_STANDBY),True
ADARULE,9,The autopilot shall change states from NOMINAL to STANDBY when the pilot is in control (standby).,G(standby -> X(state_is_STANDBY)),G(standby -> X state_is_STANDBY),True
ADARULE,9,The autopilot shall change states from NOMINAL to STANDBY when the pilot is in control (standby).,G(standby -> X(state_is_STANDBY)),G(standby -> X state_is_STANDBY),True
ADARULE,9,The autopilot shall change states from NOMINAL to STANDBY when the pilot is in control (standby).,G(standby -> X(state_is_STANDBY)),G(standby -> X state_is_STANDBY),True
ADARULE,9,The autopilot shall change states from NOMINAL to STANDBY when the pilot is in control (standby).,G(standby -> X(state_is_STANDBY)),G(standby -> F(state_is_STANDBY)),False
ADARULE,9,The autopilot shall change states from NOMINAL to STANDBY when the pilot is in control (standby).,G(standby -> X(state_is_STANDBY)),G(standby -> X state_is_STANDBY),True
ADARULE,9,The autopilot shall change states from NOMINAL to STANDBY when the pilot is in control (standby).,G(standby -> X(state_is_STANDBY)),G(standby -> F(state_is_STANDBY)),False
ADARULE,9,The autopilot shall change states from NOMINAL to STANDBY when the pilot is in control (standby).,G(standby -> X(state_is_STANDBY)),G(standby -> F(state_is_STANDBY)),False
ADARULE,9,The autopilot shall change states from NOMINAL to STANDBY when the pilot is in control (standby).,G(standby -> X(state_is_STANDBY)),G(standby -> X state_is_STANDBY),True
ADARULE,9,The autopilot shall change states from NOMINAL to STANDBY when the pilot is in control (standby).,G(standby -> X(state_is_STANDBY)),G(standby -> X state_is_STANDBY),True
ADARULE,9,The autopilot shall change states from NOMINAL to STANDBY when the pilot is in control (standby).,G(standby -> X(state_is_STANDBY)),G(standby -> X state_is_STANDBY),True
ADARULE,9,The autopilot shall change states from NOMINAL to STANDBY when the pilot is in control (standby).,G(standby -> X(state_is_STANDBY)),G(standby -> X state_is_STANDBY),True
ADARULE,9,The autopilot shall change states from NOMINAL to STANDBY when the pilot is in control (standby).,G(standby -> X(state_is_STANDBY)),G(standby -> X state_is_STANDBY),True
ADARULE,9,The autopilot shall change states from NOMINAL to STANDBY when the pilot is in control (standby).,G(standby -> X(state_is_STANDBY)),G(standby -> X state_is_STANDBY),True
ADARULE,9,The autopilot shall change states from NOMINAL to STANDBY when the pilot is in control (standby).,G(standby -> X(state_is_STANDBY)),G(standby -> X state_is_STANDBY),True
ADARULE,9,The autopilot shall change states from NOMINAL to STANDBY when the pilot is in control (standby).,G(standby -> X(state_is_STANDBY)),G(standby -> X state_is_STANDBY),True
ADARULE,9,The autopilot shall change states from NOMINAL to STANDBY when the pilot is in control (standby).,G(standby -> X(state_is_STANDBY)),G(standby -> X state_is_STANDBY),True
ADARULE,9,The autopilot shall change states from NOMINAL to STANDBY when the pilot is in control (standby).,G(standby -> X(state_is_STANDBY)),G(standby -> X state_is_STANDBY),True
ADARULE,9,The autopilot shall change states from NOMINAL to STANDBY when the pilot is in control (standby).,G(standby -> X(state_is_STANDBY)),G(standby -> X state_is_STANDBY),True
ADARULE,9,The autopilot shall change states from NOMINAL to STANDBY when the pilot is in control (standby).,G(standby -> X(state_is_STANDBY)),G(standby -> X state_is_STANDBY),True
ADARULE,9,The autopilot shall change states from NOMINAL to STANDBY when the pilot is in control (standby).,G(standby -> X(state_is_STANDBY)),G(standby -> X state_is_STANDBY),True
ADARULE,9,The autopilot shall change states from NOMINAL to STANDBY when the pilot is in control (standby).,G(standby -> X(state_is_STANDBY)),G(standby -> X state_is_STANDBY),True
ADARULE,9,The autopilot shall change states from NOMINAL to STANDBY when the pilot is in control (standby).,G(standby -> X(state_is_STANDBY)),G(standby -> X state_is_STANDBY),True
ADARULE,9,The autopilot shall change states from NOMINAL to STANDBY when the pilot is in control (standby).,G(standby -> X(state_is_STANDBY)),G(standby -> X state_is_STANDBY),True
ADARULE,9,The autopilot shall change states from NOMINAL to STANDBY when the pilot is in control (standby).,G(standby -> X(state_is_STANDBY)),G(standby -> X state_is_STANDBY),True
ADARULE,9,The autopilot shall change states from NOMINAL to STANDBY when the pilot is in control (standby).,G(standby -> X(state_is_STANDBY)),G(standby -> X state_is_STANDBY),True
ADARULE,9,The autopilot shall change states from NOMINAL to STANDBY when the pilot is in control (standby).,G(standby -> X(state_is_STANDBY)),G(standby -> X state_is_STANDBY),True
ADARULE,9,The autopilot shall change states from NOMINAL to STANDBY when the pilot is in control (standby).,G(standby -> X(state_is_STANDBY)),G(standby -> X state_is_STANDBY),True
ADARULE,9,The autopilot shall change states from NOMINAL to STANDBY when the pilot is in control (standby).,G(standby -> X(state_is_STANDBY)),G(standby -> X state_is_STANDBY),True
ADARULE,9,The autopilot shall change states from NOMINAL to STANDBY when the pilot is in control (standby).,G(standby -> X(state_is_STANDBY)),G(standby -> X state_is_STANDBY),True
ADARULE,9,The autopilot shall change states from NOMINAL to STANDBY when the pilot is in control (standby).,G(standby -> X(state_is_STANDBY)),G(standby -> X state_is_STANDBY),True
ADARULE,9,The autopilot shall change states from NOMINAL to STANDBY when the pilot is in control (standby).,G(standby -> X(state_is_STANDBY)),G(standby -> X state_is_STANDBY),True
ADARULE,9,The autopilot shall change states from NOMINAL to STANDBY when the pilot is in control (standby).,G(standby -> X(state_is_STANDBY)),G(standby -> X state_is_STANDBY),True
ADARULE,9,The autopilot shall change states from NOMINAL to STANDBY when the pilot is in control (standby).,G(standby -> X(state_is_STANDBY)),G(standby -> X state_is_STANDBY),True
ADARULE,9,The autopilot shall change states from NOMINAL to STANDBY when the pilot is in control (standby).,G(standby -> X(state_is_STANDBY)),G(standby -> X state_is_STANDBY),True
ADARULE,9,The autopilot shall change states from NOMINAL to STANDBY when the pilot is in control (standby).,G(standby -> X(state_is_STANDBY)),G(standby -> X state_is_STANDBY),True
ADARULE,9,The autopilot shall change states from NOMINAL to STANDBY when the pilot is in control (standby).,G(standby -> X(state_is_STANDBY)),G(standby -> X state_is_STANDBY),True
ADARULE,9,The autopilot shall change states from NOMINAL to STANDBY when the pilot is in control (standby).,G(standby -> X(state_is_STANDBY)),G(standby -> X state_is_STANDBY),True
ADARULE,9,The autopilot shall change states from NOMINAL to STANDBY when the pilot is in control (standby).,G(standby -> X(state_is_STANDBY)),G(standby -> X state_is_STANDBY),True
ADARULE,27,Fail-safe Mode: The controller cannot return from fail-safe mode to any other mode without a power cycle (turn off and then turn on the machine).,(((! ((((StartUpMode | SelfTestMode) | StandbyMode) | PCVMode) | PSVMode)) U (off))),G(PCVMode -> G(PCVMode | off) & G(!off -> PCVMode)),False
ADARULE,27,Fail-safe Mode: The controller cannot return from fail-safe mode to any other mode without a power cycle (turn off and then turn on the machine).,(((! ((((StartUpMode | SelfTestMode) | StandbyMode) | PCVMode) | PSVMode)) U (off))),G(PCVMode -> G(PCVMode | off) & G(!off -> PCVMode)),False
ADARULE,27,Fail-safe Mode: The controller cannot return from fail-safe mode to any other mode without a power cycle (turn off and then turn on the machine).,(((! ((((StartUpMode | SelfTestMode) | StandbyMode) | PCVMode) | PSVMode)) U (off))),G(PCVMode -> G(PCVMode | off) & G(!off -> PCVMode)),False
ADARULE,27,Fail-safe Mode: The controller cannot return from fail-safe mode to any other mode without a power cycle (turn off and then turn on the machine).,(((! ((((StartUpMode | SelfTestMode) | StandbyMode) | PCVMode) | PSVMode)) U (off))),G(PCVMode -> G(PCVMode | off) & G(!off -> PCVMode)),False
ADARULE,27,Fail-safe Mode: The controller cannot return from fail-safe mode to any other mode without a power cycle (turn off and then turn on the machine).,(((! ((((StartUpMode | SelfTestMode) | StandbyMode) | PCVMode) | PSVMode)) U (off))),G(PCVMode -> G(PCVMode | off) & G(!off -> PCVMode)),False
ADARULE,27,Fail-safe Mode: The controller cannot return from fail-safe mode to any other mode without a power cycle (turn off and then turn on the machine).,(((! ((((StartUpMode | SelfTestMode) | StandbyMode) | PCVMode) | PSVMode)) U (off))),G(PCVMode -> G(PCVMode | off) & G(!off -> PCVMode)),False
ADARULE,27,Fail-safe Mode: The controller cannot return from fail-safe mode to any other mode without a power cycle (turn off and then turn on the machine).,(((! ((((StartUpMode | SelfTestMode) | StandbyMode) | PCVMode) | PSVMode)) U (off))),G(PCVMode -> G(PCVMode | off) & G(!off -> PCVMode)),False
ADARULE,27,Fail-safe Mode: The controller cannot return from fail-safe mode to any other mode without a power cycle (turn off and then turn on the machine).,(((! ((((StartUpMode | SelfTestMode) | StandbyMode) | PCVMode) | PSVMode)) U (off))),G(PCVMode -> G(PCVMode | off) & G(!off -> PCVMode)),False
ADARULE,27,Fail-safe Mode: The controller cannot return from fail-safe mode to any other mode without a power cycle (turn off and then turn on the machine).,(((! ((((StartUpMode | SelfTestMode) | StandbyMode) | PCVMode) | PSVMode)) U (off))),G(PCVMode -> G(PCVMode | off) & G(!off -> PCVMode)),False
ADARULE,27,Fail-safe Mode: The controller cannot return from fail-safe mode to any other mode without a power cycle (turn off and then turn on the machine).,(((! ((((StartUpMode | SelfTestMode) | StandbyMode) | PCVMode) | PSVMode)) U (off))),G(PCVMode -> G(PCVMode | off) & G(!off -> PCVMode)),False
ADARULE,27,Fail-safe Mode: The controller cannot return from fail-safe mode to any other mode without a power cycle (turn off and then turn on the machine).,(((! ((((StartUpMode | SelfTestMode) | StandbyMode) | PCVMode) | PSVMode)) U (off))),G(PCVMode -> G(PCVMode | off) & G(!off -> PCVMode)),False
ADARULE,27,Fail-safe Mode: The controller cannot return from fail-safe mode to any other mode without a power cycle (turn off and then turn on the machine).,(((! ((((StartUpMode | SelfTestMode) | StandbyMode) | PCVMode) | PSVMode)) U (off))),G(PCVMode -> G(PCVMode | off) & G(!off -> PCVMode)),False
ADARULE,27,Fail-safe Mode: The controller cannot return from fail-safe mode to any other mode without a power cycle (turn off and then turn on the machine).,(((! ((((StartUpMode | SelfTestMode) | StandbyMode) | PCVMode) | PSVMode)) U (off))),G(PCVMode -> G(PCVMode | off) & G(!off -> PCVMode)),False
ADARULE,27,Fail-safe Mode: The controller cannot return from fail-safe mode to any other mode without a power cycle (turn off and then turn on the machine).,(((! ((((StartUpMode | SelfTestMode) | StandbyMode) | PCVMode) | PSVMode)) U (off))),G(PCVMode -> G(PCVMode | off) & G(!off -> PCVMode)),False
ADARULE,27,Fail-safe Mode: The controller cannot return from fail-safe mode to any other mode without a power cycle (turn off and then turn on the machine).,(((! ((((StartUpMode | SelfTestMode) | StandbyMode) | PCVMode) | PSVMode)) U (off))),G(PCVMode -> G(PCVMode | off) & G(!off -> PCVMode)),False
ADARULE,27,Fail-safe Mode: The controller cannot return from fail-safe mode to any other mode without a power cycle (turn off and then turn on the machine).,(((! ((((StartUpMode | SelfTestMode) | StandbyMode) | PCVMode) | PSVMode)) U (off))),G(PCVMode -> G(PCVMode | off) & G(!off -> PCVMode)),False
ADARULE,27,Fail-safe Mode: The controller cannot return from fail-safe mode to any other mode without a power cycle (turn off and then turn on the machine).,(((! ((((StartUpMode | SelfTestMode) | StandbyMode) | PCVMode) | PSVMode)) U (off))),G(PCVMode -> G(PCVMode | off) & G(!off -> PCVMode)),False
ADARULE,27,Fail-safe Mode: The controller cannot return from fail-safe mode to any other mode without a power cycle (turn off and then turn on the machine).,(((! ((((StartUpMode | SelfTestMode) | StandbyMode) | PCVMode) | PSVMode)) U (off))),G(PCVMode -> G(PCVMode | off) & G(!off -> PCVMode)),False
ADARULE,27,Fail-safe Mode: The controller cannot return from fail-safe mode to any other mode without a power cycle (turn off and then turn on the machine).,(((! ((((StartUpMode | SelfTestMode) | StandbyMode) | PCVMode) | PSVMode)) U (off))),G(PCVMode -> G(PCVMode | off) & G(!off -> PCVMode)),False
ADARULE,27,Fail-safe Mode: The controller cannot return from fail-safe mode to any other mode without a power cycle (turn off and then turn on the machine).,(((! ((((StartUpMode | SelfTestMode) | StandbyMode) | PCVMode) | PSVMode)) U (off))),G(PCVMode -> G(PCVMode | off) & G(!off -> PCVMode)),False
ADARULE,27,Fail-safe Mode: The controller cannot return from fail-safe mode to any other mode without a power cycle (turn off and then turn on the machine).,(((! ((((StartUpMode | SelfTestMode) | StandbyMode) | PCVMode) | PSVMode)) U (off))),G(PCVMode -> G(PCVMode | off) & G(!off -> PCVMode)),False
ADARULE,27,Fail-safe Mode: The controller cannot return from fail-safe mode to any other mode without a power cycle (turn off and then turn on the machine).,(((! ((((StartUpMode | SelfTestMode) | StandbyMode) | PCVMode) | PSVMode)) U (off))),G(PCVMode -> G(PCVMode | off) & G(!off -> PCVMode)),False
ADARULE,27,Fail-safe Mode: The controller cannot return from fail-safe mode to any other mode without a power cycle (turn off and then turn on the machine).,(((! ((((StartUpMode | SelfTestMode) | StandbyMode) | PCVMode) | PSVMode)) U (off))),G(PCVMode -> G(PCVMode | off) & G(!off -> PCVMode)),False
ADARULE,27,Fail-safe Mode: The controller cannot return from fail-safe mode to any other mode without a power cycle (turn off and then turn on the machine).,(((! ((((StartUpMode | SelfTestMode) | StandbyMode) | PCVMode) | PSVMode)) U (off))),G(PCVMode -> G(PCVMode | off) & G(!off -> PCVMode)),False
ADARULE,27,Fail-safe Mode: The controller cannot return from fail-safe mode to any other mode without a power cycle (turn off and then turn on the machine).,(((! ((((StartUpMode | SelfTestMode) | StandbyMode) | PCVMode) | PSVMode)) U (off))),G(PCVMode -> G(PCVMode | off) & G(!off -> PCVMode)),False
ADARULE,27,Fail-safe Mode: The controller cannot return from fail-safe mode to any other mode without a power cycle (turn off and then turn on the machine).,(((! ((((StartUpMode | SelfTestMode) | StandbyMode) | PCVMode) | PSVMode)) U (off))),G(PCVMode -> G(PCVMode | off) & G(!off -> PCVMode)),False
ADARULE,27,Fail-safe Mode: The controller cannot return from fail-safe mode to any other mode without a power cycle (turn off and then turn on the machine).,(((! ((((StartUpMode | SelfTestMode) | StandbyMode) | PCVMode) | PSVMode)) U (off))),G(PCVMode -> G(PCVMode | off) & G(!off -> PCVMode)),False
ADARULE,27,Fail-safe Mode: The controller cannot return from fail-safe mode to any other mode without a power cycle (turn off and then turn on the machine).,(((! ((((StartUpMode | SelfTestMode) | StandbyMode) | PCVMode) | PSVMode)) U (off))),G(PCVMode -> G(PCVMode | off) & G(!off -> PCVMode)),False
ADARULE,27,Fail-safe Mode: The controller cannot return from fail-safe mode to any other mode without a power cycle (turn off and then turn on the machine).,(((! ((((StartUpMode | SelfTestMode) | StandbyMode) | PCVMode) | PSVMode)) U (off))),G(PCVMode -> G(PCVMode | off) & G(!off -> PCVMode)),False
ADARULE,27,Fail-safe Mode: The controller cannot return from fail-safe mode to any other mode without a power cycle (turn off and then turn on the machine).,(((! ((((StartUpMode | SelfTestMode) | StandbyMode) | PCVMode) | PSVMode)) U (off))),G(PCVMode -> G(PCVMode | off) & G(!off -> PCVMode)),False
ADARULE,27,Fail-safe Mode: The controller cannot return from fail-safe mode to any other mode without a power cycle (turn off and then turn on the machine).,(((! ((((StartUpMode | SelfTestMode) | StandbyMode) | PCVMode) | PSVMode)) U (off))),G(PCVMode -> G(PCVMode | off) & G(!off -> PCVMode)),False
ADARULE,27,Fail-safe Mode: The controller cannot return from fail-safe mode to any other mode without a power cycle (turn off and then turn on the machine).,(((! ((((StartUpMode | SelfTestMode) | StandbyMode) | PCVMode) | PSVMode)) U (off))),G(PCVMode -> G(PCVMode | off) & G(!off -> PCVMode)),False
ADARULE,27,Fail-safe Mode: The controller cannot return from fail-safe mode to any other mode without a power cycle (turn off and then turn on the machine).,(((! ((((StartUpMode | SelfTestMode) | StandbyMode) | PCVMode) | PSVMode)) U (off))),G(PCVMode -> G(PCVMode | off) & G(!off -> PCVMode)),False
ADARULE,27,Fail-safe Mode: The controller cannot return from fail-safe mode to any other mode without a power cycle (turn off and then turn on the machine).,(((! ((((StartUpMode | SelfTestMode) | StandbyMode) | PCVMode) | PSVMode)) U (off))),G(PCVMode -> G(PCVMode | off) & G(!off -> PCVMode)),False
ADARULE,27,Fail-safe Mode: The controller cannot return from fail-safe mode to any other mode without a power cycle (turn off and then turn on the machine).,(((! ((((StartUpMode | SelfTestMode) | StandbyMode) | PCVMode) | PSVMode)) U (off))),G(PCVMode -> G(PCVMode | off) & G(!off -> PCVMode)),False
ADARULE,27,Fail-safe Mode: The controller cannot return from fail-safe mode to any other mode without a power cycle (turn off and then turn on the machine).,(((! ((((StartUpMode | SelfTestMode) | StandbyMode) | PCVMode) | PSVMode)) U (off))),G(PCVMode -> G(PCVMode | off) & G(!off -> PCVMode)),False
ADARULE,27,Fail-safe Mode: The controller cannot return from fail-safe mode to any other mode without a power cycle (turn off and then turn on the machine).,(((! ((((StartUpMode | SelfTestMode) | StandbyMode) | PCVMode) | PSVMode)) U (off))),G(PCVMode -> G(PCVMode | off) & G(!off -> PCVMode)),False
ADARULE,27,Fail-safe Mode: The controller cannot return from fail-safe mode to any other mode without a power cycle (turn off and then turn on the machine).,(((! ((((StartUpMode | SelfTestMode) | StandbyMode) | PCVMode) | PSVMode)) U (off))),G(PCVMode -> G(PCVMode | off) & G(!off -> PCVMode)),False
ADARULE,27,Fail-safe Mode: The controller cannot return from fail-safe mode to any other mode without a power cycle (turn off and then turn on the machine).,(((! ((((StartUpMode | SelfTestMode) | StandbyMode) | PCVMode) | PSVMode)) U (off))),G(PCVMode -> G(PCVMode | off) & G(!off -> PCVMode)),False
ADARULE,27,Fail-safe Mode: The controller cannot return from fail-safe mode to any other mode without a power cycle (turn off and then turn on the machine).,(((! ((((StartUpMode | SelfTestMode) | StandbyMode) | PCVMode) | PSVMode)) U (off))),G(PCVMode -> G(PCVMode | off) & G(!off -> PCVMode)),False
ADARULE,27,Fail-safe Mode: The controller cannot return from fail-safe mode to any other mode without a power cycle (turn off and then turn on the machine).,(((! ((((StartUpMode | SelfTestMode) | StandbyMode) | PCVMode) | PSVMode)) U (off))),G(PCVMode -> G(PCVMode | off) & G(!off -> PCVMode)),False
ADARULE,27,Fail-safe Mode: The controller cannot return from fail-safe mode to any other mode without a power cycle (turn off and then turn on the machine).,(((! ((((StartUpMode | SelfTestMode) | StandbyMode) | PCVMode) | PSVMode)) U (off))),G(PCVMode | PSVMode | SelfTestMode | StandbyMode | StartUpMode -> G(!off | G(!PCVMode & !PSVMode & !SelfTestMode & !StandbyMode & !StartUpMode))),False
ADARULE,27,Fail-safe Mode: The controller cannot return from fail-safe mode to any other mode without a power cycle (turn off and then turn on the machine).,(((! ((((StartUpMode | SelfTestMode) | StandbyMode) | PCVMode) | PSVMode)) U (off))),G(PCVMode -> G(PCVMode | off) & G(!off -> PCVMode)),False
ADARULE,27,Fail-safe Mode: The controller cannot return from fail-safe mode to any other mode without a power cycle (turn off and then turn on the machine).,(((! ((((StartUpMode | SelfTestMode) | StandbyMode) | PCVMode) | PSVMode)) U (off))),G(PCVMode -> G(PCVMode | off) & G(!off -> PCVMode)),False
ADARULE,27,Fail-safe Mode: The controller cannot return from fail-safe mode to any other mode without a power cycle (turn off and then turn on the machine).,(((! ((((StartUpMode | SelfTestMode) | StandbyMode) | PCVMode) | PSVMode)) U (off))),G(PCVMode -> G(PCVMode | off) & G(!off -> PCVMode)),False
ADARULE,27,Fail-safe Mode: The controller cannot return from fail-safe mode to any other mode without a power cycle (turn off and then turn on the machine).,(((! ((((StartUpMode | SelfTestMode) | StandbyMode) | PCVMode) | PSVMode)) U (off))),G(PCVMode -> G(PCVMode | off) & G(!off -> PCVMode)),False
ADARULE,27,Fail-safe Mode: The controller cannot return from fail-safe mode to any other mode without a power cycle (turn off and then turn on the machine).,(((! ((((StartUpMode | SelfTestMode) | StandbyMode) | PCVMode) | PSVMode)) U (off))),G(PCVMode -> G(PCVMode | off) & G(!off -> PCVMode)),False
ADARULE,27,Fail-safe Mode: The controller cannot return from fail-safe mode to any other mode without a power cycle (turn off and then turn on the machine).,(((! ((((StartUpMode | SelfTestMode) | StandbyMode) | PCVMode) | PSVMode)) U (off))),G(PCVMode -> G(PCVMode | off) & G(!off -> PCVMode)),False
ADARULE,27,Fail-safe Mode: The controller cannot return from fail-safe mode to any other mode without a power cycle (turn off and then turn on the machine).,(((! ((((StartUpMode | SelfTestMode) | StandbyMode) | PCVMode) | PSVMode)) U (off))),G(PCVMode -> G(PCVMode | off) & G(!off -> PCVMode)),False
ADARULE,27,Fail-safe Mode: The controller cannot return from fail-safe mode to any other mode without a power cycle (turn off and then turn on the machine).,(((! ((((StartUpMode | SelfTestMode) | StandbyMode) | PCVMode) | PSVMode)) U (off))),G(PCVMode -> G(PCVMode | off) & G(!off -> PCVMode)),False
ADARULE,27,Fail-safe Mode: The controller cannot return from fail-safe mode to any other mode without a power cycle (turn off and then turn on the machine).,(((! ((((StartUpMode | SelfTestMode) | StandbyMode) | PCVMode) | PSVMode)) U (off))),G(PCVMode -> G(PCVMode | off) & G(!off -> PCVMode)),False
ADARULE,27,Fail-safe Mode: The controller cannot return from fail-safe mode to any other mode without a power cycle (turn off and then turn on the machine).,(((! ((((StartUpMode | SelfTestMode) | StandbyMode) | PCVMode) | PSVMode)) U (off))),G(PCVMode | PSVMode | SelfTestMode | StandbyMode | StartUpMode -> G(!off | G(!PCVMode & !PSVMode & !SelfTestMode & !StandbyMode & !StartUpMode))),False
ADARULE,27,Fail-safe Mode: The controller cannot return from fail-safe mode to any other mode without a power cycle (turn off and then turn on the machine).,(((! ((((StartUpMode | SelfTestMode) | StandbyMode) | PCVMode) | PSVMode)) U (off))),G(PCVMode -> G(PCVMode | off) & G(!off -> PCVMode)),False
ADARULE,27,Fail-safe Mode: The controller cannot return from fail-safe mode to any other mode without a power cycle (turn off and then turn on the machine).,(((! ((((StartUpMode | SelfTestMode) | StandbyMode) | PCVMode) | PSVMode)) U (off))),G(PCVMode | PSVMode | SelfTestMode | StandbyMode | StartUpMode -> G(!off | G(!PCVMode & !PSVMode & !SelfTestMode & !StandbyMode & !StartUpMode))),False
ADARULE,27,Fail-safe Mode: The controller cannot return from fail-safe mode to any other mode without a power cycle (turn off and then turn on the machine).,(((! ((((StartUpMode | SelfTestMode) | StandbyMode) | PCVMode) | PSVMode)) U (off))),G(PCVMode | PSVMode | SelfTestMode | StandbyMode | StartUpMode -> G(!off | G(!PCVMode & !PSVMode & !SelfTestMode & !StandbyMode & !StartUpMode))),False
ADARULE,27,Fail-safe Mode: The controller cannot return from fail-safe mode to any other mode without a power cycle (turn off and then turn on the machine).,(((! ((((StartUpMode | SelfTestMode) | StandbyMode) | PCVMode) | PSVMode)) U (off))),G(PCVMode | PSVMode | SelfTestMode | StandbyMode | StartUpMode -> G(!off | G(!PCVMode & !PSVMode & !SelfTestMode & !StandbyMode & !StartUpMode))),False
ADARULE,27,Fail-safe Mode: The controller cannot return from fail-safe mode to any other mode without a power cycle (turn off and then turn on the machine).,(((! ((((StartUpMode | SelfTestMode) | StandbyMode) | PCVMode) | PSVMode)) U (off))),G(PCVMode -> G(PCVMode | off) & G(!off -> PCVMode)),False
ADARULE,27,Fail-safe Mode: The controller cannot return from fail-safe mode to any other mode without a power cycle (turn off and then turn on the machine).,(((! ((((StartUpMode | SelfTestMode) | StandbyMode) | PCVMode) | PSVMode)) U (off))),G(PCVMode -> G(PCVMode | off) & G(!off -> PCVMode)),False
ADARULE,27,Fail-safe Mode: The controller cannot return from fail-safe mode to any other mode without a power cycle (turn off and then turn on the machine).,(((! ((((StartUpMode | SelfTestMode) | StandbyMode) | PCVMode) | PSVMode)) U (off))),G(PCVMode | PSVMode | SelfTestMode | StandbyMode | StartUpMode -> G(!off | G(!PCVMode & !PSVMode & !SelfTestMode & !StandbyMode & !StartUpMode))),False
ADARULE,27,Fail-safe Mode: The controller cannot return from fail-safe mode to any other mode without a power cycle (turn off and then turn on the machine).,(((! ((((StartUpMode | SelfTestMode) | StandbyMode) | PCVMode) | PSVMode)) U (off))),G(PCVMode -> G(PCVMode | off) & G(!off -> PCVMode)),False
ADARULE,27,Fail-safe Mode: The controller cannot return from fail-safe mode to any other mode without a power cycle (turn off and then turn on the machine).,(((! ((((StartUpMode | SelfTestMode) | StandbyMode) | PCVMode) | PSVMode)) U (off))),G(PCVMode -> G(PCVMode | off) & G(!off -> PCVMode)),False
ADARULE,27,Fail-safe Mode: The controller cannot return from fail-safe mode to any other mode without a power cycle (turn off and then turn on the machine).,(((! ((((StartUpMode | SelfTestMode) | StandbyMode) | PCVMode) | PSVMode)) U (off))),G(PCVMode -> G(PCVMode | off) & G(!off -> PCVMode)),False
ADARULE,27,Fail-safe Mode: The controller cannot return from fail-safe mode to any other mode without a power cycle (turn off and then turn on the machine).,(((! ((((StartUpMode | SelfTestMode) | StandbyMode) | PCVMode) | PSVMode)) U (off))),G(PCVMode -> G(PCVMode | off) & G(!off -> PCVMode)),False
ADARULE,27,Fail-safe Mode: The controller cannot return from fail-safe mode to any other mode without a power cycle (turn off and then turn on the machine).,(((! ((((StartUpMode | SelfTestMode) | StandbyMode) | PCVMode) | PSVMode)) U (off))),G(PCVMode -> G(PCVMode | off) & G(!off -> PCVMode)),False
ADARULE,27,Fail-safe Mode: The controller cannot return from fail-safe mode to any other mode without a power cycle (turn off and then turn on the machine).,(((! ((((StartUpMode | SelfTestMode) | StandbyMode) | PCVMode) | PSVMode)) U (off))),G(PCVMode -> G(PCVMode | off) & G(!off -> PCVMode)),False
ADARULE,27,Fail-safe Mode: The controller cannot return from fail-safe mode to any other mode without a power cycle (turn off and then turn on the machine).,(((! ((((StartUpMode | SelfTestMode) | StandbyMode) | PCVMode) | PSVMode)) U (off))),G(PCVMode -> G(PCVMode | off) & G(!off -> PCVMode)),False
ADARULE,27,Fail-safe Mode: The controller cannot return from fail-safe mode to any other mode without a power cycle (turn off and then turn on the machine).,(((! ((((StartUpMode | SelfTestMode) | StandbyMode) | PCVMode) | PSVMode)) U (off))),G(PCVMode -> G(PCVMode | off) & G(!off -> PCVMode)),False
ADARULE,27,Fail-safe Mode: The controller cannot return from fail-safe mode to any other mode without a power cycle (turn off and then turn on the machine).,(((! ((((StartUpMode | SelfTestMode) | StandbyMode) | PCVMode) | PSVMode)) U (off))),G(PCVMode -> G(PCVMode | off) & G(!off -> PCVMode)),False
ADARULE,27,Fail-safe Mode: The controller cannot return from fail-safe mode to any other mode without a power cycle (turn off and then turn on the machine).,(((! ((((StartUpMode | SelfTestMode) | StandbyMode) | PCVMode) | PSVMode)) U (off))),G(PCVMode -> G(PCVMode | off) & G(!off -> PCVMode)),False
ADARULE,27,Fail-safe Mode: The controller cannot return from fail-safe mode to any other mode without a power cycle (turn off and then turn on the machine).,(((! ((((StartUpMode | SelfTestMode) | StandbyMode) | PCVMode) | PSVMode)) U (off))),G(PCVMode | PSVMode | SelfTestMode | StandbyMode | StartUpMode -> G(!off | G(!PCVMode & !PSVMode & !SelfTestMode & !StandbyMode & !StartUpMode))),False
ADARULE,27,Fail-safe Mode: The controller cannot return from fail-safe mode to any other mode without a power cycle (turn off and then turn on the machine).,(((! ((((StartUpMode | SelfTestMode) | StandbyMode) | PCVMode) | PSVMode)) U (off))),G(PCVMode -> G(PCVMode | off) & G(!off -> PCVMode)),False
ADARULE,27,Fail-safe Mode: The controller cannot return from fail-safe mode to any other mode without a power cycle (turn off and then turn on the machine).,(((! ((((StartUpMode | SelfTestMode) | StandbyMode) | PCVMode) | PSVMode)) U (off))),G(PCVMode -> G(PCVMode | off) & G(!off -> PCVMode)),False
ADARULE,27,Fail-safe Mode: The controller cannot return from fail-safe mode to any other mode without a power cycle (turn off and then turn on the machine).,(((! ((((StartUpMode | SelfTestMode) | StandbyMode) | PCVMode) | PSVMode)) U (off))),G(PCVMode -> G(PCVMode | off) & G(!off -> PCVMode)),False
ADARULE,27,Fail-safe Mode: The controller cannot return from fail-safe mode to any other mode without a power cycle (turn off and then turn on the machine).,(((! ((((StartUpMode | SelfTestMode) | StandbyMode) | PCVMode) | PSVMode)) U (off))),G(PCVMode -> G(PCVMode | off) & G(!off -> PCVMode)),False
ADARULE,27,Fail-safe Mode: The controller cannot return from fail-safe mode to any other mode without a power cycle (turn off and then turn on the machine).,(((! ((((StartUpMode | SelfTestMode) | StandbyMode) | PCVMode) | PSVMode)) U (off))),G(PCVMode -> G(PCVMode | off) & G(!off -> PCVMode)),False
ADARULE,27,Fail-safe Mode: The controller cannot return from fail-safe mode to any other mode without a power cycle (turn off and then turn on the machine).,(((! ((((StartUpMode | SelfTestMode) | StandbyMode) | PCVMode) | PSVMode)) U (off))),G(PCVMode -> G(PCVMode | off) & G(!off -> PCVMode)),False
ADARULE,27,Fail-safe Mode: The controller cannot return from fail-safe mode to any other mode without a power cycle (turn off and then turn on the machine).,(((! ((((StartUpMode | SelfTestMode) | StandbyMode) | PCVMode) | PSVMode)) U (off))),G(PCVMode -> G(PCVMode | off) & G(!off -> PCVMode)),False
ADARULE,27,Fail-safe Mode: The controller cannot return from fail-safe mode to any other mode without a power cycle (turn off and then turn on the machine).,(((! ((((StartUpMode | SelfTestMode) | StandbyMode) | PCVMode) | PSVMode)) U (off))),G(PCVMode -> G(PCVMode | off) & G(!off -> PCVMode)),False
ADARULE,27,Fail-safe Mode: The controller cannot return from fail-safe mode to any other mode without a power cycle (turn off and then turn on the machine).,(((! ((((StartUpMode | SelfTestMode) | StandbyMode) | PCVMode) | PSVMode)) U (off))),G(PCVMode -> G(PCVMode | off) & G(!off -> PCVMode)),False
ADARULE,27,Fail-safe Mode: The controller cannot return from fail-safe mode to any other mode without a power cycle (turn off and then turn on the machine).,(((! ((((StartUpMode | SelfTestMode) | StandbyMode) | PCVMode) | PSVMode)) U (off))),G(PCVMode -> G(PCVMode | off) & G(!off -> PCVMode)),False
ADARULE,27,Fail-safe Mode: The controller cannot return from fail-safe mode to any other mode without a power cycle (turn off and then turn on the machine).,(((! ((((StartUpMode | SelfTestMode) | StandbyMode) | PCVMode) | PSVMode)) U (off))),G(PCVMode -> G(PCVMode | off) & G(!off -> PCVMode)),False
ADARULE,27,Fail-safe Mode: The controller cannot return from fail-safe mode to any other mode without a power cycle (turn off and then turn on the machine).,(((! ((((StartUpMode | SelfTestMode) | StandbyMode) | PCVMode) | PSVMode)) U (off))),G(PCVMode -> G(PCVMode | off) & G(!off -> PCVMode)),False
ADARULE,27,Fail-safe Mode: The controller cannot return from fail-safe mode to any other mode without a power cycle (turn off and then turn on the machine).,(((! ((((StartUpMode | SelfTestMode) | StandbyMode) | PCVMode) | PSVMode)) U (off))),G(PCVMode -> G(PCVMode | off) & G(!off -> PCVMode)),False
ADARULE,27,Fail-safe Mode: The controller cannot return from fail-safe mode to any other mode without a power cycle (turn off and then turn on the machine).,(((! ((((StartUpMode | SelfTestMode) | StandbyMode) | PCVMode) | PSVMode)) U (off))),G(PCVMode -> G(PCVMode | off) & G(!off -> PCVMode)),False
ADARULE,27,Fail-safe Mode: The controller cannot return from fail-safe mode to any other mode without a power cycle (turn off and then turn on the machine).,(((! ((((StartUpMode | SelfTestMode) | StandbyMode) | PCVMode) | PSVMode)) U (off))),G(PCVMode -> G(PCVMode | off) & G(!off -> PCVMode)),False
ADARULE,27,Fail-safe Mode: The controller cannot return from fail-safe mode to any other mode without a power cycle (turn off and then turn on the machine).,(((! ((((StartUpMode | SelfTestMode) | StandbyMode) | PCVMode) | PSVMode)) U (off))),G(PCVMode -> G(PCVMode | off) & G(!off -> PCVMode)),False
ADARULE,27,Fail-safe Mode: The controller cannot return from fail-safe mode to any other mode without a power cycle (turn off and then turn on the machine).,(((! ((((StartUpMode | SelfTestMode) | StandbyMode) | PCVMode) | PSVMode)) U (off))),G(PCVMode -> G(PCVMode | off) & G(!off -> PCVMode)),False
ADARULE,27,Fail-safe Mode: The controller cannot return from fail-safe mode to any other mode without a power cycle (turn off and then turn on the machine).,(((! ((((StartUpMode | SelfTestMode) | StandbyMode) | PCVMode) | PSVMode)) U (off))),G(PCVMode -> G(PCVMode | off) & G(!off -> PCVMode)),False
ADARULE,27,Fail-safe Mode: The controller cannot return from fail-safe mode to any other mode without a power cycle (turn off and then turn on the machine).,(((! ((((StartUpMode | SelfTestMode) | StandbyMode) | PCVMode) | PSVMode)) U (off))),G(PCVMode -> G(PCVMode | off) & G(!off -> PCVMode)),False
ADARULE,27,Fail-safe Mode: The controller cannot return from fail-safe mode to any other mode without a power cycle (turn off and then turn on the machine).,(((! ((((StartUpMode | SelfTestMode) | StandbyMode) | PCVMode) | PSVMode)) U (off))),G(PCVMode -> G(PCVMode | off) & G(!off -> PCVMode)),False
ADARULE,27,Fail-safe Mode: The controller cannot return from fail-safe mode to any other mode without a power cycle (turn off and then turn on the machine).,(((! ((((StartUpMode | SelfTestMode) | StandbyMode) | PCVMode) | PSVMode)) U (off))),G(PCVMode -> G(PCVMode | off) & G(!off -> PCVMode)),False
ADARULE,27,Fail-safe Mode: The controller cannot return from fail-safe mode to any other mode without a power cycle (turn off and then turn on the machine).,(((! ((((StartUpMode | SelfTestMode) | StandbyMode) | PCVMode) | PSVMode)) U (off))),G(PCVMode -> G(PCVMode | off) & G(!off -> PCVMode)),False
ADARULE,27,Fail-safe Mode: The controller cannot return from fail-safe mode to any other mode without a power cycle (turn off and then turn on the machine).,(((! ((((StartUpMode | SelfTestMode) | StandbyMode) | PCVMode) | PSVMode)) U (off))),G(PCVMode -> G(PCVMode | off) & G(!off -> PCVMode)),False
ADARULE,27,Fail-safe Mode: The controller cannot return from fail-safe mode to any other mode without a power cycle (turn off and then turn on the machine).,(((! ((((StartUpMode | SelfTestMode) | StandbyMode) | PCVMode) | PSVMode)) U (off))),G(PCVMode -> G(PCVMode | off) & G(!off -> PCVMode)),False
ADARULE,27,Fail-safe Mode: The controller cannot return from fail-safe mode to any other mode without a power cycle (turn off and then turn on the machine).,(((! ((((StartUpMode | SelfTestMode) | StandbyMode) | PCVMode) | PSVMode)) U (off))),G(PCVMode -> G(PCVMode | off) & G(!off -> PCVMode)),False
ADARULE,27,Fail-safe Mode: The controller cannot return from fail-safe mode to any other mode without a power cycle (turn off and then turn on the machine).,(((! ((((StartUpMode | SelfTestMode) | StandbyMode) | PCVMode) | PSVMode)) U (off))),G(PCVMode -> G(PCVMode | off) & G(!off -> PCVMode)),False
ADARULE,27,Fail-safe Mode: The controller cannot return from fail-safe mode to any other mode without a power cycle (turn off and then turn on the machine).,(((! ((((StartUpMode | SelfTestMode) | StandbyMode) | PCVMode) | PSVMode)) U (off))),G(PCVMode | PSVMode | SelfTestMode | StandbyMode | StartUpMode -> G(!off | G(!PCVMode & !PSVMode & !SelfTestMode & !StandbyMode & !StartUpMode))),False
ADARULE,27,Fail-safe Mode: The controller cannot return from fail-safe mode to any other mode without a power cycle (turn off and then turn on the machine).,(((! ((((StartUpMode | SelfTestMode) | StandbyMode) | PCVMode) | PSVMode)) U (off))),G(PCVMode -> G(PCVMode | off) & G(!off -> PCVMode)),False
ADARULE,27,Fail-safe Mode: The controller cannot return from fail-safe mode to any other mode without a power cycle (turn off and then turn on the machine).,(((! ((((StartUpMode | SelfTestMode) | StandbyMode) | PCVMode) | PSVMode)) U (off))),G(PCVMode -> G(PCVMode | off) & G(!off -> PCVMode)),False
ADARULE,27,Fail-safe Mode: The controller cannot return from fail-safe mode to any other mode without a power cycle (turn off and then turn on the machine).,(((! ((((StartUpMode | SelfTestMode) | StandbyMode) | PCVMode) | PSVMode)) U (off))),G(PCVMode -> G(PCVMode | off) & G(!off -> PCVMode)),False
ADARULE,38,"In PCV and PSV modes there shall be the possibility to initiate an Inspiratory Pause if it is set by the GUI: When the Inspiratory Pause is set by the GUI, the ventilator shall wait for the end of the next inspiration phase, and if the Inspiratory Pause still required, both the inspiratory and expiratory valves will close until the inspiratory pause is stopped by the GUI.",!inspiratoryPauseButton & inspiratoryPhaseEnd U (inspiratoryPauseButton & inspiratoryPhaseEnd & G((PCVMode | PSVMode) & inspiratoryPauseButton -> G(inspiratoryPause & inValveClose & outValveClose))),G((PCVMode | PSVMode) & inspiratoryPauseButton -> (G(!inspiratoryPhaseEnd) U (inspiratoryPhaseEnd & (G(!inspiratoryPauseButton) U (inValveClose & outValveClose))))),False
ADARULE,38,"In PCV and PSV modes there shall be the possibility to initiate an Inspiratory Pause if it is set by the GUI: When the Inspiratory Pause is set by the GUI, the ventilator shall wait for the end of the next inspiration phase, and if the Inspiratory Pause still required, both the inspiratory and expiratory valves will close until the inspiratory pause is stopped by the GUI.",!inspiratoryPauseButton & inspiratoryPhaseEnd U (inspiratoryPauseButton & inspiratoryPhaseEnd & G((PCVMode | PSVMode) & inspiratoryPauseButton -> G(inspiratoryPause & inValveClose & outValveClose))),G((PCVMode | PSVMode) & inspiratoryPauseButton -> (G(!inspiratoryPhaseEnd) U (inspiratoryPhaseEnd & (G(!inspiratoryPauseButton) U (inValveClose & outValveClose))))),False
ADARULE,38,"In PCV and PSV modes there shall be the possibility to initiate an Inspiratory Pause if it is set by the GUI: When the Inspiratory Pause is set by the GUI, the ventilator shall wait for the end of the next inspiration phase, and if the Inspiratory Pause still required, both the inspiratory and expiratory valves will close until the inspiratory pause is stopped by the GUI.",!inspiratoryPauseButton & inspiratoryPhaseEnd U (inspiratoryPauseButton & inspiratoryPhaseEnd & G((PCVMode | PSVMode) & inspiratoryPauseButton -> G(inspiratoryPause & inValveClose & outValveClose))),G((PCVMode | PSVMode) & inspiratoryPauseButton -> (G(!inspiratoryPhaseEnd) U (inspiratoryPhaseEnd & (G(!inspiratoryPauseButton) U (inValveClose & outValveClose))))),False
ADARULE,38,"In PCV and PSV modes there shall be the possibility to initiate an Inspiratory Pause if it is set by the GUI: When the Inspiratory Pause is set by the GUI, the ventilator shall wait for the end of the next inspiration phase, and if the Inspiratory Pause still required, both the inspiratory and expiratory valves will close until the inspiratory pause is stopped by the GUI.",!inspiratoryPauseButton & inspiratoryPhaseEnd U (inspiratoryPauseButton & inspiratoryPhaseEnd & G((PCVMode | PSVMode) & inspiratoryPauseButton -> G(inspiratoryPause & inValveClose & outValveClose))),G((PCVMode | PSVMode) & inspiratoryPauseButton -> (G(!inspiratoryPhaseEnd) U (inspiratoryPhaseEnd & (G(!inspiratoryPauseButton) U (inValveClose & outValveClose))))),False
ADARULE,38,"In PCV and PSV modes there shall be the possibility to initiate an Inspiratory Pause if it is set by the GUI: When the Inspiratory Pause is set by the GUI, the ventilator shall wait for the end of the next inspiration phase, and if the Inspiratory Pause still required, both the inspiratory and expiratory valves will close until the inspiratory pause is stopped by the GUI.",!inspiratoryPauseButton & inspiratoryPhaseEnd U (inspiratoryPauseButton & inspiratoryPhaseEnd & G((PCVMode | PSVMode) & inspiratoryPauseButton -> G(inspiratoryPause & inValveClose & outValveClose))),G((PCVMode | PSVMode) & inspiratoryPauseButton -> (G(!inspiratoryPhaseEnd) U (inspiratoryPhaseEnd & (G(!inspiratoryPauseButton) U (inValveClose & outValveClose))))),False
ADARULE,38,"In PCV and PSV modes there shall be the possibility to initiate an Inspiratory Pause if it is set by the GUI: When the Inspiratory Pause is set by the GUI, the ventilator shall wait for the end of the next inspiration phase, and if the Inspiratory Pause still required, both the inspiratory and expiratory valves will close until the inspiratory pause is stopped by the GUI.",!inspiratoryPauseButton & inspiratoryPhaseEnd U (inspiratoryPauseButton & inspiratoryPhaseEnd & G((PCVMode | PSVMode) & inspiratoryPauseButton -> G(inspiratoryPause & inValveClose & outValveClose))),G((PCVMode | PSVMode) & inspiratoryPauseButton -> (G(!inspiratoryPhaseEnd) U (inspiratoryPhaseEnd & (G(!inspiratoryPauseButton) U (inValveClose & outValveClose))))),False
ADARULE,38,"In PCV and PSV modes there shall be the possibility to initiate an Inspiratory Pause if it is set by the GUI: When the Inspiratory Pause is set by the GUI, the ventilator shall wait for the end of the next inspiration phase, and if the Inspiratory Pause still required, both the inspiratory and expiratory valves will close until the inspiratory pause is stopped by the GUI.",!inspiratoryPauseButton & inspiratoryPhaseEnd U (inspiratoryPauseButton & inspiratoryPhaseEnd & G((PCVMode | PSVMode) & inspiratoryPauseButton -> G(inspiratoryPause & inValveClose & outValveClose))),G((PCVMode | PSVMode) & inspiratoryPauseButton -> (G(!inspiratoryPhaseEnd) U (inspiratoryPhaseEnd & (G(!inspiratoryPauseButton) U (inValveClose & outValveClose))))),False
ADARULE,38,"In PCV and PSV modes there shall be the possibility to initiate an Inspiratory Pause if it is set by the GUI: When the Inspiratory Pause is set by the GUI, the ventilator shall wait for the end of the next inspiration phase, and if the Inspiratory Pause still required, both the inspiratory and expiratory valves will close until the inspiratory pause is stopped by the GUI.",!inspiratoryPauseButton & inspiratoryPhaseEnd U (inspiratoryPauseButton & inspiratoryPhaseEnd & G((PCVMode | PSVMode) & inspiratoryPauseButton -> G(inspiratoryPause & inValveClose & outValveClose))),G((PCVMode | PSVMode) & inspiratoryPauseButton -> (G(!inspiratoryPhaseEnd) U (inspiratoryPhaseEnd & (G(!inspiratoryPauseButton) U (inValveClose & outValveClose))))),False
ADARULE,38,"In PCV and PSV modes there shall be the possibility to initiate an Inspiratory Pause if it is set by the GUI: When the Inspiratory Pause is set by the GUI, the ventilator shall wait for the end of the next inspiration phase, and if the Inspiratory Pause still required, both the inspiratory and expiratory valves will close until the inspiratory pause is stopped by the GUI.",!inspiratoryPauseButton & inspiratoryPhaseEnd U (inspiratoryPauseButton & inspiratoryPhaseEnd & G((PCVMode | PSVMode) & inspiratoryPauseButton -> G(inspiratoryPause & inValveClose & outValveClose))),G((PCVMode | PSVMode) & inspiratoryPauseButton -> (G(!inspiratoryPhaseEnd) U (inspiratoryPhaseEnd & (G(!inspiratoryPauseButton) U (inValveClose & outValveClose))))),False
ADARULE,38,"In PCV and PSV modes there shall be the possibility to initiate an Inspiratory Pause if it is set by the GUI: When the Inspiratory Pause is set by the GUI, the ventilator shall wait for the end of the next inspiration phase, and if the Inspiratory Pause still required, both the inspiratory and expiratory valves will close until the inspiratory pause is stopped by the GUI.",!inspiratoryPauseButton & inspiratoryPhaseEnd U (inspiratoryPauseButton & inspiratoryPhaseEnd & G((PCVMode | PSVMode) & inspiratoryPauseButton -> G(inspiratoryPause & inValveClose & outValveClose))),G((PCVMode | PSVMode) & inspiratoryPauseButton -> (G(!inspiratoryPhaseEnd) U (inspiratoryPhaseEnd & (G(!inspiratoryPauseButton) U (inValveClose & outValveClose))))),False
ADARULE,38,"In PCV and PSV modes there shall be the possibility to initiate an Inspiratory Pause if it is set by the GUI: When the Inspiratory Pause is set by the GUI, the ventilator shall wait for the end of the next inspiration phase, and if the Inspiratory Pause still required, both the inspiratory and expiratory valves will close until the inspiratory pause is stopped by the GUI.",!inspiratoryPauseButton & inspiratoryPhaseEnd U (inspiratoryPauseButton & inspiratoryPhaseEnd & G((PCVMode | PSVMode) & inspiratoryPauseButton -> G(inspiratoryPause & inValveClose & outValveClose))),G((PCVMode | PSVMode) & inspiratoryPauseButton -> (G(!inspiratoryPhaseEnd) U (inspiratoryPhaseEnd & (G(!inspiratoryPauseButton) U (inValveClose & outValveClose))))),False
ADARULE,38,"In PCV and PSV modes there shall be the possibility to initiate an Inspiratory Pause if it is set by the GUI: When the Inspiratory Pause is set by the GUI, the ventilator shall wait for the end of the next inspiration phase, and if the Inspiratory Pause still required, both the inspiratory and expiratory valves will close until the inspiratory pause is stopped by the GUI.",!inspiratoryPauseButton & inspiratoryPhaseEnd U (inspiratoryPauseButton & inspiratoryPhaseEnd & G((PCVMode | PSVMode) & inspiratoryPauseButton -> G(inspiratoryPause & inValveClose & outValveClose))),G((PCVMode | PSVMode) & inspiratoryPauseButton -> (G(!inspiratoryPhaseEnd) U (inspiratoryPhaseEnd & (G(!inspiratoryPauseButton) U (inValveClose & outValveClose))))),False
ADARULE,38,"In PCV and PSV modes there shall be the possibility to initiate an Inspiratory Pause if it is set by the GUI: When the Inspiratory Pause is set by the GUI, the ventilator shall wait for the end of the next inspiration phase, and if the Inspiratory Pause still required, both the inspiratory and expiratory valves will close until the inspiratory pause is stopped by the GUI.",!inspiratoryPauseButton & inspiratoryPhaseEnd U (inspiratoryPauseButton & inspiratoryPhaseEnd & G((PCVMode | PSVMode) & inspiratoryPauseButton -> G(inspiratoryPause & inValveClose & outValveClose))),G((PCVMode | PSVMode) & inspiratoryPauseButton -> (G(!inspiratoryPhaseEnd) U (inspiratoryPhaseEnd & (G(!inspiratoryPauseButton) U (inValveClose & outValveClose))))),False
ADARULE,38,"In PCV and PSV modes there shall be the possibility to initiate an Inspiratory Pause if it is set by the GUI: When the Inspiratory Pause is set by the GUI, the ventilator shall wait for the end of the next inspiration phase, and if the Inspiratory Pause still required, both the inspiratory and expiratory valves will close until the inspiratory pause is stopped by the GUI.",!inspiratoryPauseButton & inspiratoryPhaseEnd U (inspiratoryPauseButton & inspiratoryPhaseEnd & G((PCVMode | PSVMode) & inspiratoryPauseButton -> G(inspiratoryPause & inValveClose & outValveClose))),G((PCVMode | PSVMode) & inspiratoryPauseButton -> (G(!inspiratoryPhaseEnd) U (inspiratoryPhaseEnd & (G(!inspiratoryPauseButton) U (inValveClose & outValveClose))))),False
ADARULE,38,"In PCV and PSV modes there shall be the possibility to initiate an Inspiratory Pause if it is set by the GUI: When the Inspiratory Pause is set by the GUI, the ventilator shall wait for the end of the next inspiration phase, and if the Inspiratory Pause still required, both the inspiratory and expiratory valves will close until the inspiratory pause is stopped by the GUI.",!inspiratoryPauseButton & inspiratoryPhaseEnd U (inspiratoryPauseButton & inspiratoryPhaseEnd & G((PCVMode | PSVMode) & inspiratoryPauseButton -> G(inspiratoryPause & inValveClose & outValveClose))),G((PCVMode | PSVMode) & inspiratoryPauseButton -> (G(!inspiratoryPhaseEnd) U (inspiratoryPhaseEnd & (G(!inspiratoryPauseButton) U (inValveClose & outValveClose))))),False
ADARULE,38,"In PCV and PSV modes there shall be the possibility to initiate an Inspiratory Pause if it is set by the GUI: When the Inspiratory Pause is set by the GUI, the ventilator shall wait for the end of the next inspiration phase, and if the Inspiratory Pause still required, both the inspiratory and expiratory valves will close until the inspiratory pause is stopped by the GUI.",!inspiratoryPauseButton & inspiratoryPhaseEnd U (inspiratoryPauseButton & inspiratoryPhaseEnd & G((PCVMode | PSVMode) & inspiratoryPauseButton -> G(inspiratoryPause & inValveClose & outValveClose))),G((PCVMode | PSVMode) & inspiratoryPauseButton -> (G(!inspiratoryPhaseEnd) U (inspiratoryPhaseEnd & (G(!inspiratoryPauseButton) U (inValveClose & outValveClose))))),False
ADARULE,38,"In PCV and PSV modes there shall be the possibility to initiate an Inspiratory Pause if it is set by the GUI: When the Inspiratory Pause is set by the GUI, the ventilator shall wait for the end of the next inspiration phase, and if the Inspiratory Pause still required, both the inspiratory and expiratory valves will close until the inspiratory pause is stopped by the GUI.",!inspiratoryPauseButton & inspiratoryPhaseEnd U (inspiratoryPauseButton & inspiratoryPhaseEnd & G((PCVMode | PSVMode) & inspiratoryPauseButton -> G(inspiratoryPause & inValveClose & outValveClose))),G((PCVMode | PSVMode) & inspiratoryPauseButton -> (G(!inspiratoryPhaseEnd) U (inspiratoryPhaseEnd & (G(!inspiratoryPauseButton) U (inValveClose & outValveClose))))),False
ADARULE,38,"In PCV and PSV modes there shall be the possibility to initiate an Inspiratory Pause if it is set by the GUI: When the Inspiratory Pause is set by the GUI, the ventilator shall wait for the end of the next inspiration phase, and if the Inspiratory Pause still required, both the inspiratory and expiratory valves will close until the inspiratory pause is stopped by the GUI.",!inspiratoryPauseButton & inspiratoryPhaseEnd U (inspiratoryPauseButton & inspiratoryPhaseEnd & G((PCVMode | PSVMode) & inspiratoryPauseButton -> G(inspiratoryPause & inValveClose & outValveClose))),G((PCVMode | PSVMode) & inspiratoryPauseButton -> (G(!inspiratoryPhaseEnd) U (inspiratoryPhaseEnd & (G(!inspiratoryPauseButton) U (inValveClose & outValveClose))))),False
ADARULE,38,"In PCV and PSV modes there shall be the possibility to initiate an Inspiratory Pause if it is set by the GUI: When the Inspiratory Pause is set by the GUI, the ventilator shall wait for the end of the next inspiration phase, and if the Inspiratory Pause still required, both the inspiratory and expiratory valves will close until the inspiratory pause is stopped by the GUI.",!inspiratoryPauseButton & inspiratoryPhaseEnd U (inspiratoryPauseButton & inspiratoryPhaseEnd & G((PCVMode | PSVMode) & inspiratoryPauseButton -> G(inspiratoryPause & inValveClose & outValveClose))),G((PCVMode | PSVMode) & inspiratoryPauseButton -> (G(!inspiratoryPhaseEnd) U (inspiratoryPhaseEnd & (G(!inspiratoryPauseButton) U (inValveClose & outValveClose))))),False
ADARULE,38,"In PCV and PSV modes there shall be the possibility to initiate an Inspiratory Pause if it is set by the GUI: When the Inspiratory Pause is set by the GUI, the ventilator shall wait for the end of the next inspiration phase, and if the Inspiratory Pause still required, both the inspiratory and expiratory valves will close until the inspiratory pause is stopped by the GUI.",!inspiratoryPauseButton & inspiratoryPhaseEnd U (inspiratoryPauseButton & inspiratoryPhaseEnd & G((PCVMode | PSVMode) & inspiratoryPauseButton -> G(inspiratoryPause & inValveClose & outValveClose))),G((PCVMode | PSVMode) & inspiratoryPauseButton -> (G(!inspiratoryPhaseEnd) U (inspiratoryPhaseEnd & (G(!inspiratoryPauseButton) U (inValveClose & outValveClose))))),False
ADARULE,38,"In PCV and PSV modes there shall be the possibility to initiate an Inspiratory Pause if it is set by the GUI: When the Inspiratory Pause is set by the GUI, the ventilator shall wait for the end of the next inspiration phase, and if the Inspiratory Pause still required, both the inspiratory and expiratory valves will close until the inspiratory pause is stopped by the GUI.",!inspiratoryPauseButton & inspiratoryPhaseEnd U (inspiratoryPauseButton & inspiratoryPhaseEnd & G((PCVMode | PSVMode) & inspiratoryPauseButton -> G(inspiratoryPause & inValveClose & outValveClose))),G((PCVMode | PSVMode) & inspiratoryPauseButton -> (G(!inspiratoryPhaseEnd) U (inspiratoryPhaseEnd & (G(!inspiratoryPauseButton) U (inValveClose & outValveClose))))),False
ADARULE,38,"In PCV and PSV modes there shall be the possibility to initiate an Inspiratory Pause if it is set by the GUI: When the Inspiratory Pause is set by the GUI, the ventilator shall wait for the end of the next inspiration phase, and if the Inspiratory Pause still required, both the inspiratory and expiratory valves will close until the inspiratory pause is stopped by the GUI.",!inspiratoryPauseButton & inspiratoryPhaseEnd U (inspiratoryPauseButton & inspiratoryPhaseEnd & G((PCVMode | PSVMode) & inspiratoryPauseButton -> G(inspiratoryPause & inValveClose & outValveClose))),G((PCVMode | PSVMode) & inspiratoryPauseButton -> (G(!inspiratoryPhaseEnd) U (inspiratoryPhaseEnd & (G(!inspiratoryPauseButton) U (inValveClose & outValveClose))))),False
ADARULE,38,"In PCV and PSV modes there shall be the possibility to initiate an Inspiratory Pause if it is set by the GUI: When the Inspiratory Pause is set by the GUI, the ventilator shall wait for the end of the next inspiration phase, and if the Inspiratory Pause still required, both the inspiratory and expiratory valves will close until the inspiratory pause is stopped by the GUI.",!inspiratoryPauseButton & inspiratoryPhaseEnd U (inspiratoryPauseButton & inspiratoryPhaseEnd & G((PCVMode | PSVMode) & inspiratoryPauseButton -> G(inspiratoryPause & inValveClose & outValveClose))),G((PCVMode | PSVMode) & inspiratoryPauseButton -> (G(!inspiratoryPhaseEnd) U (inspiratoryPhaseEnd & (G(!inspiratoryPauseButton) U (inValveClose & outValveClose))))),False
ADARULE,38,"In PCV and PSV modes there shall be the possibility to initiate an Inspiratory Pause if it is set by the GUI: When the Inspiratory Pause is set by the GUI, the ventilator shall wait for the end of the next inspiration phase, and if the Inspiratory Pause still required, both the inspiratory and expiratory valves will close until the inspiratory pause is stopped by the GUI.",!inspiratoryPauseButton & inspiratoryPhaseEnd U (inspiratoryPauseButton & inspiratoryPhaseEnd & G((PCVMode | PSVMode) & inspiratoryPauseButton -> G(inspiratoryPause & inValveClose & outValveClose))),G((PCVMode | PSVMode) & inspiratoryPauseButton -> (G(!inspiratoryPhaseEnd) U (inspiratoryPhaseEnd & (G(!inspiratoryPauseButton) U (inValveClose & outValveClose))))),False
ADARULE,38,"In PCV and PSV modes there shall be the possibility to initiate an Inspiratory Pause if it is set by the GUI: When the Inspiratory Pause is set by the GUI, the ventilator shall wait for the end of the next inspiration phase, and if the Inspiratory Pause still required, both the inspiratory and expiratory valves will close until the inspiratory pause is stopped by the GUI.",!inspiratoryPauseButton & inspiratoryPhaseEnd U (inspiratoryPauseButton & inspiratoryPhaseEnd & G((PCVMode | PSVMode) & inspiratoryPauseButton -> G(inspiratoryPause & inValveClose & outValveClose))),G((PCVMode | PSVMode) & inspiratoryPauseButton -> (G(!inspiratoryPhaseEnd) U (inspiratoryPhaseEnd & (G(!inspiratoryPauseButton) U (inValveClose & outValveClose))))),False
ADARULE,38,"In PCV and PSV modes there shall be the possibility to initiate an Inspiratory Pause if it is set by the GUI: When the Inspiratory Pause is set by the GUI, the ventilator shall wait for the end of the next inspiration phase, and if the Inspiratory Pause still required, both the inspiratory and expiratory valves will close until the inspiratory pause is stopped by the GUI.",!inspiratoryPauseButton & inspiratoryPhaseEnd U (inspiratoryPauseButton & inspiratoryPhaseEnd & G((PCVMode | PSVMode) & inspiratoryPauseButton -> G(inspiratoryPause & inValveClose & outValveClose))),G((PCVMode | PSVMode) & inspiratoryPauseButton -> (G(!inspiratoryPhaseEnd) U (inspiratoryPhaseEnd & (G(!inspiratoryPauseButton) U (inValveClose & outValveClose))))),False
ADARULE,38,"In PCV and PSV modes there shall be the possibility to initiate an Inspiratory Pause if it is set by the GUI: When the Inspiratory Pause is set by the GUI, the ventilator shall wait for the end of the next inspiration phase, and if the Inspiratory Pause still required, both the inspiratory and expiratory valves will close until the inspiratory pause is stopped by the GUI.",!inspiratoryPauseButton & inspiratoryPhaseEnd U (inspiratoryPauseButton & inspiratoryPhaseEnd & G((PCVMode | PSVMode) & inspiratoryPauseButton -> G(inspiratoryPause & inValveClose & outValveClose))),G((PCVMode | PSVMode) & inspiratoryPauseButton -> (G(!inspiratoryPhaseEnd) U (inspiratoryPhaseEnd & (G(!inspiratoryPauseButton) U (inValveClose & outValveClose))))),False
ADARULE,38,"In PCV and PSV modes there shall be the possibility to initiate an Inspiratory Pause if it is set by the GUI: When the Inspiratory Pause is set by the GUI, the ventilator shall wait for the end of the next inspiration phase, and if the Inspiratory Pause still required, both the inspiratory and expiratory valves will close until the inspiratory pause is stopped by the GUI.",!inspiratoryPauseButton & inspiratoryPhaseEnd U (inspiratoryPauseButton & inspiratoryPhaseEnd & G((PCVMode | PSVMode) & inspiratoryPauseButton -> G(inspiratoryPause & inValveClose & outValveClose))),G((PCVMode | PSVMode) & inspiratoryPauseButton -> (G(!inspiratoryPhaseEnd) U (inspiratoryPhaseEnd & (G(!inspiratoryPauseButton) U (inValveClose & outValveClose))))),False
ADARULE,38,"In PCV and PSV modes there shall be the possibility to initiate an Inspiratory Pause if it is set by the GUI: When the Inspiratory Pause is set by the GUI, the ventilator shall wait for the end of the next inspiration phase, and if the Inspiratory Pause still required, both the inspiratory and expiratory valves will close until the inspiratory pause is stopped by the GUI.",!inspiratoryPauseButton & inspiratoryPhaseEnd U (inspiratoryPauseButton & inspiratoryPhaseEnd & G((PCVMode | PSVMode) & inspiratoryPauseButton -> G(inspiratoryPause & inValveClose & outValveClose))),G((PCVMode | PSVMode) & inspiratoryPauseButton -> (G(!inspiratoryPhaseEnd) U (inspiratoryPhaseEnd & (G(!inspiratoryPauseButton) U (inValveClose & outValveClose))))),False
ADARULE,38,"In PCV and PSV modes there shall be the possibility to initiate an Inspiratory Pause if it is set by the GUI: When the Inspiratory Pause is set by the GUI, the ventilator shall wait for the end of the next inspiration phase, and if the Inspiratory Pause still required, both the inspiratory and expiratory valves will close until the inspiratory pause is stopped by the GUI.",!inspiratoryPauseButton & inspiratoryPhaseEnd U (inspiratoryPauseButton & inspiratoryPhaseEnd & G((PCVMode | PSVMode) & inspiratoryPauseButton -> G(inspiratoryPause & inValveClose & outValveClose))),G((PCVMode | PSVMode) & inspiratoryPauseButton -> (G(!inspiratoryPhaseEnd) U (inspiratoryPhaseEnd & (G(!inspiratoryPauseButton) U (inValveClose & outValveClose))))),False
ADARULE,38,"In PCV and PSV modes there shall be the possibility to initiate an Inspiratory Pause if it is set by the GUI: When the Inspiratory Pause is set by the GUI, the ventilator shall wait for the end of the next inspiration phase, and if the Inspiratory Pause still required, both the inspiratory and expiratory valves will close until the inspiratory pause is stopped by the GUI.",!inspiratoryPauseButton & inspiratoryPhaseEnd U (inspiratoryPauseButton & inspiratoryPhaseEnd & G((PCVMode | PSVMode) & inspiratoryPauseButton -> G(inspiratoryPause & inValveClose & outValveClose))),G((PCVMode | PSVMode) & inspiratoryPauseButton -> (G(!inspiratoryPhaseEnd) U (inspiratoryPhaseEnd & (G(!inspiratoryPauseButton) U (inValveClose & outValveClose))))),False
ADARULE,38,"In PCV and PSV modes there shall be the possibility to initiate an Inspiratory Pause if it is set by the GUI: When the Inspiratory Pause is set by the GUI, the ventilator shall wait for the end of the next inspiration phase, and if the Inspiratory Pause still required, both the inspiratory and expiratory valves will close until the inspiratory pause is stopped by the GUI.",!inspiratoryPauseButton & inspiratoryPhaseEnd U (inspiratoryPauseButton & inspiratoryPhaseEnd & G((PCVMode | PSVMode) & inspiratoryPauseButton -> G(inspiratoryPause & inValveClose & outValveClose))),G((PCVMode | PSVMode) & inspiratoryPauseButton -> (G(!inspiratoryPhaseEnd) U (inspiratoryPhaseEnd & (G(!inspiratoryPauseButton) U (inValveClose & outValveClose))))),False
ADARULE,38,"In PCV and PSV modes there shall be the possibility to initiate an Inspiratory Pause if it is set by the GUI: When the Inspiratory Pause is set by the GUI, the ventilator shall wait for the end of the next inspiration phase, and if the Inspiratory Pause still required, both the inspiratory and expiratory valves will close until the inspiratory pause is stopped by the GUI.",!inspiratoryPauseButton & inspiratoryPhaseEnd U (inspiratoryPauseButton & inspiratoryPhaseEnd & G((PCVMode | PSVMode) & inspiratoryPauseButton -> G(inspiratoryPause & inValveClose & outValveClose))),G((PCVMode | PSVMode) & inspiratoryPauseButton -> (G(!inspiratoryPhaseEnd) U (inspiratoryPhaseEnd & (G(!inspiratoryPauseButton) U (inValveClose & outValveClose))))),False
ADARULE,38,"In PCV and PSV modes there shall be the possibility to initiate an Inspiratory Pause if it is set by the GUI: When the Inspiratory Pause is set by the GUI, the ventilator shall wait for the end of the next inspiration phase, and if the Inspiratory Pause still required, both the inspiratory and expiratory valves will close until the inspiratory pause is stopped by the GUI.",!inspiratoryPauseButton & inspiratoryPhaseEnd U (inspiratoryPauseButton & inspiratoryPhaseEnd & G((PCVMode | PSVMode) & inspiratoryPauseButton -> G(inspiratoryPause & inValveClose & outValveClose))),G((PCVMode | PSVMode) & inspiratoryPauseButton -> (G(!inspiratoryPhaseEnd) U (inspiratoryPhaseEnd & (G(!inspiratoryPauseButton) U (inValveClose & outValveClose))))),False
ADARULE,38,"In PCV and PSV modes there shall be the possibility to initiate an Inspiratory Pause if it is set by the GUI: When the Inspiratory Pause is set by the GUI, the ventilator shall wait for the end of the next inspiration phase, and if the Inspiratory Pause still required, both the inspiratory and expiratory valves will close until the inspiratory pause is stopped by the GUI.",!inspiratoryPauseButton & inspiratoryPhaseEnd U (inspiratoryPauseButton & inspiratoryPhaseEnd & G((PCVMode | PSVMode) & inspiratoryPauseButton -> G(inspiratoryPause & inValveClose & outValveClose))),G((PCVMode | PSVMode) & inspiratoryPauseButton -> (G(!inspiratoryPhaseEnd) U (inspiratoryPhaseEnd & (G(!inspiratoryPauseButton) U (inValveClose & outValveClose))))),False
ADARULE,38,"In PCV and PSV modes there shall be the possibility to initiate an Inspiratory Pause if it is set by the GUI: When the Inspiratory Pause is set by the GUI, the ventilator shall wait for the end of the next inspiration phase, and if the Inspiratory Pause still required, both the inspiratory and expiratory valves will close until the inspiratory pause is stopped by the GUI.",!inspiratoryPauseButton & inspiratoryPhaseEnd U (inspiratoryPauseButton & inspiratoryPhaseEnd & G((PCVMode | PSVMode) & inspiratoryPauseButton -> G(inspiratoryPause & inValveClose & outValveClose))),G((PCVMode | PSVMode) & inspiratoryPauseButton -> (G(!inspiratoryPhaseEnd) U (inspiratoryPhaseEnd & (G(!inspiratoryPauseButton) U (inValveClose & outValveClose))))),False
ADARULE,38,"In PCV and PSV modes there shall be the possibility to initiate an Inspiratory Pause if it is set by the GUI: When the Inspiratory Pause is set by the GUI, the ventilator shall wait for the end of the next inspiration phase, and if the Inspiratory Pause still required, both the inspiratory and expiratory valves will close until the inspiratory pause is stopped by the GUI.",!inspiratoryPauseButton & inspiratoryPhaseEnd U (inspiratoryPauseButton & inspiratoryPhaseEnd & G((PCVMode | PSVMode) & inspiratoryPauseButton -> G(inspiratoryPause & inValveClose & outValveClose))),G((PCVMode | PSVMode) & inspiratoryPauseButton -> (G(!inspiratoryPhaseEnd) U (inspiratoryPhaseEnd & (G(!inspiratoryPauseButton) U (inValveClose & outValveClose))))),False
ADARULE,38,"In PCV and PSV modes there shall be the possibility to initiate an Inspiratory Pause if it is set by the GUI: When the Inspiratory Pause is set by the GUI, the ventilator shall wait for the end of the next inspiration phase, and if the Inspiratory Pause still required, both the inspiratory and expiratory valves will close until the inspiratory pause is stopped by the GUI.",!inspiratoryPauseButton & inspiratoryPhaseEnd U (inspiratoryPauseButton & inspiratoryPhaseEnd & G((PCVMode | PSVMode) & inspiratoryPauseButton -> G(inspiratoryPause & inValveClose & outValveClose))),G((PCVMode | PSVMode) & inspiratoryPauseButton -> (G(!inspiratoryPhaseEnd) U (inspiratoryPhaseEnd & (G(!inspiratoryPauseButton) U (inValveClose & outValveClose))))),False
ADARULE,38,"In PCV and PSV modes there shall be the possibility to initiate an Inspiratory Pause if it is set by the GUI: When the Inspiratory Pause is set by the GUI, the ventilator shall wait for the end of the next inspiration phase, and if the Inspiratory Pause still required, both the inspiratory and expiratory valves will close until the inspiratory pause is stopped by the GUI.",!inspiratoryPauseButton & inspiratoryPhaseEnd U (inspiratoryPauseButton & inspiratoryPhaseEnd & G((PCVMode | PSVMode) & inspiratoryPauseButton -> G(inspiratoryPause & inValveClose & outValveClose))),G((PCVMode | PSVMode) & inspiratoryPauseButton -> (G(!inspiratoryPhaseEnd) U (inspiratoryPhaseEnd & (G(!inspiratoryPauseButton) U (inValveClose & outValveClose))))),False
ADARULE,38,"In PCV and PSV modes there shall be the possibility to initiate an Inspiratory Pause if it is set by the GUI: When the Inspiratory Pause is set by the GUI, the ventilator shall wait for the end of the next inspiration phase, and if the Inspiratory Pause still required, both the inspiratory and expiratory valves will close until the inspiratory pause is stopped by the GUI.",!inspiratoryPauseButton & inspiratoryPhaseEnd U (inspiratoryPauseButton & inspiratoryPhaseEnd & G((PCVMode | PSVMode) & inspiratoryPauseButton -> G(inspiratoryPause & inValveClose & outValveClose))),G((PCVMode | PSVMode) & inspiratoryPauseButton -> (G(!inspiratoryPhaseEnd) U (inspiratoryPhaseEnd & (G(!inspiratoryPauseButton) U (inValveClose & outValveClose))))),False
ADARULE,38,"In PCV and PSV modes there shall be the possibility to initiate an Inspiratory Pause if it is set by the GUI: When the Inspiratory Pause is set by the GUI, the ventilator shall wait for the end of the next inspiration phase, and if the Inspiratory Pause still required, both the inspiratory and expiratory valves will close until the inspiratory pause is stopped by the GUI.",!inspiratoryPauseButton & inspiratoryPhaseEnd U (inspiratoryPauseButton & inspiratoryPhaseEnd & G((PCVMode | PSVMode) & inspiratoryPauseButton -> G(inspiratoryPause & inValveClose & outValveClose))),G((PCVMode | PSVMode) & inspiratoryPauseButton -> (G(!inspiratoryPhaseEnd) U (inspiratoryPhaseEnd & (G(!inspiratoryPauseButton) U (inValveClose & outValveClose))))),False
ADARULE,38,"In PCV and PSV modes there shall be the possibility to initiate an Inspiratory Pause if it is set by the GUI: When the Inspiratory Pause is set by the GUI, the ventilator shall wait for the end of the next inspiration phase, and if the Inspiratory Pause still required, both the inspiratory and expiratory valves will close until the inspiratory pause is stopped by the GUI.",!inspiratoryPauseButton & inspiratoryPhaseEnd U (inspiratoryPauseButton & inspiratoryPhaseEnd & G((PCVMode | PSVMode) & inspiratoryPauseButton -> G(inspiratoryPause & inValveClose & outValveClose))),G((PCVMode | PSVMode) & inspiratoryPauseButton -> (G(!inspiratoryPhaseEnd) U (inspiratoryPhaseEnd & (G(!inspiratoryPauseButton) U (inValveClose & outValveClose))))),False
ADARULE,38,"In PCV and PSV modes there shall be the possibility to initiate an Inspiratory Pause if it is set by the GUI: When the Inspiratory Pause is set by the GUI, the ventilator shall wait for the end of the next inspiration phase, and if the Inspiratory Pause still required, both the inspiratory and expiratory valves will close until the inspiratory pause is stopped by the GUI.",!inspiratoryPauseButton & inspiratoryPhaseEnd U (inspiratoryPauseButton & inspiratoryPhaseEnd & G((PCVMode | PSVMode) & inspiratoryPauseButton -> G(inspiratoryPause & inValveClose & outValveClose))),G((PCVMode | PSVMode) & inspiratoryPauseButton -> (G(!inspiratoryPhaseEnd) U (inspiratoryPhaseEnd & (G(!inspiratoryPauseButton) U (inValveClose & outValveClose))))),False
ADARULE,38,"In PCV and PSV modes there shall be the possibility to initiate an Inspiratory Pause if it is set by the GUI: When the Inspiratory Pause is set by the GUI, the ventilator shall wait for the end of the next inspiration phase, and if the Inspiratory Pause still required, both the inspiratory and expiratory valves will close until the inspiratory pause is stopped by the GUI.",!inspiratoryPauseButton & inspiratoryPhaseEnd U (inspiratoryPauseButton & inspiratoryPhaseEnd & G((PCVMode | PSVMode) & inspiratoryPauseButton -> G(inspiratoryPause & inValveClose & outValveClose))),G((PCVMode | PSVMode) & inspiratoryPauseButton -> (G(!inspiratoryPhaseEnd) U (inspiratoryPhaseEnd & (G(!inspiratoryPauseButton) U (inValveClose & outValveClose))))),False
ADARULE,38,"In PCV and PSV modes there shall be the possibility to initiate an Inspiratory Pause if it is set by the GUI: When the Inspiratory Pause is set by the GUI, the ventilator shall wait for the end of the next inspiration phase, and if the Inspiratory Pause still required, both the inspiratory and expiratory valves will close until the inspiratory pause is stopped by the GUI.",!inspiratoryPauseButton & inspiratoryPhaseEnd U (inspiratoryPauseButton & inspiratoryPhaseEnd & G((PCVMode | PSVMode) & inspiratoryPauseButton -> G(inspiratoryPause & inValveClose & outValveClose))),G((PCVMode | PSVMode) & inspiratoryPauseButton -> (G(!inspiratoryPhaseEnd) U (inspiratoryPhaseEnd & (G(!inspiratoryPauseButton) U (inValveClose & outValveClose))))),False
ADARULE,38,"In PCV and PSV modes there shall be the possibility to initiate an Inspiratory Pause if it is set by the GUI: When the Inspiratory Pause is set by the GUI, the ventilator shall wait for the end of the next inspiration phase, and if the Inspiratory Pause still required, both the inspiratory and expiratory valves will close until the inspiratory pause is stopped by the GUI.",!inspiratoryPauseButton & inspiratoryPhaseEnd U (inspiratoryPauseButton & inspiratoryPhaseEnd & G((PCVMode | PSVMode) & inspiratoryPauseButton -> G(inspiratoryPause & inValveClose & outValveClose))),G((PCVMode | PSVMode) & inspiratoryPauseButton -> (G(!inspiratoryPhaseEnd) U (inspiratoryPhaseEnd & (G(!inspiratoryPauseButton) U (inValveClose & outValveClose))))),False
ADARULE,38,"In PCV and PSV modes there shall be the possibility to initiate an Inspiratory Pause if it is set by the GUI: When the Inspiratory Pause is set by the GUI, the ventilator shall wait for the end of the next inspiration phase, and if the Inspiratory Pause still required, both the inspiratory and expiratory valves will close until the inspiratory pause is stopped by the GUI.",!inspiratoryPauseButton & inspiratoryPhaseEnd U (inspiratoryPauseButton & inspiratoryPhaseEnd & G((PCVMode | PSVMode) & inspiratoryPauseButton -> G(inspiratoryPause & inValveClose & outValveClose))),G((PCVMode | PSVMode) & inspiratoryPauseButton -> (G(!inspiratoryPhaseEnd) U (inspiratoryPhaseEnd & (G(!inspiratoryPauseButton) U (inValveClose & outValveClose))))),False
ADARULE,38,"In PCV and PSV modes there shall be the possibility to initiate an Inspiratory Pause if it is set by the GUI: When the Inspiratory Pause is set by the GUI, the ventilator shall wait for the end of the next inspiration phase, and if the Inspiratory Pause still required, both the inspiratory and expiratory valves will close until the inspiratory pause is stopped by the GUI.",!inspiratoryPauseButton & inspiratoryPhaseEnd U (inspiratoryPauseButton & inspiratoryPhaseEnd & G((PCVMode | PSVMode) & inspiratoryPauseButton -> G(inspiratoryPause & inValveClose & outValveClose))),G((PCVMode | PSVMode) & inspiratoryPauseButton -> (G(!inspiratoryPhaseEnd) U (inspiratoryPhaseEnd & (G(!inspiratoryPauseButton) U (inValveClose & outValveClose))))),False
ADARULE,38,"In PCV and PSV modes there shall be the possibility to initiate an Inspiratory Pause if it is set by the GUI: When the Inspiratory Pause is set by the GUI, the ventilator shall wait for the end of the next inspiration phase, and if the Inspiratory Pause still required, both the inspiratory and expiratory valves will close until the inspiratory pause is stopped by the GUI.",!inspiratoryPauseButton & inspiratoryPhaseEnd U (inspiratoryPauseButton & inspiratoryPhaseEnd & G((PCVMode | PSVMode) & inspiratoryPauseButton -> G(inspiratoryPause & inValveClose & outValveClose))),G((PCVMode | PSVMode) & inspiratoryPauseButton -> (G(!inspiratoryPhaseEnd) U (inspiratoryPhaseEnd & (G(!inspiratoryPauseButton) U (inValveClose & outValveClose))))),False
ADARULE,38,"In PCV and PSV modes there shall be the possibility to initiate an Inspiratory Pause if it is set by the GUI: When the Inspiratory Pause is set by the GUI, the ventilator shall wait for the end of the next inspiration phase, and if the Inspiratory Pause still required, both the inspiratory and expiratory valves will close until the inspiratory pause is stopped by the GUI.",!inspiratoryPauseButton & inspiratoryPhaseEnd U (inspiratoryPauseButton & inspiratoryPhaseEnd & G((PCVMode | PSVMode) & inspiratoryPauseButton -> G(inspiratoryPause & inValveClose & outValveClose))),G((PCVMode | PSVMode) & inspiratoryPauseButton -> (G(!inspiratoryPhaseEnd) U (inspiratoryPhaseEnd & (G(!inspiratoryPauseButton) U (inValveClose & outValveClose))))),False
ADARULE,38,"In PCV and PSV modes there shall be the possibility to initiate an Inspiratory Pause if it is set by the GUI: When the Inspiratory Pause is set by the GUI, the ventilator shall wait for the end of the next inspiration phase, and if the Inspiratory Pause still required, both the inspiratory and expiratory valves will close until the inspiratory pause is stopped by the GUI.",!inspiratoryPauseButton & inspiratoryPhaseEnd U (inspiratoryPauseButton & inspiratoryPhaseEnd & G((PCVMode | PSVMode) & inspiratoryPauseButton -> G(inspiratoryPause & inValveClose & outValveClose))),G((PCVMode | PSVMode) & inspiratoryPauseButton -> (G(!inspiratoryPhaseEnd) U (inspiratoryPhaseEnd & (G(!inspiratoryPauseButton) U (inValveClose & outValveClose))))),False
ADARULE,38,"In PCV and PSV modes there shall be the possibility to initiate an Inspiratory Pause if it is set by the GUI: When the Inspiratory Pause is set by the GUI, the ventilator shall wait for the end of the next inspiration phase, and if the Inspiratory Pause still required, both the inspiratory and expiratory valves will close until the inspiratory pause is stopped by the GUI.",!inspiratoryPauseButton & inspiratoryPhaseEnd U (inspiratoryPauseButton & inspiratoryPhaseEnd & G((PCVMode | PSVMode) & inspiratoryPauseButton -> G(inspiratoryPause & inValveClose & outValveClose))),G((PCVMode | PSVMode) & inspiratoryPauseButton -> (G(!inspiratoryPhaseEnd) U (inspiratoryPhaseEnd & (G(!inspiratoryPauseButton) U (inValveClose & outValveClose))))),False
ADARULE,38,"In PCV and PSV modes there shall be the possibility to initiate an Inspiratory Pause if it is set by the GUI: When the Inspiratory Pause is set by the GUI, the ventilator shall wait for the end of the next inspiration phase, and if the Inspiratory Pause still required, both the inspiratory and expiratory valves will close until the inspiratory pause is stopped by the GUI.",!inspiratoryPauseButton & inspiratoryPhaseEnd U (inspiratoryPauseButton & inspiratoryPhaseEnd & G((PCVMode | PSVMode) & inspiratoryPauseButton -> G(inspiratoryPause & inValveClose & outValveClose))),G((PCVMode | PSVMode) & inspiratoryPauseButton -> (G(!inspiratoryPhaseEnd) U (inspiratoryPhaseEnd & (G(!inspiratoryPauseButton) U (inValveClose & outValveClose))))),False
ADARULE,38,"In PCV and PSV modes there shall be the possibility to initiate an Inspiratory Pause if it is set by the GUI: When the Inspiratory Pause is set by the GUI, the ventilator shall wait for the end of the next inspiration phase, and if the Inspiratory Pause still required, both the inspiratory and expiratory valves will close until the inspiratory pause is stopped by the GUI.",!inspiratoryPauseButton & inspiratoryPhaseEnd U (inspiratoryPauseButton & inspiratoryPhaseEnd & G((PCVMode | PSVMode) & inspiratoryPauseButton -> G(inspiratoryPause & inValveClose & outValveClose))),G((PCVMode | PSVMode) & inspiratoryPauseButton -> (G(!inspiratoryPhaseEnd) U (inspiratoryPhaseEnd & (G(!inspiratoryPauseButton) U (inValveClose & outValveClose & G(!inspiratoryPause,None
ADARULE,38,"In PCV and PSV modes there shall be the possibility to initiate an Inspiratory Pause if it is set by the GUI: When the Inspiratory Pause is set by the GUI, the ventilator shall wait for the end of the next inspiration phase, and if the Inspiratory Pause still required, both the inspiratory and expiratory valves will close until the inspiratory pause is stopped by the GUI.",!inspiratoryPauseButton & inspiratoryPhaseEnd U (inspiratoryPauseButton & inspiratoryPhaseEnd & G((PCVMode | PSVMode) & inspiratoryPauseButton -> G(inspiratoryPause & inValveClose & outValveClose))),G((PCVMode | PSVMode) & inspiratoryPauseButton -> (G(!inspiratoryPhaseEnd) U (inspiratoryPhaseEnd & (G(!inspiratoryPauseButton) U (inValveClose & outValveClose))))),False
ADARULE,38,"In PCV and PSV modes there shall be the possibility to initiate an Inspiratory Pause if it is set by the GUI: When the Inspiratory Pause is set by the GUI, the ventilator shall wait for the end of the next inspiration phase, and if the Inspiratory Pause still required, both the inspiratory and expiratory valves will close until the inspiratory pause is stopped by the GUI.",!inspiratoryPauseButton & inspiratoryPhaseEnd U (inspiratoryPauseButton & inspiratoryPhaseEnd & G((PCVMode | PSVMode) & inspiratoryPauseButton -> G(inspiratoryPause & inValveClose & outValveClose))),G((PCVMode | PSVMode) & inspiratoryPauseButton -> (G(!inspiratoryPhaseEnd) U (inspiratoryPhaseEnd & (G(!inspiratoryPauseButton) U (inValveClose & outValveClose))))),False
ADARULE,38,"In PCV and PSV modes there shall be the possibility to initiate an Inspiratory Pause if it is set by the GUI: When the Inspiratory Pause is set by the GUI, the ventilator shall wait for the end of the next inspiration phase, and if the Inspiratory Pause still required, both the inspiratory and expiratory valves will close until the inspiratory pause is stopped by the GUI.",!inspiratoryPauseButton & inspiratoryPhaseEnd U (inspiratoryPauseButton & inspiratoryPhaseEnd & G((PCVMode | PSVMode) & inspiratoryPauseButton -> G(inspiratoryPause & inValveClose & outValveClose))),G((PCVMode | PSVMode) & inspiratoryPauseButton -> (G(!inspiratoryPhaseEnd) U (inspiratoryPhaseEnd & (G(!inspiratoryPauseButton) U (inValveClose & outValveClose))))),False
ADARULE,38,"In PCV and PSV modes there shall be the possibility to initiate an Inspiratory Pause if it is set by the GUI: When the Inspiratory Pause is set by the GUI, the ventilator shall wait for the end of the next inspiration phase, and if the Inspiratory Pause still required, both the inspiratory and expiratory valves will close until the inspiratory pause is stopped by the GUI.",!inspiratoryPauseButton & inspiratoryPhaseEnd U (inspiratoryPauseButton & inspiratoryPhaseEnd & G((PCVMode | PSVMode) & inspiratoryPauseButton -> G(inspiratoryPause & inValveClose & outValveClose))),G((PCVMode | PSVMode) & inspiratoryPauseButton -> (G(!inspiratoryPhaseEnd) U (inspiratoryPhaseEnd & (G(!inspiratoryPauseButton) U (inValveClose & outValveClose))))),False
ADARULE,38,"In PCV and PSV modes there shall be the possibility to initiate an Inspiratory Pause if it is set by the GUI: When the Inspiratory Pause is set by the GUI, the ventilator shall wait for the end of the next inspiration phase, and if the Inspiratory Pause still required, both the inspiratory and expiratory valves will close until the inspiratory pause is stopped by the GUI.",!inspiratoryPauseButton & inspiratoryPhaseEnd U (inspiratoryPauseButton & inspiratoryPhaseEnd & G((PCVMode | PSVMode) & inspiratoryPauseButton -> G(inspiratoryPause & inValveClose & outValveClose))),G((PCVMode | PSVMode) & inspiratoryPauseButton -> (G(!inspiratoryPhaseEnd) U (inspiratoryPhaseEnd & (G(!inspiratoryPauseButton) U (inValveClose & outValveClose))))),False
ADARULE,38,"In PCV and PSV modes there shall be the possibility to initiate an Inspiratory Pause if it is set by the GUI: When the Inspiratory Pause is set by the GUI, the ventilator shall wait for the end of the next inspiration phase, and if the Inspiratory Pause still required, both the inspiratory and expiratory valves will close until the inspiratory pause is stopped by the GUI.",!inspiratoryPauseButton & inspiratoryPhaseEnd U (inspiratoryPauseButton & inspiratoryPhaseEnd & G((PCVMode | PSVMode) & inspiratoryPauseButton -> G(inspiratoryPause & inValveClose & outValveClose))),G((PCVMode | PSVMode) & inspiratoryPauseButton -> (G(!inspiratoryPhaseEnd) U (inspiratoryPhaseEnd & (G(!inspiratoryPauseButton) U (inValveClose & outValveClose))))),False
ADARULE,38,"In PCV and PSV modes there shall be the possibility to initiate an Inspiratory Pause if it is set by the GUI: When the Inspiratory Pause is set by the GUI, the ventilator shall wait for the end of the next inspiration phase, and if the Inspiratory Pause still required, both the inspiratory and expiratory valves will close until the inspiratory pause is stopped by the GUI.",!inspiratoryPauseButton & inspiratoryPhaseEnd U (inspiratoryPauseButton & inspiratoryPhaseEnd & G((PCVMode | PSVMode) & inspiratoryPauseButton -> G(inspiratoryPause & inValveClose & outValveClose))),G((PCVMode | PSVMode) & inspiratoryPauseButton -> (G(!inspiratoryPhaseEnd) U (inspiratoryPhaseEnd & (G(!inspiratoryPauseButton) U (inValveClose & outValveClose))))),False
ADARULE,38,"In PCV and PSV modes there shall be the possibility to initiate an Inspiratory Pause if it is set by the GUI: When the Inspiratory Pause is set by the GUI, the ventilator shall wait for the end of the next inspiration phase, and if the Inspiratory Pause still required, both the inspiratory and expiratory valves will close until the inspiratory pause is stopped by the GUI.",!inspiratoryPauseButton & inspiratoryPhaseEnd U (inspiratoryPauseButton & inspiratoryPhaseEnd & G((PCVMode | PSVMode) & inspiratoryPauseButton -> G(inspiratoryPause & inValveClose & outValveClose))),G((PCVMode | PSVMode) & inspiratoryPauseButton -> (G(!inspiratoryPhaseEnd) U (inspiratoryPhaseEnd & (G(!inspiratoryPauseButton) U (inValveClose & outValveClose))))),False
ADARULE,38,"In PCV and PSV modes there shall be the possibility to initiate an Inspiratory Pause if it is set by the GUI: When the Inspiratory Pause is set by the GUI, the ventilator shall wait for the end of the next inspiration phase, and if the Inspiratory Pause still required, both the inspiratory and expiratory valves will close until the inspiratory pause is stopped by the GUI.",!inspiratoryPauseButton & inspiratoryPhaseEnd U (inspiratoryPauseButton & inspiratoryPhaseEnd & G((PCVMode | PSVMode) & inspiratoryPauseButton -> G(inspiratoryPause & inValveClose & outValveClose))),G((PCVMode | PSVMode) & inspiratoryPauseButton -> (G(!inspiratoryPhaseEnd) U (inspiratoryPhaseEnd & (G(!inspiratoryPauseButton) U (inValveClose & outValveClose))))),False
ADARULE,38,"In PCV and PSV modes there shall be the possibility to initiate an Inspiratory Pause if it is set by the GUI: When the Inspiratory Pause is set by the GUI, the ventilator shall wait for the end of the next inspiration phase, and if the Inspiratory Pause still required, both the inspiratory and expiratory valves will close until the inspiratory pause is stopped by the GUI.",!inspiratoryPauseButton & inspiratoryPhaseEnd U (inspiratoryPauseButton & inspiratoryPhaseEnd & G((PCVMode | PSVMode) & inspiratoryPauseButton -> G(inspiratoryPause & inValveClose & outValveClose))),G((PCVMode | PSVMode) & inspiratoryPauseButton -> (G(!inspiratoryPhaseEnd) U (inspiratoryPhaseEnd & (G(!inspiratoryPauseButton) U (inValveClose & outValveClose))))),False
ADARULE,38,"In PCV and PSV modes there shall be the possibility to initiate an Inspiratory Pause if it is set by the GUI: When the Inspiratory Pause is set by the GUI, the ventilator shall wait for the end of the next inspiration phase, and if the Inspiratory Pause still required, both the inspiratory and expiratory valves will close until the inspiratory pause is stopped by the GUI.",!inspiratoryPauseButton & inspiratoryPhaseEnd U (inspiratoryPauseButton & inspiratoryPhaseEnd & G((PCVMode | PSVMode) & inspiratoryPauseButton -> G(inspiratoryPause & inValveClose & outValveClose))),G((PCVMode | PSVMode) & inspiratoryPauseButton -> (G(!inspiratoryPhaseEnd) U (inspiratoryPhaseEnd & (G(!inspiratoryPauseButton) U (inValveClose & outValveClose))))),False
ADARULE,38,"In PCV and PSV modes there shall be the possibility to initiate an Inspiratory Pause if it is set by the GUI: When the Inspiratory Pause is set by the GUI, the ventilator shall wait for the end of the next inspiration phase, and if the Inspiratory Pause still required, both the inspiratory and expiratory valves will close until the inspiratory pause is stopped by the GUI.",!inspiratoryPauseButton & inspiratoryPhaseEnd U (inspiratoryPauseButton & inspiratoryPhaseEnd & G((PCVMode | PSVMode) & inspiratoryPauseButton -> G(inspiratoryPause & inValveClose & outValveClose))),G((PCVMode | PSVMode) & inspiratoryPauseButton -> (G(!inspiratoryPhaseEnd) U (inspiratoryPhaseEnd & (G(!inspiratoryPauseButton) U (inValveClose & outValveClose))))),False
ADARULE,38,"In PCV and PSV modes there shall be the possibility to initiate an Inspiratory Pause if it is set by the GUI: When the Inspiratory Pause is set by the GUI, the ventilator shall wait for the end of the next inspiration phase, and if the Inspiratory Pause still required, both the inspiratory and expiratory valves will close until the inspiratory pause is stopped by the GUI.",!inspiratoryPauseButton & inspiratoryPhaseEnd U (inspiratoryPauseButton & inspiratoryPhaseEnd & G((PCVMode | PSVMode) & inspiratoryPauseButton -> G(inspiratoryPause & inValveClose & outValveClose))),G((PCVMode | PSVMode) & inspiratoryPauseButton -> (G(!inspiratoryPhaseEnd) U (inspiratoryPhaseEnd & (G(!inspiratoryPauseButton) U (inValveClose & outValveClose))))),False
ADARULE,38,"In PCV and PSV modes there shall be the possibility to initiate an Inspiratory Pause if it is set by the GUI: When the Inspiratory Pause is set by the GUI, the ventilator shall wait for the end of the next inspiration phase, and if the Inspiratory Pause still required, both the inspiratory and expiratory valves will close until the inspiratory pause is stopped by the GUI.",!inspiratoryPauseButton & inspiratoryPhaseEnd U (inspiratoryPauseButton & inspiratoryPhaseEnd & G((PCVMode | PSVMode) & inspiratoryPauseButton -> G(inspiratoryPause & inValveClose & outValveClose))),G((PCVMode | PSVMode) & inspiratoryPauseButton -> (G(!inspiratoryPhaseEnd) U (inspiratoryPhaseEnd & (G(!inspiratoryPauseButton) U (inValveClose & outValveClose))))),False
ADARULE,38,"In PCV and PSV modes there shall be the possibility to initiate an Inspiratory Pause if it is set by the GUI: When the Inspiratory Pause is set by the GUI, the ventilator shall wait for the end of the next inspiration phase, and if the Inspiratory Pause still required, both the inspiratory and expiratory valves will close until the inspiratory pause is stopped by the GUI.",!inspiratoryPauseButton & inspiratoryPhaseEnd U (inspiratoryPauseButton & inspiratoryPhaseEnd & G((PCVMode | PSVMode) & inspiratoryPauseButton -> G(inspiratoryPause & inValveClose & outValveClose))),G((PCVMode | PSVMode) & inspiratoryPauseButton -> (G(!inspiratoryPhaseEnd) U (inspiratoryPhaseEnd & (G(!inspiratoryPauseButton) U (inValveClose & outValveClose))))),False
ADARULE,38,"In PCV and PSV modes there shall be the possibility to initiate an Inspiratory Pause if it is set by the GUI: When the Inspiratory Pause is set by the GUI, the ventilator shall wait for the end of the next inspiration phase, and if the Inspiratory Pause still required, both the inspiratory and expiratory valves will close until the inspiratory pause is stopped by the GUI.",!inspiratoryPauseButton & inspiratoryPhaseEnd U (inspiratoryPauseButton & inspiratoryPhaseEnd & G((PCVMode | PSVMode) & inspiratoryPauseButton -> G(inspiratoryPause & inValveClose & outValveClose))),G((PCVMode | PSVMode) & inspiratoryPauseButton -> (G(!inspiratoryPhaseEnd) U (inspiratoryPhaseEnd & (G(!inspiratoryPauseButton) U (inValveClose & outValveClose))))),False
ADARULE,38,"In PCV and PSV modes there shall be the possibility to initiate an Inspiratory Pause if it is set by the GUI: When the Inspiratory Pause is set by the GUI, the ventilator shall wait for the end of the next inspiration phase, and if the Inspiratory Pause still required, both the inspiratory and expiratory valves will close until the inspiratory pause is stopped by the GUI.",!inspiratoryPauseButton & inspiratoryPhaseEnd U (inspiratoryPauseButton & inspiratoryPhaseEnd & G((PCVMode | PSVMode) & inspiratoryPauseButton -> G(inspiratoryPause & inValveClose & outValveClose))),G((PCVMode | PSVMode) & inspiratoryPauseButton -> (G(!inspiratoryPhaseEnd) U (inspiratoryPhaseEnd & (G(!inspiratoryPauseButton) U (inValveClose & outValveClose))))),False
ADARULE,38,"In PCV and PSV modes there shall be the possibility to initiate an Inspiratory Pause if it is set by the GUI: When the Inspiratory Pause is set by the GUI, the ventilator shall wait for the end of the next inspiration phase, and if the Inspiratory Pause still required, both the inspiratory and expiratory valves will close until the inspiratory pause is stopped by the GUI.",!inspiratoryPauseButton & inspiratoryPhaseEnd U (inspiratoryPauseButton & inspiratoryPhaseEnd & G((PCVMode | PSVMode) & inspiratoryPauseButton -> G(inspiratoryPause & inValveClose & outValveClose))),G((PCVMode | PSVMode) & inspiratoryPauseButton -> (G(!inspiratoryPhaseEnd) U (inspiratoryPhaseEnd & (G(!inspiratoryPauseButton) U (inValveClose & outValveClose))))),False
ADARULE,38,"In PCV and PSV modes there shall be the possibility to initiate an Inspiratory Pause if it is set by the GUI: When the Inspiratory Pause is set by the GUI, the ventilator shall wait for the end of the next inspiration phase, and if the Inspiratory Pause still required, both the inspiratory and expiratory valves will close until the inspiratory pause is stopped by the GUI.",!inspiratoryPauseButton & inspiratoryPhaseEnd U (inspiratoryPauseButton & inspiratoryPhaseEnd & G((PCVMode | PSVMode) & inspiratoryPauseButton -> G(inspiratoryPause & inValveClose & outValveClose))),G((PCVMode | PSVMode) & inspiratoryPauseButton -> (G(!inspiratoryPhaseEnd) U (inspiratoryPhaseEnd & (G(!inspiratoryPauseButton) U (inValveClose & outValveClose))))),False
ADARULE,38,"In PCV and PSV modes there shall be the possibility to initiate an Inspiratory Pause if it is set by the GUI: When the Inspiratory Pause is set by the GUI, the ventilator shall wait for the end of the next inspiration phase, and if the Inspiratory Pause still required, both the inspiratory and expiratory valves will close until the inspiratory pause is stopped by the GUI.",!inspiratoryPauseButton & inspiratoryPhaseEnd U (inspiratoryPauseButton & inspiratoryPhaseEnd & G((PCVMode | PSVMode) & inspiratoryPauseButton -> G(inspiratoryPause & inValveClose & outValveClose))),G((PCVMode | PSVMode) & inspiratoryPauseButton -> (G(!inspiratoryPhaseEnd) U (inspiratoryPhaseEnd & (G(!inspiratoryPauseButton) U (inValveClose & outValveClose))))),False
ADARULE,38,"In PCV and PSV modes there shall be the possibility to initiate an Inspiratory Pause if it is set by the GUI: When the Inspiratory Pause is set by the GUI, the ventilator shall wait for the end of the next inspiration phase, and if the Inspiratory Pause still required, both the inspiratory and expiratory valves will close until the inspiratory pause is stopped by the GUI.",!inspiratoryPauseButton & inspiratoryPhaseEnd U (inspiratoryPauseButton & inspiratoryPhaseEnd & G((PCVMode | PSVMode) & inspiratoryPauseButton -> G(inspiratoryPause & inValveClose & outValveClose))),G((PCVMode | PSVMode) & inspiratoryPauseButton -> (G(!inspiratoryPhaseEnd) U (inspiratoryPhaseEnd & (G(!inspiratoryPauseButton) U (inValveClose & outValveClose))))),False
ADARULE,38,"In PCV and PSV modes there shall be the possibility to initiate an Inspiratory Pause if it is set by the GUI: When the Inspiratory Pause is set by the GUI, the ventilator shall wait for the end of the next inspiration phase, and if the Inspiratory Pause still required, both the inspiratory and expiratory valves will close until the inspiratory pause is stopped by the GUI.",!inspiratoryPauseButton & inspiratoryPhaseEnd U (inspiratoryPauseButton & inspiratoryPhaseEnd & G((PCVMode | PSVMode) & inspiratoryPauseButton -> G(inspiratoryPause & inValveClose & outValveClose))),G((PCVMode | PSVMode) & inspiratoryPauseButton -> (G(!inspiratoryPhaseEnd) U (inspiratoryPhaseEnd & (G(!inspiratoryPauseButton) U (inValveClose & outValveClose))))),False
ADARULE,38,"In PCV and PSV modes there shall be the possibility to initiate an Inspiratory Pause if it is set by the GUI: When the Inspiratory Pause is set by the GUI, the ventilator shall wait for the end of the next inspiration phase, and if the Inspiratory Pause still required, both the inspiratory and expiratory valves will close until the inspiratory pause is stopped by the GUI.",!inspiratoryPauseButton & inspiratoryPhaseEnd U (inspiratoryPauseButton & inspiratoryPhaseEnd & G((PCVMode | PSVMode) & inspiratoryPauseButton -> G(inspiratoryPause & inValveClose & outValveClose))),G((PCVMode | PSVMode) & inspiratoryPauseButton -> (G(!inspiratoryPhaseEnd) U (inspiratoryPhaseEnd & (G(!inspiratoryPauseButton) U (inValveClose & outValveClose))))),False
ADARULE,38,"In PCV and PSV modes there shall be the possibility to initiate an Inspiratory Pause if it is set by the GUI: When the Inspiratory Pause is set by the GUI, the ventilator shall wait for the end of the next inspiration phase, and if the Inspiratory Pause still required, both the inspiratory and expiratory valves will close until the inspiratory pause is stopped by the GUI.",!inspiratoryPauseButton & inspiratoryPhaseEnd U (inspiratoryPauseButton & inspiratoryPhaseEnd & G((PCVMode | PSVMode) & inspiratoryPauseButton -> G(inspiratoryPause & inValveClose & outValveClose))),G((PCVMode | PSVMode) & inspiratoryPauseButton -> (G(!inspiratoryPhaseEnd) U (inspiratoryPhaseEnd & (G(!inspiratoryPauseButton) U (inValveClose & outValveClose))))),False
ADARULE,38,"In PCV and PSV modes there shall be the possibility to initiate an Inspiratory Pause if it is set by the GUI: When the Inspiratory Pause is set by the GUI, the ventilator shall wait for the end of the next inspiration phase, and if the Inspiratory Pause still required, both the inspiratory and expiratory valves will close until the inspiratory pause is stopped by the GUI.",!inspiratoryPauseButton & inspiratoryPhaseEnd U (inspiratoryPauseButton & inspiratoryPhaseEnd & G((PCVMode | PSVMode) & inspiratoryPauseButton -> G(inspiratoryPause & inValveClose & outValveClose))),G((PCVMode | PSVMode) & inspiratoryPauseButton -> (G(!inspiratoryPhaseEnd) U (inspiratoryPhaseEnd & (G(!inspiratoryPauseButton) U (inValveClose & outValveClose))))),False
ADARULE,38,"In PCV and PSV modes there shall be the possibility to initiate an Inspiratory Pause if it is set by the GUI: When the Inspiratory Pause is set by the GUI, the ventilator shall wait for the end of the next inspiration phase, and if the Inspiratory Pause still required, both the inspiratory and expiratory valves will close until the inspiratory pause is stopped by the GUI.",!inspiratoryPauseButton & inspiratoryPhaseEnd U (inspiratoryPauseButton & inspiratoryPhaseEnd & G((PCVMode | PSVMode) & inspiratoryPauseButton -> G(inspiratoryPause & inValveClose & outValveClose))),G((PCVMode | PSVMode) & inspiratoryPauseButton -> (G(!inspiratoryPhaseEnd) U (inspiratoryPhaseEnd & (G(!inspiratoryPauseButton) U (inValveClose & outValveClose))))),False
ADARULE,38,"In PCV and PSV modes there shall be the possibility to initiate an Inspiratory Pause if it is set by the GUI: When the Inspiratory Pause is set by the GUI, the ventilator shall wait for the end of the next inspiration phase, and if the Inspiratory Pause still required, both the inspiratory and expiratory valves will close until the inspiratory pause is stopped by the GUI.",!inspiratoryPauseButton & inspiratoryPhaseEnd U (inspiratoryPauseButton & inspiratoryPhaseEnd & G((PCVMode | PSVMode) & inspiratoryPauseButton -> G(inspiratoryPause & inValveClose & outValveClose))),G((PCVMode | PSVMode) & inspiratoryPauseButton -> (G(!inspiratoryPhaseEnd) U (inspiratoryPhaseEnd & (G(!inspiratoryPauseButton) U (inValveClose & outValveClose))))),False
ADARULE,38,"In PCV and PSV modes there shall be the possibility to initiate an Inspiratory Pause if it is set by the GUI: When the Inspiratory Pause is set by the GUI, the ventilator shall wait for the end of the next inspiration phase, and if the Inspiratory Pause still required, both the inspiratory and expiratory valves will close until the inspiratory pause is stopped by the GUI.",!inspiratoryPauseButton & inspiratoryPhaseEnd U (inspiratoryPauseButton & inspiratoryPhaseEnd & G((PCVMode | PSVMode) & inspiratoryPauseButton -> G(inspiratoryPause & inValveClose & outValveClose))),G((PCVMode | PSVMode) & inspiratoryPauseButton -> (G(!inspiratoryPhaseEnd) U (inspiratoryPhaseEnd & (G(!inspiratoryPauseButton) U (inValveClose & outValveClose))))),False
ADARULE,38,"In PCV and PSV modes there shall be the possibility to initiate an Inspiratory Pause if it is set by the GUI: When the Inspiratory Pause is set by the GUI, the ventilator shall wait for the end of the next inspiration phase, and if the Inspiratory Pause still required, both the inspiratory and expiratory valves will close until the inspiratory pause is stopped by the GUI.",!inspiratoryPauseButton & inspiratoryPhaseEnd U (inspiratoryPauseButton & inspiratoryPhaseEnd & G((PCVMode | PSVMode) & inspiratoryPauseButton -> G(inspiratoryPause & inValveClose & outValveClose))),G((PCVMode | PSVMode) & inspiratoryPauseButton -> (G(!inspiratoryPhaseEnd) U (inspiratoryPhaseEnd & (G(!inspiratoryPauseButton) U (inValveClose & outValveClose))))),False
ADARULE,38,"In PCV and PSV modes there shall be the possibility to initiate an Inspiratory Pause if it is set by the GUI: When the Inspiratory Pause is set by the GUI, the ventilator shall wait for the end of the next inspiration phase, and if the Inspiratory Pause still required, both the inspiratory and expiratory valves will close until the inspiratory pause is stopped by the GUI.",!inspiratoryPauseButton & inspiratoryPhaseEnd U (inspiratoryPauseButton & inspiratoryPhaseEnd & G((PCVMode | PSVMode) & inspiratoryPauseButton -> G(inspiratoryPause & inValveClose & outValveClose))),G((PCVMode | PSVMode) & inspiratoryPauseButton -> (G(!inspiratoryPhaseEnd) U (inspiratoryPhaseEnd & (G(!inspiratoryPauseButton) U (inValveClose & outValveClose))))),False
ADARULE,38,"In PCV and PSV modes there shall be the possibility to initiate an Inspiratory Pause if it is set by the GUI: When the Inspiratory Pause is set by the GUI, the ventilator shall wait for the end of the next inspiration phase, and if the Inspiratory Pause still required, both the inspiratory and expiratory valves will close until the inspiratory pause is stopped by the GUI.",!inspiratoryPauseButton & inspiratoryPhaseEnd U (inspiratoryPauseButton & inspiratoryPhaseEnd & G((PCVMode | PSVMode) & inspiratoryPauseButton -> G(inspiratoryPause & inValveClose & outValveClose))),G((PCVMode | PSVMode) & inspiratoryPauseButton -> (G(!inspiratoryPhaseEnd) U (inspiratoryPhaseEnd & (G(!inspiratoryPauseButton) U (inValveClose & outValveClose))))),False
ADARULE,38,"In PCV and PSV modes there shall be the possibility to initiate an Inspiratory Pause if it is set by the GUI: When the Inspiratory Pause is set by the GUI, the ventilator shall wait for the end of the next inspiration phase, and if the Inspiratory Pause still required, both the inspiratory and expiratory valves will close until the inspiratory pause is stopped by the GUI.",!inspiratoryPauseButton & inspiratoryPhaseEnd U (inspiratoryPauseButton & inspiratoryPhaseEnd & G((PCVMode | PSVMode) & inspiratoryPauseButton -> G(inspiratoryPause & inValveClose & outValveClose))),G((PCVMode | PSVMode) & inspiratoryPauseButton -> (G(!inspiratoryPhaseEnd) U (inspiratoryPhaseEnd & (G(!inspiratoryPauseButton) U (inValveClose & outValveClose))))),False
ADARULE,38,"In PCV and PSV modes there shall be the possibility to initiate an Inspiratory Pause if it is set by the GUI: When the Inspiratory Pause is set by the GUI, the ventilator shall wait for the end of the next inspiration phase, and if the Inspiratory Pause still required, both the inspiratory and expiratory valves will close until the inspiratory pause is stopped by the GUI.",!inspiratoryPauseButton & inspiratoryPhaseEnd U (inspiratoryPauseButton & inspiratoryPhaseEnd & G((PCVMode | PSVMode) & inspiratoryPauseButton -> G(inspiratoryPause & inValveClose & outValveClose))),G((PCVMode | PSVMode) & inspiratoryPauseButton -> (G(!inspiratoryPhaseEnd) U (inspiratoryPhaseEnd & (G(!inspiratoryPauseButton) U (inValveClose & outValveClose))))),False
ADARULE,38,"In PCV and PSV modes there shall be the possibility to initiate an Inspiratory Pause if it is set by the GUI: When the Inspiratory Pause is set by the GUI, the ventilator shall wait for the end of the next inspiration phase, and if the Inspiratory Pause still required, both the inspiratory and expiratory valves will close until the inspiratory pause is stopped by the GUI.",!inspiratoryPauseButton & inspiratoryPhaseEnd U (inspiratoryPauseButton & inspiratoryPhaseEnd & G((PCVMode | PSVMode) & inspiratoryPauseButton -> G(inspiratoryPause & inValveClose & outValveClose))),G((PCVMode | PSVMode) & inspiratoryPauseButton -> (G(!inspiratoryPhaseEnd) U (inspiratoryPhaseEnd & (G(!inspiratoryPauseButton) U (inValveClose & outValveClose))))),False
ADARULE,38,"In PCV and PSV modes there shall be the possibility to initiate an Inspiratory Pause if it is set by the GUI: When the Inspiratory Pause is set by the GUI, the ventilator shall wait for the end of the next inspiration phase, and if the Inspiratory Pause still required, both the inspiratory and expiratory valves will close until the inspiratory pause is stopped by the GUI.",!inspiratoryPauseButton & inspiratoryPhaseEnd U (inspiratoryPauseButton & inspiratoryPhaseEnd & G((PCVMode | PSVMode) & inspiratoryPauseButton -> G(inspiratoryPause & inValveClose & outValveClose))),G((PCVMode | PSVMode) & inspiratoryPauseButton -> (G(!inspiratoryPhaseEnd) U (inspiratoryPhaseEnd & (G(!inspiratoryPauseButton) U (inValveClose & outValveClose))))),False
ADARULE,38,"In PCV and PSV modes there shall be the possibility to initiate an Inspiratory Pause if it is set by the GUI: When the Inspiratory Pause is set by the GUI, the ventilator shall wait for the end of the next inspiration phase, and if the Inspiratory Pause still required, both the inspiratory and expiratory valves will close until the inspiratory pause is stopped by the GUI.",!inspiratoryPauseButton & inspiratoryPhaseEnd U (inspiratoryPauseButton & inspiratoryPhaseEnd & G((PCVMode | PSVMode) & inspiratoryPauseButton -> G(inspiratoryPause & inValveClose & outValveClose))),G((PCVMode | PSVMode) & inspiratoryPauseButton -> (G(!inspiratoryPhaseEnd) U (inspiratoryPhaseEnd & (G(!inspiratoryPauseButton) U (inValveClose & outValveClose))))),False
ADARULE,38,"In PCV and PSV modes there shall be the possibility to initiate an Inspiratory Pause if it is set by the GUI: When the Inspiratory Pause is set by the GUI, the ventilator shall wait for the end of the next inspiration phase, and if the Inspiratory Pause still required, both the inspiratory and expiratory valves will close until the inspiratory pause is stopped by the GUI.",!inspiratoryPauseButton & inspiratoryPhaseEnd U (inspiratoryPauseButton & inspiratoryPhaseEnd & G((PCVMode | PSVMode) & inspiratoryPauseButton -> G(inspiratoryPause & inValveClose & outValveClose))),G((PCVMode | PSVMode) & inspiratoryPauseButton -> (G(!inspiratoryPhaseEnd) U (inspiratoryPhaseEnd & (G(!inspiratoryPauseButton) U (inValveClose & outValveClose))))),False
ADARULE,38,"In PCV and PSV modes there shall be the possibility to initiate an Inspiratory Pause if it is set by the GUI: When the Inspiratory Pause is set by the GUI, the ventilator shall wait for the end of the next inspiration phase, and if the Inspiratory Pause still required, both the inspiratory and expiratory valves will close until the inspiratory pause is stopped by the GUI.",!inspiratoryPauseButton & inspiratoryPhaseEnd U (inspiratoryPauseButton & inspiratoryPhaseEnd & G((PCVMode | PSVMode) & inspiratoryPauseButton -> G(inspiratoryPause & inValveClose & outValveClose))),G((PCVMode | PSVMode) & inspiratoryPauseButton -> (G(!inspiratoryPhaseEnd) U (inspiratoryPhaseEnd & (G(!inspiratoryPauseButton) U (inValveClose & outValveClose))))),False
ADARULE,38,"In PCV and PSV modes there shall be the possibility to initiate an Inspiratory Pause if it is set by the GUI: When the Inspiratory Pause is set by the GUI, the ventilator shall wait for the end of the next inspiration phase, and if the Inspiratory Pause still required, both the inspiratory and expiratory valves will close until the inspiratory pause is stopped by the GUI.",!inspiratoryPauseButton & inspiratoryPhaseEnd U (inspiratoryPauseButton & inspiratoryPhaseEnd & G((PCVMode | PSVMode) & inspiratoryPauseButton -> G(inspiratoryPause & inValveClose & outValveClose))),G((PCVMode | PSVMode) & inspiratoryPauseButton -> (G(!inspiratoryPhaseEnd) U (inspiratoryPhaseEnd & (G(!inspiratoryPauseButton) U (inValveClose & outValveClose))))),False
ADARULE,38,"In PCV and PSV modes there shall be the possibility to initiate an Inspiratory Pause if it is set by the GUI: When the Inspiratory Pause is set by the GUI, the ventilator shall wait for the end of the next inspiration phase, and if the Inspiratory Pause still required, both the inspiratory and expiratory valves will close until the inspiratory pause is stopped by the GUI.",!inspiratoryPauseButton & inspiratoryPhaseEnd U (inspiratoryPauseButton & inspiratoryPhaseEnd & G((PCVMode | PSVMode) & inspiratoryPauseButton -> G(inspiratoryPause & inValveClose & outValveClose))),G((PCVMode | PSVMode) & inspiratoryPauseButton -> (G(!inspiratoryPhaseEnd) U (inspiratoryPhaseEnd & (G(!inspiratoryPauseButton) U (inValveClose & outValveClose))))),False
ADARULE,38,"In PCV and PSV modes there shall be the possibility to initiate an Inspiratory Pause if it is set by the GUI: When the Inspiratory Pause is set by the GUI, the ventilator shall wait for the end of the next inspiration phase, and if the Inspiratory Pause still required, both the inspiratory and expiratory valves will close until the inspiratory pause is stopped by the GUI.",!inspiratoryPauseButton & inspiratoryPhaseEnd U (inspiratoryPauseButton & inspiratoryPhaseEnd & G((PCVMode | PSVMode) & inspiratoryPauseButton -> G(inspiratoryPause & inValveClose & outValveClose))),G((PCVMode | PSVMode) & inspiratoryPauseButton -> (G(!inspiratoryPhaseEnd) U (inspiratoryPhaseEnd & (G(!inspiratoryPauseButton) U (inValveClose & outValveClose))))),False
ADARULE,38,"In PCV and PSV modes there shall be the possibility to initiate an Inspiratory Pause if it is set by the GUI: When the Inspiratory Pause is set by the GUI, the ventilator shall wait for the end of the next inspiration phase, and if the Inspiratory Pause still required, both the inspiratory and expiratory valves will close until the inspiratory pause is stopped by the GUI.",!inspiratoryPauseButton & inspiratoryPhaseEnd U (inspiratoryPauseButton & inspiratoryPhaseEnd & G((PCVMode | PSVMode) & inspiratoryPauseButton -> G(inspiratoryPause & inValveClose & outValveClose))),G((PCVMode | PSVMode) & inspiratoryPauseButton -> (G(!inspiratoryPhaseEnd) U (inspiratoryPhaseEnd & (G(!inspiratoryPauseButton) U (inValveClose & outValveClose))))),False
ADARULE,38,"In PCV and PSV modes there shall be the possibility to initiate an Inspiratory Pause if it is set by the GUI: When the Inspiratory Pause is set by the GUI, the ventilator shall wait for the end of the next inspiration phase, and if the Inspiratory Pause still required, both the inspiratory and expiratory valves will close until the inspiratory pause is stopped by the GUI.",!inspiratoryPauseButton & inspiratoryPhaseEnd U (inspiratoryPauseButton & inspiratoryPhaseEnd & G((PCVMode | PSVMode) & inspiratoryPauseButton -> G(inspiratoryPause & inValveClose & outValveClose))),G((PCVMode | PSVMode) & inspiratoryPauseButton -> (G(!inspiratoryPhaseEnd) U (inspiratoryPhaseEnd & (G(!inspiratoryPauseButton) U (inValveClose & outValveClose))))),False
ADARULE,38,"In PCV and PSV modes there shall be the possibility to initiate an Inspiratory Pause if it is set by the GUI: When the Inspiratory Pause is set by the GUI, the ventilator shall wait for the end of the next inspiration phase, and if the Inspiratory Pause still required, both the inspiratory and expiratory valves will close until the inspiratory pause is stopped by the GUI.",!inspiratoryPauseButton & inspiratoryPhaseEnd U (inspiratoryPauseButton & inspiratoryPhaseEnd & G((PCVMode | PSVMode) & inspiratoryPauseButton -> G(inspiratoryPause & inValveClose & outValveClose))),G((PCVMode | PSVMode) & inspiratoryPauseButton -> (G(!inspiratoryPhaseEnd) U (inspiratoryPhaseEnd & (G(!inspiratoryPauseButton) U (inValveClose & outValveClose))))),False
ADARULE,38,"In PCV and PSV modes there shall be the possibility to initiate an Inspiratory Pause if it is set by the GUI: When the Inspiratory Pause is set by the GUI, the ventilator shall wait for the end of the next inspiration phase, and if the Inspiratory Pause still required, both the inspiratory and expiratory valves will close until the inspiratory pause is stopped by the GUI.",!inspiratoryPauseButton & inspiratoryPhaseEnd U (inspiratoryPauseButton & inspiratoryPhaseEnd & G((PCVMode | PSVMode) & inspiratoryPauseButton -> G(inspiratoryPause & inValveClose & outValveClose))),G((PCVMode | PSVMode) & inspiratoryPauseButton -> (G(!inspiratoryPhaseEnd) U (inspiratoryPhaseEnd & (G(!inspiratoryPauseButton) U (inValveClose & outValveClose))))),False
ADARULE,38,"In PCV and PSV modes there shall be the possibility to initiate an Inspiratory Pause if it is set by the GUI: When the Inspiratory Pause is set by the GUI, the ventilator shall wait for the end of the next inspiration phase, and if the Inspiratory Pause still required, both the inspiratory and expiratory valves will close until the inspiratory pause is stopped by the GUI.",!inspiratoryPauseButton & inspiratoryPhaseEnd U (inspiratoryPauseButton & inspiratoryPhaseEnd & G((PCVMode | PSVMode) & inspiratoryPauseButton -> G(inspiratoryPause & inValveClose & outValveClose))),G((PCVMode | PSVMode) & inspiratoryPauseButton -> (G(!inspiratoryPhaseEnd) U (inspiratoryPhaseEnd & (G(!inspiratoryPauseButton) U (inValveClose & outValveClose))))),False
ADARULE,47,"If “Resume Ventilation” is selected, every step of the self-test procedure FUN.6 can be skipped or optionally rerun individually.",!(resumeVentilation) U ((resumeVentilation) & F((SelfTestMode & (((((((testPowerSwitchPass | testPowerSwitchSkip) & (testLeaksPass | testLeaksSkip)) & (testFl2Pass | testFl2Skip)) & (testPSExpPass | testPSExpSkip)) & (testOxygenSensorPass | testOxygenSensorSkip)) & (testAlarmsPass | testAlarmsSkip)) -> selfTestPass)))),G(resumeVentilation -> G(SelfTestMode -> (testAlarmsSkip | testAlarmsPass | testFl2Skip | testFl2Pass | testLeaksSkip | testLeaksPass | testOxygenSensorSkip | testOxygenSensorPass | testPSExpSkip,None
ADARULE,47,"If “Resume Ventilation” is selected, every step of the self-test procedure FUN.6 can be skipped or optionally rerun individually.",!(resumeVentilation) U ((resumeVentilation) & F((SelfTestMode & (((((((testPowerSwitchPass | testPowerSwitchSkip) & (testLeaksPass | testLeaksSkip)) & (testFl2Pass | testFl2Skip)) & (testPSExpPass | testPSExpSkip)) & (testOxygenSensorPass | testOxygenSensorSkip)) & (testAlarmsPass | testAlarmsSkip)) -> selfTestPass)))),G(resumeVentilation -> G(SelfTestMode -> (testAlarmsSkip | testAlarmsPass | testFl2Skip | testFl2Pass | testLeaksSkip | testLeaksPass | testOxygenSensorSkip | testOxygenSensorPass | testPSExpSkip,None
ADARULE,47,"If “Resume Ventilation” is selected, every step of the self-test procedure FUN.6 can be skipped or optionally rerun individually.",!(resumeVentilation) U ((resumeVentilation) & F((SelfTestMode & (((((((testPowerSwitchPass | testPowerSwitchSkip) & (testLeaksPass | testLeaksSkip)) & (testFl2Pass | testFl2Skip)) & (testPSExpPass | testPSExpSkip)) & (testOxygenSensorPass | testOxygenSensorSkip)) & (testAlarmsPass | testAlarmsSkip)) -> selfTestPass)))),G(resumeVentilation -> G(SelfTestMode -> (testAlarmsSkip | testAlarmsPass | testFl2Skip | testFl2Pass | testLeaksSkip | testLeaksPass | testOxygenSensorSkip | testOxygenSensorPass | testPSExpSkip,None
ADARULE,47,"If “Resume Ventilation” is selected, every step of the self-test procedure FUN.6 can be skipped or optionally rerun individually.",!(resumeVentilation) U ((resumeVentilation) & F((SelfTestMode & (((((((testPowerSwitchPass | testPowerSwitchSkip) & (testLeaksPass | testLeaksSkip)) & (testFl2Pass | testFl2Skip)) & (testPSExpPass | testPSExpSkip)) & (testOxygenSensorPass | testOxygenSensorSkip)) & (testAlarmsPass | testAlarmsSkip)) -> selfTestPass)))),G(resumeVentilation -> G(SelfTestMode -> (testAlarmsSkip | testAlarmsPass | testFl2Skip | testFl2Pass | testLeaksSkip | testLeaksPass | testOxygenSensorSkip | testOxygenSensorPass | testPSExpSkip,None
ADARULE,47,"If “Resume Ventilation” is selected, every step of the self-test procedure FUN.6 can be skipped or optionally rerun individually.",!(resumeVentilation) U ((resumeVentilation) & F((SelfTestMode & (((((((testPowerSwitchPass | testPowerSwitchSkip) & (testLeaksPass | testLeaksSkip)) & (testFl2Pass | testFl2Skip)) & (testPSExpPass | testPSExpSkip)) & (testOxygenSensorPass | testOxygenSensorSkip)) & (testAlarmsPass | testAlarmsSkip)) -> selfTestPass)))),G(resumeVentilation -> G(SelfTestMode -> (testAlarmsSkip | testAlarmsPass | testFl2Skip | testFl2Pass | testLeaksSkip | testLeaksPass | testOxygenSensorSkip | testOxygenSensorPass | testPSExpSkip,None
ADARULE,47,"If “Resume Ventilation” is selected, every step of the self-test procedure FUN.6 can be skipped or optionally rerun individually.",!(resumeVentilation) U ((resumeVentilation) & F((SelfTestMode & (((((((testPowerSwitchPass | testPowerSwitchSkip) & (testLeaksPass | testLeaksSkip)) & (testFl2Pass | testFl2Skip)) & (testPSExpPass | testPSExpSkip)) & (testOxygenSensorPass | testOxygenSensorSkip)) & (testAlarmsPass | testAlarmsSkip)) -> selfTestPass)))),G(resumeVentilation -> G(SelfTestMode -> (testAlarmsSkip | testAlarmsPass | testFl2Skip | testFl2Pass | testLeaksSkip | testLeaksPass | testOxygenSensorSkip | testOxygenSensorPass | testPSExpSkip,None
ADARULE,47,"If “Resume Ventilation” is selected, every step of the self-test procedure FUN.6 can be skipped or optionally rerun individually.",!(resumeVentilation) U ((resumeVentilation) & F((SelfTestMode & (((((((testPowerSwitchPass | testPowerSwitchSkip) & (testLeaksPass | testLeaksSkip)) & (testFl2Pass | testFl2Skip)) & (testPSExpPass | testPSExpSkip)) & (testOxygenSensorPass | testOxygenSensorSkip)) & (testAlarmsPass | testAlarmsSkip)) -> selfTestPass)))),G(resumeVentilation -> G(SelfTestMode -> (testAlarmsSkip | testAlarmsPass | testFl2Skip | testFl2Pass | testLeaksSkip | testLeaksPass | testOxygenSensorSkip | testOxygenSensorPass | testPSExpSkip,None
ADARULE,47,"If “Resume Ventilation” is selected, every step of the self-test procedure FUN.6 can be skipped or optionally rerun individually.",!(resumeVentilation) U ((resumeVentilation) & F((SelfTestMode & (((((((testPowerSwitchPass | testPowerSwitchSkip) & (testLeaksPass | testLeaksSkip)) & (testFl2Pass | testFl2Skip)) & (testPSExpPass | testPSExpSkip)) & (testOxygenSensorPass | testOxygenSensorSkip)) & (testAlarmsPass | testAlarmsSkip)) -> selfTestPass)))),G(resumeVentilation -> G(SelfTestMode -> (testAlarmsSkip | testAlarmsPass | testFl2Skip | testFl2Pass | testLeaksSkip | testLeaksPass | testOxygenSensorSkip | testOxygenSensorPass | testPSExpSkip,None
ADARULE,47,"If “Resume Ventilation” is selected, every step of the self-test procedure FUN.6 can be skipped or optionally rerun individually.",!(resumeVentilation) U ((resumeVentilation) & F((SelfTestMode & (((((((testPowerSwitchPass | testPowerSwitchSkip) & (testLeaksPass | testLeaksSkip)) & (testFl2Pass | testFl2Skip)) & (testPSExpPass | testPSExpSkip)) & (testOxygenSensorPass | testOxygenSensorSkip)) & (testAlarmsPass | testAlarmsSkip)) -> selfTestPass)))),G(resumeVentilation -> G(SelfTestMode -> (testAlarmsSkip | testAlarmsPass | testFl2Skip | testFl2Pass | testLeaksSkip | testLeaksPass | testOxygenSensorSkip | testOxygenSensorPass | testPSExpSkip,None
ADARULE,47,"If “Resume Ventilation” is selected, every step of the self-test procedure FUN.6 can be skipped or optionally rerun individually.",!(resumeVentilation) U ((resumeVentilation) & F((SelfTestMode & (((((((testPowerSwitchPass | testPowerSwitchSkip) & (testLeaksPass | testLeaksSkip)) & (testFl2Pass | testFl2Skip)) & (testPSExpPass | testPSExpSkip)) & (testOxygenSensorPass | testOxygenSensorSkip)) & (testAlarmsPass | testAlarmsSkip)) -> selfTestPass)))),G(resumeVentilation -> G(SelfTestMode -> (testAlarmsSkip | testAlarmsPass | testFl2Skip | testFl2Pass | testLeaksSkip | testLeaksPass | testOxygenSensorSkip | testOxygenSensorPass | testPSExpSkip,None
ADARULE,47,"If “Resume Ventilation” is selected, every step of the self-test procedure FUN.6 can be skipped or optionally rerun individually.",!(resumeVentilation) U ((resumeVentilation) & F((SelfTestMode & (((((((testPowerSwitchPass | testPowerSwitchSkip) & (testLeaksPass | testLeaksSkip)) & (testFl2Pass | testFl2Skip)) & (testPSExpPass | testPSExpSkip)) & (testOxygenSensorPass | testOxygenSensorSkip)) & (testAlarmsPass | testAlarmsSkip)) -> selfTestPass)))),G(resumeVentilation -> G(SelfTestMode -> (testAlarmsSkip | testAlarmsPass | testFl2Skip | testFl2Pass | testLeaksSkip | testLeaksPass | testOxygenSensorSkip | testOxygenSensorPass | testPSExpSkip,None
ADARULE,47,"If “Resume Ventilation” is selected, every step of the self-test procedure FUN.6 can be skipped or optionally rerun individually.",!(resumeVentilation) U ((resumeVentilation) & F((SelfTestMode & (((((((testPowerSwitchPass | testPowerSwitchSkip) & (testLeaksPass | testLeaksSkip)) & (testFl2Pass | testFl2Skip)) & (testPSExpPass | testPSExpSkip)) & (testOxygenSensorPass | testOxygenSensorSkip)) & (testAlarmsPass | testAlarmsSkip)) -> selfTestPass)))),G(resumeVentilation -> G(SelfTestMode -> (testAlarmsSkip | testAlarmsPass | testFl2Skip | testFl2Pass | testLeaksSkip | testLeaksPass | testOxygenSensorSkip | testOxygenSensorPass | testPSExpSkip,None
ADARULE,47,"If “Resume Ventilation” is selected, every step of the self-test procedure FUN.6 can be skipped or optionally rerun individually.",!(resumeVentilation) U ((resumeVentilation) & F((SelfTestMode & (((((((testPowerSwitchPass | testPowerSwitchSkip) & (testLeaksPass | testLeaksSkip)) & (testFl2Pass | testFl2Skip)) & (testPSExpPass | testPSExpSkip)) & (testOxygenSensorPass | testOxygenSensorSkip)) & (testAlarmsPass | testAlarmsSkip)) -> selfTestPass)))),G(resumeVentilation -> G(SelfTestMode -> (testAlarmsSkip | testAlarmsPass | testFl2Skip | testFl2Pass | testLeaksSkip | testLeaksPass | testOxygenSensorSkip | testOxygenSensorPass | testPSExpSkip,None
ADARULE,47,"If “Resume Ventilation” is selected, every step of the self-test procedure FUN.6 can be skipped or optionally rerun individually.",!(resumeVentilation) U ((resumeVentilation) & F((SelfTestMode & (((((((testPowerSwitchPass | testPowerSwitchSkip) & (testLeaksPass | testLeaksSkip)) & (testFl2Pass | testFl2Skip)) & (testPSExpPass | testPSExpSkip)) & (testOxygenSensorPass | testOxygenSensorSkip)) & (testAlarmsPass | testAlarmsSkip)) -> selfTestPass)))),G(resumeVentilation -> G(SelfTestMode -> (testAlarmsSkip | testAlarmsPass | testFl2Skip | testFl2Pass | testLeaksSkip | testLeaksPass | testOxygenSensorSkip | testOxygenSensorPass | testPSExpSkip,None
ADARULE,47,"If “Resume Ventilation” is selected, every step of the self-test procedure FUN.6 can be skipped or optionally rerun individually.",!(resumeVentilation) U ((resumeVentilation) & F((SelfTestMode & (((((((testPowerSwitchPass | testPowerSwitchSkip) & (testLeaksPass | testLeaksSkip)) & (testFl2Pass | testFl2Skip)) & (testPSExpPass | testPSExpSkip)) & (testOxygenSensorPass | testOxygenSensorSkip)) & (testAlarmsPass | testAlarmsSkip)) -> selfTestPass)))),G(resumeVentilation -> G(SelfTestMode -> (testAlarmsSkip | testAlarmsPass | testFl2Skip | testFl2Pass | testLeaksSkip | testLeaksPass | testOxygenSensorSkip | testOxygenSensorPass | testPSExpSkip,None
ADARULE,47,"If “Resume Ventilation” is selected, every step of the self-test procedure FUN.6 can be skipped or optionally rerun individually.",!(resumeVentilation) U ((resumeVentilation) & F((SelfTestMode & (((((((testPowerSwitchPass | testPowerSwitchSkip) & (testLeaksPass | testLeaksSkip)) & (testFl2Pass | testFl2Skip)) & (testPSExpPass | testPSExpSkip)) & (testOxygenSensorPass | testOxygenSensorSkip)) & (testAlarmsPass | testAlarmsSkip)) -> selfTestPass)))),G(resumeVentilation -> G(SelfTestMode -> (testAlarmsSkip | testAlarmsPass | testFl2Skip | testFl2Pass | testLeaksSkip | testLeaksPass | testOxygenSensorSkip | testOxygenSensorPass | testPSExpSkip,None
ADARULE,47,"If “Resume Ventilation” is selected, every step of the self-test procedure FUN.6 can be skipped or optionally rerun individually.",!(resumeVentilation) U ((resumeVentilation) & F((SelfTestMode & (((((((testPowerSwitchPass | testPowerSwitchSkip) & (testLeaksPass | testLeaksSkip)) & (testFl2Pass | testFl2Skip)) & (testPSExpPass | testPSExpSkip)) & (testOxygenSensorPass | testOxygenSensorSkip)) & (testAlarmsPass | testAlarmsSkip)) -> selfTestPass)))),G(resumeVentilation -> G(SelfTestMode -> (testAlarmsSkip | testAlarmsPass | testFl2Skip | testFl2Pass | testLeaksSkip | testLeaksPass | testOxygenSensorSkip | testOxygenSensorPass | testPSExpSkip,None
ADARULE,47,"If “Resume Ventilation” is selected, every step of the self-test procedure FUN.6 can be skipped or optionally rerun individually.",!(resumeVentilation) U ((resumeVentilation) & F((SelfTestMode & (((((((testPowerSwitchPass | testPowerSwitchSkip) & (testLeaksPass | testLeaksSkip)) & (testFl2Pass | testFl2Skip)) & (testPSExpPass | testPSExpSkip)) & (testOxygenSensorPass | testOxygenSensorSkip)) & (testAlarmsPass | testAlarmsSkip)) -> selfTestPass)))),G(resumeVentilation -> G(SelfTestMode -> (testAlarmsSkip | testAlarmsPass | testFl2Skip | testFl2Pass | testLeaksSkip | testLeaksPass | testOxygenSensorSkip | testOxygenSensorPass | testPSExpSkip,None
ADARULE,47,"If “Resume Ventilation” is selected, every step of the self-test procedure FUN.6 can be skipped or optionally rerun individually.",!(resumeVentilation) U ((resumeVentilation) & F((SelfTestMode & (((((((testPowerSwitchPass | testPowerSwitchSkip) & (testLeaksPass | testLeaksSkip)) & (testFl2Pass | testFl2Skip)) & (testPSExpPass | testPSExpSkip)) & (testOxygenSensorPass | testOxygenSensorSkip)) & (testAlarmsPass | testAlarmsSkip)) -> selfTestPass)))),G(resumeVentilation -> G(SelfTestMode -> (testAlarmsSkip | testAlarmsPass | testFl2Skip | testFl2Pass | testLeaksSkip | testLeaksPass | testOxygenSensorSkip | testOxygenSensorPass | testPSExpSkip,None
ADARULE,47,"If “Resume Ventilation” is selected, every step of the self-test procedure FUN.6 can be skipped or optionally rerun individually.",!(resumeVentilation) U ((resumeVentilation) & F((SelfTestMode & (((((((testPowerSwitchPass | testPowerSwitchSkip) & (testLeaksPass | testLeaksSkip)) & (testFl2Pass | testFl2Skip)) & (testPSExpPass | testPSExpSkip)) & (testOxygenSensorPass | testOxygenSensorSkip)) & (testAlarmsPass | testAlarmsSkip)) -> selfTestPass)))),G(resumeVentilation -> G(SelfTestMode -> (testAlarmsSkip | testAlarmsPass | testFl2Skip | testFl2Pass | testLeaksSkip | testLeaksPass | testOxygenSensorSkip | testOxygenSensorPass | testPSExpSkip,None
ADARULE,47,"If “Resume Ventilation” is selected, every step of the self-test procedure FUN.6 can be skipped or optionally rerun individually.",!(resumeVentilation) U ((resumeVentilation) & F((SelfTestMode & (((((((testPowerSwitchPass | testPowerSwitchSkip) & (testLeaksPass | testLeaksSkip)) & (testFl2Pass | testFl2Skip)) & (testPSExpPass | testPSExpSkip)) & (testOxygenSensorPass | testOxygenSensorSkip)) & (testAlarmsPass | testAlarmsSkip)) -> selfTestPass)))),G(resumeVentilation -> G(SelfTestMode -> (testAlarmsSkip | testAlarmsPass | testFl2Skip | testFl2Pass | testLeaksSkip | testLeaksPass | testOxygenSensorSkip | testOxygenSensorPass | testPSExpSkip,None
ADARULE,47,"If “Resume Ventilation” is selected, every step of the self-test procedure FUN.6 can be skipped or optionally rerun individually.",!(resumeVentilation) U ((resumeVentilation) & F((SelfTestMode & (((((((testPowerSwitchPass | testPowerSwitchSkip) & (testLeaksPass | testLeaksSkip)) & (testFl2Pass | testFl2Skip)) & (testPSExpPass | testPSExpSkip)) & (testOxygenSensorPass | testOxygenSensorSkip)) & (testAlarmsPass | testAlarmsSkip)) -> selfTestPass)))),G(resumeVentilation -> G(SelfTestMode -> (testAlarmsSkip | testAlarmsPass | testFl2Skip | testFl2Pass | testLeaksSkip | testLeaksPass | testOxygenSensorSkip | testOxygenSensorPass | testPSExpSkip,None
ADARULE,47,"If “Resume Ventilation” is selected, every step of the self-test procedure FUN.6 can be skipped or optionally rerun individually.",!(resumeVentilation) U ((resumeVentilation) & F((SelfTestMode & (((((((testPowerSwitchPass | testPowerSwitchSkip) & (testLeaksPass | testLeaksSkip)) & (testFl2Pass | testFl2Skip)) & (testPSExpPass | testPSExpSkip)) & (testOxygenSensorPass | testOxygenSensorSkip)) & (testAlarmsPass | testAlarmsSkip)) -> selfTestPass)))),G(resumeVentilation -> G(SelfTestMode -> (testAlarmsSkip | testAlarmsPass | testFl2Skip | testFl2Pass | testLeaksSkip | testLeaksPass | testOxygenSensorSkip | testOxygenSensorPass | testPSExpSkip,None
ADARULE,47,"If “Resume Ventilation” is selected, every step of the self-test procedure FUN.6 can be skipped or optionally rerun individually.",!(resumeVentilation) U ((resumeVentilation) & F((SelfTestMode & (((((((testPowerSwitchPass | testPowerSwitchSkip) & (testLeaksPass | testLeaksSkip)) & (testFl2Pass | testFl2Skip)) & (testPSExpPass | testPSExpSkip)) & (testOxygenSensorPass | testOxygenSensorSkip)) & (testAlarmsPass | testAlarmsSkip)) -> selfTestPass)))),G(resumeVentilation -> G(SelfTestMode -> (testAlarmsSkip | testAlarmsPass | testFl2Skip | testFl2Pass | testLeaksSkip | testLeaksPass | testOxygenSensorSkip | testOxygenSensorPass | testPSExpSkip,None
ADARULE,47,"If “Resume Ventilation” is selected, every step of the self-test procedure FUN.6 can be skipped or optionally rerun individually.",!(resumeVentilation) U ((resumeVentilation) & F((SelfTestMode & (((((((testPowerSwitchPass | testPowerSwitchSkip) & (testLeaksPass | testLeaksSkip)) & (testFl2Pass | testFl2Skip)) & (testPSExpPass | testPSExpSkip)) & (testOxygenSensorPass | testOxygenSensorSkip)) & (testAlarmsPass | testAlarmsSkip)) -> selfTestPass)))),G(resumeVentilation -> G(SelfTestMode -> (testAlarmsSkip | testAlarmsPass) & (testFl2Skip | testFl2Pass) & (testLeaksSkip | testLeaksPass) & (testOxygenSensorSkip | testOxygenSensor,None
ADARULE,47,"If “Resume Ventilation” is selected, every step of the self-test procedure FUN.6 can be skipped or optionally rerun individually.",!(resumeVentilation) U ((resumeVentilation) & F((SelfTestMode & (((((((testPowerSwitchPass | testPowerSwitchSkip) & (testLeaksPass | testLeaksSkip)) & (testFl2Pass | testFl2Skip)) & (testPSExpPass | testPSExpSkip)) & (testOxygenSensorPass | testOxygenSensorSkip)) & (testAlarmsPass | testAlarmsSkip)) -> selfTestPass)))),G(resumeVentilation -> G(SelfTestMode -> (testAlarmsSkip | testAlarmsPass) & (testFl2Skip | testFl2Pass) & (testLeaksSkip | testLeaksPass) & (testOxygenSensorSkip | testOxygenSensor,None
ADARULE,47,"If “Resume Ventilation” is selected, every step of the self-test procedure FUN.6 can be skipped or optionally rerun individually.",!(resumeVentilation) U ((resumeVentilation) & F((SelfTestMode & (((((((testPowerSwitchPass | testPowerSwitchSkip) & (testLeaksPass | testLeaksSkip)) & (testFl2Pass | testFl2Skip)) & (testPSExpPass | testPSExpSkip)) & (testOxygenSensorPass | testOxygenSensorSkip)) & (testAlarmsPass | testAlarmsSkip)) -> selfTestPass)))),G(resumeVentilation -> G(SelfTestMode -> (testAlarmsSkip | testAlarmsPass | testFl2Skip | testFl2Pass | testLeaksSkip | testLeaksPass | testOxygenSensorSkip | testOxygenSensorPass | testPSExpSkip,None
ADARULE,47,"If “Resume Ventilation” is selected, every step of the self-test procedure FUN.6 can be skipped or optionally rerun individually.",!(resumeVentilation) U ((resumeVentilation) & F((SelfTestMode & (((((((testPowerSwitchPass | testPowerSwitchSkip) & (testLeaksPass | testLeaksSkip)) & (testFl2Pass | testFl2Skip)) & (testPSExpPass | testPSExpSkip)) & (testOxygenSensorPass | testOxygenSensorSkip)) & (testAlarmsPass | testAlarmsSkip)) -> selfTestPass)))),G(resumeVentilation -> G(SelfTestMode -> (testAlarmsSkip | testAlarmsPass | testFl2Skip | testFl2Pass | testLeaksSkip | testLeaksPass | testOxygenSensorSkip | testOxygenSensorPass | testPSExpSkip,None
ADARULE,47,"If “Resume Ventilation” is selected, every step of the self-test procedure FUN.6 can be skipped or optionally rerun individually.",!(resumeVentilation) U ((resumeVentilation) & F((SelfTestMode & (((((((testPowerSwitchPass | testPowerSwitchSkip) & (testLeaksPass | testLeaksSkip)) & (testFl2Pass | testFl2Skip)) & (testPSExpPass | testPSExpSkip)) & (testOxygenSensorPass | testOxygenSensorSkip)) & (testAlarmsPass | testAlarmsSkip)) -> selfTestPass)))),G(resumeVentilation -> G(SelfTestMode -> (testAlarmsSkip | testAlarmsPass | testFl2Skip | testFl2Pass | testLeaksSkip | testLeaksPass | testOxygenSensorSkip | testOxygenSensorPass | testPSExpSkip,None
ADARULE,47,"If “Resume Ventilation” is selected, every step of the self-test procedure FUN.6 can be skipped or optionally rerun individually.",!(resumeVentilation) U ((resumeVentilation) & F((SelfTestMode & (((((((testPowerSwitchPass | testPowerSwitchSkip) & (testLeaksPass | testLeaksSkip)) & (testFl2Pass | testFl2Skip)) & (testPSExpPass | testPSExpSkip)) & (testOxygenSensorPass | testOxygenSensorSkip)) & (testAlarmsPass | testAlarmsSkip)) -> selfTestPass)))),G(resumeVentilation -> G(SelfTestMode -> (testAlarmsSkip | testAlarmsPass | testFl2Skip | testFl2Pass | testLeaksSkip | testLeaksPass | testOxygenSensorSkip | testOxygenSensorPass | testPSExpSkip,None
ADARULE,47,"If “Resume Ventilation” is selected, every step of the self-test procedure FUN.6 can be skipped or optionally rerun individually.",!(resumeVentilation) U ((resumeVentilation) & F((SelfTestMode & (((((((testPowerSwitchPass | testPowerSwitchSkip) & (testLeaksPass | testLeaksSkip)) & (testFl2Pass | testFl2Skip)) & (testPSExpPass | testPSExpSkip)) & (testOxygenSensorPass | testOxygenSensorSkip)) & (testAlarmsPass | testAlarmsSkip)) -> selfTestPass)))),G(resumeVentilation -> G(SelfTestMode -> (testAlarmsSkip | testAlarmsPass | testFl2Skip | testFl2Pass | testLeaksSkip | testLeaksPass | testOxygenSensorSkip | testOxygenSensorPass | testPSExpSkip,None
ADARULE,47,"If “Resume Ventilation” is selected, every step of the self-test procedure FUN.6 can be skipped or optionally rerun individually.",!(resumeVentilation) U ((resumeVentilation) & F((SelfTestMode & (((((((testPowerSwitchPass | testPowerSwitchSkip) & (testLeaksPass | testLeaksSkip)) & (testFl2Pass | testFl2Skip)) & (testPSExpPass | testPSExpSkip)) & (testOxygenSensorPass | testOxygenSensorSkip)) & (testAlarmsPass | testAlarmsSkip)) -> selfTestPass)))),G(resumeVentilation -> G(SelfTestMode -> (testAlarmsSkip | testAlarmsPass | testFl2Skip | testFl2Pass | testLeaksSkip | testLeaksPass | testOxygenSensorSkip | testOxygenSensorPass | testPSExpSkip,None
ADARULE,47,"If “Resume Ventilation” is selected, every step of the self-test procedure FUN.6 can be skipped or optionally rerun individually.",!(resumeVentilation) U ((resumeVentilation) & F((SelfTestMode & (((((((testPowerSwitchPass | testPowerSwitchSkip) & (testLeaksPass | testLeaksSkip)) & (testFl2Pass | testFl2Skip)) & (testPSExpPass | testPSExpSkip)) & (testOxygenSensorPass | testOxygenSensorSkip)) & (testAlarmsPass | testAlarmsSkip)) -> selfTestPass)))),G(resumeVentilation -> G(SelfTestMode -> (testAlarmsSkip | testAlarmsPass | testFl2Skip | testFl2Pass | testLeaksSkip | testLeaksPass | testOxygenSensorSkip | testOxygenSensorPass | testPSExpSkip,None
ADARULE,47,"If “Resume Ventilation” is selected, every step of the self-test procedure FUN.6 can be skipped or optionally rerun individually.",!(resumeVentilation) U ((resumeVentilation) & F((SelfTestMode & (((((((testPowerSwitchPass | testPowerSwitchSkip) & (testLeaksPass | testLeaksSkip)) & (testFl2Pass | testFl2Skip)) & (testPSExpPass | testPSExpSkip)) & (testOxygenSensorPass | testOxygenSensorSkip)) & (testAlarmsPass | testAlarmsSkip)) -> selfTestPass)))),G(resumeVentilation -> G(SelfTestMode -> (testAlarmsSkip | testAlarmsPass | testFl2Skip | testFl2Pass | testLeaksSkip | testLeaksPass | testOxygenSensorSkip | testOxygenSensorPass | testPSExpSkip,None
ADARULE,47,"If “Resume Ventilation” is selected, every step of the self-test procedure FUN.6 can be skipped or optionally rerun individually.",!(resumeVentilation) U ((resumeVentilation) & F((SelfTestMode & (((((((testPowerSwitchPass | testPowerSwitchSkip) & (testLeaksPass | testLeaksSkip)) & (testFl2Pass | testFl2Skip)) & (testPSExpPass | testPSExpSkip)) & (testOxygenSensorPass | testOxygenSensorSkip)) & (testAlarmsPass | testAlarmsSkip)) -> selfTestPass)))),G(resumeVentilation -> G(SelfTestMode -> (testAlarmsSkip | testAlarmsPass | testFl2Skip | testFl2Pass | testLeaksSkip | testLeaksPass | testOxygenSensorSkip | testOxygenSensorPass | testPSExpSkip,None
ADARULE,47,"If “Resume Ventilation” is selected, every step of the self-test procedure FUN.6 can be skipped or optionally rerun individually.",!(resumeVentilation) U ((resumeVentilation) & F((SelfTestMode & (((((((testPowerSwitchPass | testPowerSwitchSkip) & (testLeaksPass | testLeaksSkip)) & (testFl2Pass | testFl2Skip)) & (testPSExpPass | testPSExpSkip)) & (testOxygenSensorPass | testOxygenSensorSkip)) & (testAlarmsPass | testAlarmsSkip)) -> selfTestPass)))),G(resumeVentilation -> G(SelfTestMode -> (testAlarmsSkip | testAlarmsPass | testFl2Skip | testFl2Pass | testLeaksSkip | testLeaksPass | testOxygenSensorSkip | testOxygenSensorPass | testPSExpSkip,None
ADARULE,47,"If “Resume Ventilation” is selected, every step of the self-test procedure FUN.6 can be skipped or optionally rerun individually.",!(resumeVentilation) U ((resumeVentilation) & F((SelfTestMode & (((((((testPowerSwitchPass | testPowerSwitchSkip) & (testLeaksPass | testLeaksSkip)) & (testFl2Pass | testFl2Skip)) & (testPSExpPass | testPSExpSkip)) & (testOxygenSensorPass | testOxygenSensorSkip)) & (testAlarmsPass | testAlarmsSkip)) -> selfTestPass)))),G(resumeVentilation -> G(SelfTestMode -> (testAlarmsSkip | testAlarmsPass | testFl2Skip | testFl2Pass | testLeaksSkip | testLeaksPass | testOxygenSensorSkip | testOxygenSensorPass | testPSExpSkip,None
ADARULE,47,"If “Resume Ventilation” is selected, every step of the self-test procedure FUN.6 can be skipped or optionally rerun individually.",!(resumeVentilation) U ((resumeVentilation) & F((SelfTestMode & (((((((testPowerSwitchPass | testPowerSwitchSkip) & (testLeaksPass | testLeaksSkip)) & (testFl2Pass | testFl2Skip)) & (testPSExpPass | testPSExpSkip)) & (testOxygenSensorPass | testOxygenSensorSkip)) & (testAlarmsPass | testAlarmsSkip)) -> selfTestPass)))),G(resumeVentilation -> G(SelfTestMode -> (testAlarmsSkip | testAlarmsPass | testFl2Skip | testFl2Pass | testLeaksSkip | testLeaksPass | testOxygenSensorSkip | testOxygenSensorPass | testPSExpSkip,None
ADARULE,47,"If “Resume Ventilation” is selected, every step of the self-test procedure FUN.6 can be skipped or optionally rerun individually.",!(resumeVentilation) U ((resumeVentilation) & F((SelfTestMode & (((((((testPowerSwitchPass | testPowerSwitchSkip) & (testLeaksPass | testLeaksSkip)) & (testFl2Pass | testFl2Skip)) & (testPSExpPass | testPSExpSkip)) & (testOxygenSensorPass | testOxygenSensorSkip)) & (testAlarmsPass | testAlarmsSkip)) -> selfTestPass)))),G(resumeVentilation -> G(SelfTestMode -> (testAlarmsSkip | testAlarmsPass | testFl2Skip | testFl2Pass | testLeaksSkip | testLeaksPass | testOxygenSensorSkip | testOxygenSensorPass | testPSExpSkip,None
ADARULE,47,"If “Resume Ventilation” is selected, every step of the self-test procedure FUN.6 can be skipped or optionally rerun individually.",!(resumeVentilation) U ((resumeVentilation) & F((SelfTestMode & (((((((testPowerSwitchPass | testPowerSwitchSkip) & (testLeaksPass | testLeaksSkip)) & (testFl2Pass | testFl2Skip)) & (testPSExpPass | testPSExpSkip)) & (testOxygenSensorPass | testOxygenSensorSkip)) & (testAlarmsPass | testAlarmsSkip)) -> selfTestPass)))),G(resumeVentilation -> G(SelfTestMode -> (testAlarmsSkip | testAlarmsPass | testFl2Skip | testFl2Pass | testLeaksSkip | testLeaksPass | testOxygenSensorSkip | testOxygenSensorPass | testPSExpSkip,None
ADARULE,47,"If “Resume Ventilation” is selected, every step of the self-test procedure FUN.6 can be skipped or optionally rerun individually.",!(resumeVentilation) U ((resumeVentilation) & F((SelfTestMode & (((((((testPowerSwitchPass | testPowerSwitchSkip) & (testLeaksPass | testLeaksSkip)) & (testFl2Pass | testFl2Skip)) & (testPSExpPass | testPSExpSkip)) & (testOxygenSensorPass | testOxygenSensorSkip)) & (testAlarmsPass | testAlarmsSkip)) -> selfTestPass)))),G(resumeVentilation -> G(SelfTestMode -> (testAlarmsSkip | testAlarmsPass | testFl2Skip | testFl2Pass | testLeaksSkip | testLeaksPass | testOxygenSensorSkip | testOxygenSensorPass | testPSExpSkip,None
ADARULE,47,"If “Resume Ventilation” is selected, every step of the self-test procedure FUN.6 can be skipped or optionally rerun individually.",!(resumeVentilation) U ((resumeVentilation) & F((SelfTestMode & (((((((testPowerSwitchPass | testPowerSwitchSkip) & (testLeaksPass | testLeaksSkip)) & (testFl2Pass | testFl2Skip)) & (testPSExpPass | testPSExpSkip)) & (testOxygenSensorPass | testOxygenSensorSkip)) & (testAlarmsPass | testAlarmsSkip)) -> selfTestPass)))),G(resumeVentilation -> G(SelfTestMode -> (testAlarmsSkip | testAlarmsPass | testFl2Skip | testFl2Pass | testLeaksSkip | testLeaksPass | testOxygenSensorSkip | testOxygenSensorPass | testPSExpSkip,None
ADARULE,47,"If “Resume Ventilation” is selected, every step of the self-test procedure FUN.6 can be skipped or optionally rerun individually.",!(resumeVentilation) U ((resumeVentilation) & F((SelfTestMode & (((((((testPowerSwitchPass | testPowerSwitchSkip) & (testLeaksPass | testLeaksSkip)) & (testFl2Pass | testFl2Skip)) & (testPSExpPass | testPSExpSkip)) & (testOxygenSensorPass | testOxygenSensorSkip)) & (testAlarmsPass | testAlarmsSkip)) -> selfTestPass)))),G(resumeVentilation -> G(SelfTestMode -> (testAlarmsSkip | testAlarmsPass | testFl2Skip | testFl2Pass | testLeaksSkip | testLeaksPass | testOxygenSensorSkip | testOxygenSensorPass | testPSExpSkip,None
ADARULE,47,"If “Resume Ventilation” is selected, every step of the self-test procedure FUN.6 can be skipped or optionally rerun individually.",!(resumeVentilation) U ((resumeVentilation) & F((SelfTestMode & (((((((testPowerSwitchPass | testPowerSwitchSkip) & (testLeaksPass | testLeaksSkip)) & (testFl2Pass | testFl2Skip)) & (testPSExpPass | testPSExpSkip)) & (testOxygenSensorPass | testOxygenSensorSkip)) & (testAlarmsPass | testAlarmsSkip)) -> selfTestPass)))),G(resumeVentilation -> G(SelfTestMode -> (testAlarmsSkip | testAlarmsPass | testFl2Skip | testFl2Pass | testLeaksSkip | testLeaksPass | testOxygenSensorSkip | testOxygenSensorPass | testPSExpSkip,None
ADARULE,47,"If “Resume Ventilation” is selected, every step of the self-test procedure FUN.6 can be skipped or optionally rerun individually.",!(resumeVentilation) U ((resumeVentilation) & F((SelfTestMode & (((((((testPowerSwitchPass | testPowerSwitchSkip) & (testLeaksPass | testLeaksSkip)) & (testFl2Pass | testFl2Skip)) & (testPSExpPass | testPSExpSkip)) & (testOxygenSensorPass | testOxygenSensorSkip)) & (testAlarmsPass | testAlarmsSkip)) -> selfTestPass)))),G(resumeVentilation -> G(SelfTestMode -> (testAlarmsSkip | testAlarmsPass | testFl2Skip | testFl2Pass | testLeaksSkip | testLeaksPass | testOxygenSensorSkip | testOxygenSensorPass | testPSExpSkip,None
ADARULE,47,"If “Resume Ventilation” is selected, every step of the self-test procedure FUN.6 can be skipped or optionally rerun individually.",!(resumeVentilation) U ((resumeVentilation) & F((SelfTestMode & (((((((testPowerSwitchPass | testPowerSwitchSkip) & (testLeaksPass | testLeaksSkip)) & (testFl2Pass | testFl2Skip)) & (testPSExpPass | testPSExpSkip)) & (testOxygenSensorPass | testOxygenSensorSkip)) & (testAlarmsPass | testAlarmsSkip)) -> selfTestPass)))),G(resumeVentilation -> G(SelfTestMode -> (testAlarmsSkip | testAlarmsPass | testFl2Skip | testFl2Pass | testLeaksSkip | testLeaksPass | testOxygenSensorSkip | testOxygenSensorPass | testPSExpSkip,None
ADARULE,47,"If “Resume Ventilation” is selected, every step of the self-test procedure FUN.6 can be skipped or optionally rerun individually.",!(resumeVentilation) U ((resumeVentilation) & F((SelfTestMode & (((((((testPowerSwitchPass | testPowerSwitchSkip) & (testLeaksPass | testLeaksSkip)) & (testFl2Pass | testFl2Skip)) & (testPSExpPass | testPSExpSkip)) & (testOxygenSensorPass | testOxygenSensorSkip)) & (testAlarmsPass | testAlarmsSkip)) -> selfTestPass)))),G(resumeVentilation -> G(SelfTestMode -> (testAlarmsSkip | testAlarmsPass | testFl2Skip | testFl2Pass | testLeaksSkip | testLeaksPass | testOxygenSensorSkip | testOxygenSensorPass | testPSExpSkip,None
ADARULE,47,"If “Resume Ventilation” is selected, every step of the self-test procedure FUN.6 can be skipped or optionally rerun individually.",!(resumeVentilation) U ((resumeVentilation) & F((SelfTestMode & (((((((testPowerSwitchPass | testPowerSwitchSkip) & (testLeaksPass | testLeaksSkip)) & (testFl2Pass | testFl2Skip)) & (testPSExpPass | testPSExpSkip)) & (testOxygenSensorPass | testOxygenSensorSkip)) & (testAlarmsPass | testAlarmsSkip)) -> selfTestPass)))),G(resumeVentilation -> G(SelfTestMode -> (testAlarmsSkip | testAlarmsPass | testFl2Skip | testFl2Pass | testLeaksSkip | testLeaksPass | testOxygenSensorSkip | testOxygenSensorPass | testPSExpSkip,None
ADARULE,47,"If “Resume Ventilation” is selected, every step of the self-test procedure FUN.6 can be skipped or optionally rerun individually.",!(resumeVentilation) U ((resumeVentilation) & F((SelfTestMode & (((((((testPowerSwitchPass | testPowerSwitchSkip) & (testLeaksPass | testLeaksSkip)) & (testFl2Pass | testFl2Skip)) & (testPSExpPass | testPSExpSkip)) & (testOxygenSensorPass | testOxygenSensorSkip)) & (testAlarmsPass | testAlarmsSkip)) -> selfTestPass)))),G(resumeVentilation -> G(SelfTestMode -> (testAlarmsSkip | testAlarmsPass | testFl2Skip | testFl2Pass | testLeaksSkip | testLeaksPass | testOxygenSensorSkip | testOxygenSensorPass | testPSExpSkip,None
ADARULE,47,"If “Resume Ventilation” is selected, every step of the self-test procedure FUN.6 can be skipped or optionally rerun individually.",!(resumeVentilation) U ((resumeVentilation) & F((SelfTestMode & (((((((testPowerSwitchPass | testPowerSwitchSkip) & (testLeaksPass | testLeaksSkip)) & (testFl2Pass | testFl2Skip)) & (testPSExpPass | testPSExpSkip)) & (testOxygenSensorPass | testOxygenSensorSkip)) & (testAlarmsPass | testAlarmsSkip)) -> selfTestPass)))),G(resumeVentilation -> G(SelfTestMode -> (testAlarmsSkip | testAlarmsPass | testFl2Skip | testFl2Pass | testLeaksSkip | testLeaksPass | testOxygenSensorSkip | testOxygenSensorPass | testPSExpSkip,None
ADARULE,47,"If “Resume Ventilation” is selected, every step of the self-test procedure FUN.6 can be skipped or optionally rerun individually.",!(resumeVentilation) U ((resumeVentilation) & F((SelfTestMode & (((((((testPowerSwitchPass | testPowerSwitchSkip) & (testLeaksPass | testLeaksSkip)) & (testFl2Pass | testFl2Skip)) & (testPSExpPass | testPSExpSkip)) & (testOxygenSensorPass | testOxygenSensorSkip)) & (testAlarmsPass | testAlarmsSkip)) -> selfTestPass)))),G(resumeVentilation -> G(SelfTestMode -> (testAlarmsSkip | testAlarmsPass | testFl2Skip | testFl2Pass | testLeaksSkip | testLeaksPass | testOxygenSensorSkip | testOxygenSensorPass | testPSExpSkip,None
ADARULE,47,"If “Resume Ventilation” is selected, every step of the self-test procedure FUN.6 can be skipped or optionally rerun individually.",!(resumeVentilation) U ((resumeVentilation) & F((SelfTestMode & (((((((testPowerSwitchPass | testPowerSwitchSkip) & (testLeaksPass | testLeaksSkip)) & (testFl2Pass | testFl2Skip)) & (testPSExpPass | testPSExpSkip)) & (testOxygenSensorPass | testOxygenSensorSkip)) & (testAlarmsPass | testAlarmsSkip)) -> selfTestPass)))),G(resumeVentilation -> G(SelfTestMode -> (testAlarmsSkip | testAlarmsPass | testFl2Skip | testFl2Pass | testLeaksSkip | testLeaksPass | testOxygenSensorSkip | testOxygenSensorPass | testPSExpSkip,None
ADARULE,47,"If “Resume Ventilation” is selected, every step of the self-test procedure FUN.6 can be skipped or optionally rerun individually.",!(resumeVentilation) U ((resumeVentilation) & F((SelfTestMode & (((((((testPowerSwitchPass | testPowerSwitchSkip) & (testLeaksPass | testLeaksSkip)) & (testFl2Pass | testFl2Skip)) & (testPSExpPass | testPSExpSkip)) & (testOxygenSensorPass | testOxygenSensorSkip)) & (testAlarmsPass | testAlarmsSkip)) -> selfTestPass)))),G(resumeVentilation -> G(SelfTestMode -> (testAlarmsSkip | testAlarmsPass | testFl2Skip | testFl2Pass | testLeaksSkip | testLeaksPass | testOxygenSensorSkip | testOxygenSensorPass | testPSExpSkip,None
ADARULE,47,"If “Resume Ventilation” is selected, every step of the self-test procedure FUN.6 can be skipped or optionally rerun individually.",!(resumeVentilation) U ((resumeVentilation) & F((SelfTestMode & (((((((testPowerSwitchPass | testPowerSwitchSkip) & (testLeaksPass | testLeaksSkip)) & (testFl2Pass | testFl2Skip)) & (testPSExpPass | testPSExpSkip)) & (testOxygenSensorPass | testOxygenSensorSkip)) & (testAlarmsPass | testAlarmsSkip)) -> selfTestPass)))),G(resumeVentilation -> G(SelfTestMode -> (testAlarmsSkip | testAlarmsPass | testFl2Skip | testFl2Pass | testLeaksSkip | testLeaksPass | testOxygenSensorSkip | testOxygenSensorPass | testPSExpSkip,None
ADARULE,47,"If “Resume Ventilation” is selected, every step of the self-test procedure FUN.6 can be skipped or optionally rerun individually.",!(resumeVentilation) U ((resumeVentilation) & F((SelfTestMode & (((((((testPowerSwitchPass | testPowerSwitchSkip) & (testLeaksPass | testLeaksSkip)) & (testFl2Pass | testFl2Skip)) & (testPSExpPass | testPSExpSkip)) & (testOxygenSensorPass | testOxygenSensorSkip)) & (testAlarmsPass | testAlarmsSkip)) -> selfTestPass)))),G(resumeVentilation -> G(SelfTestMode -> (testAlarmsSkip | testAlarmsPass | testFl2Skip | testFl2Pass | testLeaksSkip | testLeaksPass | testOxygenSensorSkip | testOxygenSensorPass | testPSExpSkip,None
ADARULE,47,"If “Resume Ventilation” is selected, every step of the self-test procedure FUN.6 can be skipped or optionally rerun individually.",!(resumeVentilation) U ((resumeVentilation) & F((SelfTestMode & (((((((testPowerSwitchPass | testPowerSwitchSkip) & (testLeaksPass | testLeaksSkip)) & (testFl2Pass | testFl2Skip)) & (testPSExpPass | testPSExpSkip)) & (testOxygenSensorPass | testOxygenSensorSkip)) & (testAlarmsPass | testAlarmsSkip)) -> selfTestPass)))),G(resumeVentilation -> G(SelfTestMode -> (testAlarmsSkip | testAlarmsPass | testFl2Skip | testFl2Pass | testLeaksSkip | testLeaksPass | testOxygenSensorSkip | testOxygenSensorPass | testPSExpSkip,None
ADARULE,47,"If “Resume Ventilation” is selected, every step of the self-test procedure FUN.6 can be skipped or optionally rerun individually.",!(resumeVentilation) U ((resumeVentilation) & F((SelfTestMode & (((((((testPowerSwitchPass | testPowerSwitchSkip) & (testLeaksPass | testLeaksSkip)) & (testFl2Pass | testFl2Skip)) & (testPSExpPass | testPSExpSkip)) & (testOxygenSensorPass | testOxygenSensorSkip)) & (testAlarmsPass | testAlarmsSkip)) -> selfTestPass)))),G(resumeVentilation -> G(SelfTestMode -> (testAlarmsSkip | testAlarmsPass | testFl2Skip | testFl2Pass | testLeaksSkip | testLeaksPass | testOxygenSensorSkip | testOxygenSensorPass | testPSExpSkip,None
ADARULE,47,"If “Resume Ventilation” is selected, every step of the self-test procedure FUN.6 can be skipped or optionally rerun individually.",!(resumeVentilation) U ((resumeVentilation) & F((SelfTestMode & (((((((testPowerSwitchPass | testPowerSwitchSkip) & (testLeaksPass | testLeaksSkip)) & (testFl2Pass | testFl2Skip)) & (testPSExpPass | testPSExpSkip)) & (testOxygenSensorPass | testOxygenSensorSkip)) & (testAlarmsPass | testAlarmsSkip)) -> selfTestPass)))),G(resumeVentilation -> G(SelfTestMode -> (testAlarmsSkip | testAlarmsPass | testFl2Skip | testFl2Pass | testLeaksSkip | testLeaksPass | testOxygenSensorSkip | testOxygenSensorPass | testPSExpSkip,None
ADARULE,47,"If “Resume Ventilation” is selected, every step of the self-test procedure FUN.6 can be skipped or optionally rerun individually.",!(resumeVentilation) U ((resumeVentilation) & F((SelfTestMode & (((((((testPowerSwitchPass | testPowerSwitchSkip) & (testLeaksPass | testLeaksSkip)) & (testFl2Pass | testFl2Skip)) & (testPSExpPass | testPSExpSkip)) & (testOxygenSensorPass | testOxygenSensorSkip)) & (testAlarmsPass | testAlarmsSkip)) -> selfTestPass)))),G(resumeVentilation -> G(SelfTestMode -> (testAlarmsSkip | testAlarmsPass | testFl2Skip | testFl2Pass | testLeaksSkip | testLeaksPass | testOxygenSensorSkip | testOxygenSensorPass | testPSExpSkip,None
ADARULE,47,"If “Resume Ventilation” is selected, every step of the self-test procedure FUN.6 can be skipped or optionally rerun individually.",!(resumeVentilation) U ((resumeVentilation) & F((SelfTestMode & (((((((testPowerSwitchPass | testPowerSwitchSkip) & (testLeaksPass | testLeaksSkip)) & (testFl2Pass | testFl2Skip)) & (testPSExpPass | testPSExpSkip)) & (testOxygenSensorPass | testOxygenSensorSkip)) & (testAlarmsPass | testAlarmsSkip)) -> selfTestPass)))),G(resumeVentilation -> G(SelfTestMode -> (testAlarmsSkip | testAlarmsPass | testFl2Skip | testFl2Pass | testLeaksSkip | testLeaksPass | testOxygenSensorSkip | testOxygenSensorPass | testPSExpSkip,None
ADARULE,47,"If “Resume Ventilation” is selected, every step of the self-test procedure FUN.6 can be skipped or optionally rerun individually.",!(resumeVentilation) U ((resumeVentilation) & F((SelfTestMode & (((((((testPowerSwitchPass | testPowerSwitchSkip) & (testLeaksPass | testLeaksSkip)) & (testFl2Pass | testFl2Skip)) & (testPSExpPass | testPSExpSkip)) & (testOxygenSensorPass | testOxygenSensorSkip)) & (testAlarmsPass | testAlarmsSkip)) -> selfTestPass)))),G(resumeVentilation -> G(SelfTestMode -> (testAlarmsSkip | testAlarmsPass | testFl2Skip | testFl2Pass | testLeaksSkip | testLeaksPass | testOxygenSensorSkip | testOxygenSensorPass | testPSExpSkip,None
ADARULE,47,"If “Resume Ventilation” is selected, every step of the self-test procedure FUN.6 can be skipped or optionally rerun individually.",!(resumeVentilation) U ((resumeVentilation) & F((SelfTestMode & (((((((testPowerSwitchPass | testPowerSwitchSkip) & (testLeaksPass | testLeaksSkip)) & (testFl2Pass | testFl2Skip)) & (testPSExpPass | testPSExpSkip)) & (testOxygenSensorPass | testOxygenSensorSkip)) & (testAlarmsPass | testAlarmsSkip)) -> selfTestPass)))),G(resumeVentilation -> G(SelfTestMode -> (testAlarmsSkip | testAlarmsPass | testFl2Skip | testFl2Pass | testLeaksSkip | testLeaksPass | testOxygenSensorSkip | testOxygenSensorPass | testPSExpSkip,None
ADARULE,47,"If “Resume Ventilation” is selected, every step of the self-test procedure FUN.6 can be skipped or optionally rerun individually.",!(resumeVentilation) U ((resumeVentilation) & F((SelfTestMode & (((((((testPowerSwitchPass | testPowerSwitchSkip) & (testLeaksPass | testLeaksSkip)) & (testFl2Pass | testFl2Skip)) & (testPSExpPass | testPSExpSkip)) & (testOxygenSensorPass | testOxygenSensorSkip)) & (testAlarmsPass | testAlarmsSkip)) -> selfTestPass)))),G(resumeVentilation -> G(SelfTestMode -> (testAlarmsSkip | testAlarmsPass | testFl2Skip | testFl2Pass | testLeaksSkip | testLeaksPass | testOxygenSensorSkip | testOxygenSensorPass | testPSExpSkip,None
ADARULE,47,"If “Resume Ventilation” is selected, every step of the self-test procedure FUN.6 can be skipped or optionally rerun individually.",!(resumeVentilation) U ((resumeVentilation) & F((SelfTestMode & (((((((testPowerSwitchPass | testPowerSwitchSkip) & (testLeaksPass | testLeaksSkip)) & (testFl2Pass | testFl2Skip)) & (testPSExpPass | testPSExpSkip)) & (testOxygenSensorPass | testOxygenSensorSkip)) & (testAlarmsPass | testAlarmsSkip)) -> selfTestPass)))),G(resumeVentilation -> G(SelfTestMode -> (testAlarmsSkip | testAlarmsPass | testFl2Skip | testFl2Pass | testLeaksSkip | testLeaksPass | testOxygenSensorSkip | testOxygenSensorPass | testPSExpSkip,None
ADARULE,47,"If “Resume Ventilation” is selected, every step of the self-test procedure FUN.6 can be skipped or optionally rerun individually.",!(resumeVentilation) U ((resumeVentilation) & F((SelfTestMode & (((((((testPowerSwitchPass | testPowerSwitchSkip) & (testLeaksPass | testLeaksSkip)) & (testFl2Pass | testFl2Skip)) & (testPSExpPass | testPSExpSkip)) & (testOxygenSensorPass | testOxygenSensorSkip)) & (testAlarmsPass | testAlarmsSkip)) -> selfTestPass)))),G(resumeVentilation -> G(SelfTestMode -> (testAlarmsSkip | testAlarmsPass | testFl2Skip | testFl2Pass | testLeaksSkip | testLeaksPass | testOxygenSensorSkip | testOxygenSensorPass | testPSExpSkip,None
ADARULE,47,"If “Resume Ventilation” is selected, every step of the self-test procedure FUN.6 can be skipped or optionally rerun individually.",!(resumeVentilation) U ((resumeVentilation) & F((SelfTestMode & (((((((testPowerSwitchPass | testPowerSwitchSkip) & (testLeaksPass | testLeaksSkip)) & (testFl2Pass | testFl2Skip)) & (testPSExpPass | testPSExpSkip)) & (testOxygenSensorPass | testOxygenSensorSkip)) & (testAlarmsPass | testAlarmsSkip)) -> selfTestPass)))),G(resumeVentilation -> G(SelfTestMode -> (testAlarmsSkip | testAlarmsPass | testFl2Skip | testFl2Pass | testLeaksSkip | testLeaksPass | testOxygenSensorSkip | testOxygenSensorPass | testPSExpSkip,None
ADARULE,47,"If “Resume Ventilation” is selected, every step of the self-test procedure FUN.6 can be skipped or optionally rerun individually.",!(resumeVentilation) U ((resumeVentilation) & F((SelfTestMode & (((((((testPowerSwitchPass | testPowerSwitchSkip) & (testLeaksPass | testLeaksSkip)) & (testFl2Pass | testFl2Skip)) & (testPSExpPass | testPSExpSkip)) & (testOxygenSensorPass | testOxygenSensorSkip)) & (testAlarmsPass | testAlarmsSkip)) -> selfTestPass)))),G(resumeVentilation -> G(SelfTestMode -> (testAlarmsSkip | testAlarmsPass | testFl2Skip | testFl2Pass | testLeaksSkip | testLeaksPass | testOxygenSensorSkip | testOxygenSensorPass | testPSExpSkip,None
ADARULE,47,"If “Resume Ventilation” is selected, every step of the self-test procedure FUN.6 can be skipped or optionally rerun individually.",!(resumeVentilation) U ((resumeVentilation) & F((SelfTestMode & (((((((testPowerSwitchPass | testPowerSwitchSkip) & (testLeaksPass | testLeaksSkip)) & (testFl2Pass | testFl2Skip)) & (testPSExpPass | testPSExpSkip)) & (testOxygenSensorPass | testOxygenSensorSkip)) & (testAlarmsPass | testAlarmsSkip)) -> selfTestPass)))),G(resumeVentilation -> G(SelfTestMode -> (testAlarmsSkip | testAlarmsPass | testFl2Skip | testFl2Pass | testLeaksSkip | testLeaksPass | testOxygenSensorSkip | testOxygenSensorPass | testPSExpSkip,None
ADARULE,47,"If “Resume Ventilation” is selected, every step of the self-test procedure FUN.6 can be skipped or optionally rerun individually.",!(resumeVentilation) U ((resumeVentilation) & F((SelfTestMode & (((((((testPowerSwitchPass | testPowerSwitchSkip) & (testLeaksPass | testLeaksSkip)) & (testFl2Pass | testFl2Skip)) & (testPSExpPass | testPSExpSkip)) & (testOxygenSensorPass | testOxygenSensorSkip)) & (testAlarmsPass | testAlarmsSkip)) -> selfTestPass)))),G(resumeVentilation -> G(SelfTestMode -> (testAlarmsSkip | testAlarmsPass | testFl2Skip | testFl2Pass | testLeaksSkip | testLeaksPass | testOxygenSensorSkip | testOxygenSensorPass | testPSExpSkip,None
ADARULE,47,"If “Resume Ventilation” is selected, every step of the self-test procedure FUN.6 can be skipped or optionally rerun individually.",!(resumeVentilation) U ((resumeVentilation) & F((SelfTestMode & (((((((testPowerSwitchPass | testPowerSwitchSkip) & (testLeaksPass | testLeaksSkip)) & (testFl2Pass | testFl2Skip)) & (testPSExpPass | testPSExpSkip)) & (testOxygenSensorPass | testOxygenSensorSkip)) & (testAlarmsPass | testAlarmsSkip)) -> selfTestPass)))),G(resumeVentilation -> G(SelfTestMode -> (testAlarmsSkip | testAlarmsPass | testFl2Skip | testFl2Pass | testLeaksSkip | testLeaksPass | testOxygenSensorSkip | testOxygenSensorPass | testPSExpSkip,None
ADARULE,47,"If “Resume Ventilation” is selected, every step of the self-test procedure FUN.6 can be skipped or optionally rerun individually.",!(resumeVentilation) U ((resumeVentilation) & F((SelfTestMode & (((((((testPowerSwitchPass | testPowerSwitchSkip) & (testLeaksPass | testLeaksSkip)) & (testFl2Pass | testFl2Skip)) & (testPSExpPass | testPSExpSkip)) & (testOxygenSensorPass | testOxygenSensorSkip)) & (testAlarmsPass | testAlarmsSkip)) -> selfTestPass)))),G(resumeVentilation -> G(SelfTestMode -> (testAlarmsSkip | testAlarmsPass | testFl2Skip | testFl2Pass | testLeaksSkip | testLeaksPass | testOxygenSensorSkip | testOxygenSensorPass | testPSExpSkip,None
ADARULE,47,"If “Resume Ventilation” is selected, every step of the self-test procedure FUN.6 can be skipped or optionally rerun individually.",!(resumeVentilation) U ((resumeVentilation) & F((SelfTestMode & (((((((testPowerSwitchPass | testPowerSwitchSkip) & (testLeaksPass | testLeaksSkip)) & (testFl2Pass | testFl2Skip)) & (testPSExpPass | testPSExpSkip)) & (testOxygenSensorPass | testOxygenSensorSkip)) & (testAlarmsPass | testAlarmsSkip)) -> selfTestPass)))),G(resumeVentilation -> G(SelfTestMode -> (testAlarmsSkip | testAlarmsPass | testFl2Skip | testFl2Pass | testLeaksSkip | testLeaksPass | testOxygenSensorSkip | testOxygenSensorPass | testPSExpSkip,None
ADARULE,47,"If “Resume Ventilation” is selected, every step of the self-test procedure FUN.6 can be skipped or optionally rerun individually.",!(resumeVentilation) U ((resumeVentilation) & F((SelfTestMode & (((((((testPowerSwitchPass | testPowerSwitchSkip) & (testLeaksPass | testLeaksSkip)) & (testFl2Pass | testFl2Skip)) & (testPSExpPass | testPSExpSkip)) & (testOxygenSensorPass | testOxygenSensorSkip)) & (testAlarmsPass | testAlarmsSkip)) -> selfTestPass)))),G(resumeVentilation -> G(SelfTestMode -> (testAlarmsSkip | testAlarmsPass | testFl2Skip | testFl2Pass | testLeaksSkip | testLeaksPass | testOxygenSensorSkip | testOxygenSensorPass | testPSExpSkip,None
ADARULE,47,"If “Resume Ventilation” is selected, every step of the self-test procedure FUN.6 can be skipped or optionally rerun individually.",!(resumeVentilation) U ((resumeVentilation) & F((SelfTestMode & (((((((testPowerSwitchPass | testPowerSwitchSkip) & (testLeaksPass | testLeaksSkip)) & (testFl2Pass | testFl2Skip)) & (testPSExpPass | testPSExpSkip)) & (testOxygenSensorPass | testOxygenSensorSkip)) & (testAlarmsPass | testAlarmsSkip)) -> selfTestPass)))),G(resumeVentilation -> G(SelfTestMode -> (testAlarmsSkip | testAlarmsPass | testFl2Skip | testFl2Pass | testLeaksSkip | testLeaksPass | testOxygenSensorSkip | testOxygenSensorPass | testPSExpSkip,None
ADARULE,47,"If “Resume Ventilation” is selected, every step of the self-test procedure FUN.6 can be skipped or optionally rerun individually.",!(resumeVentilation) U ((resumeVentilation) & F((SelfTestMode & (((((((testPowerSwitchPass | testPowerSwitchSkip) & (testLeaksPass | testLeaksSkip)) & (testFl2Pass | testFl2Skip)) & (testPSExpPass | testPSExpSkip)) & (testOxygenSensorPass | testOxygenSensorSkip)) & (testAlarmsPass | testAlarmsSkip)) -> selfTestPass)))),G(resumeVentilation -> G(SelfTestMode -> (testAlarmsSkip | testAlarmsPass | testFl2Skip | testFl2Pass | testLeaksSkip | testLeaksPass | testOxygenSensorSkip | testOxygenSensorPass | testPSExpSkip,None
ADARULE,47,"If “Resume Ventilation” is selected, every step of the self-test procedure FUN.6 can be skipped or optionally rerun individually.",!(resumeVentilation) U ((resumeVentilation) & F((SelfTestMode & (((((((testPowerSwitchPass | testPowerSwitchSkip) & (testLeaksPass | testLeaksSkip)) & (testFl2Pass | testFl2Skip)) & (testPSExpPass | testPSExpSkip)) & (testOxygenSensorPass | testOxygenSensorSkip)) & (testAlarmsPass | testAlarmsSkip)) -> selfTestPass)))),G(resumeVentilation -> G(SelfTestMode -> (testAlarmsSkip | testAlarmsPass | testFl2Skip | testFl2Pass | testLeaksSkip | testLeaksPass | testOxygenSensorSkip | testOxygenSensorPass | testPSExpSkip,None
ADARULE,47,"If “Resume Ventilation” is selected, every step of the self-test procedure FUN.6 can be skipped or optionally rerun individually.",!(resumeVentilation) U ((resumeVentilation) & F((SelfTestMode & (((((((testPowerSwitchPass | testPowerSwitchSkip) & (testLeaksPass | testLeaksSkip)) & (testFl2Pass | testFl2Skip)) & (testPSExpPass | testPSExpSkip)) & (testOxygenSensorPass | testOxygenSensorSkip)) & (testAlarmsPass | testAlarmsSkip)) -> selfTestPass)))),G(resumeVentilation -> G(SelfTestMode -> (testAlarmsSkip | testAlarmsPass | testFl2Skip | testFl2Pass | testLeaksSkip | testLeaksPass | testOxygenSensorSkip | testOxygenSensorPass | testPSExpSkip,None
ADARULE,47,"If “Resume Ventilation” is selected, every step of the self-test procedure FUN.6 can be skipped or optionally rerun individually.",!(resumeVentilation) U ((resumeVentilation) & F((SelfTestMode & (((((((testPowerSwitchPass | testPowerSwitchSkip) & (testLeaksPass | testLeaksSkip)) & (testFl2Pass | testFl2Skip)) & (testPSExpPass | testPSExpSkip)) & (testOxygenSensorPass | testOxygenSensorSkip)) & (testAlarmsPass | testAlarmsSkip)) -> selfTestPass)))),G(resumeVentilation -> G(SelfTestMode -> (testAlarmsSkip | testAlarmsPass | testFl2Skip | testFl2Pass | testLeaksSkip | testLeaksPass | testOxygenSensorSkip | testOxygenSensorPass | testPSExpSkip,None
ADARULE,47,"If “Resume Ventilation” is selected, every step of the self-test procedure FUN.6 can be skipped or optionally rerun individually.",!(resumeVentilation) U ((resumeVentilation) & F((SelfTestMode & (((((((testPowerSwitchPass | testPowerSwitchSkip) & (testLeaksPass | testLeaksSkip)) & (testFl2Pass | testFl2Skip)) & (testPSExpPass | testPSExpSkip)) & (testOxygenSensorPass | testOxygenSensorSkip)) & (testAlarmsPass | testAlarmsSkip)) -> selfTestPass)))),G(resumeVentilation -> G(SelfTestMode -> (testAlarmsSkip | testAlarmsPass | testFl2Skip | testFl2Pass | testLeaksSkip | testLeaksPass | testOxygenSensorSkip | testOxygenSensorPass | testPSExpSkip,None
ADARULE,47,"If “Resume Ventilation” is selected, every step of the self-test procedure FUN.6 can be skipped or optionally rerun individually.",!(resumeVentilation) U ((resumeVentilation) & F((SelfTestMode & (((((((testPowerSwitchPass | testPowerSwitchSkip) & (testLeaksPass | testLeaksSkip)) & (testFl2Pass | testFl2Skip)) & (testPSExpPass | testPSExpSkip)) & (testOxygenSensorPass | testOxygenSensorSkip)) & (testAlarmsPass | testAlarmsSkip)) -> selfTestPass)))),G(resumeVentilation -> G(SelfTestMode -> (testAlarmsSkip | testAlarmsPass | testFl2Skip | testFl2Pass | testLeaksSkip | testLeaksPass | testOxygenSensorSkip | testOxygenSensorPass | testPSExpSkip,None
ADARULE,47,"If “Resume Ventilation” is selected, every step of the self-test procedure FUN.6 can be skipped or optionally rerun individually.",!(resumeVentilation) U ((resumeVentilation) & F((SelfTestMode & (((((((testPowerSwitchPass | testPowerSwitchSkip) & (testLeaksPass | testLeaksSkip)) & (testFl2Pass | testFl2Skip)) & (testPSExpPass | testPSExpSkip)) & (testOxygenSensorPass | testOxygenSensorSkip)) & (testAlarmsPass | testAlarmsSkip)) -> selfTestPass)))),G(resumeVentilation -> G(SelfTestMode -> (testAlarmsSkip | testAlarmsPass | testFl2Skip | testFl2Pass | testLeaksSkip | testLeaksPass | testOxygenSensorSkip | testOxygenSensorPass | testPSExpSkip,None
ADARULE,47,"If “Resume Ventilation” is selected, every step of the self-test procedure FUN.6 can be skipped or optionally rerun individually.",!(resumeVentilation) U ((resumeVentilation) & F((SelfTestMode & (((((((testPowerSwitchPass | testPowerSwitchSkip) & (testLeaksPass | testLeaksSkip)) & (testFl2Pass | testFl2Skip)) & (testPSExpPass | testPSExpSkip)) & (testOxygenSensorPass | testOxygenSensorSkip)) & (testAlarmsPass | testAlarmsSkip)) -> selfTestPass)))),G(resumeVentilation -> G(SelfTestMode -> (testAlarmsSkip | testAlarmsPass | testFl2Skip | testFl2Pass | testLeaksSkip | testLeaksPass | testOxygenSensorSkip | testOxygenSensorPass | testPSExpSkip,None
ADARULE,47,"If “Resume Ventilation” is selected, every step of the self-test procedure FUN.6 can be skipped or optionally rerun individually.",!(resumeVentilation) U ((resumeVentilation) & F((SelfTestMode & (((((((testPowerSwitchPass | testPowerSwitchSkip) & (testLeaksPass | testLeaksSkip)) & (testFl2Pass | testFl2Skip)) & (testPSExpPass | testPSExpSkip)) & (testOxygenSensorPass | testOxygenSensorSkip)) & (testAlarmsPass | testAlarmsSkip)) -> selfTestPass)))),G(resumeVentilation -> G(SelfTestMode -> (testAlarmsSkip | testAlarmsPass | testFl2Skip | testFl2Pass | testLeaksSkip | testLeaksPass | testOxygenSensorSkip | testOxygenSensorPass | testPSExpSkip,None
ADARULE,47,"If “Resume Ventilation” is selected, every step of the self-test procedure FUN.6 can be skipped or optionally rerun individually.",!(resumeVentilation) U ((resumeVentilation) & F((SelfTestMode & (((((((testPowerSwitchPass | testPowerSwitchSkip) & (testLeaksPass | testLeaksSkip)) & (testFl2Pass | testFl2Skip)) & (testPSExpPass | testPSExpSkip)) & (testOxygenSensorPass | testOxygenSensorSkip)) & (testAlarmsPass | testAlarmsSkip)) -> selfTestPass)))),G(resumeVentilation -> G(SelfTestMode -> (testAlarmsSkip | testAlarmsPass | testFl2Skip | testFl2Pass | testLeaksSkip | testLeaksPass | testOxygenSensorSkip | testOxygenSensorPass | testPSExpSkip,None
ADARULE,47,"If “Resume Ventilation” is selected, every step of the self-test procedure FUN.6 can be skipped or optionally rerun individually.",!(resumeVentilation) U ((resumeVentilation) & F((SelfTestMode & (((((((testPowerSwitchPass | testPowerSwitchSkip) & (testLeaksPass | testLeaksSkip)) & (testFl2Pass | testFl2Skip)) & (testPSExpPass | testPSExpSkip)) & (testOxygenSensorPass | testOxygenSensorSkip)) & (testAlarmsPass | testAlarmsSkip)) -> selfTestPass)))),G(resumeVentilation -> G(SelfTestMode -> (testAlarmsSkip | testAlarmsPass | testFl2Skip | testFl2Pass | testLeaksSkip | testLeaksPass | testOxygenSensorSkip | testOxygenSensorPass | testPSExpSkip,None
ADARULE,47,"If “Resume Ventilation” is selected, every step of the self-test procedure FUN.6 can be skipped or optionally rerun individually.",!(resumeVentilation) U ((resumeVentilation) & F((SelfTestMode & (((((((testPowerSwitchPass | testPowerSwitchSkip) & (testLeaksPass | testLeaksSkip)) & (testFl2Pass | testFl2Skip)) & (testPSExpPass | testPSExpSkip)) & (testOxygenSensorPass | testOxygenSensorSkip)) & (testAlarmsPass | testAlarmsSkip)) -> selfTestPass)))),G(resumeVentilation -> G(SelfTestMode -> (testAlarmsSkip | testAlarmsPass | testFl2Skip | testFl2Pass | testLeaksSkip | testLeaksPass | testOxygenSensorSkip | testOxygenSensorPass | testPSExpSkip,None
ADARULE,47,"If “Resume Ventilation” is selected, every step of the self-test procedure FUN.6 can be skipped or optionally rerun individually.",!(resumeVentilation) U ((resumeVentilation) & F((SelfTestMode & (((((((testPowerSwitchPass | testPowerSwitchSkip) & (testLeaksPass | testLeaksSkip)) & (testFl2Pass | testFl2Skip)) & (testPSExpPass | testPSExpSkip)) & (testOxygenSensorPass | testOxygenSensorSkip)) & (testAlarmsPass | testAlarmsSkip)) -> selfTestPass)))),G(resumeVentilation -> G(SelfTestMode -> (testAlarmsSkip | testAlarmsPass | testFl2Skip | testFl2Pass | testLeaksSkip | testLeaksPass | testOxygenSensorSkip | testOxygenSensorPass | testPSExpSkip,None
ADARULE,47,"If “Resume Ventilation” is selected, every step of the self-test procedure FUN.6 can be skipped or optionally rerun individually.",!(resumeVentilation) U ((resumeVentilation) & F((SelfTestMode & (((((((testPowerSwitchPass | testPowerSwitchSkip) & (testLeaksPass | testLeaksSkip)) & (testFl2Pass | testFl2Skip)) & (testPSExpPass | testPSExpSkip)) & (testOxygenSensorPass | testOxygenSensorSkip)) & (testAlarmsPass | testAlarmsSkip)) -> selfTestPass)))),G(resumeVentilation -> G(SelfTestMode -> (testAlarmsSkip | testAlarmsPass | testFl2Skip | testFl2Pass | testLeaksSkip | testLeaksPass | testOxygenSensorSkip | testOxygenSensorPass | testPSExpSkip,None
ADARULE,47,"If “Resume Ventilation” is selected, every step of the self-test procedure FUN.6 can be skipped or optionally rerun individually.",!(resumeVentilation) U ((resumeVentilation) & F((SelfTestMode & (((((((testPowerSwitchPass | testPowerSwitchSkip) & (testLeaksPass | testLeaksSkip)) & (testFl2Pass | testFl2Skip)) & (testPSExpPass | testPSExpSkip)) & (testOxygenSensorPass | testOxygenSensorSkip)) & (testAlarmsPass | testAlarmsSkip)) -> selfTestPass)))),G(resumeVentilation -> G(SelfTestMode -> (testAlarmsSkip | testAlarmsPass | testFl2Skip | testFl2Pass | testLeaksSkip | testLeaksPass | testOxygenSensorSkip | testOxygenSensorPass | testPSExpSkip,None
ADARULE,47,"If “Resume Ventilation” is selected, every step of the self-test procedure FUN.6 can be skipped or optionally rerun individually.",!(resumeVentilation) U ((resumeVentilation) & F((SelfTestMode & (((((((testPowerSwitchPass | testPowerSwitchSkip) & (testLeaksPass | testLeaksSkip)) & (testFl2Pass | testFl2Skip)) & (testPSExpPass | testPSExpSkip)) & (testOxygenSensorPass | testOxygenSensorSkip)) & (testAlarmsPass | testAlarmsSkip)) -> selfTestPass)))),G(resumeVentilation -> G(SelfTestMode -> (testAlarmsSkip | testAlarmsPass | testFl2Skip | testFl2Pass | testLeaksSkip | testLeaksPass | testOxygenSensorSkip | testOxygenSensorPass | testPSExpSkip,None
ADARULE,47,"If “Resume Ventilation” is selected, every step of the self-test procedure FUN.6 can be skipped or optionally rerun individually.",!(resumeVentilation) U ((resumeVentilation) & F((SelfTestMode & (((((((testPowerSwitchPass | testPowerSwitchSkip) & (testLeaksPass | testLeaksSkip)) & (testFl2Pass | testFl2Skip)) & (testPSExpPass | testPSExpSkip)) & (testOxygenSensorPass | testOxygenSensorSkip)) & (testAlarmsPass | testAlarmsSkip)) -> selfTestPass)))),G(resumeVentilation -> G(SelfTestMode -> (testAlarmsSkip | testAlarmsPass | testFl2Skip | testFl2Pass | testLeaksSkip | testLeaksPass | testOxygenSensorSkip | testOxygenSensorPass | testPSExpSkip,None
ADARULE,47,"If “Resume Ventilation” is selected, every step of the self-test procedure FUN.6 can be skipped or optionally rerun individually.",!(resumeVentilation) U ((resumeVentilation) & F((SelfTestMode & (((((((testPowerSwitchPass | testPowerSwitchSkip) & (testLeaksPass | testLeaksSkip)) & (testFl2Pass | testFl2Skip)) & (testPSExpPass | testPSExpSkip)) & (testOxygenSensorPass | testOxygenSensorSkip)) & (testAlarmsPass | testAlarmsSkip)) -> selfTestPass)))),G(resumeVentilation -> G(SelfTestMode -> (testAlarmsSkip | testAlarmsPass | testFl2Skip | testFl2Pass | testLeaksSkip | testLeaksPass | testOxygenSensorSkip | testOxygenSensorPass | testPSExpSkip,None
ADARULE,47,"If “Resume Ventilation” is selected, every step of the self-test procedure FUN.6 can be skipped or optionally rerun individually.",!(resumeVentilation) U ((resumeVentilation) & F((SelfTestMode & (((((((testPowerSwitchPass | testPowerSwitchSkip) & (testLeaksPass | testLeaksSkip)) & (testFl2Pass | testFl2Skip)) & (testPSExpPass | testPSExpSkip)) & (testOxygenSensorPass | testOxygenSensorSkip)) & (testAlarmsPass | testAlarmsSkip)) -> selfTestPass)))),G(resumeVentilation -> G(SelfTestMode -> (testAlarmsSkip | testAlarmsPass | testFl2Skip | testFl2Pass | testLeaksSkip | testLeaksPass | testOxygenSensorSkip | testOxygenSensorPass | testPSExpSkip,None
ADARULE,47,"If “Resume Ventilation” is selected, every step of the self-test procedure FUN.6 can be skipped or optionally rerun individually.",!(resumeVentilation) U ((resumeVentilation) & F((SelfTestMode & (((((((testPowerSwitchPass | testPowerSwitchSkip) & (testLeaksPass | testLeaksSkip)) & (testFl2Pass | testFl2Skip)) & (testPSExpPass | testPSExpSkip)) & (testOxygenSensorPass | testOxygenSensorSkip)) & (testAlarmsPass | testAlarmsSkip)) -> selfTestPass)))),G(resumeVentilation -> G(SelfTestMode -> (testAlarmsSkip | testAlarmsPass | testFl2Skip | testFl2Pass | testLeaksSkip | testLeaksPass | testOxygenSensorSkip | testOxygenSensorPass | testPSExpSkip,None
ADARULE,47,"If “Resume Ventilation” is selected, every step of the self-test procedure FUN.6 can be skipped or optionally rerun individually.",!(resumeVentilation) U ((resumeVentilation) & F((SelfTestMode & (((((((testPowerSwitchPass | testPowerSwitchSkip) & (testLeaksPass | testLeaksSkip)) & (testFl2Pass | testFl2Skip)) & (testPSExpPass | testPSExpSkip)) & (testOxygenSensorPass | testOxygenSensorSkip)) & (testAlarmsPass | testAlarmsSkip)) -> selfTestPass)))),G(resumeVentilation -> G(SelfTestMode -> (testAlarmsSkip | testAlarmsPass | testFl2Skip | testFl2Pass | testLeaksSkip | testLeaksPass | testOxygenSensorSkip | testOxygenSensorPass | testPSExpSkip,None
ADARULE,47,"If “Resume Ventilation” is selected, every step of the self-test procedure FUN.6 can be skipped or optionally rerun individually.",!(resumeVentilation) U ((resumeVentilation) & F((SelfTestMode & (((((((testPowerSwitchPass | testPowerSwitchSkip) & (testLeaksPass | testLeaksSkip)) & (testFl2Pass | testFl2Skip)) & (testPSExpPass | testPSExpSkip)) & (testOxygenSensorPass | testOxygenSensorSkip)) & (testAlarmsPass | testAlarmsSkip)) -> selfTestPass)))),G(resumeVentilation -> G(SelfTestMode -> (testAlarmsSkip | testAlarmsPass | testFl2Skip | testFl2Pass | testLeaksSkip | testLeaksPass | testOxygenSensorSkip | testOxygenSensorPass | testPSExpSkip,None
ADARULE,47,"If “Resume Ventilation” is selected, every step of the self-test procedure FUN.6 can be skipped or optionally rerun individually.",!(resumeVentilation) U ((resumeVentilation) & F((SelfTestMode & (((((((testPowerSwitchPass | testPowerSwitchSkip) & (testLeaksPass | testLeaksSkip)) & (testFl2Pass | testFl2Skip)) & (testPSExpPass | testPSExpSkip)) & (testOxygenSensorPass | testOxygenSensorSkip)) & (testAlarmsPass | testAlarmsSkip)) -> selfTestPass)))),G(resumeVentilation -> G(SelfTestMode -> (testAlarmsSkip | testAlarmsPass | testFl2Skip | testFl2Pass | testLeaksSkip | testLeaksPass | testOxygenSensorSkip | testOxygenSensorPass | testPSExpSkip,None
ADARULE,47,"If “Resume Ventilation” is selected, every step of the self-test procedure FUN.6 can be skipped or optionally rerun individually.",!(resumeVentilation) U ((resumeVentilation) & F((SelfTestMode & (((((((testPowerSwitchPass | testPowerSwitchSkip) & (testLeaksPass | testLeaksSkip)) & (testFl2Pass | testFl2Skip)) & (testPSExpPass | testPSExpSkip)) & (testOxygenSensorPass | testOxygenSensorSkip)) & (testAlarmsPass | testAlarmsSkip)) -> selfTestPass)))),G(resumeVentilation -> G(SelfTestMode -> (testAlarmsSkip | testAlarmsPass | testFl2Skip | testFl2Pass | testLeaksSkip | testLeaksPass | testOxygenSensorSkip | testOxygenSensorPass | testPSExpSkip,None
ADARULE,47,"If “Resume Ventilation” is selected, every step of the self-test procedure FUN.6 can be skipped or optionally rerun individually.",!(resumeVentilation) U ((resumeVentilation) & F((SelfTestMode & (((((((testPowerSwitchPass | testPowerSwitchSkip) & (testLeaksPass | testLeaksSkip)) & (testFl2Pass | testFl2Skip)) & (testPSExpPass | testPSExpSkip)) & (testOxygenSensorPass | testOxygenSensorSkip)) & (testAlarmsPass | testAlarmsSkip)) -> selfTestPass)))),G(resumeVentilation -> G(SelfTestMode -> (testAlarmsSkip | testAlarmsPass | testFl2Skip | testFl2Pass | testLeaksSkip | testLeaksPass | testOxygenSensorSkip | testOxygenSensorPass | testPSExpSkip,None
ADARULE,47,"If “Resume Ventilation” is selected, every step of the self-test procedure FUN.6 can be skipped or optionally rerun individually.",!(resumeVentilation) U ((resumeVentilation) & F((SelfTestMode & (((((((testPowerSwitchPass | testPowerSwitchSkip) & (testLeaksPass | testLeaksSkip)) & (testFl2Pass | testFl2Skip)) & (testPSExpPass | testPSExpSkip)) & (testOxygenSensorPass | testOxygenSensorSkip)) & (testAlarmsPass | testAlarmsSkip)) -> selfTestPass)))),G(resumeVentilation -> G(SelfTestMode -> (testAlarmsSkip | testAlarmsPass | testFl2Skip | testFl2Pass | testLeaksSkip | testLeaksPass | testOxygenSensorSkip | testOxygenSensorPass | testPSExpSkip,None
ADARULE,66,The switch to PSV shall occur at the end of a PCV inspiratory time,!(PSVModeSelected) U ((PSVModeSelected) & G(PCVMode -> X((! (inspiratoryPhaseEnd & PSVMode))))),G(inspiratoryPhaseEnd -> X(PSVModeSelected)),False
ADARULE,66,The switch to PSV shall occur at the end of a PCV inspiratory time,!(PSVModeSelected) U ((PSVModeSelected) & G(PCVMode -> X((! (inspiratoryPhaseEnd & PSVMode))))),G(inspiratoryPhaseEnd -> X(PSVModeSelected & !PCVMode)),False
ADARULE,66,The switch to PSV shall occur at the end of a PCV inspiratory time,!(PSVModeSelected) U ((PSVModeSelected) & G(PCVMode -> X((! (inspiratoryPhaseEnd & PSVMode))))),G(inspiratoryPhaseEnd -> X(PSVModeSelected)),False
ADARULE,66,The switch to PSV shall occur at the end of a PCV inspiratory time,!(PSVModeSelected) U ((PSVModeSelected) & G(PCVMode -> X((! (inspiratoryPhaseEnd & PSVMode))))),G(inspiratoryPhaseEnd -> X(PSVModeSelected & !PCVMode)),False
ADARULE,66,The switch to PSV shall occur at the end of a PCV inspiratory time,!(PSVModeSelected) U ((PSVModeSelected) & G(PCVMode -> X((! (inspiratoryPhaseEnd & PSVMode))))),G(inspiratoryPhaseEnd -> X(PSVModeSelected & !PCVMode)),False
ADARULE,66,The switch to PSV shall occur at the end of a PCV inspiratory time,!(PSVModeSelected) U ((PSVModeSelected) & G(PCVMode -> X((! (inspiratoryPhaseEnd & PSVMode))))),G(inspiratoryPhaseEnd -> X(PSVModeSelected & !PCVMode)),False
ADARULE,66,The switch to PSV shall occur at the end of a PCV inspiratory time,!(PSVModeSelected) U ((PSVModeSelected) & G(PCVMode -> X((! (inspiratoryPhaseEnd & PSVMode))))),G(inspiratoryPhaseEnd -> X(PSVModeSelected & !PCVMode)),False
ADARULE,66,The switch to PSV shall occur at the end of a PCV inspiratory time,!(PSVModeSelected) U ((PSVModeSelected) & G(PCVMode -> X((! (inspiratoryPhaseEnd & PSVMode))))),G(inspiratoryPhaseEnd -> X(PSVModeSelected)),False
ADARULE,66,The switch to PSV shall occur at the end of a PCV inspiratory time,!(PSVModeSelected) U ((PSVModeSelected) & G(PCVMode -> X((! (inspiratoryPhaseEnd & PSVMode))))),G(inspiratoryPhaseEnd -> X(PSVModeSelected)),False
ADARULE,66,The switch to PSV shall occur at the end of a PCV inspiratory time,!(PSVModeSelected) U ((PSVModeSelected) & G(PCVMode -> X((! (inspiratoryPhaseEnd & PSVMode))))),G(inspiratoryPhaseEnd -> X(PSVModeSelected & !PCVMode)),False
ADARULE,66,The switch to PSV shall occur at the end of a PCV inspiratory time,!(PSVModeSelected) U ((PSVModeSelected) & G(PCVMode -> X((! (inspiratoryPhaseEnd & PSVMode))))),G(inspiratoryPhaseEnd -> X(PSVModeSelected)),False
ADARULE,66,The switch to PSV shall occur at the end of a PCV inspiratory time,!(PSVModeSelected) U ((PSVModeSelected) & G(PCVMode -> X((! (inspiratoryPhaseEnd & PSVMode))))),G(inspiratoryPhaseEnd -> X(PSVModeSelected & !PCVMode)),False
ADARULE,66,The switch to PSV shall occur at the end of a PCV inspiratory time,!(PSVModeSelected) U ((PSVModeSelected) & G(PCVMode -> X((! (inspiratoryPhaseEnd & PSVMode))))),G(inspiratoryPhaseEnd -> X(PSVModeSelected & !PCVMode)),False
ADARULE,66,The switch to PSV shall occur at the end of a PCV inspiratory time,!(PSVModeSelected) U ((PSVModeSelected) & G(PCVMode -> X((! (inspiratoryPhaseEnd & PSVMode))))),G(inspiratoryPhaseEnd -> X(PSVModeSelected & !PCVMode)),False
ADARULE,66,The switch to PSV shall occur at the end of a PCV inspiratory time,!(PSVModeSelected) U ((PSVModeSelected) & G(PCVMode -> X((! (inspiratoryPhaseEnd & PSVMode))))),G(inspiratoryPhaseEnd -> X(PSVModeSelected)),False
ADARULE,66,The switch to PSV shall occur at the end of a PCV inspiratory time,!(PSVModeSelected) U ((PSVModeSelected) & G(PCVMode -> X((! (inspiratoryPhaseEnd & PSVMode))))),G(inspiratoryPhaseEnd -> X(PSVModeSelected & !PCVMode)),False
ADARULE,66,The switch to PSV shall occur at the end of a PCV inspiratory time,!(PSVModeSelected) U ((PSVModeSelected) & G(PCVMode -> X((! (inspiratoryPhaseEnd & PSVMode))))),G(inspiratoryPhaseEnd -> X(PSVModeSelected)),False
ADARULE,66,The switch to PSV shall occur at the end of a PCV inspiratory time,!(PSVModeSelected) U ((PSVModeSelected) & G(PCVMode -> X((! (inspiratoryPhaseEnd & PSVMode))))),G(inspiratoryPhaseEnd -> X(PSVModeSelected & !PCVMode)),False
ADARULE,66,The switch to PSV shall occur at the end of a PCV inspiratory time,!(PSVModeSelected) U ((PSVModeSelected) & G(PCVMode -> X((! (inspiratoryPhaseEnd & PSVMode))))),G(inspiratoryPhaseEnd -> X(PSVModeSelected & !PCVMode)),False
ADARULE,66,The switch to PSV shall occur at the end of a PCV inspiratory time,!(PSVModeSelected) U ((PSVModeSelected) & G(PCVMode -> X((! (inspiratoryPhaseEnd & PSVMode))))),G(inspiratoryPhaseEnd -> X(PSVModeSelected & !PCVMode)),False
ADARULE,66,The switch to PSV shall occur at the end of a PCV inspiratory time,!(PSVModeSelected) U ((PSVModeSelected) & G(PCVMode -> X((! (inspiratoryPhaseEnd & PSVMode))))),G(inspiratoryPhaseEnd -> X(PSVModeSelected & !PCVMode)),False
ADARULE,66,The switch to PSV shall occur at the end of a PCV inspiratory time,!(PSVModeSelected) U ((PSVModeSelected) & G(PCVMode -> X((! (inspiratoryPhaseEnd & PSVMode))))),G(inspiratoryPhaseEnd -> X(PSVModeSelected & !PCVMode)),False
ADARULE,66,The switch to PSV shall occur at the end of a PCV inspiratory time,!(PSVModeSelected) U ((PSVModeSelected) & G(PCVMode -> X((! (inspiratoryPhaseEnd & PSVMode))))),G(inspiratoryPhaseEnd -> X(PSVModeSelected)),False
ADARULE,66,The switch to PSV shall occur at the end of a PCV inspiratory time,!(PSVModeSelected) U ((PSVModeSelected) & G(PCVMode -> X((! (inspiratoryPhaseEnd & PSVMode))))),G(inspiratoryPhaseEnd -> X(PSVModeSelected)),False
ADARULE,66,The switch to PSV shall occur at the end of a PCV inspiratory time,!(PSVModeSelected) U ((PSVModeSelected) & G(PCVMode -> X((! (inspiratoryPhaseEnd & PSVMode))))),G(inspiratoryPhaseEnd -> X(PSVModeSelected & !PCVMode)),False
ADARULE,66,The switch to PSV shall occur at the end of a PCV inspiratory time,!(PSVModeSelected) U ((PSVModeSelected) & G(PCVMode -> X((! (inspiratoryPhaseEnd & PSVMode))))),G(inspiratoryPhaseEnd -> X(PSVModeSelected)),False
ADARULE,66,The switch to PSV shall occur at the end of a PCV inspiratory time,!(PSVModeSelected) U ((PSVModeSelected) & G(PCVMode -> X((! (inspiratoryPhaseEnd & PSVMode))))),G(inspiratoryPhaseEnd -> X(PSVModeSelected & !PCVMode)),False
ADARULE,66,The switch to PSV shall occur at the end of a PCV inspiratory time,!(PSVModeSelected) U ((PSVModeSelected) & G(PCVMode -> X((! (inspiratoryPhaseEnd & PSVMode))))),G(inspiratoryPhaseEnd -> X(PSVModeSelected & !PCVMode)),False
ADARULE,66,The switch to PSV shall occur at the end of a PCV inspiratory time,!(PSVModeSelected) U ((PSVModeSelected) & G(PCVMode -> X((! (inspiratoryPhaseEnd & PSVMode))))),G(inspiratoryPhaseEnd -> X(PSVModeSelected & !PCVMode)),False
ADARULE,66,The switch to PSV shall occur at the end of a PCV inspiratory time,!(PSVModeSelected) U ((PSVModeSelected) & G(PCVMode -> X((! (inspiratoryPhaseEnd & PSVMode))))),G(inspiratoryPhaseEnd -> X(PSVModeSelected & !PCVMode)),False
ADARULE,66,The switch to PSV shall occur at the end of a PCV inspiratory time,!(PSVModeSelected) U ((PSVModeSelected) & G(PCVMode -> X((! (inspiratoryPhaseEnd & PSVMode))))),G(inspiratoryPhaseEnd -> X(PSVModeSelected)),False
ADARULE,66,The switch to PSV shall occur at the end of a PCV inspiratory time,!(PSVModeSelected) U ((PSVModeSelected) & G(PCVMode -> X((! (inspiratoryPhaseEnd & PSVMode))))),G(inspiratoryPhaseEnd -> X(PSVModeSelected)),False
ADARULE,66,The switch to PSV shall occur at the end of a PCV inspiratory time,!(PSVModeSelected) U ((PSVModeSelected) & G(PCVMode -> X((! (inspiratoryPhaseEnd & PSVMode))))),G(inspiratoryPhaseEnd -> X(PSVModeSelected)),False
ADARULE,66,The switch to PSV shall occur at the end of a PCV inspiratory time,!(PSVModeSelected) U ((PSVModeSelected) & G(PCVMode -> X((! (inspiratoryPhaseEnd & PSVMode))))),G(inspiratoryPhaseEnd -> X(PSVModeSelected & !PCVMode)),False
ADARULE,66,The switch to PSV shall occur at the end of a PCV inspiratory time,!(PSVModeSelected) U ((PSVModeSelected) & G(PCVMode -> X((! (inspiratoryPhaseEnd & PSVMode))))),G(inspiratoryPhaseEnd -> X(PSVModeSelected & !PCVMode)),False
ADARULE,66,The switch to PSV shall occur at the end of a PCV inspiratory time,!(PSVModeSelected) U ((PSVModeSelected) & G(PCVMode -> X((! (inspiratoryPhaseEnd & PSVMode))))),G(inspiratoryPhaseEnd -> X(PSVModeSelected & !PCVMode)),False
ADARULE,66,The switch to PSV shall occur at the end of a PCV inspiratory time,!(PSVModeSelected) U ((PSVModeSelected) & G(PCVMode -> X((! (inspiratoryPhaseEnd & PSVMode))))),G(inspiratoryPhaseEnd -> X(PSVModeSelected & !PCVMode)),False
ADARULE,66,The switch to PSV shall occur at the end of a PCV inspiratory time,!(PSVModeSelected) U ((PSVModeSelected) & G(PCVMode -> X((! (inspiratoryPhaseEnd & PSVMode))))),G(inspiratoryPhaseEnd -> X(PSVModeSelected)),False
ADARULE,66,The switch to PSV shall occur at the end of a PCV inspiratory time,!(PSVModeSelected) U ((PSVModeSelected) & G(PCVMode -> X((! (inspiratoryPhaseEnd & PSVMode))))),G(inspiratoryPhaseEnd -> X(PSVModeSelected)),False
ADARULE,66,The switch to PSV shall occur at the end of a PCV inspiratory time,!(PSVModeSelected) U ((PSVModeSelected) & G(PCVMode -> X((! (inspiratoryPhaseEnd & PSVMode))))),G(inspiratoryPhaseEnd -> X(PSVModeSelected)),False
ADARULE,66,The switch to PSV shall occur at the end of a PCV inspiratory time,!(PSVModeSelected) U ((PSVModeSelected) & G(PCVMode -> X((! (inspiratoryPhaseEnd & PSVMode))))),G(inspiratoryPhaseEnd -> X(PSVModeSelected & !PCVMode)),False
ADARULE,66,The switch to PSV shall occur at the end of a PCV inspiratory time,!(PSVModeSelected) U ((PSVModeSelected) & G(PCVMode -> X((! (inspiratoryPhaseEnd & PSVMode))))),G(inspiratoryPhaseEnd -> X(PSVModeSelected & !PCVMode)),False
ADARULE,66,The switch to PSV shall occur at the end of a PCV inspiratory time,!(PSVModeSelected) U ((PSVModeSelected) & G(PCVMode -> X((! (inspiratoryPhaseEnd & PSVMode))))),G(inspiratoryPhaseEnd -> X(PSVModeSelected & !PCVMode)),False
ADARULE,66,The switch to PSV shall occur at the end of a PCV inspiratory time,!(PSVModeSelected) U ((PSVModeSelected) & G(PCVMode -> X((! (inspiratoryPhaseEnd & PSVMode))))),G(inspiratoryPhaseEnd -> X(PSVModeSelected & !PCVMode)),False
ADARULE,66,The switch to PSV shall occur at the end of a PCV inspiratory time,!(PSVModeSelected) U ((PSVModeSelected) & G(PCVMode -> X((! (inspiratoryPhaseEnd & PSVMode))))),G(inspiratoryPhaseEnd -> X(PSVModeSelected)),False
ADARULE,66,The switch to PSV shall occur at the end of a PCV inspiratory time,!(PSVModeSelected) U ((PSVModeSelected) & G(PCVMode -> X((! (inspiratoryPhaseEnd & PSVMode))))),G(inspiratoryPhaseEnd -> X(PSVModeSelected & !PCVMode)),False
ADARULE,66,The switch to PSV shall occur at the end of a PCV inspiratory time,!(PSVModeSelected) U ((PSVModeSelected) & G(PCVMode -> X((! (inspiratoryPhaseEnd & PSVMode))))),G(inspiratoryPhaseEnd -> X(PSVModeSelected & !PCVMode)),False
ADARULE,66,The switch to PSV shall occur at the end of a PCV inspiratory time,!(PSVModeSelected) U ((PSVModeSelected) & G(PCVMode -> X((! (inspiratoryPhaseEnd & PSVMode))))),G(inspiratoryPhaseEnd -> X(PSVModeSelected)),False
ADARULE,66,The switch to PSV shall occur at the end of a PCV inspiratory time,!(PSVModeSelected) U ((PSVModeSelected) & G(PCVMode -> X((! (inspiratoryPhaseEnd & PSVMode))))),G(inspiratoryPhaseEnd -> X(PSVModeSelected)),False
ADARULE,66,The switch to PSV shall occur at the end of a PCV inspiratory time,!(PSVModeSelected) U ((PSVModeSelected) & G(PCVMode -> X((! (inspiratoryPhaseEnd & PSVMode))))),G(inspiratoryPhaseEnd -> X(PSVModeSelected)),False
ADARULE,66,The switch to PSV shall occur at the end of a PCV inspiratory time,!(PSVModeSelected) U ((PSVModeSelected) & G(PCVMode -> X((! (inspiratoryPhaseEnd & PSVMode))))),G(inspiratoryPhaseEnd -> X(PSVModeSelected)),False
ADARULE,66,The switch to PSV shall occur at the end of a PCV inspiratory time,!(PSVModeSelected) U ((PSVModeSelected) & G(PCVMode -> X((! (inspiratoryPhaseEnd & PSVMode))))),G(inspiratoryPhaseEnd -> X(PSVModeSelected & !PCVMode)),False
ADARULE,66,The switch to PSV shall occur at the end of a PCV inspiratory time,!(PSVModeSelected) U ((PSVModeSelected) & G(PCVMode -> X((! (inspiratoryPhaseEnd & PSVMode))))),G(inspiratoryPhaseEnd -> X(PSVModeSelected & !PCVMode)),False
ADARULE,66,The switch to PSV shall occur at the end of a PCV inspiratory time,!(PSVModeSelected) U ((PSVModeSelected) & G(PCVMode -> X((! (inspiratoryPhaseEnd & PSVMode))))),G(inspiratoryPhaseEnd -> X(PSVModeSelected & !PCVMode)),False
ADARULE,66,The switch to PSV shall occur at the end of a PCV inspiratory time,!(PSVModeSelected) U ((PSVModeSelected) & G(PCVMode -> X((! (inspiratoryPhaseEnd & PSVMode))))),G(inspiratoryPhaseEnd -> X(PSVModeSelected & !PCVMode)),False
ADARULE,66,The switch to PSV shall occur at the end of a PCV inspiratory time,!(PSVModeSelected) U ((PSVModeSelected) & G(PCVMode -> X((! (inspiratoryPhaseEnd & PSVMode))))),G(inspiratoryPhaseEnd -> X(PSVModeSelected & !PCVMode)),False
ADARULE,66,The switch to PSV shall occur at the end of a PCV inspiratory time,!(PSVModeSelected) U ((PSVModeSelected) & G(PCVMode -> X((! (inspiratoryPhaseEnd & PSVMode))))),G(inspiratoryPhaseEnd -> X(PSVModeSelected & !PCVMode)),False
ADARULE,66,The switch to PSV shall occur at the end of a PCV inspiratory time,!(PSVModeSelected) U ((PSVModeSelected) & G(PCVMode -> X((! (inspiratoryPhaseEnd & PSVMode))))),G(inspiratoryPhaseEnd -> X(PSVModeSelected & !PCVMode)),False
ADARULE,66,The switch to PSV shall occur at the end of a PCV inspiratory time,!(PSVModeSelected) U ((PSVModeSelected) & G(PCVMode -> X((! (inspiratoryPhaseEnd & PSVMode))))),G(inspiratoryPhaseEnd -> X(PSVModeSelected & !PCVMode)),False
ADARULE,66,The switch to PSV shall occur at the end of a PCV inspiratory time,!(PSVModeSelected) U ((PSVModeSelected) & G(PCVMode -> X((! (inspiratoryPhaseEnd & PSVMode))))),G(inspiratoryPhaseEnd -> X(PSVModeSelected & !PCVMode)),False
ADARULE,66,The switch to PSV shall occur at the end of a PCV inspiratory time,!(PSVModeSelected) U ((PSVModeSelected) & G(PCVMode -> X((! (inspiratoryPhaseEnd & PSVMode))))),G(inspiratoryPhaseEnd -> X(PSVModeSelected & !PCVMode)),False
ADARULE,66,The switch to PSV shall occur at the end of a PCV inspiratory time,!(PSVModeSelected) U ((PSVModeSelected) & G(PCVMode -> X((! (inspiratoryPhaseEnd & PSVMode))))),G(inspiratoryPhaseEnd -> X(PSVModeSelected & !PCVMode)),False
ADARULE,66,The switch to PSV shall occur at the end of a PCV inspiratory time,!(PSVModeSelected) U ((PSVModeSelected) & G(PCVMode -> X((! (inspiratoryPhaseEnd & PSVMode))))),G(inspiratoryPhaseEnd -> X(PSVModeSelected & !PCVMode)),False
ADARULE,66,The switch to PSV shall occur at the end of a PCV inspiratory time,!(PSVModeSelected) U ((PSVModeSelected) & G(PCVMode -> X((! (inspiratoryPhaseEnd & PSVMode))))),G(inspiratoryPhaseEnd -> X(PSVModeSelected)),False
ADARULE,66,The switch to PSV shall occur at the end of a PCV inspiratory time,!(PSVModeSelected) U ((PSVModeSelected) & G(PCVMode -> X((! (inspiratoryPhaseEnd & PSVMode))))),G(inspiratoryPhaseEnd -> X(PSVModeSelected & !PCVMode)),False
ADARULE,66,The switch to PSV shall occur at the end of a PCV inspiratory time,!(PSVModeSelected) U ((PSVModeSelected) & G(PCVMode -> X((! (inspiratoryPhaseEnd & PSVMode))))),G(inspiratoryPhaseEnd -> X(PSVModeSelected & !PCVMode)),False
ADARULE,66,The switch to PSV shall occur at the end of a PCV inspiratory time,!(PSVModeSelected) U ((PSVModeSelected) & G(PCVMode -> X((! (inspiratoryPhaseEnd & PSVMode))))),G(inspiratoryPhaseEnd -> X(PSVModeSelected)),False
ADARULE,66,The switch to PSV shall occur at the end of a PCV inspiratory time,!(PSVModeSelected) U ((PSVModeSelected) & G(PCVMode -> X((! (inspiratoryPhaseEnd & PSVMode))))),G(inspiratoryPhaseEnd -> X(PSVModeSelected)),False
ADARULE,66,The switch to PSV shall occur at the end of a PCV inspiratory time,!(PSVModeSelected) U ((PSVModeSelected) & G(PCVMode -> X((! (inspiratoryPhaseEnd & PSVMode))))),G(inspiratoryPhaseEnd -> X(PSVModeSelected)),False
ADARULE,66,The switch to PSV shall occur at the end of a PCV inspiratory time,!(PSVModeSelected) U ((PSVModeSelected) & G(PCVMode -> X((! (inspiratoryPhaseEnd & PSVMode))))),G(inspiratoryPhaseEnd -> X(PSVModeSelected)),False
ADARULE,66,The switch to PSV shall occur at the end of a PCV inspiratory time,!(PSVModeSelected) U ((PSVModeSelected) & G(PCVMode -> X((! (inspiratoryPhaseEnd & PSVMode))))),G(inspiratoryPhaseEnd -> X(PSVModeSelected)),False
ADARULE,66,The switch to PSV shall occur at the end of a PCV inspiratory time,!(PSVModeSelected) U ((PSVModeSelected) & G(PCVMode -> X((! (inspiratoryPhaseEnd & PSVMode))))),G(inspiratoryPhaseEnd -> X(PSVModeSelected & !PCVMode)),False
ADARULE,66,The switch to PSV shall occur at the end of a PCV inspiratory time,!(PSVModeSelected) U ((PSVModeSelected) & G(PCVMode -> X((! (inspiratoryPhaseEnd & PSVMode))))),G(inspiratoryPhaseEnd -> X(PSVModeSelected)),False
ADARULE,66,The switch to PSV shall occur at the end of a PCV inspiratory time,!(PSVModeSelected) U ((PSVModeSelected) & G(PCVMode -> X((! (inspiratoryPhaseEnd & PSVMode))))),G(inspiratoryPhaseEnd -> X(PSVModeSelected & !PCVMode)),False
ADARULE,66,The switch to PSV shall occur at the end of a PCV inspiratory time,!(PSVModeSelected) U ((PSVModeSelected) & G(PCVMode -> X((! (inspiratoryPhaseEnd & PSVMode))))),G(inspiratoryPhaseEnd -> X(PSVModeSelected)),False
ADARULE,66,The switch to PSV shall occur at the end of a PCV inspiratory time,!(PSVModeSelected) U ((PSVModeSelected) & G(PCVMode -> X((! (inspiratoryPhaseEnd & PSVMode))))),G(inspiratoryPhaseEnd -> X(PSVModeSelected)),False
ADARULE,66,The switch to PSV shall occur at the end of a PCV inspiratory time,!(PSVModeSelected) U ((PSVModeSelected) & G(PCVMode -> X((! (inspiratoryPhaseEnd & PSVMode))))),G(inspiratoryPhaseEnd -> X(PSVModeSelected & !PCVMode)),False
ADARULE,66,The switch to PSV shall occur at the end of a PCV inspiratory time,!(PSVModeSelected) U ((PSVModeSelected) & G(PCVMode -> X((! (inspiratoryPhaseEnd & PSVMode))))),G(inspiratoryPhaseEnd -> X(PSVModeSelected & !PCVMode)),False
ADARULE,66,The switch to PSV shall occur at the end of a PCV inspiratory time,!(PSVModeSelected) U ((PSVModeSelected) & G(PCVMode -> X((! (inspiratoryPhaseEnd & PSVMode))))),G(inspiratoryPhaseEnd -> X(PSVModeSelected)),False
ADARULE,66,The switch to PSV shall occur at the end of a PCV inspiratory time,!(PSVModeSelected) U ((PSVModeSelected) & G(PCVMode -> X((! (inspiratoryPhaseEnd & PSVMode))))),G(inspiratoryPhaseEnd -> X(PSVModeSelected)),False
ADARULE,66,The switch to PSV shall occur at the end of a PCV inspiratory time,!(PSVModeSelected) U ((PSVModeSelected) & G(PCVMode -> X((! (inspiratoryPhaseEnd & PSVMode))))),G(inspiratoryPhaseEnd -> X(PSVModeSelected)),False
ADARULE,66,The switch to PSV shall occur at the end of a PCV inspiratory time,!(PSVModeSelected) U ((PSVModeSelected) & G(PCVMode -> X((! (inspiratoryPhaseEnd & PSVMode))))),G(inspiratoryPhaseEnd -> X(PSVModeSelected)),False
ADARULE,66,The switch to PSV shall occur at the end of a PCV inspiratory time,!(PSVModeSelected) U ((PSVModeSelected) & G(PCVMode -> X((! (inspiratoryPhaseEnd & PSVMode))))),G(inspiratoryPhaseEnd -> X(PSVModeSelected)),False
ADARULE,66,The switch to PSV shall occur at the end of a PCV inspiratory time,!(PSVModeSelected) U ((PSVModeSelected) & G(PCVMode -> X((! (inspiratoryPhaseEnd & PSVMode))))),G(inspiratoryPhaseEnd -> X(PSVModeSelected)),False
ADARULE,66,The switch to PSV shall occur at the end of a PCV inspiratory time,!(PSVModeSelected) U ((PSVModeSelected) & G(PCVMode -> X((! (inspiratoryPhaseEnd & PSVMode))))),G(inspiratoryPhaseEnd -> X(PSVModeSelected)),False
ADARULE,66,The switch to PSV shall occur at the end of a PCV inspiratory time,!(PSVModeSelected) U ((PSVModeSelected) & G(PCVMode -> X((! (inspiratoryPhaseEnd & PSVMode))))),G(inspiratoryPhaseEnd -> X(PSVModeSelected)),False
ADARULE,66,The switch to PSV shall occur at the end of a PCV inspiratory time,!(PSVModeSelected) U ((PSVModeSelected) & G(PCVMode -> X((! (inspiratoryPhaseEnd & PSVMode))))),G(inspiratoryPhaseEnd -> X(PSVModeSelected)),False
ADARULE,66,The switch to PSV shall occur at the end of a PCV inspiratory time,!(PSVModeSelected) U ((PSVModeSelected) & G(PCVMode -> X((! (inspiratoryPhaseEnd & PSVMode))))),G(inspiratoryPhaseEnd -> X(PSVModeSelected & !PCVMode)),False
ADARULE,66,The switch to PSV shall occur at the end of a PCV inspiratory time,!(PSVModeSelected) U ((PSVModeSelected) & G(PCVMode -> X((! (inspiratoryPhaseEnd & PSVMode))))),G(inspiratoryPhaseEnd -> X(PSVModeSelected & !PCVMode)),False
ADARULE,66,The switch to PSV shall occur at the end of a PCV inspiratory time,!(PSVModeSelected) U ((PSVModeSelected) & G(PCVMode -> X((! (inspiratoryPhaseEnd & PSVMode))))),G(inspiratoryPhaseEnd -> X(PSVModeSelected & !PCVMode)),False
ADARULE,66,The switch to PSV shall occur at the end of a PCV inspiratory time,!(PSVModeSelected) U ((PSVModeSelected) & G(PCVMode -> X((! (inspiratoryPhaseEnd & PSVMode))))),G(inspiratoryPhaseEnd -> X(PSVModeSelected)),False
ADARULE,66,The switch to PSV shall occur at the end of a PCV inspiratory time,!(PSVModeSelected) U ((PSVModeSelected) & G(PCVMode -> X((! (inspiratoryPhaseEnd & PSVMode))))),G(inspiratoryPhaseEnd -> X(PSVModeSelected & !PCVMode)),False
ADARULE,66,The switch to PSV shall occur at the end of a PCV inspiratory time,!(PSVModeSelected) U ((PSVModeSelected) & G(PCVMode -> X((! (inspiratoryPhaseEnd & PSVMode))))),G(inspiratoryPhaseEnd -> X(PSVModeSelected)),False
ADARULE,66,The switch to PSV shall occur at the end of a PCV inspiratory time,!(PSVModeSelected) U ((PSVModeSelected) & G(PCVMode -> X((! (inspiratoryPhaseEnd & PSVMode))))),G(inspiratoryPhaseEnd -> X(PSVModeSelected)),False
ADARULE,66,The switch to PSV shall occur at the end of a PCV inspiratory time,!(PSVModeSelected) U ((PSVModeSelected) & G(PCVMode -> X((! (inspiratoryPhaseEnd & PSVMode))))),G(inspiratoryPhaseEnd -> X(PSVModeSelected & !PCVMode)),False
ADARULE,66,The switch to PSV shall occur at the end of a PCV inspiratory time,!(PSVModeSelected) U ((PSVModeSelected) & G(PCVMode -> X((! (inspiratoryPhaseEnd & PSVMode))))),G(inspiratoryPhaseEnd -> X(PSVModeSelected & !PCVMode)),False
ADARULE,66,The switch to PSV shall occur at the end of a PCV inspiratory time,!(PSVModeSelected) U ((PSVModeSelected) & G(PCVMode -> X((! (inspiratoryPhaseEnd & PSVMode))))),G(inspiratoryPhaseEnd -> X(PSVModeSelected & !PCVMode)),False
ADARULE,66,The switch to PSV shall occur at the end of a PCV inspiratory time,!(PSVModeSelected) U ((PSVModeSelected) & G(PCVMode -> X((! (inspiratoryPhaseEnd & PSVMode))))),G(inspiratoryPhaseEnd -> X(PSVModeSelected)),False
ADARULE,66,The switch to PSV shall occur at the end of a PCV inspiratory time,!(PSVModeSelected) U ((PSVModeSelected) & G(PCVMode -> X((! (inspiratoryPhaseEnd & PSVMode))))),G(inspiratoryPhaseEnd -> X(PSVModeSelected)),False
ADARULE,66,The switch to PSV shall occur at the end of a PCV inspiratory time,!(PSVModeSelected) U ((PSVModeSelected) & G(PCVMode -> X((! (inspiratoryPhaseEnd & PSVMode))))),G(inspiratoryPhaseEnd -> X(PSVModeSelected)),False
ADARULE,93,"PCV Mode: If the controller is in the expiration phase, and it does not detect a spontaneous breath (i.e., the condition drop(PAW) > ITS_PCV is false), within the expiration time, if the Expiratory Pause start is set by the GUI, an Expiratory Pause shall start (see CONT.42).",!(expiratoryPauseButton) U ((expiratoryPauseButton) & G(PCVMode & expiratoryPhaseEnd & !patientBreathingRequest -> (((expiratoryPhaseEnd & inValveClose) & outValveClose)))),G(PCVMode & expiratoryPhaseEnd & !patientBreathingRequest & expiratoryPauseButton -> F(expiratoryPhaseEnd & inValveClose & outValveClose)),False
ADARULE,93,"PCV Mode: If the controller is in the expiration phase, and it does not detect a spontaneous breath (i.e., the condition drop(PAW) > ITS_PCV is false), within the expiration time, if the Expiratory Pause start is set by the GUI, an Expiratory Pause shall start (see CONT.42).",!(expiratoryPauseButton) U ((expiratoryPauseButton) & G(PCVMode & expiratoryPhaseEnd & !patientBreathingRequest -> (((expiratoryPhaseEnd & inValveClose) & outValveClose)))),G(PCVMode & expiratoryPhaseEnd & !patientBreathingRequest & expiratoryPauseButton -> F(expiratoryPhaseEnd & inValveClose & outValveClose)),False
ADARULE,93,"PCV Mode: If the controller is in the expiration phase, and it does not detect a spontaneous breath (i.e., the condition drop(PAW) > ITS_PCV is false), within the expiration time, if the Expiratory Pause start is set by the GUI, an Expiratory Pause shall start (see CONT.42).",!(expiratoryPauseButton) U ((expiratoryPauseButton) & G(PCVMode & expiratoryPhaseEnd & !patientBreathingRequest -> (((expiratoryPhaseEnd & inValveClose) & outValveClose)))),G(PCVMode & expiratoryPhaseEnd & !patientBreathingRequest & expiratoryPauseButton -> F(expiratoryPhaseEnd & inValveClose & outValveClose)),False
ADARULE,93,"PCV Mode: If the controller is in the expiration phase, and it does not detect a spontaneous breath (i.e., the condition drop(PAW) > ITS_PCV is false), within the expiration time, if the Expiratory Pause start is set by the GUI, an Expiratory Pause shall start (see CONT.42).",!(expiratoryPauseButton) U ((expiratoryPauseButton) & G(PCVMode & expiratoryPhaseEnd & !patientBreathingRequest -> (((expiratoryPhaseEnd & inValveClose) & outValveClose)))),G(PCVMode & expiratoryPhaseEnd & !patientBreathingRequest & expiratoryPauseButton -> F(expiratoryPhaseEnd & inValveClose & outValveClose)),False
ADARULE,93,"PCV Mode: If the controller is in the expiration phase, and it does not detect a spontaneous breath (i.e., the condition drop(PAW) > ITS_PCV is false), within the expiration time, if the Expiratory Pause start is set by the GUI, an Expiratory Pause shall start (see CONT.42).",!(expiratoryPauseButton) U ((expiratoryPauseButton) & G(PCVMode & expiratoryPhaseEnd & !patientBreathingRequest -> (((expiratoryPhaseEnd & inValveClose) & outValveClose)))),G(PCVMode & expiratoryPhaseEnd & !patientBreathingRequest & expiratoryPauseButton -> F(expiratoryPhaseEnd & inValveClose & outValveClose)),False
ADARULE,93,"PCV Mode: If the controller is in the expiration phase, and it does not detect a spontaneous breath (i.e., the condition drop(PAW) > ITS_PCV is false), within the expiration time, if the Expiratory Pause start is set by the GUI, an Expiratory Pause shall start (see CONT.42).",!(expiratoryPauseButton) U ((expiratoryPauseButton) & G(PCVMode & expiratoryPhaseEnd & !patientBreathingRequest -> (((expiratoryPhaseEnd & inValveClose) & outValveClose)))),G(PCVMode & expiratoryPhaseEnd & !patientBreathingRequest & expiratoryPauseButton -> F(expiratoryPauseButton & inValveClose & outValveClose)),False
ADARULE,93,"PCV Mode: If the controller is in the expiration phase, and it does not detect a spontaneous breath (i.e., the condition drop(PAW) > ITS_PCV is false), within the expiration time, if the Expiratory Pause start is set by the GUI, an Expiratory Pause shall start (see CONT.42).",!(expiratoryPauseButton) U ((expiratoryPauseButton) & G(PCVMode & expiratoryPhaseEnd & !patientBreathingRequest -> (((expiratoryPhaseEnd & inValveClose) & outValveClose)))),G(PCVMode & expiratoryPhaseEnd & !patientBreathingRequest & expiratoryPauseButton -> F(expiratoryPauseButton & inValveClose & outValveClose)),False
ADARULE,93,"PCV Mode: If the controller is in the expiration phase, and it does not detect a spontaneous breath (i.e., the condition drop(PAW) > ITS_PCV is false), within the expiration time, if the Expiratory Pause start is set by the GUI, an Expiratory Pause shall start (see CONT.42).",!(expiratoryPauseButton) U ((expiratoryPauseButton) & G(PCVMode & expiratoryPhaseEnd & !patientBreathingRequest -> (((expiratoryPhaseEnd & inValveClose) & outValveClose)))),G(PCVMode & expiratoryPhaseEnd & !patientBreathingRequest & expiratoryPauseButton -> F(expiratoryPauseButton & inValveClose & outValveClose)),False
ADARULE,93,"PCV Mode: If the controller is in the expiration phase, and it does not detect a spontaneous breath (i.e., the condition drop(PAW) > ITS_PCV is false), within the expiration time, if the Expiratory Pause start is set by the GUI, an Expiratory Pause shall start (see CONT.42).",!(expiratoryPauseButton) U ((expiratoryPauseButton) & G(PCVMode & expiratoryPhaseEnd & !patientBreathingRequest -> (((expiratoryPhaseEnd & inValveClose) & outValveClose)))),G(PCVMode & expiratoryPhaseEnd & !patientBreathingRequest & expiratoryPauseButton -> F(expiratoryPhaseEnd & inValveClose & outValveClose)),False
ADARULE,93,"PCV Mode: If the controller is in the expiration phase, and it does not detect a spontaneous breath (i.e., the condition drop(PAW) > ITS_PCV is false), within the expiration time, if the Expiratory Pause start is set by the GUI, an Expiratory Pause shall start (see CONT.42).",!(expiratoryPauseButton) U ((expiratoryPauseButton) & G(PCVMode & expiratoryPhaseEnd & !patientBreathingRequest -> (((expiratoryPhaseEnd & inValveClose) & outValveClose)))),G(PCVMode & expiratoryPhaseEnd & !patientBreathingRequest & expiratoryPauseButton -> F(expiratoryPauseButton & inValveClose & outValveClose)),False
ADARULE,93,"PCV Mode: If the controller is in the expiration phase, and it does not detect a spontaneous breath (i.e., the condition drop(PAW) > ITS_PCV is false), within the expiration time, if the Expiratory Pause start is set by the GUI, an Expiratory Pause shall start (see CONT.42).",!(expiratoryPauseButton) U ((expiratoryPauseButton) & G(PCVMode & expiratoryPhaseEnd & !patientBreathingRequest -> (((expiratoryPhaseEnd & inValveClose) & outValveClose)))),G(PCVMode & expiratoryPhaseEnd & !patientBreathingRequest & expiratoryPauseButton -> F(expiratoryPhaseEnd & inValveClose & outValveClose)),False
ADARULE,93,"PCV Mode: If the controller is in the expiration phase, and it does not detect a spontaneous breath (i.e., the condition drop(PAW) > ITS_PCV is false), within the expiration time, if the Expiratory Pause start is set by the GUI, an Expiratory Pause shall start (see CONT.42).",!(expiratoryPauseButton) U ((expiratoryPauseButton) & G(PCVMode & expiratoryPhaseEnd & !patientBreathingRequest -> (((expiratoryPhaseEnd & inValveClose) & outValveClose)))),G(PCVMode & expiratoryPhaseEnd & !patientBreathingRequest & expiratoryPauseButton -> F(expiratoryPhaseEnd & inValveClose & outValveClose)),False
ADARULE,93,"PCV Mode: If the controller is in the expiration phase, and it does not detect a spontaneous breath (i.e., the condition drop(PAW) > ITS_PCV is false), within the expiration time, if the Expiratory Pause start is set by the GUI, an Expiratory Pause shall start (see CONT.42).",!(expiratoryPauseButton) U ((expiratoryPauseButton) & G(PCVMode & expiratoryPhaseEnd & !patientBreathingRequest -> (((expiratoryPhaseEnd & inValveClose) & outValveClose)))),G(PCVMode & expiratoryPhaseEnd & !patientBreathingRequest & expiratoryPauseButton -> F(expiratoryPhaseEnd & inValveClose & outValveClose)),False
ADARULE,93,"PCV Mode: If the controller is in the expiration phase, and it does not detect a spontaneous breath (i.e., the condition drop(PAW) > ITS_PCV is false), within the expiration time, if the Expiratory Pause start is set by the GUI, an Expiratory Pause shall start (see CONT.42).",!(expiratoryPauseButton) U ((expiratoryPauseButton) & G(PCVMode & expiratoryPhaseEnd & !patientBreathingRequest -> (((expiratoryPhaseEnd & inValveClose) & outValveClose)))),G(PCVMode & expiratoryPhaseEnd & !patientBreathingRequest & expiratoryPauseButton -> F(expiratoryPhaseEnd & inValveClose & outValveClose)),False
ADARULE,93,"PCV Mode: If the controller is in the expiration phase, and it does not detect a spontaneous breath (i.e., the condition drop(PAW) > ITS_PCV is false), within the expiration time, if the Expiratory Pause start is set by the GUI, an Expiratory Pause shall start (see CONT.42).",!(expiratoryPauseButton) U ((expiratoryPauseButton) & G(PCVMode & expiratoryPhaseEnd & !patientBreathingRequest -> (((expiratoryPhaseEnd & inValveClose) & outValveClose)))),G(PCVMode & expiratoryPhaseEnd & !patientBreathingRequest & expiratoryPauseButton -> F(expiratoryPhaseEnd & inValveClose & outValveClose)),False
ADARULE,93,"PCV Mode: If the controller is in the expiration phase, and it does not detect a spontaneous breath (i.e., the condition drop(PAW) > ITS_PCV is false), within the expiration time, if the Expiratory Pause start is set by the GUI, an Expiratory Pause shall start (see CONT.42).",!(expiratoryPauseButton) U ((expiratoryPauseButton) & G(PCVMode & expiratoryPhaseEnd & !patientBreathingRequest -> (((expiratoryPhaseEnd & inValveClose) & outValveClose)))),G(PCVMode & expiratoryPhaseEnd & !patientBreathingRequest & expiratoryPauseButton -> F(expiratoryPhaseEnd & inValveClose & outValveClose)),False
ADARULE,93,"PCV Mode: If the controller is in the expiration phase, and it does not detect a spontaneous breath (i.e., the condition drop(PAW) > ITS_PCV is false), within the expiration time, if the Expiratory Pause start is set by the GUI, an Expiratory Pause shall start (see CONT.42).",!(expiratoryPauseButton) U ((expiratoryPauseButton) & G(PCVMode & expiratoryPhaseEnd & !patientBreathingRequest -> (((expiratoryPhaseEnd & inValveClose) & outValveClose)))),G(PCVMode & expiratoryPhaseEnd & !patientBreathingRequest & expiratoryPauseButton -> F(expiratoryPhaseEnd & inValveClose & outValveClose)),False
ADARULE,93,"PCV Mode: If the controller is in the expiration phase, and it does not detect a spontaneous breath (i.e., the condition drop(PAW) > ITS_PCV is false), within the expiration time, if the Expiratory Pause start is set by the GUI, an Expiratory Pause shall start (see CONT.42).",!(expiratoryPauseButton) U ((expiratoryPauseButton) & G(PCVMode & expiratoryPhaseEnd & !patientBreathingRequest -> (((expiratoryPhaseEnd & inValveClose) & outValveClose)))),G(PCVMode & expiratoryPhaseEnd & !patientBreathingRequest & expiratoryPauseButton -> F(expiratoryPhaseEnd & inValveClose & outValveClose)),False
ADARULE,93,"PCV Mode: If the controller is in the expiration phase, and it does not detect a spontaneous breath (i.e., the condition drop(PAW) > ITS_PCV is false), within the expiration time, if the Expiratory Pause start is set by the GUI, an Expiratory Pause shall start (see CONT.42).",!(expiratoryPauseButton) U ((expiratoryPauseButton) & G(PCVMode & expiratoryPhaseEnd & !patientBreathingRequest -> (((expiratoryPhaseEnd & inValveClose) & outValveClose)))),G(PCVMode & expiratoryPhaseEnd & !patientBreathingRequest & expiratoryPauseButton -> F(expiratoryPauseButton & inValveClose & outValveClose)),False
ADARULE,93,"PCV Mode: If the controller is in the expiration phase, and it does not detect a spontaneous breath (i.e., the condition drop(PAW) > ITS_PCV is false), within the expiration time, if the Expiratory Pause start is set by the GUI, an Expiratory Pause shall start (see CONT.42).",!(expiratoryPauseButton) U ((expiratoryPauseButton) & G(PCVMode & expiratoryPhaseEnd & !patientBreathingRequest -> (((expiratoryPhaseEnd & inValveClose) & outValveClose)))),G(PCVMode & expiratoryPhaseEnd & !patientBreathingRequest & expiratoryPauseButton -> F(expiratoryPauseButton & inValveClose & outValveClose)),False
ADARULE,93,"PCV Mode: If the controller is in the expiration phase, and it does not detect a spontaneous breath (i.e., the condition drop(PAW) > ITS_PCV is false), within the expiration time, if the Expiratory Pause start is set by the GUI, an Expiratory Pause shall start (see CONT.42).",!(expiratoryPauseButton) U ((expiratoryPauseButton) & G(PCVMode & expiratoryPhaseEnd & !patientBreathingRequest -> (((expiratoryPhaseEnd & inValveClose) & outValveClose)))),G(PCVMode & expiratoryPhaseEnd & !patientBreathingRequest & expiratoryPauseButton -> F(expiratoryPauseButton & inValveClose & outValveClose)),False
ADARULE,93,"PCV Mode: If the controller is in the expiration phase, and it does not detect a spontaneous breath (i.e., the condition drop(PAW) > ITS_PCV is false), within the expiration time, if the Expiratory Pause start is set by the GUI, an Expiratory Pause shall start (see CONT.42).",!(expiratoryPauseButton) U ((expiratoryPauseButton) & G(PCVMode & expiratoryPhaseEnd & !patientBreathingRequest -> (((expiratoryPhaseEnd & inValveClose) & outValveClose)))),G(PCVMode & expiratoryPhaseEnd & !patientBreathingRequest & expiratoryPauseButton -> F(expiratoryPhaseEnd & inValveClose & outValveClose)),False
ADARULE,93,"PCV Mode: If the controller is in the expiration phase, and it does not detect a spontaneous breath (i.e., the condition drop(PAW) > ITS_PCV is false), within the expiration time, if the Expiratory Pause start is set by the GUI, an Expiratory Pause shall start (see CONT.42).",!(expiratoryPauseButton) U ((expiratoryPauseButton) & G(PCVMode & expiratoryPhaseEnd & !patientBreathingRequest -> (((expiratoryPhaseEnd & inValveClose) & outValveClose)))),G(PCVMode & expiratoryPhaseEnd & !patientBreathingRequest & expiratoryPauseButton -> F(expiratoryPhaseEnd & inValveClose & outValveClose)),False
ADARULE,93,"PCV Mode: If the controller is in the expiration phase, and it does not detect a spontaneous breath (i.e., the condition drop(PAW) > ITS_PCV is false), within the expiration time, if the Expiratory Pause start is set by the GUI, an Expiratory Pause shall start (see CONT.42).",!(expiratoryPauseButton) U ((expiratoryPauseButton) & G(PCVMode & expiratoryPhaseEnd & !patientBreathingRequest -> (((expiratoryPhaseEnd & inValveClose) & outValveClose)))),G(PCVMode & expiratoryPhaseEnd & !patientBreathingRequest & expiratoryPauseButton -> F(expiratoryPhaseEnd & inValveClose & outValveClose)),False
ADARULE,93,"PCV Mode: If the controller is in the expiration phase, and it does not detect a spontaneous breath (i.e., the condition drop(PAW) > ITS_PCV is false), within the expiration time, if the Expiratory Pause start is set by the GUI, an Expiratory Pause shall start (see CONT.42).",!(expiratoryPauseButton) U ((expiratoryPauseButton) & G(PCVMode & expiratoryPhaseEnd & !patientBreathingRequest -> (((expiratoryPhaseEnd & inValveClose) & outValveClose)))),G(PCVMode & expiratoryPhaseEnd & !patientBreathingRequest & expiratoryPauseButton -> F(expiratoryPauseButton & inValveClose & outValveClose)),False
ADARULE,93,"PCV Mode: If the controller is in the expiration phase, and it does not detect a spontaneous breath (i.e., the condition drop(PAW) > ITS_PCV is false), within the expiration time, if the Expiratory Pause start is set by the GUI, an Expiratory Pause shall start (see CONT.42).",!(expiratoryPauseButton) U ((expiratoryPauseButton) & G(PCVMode & expiratoryPhaseEnd & !patientBreathingRequest -> (((expiratoryPhaseEnd & inValveClose) & outValveClose)))),G(PCVMode & expiratoryPhaseEnd & !patientBreathingRequest & expiratoryPauseButton -> F(expiratoryPhaseEnd & inValveClose & outValveClose)),False
ADARULE,93,"PCV Mode: If the controller is in the expiration phase, and it does not detect a spontaneous breath (i.e., the condition drop(PAW) > ITS_PCV is false), within the expiration time, if the Expiratory Pause start is set by the GUI, an Expiratory Pause shall start (see CONT.42).",!(expiratoryPauseButton) U ((expiratoryPauseButton) & G(PCVMode & expiratoryPhaseEnd & !patientBreathingRequest -> (((expiratoryPhaseEnd & inValveClose) & outValveClose)))),G(PCVMode & expiratoryPhaseEnd & !patientBreathingRequest & expiratoryPauseButton -> F(expiratoryPauseButton & inValveClose & outValveClose)),False
ADARULE,93,"PCV Mode: If the controller is in the expiration phase, and it does not detect a spontaneous breath (i.e., the condition drop(PAW) > ITS_PCV is false), within the expiration time, if the Expiratory Pause start is set by the GUI, an Expiratory Pause shall start (see CONT.42).",!(expiratoryPauseButton) U ((expiratoryPauseButton) & G(PCVMode & expiratoryPhaseEnd & !patientBreathingRequest -> (((expiratoryPhaseEnd & inValveClose) & outValveClose)))),G(PCVMode & expiratoryPhaseEnd & !patientBreathingRequest & expiratoryPauseButton -> F(expiratoryPauseButton & inValveClose & outValveClose)),False
ADARULE,93,"PCV Mode: If the controller is in the expiration phase, and it does not detect a spontaneous breath (i.e., the condition drop(PAW) > ITS_PCV is false), within the expiration time, if the Expiratory Pause start is set by the GUI, an Expiratory Pause shall start (see CONT.42).",!(expiratoryPauseButton) U ((expiratoryPauseButton) & G(PCVMode & expiratoryPhaseEnd & !patientBreathingRequest -> (((expiratoryPhaseEnd & inValveClose) & outValveClose)))),G(PCVMode & expiratoryPhaseEnd & !patientBreathingRequest & expiratoryPauseButton -> F(expiratoryPauseButton & inValveClose & outValveClose)),False
ADARULE,93,"PCV Mode: If the controller is in the expiration phase, and it does not detect a spontaneous breath (i.e., the condition drop(PAW) > ITS_PCV is false), within the expiration time, if the Expiratory Pause start is set by the GUI, an Expiratory Pause shall start (see CONT.42).",!(expiratoryPauseButton) U ((expiratoryPauseButton) & G(PCVMode & expiratoryPhaseEnd & !patientBreathingRequest -> (((expiratoryPhaseEnd & inValveClose) & outValveClose)))),G(PCVMode & expiratoryPhaseEnd & !patientBreathingRequest & expiratoryPauseButton -> F(expiratoryPhaseEnd & inValveClose & outValveClose)),False
ADARULE,93,"PCV Mode: If the controller is in the expiration phase, and it does not detect a spontaneous breath (i.e., the condition drop(PAW) > ITS_PCV is false), within the expiration time, if the Expiratory Pause start is set by the GUI, an Expiratory Pause shall start (see CONT.42).",!(expiratoryPauseButton) U ((expiratoryPauseButton) & G(PCVMode & expiratoryPhaseEnd & !patientBreathingRequest -> (((expiratoryPhaseEnd & inValveClose) & outValveClose)))),G(PCVMode & expiratoryPhaseEnd & !patientBreathingRequest & expiratoryPauseButton -> F(expiratoryPhaseEnd & inValveClose & outValveClose)),False
ADARULE,93,"PCV Mode: If the controller is in the expiration phase, and it does not detect a spontaneous breath (i.e., the condition drop(PAW) > ITS_PCV is false), within the expiration time, if the Expiratory Pause start is set by the GUI, an Expiratory Pause shall start (see CONT.42).",!(expiratoryPauseButton) U ((expiratoryPauseButton) & G(PCVMode & expiratoryPhaseEnd & !patientBreathingRequest -> (((expiratoryPhaseEnd & inValveClose) & outValveClose)))),G(PCVMode & expiratoryPhaseEnd & !patientBreathingRequest & expiratoryPauseButton -> F(expiratoryPhaseEnd & inValveClose & outValveClose)),False
ADARULE,93,"PCV Mode: If the controller is in the expiration phase, and it does not detect a spontaneous breath (i.e., the condition drop(PAW) > ITS_PCV is false), within the expiration time, if the Expiratory Pause start is set by the GUI, an Expiratory Pause shall start (see CONT.42).",!(expiratoryPauseButton) U ((expiratoryPauseButton) & G(PCVMode & expiratoryPhaseEnd & !patientBreathingRequest -> (((expiratoryPhaseEnd & inValveClose) & outValveClose)))),G(PCVMode & expiratoryPhaseEnd & !patientBreathingRequest & expiratoryPauseButton -> F(expiratoryPhaseEnd & inValveClose & outValveClose)),False
ADARULE,93,"PCV Mode: If the controller is in the expiration phase, and it does not detect a spontaneous breath (i.e., the condition drop(PAW) > ITS_PCV is false), within the expiration time, if the Expiratory Pause start is set by the GUI, an Expiratory Pause shall start (see CONT.42).",!(expiratoryPauseButton) U ((expiratoryPauseButton) & G(PCVMode & expiratoryPhaseEnd & !patientBreathingRequest -> (((expiratoryPhaseEnd & inValveClose) & outValveClose)))),G(PCVMode & expiratoryPhaseEnd & !patientBreathingRequest & expiratoryPauseButton -> F(expiratoryPhaseEnd & inValveClose & outValveClose)),False
ADARULE,93,"PCV Mode: If the controller is in the expiration phase, and it does not detect a spontaneous breath (i.e., the condition drop(PAW) > ITS_PCV is false), within the expiration time, if the Expiratory Pause start is set by the GUI, an Expiratory Pause shall start (see CONT.42).",!(expiratoryPauseButton) U ((expiratoryPauseButton) & G(PCVMode & expiratoryPhaseEnd & !patientBreathingRequest -> (((expiratoryPhaseEnd & inValveClose) & outValveClose)))),G(PCVMode & expiratoryPhaseEnd & !patientBreathingRequest & expiratoryPauseButton -> F(expiratoryPhaseEnd & inValveClose & outValveClose)),False
ADARULE,93,"PCV Mode: If the controller is in the expiration phase, and it does not detect a spontaneous breath (i.e., the condition drop(PAW) > ITS_PCV is false), within the expiration time, if the Expiratory Pause start is set by the GUI, an Expiratory Pause shall start (see CONT.42).",!(expiratoryPauseButton) U ((expiratoryPauseButton) & G(PCVMode & expiratoryPhaseEnd & !patientBreathingRequest -> (((expiratoryPhaseEnd & inValveClose) & outValveClose)))),G(PCVMode & expiratoryPhaseEnd & !patientBreathingRequest & expiratoryPauseButton -> F(expiratoryPhaseEnd & inValveClose & outValveClose)),False
ADARULE,93,"PCV Mode: If the controller is in the expiration phase, and it does not detect a spontaneous breath (i.e., the condition drop(PAW) > ITS_PCV is false), within the expiration time, if the Expiratory Pause start is set by the GUI, an Expiratory Pause shall start (see CONT.42).",!(expiratoryPauseButton) U ((expiratoryPauseButton) & G(PCVMode & expiratoryPhaseEnd & !patientBreathingRequest -> (((expiratoryPhaseEnd & inValveClose) & outValveClose)))),G(PCVMode & expiratoryPhaseEnd & !patientBreathingRequest & expiratoryPauseButton -> F(expiratoryPhaseEnd & inValveClose & outValveClose)),False
ADARULE,93,"PCV Mode: If the controller is in the expiration phase, and it does not detect a spontaneous breath (i.e., the condition drop(PAW) > ITS_PCV is false), within the expiration time, if the Expiratory Pause start is set by the GUI, an Expiratory Pause shall start (see CONT.42).",!(expiratoryPauseButton) U ((expiratoryPauseButton) & G(PCVMode & expiratoryPhaseEnd & !patientBreathingRequest -> (((expiratoryPhaseEnd & inValveClose) & outValveClose)))),G(PCVMode & expiratoryPhaseEnd & !patientBreathingRequest & expiratoryPauseButton -> F(expiratoryPhaseEnd & inValveClose & outValveClose)),False
ADARULE,93,"PCV Mode: If the controller is in the expiration phase, and it does not detect a spontaneous breath (i.e., the condition drop(PAW) > ITS_PCV is false), within the expiration time, if the Expiratory Pause start is set by the GUI, an Expiratory Pause shall start (see CONT.42).",!(expiratoryPauseButton) U ((expiratoryPauseButton) & G(PCVMode & expiratoryPhaseEnd & !patientBreathingRequest -> (((expiratoryPhaseEnd & inValveClose) & outValveClose)))),G(PCVMode & expiratoryPhaseEnd & !patientBreathingRequest & expiratoryPauseButton -> F(expiratoryPhaseEnd & inValveClose & outValveClose)),False
ADARULE,93,"PCV Mode: If the controller is in the expiration phase, and it does not detect a spontaneous breath (i.e., the condition drop(PAW) > ITS_PCV is false), within the expiration time, if the Expiratory Pause start is set by the GUI, an Expiratory Pause shall start (see CONT.42).",!(expiratoryPauseButton) U ((expiratoryPauseButton) & G(PCVMode & expiratoryPhaseEnd & !patientBreathingRequest -> (((expiratoryPhaseEnd & inValveClose) & outValveClose)))),G(PCVMode & expiratoryPhaseEnd & !patientBreathingRequest & expiratoryPauseButton -> F(expiratoryPhaseEnd & inValveClose & outValveClose)),False
ADARULE,93,"PCV Mode: If the controller is in the expiration phase, and it does not detect a spontaneous breath (i.e., the condition drop(PAW) > ITS_PCV is false), within the expiration time, if the Expiratory Pause start is set by the GUI, an Expiratory Pause shall start (see CONT.42).",!(expiratoryPauseButton) U ((expiratoryPauseButton) & G(PCVMode & expiratoryPhaseEnd & !patientBreathingRequest -> (((expiratoryPhaseEnd & inValveClose) & outValveClose)))),G(PCVMode & expiratoryPhaseEnd & !patientBreathingRequest & expiratoryPauseButton -> F(expiratoryPhaseEnd & inValveClose & outValveClose)),False
ADARULE,93,"PCV Mode: If the controller is in the expiration phase, and it does not detect a spontaneous breath (i.e., the condition drop(PAW) > ITS_PCV is false), within the expiration time, if the Expiratory Pause start is set by the GUI, an Expiratory Pause shall start (see CONT.42).",!(expiratoryPauseButton) U ((expiratoryPauseButton) & G(PCVMode & expiratoryPhaseEnd & !patientBreathingRequest -> (((expiratoryPhaseEnd & inValveClose) & outValveClose)))),G(PCVMode & expiratoryPhaseEnd & !patientBreathingRequest & expiratoryPauseButton -> F(expiratoryPhaseEnd & inValveClose & outValveClose)),False
ADARULE,93,"PCV Mode: If the controller is in the expiration phase, and it does not detect a spontaneous breath (i.e., the condition drop(PAW) > ITS_PCV is false), within the expiration time, if the Expiratory Pause start is set by the GUI, an Expiratory Pause shall start (see CONT.42).",!(expiratoryPauseButton) U ((expiratoryPauseButton) & G(PCVMode & expiratoryPhaseEnd & !patientBreathingRequest -> (((expiratoryPhaseEnd & inValveClose) & outValveClose)))),G(PCVMode & expiratoryPhaseEnd & !patientBreathingRequest & expiratoryPauseButton -> F(expiratoryPhaseEnd & inValveClose & outValveClose)),False
ADARULE,93,"PCV Mode: If the controller is in the expiration phase, and it does not detect a spontaneous breath (i.e., the condition drop(PAW) > ITS_PCV is false), within the expiration time, if the Expiratory Pause start is set by the GUI, an Expiratory Pause shall start (see CONT.42).",!(expiratoryPauseButton) U ((expiratoryPauseButton) & G(PCVMode & expiratoryPhaseEnd & !patientBreathingRequest -> (((expiratoryPhaseEnd & inValveClose) & outValveClose)))),G(PCVMode & expiratoryPhaseEnd & !patientBreathingRequest & expiratoryPauseButton -> F(expiratoryPhaseEnd & inValveClose & outValveClose)),False
ADARULE,93,"PCV Mode: If the controller is in the expiration phase, and it does not detect a spontaneous breath (i.e., the condition drop(PAW) > ITS_PCV is false), within the expiration time, if the Expiratory Pause start is set by the GUI, an Expiratory Pause shall start (see CONT.42).",!(expiratoryPauseButton) U ((expiratoryPauseButton) & G(PCVMode & expiratoryPhaseEnd & !patientBreathingRequest -> (((expiratoryPhaseEnd & inValveClose) & outValveClose)))),G(PCVMode & expiratoryPhaseEnd & !patientBreathingRequest & expiratoryPauseButton -> F(expiratoryPhaseEnd & inValveClose & outValveClose)),False
ADARULE,93,"PCV Mode: If the controller is in the expiration phase, and it does not detect a spontaneous breath (i.e., the condition drop(PAW) > ITS_PCV is false), within the expiration time, if the Expiratory Pause start is set by the GUI, an Expiratory Pause shall start (see CONT.42).",!(expiratoryPauseButton) U ((expiratoryPauseButton) & G(PCVMode & expiratoryPhaseEnd & !patientBreathingRequest -> (((expiratoryPhaseEnd & inValveClose) & outValveClose)))),G(PCVMode & expiratoryPhaseEnd & !patientBreathingRequest & expiratoryPauseButton -> F(expiratoryPhaseEnd & inValveClose & outValveClose)),False
ADARULE,93,"PCV Mode: If the controller is in the expiration phase, and it does not detect a spontaneous breath (i.e., the condition drop(PAW) > ITS_PCV is false), within the expiration time, if the Expiratory Pause start is set by the GUI, an Expiratory Pause shall start (see CONT.42).",!(expiratoryPauseButton) U ((expiratoryPauseButton) & G(PCVMode & expiratoryPhaseEnd & !patientBreathingRequest -> (((expiratoryPhaseEnd & inValveClose) & outValveClose)))),G(PCVMode & expiratoryPhaseEnd & !patientBreathingRequest & expiratoryPauseButton -> F(expiratoryPhaseEnd & inValveClose & outValveClose)),False
ADARULE,93,"PCV Mode: If the controller is in the expiration phase, and it does not detect a spontaneous breath (i.e., the condition drop(PAW) > ITS_PCV is false), within the expiration time, if the Expiratory Pause start is set by the GUI, an Expiratory Pause shall start (see CONT.42).",!(expiratoryPauseButton) U ((expiratoryPauseButton) & G(PCVMode & expiratoryPhaseEnd & !patientBreathingRequest -> (((expiratoryPhaseEnd & inValveClose) & outValveClose)))),G(PCVMode & expiratoryPhaseEnd & !patientBreathingRequest & expiratoryPauseButton -> F(expiratoryPhaseEnd & inValveClose & outValveClose)),False
ADARULE,93,"PCV Mode: If the controller is in the expiration phase, and it does not detect a spontaneous breath (i.e., the condition drop(PAW) > ITS_PCV is false), within the expiration time, if the Expiratory Pause start is set by the GUI, an Expiratory Pause shall start (see CONT.42).",!(expiratoryPauseButton) U ((expiratoryPauseButton) & G(PCVMode & expiratoryPhaseEnd & !patientBreathingRequest -> (((expiratoryPhaseEnd & inValveClose) & outValveClose)))),G(PCVMode & expiratoryPhaseEnd & !patientBreathingRequest & expiratoryPauseButton -> F(expiratoryPhaseEnd & inValveClose & outValveClose)),False
ADARULE,93,"PCV Mode: If the controller is in the expiration phase, and it does not detect a spontaneous breath (i.e., the condition drop(PAW) > ITS_PCV is false), within the expiration time, if the Expiratory Pause start is set by the GUI, an Expiratory Pause shall start (see CONT.42).",!(expiratoryPauseButton) U ((expiratoryPauseButton) & G(PCVMode & expiratoryPhaseEnd & !patientBreathingRequest -> (((expiratoryPhaseEnd & inValveClose) & outValveClose)))),G(PCVMode & expiratoryPhaseEnd & !patientBreathingRequest & expiratoryPauseButton -> F(expiratoryPhaseEnd & inValveClose & outValveClose)),False
ADARULE,93,"PCV Mode: If the controller is in the expiration phase, and it does not detect a spontaneous breath (i.e., the condition drop(PAW) > ITS_PCV is false), within the expiration time, if the Expiratory Pause start is set by the GUI, an Expiratory Pause shall start (see CONT.42).",!(expiratoryPauseButton) U ((expiratoryPauseButton) & G(PCVMode & expiratoryPhaseEnd & !patientBreathingRequest -> (((expiratoryPhaseEnd & inValveClose) & outValveClose)))),G(PCVMode & expiratoryPhaseEnd & !patientBreathingRequest & expiratoryPauseButton -> F(expiratoryPhaseEnd & inValveClose & outValveClose)),False
ADARULE,93,"PCV Mode: If the controller is in the expiration phase, and it does not detect a spontaneous breath (i.e., the condition drop(PAW) > ITS_PCV is false), within the expiration time, if the Expiratory Pause start is set by the GUI, an Expiratory Pause shall start (see CONT.42).",!(expiratoryPauseButton) U ((expiratoryPauseButton) & G(PCVMode & expiratoryPhaseEnd & !patientBreathingRequest -> (((expiratoryPhaseEnd & inValveClose) & outValveClose)))),G(PCVMode & expiratoryPhaseEnd & !patientBreathingRequest & expiratoryPauseButton -> F(expiratoryPhaseEnd & inValveClose & outValveClose)),False
ADARULE,93,"PCV Mode: If the controller is in the expiration phase, and it does not detect a spontaneous breath (i.e., the condition drop(PAW) > ITS_PCV is false), within the expiration time, if the Expiratory Pause start is set by the GUI, an Expiratory Pause shall start (see CONT.42).",!(expiratoryPauseButton) U ((expiratoryPauseButton) & G(PCVMode & expiratoryPhaseEnd & !patientBreathingRequest -> (((expiratoryPhaseEnd & inValveClose) & outValveClose)))),G(PCVMode & expiratoryPhaseEnd & !patientBreathingRequest & expiratoryPauseButton -> F(expiratoryPhaseEnd & inValveClose & outValveClose)),False
ADARULE,93,"PCV Mode: If the controller is in the expiration phase, and it does not detect a spontaneous breath (i.e., the condition drop(PAW) > ITS_PCV is false), within the expiration time, if the Expiratory Pause start is set by the GUI, an Expiratory Pause shall start (see CONT.42).",!(expiratoryPauseButton) U ((expiratoryPauseButton) & G(PCVMode & expiratoryPhaseEnd & !patientBreathingRequest -> (((expiratoryPhaseEnd & inValveClose) & outValveClose)))),G(PCVMode & expiratoryPhaseEnd & !patientBreathingRequest & expiratoryPauseButton -> F(expiratoryPhaseEnd & inValveClose & outValveClose)),False
ADARULE,93,"PCV Mode: If the controller is in the expiration phase, and it does not detect a spontaneous breath (i.e., the condition drop(PAW) > ITS_PCV is false), within the expiration time, if the Expiratory Pause start is set by the GUI, an Expiratory Pause shall start (see CONT.42).",!(expiratoryPauseButton) U ((expiratoryPauseButton) & G(PCVMode & expiratoryPhaseEnd & !patientBreathingRequest -> (((expiratoryPhaseEnd & inValveClose) & outValveClose)))),G(PCVMode & expiratoryPhaseEnd & !patientBreathingRequest & expiratoryPauseButton -> F(expiratoryPhaseEnd & inValveClose & outValveClose)),False
ADARULE,93,"PCV Mode: If the controller is in the expiration phase, and it does not detect a spontaneous breath (i.e., the condition drop(PAW) > ITS_PCV is false), within the expiration time, if the Expiratory Pause start is set by the GUI, an Expiratory Pause shall start (see CONT.42).",!(expiratoryPauseButton) U ((expiratoryPauseButton) & G(PCVMode & expiratoryPhaseEnd & !patientBreathingRequest -> (((expiratoryPhaseEnd & inValveClose) & outValveClose)))),G(PCVMode & expiratoryPhaseEnd & !patientBreathingRequest & expiratoryPauseButton -> F(expiratoryPhaseEnd & inValveClose & outValveClose)),False
ADARULE,93,"PCV Mode: If the controller is in the expiration phase, and it does not detect a spontaneous breath (i.e., the condition drop(PAW) > ITS_PCV is false), within the expiration time, if the Expiratory Pause start is set by the GUI, an Expiratory Pause shall start (see CONT.42).",!(expiratoryPauseButton) U ((expiratoryPauseButton) & G(PCVMode & expiratoryPhaseEnd & !patientBreathingRequest -> (((expiratoryPhaseEnd & inValveClose) & outValveClose)))),G(PCVMode & expiratoryPhaseEnd & !patientBreathingRequest & expiratoryPauseButton -> F(expiratoryPhaseEnd & inValveClose & outValveClose)),False
ADARULE,93,"PCV Mode: If the controller is in the expiration phase, and it does not detect a spontaneous breath (i.e., the condition drop(PAW) > ITS_PCV is false), within the expiration time, if the Expiratory Pause start is set by the GUI, an Expiratory Pause shall start (see CONT.42).",!(expiratoryPauseButton) U ((expiratoryPauseButton) & G(PCVMode & expiratoryPhaseEnd & !patientBreathingRequest -> (((expiratoryPhaseEnd & inValveClose) & outValveClose)))),G(PCVMode & expiratoryPhaseEnd & !patientBreathingRequest & expiratoryPauseButton -> F(expiratoryPhaseEnd & inValveClose & outValveClose)),False
ADARULE,93,"PCV Mode: If the controller is in the expiration phase, and it does not detect a spontaneous breath (i.e., the condition drop(PAW) > ITS_PCV is false), within the expiration time, if the Expiratory Pause start is set by the GUI, an Expiratory Pause shall start (see CONT.42).",!(expiratoryPauseButton) U ((expiratoryPauseButton) & G(PCVMode & expiratoryPhaseEnd & !patientBreathingRequest -> (((expiratoryPhaseEnd & inValveClose) & outValveClose)))),G(PCVMode & expiratoryPhaseEnd & !patientBreathingRequest & expiratoryPauseButton -> F(expiratoryPhaseEnd & inValveClose & outValveClose)),False
ADARULE,93,"PCV Mode: If the controller is in the expiration phase, and it does not detect a spontaneous breath (i.e., the condition drop(PAW) > ITS_PCV is false), within the expiration time, if the Expiratory Pause start is set by the GUI, an Expiratory Pause shall start (see CONT.42).",!(expiratoryPauseButton) U ((expiratoryPauseButton) & G(PCVMode & expiratoryPhaseEnd & !patientBreathingRequest -> (((expiratoryPhaseEnd & inValveClose) & outValveClose)))),G(PCVMode & expiratoryPhaseEnd & !patientBreathingRequest & expiratoryPauseButton -> F(expiratoryPhaseEnd & inValveClose & outValveClose)),False
ADARULE,93,"PCV Mode: If the controller is in the expiration phase, and it does not detect a spontaneous breath (i.e., the condition drop(PAW) > ITS_PCV is false), within the expiration time, if the Expiratory Pause start is set by the GUI, an Expiratory Pause shall start (see CONT.42).",!(expiratoryPauseButton) U ((expiratoryPauseButton) & G(PCVMode & expiratoryPhaseEnd & !patientBreathingRequest -> (((expiratoryPhaseEnd & inValveClose) & outValveClose)))),G(PCVMode & expiratoryPhaseEnd & !patientBreathingRequest & expiratoryPauseButton -> F(expiratoryPauseButton & inValveClose & outValveClose)),False
ADARULE,93,"PCV Mode: If the controller is in the expiration phase, and it does not detect a spontaneous breath (i.e., the condition drop(PAW) > ITS_PCV is false), within the expiration time, if the Expiratory Pause start is set by the GUI, an Expiratory Pause shall start (see CONT.42).",!(expiratoryPauseButton) U ((expiratoryPauseButton) & G(PCVMode & expiratoryPhaseEnd & !patientBreathingRequest -> (((expiratoryPhaseEnd & inValveClose) & outValveClose)))),G(PCVMode & expiratoryPhaseEnd & !patientBreathingRequest & expiratoryPauseButton -> F(expiratoryPhaseEnd & inValveClose & outValveClose)),False
ADARULE,93,"PCV Mode: If the controller is in the expiration phase, and it does not detect a spontaneous breath (i.e., the condition drop(PAW) > ITS_PCV is false), within the expiration time, if the Expiratory Pause start is set by the GUI, an Expiratory Pause shall start (see CONT.42).",!(expiratoryPauseButton) U ((expiratoryPauseButton) & G(PCVMode & expiratoryPhaseEnd & !patientBreathingRequest -> (((expiratoryPhaseEnd & inValveClose) & outValveClose)))),G(PCVMode & expiratoryPhaseEnd & !patientBreathingRequest & expiratoryPauseButton -> F(expiratoryPhaseEnd & inValveClose & outValveClose)),False
ADARULE,93,"PCV Mode: If the controller is in the expiration phase, and it does not detect a spontaneous breath (i.e., the condition drop(PAW) > ITS_PCV is false), within the expiration time, if the Expiratory Pause start is set by the GUI, an Expiratory Pause shall start (see CONT.42).",!(expiratoryPauseButton) U ((expiratoryPauseButton) & G(PCVMode & expiratoryPhaseEnd & !patientBreathingRequest -> (((expiratoryPhaseEnd & inValveClose) & outValveClose)))),G(PCVMode & expiratoryPhaseEnd & !patientBreathingRequest & expiratoryPauseButton -> F(expiratoryPhaseEnd & inValveClose & outValveClose)),False
ADARULE,93,"PCV Mode: If the controller is in the expiration phase, and it does not detect a spontaneous breath (i.e., the condition drop(PAW) > ITS_PCV is false), within the expiration time, if the Expiratory Pause start is set by the GUI, an Expiratory Pause shall start (see CONT.42).",!(expiratoryPauseButton) U ((expiratoryPauseButton) & G(PCVMode & expiratoryPhaseEnd & !patientBreathingRequest -> (((expiratoryPhaseEnd & inValveClose) & outValveClose)))),G(PCVMode & expiratoryPhaseEnd & !patientBreathingRequest & expiratoryPauseButton -> F(expiratoryPhaseEnd & inValveClose & outValveClose)),False
ADARULE,93,"PCV Mode: If the controller is in the expiration phase, and it does not detect a spontaneous breath (i.e., the condition drop(PAW) > ITS_PCV is false), within the expiration time, if the Expiratory Pause start is set by the GUI, an Expiratory Pause shall start (see CONT.42).",!(expiratoryPauseButton) U ((expiratoryPauseButton) & G(PCVMode & expiratoryPhaseEnd & !patientBreathingRequest -> (((expiratoryPhaseEnd & inValveClose) & outValveClose)))),G(PCVMode & expiratoryPhaseEnd & !patientBreathingRequest & expiratoryPauseButton -> F(expiratoryPhaseEnd & inValveClose & outValveClose)),False
ADARULE,93,"PCV Mode: If the controller is in the expiration phase, and it does not detect a spontaneous breath (i.e., the condition drop(PAW) > ITS_PCV is false), within the expiration time, if the Expiratory Pause start is set by the GUI, an Expiratory Pause shall start (see CONT.42).",!(expiratoryPauseButton) U ((expiratoryPauseButton) & G(PCVMode & expiratoryPhaseEnd & !patientBreathingRequest -> (((expiratoryPhaseEnd & inValveClose) & outValveClose)))),G(PCVMode & expiratoryPhaseEnd & !patientBreathingRequest & expiratoryPauseButton -> F(expiratoryPhaseEnd & inValveClose & outValveClose)),False
ADARULE,93,"PCV Mode: If the controller is in the expiration phase, and it does not detect a spontaneous breath (i.e., the condition drop(PAW) > ITS_PCV is false), within the expiration time, if the Expiratory Pause start is set by the GUI, an Expiratory Pause shall start (see CONT.42).",!(expiratoryPauseButton) U ((expiratoryPauseButton) & G(PCVMode & expiratoryPhaseEnd & !patientBreathingRequest -> (((expiratoryPhaseEnd & inValveClose) & outValveClose)))),G(PCVMode & expiratoryPhaseEnd & !patientBreathingRequest & expiratoryPauseButton -> F(expiratoryPhaseEnd & inValveClose & outValveClose)),False
ADARULE,93,"PCV Mode: If the controller is in the expiration phase, and it does not detect a spontaneous breath (i.e., the condition drop(PAW) > ITS_PCV is false), within the expiration time, if the Expiratory Pause start is set by the GUI, an Expiratory Pause shall start (see CONT.42).",!(expiratoryPauseButton) U ((expiratoryPauseButton) & G(PCVMode & expiratoryPhaseEnd & !patientBreathingRequest -> (((expiratoryPhaseEnd & inValveClose) & outValveClose)))),G(PCVMode & expiratoryPhaseEnd & !patientBreathingRequest & expiratoryPauseButton -> F(expiratoryPhaseEnd & inValveClose & outValveClose)),False
ADARULE,93,"PCV Mode: If the controller is in the expiration phase, and it does not detect a spontaneous breath (i.e., the condition drop(PAW) > ITS_PCV is false), within the expiration time, if the Expiratory Pause start is set by the GUI, an Expiratory Pause shall start (see CONT.42).",!(expiratoryPauseButton) U ((expiratoryPauseButton) & G(PCVMode & expiratoryPhaseEnd & !patientBreathingRequest -> (((expiratoryPhaseEnd & inValveClose) & outValveClose)))),G(PCVMode & expiratoryPhaseEnd & !patientBreathingRequest & expiratoryPauseButton -> F(expiratoryPhaseEnd & inValveClose & outValveClose)),False
ADARULE,93,"PCV Mode: If the controller is in the expiration phase, and it does not detect a spontaneous breath (i.e., the condition drop(PAW) > ITS_PCV is false), within the expiration time, if the Expiratory Pause start is set by the GUI, an Expiratory Pause shall start (see CONT.42).",!(expiratoryPauseButton) U ((expiratoryPauseButton) & G(PCVMode & expiratoryPhaseEnd & !patientBreathingRequest -> (((expiratoryPhaseEnd & inValveClose) & outValveClose)))),G(PCVMode & expiratoryPhaseEnd & !patientBreathingRequest & expiratoryPauseButton -> F(expiratoryPhaseEnd & inValveClose & outValveClose)),False
ADARULE,93,"PCV Mode: If the controller is in the expiration phase, and it does not detect a spontaneous breath (i.e., the condition drop(PAW) > ITS_PCV is false), within the expiration time, if the Expiratory Pause start is set by the GUI, an Expiratory Pause shall start (see CONT.42).",!(expiratoryPauseButton) U ((expiratoryPauseButton) & G(PCVMode & expiratoryPhaseEnd & !patientBreathingRequest -> (((expiratoryPhaseEnd & inValveClose) & outValveClose)))),G(PCVMode & expiratoryPhaseEnd & !patientBreathingRequest & expiratoryPauseButton -> F(expiratoryPhaseEnd & inValveClose & outValveClose)),False
ADARULE,93,"PCV Mode: If the controller is in the expiration phase, and it does not detect a spontaneous breath (i.e., the condition drop(PAW) > ITS_PCV is false), within the expiration time, if the Expiratory Pause start is set by the GUI, an Expiratory Pause shall start (see CONT.42).",!(expiratoryPauseButton) U ((expiratoryPauseButton) & G(PCVMode & expiratoryPhaseEnd & !patientBreathingRequest -> (((expiratoryPhaseEnd & inValveClose) & outValveClose)))),G(PCVMode & expiratoryPhaseEnd & !patientBreathingRequest & expiratoryPauseButton -> F(expiratoryPhaseEnd & inValveClose & outValveClose)),False
ADARULE,93,"PCV Mode: If the controller is in the expiration phase, and it does not detect a spontaneous breath (i.e., the condition drop(PAW) > ITS_PCV is false), within the expiration time, if the Expiratory Pause start is set by the GUI, an Expiratory Pause shall start (see CONT.42).",!(expiratoryPauseButton) U ((expiratoryPauseButton) & G(PCVMode & expiratoryPhaseEnd & !patientBreathingRequest -> (((expiratoryPhaseEnd & inValveClose) & outValveClose)))),G(PCVMode & expiratoryPhaseEnd & !patientBreathingRequest & expiratoryPauseButton -> F(expiratoryPhaseEnd & inValveClose & outValveClose)),False
ADARULE,93,"PCV Mode: If the controller is in the expiration phase, and it does not detect a spontaneous breath (i.e., the condition drop(PAW) > ITS_PCV is false), within the expiration time, if the Expiratory Pause start is set by the GUI, an Expiratory Pause shall start (see CONT.42).",!(expiratoryPauseButton) U ((expiratoryPauseButton) & G(PCVMode & expiratoryPhaseEnd & !patientBreathingRequest -> (((expiratoryPhaseEnd & inValveClose) & outValveClose)))),G(PCVMode & expiratoryPhaseEnd & !patientBreathingRequest & expiratoryPauseButton -> F(expiratoryPhaseEnd & inValveClose & outValveClose)),False
ADARULE,93,"PCV Mode: If the controller is in the expiration phase, and it does not detect a spontaneous breath (i.e., the condition drop(PAW) > ITS_PCV is false), within the expiration time, if the Expiratory Pause start is set by the GUI, an Expiratory Pause shall start (see CONT.42).",!(expiratoryPauseButton) U ((expiratoryPauseButton) & G(PCVMode & expiratoryPhaseEnd & !patientBreathingRequest -> (((expiratoryPhaseEnd & inValveClose) & outValveClose)))),G(PCVMode & expiratoryPhaseEnd & !patientBreathingRequest & expiratoryPauseButton -> F(expiratoryPhaseEnd & inValveClose & outValveClose)),False
ADARULE,93,"PCV Mode: If the controller is in the expiration phase, and it does not detect a spontaneous breath (i.e., the condition drop(PAW) > ITS_PCV is false), within the expiration time, if the Expiratory Pause start is set by the GUI, an Expiratory Pause shall start (see CONT.42).",!(expiratoryPauseButton) U ((expiratoryPauseButton) & G(PCVMode & expiratoryPhaseEnd & !patientBreathingRequest -> (((expiratoryPhaseEnd & inValveClose) & outValveClose)))),G(PCVMode & expiratoryPhaseEnd & !patientBreathingRequest & expiratoryPauseButton -> F(expiratoryPhaseEnd & inValveClose & outValveClose)),False
ADARULE,93,"PCV Mode: If the controller is in the expiration phase, and it does not detect a spontaneous breath (i.e., the condition drop(PAW) > ITS_PCV is false), within the expiration time, if the Expiratory Pause start is set by the GUI, an Expiratory Pause shall start (see CONT.42).",!(expiratoryPauseButton) U ((expiratoryPauseButton) & G(PCVMode & expiratoryPhaseEnd & !patientBreathingRequest -> (((expiratoryPhaseEnd & inValveClose) & outValveClose)))),G(PCVMode & expiratoryPhaseEnd & !patientBreathingRequest & expiratoryPauseButton -> F(expiratoryPhaseEnd & inValveClose & outValveClose)),False
ADARULE,93,"PCV Mode: If the controller is in the expiration phase, and it does not detect a spontaneous breath (i.e., the condition drop(PAW) > ITS_PCV is false), within the expiration time, if the Expiratory Pause start is set by the GUI, an Expiratory Pause shall start (see CONT.42).",!(expiratoryPauseButton) U ((expiratoryPauseButton) & G(PCVMode & expiratoryPhaseEnd & !patientBreathingRequest -> (((expiratoryPhaseEnd & inValveClose) & outValveClose)))),G(PCVMode & expiratoryPhaseEnd & !patientBreathingRequest & expiratoryPauseButton -> F(expiratoryPhaseEnd & inValveClose & outValveClose)),False
ADARULE,93,"PCV Mode: If the controller is in the expiration phase, and it does not detect a spontaneous breath (i.e., the condition drop(PAW) > ITS_PCV is false), within the expiration time, if the Expiratory Pause start is set by the GUI, an Expiratory Pause shall start (see CONT.42).",!(expiratoryPauseButton) U ((expiratoryPauseButton) & G(PCVMode & expiratoryPhaseEnd & !patientBreathingRequest -> (((expiratoryPhaseEnd & inValveClose) & outValveClose)))),G(PCVMode & expiratoryPhaseEnd & !patientBreathingRequest & expiratoryPauseButton -> F(expiratoryPhaseEnd & inValveClose & outValveClose)),False
ADARULE,93,"PCV Mode: If the controller is in the expiration phase, and it does not detect a spontaneous breath (i.e., the condition drop(PAW) > ITS_PCV is false), within the expiration time, if the Expiratory Pause start is set by the GUI, an Expiratory Pause shall start (see CONT.42).",!(expiratoryPauseButton) U ((expiratoryPauseButton) & G(PCVMode & expiratoryPhaseEnd & !patientBreathingRequest -> (((expiratoryPhaseEnd & inValveClose) & outValveClose)))),G(PCVMode & expiratoryPhaseEnd & !patientBreathingRequest & expiratoryPauseButton -> F(expiratoryPhaseEnd & inValveClose & outValveClose)),False
ADARULE,93,"PCV Mode: If the controller is in the expiration phase, and it does not detect a spontaneous breath (i.e., the condition drop(PAW) > ITS_PCV is false), within the expiration time, if the Expiratory Pause start is set by the GUI, an Expiratory Pause shall start (see CONT.42).",!(expiratoryPauseButton) U ((expiratoryPauseButton) & G(PCVMode & expiratoryPhaseEnd & !patientBreathingRequest -> (((expiratoryPhaseEnd & inValveClose) & outValveClose)))),G(PCVMode & expiratoryPhaseEnd & !patientBreathingRequest & expiratoryPauseButton -> F(expiratoryPhaseEnd & inValveClose & outValveClose)),False
ADARULE,93,"PCV Mode: If the controller is in the expiration phase, and it does not detect a spontaneous breath (i.e., the condition drop(PAW) > ITS_PCV is false), within the expiration time, if the Expiratory Pause start is set by the GUI, an Expiratory Pause shall start (see CONT.42).",!(expiratoryPauseButton) U ((expiratoryPauseButton) & G(PCVMode & expiratoryPhaseEnd & !patientBreathingRequest -> (((expiratoryPhaseEnd & inValveClose) & outValveClose)))),G(PCVMode & expiratoryPhaseEnd & !patientBreathingRequest & expiratoryPauseButton -> F(expiratoryPhaseEnd & inValveClose & outValveClose)),False
ADARULE,93,"PCV Mode: If the controller is in the expiration phase, and it does not detect a spontaneous breath (i.e., the condition drop(PAW) > ITS_PCV is false), within the expiration time, if the Expiratory Pause start is set by the GUI, an Expiratory Pause shall start (see CONT.42).",!(expiratoryPauseButton) U ((expiratoryPauseButton) & G(PCVMode & expiratoryPhaseEnd & !patientBreathingRequest -> (((expiratoryPhaseEnd & inValveClose) & outValveClose)))),G(PCVMode & expiratoryPhaseEnd & !patientBreathingRequest & expiratoryPauseButton -> F(expiratoryPhaseEnd & inValveClose & outValveClose)),False
ADARULE,93,"PCV Mode: If the controller is in the expiration phase, and it does not detect a spontaneous breath (i.e., the condition drop(PAW) > ITS_PCV is false), within the expiration time, if the Expiratory Pause start is set by the GUI, an Expiratory Pause shall start (see CONT.42).",!(expiratoryPauseButton) U ((expiratoryPauseButton) & G(PCVMode & expiratoryPhaseEnd & !patientBreathingRequest -> (((expiratoryPhaseEnd & inValveClose) & outValveClose)))),G(PCVMode & expiratoryPhaseEnd & !patientBreathingRequest & expiratoryPauseButton -> F(expiratoryPhaseEnd & inValveClose & outValveClose)),False
ADARULE,93,"PCV Mode: If the controller is in the expiration phase, and it does not detect a spontaneous breath (i.e., the condition drop(PAW) > ITS_PCV is false), within the expiration time, if the Expiratory Pause start is set by the GUI, an Expiratory Pause shall start (see CONT.42).",!(expiratoryPauseButton) U ((expiratoryPauseButton) & G(PCVMode & expiratoryPhaseEnd & !patientBreathingRequest -> (((expiratoryPhaseEnd & inValveClose) & outValveClose)))),G(PCVMode & expiratoryPhaseEnd & !patientBreathingRequest & expiratoryPauseButton -> F(expiratoryPhaseEnd & inValveClose & outValveClose)),False
ADARULE,93,"PCV Mode: If the controller is in the expiration phase, and it does not detect a spontaneous breath (i.e., the condition drop(PAW) > ITS_PCV is false), within the expiration time, if the Expiratory Pause start is set by the GUI, an Expiratory Pause shall start (see CONT.42).",!(expiratoryPauseButton) U ((expiratoryPauseButton) & G(PCVMode & expiratoryPhaseEnd & !patientBreathingRequest -> (((expiratoryPhaseEnd & inValveClose) & outValveClose)))),G(PCVMode & expiratoryPhaseEnd & !patientBreathingRequest & expiratoryPauseButton -> F(expiratoryPhaseEnd & inValveClose & outValveClose)),False
ADARULE,93,"PCV Mode: If the controller is in the expiration phase, and it does not detect a spontaneous breath (i.e., the condition drop(PAW) > ITS_PCV is false), within the expiration time, if the Expiratory Pause start is set by the GUI, an Expiratory Pause shall start (see CONT.42).",!(expiratoryPauseButton) U ((expiratoryPauseButton) & G(PCVMode & expiratoryPhaseEnd & !patientBreathingRequest -> (((expiratoryPhaseEnd & inValveClose) & outValveClose)))),G(PCVMode & expiratoryPhaseEnd & !patientBreathingRequest & expiratoryPauseButton -> F(expiratoryPhaseEnd & inValveClose & outValveClose)),False
ADARULE,93,"PCV Mode: If the controller is in the expiration phase, and it does not detect a spontaneous breath (i.e., the condition drop(PAW) > ITS_PCV is false), within the expiration time, if the Expiratory Pause start is set by the GUI, an Expiratory Pause shall start (see CONT.42).",!(expiratoryPauseButton) U ((expiratoryPauseButton) & G(PCVMode & expiratoryPhaseEnd & !patientBreathingRequest -> (((expiratoryPhaseEnd & inValveClose) & outValveClose)))),G(PCVMode & expiratoryPhaseEnd & !patientBreathingRequest & expiratoryPauseButton -> F(expiratoryPhaseEnd & inValveClose & outValveClose)),False
ADARULE,93,"PCV Mode: If the controller is in the expiration phase, and it does not detect a spontaneous breath (i.e., the condition drop(PAW) > ITS_PCV is false), within the expiration time, if the Expiratory Pause start is set by the GUI, an Expiratory Pause shall start (see CONT.42).",!(expiratoryPauseButton) U ((expiratoryPauseButton) & G(PCVMode & expiratoryPhaseEnd & !patientBreathingRequest -> (((expiratoryPhaseEnd & inValveClose) & outValveClose)))),G(PCVMode & expiratoryPhaseEnd & !patientBreathingRequest & expiratoryPauseButton -> F(expiratoryPhaseEnd & inValveClose & outValveClose)),False
ADARULE,93,"PCV Mode: If the controller is in the expiration phase, and it does not detect a spontaneous breath (i.e., the condition drop(PAW) > ITS_PCV is false), within the expiration time, if the Expiratory Pause start is set by the GUI, an Expiratory Pause shall start (see CONT.42).",!(expiratoryPauseButton) U ((expiratoryPauseButton) & G(PCVMode & expiratoryPhaseEnd & !patientBreathingRequest -> (((expiratoryPhaseEnd & inValveClose) & outValveClose)))),G(PCVMode & expiratoryPhaseEnd & !patientBreathingRequest & expiratoryPauseButton -> F(expiratoryPhaseEnd & inValveClose & outValveClose)),False
ADARULE,93,"PCV Mode: If the controller is in the expiration phase, and it does not detect a spontaneous breath (i.e., the condition drop(PAW) > ITS_PCV is false), within the expiration time, if the Expiratory Pause start is set by the GUI, an Expiratory Pause shall start (see CONT.42).",!(expiratoryPauseButton) U ((expiratoryPauseButton) & G(PCVMode & expiratoryPhaseEnd & !patientBreathingRequest -> (((expiratoryPhaseEnd & inValveClose) & outValveClose)))),G(PCVMode & expiratoryPhaseEnd & !patientBreathingRequest & expiratoryPauseButton -> F(expiratoryPhaseEnd & inValveClose & outValveClose)),False
ADARULE,93,"PCV Mode: If the controller is in the expiration phase, and it does not detect a spontaneous breath (i.e., the condition drop(PAW) > ITS_PCV is false), within the expiration time, if the Expiratory Pause start is set by the GUI, an Expiratory Pause shall start (see CONT.42).",!(expiratoryPauseButton) U ((expiratoryPauseButton) & G(PCVMode & expiratoryPhaseEnd & !patientBreathingRequest -> (((expiratoryPhaseEnd & inValveClose) & outValveClose)))),G(PCVMode & expiratoryPhaseEnd & !patientBreathingRequest & expiratoryPauseButton -> F(expiratoryPhaseEnd & inValveClose & outValveClose)),False
ADARULE,93,"PCV Mode: If the controller is in the expiration phase, and it does not detect a spontaneous breath (i.e., the condition drop(PAW) > ITS_PCV is false), within the expiration time, if the Expiratory Pause start is set by the GUI, an Expiratory Pause shall start (see CONT.42).",!(expiratoryPauseButton) U ((expiratoryPauseButton) & G(PCVMode & expiratoryPhaseEnd & !patientBreathingRequest -> (((expiratoryPhaseEnd & inValveClose) & outValveClose)))),G(PCVMode & expiratoryPhaseEnd & !patientBreathingRequest & expiratoryPauseButton -> F(expiratoryPhaseEnd & inValveClose & outValveClose)),False
ADARULE,93,"PCV Mode: If the controller is in the expiration phase, and it does not detect a spontaneous breath (i.e., the condition drop(PAW) > ITS_PCV is false), within the expiration time, if the Expiratory Pause start is set by the GUI, an Expiratory Pause shall start (see CONT.42).",!(expiratoryPauseButton) U ((expiratoryPauseButton) & G(PCVMode & expiratoryPhaseEnd & !patientBreathingRequest -> (((expiratoryPhaseEnd & inValveClose) & outValveClose)))),G(PCVMode & expiratoryPhaseEnd & !patientBreathingRequest & expiratoryPauseButton -> F(expiratoryPhaseEnd & inValveClose & outValveClose)),False
ADARULE,93,"PCV Mode: If the controller is in the expiration phase, and it does not detect a spontaneous breath (i.e., the condition drop(PAW) > ITS_PCV is false), within the expiration time, if the Expiratory Pause start is set by the GUI, an Expiratory Pause shall start (see CONT.42).",!(expiratoryPauseButton) U ((expiratoryPauseButton) & G(PCVMode & expiratoryPhaseEnd & !patientBreathingRequest -> (((expiratoryPhaseEnd & inValveClose) & outValveClose)))),G(PCVMode & expiratoryPhaseEnd & !patientBreathingRequest & expiratoryPauseButton -> F(expiratoryPhaseEnd & inValveClose & outValveClose)),False
ADARULE,93,"PCV Mode: If the controller is in the expiration phase, and it does not detect a spontaneous breath (i.e., the condition drop(PAW) > ITS_PCV is false), within the expiration time, if the Expiratory Pause start is set by the GUI, an Expiratory Pause shall start (see CONT.42).",!(expiratoryPauseButton) U ((expiratoryPauseButton) & G(PCVMode & expiratoryPhaseEnd & !patientBreathingRequest -> (((expiratoryPhaseEnd & inValveClose) & outValveClose)))),G(PCVMode & expiratoryPhaseEnd & !patientBreathingRequest & expiratoryPauseButton -> F(expiratoryPhaseEnd & inValveClose & outValveClose)),False
ADARULE,93,"PCV Mode: If the controller is in the expiration phase, and it does not detect a spontaneous breath (i.e., the condition drop(PAW) > ITS_PCV is false), within the expiration time, if the Expiratory Pause start is set by the GUI, an Expiratory Pause shall start (see CONT.42).",!(expiratoryPauseButton) U ((expiratoryPauseButton) & G(PCVMode & expiratoryPhaseEnd & !patientBreathingRequest -> (((expiratoryPhaseEnd & inValveClose) & outValveClose)))),G(PCVMode & expiratoryPhaseEnd & !patientBreathingRequest & expiratoryPauseButton -> F(expiratoryPhaseEnd & inValveClose & outValveClose)),False
ADARULE,93,"PCV Mode: If the controller is in the expiration phase, and it does not detect a spontaneous breath (i.e., the condition drop(PAW) > ITS_PCV is false), within the expiration time, if the Expiratory Pause start is set by the GUI, an Expiratory Pause shall start (see CONT.42).",!(expiratoryPauseButton) U ((expiratoryPauseButton) & G(PCVMode & expiratoryPhaseEnd & !patientBreathingRequest -> (((expiratoryPhaseEnd & inValveClose) & outValveClose)))),G(PCVMode & expiratoryPhaseEnd & !patientBreathingRequest & expiratoryPauseButton -> F(expiratoryPhaseEnd & inValveClose & outValveClose)),False
ADARULE,93,"PCV Mode: If the controller is in the expiration phase, and it does not detect a spontaneous breath (i.e., the condition drop(PAW) > ITS_PCV is false), within the expiration time, if the Expiratory Pause start is set by the GUI, an Expiratory Pause shall start (see CONT.42).",!(expiratoryPauseButton) U ((expiratoryPauseButton) & G(PCVMode & expiratoryPhaseEnd & !patientBreathingRequest -> (((expiratoryPhaseEnd & inValveClose) & outValveClose)))),G(PCVMode & expiratoryPhaseEnd & !patientBreathingRequest & expiratoryPauseButton -> F(expiratoryPhaseEnd & inValveClose & outValveClose)),False
ADARULE,98,PCV Mode: The transition from PCV to VentilationOff shall occur if the user stops the ventilation in PCV mode.,!(stopVentilation) U ((stopVentilation) & G(PCVMode -> F(StandbyMode))),G(PCVMode & stopVentilation -> F(!PCVMode)),False
ADARULE,98,PCV Mode: The transition from PCV to VentilationOff shall occur if the user stops the ventilation in PCV mode.,!(stopVentilation) U ((stopVentilation) & G(PCVMode -> F(StandbyMode))),G(PCVMode & stopVentilation -> F(!PCVMode)),False
ADARULE,98,PCV Mode: The transition from PCV to VentilationOff shall occur if the user stops the ventilation in PCV mode.,!(stopVentilation) U ((stopVentilation) & G(PCVMode -> F(StandbyMode))),G(PCVMode & stopVentilation -> F(!PCVMode)),False
ADARULE,98,PCV Mode: The transition from PCV to VentilationOff shall occur if the user stops the ventilation in PCV mode.,!(stopVentilation) U ((stopVentilation) & G(PCVMode -> F(StandbyMode))),G(PCVMode & stopVentilation -> F(!PCVMode)),False
ADARULE,98,PCV Mode: The transition from PCV to VentilationOff shall occur if the user stops the ventilation in PCV mode.,!(stopVentilation) U ((stopVentilation) & G(PCVMode -> F(StandbyMode))),G(PCVMode & stopVentilation -> F(!PCVMode)),False
ADARULE,98,PCV Mode: The transition from PCV to VentilationOff shall occur if the user stops the ventilation in PCV mode.,!(stopVentilation) U ((stopVentilation) & G(PCVMode -> F(StandbyMode))),G(PCVMode & stopVentilation -> F(!PCVMode)),False
ADARULE,98,PCV Mode: The transition from PCV to VentilationOff shall occur if the user stops the ventilation in PCV mode.,!(stopVentilation) U ((stopVentilation) & G(PCVMode -> F(StandbyMode))),G(PCVMode & stopVentilation -> F(!PCVMode)),False
ADARULE,98,PCV Mode: The transition from PCV to VentilationOff shall occur if the user stops the ventilation in PCV mode.,!(stopVentilation) U ((stopVentilation) & G(PCVMode -> F(StandbyMode))),G(PCVMode & stopVentilation -> F(!PCVMode)),False
ADARULE,98,PCV Mode: The transition from PCV to VentilationOff shall occur if the user stops the ventilation in PCV mode.,!(stopVentilation) U ((stopVentilation) & G(PCVMode -> F(StandbyMode))),G(PCVMode & stopVentilation -> F(!PCVMode)),False
ADARULE,98,PCV Mode: The transition from PCV to VentilationOff shall occur if the user stops the ventilation in PCV mode.,!(stopVentilation) U ((stopVentilation) & G(PCVMode -> F(StandbyMode))),G(PCVMode & stopVentilation -> F(!PCVMode)),False
ADARULE,98,PCV Mode: The transition from PCV to VentilationOff shall occur if the user stops the ventilation in PCV mode.,!(stopVentilation) U ((stopVentilation) & G(PCVMode -> F(StandbyMode))),G(PCVMode & stopVentilation -> F(!PCVMode)),False
ADARULE,98,PCV Mode: The transition from PCV to VentilationOff shall occur if the user stops the ventilation in PCV mode.,!(stopVentilation) U ((stopVentilation) & G(PCVMode -> F(StandbyMode))),G(PCVMode & stopVentilation -> F(!PCVMode)),False
ADARULE,98,PCV Mode: The transition from PCV to VentilationOff shall occur if the user stops the ventilation in PCV mode.,!(stopVentilation) U ((stopVentilation) & G(PCVMode -> F(StandbyMode))),G(PCVMode & stopVentilation -> F(!PCVMode)),False
ADARULE,98,PCV Mode: The transition from PCV to VentilationOff shall occur if the user stops the ventilation in PCV mode.,!(stopVentilation) U ((stopVentilation) & G(PCVMode -> F(StandbyMode))),G(PCVMode & stopVentilation -> F(!PCVMode)),False
ADARULE,98,PCV Mode: The transition from PCV to VentilationOff shall occur if the user stops the ventilation in PCV mode.,!(stopVentilation) U ((stopVentilation) & G(PCVMode -> F(StandbyMode))),G(PCVMode & stopVentilation -> F(!PCVMode)),False
ADARULE,98,PCV Mode: The transition from PCV to VentilationOff shall occur if the user stops the ventilation in PCV mode.,!(stopVentilation) U ((stopVentilation) & G(PCVMode -> F(StandbyMode))),G(PCVMode & stopVentilation -> F(!PCVMode)),False
ADARULE,98,PCV Mode: The transition from PCV to VentilationOff shall occur if the user stops the ventilation in PCV mode.,!(stopVentilation) U ((stopVentilation) & G(PCVMode -> F(StandbyMode))),G(PCVMode & stopVentilation -> F(!PCVMode)),False
ADARULE,98,PCV Mode: The transition from PCV to VentilationOff shall occur if the user stops the ventilation in PCV mode.,!(stopVentilation) U ((stopVentilation) & G(PCVMode -> F(StandbyMode))),G(PCVMode & stopVentilation -> F(!PCVMode)),False
ADARULE,98,PCV Mode: The transition from PCV to VentilationOff shall occur if the user stops the ventilation in PCV mode.,!(stopVentilation) U ((stopVentilation) & G(PCVMode -> F(StandbyMode))),G(PCVMode & stopVentilation -> F(!PCVMode)),False
ADARULE,98,PCV Mode: The transition from PCV to VentilationOff shall occur if the user stops the ventilation in PCV mode.,!(stopVentilation) U ((stopVentilation) & G(PCVMode -> F(StandbyMode))),G(PCVMode & stopVentilation -> F(!PCVMode)),False
ADARULE,98,PCV Mode: The transition from PCV to VentilationOff shall occur if the user stops the ventilation in PCV mode.,!(stopVentilation) U ((stopVentilation) & G(PCVMode -> F(StandbyMode))),G(PCVMode & stopVentilation -> F(!PCVMode)),False
ADARULE,98,PCV Mode: The transition from PCV to VentilationOff shall occur if the user stops the ventilation in PCV mode.,!(stopVentilation) U ((stopVentilation) & G(PCVMode -> F(StandbyMode))),G(PCVMode & stopVentilation -> F(!PCVMode)),False
ADARULE,98,PCV Mode: The transition from PCV to VentilationOff shall occur if the user stops the ventilation in PCV mode.,!(stopVentilation) U ((stopVentilation) & G(PCVMode -> F(StandbyMode))),G(PCVMode & stopVentilation -> F(!PCVMode)),False
ADARULE,98,PCV Mode: The transition from PCV to VentilationOff shall occur if the user stops the ventilation in PCV mode.,!(stopVentilation) U ((stopVentilation) & G(PCVMode -> F(StandbyMode))),G(PCVMode & stopVentilation -> F(!PCVMode)),False
ADARULE,98,PCV Mode: The transition from PCV to VentilationOff shall occur if the user stops the ventilation in PCV mode.,!(stopVentilation) U ((stopVentilation) & G(PCVMode -> F(StandbyMode))),G(PCVMode & stopVentilation -> F(!PCVMode)),False
ADARULE,98,PCV Mode: The transition from PCV to VentilationOff shall occur if the user stops the ventilation in PCV mode.,!(stopVentilation) U ((stopVentilation) & G(PCVMode -> F(StandbyMode))),G(PCVMode & stopVentilation -> F(!PCVMode)),False
ADARULE,98,PCV Mode: The transition from PCV to VentilationOff shall occur if the user stops the ventilation in PCV mode.,!(stopVentilation) U ((stopVentilation) & G(PCVMode -> F(StandbyMode))),G(PCVMode & stopVentilation -> F(!PCVMode)),False
ADARULE,98,PCV Mode: The transition from PCV to VentilationOff shall occur if the user stops the ventilation in PCV mode.,!(stopVentilation) U ((stopVentilation) & G(PCVMode -> F(StandbyMode))),G(PCVMode & stopVentilation -> F(!PCVMode)),False
ADARULE,98,PCV Mode: The transition from PCV to VentilationOff shall occur if the user stops the ventilation in PCV mode.,!(stopVentilation) U ((stopVentilation) & G(PCVMode -> F(StandbyMode))),G(PCVMode & stopVentilation -> F(!PCVMode)),False
ADARULE,98,PCV Mode: The transition from PCV to VentilationOff shall occur if the user stops the ventilation in PCV mode.,!(stopVentilation) U ((stopVentilation) & G(PCVMode -> F(StandbyMode))),G(PCVMode & stopVentilation -> F(!PCVMode)),False
ADARULE,98,PCV Mode: The transition from PCV to VentilationOff shall occur if the user stops the ventilation in PCV mode.,!(stopVentilation) U ((stopVentilation) & G(PCVMode -> F(StandbyMode))),G(PCVMode & stopVentilation -> F(!PCVMode)),False
ADARULE,98,PCV Mode: The transition from PCV to VentilationOff shall occur if the user stops the ventilation in PCV mode.,!(stopVentilation) U ((stopVentilation) & G(PCVMode -> F(StandbyMode))),G(PCVMode & stopVentilation -> F(!PCVMode)),False
ADARULE,98,PCV Mode: The transition from PCV to VentilationOff shall occur if the user stops the ventilation in PCV mode.,!(stopVentilation) U ((stopVentilation) & G(PCVMode -> F(StandbyMode))),G(PCVMode & stopVentilation -> F(StandbyMode)),False
ADARULE,98,PCV Mode: The transition from PCV to VentilationOff shall occur if the user stops the ventilation in PCV mode.,!(stopVentilation) U ((stopVentilation) & G(PCVMode -> F(StandbyMode))),G(PCVMode & stopVentilation -> F(!PCVMode)),False
ADARULE,98,PCV Mode: The transition from PCV to VentilationOff shall occur if the user stops the ventilation in PCV mode.,!(stopVentilation) U ((stopVentilation) & G(PCVMode -> F(StandbyMode))),G(PCVMode & stopVentilation -> F(!PCVMode)),False
ADARULE,98,PCV Mode: The transition from PCV to VentilationOff shall occur if the user stops the ventilation in PCV mode.,!(stopVentilation) U ((stopVentilation) & G(PCVMode -> F(StandbyMode))),G(PCVMode & stopVentilation -> F(!PCVMode)),False
ADARULE,98,PCV Mode: The transition from PCV to VentilationOff shall occur if the user stops the ventilation in PCV mode.,!(stopVentilation) U ((stopVentilation) & G(PCVMode -> F(StandbyMode))),G(PCVMode & stopVentilation -> F(!PCVMode)),False
ADARULE,98,PCV Mode: The transition from PCV to VentilationOff shall occur if the user stops the ventilation in PCV mode.,!(stopVentilation) U ((stopVentilation) & G(PCVMode -> F(StandbyMode))),G(PCVMode & stopVentilation -> F(!PCVMode)),False
ADARULE,98,PCV Mode: The transition from PCV to VentilationOff shall occur if the user stops the ventilation in PCV mode.,!(stopVentilation) U ((stopVentilation) & G(PCVMode -> F(StandbyMode))),G(PCVMode & stopVentilation -> F(!PCVMode)),False
ADARULE,98,PCV Mode: The transition from PCV to VentilationOff shall occur if the user stops the ventilation in PCV mode.,!(stopVentilation) U ((stopVentilation) & G(PCVMode -> F(StandbyMode))),G(PCVMode & stopVentilation -> F(StandbyMode)),False
ADARULE,98,PCV Mode: The transition from PCV to VentilationOff shall occur if the user stops the ventilation in PCV mode.,!(stopVentilation) U ((stopVentilation) & G(PCVMode -> F(StandbyMode))),G(PCVMode & stopVentilation -> F(!PCVMode)),False
ADARULE,98,PCV Mode: The transition from PCV to VentilationOff shall occur if the user stops the ventilation in PCV mode.,!(stopVentilation) U ((stopVentilation) & G(PCVMode -> F(StandbyMode))),G(PCVMode & stopVentilation -> F(!PCVMode)),False
ADARULE,98,PCV Mode: The transition from PCV to VentilationOff shall occur if the user stops the ventilation in PCV mode.,!(stopVentilation) U ((stopVentilation) & G(PCVMode -> F(StandbyMode))),G(PCVMode & stopVentilation -> F(StandbyMode)),False
ADARULE,98,PCV Mode: The transition from PCV to VentilationOff shall occur if the user stops the ventilation in PCV mode.,!(stopVentilation) U ((stopVentilation) & G(PCVMode -> F(StandbyMode))),G(PCVMode & stopVentilation -> F(!PCVMode)),False
ADARULE,98,PCV Mode: The transition from PCV to VentilationOff shall occur if the user stops the ventilation in PCV mode.,!(stopVentilation) U ((stopVentilation) & G(PCVMode -> F(StandbyMode))),G(PCVMode & stopVentilation -> F(!PCVMode)),False
ADARULE,98,PCV Mode: The transition from PCV to VentilationOff shall occur if the user stops the ventilation in PCV mode.,!(stopVentilation) U ((stopVentilation) & G(PCVMode -> F(StandbyMode))),G(PCVMode & stopVentilation -> F(!PCVMode)),False
ADARULE,98,PCV Mode: The transition from PCV to VentilationOff shall occur if the user stops the ventilation in PCV mode.,!(stopVentilation) U ((stopVentilation) & G(PCVMode -> F(StandbyMode))),G(PCVMode & stopVentilation -> F(!PCVMode)),False
ADARULE,98,PCV Mode: The transition from PCV to VentilationOff shall occur if the user stops the ventilation in PCV mode.,!(stopVentilation) U ((stopVentilation) & G(PCVMode -> F(StandbyMode))),G(PCVMode & stopVentilation -> F(!PCVMode)),False
ADARULE,98,PCV Mode: The transition from PCV to VentilationOff shall occur if the user stops the ventilation in PCV mode.,!(stopVentilation) U ((stopVentilation) & G(PCVMode -> F(StandbyMode))),G(PCVMode & stopVentilation -> F(!PCVMode)),False
ADARULE,98,PCV Mode: The transition from PCV to VentilationOff shall occur if the user stops the ventilation in PCV mode.,!(stopVentilation) U ((stopVentilation) & G(PCVMode -> F(StandbyMode))),G(PCVMode & stopVentilation -> F(!PCVMode)),False
ADARULE,98,PCV Mode: The transition from PCV to VentilationOff shall occur if the user stops the ventilation in PCV mode.,!(stopVentilation) U ((stopVentilation) & G(PCVMode -> F(StandbyMode))),G(PCVMode & stopVentilation -> F(!PCVMode)),False
ADARULE,98,PCV Mode: The transition from PCV to VentilationOff shall occur if the user stops the ventilation in PCV mode.,!(stopVentilation) U ((stopVentilation) & G(PCVMode -> F(StandbyMode))),G(PCVMode & stopVentilation -> F(!PCVMode)),False
ADARULE,98,PCV Mode: The transition from PCV to VentilationOff shall occur if the user stops the ventilation in PCV mode.,!(stopVentilation) U ((stopVentilation) & G(PCVMode -> F(StandbyMode))),G(PCVMode & stopVentilation -> F(!PCVMode)),False
ADARULE,98,PCV Mode: The transition from PCV to VentilationOff shall occur if the user stops the ventilation in PCV mode.,!(stopVentilation) U ((stopVentilation) & G(PCVMode -> F(StandbyMode))),G(PCVMode & stopVentilation -> F(!PCVMode)),False
ADARULE,98,PCV Mode: The transition from PCV to VentilationOff shall occur if the user stops the ventilation in PCV mode.,!(stopVentilation) U ((stopVentilation) & G(PCVMode -> F(StandbyMode))),G(PCVMode & stopVentilation -> F(!PCVMode)),False
ADARULE,98,PCV Mode: The transition from PCV to VentilationOff shall occur if the user stops the ventilation in PCV mode.,!(stopVentilation) U ((stopVentilation) & G(PCVMode -> F(StandbyMode))),G(PCVMode & stopVentilation -> F(!PCVMode)),False
ADARULE,98,PCV Mode: The transition from PCV to VentilationOff shall occur if the user stops the ventilation in PCV mode.,!(stopVentilation) U ((stopVentilation) & G(PCVMode -> F(StandbyMode))),G(PCVMode & stopVentilation -> F(!PCVMode)),False
ADARULE,98,PCV Mode: The transition from PCV to VentilationOff shall occur if the user stops the ventilation in PCV mode.,!(stopVentilation) U ((stopVentilation) & G(PCVMode -> F(StandbyMode))),G(PCVMode & stopVentilation -> F(!PCVMode)),False
ADARULE,98,PCV Mode: The transition from PCV to VentilationOff shall occur if the user stops the ventilation in PCV mode.,!(stopVentilation) U ((stopVentilation) & G(PCVMode -> F(StandbyMode))),G(PCVMode & stopVentilation -> F(!PCVMode)),False
ADARULE,98,PCV Mode: The transition from PCV to VentilationOff shall occur if the user stops the ventilation in PCV mode.,!(stopVentilation) U ((stopVentilation) & G(PCVMode -> F(StandbyMode))),G(PCVMode & stopVentilation -> F(!PCVMode)),False
ADARULE,98,PCV Mode: The transition from PCV to VentilationOff shall occur if the user stops the ventilation in PCV mode.,!(stopVentilation) U ((stopVentilation) & G(PCVMode -> F(StandbyMode))),G(PCVMode & stopVentilation -> F(!PCVMode)),False
ADARULE,98,PCV Mode: The transition from PCV to VentilationOff shall occur if the user stops the ventilation in PCV mode.,!(stopVentilation) U ((stopVentilation) & G(PCVMode -> F(StandbyMode))),G(PCVMode & stopVentilation -> F(!PCVMode)),False
ADARULE,98,PCV Mode: The transition from PCV to VentilationOff shall occur if the user stops the ventilation in PCV mode.,!(stopVentilation) U ((stopVentilation) & G(PCVMode -> F(StandbyMode))),G(PCVMode & stopVentilation -> F(!PCVMode)),False
ADARULE,98,PCV Mode: The transition from PCV to VentilationOff shall occur if the user stops the ventilation in PCV mode.,!(stopVentilation) U ((stopVentilation) & G(PCVMode -> F(StandbyMode))),G(PCVMode & stopVentilation -> F(!PCVMode)),False
ADARULE,98,PCV Mode: The transition from PCV to VentilationOff shall occur if the user stops the ventilation in PCV mode.,!(stopVentilation) U ((stopVentilation) & G(PCVMode -> F(StandbyMode))),G(PCVMode & stopVentilation -> F(!PCVMode)),False
ADARULE,98,PCV Mode: The transition from PCV to VentilationOff shall occur if the user stops the ventilation in PCV mode.,!(stopVentilation) U ((stopVentilation) & G(PCVMode -> F(StandbyMode))),G(PCVMode & stopVentilation -> F(!PCVMode)),False
ADARULE,98,PCV Mode: The transition from PCV to VentilationOff shall occur if the user stops the ventilation in PCV mode.,!(stopVentilation) U ((stopVentilation) & G(PCVMode -> F(StandbyMode))),G(PCVMode & stopVentilation -> F(StandbyMode)),False
ADARULE,98,PCV Mode: The transition from PCV to VentilationOff shall occur if the user stops the ventilation in PCV mode.,!(stopVentilation) U ((stopVentilation) & G(PCVMode -> F(StandbyMode))),G(PCVMode & stopVentilation -> F(!PCVMode)),False
ADARULE,98,PCV Mode: The transition from PCV to VentilationOff shall occur if the user stops the ventilation in PCV mode.,!(stopVentilation) U ((stopVentilation) & G(PCVMode -> F(StandbyMode))),G(PCVMode & stopVentilation -> F(!PCVMode)),False
ADARULE,98,PCV Mode: The transition from PCV to VentilationOff shall occur if the user stops the ventilation in PCV mode.,!(stopVentilation) U ((stopVentilation) & G(PCVMode -> F(StandbyMode))),G(PCVMode & stopVentilation -> F(!PCVMode)),False
ADARULE,98,PCV Mode: The transition from PCV to VentilationOff shall occur if the user stops the ventilation in PCV mode.,!(stopVentilation) U ((stopVentilation) & G(PCVMode -> F(StandbyMode))),G(PCVMode & stopVentilation -> F(!PCVMode)),False
ADARULE,98,PCV Mode: The transition from PCV to VentilationOff shall occur if the user stops the ventilation in PCV mode.,!(stopVentilation) U ((stopVentilation) & G(PCVMode -> F(StandbyMode))),G(PCVMode & stopVentilation -> F(!PCVMode)),False
ADARULE,98,PCV Mode: The transition from PCV to VentilationOff shall occur if the user stops the ventilation in PCV mode.,!(stopVentilation) U ((stopVentilation) & G(PCVMode -> F(StandbyMode))),G(PCVMode & stopVentilation -> F(!PCVMode)),False
ADARULE,98,PCV Mode: The transition from PCV to VentilationOff shall occur if the user stops the ventilation in PCV mode.,!(stopVentilation) U ((stopVentilation) & G(PCVMode -> F(StandbyMode))),G(PCVMode & stopVentilation -> F(!PCVMode)),False
ADARULE,98,PCV Mode: The transition from PCV to VentilationOff shall occur if the user stops the ventilation in PCV mode.,!(stopVentilation) U ((stopVentilation) & G(PCVMode -> F(StandbyMode))),G(PCVMode & stopVentilation -> F(!PCVMode)),False
ADARULE,98,PCV Mode: The transition from PCV to VentilationOff shall occur if the user stops the ventilation in PCV mode.,!(stopVentilation) U ((stopVentilation) & G(PCVMode -> F(StandbyMode))),G(PCVMode & stopVentilation -> F(!PCVMode)),False
ADARULE,98,PCV Mode: The transition from PCV to VentilationOff shall occur if the user stops the ventilation in PCV mode.,!(stopVentilation) U ((stopVentilation) & G(PCVMode -> F(StandbyMode))),G(PCVMode & stopVentilation -> F(!PCVMode)),False
ADARULE,98,PCV Mode: The transition from PCV to VentilationOff shall occur if the user stops the ventilation in PCV mode.,!(stopVentilation) U ((stopVentilation) & G(PCVMode -> F(StandbyMode))),G(PCVMode & stopVentilation -> F(!PCVMode)),False
ADARULE,98,PCV Mode: The transition from PCV to VentilationOff shall occur if the user stops the ventilation in PCV mode.,!(stopVentilation) U ((stopVentilation) & G(PCVMode -> F(StandbyMode))),G(PCVMode & stopVentilation -> F(!PCVMode)),False
ADARULE,98,PCV Mode: The transition from PCV to VentilationOff shall occur if the user stops the ventilation in PCV mode.,!(stopVentilation) U ((stopVentilation) & G(PCVMode -> F(StandbyMode))),G(PCVMode & stopVentilation -> F(!PCVMode)),False
ADARULE,98,PCV Mode: The transition from PCV to VentilationOff shall occur if the user stops the ventilation in PCV mode.,!(stopVentilation) U ((stopVentilation) & G(PCVMode -> F(StandbyMode))),G(PCVMode & stopVentilation -> F(!PCVMode)),False
ADARULE,98,PCV Mode: The transition from PCV to VentilationOff shall occur if the user stops the ventilation in PCV mode.,!(stopVentilation) U ((stopVentilation) & G(PCVMode -> F(StandbyMode))),G(PCVMode & stopVentilation -> F(!PCVMode)),False
ADARULE,98,PCV Mode: The transition from PCV to VentilationOff shall occur if the user stops the ventilation in PCV mode.,!(stopVentilation) U ((stopVentilation) & G(PCVMode -> F(StandbyMode))),G(PCVMode & stopVentilation -> F(!PCVMode)),False
ADARULE,98,PCV Mode: The transition from PCV to VentilationOff shall occur if the user stops the ventilation in PCV mode.,!(stopVentilation) U ((stopVentilation) & G(PCVMode -> F(StandbyMode))),G(PCVMode & stopVentilation -> F(!PCVMode)),False
ADARULE,98,PCV Mode: The transition from PCV to VentilationOff shall occur if the user stops the ventilation in PCV mode.,!(stopVentilation) U ((stopVentilation) & G(PCVMode -> F(StandbyMode))),G(PCVMode & stopVentilation -> F(!PCVMode)),False
ADARULE,98,PCV Mode: The transition from PCV to VentilationOff shall occur if the user stops the ventilation in PCV mode.,!(stopVentilation) U ((stopVentilation) & G(PCVMode -> F(StandbyMode))),G(PCVMode & stopVentilation -> F(!PCVMode)),False
ADARULE,98,PCV Mode: The transition from PCV to VentilationOff shall occur if the user stops the ventilation in PCV mode.,!(stopVentilation) U ((stopVentilation) & G(PCVMode -> F(StandbyMode))),G(PCVMode & stopVentilation -> F(!PCVMode)),False
ADARULE,98,PCV Mode: The transition from PCV to VentilationOff shall occur if the user stops the ventilation in PCV mode.,!(stopVentilation) U ((stopVentilation) & G(PCVMode -> F(StandbyMode))),G(PCVMode & stopVentilation -> F(!PCVMode)),False
ADARULE,98,PCV Mode: The transition from PCV to VentilationOff shall occur if the user stops the ventilation in PCV mode.,!(stopVentilation) U ((stopVentilation) & G(PCVMode -> F(StandbyMode))),G(PCVMode & stopVentilation -> F(!PCVMode)),False
ADARULE,98,PCV Mode: The transition from PCV to VentilationOff shall occur if the user stops the ventilation in PCV mode.,!(stopVentilation) U ((stopVentilation) & G(PCVMode -> F(StandbyMode))),G(PCVMode & stopVentilation -> F(!PCVMode)),False
ADARULE,98,PCV Mode: The transition from PCV to VentilationOff shall occur if the user stops the ventilation in PCV mode.,!(stopVentilation) U ((stopVentilation) & G(PCVMode -> F(StandbyMode))),G(PCVMode & stopVentilation -> F(!PCVMode)),False
ADARULE,98,PCV Mode: The transition from PCV to VentilationOff shall occur if the user stops the ventilation in PCV mode.,!(stopVentilation) U ((stopVentilation) & G(PCVMode -> F(StandbyMode))),G(PCVMode & stopVentilation -> F(!PCVMode)),False
ADARULE,98,PCV Mode: The transition from PCV to VentilationOff shall occur if the user stops the ventilation in PCV mode.,!(stopVentilation) U ((stopVentilation) & G(PCVMode -> F(StandbyMode))),G(PCVMode & stopVentilation -> F(!PCVMode)),False
ADARULE,98,PCV Mode: The transition from PCV to VentilationOff shall occur if the user stops the ventilation in PCV mode.,!(stopVentilation) U ((stopVentilation) & G(PCVMode -> F(StandbyMode))),G(PCVMode & stopVentilation -> F(!PCVMode)),False
ADARULE,98,PCV Mode: The transition from PCV to VentilationOff shall occur if the user stops the ventilation in PCV mode.,!(stopVentilation) U ((stopVentilation) & G(PCVMode -> F(StandbyMode))),G(PCVMode & stopVentilation -> F(!PCVMode)),False
ADARULE,98,PCV Mode: The transition from PCV to VentilationOff shall occur if the user stops the ventilation in PCV mode.,!(stopVentilation) U ((stopVentilation) & G(PCVMode -> F(StandbyMode))),G(PCVMode & stopVentilation -> F(!PCVMode)),False
ADARULE,98,PCV Mode: The transition from PCV to VentilationOff shall occur if the user stops the ventilation in PCV mode.,!(stopVentilation) U ((stopVentilation) & G(PCVMode -> F(StandbyMode))),G(PCVMode & stopVentilation -> F(!PCVMode)),False
ADARULE,98,PCV Mode: The transition from PCV to VentilationOff shall occur if the user stops the ventilation in PCV mode.,!(stopVentilation) U ((stopVentilation) & G(PCVMode -> F(StandbyMode))),G(PCVMode & stopVentilation -> F(!PCVMode)),False
ADARULE,98,PCV Mode: The transition from PCV to VentilationOff shall occur if the user stops the ventilation in PCV mode.,!(stopVentilation) U ((stopVentilation) & G(PCVMode -> F(StandbyMode))),G(PCVMode & stopVentilation -> F(!PCVMode)),False
ADARULE,98,PCV Mode: The transition from PCV to VentilationOff shall occur if the user stops the ventilation in PCV mode.,!(stopVentilation) U ((stopVentilation) & G(PCVMode -> F(StandbyMode))),G(PCVMode & stopVentilation -> F(!PCVMode)),False
ADARULE,117,In PSV mode the breathing cycle shall be initiated by a sudden drop in pressure below a user-settable threshold (Inhale Trigger Sensitivity),!(dropPAW_greaterThan_ITS_PSV) U ((dropPAW_greaterThan_ITS_PSV) & G(PSVMode -> (breathingCycleStart))),G(PSVMode -> (breathingCycleStart -> dropPAW_greaterThan_ITS_PSV)),False
ADARULE,117,In PSV mode the breathing cycle shall be initiated by a sudden drop in pressure below a user-settable threshold (Inhale Trigger Sensitivity),!(dropPAW_greaterThan_ITS_PSV) U ((dropPAW_greaterThan_ITS_PSV) & G(PSVMode -> (breathingCycleStart))),G(PSVMode -> (breathingCycleStart -> dropPAW_greaterThan_ITS_PSV)),False
ADARULE,117,In PSV mode the breathing cycle shall be initiated by a sudden drop in pressure below a user-settable threshold (Inhale Trigger Sensitivity),!(dropPAW_greaterThan_ITS_PSV) U ((dropPAW_greaterThan_ITS_PSV) & G(PSVMode -> (breathingCycleStart))),G(PSVMode -> (breathingCycleStart -> dropPAW_greaterThan_ITS_PSV)),False
ADARULE,117,In PSV mode the breathing cycle shall be initiated by a sudden drop in pressure below a user-settable threshold (Inhale Trigger Sensitivity),!(dropPAW_greaterThan_ITS_PSV) U ((dropPAW_greaterThan_ITS_PSV) & G(PSVMode -> (breathingCycleStart))),G(PSVMode -> (breathingCycleStart -> dropPAW_greaterThan_ITS_PSV)),False
ADARULE,117,In PSV mode the breathing cycle shall be initiated by a sudden drop in pressure below a user-settable threshold (Inhale Trigger Sensitivity),!(dropPAW_greaterThan_ITS_PSV) U ((dropPAW_greaterThan_ITS_PSV) & G(PSVMode -> (breathingCycleStart))),G(PSVMode -> (breathingCycleStart -> dropPAW_greaterThan_ITS_PSV)),False
ADARULE,117,In PSV mode the breathing cycle shall be initiated by a sudden drop in pressure below a user-settable threshold (Inhale Trigger Sensitivity),!(dropPAW_greaterThan_ITS_PSV) U ((dropPAW_greaterThan_ITS_PSV) & G(PSVMode -> (breathingCycleStart))),G(PSVMode -> (breathingCycleStart -> dropPAW_greaterThan_ITS_PSV)),False
ADARULE,117,In PSV mode the breathing cycle shall be initiated by a sudden drop in pressure below a user-settable threshold (Inhale Trigger Sensitivity),!(dropPAW_greaterThan_ITS_PSV) U ((dropPAW_greaterThan_ITS_PSV) & G(PSVMode -> (breathingCycleStart))),G(PSVMode -> (breathingCycleStart -> dropPAW_greaterThan_ITS_PSV)),False
ADARULE,117,In PSV mode the breathing cycle shall be initiated by a sudden drop in pressure below a user-settable threshold (Inhale Trigger Sensitivity),!(dropPAW_greaterThan_ITS_PSV) U ((dropPAW_greaterThan_ITS_PSV) & G(PSVMode -> (breathingCycleStart))),G(PSVMode -> (breathingCycleStart -> dropPAW_greaterThan_ITS_PSV)),False
ADARULE,117,In PSV mode the breathing cycle shall be initiated by a sudden drop in pressure below a user-settable threshold (Inhale Trigger Sensitivity),!(dropPAW_greaterThan_ITS_PSV) U ((dropPAW_greaterThan_ITS_PSV) & G(PSVMode -> (breathingCycleStart))),G(PSVMode -> (breathingCycleStart -> dropPAW_greaterThan_ITS_PSV)),False
ADARULE,117,In PSV mode the breathing cycle shall be initiated by a sudden drop in pressure below a user-settable threshold (Inhale Trigger Sensitivity),!(dropPAW_greaterThan_ITS_PSV) U ((dropPAW_greaterThan_ITS_PSV) & G(PSVMode -> (breathingCycleStart))),G(PSVMode -> (breathingCycleStart -> dropPAW_greaterThan_ITS_PSV)),False
ADARULE,117,In PSV mode the breathing cycle shall be initiated by a sudden drop in pressure below a user-settable threshold (Inhale Trigger Sensitivity),!(dropPAW_greaterThan_ITS_PSV) U ((dropPAW_greaterThan_ITS_PSV) & G(PSVMode -> (breathingCycleStart))),G(PSVMode -> (breathingCycleStart -> dropPAW_greaterThan_ITS_PSV)),False
ADARULE,117,In PSV mode the breathing cycle shall be initiated by a sudden drop in pressure below a user-settable threshold (Inhale Trigger Sensitivity),!(dropPAW_greaterThan_ITS_PSV) U ((dropPAW_greaterThan_ITS_PSV) & G(PSVMode -> (breathingCycleStart))),G(PSVMode -> (breathingCycleStart -> dropPAW_greaterThan_ITS_PSV)),False
ADARULE,117,In PSV mode the breathing cycle shall be initiated by a sudden drop in pressure below a user-settable threshold (Inhale Trigger Sensitivity),!(dropPAW_greaterThan_ITS_PSV) U ((dropPAW_greaterThan_ITS_PSV) & G(PSVMode -> (breathingCycleStart))),G(PSVMode -> (breathingCycleStart -> dropPAW_greaterThan_ITS_PSV)),False
ADARULE,117,In PSV mode the breathing cycle shall be initiated by a sudden drop in pressure below a user-settable threshold (Inhale Trigger Sensitivity),!(dropPAW_greaterThan_ITS_PSV) U ((dropPAW_greaterThan_ITS_PSV) & G(PSVMode -> (breathingCycleStart))),G(PSVMode -> (breathingCycleStart -> dropPAW_greaterThan_ITS_PSV)),False
ADARULE,117,In PSV mode the breathing cycle shall be initiated by a sudden drop in pressure below a user-settable threshold (Inhale Trigger Sensitivity),!(dropPAW_greaterThan_ITS_PSV) U ((dropPAW_greaterThan_ITS_PSV) & G(PSVMode -> (breathingCycleStart))),G(PSVMode -> (breathingCycleStart -> dropPAW_greaterThan_ITS_PSV)),False
ADARULE,117,In PSV mode the breathing cycle shall be initiated by a sudden drop in pressure below a user-settable threshold (Inhale Trigger Sensitivity),!(dropPAW_greaterThan_ITS_PSV) U ((dropPAW_greaterThan_ITS_PSV) & G(PSVMode -> (breathingCycleStart))),G(PSVMode -> (breathingCycleStart -> dropPAW_greaterThan_ITS_PSV)),False
ADARULE,117,In PSV mode the breathing cycle shall be initiated by a sudden drop in pressure below a user-settable threshold (Inhale Trigger Sensitivity),!(dropPAW_greaterThan_ITS_PSV) U ((dropPAW_greaterThan_ITS_PSV) & G(PSVMode -> (breathingCycleStart))),G(PSVMode -> (breathingCycleStart -> dropPAW_greaterThan_ITS_PSV)),False
ADARULE,117,In PSV mode the breathing cycle shall be initiated by a sudden drop in pressure below a user-settable threshold (Inhale Trigger Sensitivity),!(dropPAW_greaterThan_ITS_PSV) U ((dropPAW_greaterThan_ITS_PSV) & G(PSVMode -> (breathingCycleStart))),G(PSVMode -> (breathingCycleStart -> dropPAW_greaterThan_ITS_PSV)),False
ADARULE,117,In PSV mode the breathing cycle shall be initiated by a sudden drop in pressure below a user-settable threshold (Inhale Trigger Sensitivity),!(dropPAW_greaterThan_ITS_PSV) U ((dropPAW_greaterThan_ITS_PSV) & G(PSVMode -> (breathingCycleStart))),G(PSVMode -> (breathingCycleStart -> dropPAW_greaterThan_ITS_PSV)),False
ADARULE,117,In PSV mode the breathing cycle shall be initiated by a sudden drop in pressure below a user-settable threshold (Inhale Trigger Sensitivity),!(dropPAW_greaterThan_ITS_PSV) U ((dropPAW_greaterThan_ITS_PSV) & G(PSVMode -> (breathingCycleStart))),G(PSVMode -> (breathingCycleStart -> dropPAW_greaterThan_ITS_PSV)),False
ADARULE,117,In PSV mode the breathing cycle shall be initiated by a sudden drop in pressure below a user-settable threshold (Inhale Trigger Sensitivity),!(dropPAW_greaterThan_ITS_PSV) U ((dropPAW_greaterThan_ITS_PSV) & G(PSVMode -> (breathingCycleStart))),G(PSVMode -> (breathingCycleStart -> dropPAW_greaterThan_ITS_PSV)),False
ADARULE,117,In PSV mode the breathing cycle shall be initiated by a sudden drop in pressure below a user-settable threshold (Inhale Trigger Sensitivity),!(dropPAW_greaterThan_ITS_PSV) U ((dropPAW_greaterThan_ITS_PSV) & G(PSVMode -> (breathingCycleStart))),G(PSVMode -> (breathingCycleStart -> dropPAW_greaterThan_ITS_PSV)),False
ADARULE,117,In PSV mode the breathing cycle shall be initiated by a sudden drop in pressure below a user-settable threshold (Inhale Trigger Sensitivity),!(dropPAW_greaterThan_ITS_PSV) U ((dropPAW_greaterThan_ITS_PSV) & G(PSVMode -> (breathingCycleStart))),G(PSVMode -> (breathingCycleStart -> dropPAW_greaterThan_ITS_PSV)),False
ADARULE,117,In PSV mode the breathing cycle shall be initiated by a sudden drop in pressure below a user-settable threshold (Inhale Trigger Sensitivity),!(dropPAW_greaterThan_ITS_PSV) U ((dropPAW_greaterThan_ITS_PSV) & G(PSVMode -> (breathingCycleStart))),G(PSVMode -> (breathingCycleStart -> dropPAW_greaterThan_ITS_PSV)),False
ADARULE,117,In PSV mode the breathing cycle shall be initiated by a sudden drop in pressure below a user-settable threshold (Inhale Trigger Sensitivity),!(dropPAW_greaterThan_ITS_PSV) U ((dropPAW_greaterThan_ITS_PSV) & G(PSVMode -> (breathingCycleStart))),G(PSVMode -> (breathingCycleStart -> dropPAW_greaterThan_ITS_PSV)),False
ADARULE,117,In PSV mode the breathing cycle shall be initiated by a sudden drop in pressure below a user-settable threshold (Inhale Trigger Sensitivity),!(dropPAW_greaterThan_ITS_PSV) U ((dropPAW_greaterThan_ITS_PSV) & G(PSVMode -> (breathingCycleStart))),G(PSVMode -> (breathingCycleStart -> dropPAW_greaterThan_ITS_PSV)),False
ADARULE,117,In PSV mode the breathing cycle shall be initiated by a sudden drop in pressure below a user-settable threshold (Inhale Trigger Sensitivity),!(dropPAW_greaterThan_ITS_PSV) U ((dropPAW_greaterThan_ITS_PSV) & G(PSVMode -> (breathingCycleStart))),G(PSVMode -> (breathingCycleStart -> dropPAW_greaterThan_ITS_PSV)),False
ADARULE,117,In PSV mode the breathing cycle shall be initiated by a sudden drop in pressure below a user-settable threshold (Inhale Trigger Sensitivity),!(dropPAW_greaterThan_ITS_PSV) U ((dropPAW_greaterThan_ITS_PSV) & G(PSVMode -> (breathingCycleStart))),G(PSVMode -> (breathingCycleStart -> dropPAW_greaterThan_ITS_PSV)),False
ADARULE,117,In PSV mode the breathing cycle shall be initiated by a sudden drop in pressure below a user-settable threshold (Inhale Trigger Sensitivity),!(dropPAW_greaterThan_ITS_PSV) U ((dropPAW_greaterThan_ITS_PSV) & G(PSVMode -> (breathingCycleStart))),G(PSVMode -> (breathingCycleStart -> dropPAW_greaterThan_ITS_PSV)),False
ADARULE,117,In PSV mode the breathing cycle shall be initiated by a sudden drop in pressure below a user-settable threshold (Inhale Trigger Sensitivity),!(dropPAW_greaterThan_ITS_PSV) U ((dropPAW_greaterThan_ITS_PSV) & G(PSVMode -> (breathingCycleStart))),G(PSVMode -> (breathingCycleStart -> dropPAW_greaterThan_ITS_PSV)),False
ADARULE,117,In PSV mode the breathing cycle shall be initiated by a sudden drop in pressure below a user-settable threshold (Inhale Trigger Sensitivity),!(dropPAW_greaterThan_ITS_PSV) U ((dropPAW_greaterThan_ITS_PSV) & G(PSVMode -> (breathingCycleStart))),G(PSVMode -> (breathingCycleStart -> dropPAW_greaterThan_ITS_PSV)),False
ADARULE,117,In PSV mode the breathing cycle shall be initiated by a sudden drop in pressure below a user-settable threshold (Inhale Trigger Sensitivity),!(dropPAW_greaterThan_ITS_PSV) U ((dropPAW_greaterThan_ITS_PSV) & G(PSVMode -> (breathingCycleStart))),G(PSVMode -> (breathingCycleStart -> dropPAW_greaterThan_ITS_PSV)),False
ADARULE,117,In PSV mode the breathing cycle shall be initiated by a sudden drop in pressure below a user-settable threshold (Inhale Trigger Sensitivity),!(dropPAW_greaterThan_ITS_PSV) U ((dropPAW_greaterThan_ITS_PSV) & G(PSVMode -> (breathingCycleStart))),G(PSVMode -> (breathingCycleStart -> dropPAW_greaterThan_ITS_PSV)),False
ADARULE,117,In PSV mode the breathing cycle shall be initiated by a sudden drop in pressure below a user-settable threshold (Inhale Trigger Sensitivity),!(dropPAW_greaterThan_ITS_PSV) U ((dropPAW_greaterThan_ITS_PSV) & G(PSVMode -> (breathingCycleStart))),G(PSVMode -> (dropPAW_greaterThan_ITS_PSV -> X breathingCycleStart)),False
ADARULE,117,In PSV mode the breathing cycle shall be initiated by a sudden drop in pressure below a user-settable threshold (Inhale Trigger Sensitivity),!(dropPAW_greaterThan_ITS_PSV) U ((dropPAW_greaterThan_ITS_PSV) & G(PSVMode -> (breathingCycleStart))),G(PSVMode -> (breathingCycleStart -> dropPAW_greaterThan_ITS_PSV)),False
ADARULE,117,In PSV mode the breathing cycle shall be initiated by a sudden drop in pressure below a user-settable threshold (Inhale Trigger Sensitivity),!(dropPAW_greaterThan_ITS_PSV) U ((dropPAW_greaterThan_ITS_PSV) & G(PSVMode -> (breathingCycleStart))),G(PSVMode -> (breathingCycleStart -> dropPAW_greaterThan_ITS_PSV)),False
ADARULE,117,In PSV mode the breathing cycle shall be initiated by a sudden drop in pressure below a user-settable threshold (Inhale Trigger Sensitivity),!(dropPAW_greaterThan_ITS_PSV) U ((dropPAW_greaterThan_ITS_PSV) & G(PSVMode -> (breathingCycleStart))),G(PSVMode -> (breathingCycleStart -> dropPAW_greaterThan_ITS_PSV)),False
ADARULE,117,In PSV mode the breathing cycle shall be initiated by a sudden drop in pressure below a user-settable threshold (Inhale Trigger Sensitivity),!(dropPAW_greaterThan_ITS_PSV) U ((dropPAW_greaterThan_ITS_PSV) & G(PSVMode -> (breathingCycleStart))),G(PSVMode -> (breathingCycleStart -> dropPAW_greaterThan_ITS_PSV)),False
ADARULE,117,In PSV mode the breathing cycle shall be initiated by a sudden drop in pressure below a user-settable threshold (Inhale Trigger Sensitivity),!(dropPAW_greaterThan_ITS_PSV) U ((dropPAW_greaterThan_ITS_PSV) & G(PSVMode -> (breathingCycleStart))),G(PSVMode -> (breathingCycleStart -> dropPAW_greaterThan_ITS_PSV)),False
ADARULE,117,In PSV mode the breathing cycle shall be initiated by a sudden drop in pressure below a user-settable threshold (Inhale Trigger Sensitivity),!(dropPAW_greaterThan_ITS_PSV) U ((dropPAW_greaterThan_ITS_PSV) & G(PSVMode -> (breathingCycleStart))),G(PSVMode -> (breathingCycleStart -> dropPAW_greaterThan_ITS_PSV)),False
ADARULE,117,In PSV mode the breathing cycle shall be initiated by a sudden drop in pressure below a user-settable threshold (Inhale Trigger Sensitivity),!(dropPAW_greaterThan_ITS_PSV) U ((dropPAW_greaterThan_ITS_PSV) & G(PSVMode -> (breathingCycleStart))),G(PSVMode -> (breathingCycleStart -> dropPAW_greaterThan_ITS_PSV)),False
ADARULE,117,In PSV mode the breathing cycle shall be initiated by a sudden drop in pressure below a user-settable threshold (Inhale Trigger Sensitivity),!(dropPAW_greaterThan_ITS_PSV) U ((dropPAW_greaterThan_ITS_PSV) & G(PSVMode -> (breathingCycleStart))),G(PSVMode -> (breathingCycleStart -> dropPAW_greaterThan_ITS_PSV)),False
ADARULE,117,In PSV mode the breathing cycle shall be initiated by a sudden drop in pressure below a user-settable threshold (Inhale Trigger Sensitivity),!(dropPAW_greaterThan_ITS_PSV) U ((dropPAW_greaterThan_ITS_PSV) & G(PSVMode -> (breathingCycleStart))),G(PSVMode -> (breathingCycleStart -> dropPAW_greaterThan_ITS_PSV)),False
ADARULE,117,In PSV mode the breathing cycle shall be initiated by a sudden drop in pressure below a user-settable threshold (Inhale Trigger Sensitivity),!(dropPAW_greaterThan_ITS_PSV) U ((dropPAW_greaterThan_ITS_PSV) & G(PSVMode -> (breathingCycleStart))),G(PSVMode -> (breathingCycleStart -> dropPAW_greaterThan_ITS_PSV)),False
ADARULE,117,In PSV mode the breathing cycle shall be initiated by a sudden drop in pressure below a user-settable threshold (Inhale Trigger Sensitivity),!(dropPAW_greaterThan_ITS_PSV) U ((dropPAW_greaterThan_ITS_PSV) & G(PSVMode -> (breathingCycleStart))),G(PSVMode -> (breathingCycleStart -> dropPAW_greaterThan_ITS_PSV)),False
ADARULE,117,In PSV mode the breathing cycle shall be initiated by a sudden drop in pressure below a user-settable threshold (Inhale Trigger Sensitivity),!(dropPAW_greaterThan_ITS_PSV) U ((dropPAW_greaterThan_ITS_PSV) & G(PSVMode -> (breathingCycleStart))),G(PSVMode -> (breathingCycleStart -> dropPAW_greaterThan_ITS_PSV)),False
ADARULE,117,In PSV mode the breathing cycle shall be initiated by a sudden drop in pressure below a user-settable threshold (Inhale Trigger Sensitivity),!(dropPAW_greaterThan_ITS_PSV) U ((dropPAW_greaterThan_ITS_PSV) & G(PSVMode -> (breathingCycleStart))),G(PSVMode -> (breathingCycleStart -> dropPAW_greaterThan_ITS_PSV)),False
ADARULE,117,In PSV mode the breathing cycle shall be initiated by a sudden drop in pressure below a user-settable threshold (Inhale Trigger Sensitivity),!(dropPAW_greaterThan_ITS_PSV) U ((dropPAW_greaterThan_ITS_PSV) & G(PSVMode -> (breathingCycleStart))),G(PSVMode -> (breathingCycleStart -> dropPAW_greaterThan_ITS_PSV)),False
ADARULE,117,In PSV mode the breathing cycle shall be initiated by a sudden drop in pressure below a user-settable threshold (Inhale Trigger Sensitivity),!(dropPAW_greaterThan_ITS_PSV) U ((dropPAW_greaterThan_ITS_PSV) & G(PSVMode -> (breathingCycleStart))),G(PSVMode -> (breathingCycleStart -> dropPAW_greaterThan_ITS_PSV)),False
ADARULE,117,In PSV mode the breathing cycle shall be initiated by a sudden drop in pressure below a user-settable threshold (Inhale Trigger Sensitivity),!(dropPAW_greaterThan_ITS_PSV) U ((dropPAW_greaterThan_ITS_PSV) & G(PSVMode -> (breathingCycleStart))),G(PSVMode -> (breathingCycleStart -> dropPAW_greaterThan_ITS_PSV)),False
ADARULE,117,In PSV mode the breathing cycle shall be initiated by a sudden drop in pressure below a user-settable threshold (Inhale Trigger Sensitivity),!(dropPAW_greaterThan_ITS_PSV) U ((dropPAW_greaterThan_ITS_PSV) & G(PSVMode -> (breathingCycleStart))),G(PSVMode -> (breathingCycleStart -> dropPAW_greaterThan_ITS_PSV)),False
ADARULE,117,In PSV mode the breathing cycle shall be initiated by a sudden drop in pressure below a user-settable threshold (Inhale Trigger Sensitivity),!(dropPAW_greaterThan_ITS_PSV) U ((dropPAW_greaterThan_ITS_PSV) & G(PSVMode -> (breathingCycleStart))),G(PSVMode -> (breathingCycleStart -> dropPAW_greaterThan_ITS_PSV)),False
ADARULE,117,In PSV mode the breathing cycle shall be initiated by a sudden drop in pressure below a user-settable threshold (Inhale Trigger Sensitivity),!(dropPAW_greaterThan_ITS_PSV) U ((dropPAW_greaterThan_ITS_PSV) & G(PSVMode -> (breathingCycleStart))),G(PSVMode -> (breathingCycleStart -> dropPAW_greaterThan_ITS_PSV)),False
ADARULE,117,In PSV mode the breathing cycle shall be initiated by a sudden drop in pressure below a user-settable threshold (Inhale Trigger Sensitivity),!(dropPAW_greaterThan_ITS_PSV) U ((dropPAW_greaterThan_ITS_PSV) & G(PSVMode -> (breathingCycleStart))),G(PSVMode -> (breathingCycleStart -> dropPAW_greaterThan_ITS_PSV)),False
ADARULE,117,In PSV mode the breathing cycle shall be initiated by a sudden drop in pressure below a user-settable threshold (Inhale Trigger Sensitivity),!(dropPAW_greaterThan_ITS_PSV) U ((dropPAW_greaterThan_ITS_PSV) & G(PSVMode -> (breathingCycleStart))),G(PSVMode -> (breathingCycleStart -> dropPAW_greaterThan_ITS_PSV)),False
ADARULE,117,In PSV mode the breathing cycle shall be initiated by a sudden drop in pressure below a user-settable threshold (Inhale Trigger Sensitivity),!(dropPAW_greaterThan_ITS_PSV) U ((dropPAW_greaterThan_ITS_PSV) & G(PSVMode -> (breathingCycleStart))),G(PSVMode -> (breathingCycleStart -> dropPAW_greaterThan_ITS_PSV)),False
ADARULE,117,In PSV mode the breathing cycle shall be initiated by a sudden drop in pressure below a user-settable threshold (Inhale Trigger Sensitivity),!(dropPAW_greaterThan_ITS_PSV) U ((dropPAW_greaterThan_ITS_PSV) & G(PSVMode -> (breathingCycleStart))),G(PSVMode -> (breathingCycleStart -> dropPAW_greaterThan_ITS_PSV)),False
ADARULE,117,In PSV mode the breathing cycle shall be initiated by a sudden drop in pressure below a user-settable threshold (Inhale Trigger Sensitivity),!(dropPAW_greaterThan_ITS_PSV) U ((dropPAW_greaterThan_ITS_PSV) & G(PSVMode -> (breathingCycleStart))),G(PSVMode -> (breathingCycleStart -> dropPAW_greaterThan_ITS_PSV)),False
ADARULE,117,In PSV mode the breathing cycle shall be initiated by a sudden drop in pressure below a user-settable threshold (Inhale Trigger Sensitivity),!(dropPAW_greaterThan_ITS_PSV) U ((dropPAW_greaterThan_ITS_PSV) & G(PSVMode -> (breathingCycleStart))),G(PSVMode -> (breathingCycleStart -> dropPAW_greaterThan_ITS_PSV)),False
ADARULE,117,In PSV mode the breathing cycle shall be initiated by a sudden drop in pressure below a user-settable threshold (Inhale Trigger Sensitivity),!(dropPAW_greaterThan_ITS_PSV) U ((dropPAW_greaterThan_ITS_PSV) & G(PSVMode -> (breathingCycleStart))),G(PSVMode -> (breathingCycleStart -> dropPAW_greaterThan_ITS_PSV)),False
ADARULE,117,In PSV mode the breathing cycle shall be initiated by a sudden drop in pressure below a user-settable threshold (Inhale Trigger Sensitivity),!(dropPAW_greaterThan_ITS_PSV) U ((dropPAW_greaterThan_ITS_PSV) & G(PSVMode -> (breathingCycleStart))),G(PSVMode -> (breathingCycleStart -> dropPAW_greaterThan_ITS_PSV)),False
ADARULE,117,In PSV mode the breathing cycle shall be initiated by a sudden drop in pressure below a user-settable threshold (Inhale Trigger Sensitivity),!(dropPAW_greaterThan_ITS_PSV) U ((dropPAW_greaterThan_ITS_PSV) & G(PSVMode -> (breathingCycleStart))),G(PSVMode -> (breathingCycleStart -> dropPAW_greaterThan_ITS_PSV)),False
ADARULE,117,In PSV mode the breathing cycle shall be initiated by a sudden drop in pressure below a user-settable threshold (Inhale Trigger Sensitivity),!(dropPAW_greaterThan_ITS_PSV) U ((dropPAW_greaterThan_ITS_PSV) & G(PSVMode -> (breathingCycleStart))),G(PSVMode -> (breathingCycleStart -> dropPAW_greaterThan_ITS_PSV)),False
ADARULE,117,In PSV mode the breathing cycle shall be initiated by a sudden drop in pressure below a user-settable threshold (Inhale Trigger Sensitivity),!(dropPAW_greaterThan_ITS_PSV) U ((dropPAW_greaterThan_ITS_PSV) & G(PSVMode -> (breathingCycleStart))),G(PSVMode -> (breathingCycleStart -> dropPAW_greaterThan_ITS_PSV)),False
ADARULE,117,In PSV mode the breathing cycle shall be initiated by a sudden drop in pressure below a user-settable threshold (Inhale Trigger Sensitivity),!(dropPAW_greaterThan_ITS_PSV) U ((dropPAW_greaterThan_ITS_PSV) & G(PSVMode -> (breathingCycleStart))),G(PSVMode -> (dropPAW_greaterThan_ITS_PSV -> X breathingCycleStart)),False
ADARULE,117,In PSV mode the breathing cycle shall be initiated by a sudden drop in pressure below a user-settable threshold (Inhale Trigger Sensitivity),!(dropPAW_greaterThan_ITS_PSV) U ((dropPAW_greaterThan_ITS_PSV) & G(PSVMode -> (breathingCycleStart))),G(PSVMode -> (breathingCycleStart -> dropPAW_greaterThan_ITS_PSV)),False
ADARULE,117,In PSV mode the breathing cycle shall be initiated by a sudden drop in pressure below a user-settable threshold (Inhale Trigger Sensitivity),!(dropPAW_greaterThan_ITS_PSV) U ((dropPAW_greaterThan_ITS_PSV) & G(PSVMode -> (breathingCycleStart))),G(PSVMode -> (breathingCycleStart -> dropPAW_greaterThan_ITS_PSV)),False
ADARULE,117,In PSV mode the breathing cycle shall be initiated by a sudden drop in pressure below a user-settable threshold (Inhale Trigger Sensitivity),!(dropPAW_greaterThan_ITS_PSV) U ((dropPAW_greaterThan_ITS_PSV) & G(PSVMode -> (breathingCycleStart))),G(PSVMode -> (breathingCycleStart -> dropPAW_greaterThan_ITS_PSV)),False
ADARULE,117,In PSV mode the breathing cycle shall be initiated by a sudden drop in pressure below a user-settable threshold (Inhale Trigger Sensitivity),!(dropPAW_greaterThan_ITS_PSV) U ((dropPAW_greaterThan_ITS_PSV) & G(PSVMode -> (breathingCycleStart))),G(PSVMode -> (breathingCycleStart -> dropPAW_greaterThan_ITS_PSV)),False
ADARULE,117,In PSV mode the breathing cycle shall be initiated by a sudden drop in pressure below a user-settable threshold (Inhale Trigger Sensitivity),!(dropPAW_greaterThan_ITS_PSV) U ((dropPAW_greaterThan_ITS_PSV) & G(PSVMode -> (breathingCycleStart))),G(PSVMode -> (breathingCycleStart -> dropPAW_greaterThan_ITS_PSV)),False
ADARULE,117,In PSV mode the breathing cycle shall be initiated by a sudden drop in pressure below a user-settable threshold (Inhale Trigger Sensitivity),!(dropPAW_greaterThan_ITS_PSV) U ((dropPAW_greaterThan_ITS_PSV) & G(PSVMode -> (breathingCycleStart))),G(PSVMode -> (breathingCycleStart -> dropPAW_greaterThan_ITS_PSV)),False
ADARULE,117,In PSV mode the breathing cycle shall be initiated by a sudden drop in pressure below a user-settable threshold (Inhale Trigger Sensitivity),!(dropPAW_greaterThan_ITS_PSV) U ((dropPAW_greaterThan_ITS_PSV) & G(PSVMode -> (breathingCycleStart))),G(PSVMode -> (breathingCycleStart -> dropPAW_greaterThan_ITS_PSV)),False
ADARULE,117,In PSV mode the breathing cycle shall be initiated by a sudden drop in pressure below a user-settable threshold (Inhale Trigger Sensitivity),!(dropPAW_greaterThan_ITS_PSV) U ((dropPAW_greaterThan_ITS_PSV) & G(PSVMode -> (breathingCycleStart))),G(PSVMode -> (breathingCycleStart -> dropPAW_greaterThan_ITS_PSV)),False
ADARULE,117,In PSV mode the breathing cycle shall be initiated by a sudden drop in pressure below a user-settable threshold (Inhale Trigger Sensitivity),!(dropPAW_greaterThan_ITS_PSV) U ((dropPAW_greaterThan_ITS_PSV) & G(PSVMode -> (breathingCycleStart))),G(PSVMode -> (breathingCycleStart -> dropPAW_greaterThan_ITS_PSV)),False
ADARULE,117,In PSV mode the breathing cycle shall be initiated by a sudden drop in pressure below a user-settable threshold (Inhale Trigger Sensitivity),!(dropPAW_greaterThan_ITS_PSV) U ((dropPAW_greaterThan_ITS_PSV) & G(PSVMode -> (breathingCycleStart))),G(PSVMode -> (breathingCycleStart -> dropPAW_greaterThan_ITS_PSV)),False
ADARULE,117,In PSV mode the breathing cycle shall be initiated by a sudden drop in pressure below a user-settable threshold (Inhale Trigger Sensitivity),!(dropPAW_greaterThan_ITS_PSV) U ((dropPAW_greaterThan_ITS_PSV) & G(PSVMode -> (breathingCycleStart))),G(PSVMode -> (breathingCycleStart -> dropPAW_greaterThan_ITS_PSV)),False
ADARULE,117,In PSV mode the breathing cycle shall be initiated by a sudden drop in pressure below a user-settable threshold (Inhale Trigger Sensitivity),!(dropPAW_greaterThan_ITS_PSV) U ((dropPAW_greaterThan_ITS_PSV) & G(PSVMode -> (breathingCycleStart))),G(PSVMode -> (breathingCycleStart -> dropPAW_greaterThan_ITS_PSV)),False
ADARULE,117,In PSV mode the breathing cycle shall be initiated by a sudden drop in pressure below a user-settable threshold (Inhale Trigger Sensitivity),!(dropPAW_greaterThan_ITS_PSV) U ((dropPAW_greaterThan_ITS_PSV) & G(PSVMode -> (breathingCycleStart))),G(PSVMode -> (breathingCycleStart -> dropPAW_greaterThan_ITS_PSV)),False
ADARULE,117,In PSV mode the breathing cycle shall be initiated by a sudden drop in pressure below a user-settable threshold (Inhale Trigger Sensitivity),!(dropPAW_greaterThan_ITS_PSV) U ((dropPAW_greaterThan_ITS_PSV) & G(PSVMode -> (breathingCycleStart))),G(PSVMode -> (breathingCycleStart -> dropPAW_greaterThan_ITS_PSV)),False
ADARULE,117,In PSV mode the breathing cycle shall be initiated by a sudden drop in pressure below a user-settable threshold (Inhale Trigger Sensitivity),!(dropPAW_greaterThan_ITS_PSV) U ((dropPAW_greaterThan_ITS_PSV) & G(PSVMode -> (breathingCycleStart))),G(PSVMode -> (breathingCycleStart -> dropPAW_greaterThan_ITS_PSV)),False
ADARULE,117,In PSV mode the breathing cycle shall be initiated by a sudden drop in pressure below a user-settable threshold (Inhale Trigger Sensitivity),!(dropPAW_greaterThan_ITS_PSV) U ((dropPAW_greaterThan_ITS_PSV) & G(PSVMode -> (breathingCycleStart))),G(PSVMode -> (breathingCycleStart -> dropPAW_greaterThan_ITS_PSV)),False
ADARULE,117,In PSV mode the breathing cycle shall be initiated by a sudden drop in pressure below a user-settable threshold (Inhale Trigger Sensitivity),!(dropPAW_greaterThan_ITS_PSV) U ((dropPAW_greaterThan_ITS_PSV) & G(PSVMode -> (breathingCycleStart))),G(PSVMode -> (breathingCycleStart -> dropPAW_greaterThan_ITS_PSV)),False
ADARULE,117,In PSV mode the breathing cycle shall be initiated by a sudden drop in pressure below a user-settable threshold (Inhale Trigger Sensitivity),!(dropPAW_greaterThan_ITS_PSV) U ((dropPAW_greaterThan_ITS_PSV) & G(PSVMode -> (breathingCycleStart))),G(PSVMode -> (breathingCycleStart -> dropPAW_greaterThan_ITS_PSV)),False
ADARULE,117,In PSV mode the breathing cycle shall be initiated by a sudden drop in pressure below a user-settable threshold (Inhale Trigger Sensitivity),!(dropPAW_greaterThan_ITS_PSV) U ((dropPAW_greaterThan_ITS_PSV) & G(PSVMode -> (breathingCycleStart))),G(PSVMode -> (breathingCycleStart -> dropPAW_greaterThan_ITS_PSV)),False
ADARULE,117,In PSV mode the breathing cycle shall be initiated by a sudden drop in pressure below a user-settable threshold (Inhale Trigger Sensitivity),!(dropPAW_greaterThan_ITS_PSV) U ((dropPAW_greaterThan_ITS_PSV) & G(PSVMode -> (breathingCycleStart))),G(PSVMode -> (breathingCycleStart -> dropPAW_greaterThan_ITS_PSV)),False
ADARULE,117,In PSV mode the breathing cycle shall be initiated by a sudden drop in pressure below a user-settable threshold (Inhale Trigger Sensitivity),!(dropPAW_greaterThan_ITS_PSV) U ((dropPAW_greaterThan_ITS_PSV) & G(PSVMode -> (breathingCycleStart))),G(PSVMode -> (breathingCycleStart -> dropPAW_greaterThan_ITS_PSV)),False
ADARULE,117,In PSV mode the breathing cycle shall be initiated by a sudden drop in pressure below a user-settable threshold (Inhale Trigger Sensitivity),!(dropPAW_greaterThan_ITS_PSV) U ((dropPAW_greaterThan_ITS_PSV) & G(PSVMode -> (breathingCycleStart))),G(PSVMode -> (breathingCycleStart -> dropPAW_greaterThan_ITS_PSV)),False
ADARULE,117,In PSV mode the breathing cycle shall be initiated by a sudden drop in pressure below a user-settable threshold (Inhale Trigger Sensitivity),!(dropPAW_greaterThan_ITS_PSV) U ((dropPAW_greaterThan_ITS_PSV) & G(PSVMode -> (breathingCycleStart))),G(PSVMode -> (breathingCycleStart -> dropPAW_greaterThan_ITS_PSV)),False
ADARULE,117,In PSV mode the breathing cycle shall be initiated by a sudden drop in pressure below a user-settable threshold (Inhale Trigger Sensitivity),!(dropPAW_greaterThan_ITS_PSV) U ((dropPAW_greaterThan_ITS_PSV) & G(PSVMode -> (breathingCycleStart))),G(PSVMode -> (breathingCycleStart -> dropPAW_greaterThan_ITS_PSV)),False
ADARULE,117,In PSV mode the breathing cycle shall be initiated by a sudden drop in pressure below a user-settable threshold (Inhale Trigger Sensitivity),!(dropPAW_greaterThan_ITS_PSV) U ((dropPAW_greaterThan_ITS_PSV) & G(PSVMode -> (breathingCycleStart))),G(PSVMode -> (breathingCycleStart -> dropPAW_greaterThan_ITS_PSV)),False
ADARULE,117,In PSV mode the breathing cycle shall be initiated by a sudden drop in pressure below a user-settable threshold (Inhale Trigger Sensitivity),!(dropPAW_greaterThan_ITS_PSV) U ((dropPAW_greaterThan_ITS_PSV) & G(PSVMode -> (breathingCycleStart))),G(PSVMode -> (breathingCycleStart -> dropPAW_greaterThan_ITS_PSV)),False
ADARULE,117,In PSV mode the breathing cycle shall be initiated by a sudden drop in pressure below a user-settable threshold (Inhale Trigger Sensitivity),!(dropPAW_greaterThan_ITS_PSV) U ((dropPAW_greaterThan_ITS_PSV) & G(PSVMode -> (breathingCycleStart))),G(PSVMode -> (breathingCycleStart -> dropPAW_greaterThan_ITS_PSV)),False
ADARULE,117,In PSV mode the breathing cycle shall be initiated by a sudden drop in pressure below a user-settable threshold (Inhale Trigger Sensitivity),!(dropPAW_greaterThan_ITS_PSV) U ((dropPAW_greaterThan_ITS_PSV) & G(PSVMode -> (breathingCycleStart))),G(PSVMode -> (breathingCycleStart -> dropPAW_greaterThan_ITS_PSV)),False
ADARULE,117,In PSV mode the breathing cycle shall be initiated by a sudden drop in pressure below a user-settable threshold (Inhale Trigger Sensitivity),!(dropPAW_greaterThan_ITS_PSV) U ((dropPAW_greaterThan_ITS_PSV) & G(PSVMode -> (breathingCycleStart))),G(PSVMode -> (breathingCycleStart -> dropPAW_greaterThan_ITS_PSV)),False
ADARULE,117,In PSV mode the breathing cycle shall be initiated by a sudden drop in pressure below a user-settable threshold (Inhale Trigger Sensitivity),!(dropPAW_greaterThan_ITS_PSV) U ((dropPAW_greaterThan_ITS_PSV) & G(PSVMode -> (breathingCycleStart))),G(PSVMode -> (breathingCycleStart -> dropPAW_greaterThan_ITS_PSV)),False
ADARULE,117,In PSV mode the breathing cycle shall be initiated by a sudden drop in pressure below a user-settable threshold (Inhale Trigger Sensitivity),!(dropPAW_greaterThan_ITS_PSV) U ((dropPAW_greaterThan_ITS_PSV) & G(PSVMode -> (breathingCycleStart))),G(PSVMode -> (breathingCycleStart -> dropPAW_greaterThan_ITS_PSV)),False
ADARULE,117,In PSV mode the breathing cycle shall be initiated by a sudden drop in pressure below a user-settable threshold (Inhale Trigger Sensitivity),!(dropPAW_greaterThan_ITS_PSV) U ((dropPAW_greaterThan_ITS_PSV) & G(PSVMode -> (breathingCycleStart))),G(PSVMode -> (breathingCycleStart -> dropPAW_greaterThan_ITS_PSV)),False
ADARULE,117,In PSV mode the breathing cycle shall be initiated by a sudden drop in pressure below a user-settable threshold (Inhale Trigger Sensitivity),!(dropPAW_greaterThan_ITS_PSV) U ((dropPAW_greaterThan_ITS_PSV) & G(PSVMode -> (breathingCycleStart))),G(PSVMode -> (breathingCycleStart -> dropPAW_greaterThan_ITS_PSV)),False
ADARULE,117,In PSV mode the breathing cycle shall be initiated by a sudden drop in pressure below a user-settable threshold (Inhale Trigger Sensitivity),!(dropPAW_greaterThan_ITS_PSV) U ((dropPAW_greaterThan_ITS_PSV) & G(PSVMode -> (breathingCycleStart))),G(PSVMode -> (breathingCycleStart -> dropPAW_greaterThan_ITS_PSV)),False
ADARULE,117,In PSV mode the breathing cycle shall be initiated by a sudden drop in pressure below a user-settable threshold (Inhale Trigger Sensitivity),!(dropPAW_greaterThan_ITS_PSV) U ((dropPAW_greaterThan_ITS_PSV) & G(PSVMode -> (breathingCycleStart))),G(PSVMode -> (breathingCycleStart -> dropPAW_greaterThan_ITS_PSV)),False
