PROMPTTYPE,Index,Requirement,Ground Truth,Response,Equivalent
ARTEMIS,7,The autopilot shall change states from TRANSITION to NOMINAL when the system is supported and sensor data is good.,G(good & supported -> F(state_is_NOMINAL)),G (supported & good & !state_is_NOMINAL -> X state_is_NOMINAL),False
ARTEMIS,7,The autopilot shall change states from TRANSITION to NOMINAL when the system is supported and sensor data is good.,G(good & supported -> F(state_is_NOMINAL)),G (supported & good & state_is_TRANSITION -> X state_is_NOMINAL),False
ARTEMIS,7,The autopilot shall change states from TRANSITION to NOMINAL when the system is supported and sensor data is good.,G(good & supported -> F(state_is_NOMINAL)),G (supported & good & !state_is_NOMINAL -> X state_is_NOMINAL),False
ARTEMIS,7,The autopilot shall change states from TRANSITION to NOMINAL when the system is supported and sensor data is good.,G(good & supported -> F(state_is_NOMINAL)),G (supported & good & state_is_TRANSITION -> X state_is_NOMINAL),False
ARTEMIS,7,The autopilot shall change states from TRANSITION to NOMINAL when the system is supported and sensor data is good.,G(good & supported -> F(state_is_NOMINAL)),G (supported & good & state_is_TRANSITION -> X state_is_NOMINAL),False
ARTEMIS,7,The autopilot shall change states from TRANSITION to NOMINAL when the system is supported and sensor data is good.,G(good & supported -> F(state_is_NOMINAL)),G (supported & good & state_is_TRANSITION -> X state_is_NOMINAL),False
ARTEMIS,7,The autopilot shall change states from TRANSITION to NOMINAL when the system is supported and sensor data is good.,G(good & supported -> F(state_is_NOMINAL)),G (supported & good & state_is_TRANSITION -> X state_is_NOMINAL),False
ARTEMIS,7,The autopilot shall change states from TRANSITION to NOMINAL when the system is supported and sensor data is good.,G(good & supported -> F(state_is_NOMINAL)),G (supported & good & state_is_TRANSITION -> X state_is_NOMINAL),False
ARTEMIS,7,The autopilot shall change states from TRANSITION to NOMINAL when the system is supported and sensor data is good.,G(good & supported -> F(state_is_NOMINAL)),G (supported & good & state_is_TRANSITION -> X state_is_NOMINAL),False
ARTEMIS,7,The autopilot shall change states from TRANSITION to NOMINAL when the system is supported and sensor data is good.,G(good & supported -> F(state_is_NOMINAL)),G (supported & good & state_is_TRANSITION -> X state_is_NOMINAL),False
ARTEMIS,7,The autopilot shall change states from TRANSITION to NOMINAL when the system is supported and sensor data is good.,G(good & supported -> F(state_is_NOMINAL)),G (supported & good & state_is_TRANSITION -> X state_is_NOMINAL),False
ARTEMIS,7,The autopilot shall change states from TRANSITION to NOMINAL when the system is supported and sensor data is good.,G(good & supported -> F(state_is_NOMINAL)),G (supported & good & state_is_TRANSITION -> X state_is_NOMINAL),False
ARTEMIS,7,The autopilot shall change states from TRANSITION to NOMINAL when the system is supported and sensor data is good.,G(good & supported -> F(state_is_NOMINAL)),G (supported & good & !state_is_NOMINAL -> X state_is_NOMINAL),False
ARTEMIS,7,The autopilot shall change states from TRANSITION to NOMINAL when the system is supported and sensor data is good.,G(good & supported -> F(state_is_NOMINAL)),G (supported & good & state_is_TRANSITION -> X state_is_NOMINAL),False
ARTEMIS,7,The autopilot shall change states from TRANSITION to NOMINAL when the system is supported and sensor data is good.,G(good & supported -> F(state_is_NOMINAL)),G (supported & good & state_is_TRANSITION -> X state_is_NOMINAL),False
ARTEMIS,7,The autopilot shall change states from TRANSITION to NOMINAL when the system is supported and sensor data is good.,G(good & supported -> F(state_is_NOMINAL)),G (supported & good & state_is_TRANSITION -> X state_is_NOMINAL),False
ARTEMIS,7,The autopilot shall change states from TRANSITION to NOMINAL when the system is supported and sensor data is good.,G(good & supported -> F(state_is_NOMINAL)),G (supported & good & state_is_TRANSITION -> X state_is_NOMINAL),False
ARTEMIS,7,The autopilot shall change states from TRANSITION to NOMINAL when the system is supported and sensor data is good.,G(good & supported -> F(state_is_NOMINAL)),G (supported & good & state_is_TRANSITION -> X state_is_NOMINAL),False
ARTEMIS,7,The autopilot shall change states from TRANSITION to NOMINAL when the system is supported and sensor data is good.,G(good & supported -> F(state_is_NOMINAL)),G (supported & good & state_is_TRANSITION -> X state_is_NOMINAL),False
ARTEMIS,7,The autopilot shall change states from TRANSITION to NOMINAL when the system is supported and sensor data is good.,G(good & supported -> F(state_is_NOMINAL)),G (supported & good & state_is_TRANSITION -> X state_is_NOMINAL),False
ARTEMIS,7,The autopilot shall change states from TRANSITION to NOMINAL when the system is supported and sensor data is good.,G(good & supported -> F(state_is_NOMINAL)),G (supported & good & state_is_TRANSITION -> X state_is_NOMINAL),False
ARTEMIS,7,The autopilot shall change states from TRANSITION to NOMINAL when the system is supported and sensor data is good.,G(good & supported -> F(state_is_NOMINAL)),G (supported & good & !state_is_NOMINAL -> X state_is_NOMINAL),False
ARTEMIS,7,The autopilot shall change states from TRANSITION to NOMINAL when the system is supported and sensor data is good.,G(good & supported -> F(state_is_NOMINAL)),G (supported & good & !state_is_NOMINAL -> X state_is_NOMINAL),False
ARTEMIS,7,The autopilot shall change states from TRANSITION to NOMINAL when the system is supported and sensor data is good.,G(good & supported -> F(state_is_NOMINAL)),G (supported & good & state_is_TRANSITION -> X state_is_NOMINAL),False
ARTEMIS,7,The autopilot shall change states from TRANSITION to NOMINAL when the system is supported and sensor data is good.,G(good & supported -> F(state_is_NOMINAL)),G (supported & good & state_is_TRANSITION -> X state_is_NOMINAL),False
ARTEMIS,7,The autopilot shall change states from TRANSITION to NOMINAL when the system is supported and sensor data is good.,G(good & supported -> F(state_is_NOMINAL)),G (supported & good & state_is_TRANSITION -> X state_is_NOMINAL),False
ARTEMIS,7,The autopilot shall change states from TRANSITION to NOMINAL when the system is supported and sensor data is good.,G(good & supported -> F(state_is_NOMINAL)),G (supported & good & state_is_TRANSITION -> X state_is_NOMINAL),False
ARTEMIS,7,The autopilot shall change states from TRANSITION to NOMINAL when the system is supported and sensor data is good.,G(good & supported -> F(state_is_NOMINAL)),G (supported & good & state_is_TRANSITION -> X state_is_NOMINAL),False
ARTEMIS,7,The autopilot shall change states from TRANSITION to NOMINAL when the system is supported and sensor data is good.,G(good & supported -> F(state_is_NOMINAL)),G (supported & good & state_is_TRANSITION -> X state_is_NOMINAL),False
ARTEMIS,7,The autopilot shall change states from TRANSITION to NOMINAL when the system is supported and sensor data is good.,G(good & supported -> F(state_is_NOMINAL)),G (supported & good & state_is_TRANSITION -> X state_is_NOMINAL),False
ARTEMIS,7,The autopilot shall change states from TRANSITION to NOMINAL when the system is supported and sensor data is good.,G(good & supported -> F(state_is_NOMINAL)),G (supported & good & state_is_TRANSITION -> X state_is_NOMINAL),False
ARTEMIS,7,The autopilot shall change states from TRANSITION to NOMINAL when the system is supported and sensor data is good.,G(good & supported -> F(state_is_NOMINAL)),G (supported & good & state_is_TRANSITION -> X state_is_NOMINAL),False
ARTEMIS,7,The autopilot shall change states from TRANSITION to NOMINAL when the system is supported and sensor data is good.,G(good & supported -> F(state_is_NOMINAL)),G (supported & good & !state_is_NOMINAL -> X state_is_NOMINAL),False
ARTEMIS,7,The autopilot shall change states from TRANSITION to NOMINAL when the system is supported and sensor data is good.,G(good & supported -> F(state_is_NOMINAL)),G (supported & good & !state_is_NOMINAL -> X state_is_NOMINAL),False
ARTEMIS,7,The autopilot shall change states from TRANSITION to NOMINAL when the system is supported and sensor data is good.,G(good & supported -> F(state_is_NOMINAL)),G (supported & good & state_is_TRANSITION -> X state_is_NOMINAL),False
ARTEMIS,7,The autopilot shall change states from TRANSITION to NOMINAL when the system is supported and sensor data is good.,G(good & supported -> F(state_is_NOMINAL)),G (supported & good & state_is_TRANSITION -> X state_is_NOMINAL),False
ARTEMIS,7,The autopilot shall change states from TRANSITION to NOMINAL when the system is supported and sensor data is good.,G(good & supported -> F(state_is_NOMINAL)),G (supported & good & state_is_TRANSITION -> X state_is_NOMINAL),False
ARTEMIS,7,The autopilot shall change states from TRANSITION to NOMINAL when the system is supported and sensor data is good.,G(good & supported -> F(state_is_NOMINAL)),G (supported & good & state_is_TRANSITION -> X state_is_NOMINAL),False
ARTEMIS,7,The autopilot shall change states from TRANSITION to NOMINAL when the system is supported and sensor data is good.,G(good & supported -> F(state_is_NOMINAL)),G (supported & good & !state_is_NOMINAL -> X state_is_NOMINAL),False
ARTEMIS,7,The autopilot shall change states from TRANSITION to NOMINAL when the system is supported and sensor data is good.,G(good & supported -> F(state_is_NOMINAL)),G (supported & good & state_is_TRANSITION -> X state_is_NOMINAL),False
ARTEMIS,7,The autopilot shall change states from TRANSITION to NOMINAL when the system is supported and sensor data is good.,G(good & supported -> F(state_is_NOMINAL)),G (supported & good & state_is_TRANSITION -> X state_is_NOMINAL),False
ARTEMIS,7,The autopilot shall change states from TRANSITION to NOMINAL when the system is supported and sensor data is good.,G(good & supported -> F(state_is_NOMINAL)),G (supported & good & !state_is_NOMINAL -> X state_is_NOMINAL),False
ARTEMIS,7,The autopilot shall change states from TRANSITION to NOMINAL when the system is supported and sensor data is good.,G(good & supported -> F(state_is_NOMINAL)),G (supported & good & state_is_TRANSITION -> X state_is_NOMINAL),False
ARTEMIS,7,The autopilot shall change states from TRANSITION to NOMINAL when the system is supported and sensor data is good.,G(good & supported -> F(state_is_NOMINAL)),G (supported & good & state_is_TRANSITION -> X state_is_NOMINAL),False
ARTEMIS,7,The autopilot shall change states from TRANSITION to NOMINAL when the system is supported and sensor data is good.,G(good & supported -> F(state_is_NOMINAL)),G (supported & good & state_is_TRANSITION -> X state_is_NOMINAL),False
ARTEMIS,7,The autopilot shall change states from TRANSITION to NOMINAL when the system is supported and sensor data is good.,G(good & supported -> F(state_is_NOMINAL)),G (supported & good & !state_is_NOMINAL -> X state_is_NOMINAL),False
ARTEMIS,7,The autopilot shall change states from TRANSITION to NOMINAL when the system is supported and sensor data is good.,G(good & supported -> F(state_is_NOMINAL)),G (supported & good & state_is_TRANSITION -> X state_is_NOMINAL),False
ARTEMIS,7,The autopilot shall change states from TRANSITION to NOMINAL when the system is supported and sensor data is good.,G(good & supported -> F(state_is_NOMINAL)),G (supported & good & !state_is_NOMINAL -> X state_is_NOMINAL),False
ARTEMIS,7,The autopilot shall change states from TRANSITION to NOMINAL when the system is supported and sensor data is good.,G(good & supported -> F(state_is_NOMINAL)),G (supported & good & state_is_TRANSITION -> X state_is_NOMINAL),False
ARTEMIS,7,The autopilot shall change states from TRANSITION to NOMINAL when the system is supported and sensor data is good.,G(good & supported -> F(state_is_NOMINAL)),G (supported & good & !state_is_NOMINAL -> X state_is_NOMINAL),False
ARTEMIS,7,The autopilot shall change states from TRANSITION to NOMINAL when the system is supported and sensor data is good.,G(good & supported -> F(state_is_NOMINAL)),G (supported & good & state_is_TRANSITION -> X state_is_NOMINAL),False
ARTEMIS,7,The autopilot shall change states from TRANSITION to NOMINAL when the system is supported and sensor data is good.,G(good & supported -> F(state_is_NOMINAL)),G (supported & good & state_is_TRANSITION -> X state_is_NOMINAL),False
ARTEMIS,7,The autopilot shall change states from TRANSITION to NOMINAL when the system is supported and sensor data is good.,G(good & supported -> F(state_is_NOMINAL)),G (supported & good & !state_is_NOMINAL -> X state_is_NOMINAL),False
ARTEMIS,7,The autopilot shall change states from TRANSITION to NOMINAL when the system is supported and sensor data is good.,G(good & supported -> F(state_is_NOMINAL)),G (supported & good & !state_is_NOMINAL -> X state_is_NOMINAL),False
ARTEMIS,7,The autopilot shall change states from TRANSITION to NOMINAL when the system is supported and sensor data is good.,G(good & supported -> F(state_is_NOMINAL)),G (supported & good & !state_is_NOMINAL -> X state_is_NOMINAL),False
ARTEMIS,7,The autopilot shall change states from TRANSITION to NOMINAL when the system is supported and sensor data is good.,G(good & supported -> F(state_is_NOMINAL)),G (supported & good & !state_is_NOMINAL -> X state_is_NOMINAL),False
ARTEMIS,7,The autopilot shall change states from TRANSITION to NOMINAL when the system is supported and sensor data is good.,G(good & supported -> F(state_is_NOMINAL)),G (supported & good & !state_is_NOMINAL -> X state_is_NOMINAL),False
ARTEMIS,7,The autopilot shall change states from TRANSITION to NOMINAL when the system is supported and sensor data is good.,G(good & supported -> F(state_is_NOMINAL)),G (supported & good & state_is_TRANSITION -> X state_is_NOMINAL),False
ARTEMIS,7,The autopilot shall change states from TRANSITION to NOMINAL when the system is supported and sensor data is good.,G(good & supported -> F(state_is_NOMINAL)),G (supported & good & state_is_TRANSITION -> X state_is_NOMINAL),False
ARTEMIS,7,The autopilot shall change states from TRANSITION to NOMINAL when the system is supported and sensor data is good.,G(good & supported -> F(state_is_NOMINAL)),G (supported & good & !state_is_NOMINAL -> X state_is_NOMINAL),False
ARTEMIS,7,The autopilot shall change states from TRANSITION to NOMINAL when the system is supported and sensor data is good.,G(good & supported -> F(state_is_NOMINAL)),G (supported & good & !state_is_NOMINAL -> X state_is_NOMINAL),False
ARTEMIS,7,The autopilot shall change states from TRANSITION to NOMINAL when the system is supported and sensor data is good.,G(good & supported -> F(state_is_NOMINAL)),G (supported & good & state_is_TRANSITION -> X state_is_NOMINAL),False
ARTEMIS,7,The autopilot shall change states from TRANSITION to NOMINAL when the system is supported and sensor data is good.,G(good & supported -> F(state_is_NOMINAL)),G (supported & good & !state_is_NOMINAL -> X state_is_NOMINAL),False
ARTEMIS,7,The autopilot shall change states from TRANSITION to NOMINAL when the system is supported and sensor data is good.,G(good & supported -> F(state_is_NOMINAL)),G (supported & good & state_is_TRANSITION -> X state_is_NOMINAL),False
ARTEMIS,7,The autopilot shall change states from TRANSITION to NOMINAL when the system is supported and sensor data is good.,G(good & supported -> F(state_is_NOMINAL)),G (supported & good & !state_is_NOMINAL -> X state_is_NOMINAL),False
ARTEMIS,7,The autopilot shall change states from TRANSITION to NOMINAL when the system is supported and sensor data is good.,G(good & supported -> F(state_is_NOMINAL)),G (supported & good & state_is_TRANSITION -> X state_is_NOMINAL),False
ARTEMIS,7,The autopilot shall change states from TRANSITION to NOMINAL when the system is supported and sensor data is good.,G(good & supported -> F(state_is_NOMINAL)),G (supported & good & !state_is_NOMINAL -> X state_is_NOMINAL),False
ARTEMIS,7,The autopilot shall change states from TRANSITION to NOMINAL when the system is supported and sensor data is good.,G(good & supported -> F(state_is_NOMINAL)),G (supported & good & !state_is_NOMINAL -> X state_is_NOMINAL),False
ARTEMIS,7,The autopilot shall change states from TRANSITION to NOMINAL when the system is supported and sensor data is good.,G(good & supported -> F(state_is_NOMINAL)),G (supported & good & !state_is_NOMINAL -> X state_is_NOMINAL),False
ARTEMIS,7,The autopilot shall change states from TRANSITION to NOMINAL when the system is supported and sensor data is good.,G(good & supported -> F(state_is_NOMINAL)),G (supported & good & state_is_TRANSITION -> X state_is_NOMINAL),False
ARTEMIS,7,The autopilot shall change states from TRANSITION to NOMINAL when the system is supported and sensor data is good.,G(good & supported -> F(state_is_NOMINAL)),G (supported & good & state_is_TRANSITION -> X state_is_NOMINAL),False
ARTEMIS,7,The autopilot shall change states from TRANSITION to NOMINAL when the system is supported and sensor data is good.,G(good & supported -> F(state_is_NOMINAL)),G (supported & good & state_is_TRANSITION -> X state_is_NOMINAL),False
ARTEMIS,7,The autopilot shall change states from TRANSITION to NOMINAL when the system is supported and sensor data is good.,G(good & supported -> F(state_is_NOMINAL)),G (supported & good & !state_is_NOMINAL -> X state_is_NOMINAL),False
ARTEMIS,7,The autopilot shall change states from TRANSITION to NOMINAL when the system is supported and sensor data is good.,G(good & supported -> F(state_is_NOMINAL)),G (supported & good & !state_is_NOMINAL -> X state_is_NOMINAL),False
ARTEMIS,7,The autopilot shall change states from TRANSITION to NOMINAL when the system is supported and sensor data is good.,G(good & supported -> F(state_is_NOMINAL)),G (supported & good & !state_is_NOMINAL -> X state_is_NOMINAL),False
ARTEMIS,7,The autopilot shall change states from TRANSITION to NOMINAL when the system is supported and sensor data is good.,G(good & supported -> F(state_is_NOMINAL)),G (supported & good & state_is_TRANSITION -> X state_is_NOMINAL),False
ARTEMIS,7,The autopilot shall change states from TRANSITION to NOMINAL when the system is supported and sensor data is good.,G(good & supported -> F(state_is_NOMINAL)),G (supported & good & !state_is_NOMINAL -> X state_is_NOMINAL),False
ARTEMIS,7,The autopilot shall change states from TRANSITION to NOMINAL when the system is supported and sensor data is good.,G(good & supported -> F(state_is_NOMINAL)),G (supported & good & state_is_TRANSITION -> X state_is_NOMINAL),False
ARTEMIS,7,The autopilot shall change states from TRANSITION to NOMINAL when the system is supported and sensor data is good.,G(good & supported -> F(state_is_NOMINAL)),G (supported & good & state_is_TRANSITION -> X state_is_NOMINAL),False
ARTEMIS,7,The autopilot shall change states from TRANSITION to NOMINAL when the system is supported and sensor data is good.,G(good & supported -> F(state_is_NOMINAL)),G (supported & good & !state_is_NOMINAL -> X state_is_NOMINAL),False
ARTEMIS,7,The autopilot shall change states from TRANSITION to NOMINAL when the system is supported and sensor data is good.,G(good & supported -> F(state_is_NOMINAL)),G (supported & good & state_is_TRANSITION -> X state_is_NOMINAL),False
ARTEMIS,7,The autopilot shall change states from TRANSITION to NOMINAL when the system is supported and sensor data is good.,G(good & supported -> F(state_is_NOMINAL)),G (supported & good & !state_is_NOMINAL -> X state_is_NOMINAL),False
ARTEMIS,7,The autopilot shall change states from TRANSITION to NOMINAL when the system is supported and sensor data is good.,G(good & supported -> F(state_is_NOMINAL)),G (supported & good & state_is_TRANSITION -> X state_is_NOMINAL),False
ARTEMIS,7,The autopilot shall change states from TRANSITION to NOMINAL when the system is supported and sensor data is good.,G(good & supported -> F(state_is_NOMINAL)),G (supported & good & state_is_TRANSITION -> X state_is_NOMINAL),False
ARTEMIS,7,The autopilot shall change states from TRANSITION to NOMINAL when the system is supported and sensor data is good.,G(good & supported -> F(state_is_NOMINAL)),G (supported & good & state_is_TRANSITION -> X state_is_NOMINAL),False
ARTEMIS,7,The autopilot shall change states from TRANSITION to NOMINAL when the system is supported and sensor data is good.,G(good & supported -> F(state_is_NOMINAL)),G (supported & good & state_is_TRANSITION -> X state_is_NOMINAL),False
ARTEMIS,7,The autopilot shall change states from TRANSITION to NOMINAL when the system is supported and sensor data is good.,G(good & supported -> F(state_is_NOMINAL)),G (supported & good & !state_is_NOMINAL -> X state_is_NOMINAL),False
ARTEMIS,7,The autopilot shall change states from TRANSITION to NOMINAL when the system is supported and sensor data is good.,G(good & supported -> F(state_is_NOMINAL)),G (supported & good & state_is_TRANSITION -> X state_is_NOMINAL),False
ARTEMIS,7,The autopilot shall change states from TRANSITION to NOMINAL when the system is supported and sensor data is good.,G(good & supported -> F(state_is_NOMINAL)),G (supported & good & state_is_TRANSITION -> X state_is_NOMINAL),False
ARTEMIS,7,The autopilot shall change states from TRANSITION to NOMINAL when the system is supported and sensor data is good.,G(good & supported -> F(state_is_NOMINAL)),G (supported & good & state_is_TRANSITION -> X state_is_NOMINAL),False
ARTEMIS,7,The autopilot shall change states from TRANSITION to NOMINAL when the system is supported and sensor data is good.,G(good & supported -> F(state_is_NOMINAL)),G (supported & good & state_is_TRANSITION -> X state_is_NOMINAL),False
ARTEMIS,7,The autopilot shall change states from TRANSITION to NOMINAL when the system is supported and sensor data is good.,G(good & supported -> F(state_is_NOMINAL)),G (supported & good & state_is_TRANSITION -> X state_is_NOMINAL),False
ARTEMIS,7,The autopilot shall change states from TRANSITION to NOMINAL when the system is supported and sensor data is good.,G(good & supported -> F(state_is_NOMINAL)),G (supported & good & !state_is_NOMINAL -> X state_is_NOMINAL),False
ARTEMIS,7,The autopilot shall change states from TRANSITION to NOMINAL when the system is supported and sensor data is good.,G(good & supported -> F(state_is_NOMINAL)),G (supported & good & !state_is_NOMINAL -> X state_is_NOMINAL),False
ARTEMIS,7,The autopilot shall change states from TRANSITION to NOMINAL when the system is supported and sensor data is good.,G(good & supported -> F(state_is_NOMINAL)),G (supported & good & state_is_TRANSITION -> X state_is_NOMINAL),False
ARTEMIS,7,The autopilot shall change states from TRANSITION to NOMINAL when the system is supported and sensor data is good.,G(good & supported -> F(state_is_NOMINAL)),G (supported & good & state_is_TRANSITION -> X state_is_NOMINAL),False
ARTEMIS,7,The autopilot shall change states from TRANSITION to NOMINAL when the system is supported and sensor data is good.,G(good & supported -> F(state_is_NOMINAL)),G (supported & good & state_is_TRANSITION -> X state_is_NOMINAL),False
ARTEMIS,7,The autopilot shall change states from TRANSITION to NOMINAL when the system is supported and sensor data is good.,G(good & supported -> F(state_is_NOMINAL)),G (supported & good & !state_is_NOMINAL -> X state_is_NOMINAL),False
ARTEMIS,7,The autopilot shall change states from TRANSITION to NOMINAL when the system is supported and sensor data is good.,G(good & supported -> F(state_is_NOMINAL)),G (supported & good & !state_is_NOMINAL -> X state_is_NOMINAL),False
ARTEMIS,7,The autopilot shall change states from TRANSITION to NOMINAL when the system is supported and sensor data is good.,G(good & supported -> F(state_is_NOMINAL)),G (supported & good & !state_is_NOMINAL -> X state_is_NOMINAL),False
ARTEMIS,17,"In PCV and PSV modes there shall be the possibility to initiate an Expiratory Pause if it is set by the GUI: When the Expiratory Pause is set by the GUI, the ventilator shall wait for the end of the next expiration phase, and if the Expiratory Pause is still required, both the inspiratory and expiratory valves will close until the expiratory pause is stopped by the GUI.",!expiratoryPauseButton & expiratoryPhaseEnd U (expiratoryPauseButton & expiratoryPhaseEnd & G((PCVMode | PSVMode) & expiratoryPauseButton -> X(expiratoryPause & inValveClose & outValveClose))),G ((PCVMode | PSVMode) & expiratoryPauseButton -> (G (expiratoryPause -> (G (!expiratoryPhaseEnd) U expiratoryPhaseEnd) & (expiratoryPhaseEnd & expiratoryPause -> (inValveClose & outValveClose,None
ARTEMIS,17,"In PCV and PSV modes there shall be the possibility to initiate an Expiratory Pause if it is set by the GUI: When the Expiratory Pause is set by the GUI, the ventilator shall wait for the end of the next expiration phase, and if the Expiratory Pause is still required, both the inspiratory and expiratory valves will close until the expiratory pause is stopped by the GUI.",!expiratoryPauseButton & expiratoryPhaseEnd U (expiratoryPauseButton & expiratoryPhaseEnd & G((PCVMode | PSVMode) & expiratoryPauseButton -> X(expiratoryPause & inValveClose & outValveClose))),G ((PCVMode | PSVMode) & expiratoryPauseButton -> (G (expiratoryPause -> (G (!expiratoryPhaseEnd | (expiratoryPhaseEnd & (G (expiratoryPause -> (inValveClose & outValveClose))))))))),False
ARTEMIS,17,"In PCV and PSV modes there shall be the possibility to initiate an Expiratory Pause if it is set by the GUI: When the Expiratory Pause is set by the GUI, the ventilator shall wait for the end of the next expiration phase, and if the Expiratory Pause is still required, both the inspiratory and expiratory valves will close until the expiratory pause is stopped by the GUI.",!expiratoryPauseButton & expiratoryPhaseEnd U (expiratoryPauseButton & expiratoryPhaseEnd & G((PCVMode | PSVMode) & expiratoryPauseButton -> X(expiratoryPause & inValveClose & outValveClose))),G ((PCVMode | PSVMode) & expiratoryPauseButton -> (G (expiratoryPause -> (G (!expiratoryPhaseEnd) U expiratoryPhaseEnd) & (G (expiratoryPhaseEnd & expiratoryPause) U (!expiratoryPause | (!,None
ARTEMIS,17,"In PCV and PSV modes there shall be the possibility to initiate an Expiratory Pause if it is set by the GUI: When the Expiratory Pause is set by the GUI, the ventilator shall wait for the end of the next expiration phase, and if the Expiratory Pause is still required, both the inspiratory and expiratory valves will close until the expiratory pause is stopped by the GUI.",!expiratoryPauseButton & expiratoryPhaseEnd U (expiratoryPauseButton & expiratoryPhaseEnd & G((PCVMode | PSVMode) & expiratoryPauseButton -> X(expiratoryPause & inValveClose & outValveClose))),G ((PCVMode | PSVMode) & expiratoryPauseButton -> (G (expiratoryPause -> (G (!expiratoryPhaseEnd) U expiratoryPhaseEnd) & (G (expiratoryPhaseEnd & expiratoryPause) U (!expiratoryPause | (!,None
ARTEMIS,17,"In PCV and PSV modes there shall be the possibility to initiate an Expiratory Pause if it is set by the GUI: When the Expiratory Pause is set by the GUI, the ventilator shall wait for the end of the next expiration phase, and if the Expiratory Pause is still required, both the inspiratory and expiratory valves will close until the expiratory pause is stopped by the GUI.",!expiratoryPauseButton & expiratoryPhaseEnd U (expiratoryPauseButton & expiratoryPhaseEnd & G((PCVMode | PSVMode) & expiratoryPauseButton -> X(expiratoryPause & inValveClose & outValveClose))),G ((PCVMode | PSVMode) & expiratoryPauseButton -> (G (expiratoryPause -> (G (!expiratoryPhaseEnd | (expiratoryPhaseEnd & (G (expiratoryPause -> (inValveClose & outValveClose))))))))),False
ARTEMIS,17,"In PCV and PSV modes there shall be the possibility to initiate an Expiratory Pause if it is set by the GUI: When the Expiratory Pause is set by the GUI, the ventilator shall wait for the end of the next expiration phase, and if the Expiratory Pause is still required, both the inspiratory and expiratory valves will close until the expiratory pause is stopped by the GUI.",!expiratoryPauseButton & expiratoryPhaseEnd U (expiratoryPauseButton & expiratoryPhaseEnd & G((PCVMode | PSVMode) & expiratoryPauseButton -> X(expiratoryPause & inValveClose & outValveClose))),G ((PCVMode | PSVMode) & expiratoryPauseButton -> (G (expiratoryPause -> (G (!expiratoryPhaseEnd | (expiratoryPhaseEnd & (G (expiratoryPause -> (inValveClose & outValveClose))))))))),False
ARTEMIS,17,"In PCV and PSV modes there shall be the possibility to initiate an Expiratory Pause if it is set by the GUI: When the Expiratory Pause is set by the GUI, the ventilator shall wait for the end of the next expiration phase, and if the Expiratory Pause is still required, both the inspiratory and expiratory valves will close until the expiratory pause is stopped by the GUI.",!expiratoryPauseButton & expiratoryPhaseEnd U (expiratoryPauseButton & expiratoryPhaseEnd & G((PCVMode | PSVMode) & expiratoryPauseButton -> X(expiratoryPause & inValveClose & outValveClose))),G ((PCVMode | PSVMode) & expiratoryPauseButton -> (G (expiratoryPause -> (G (!expiratoryPhaseEnd) U expiratoryPhaseEnd) & (G (expiratoryPhaseEnd & expiratoryPause) U (!expiratoryPause | (!,None
ARTEMIS,17,"In PCV and PSV modes there shall be the possibility to initiate an Expiratory Pause if it is set by the GUI: When the Expiratory Pause is set by the GUI, the ventilator shall wait for the end of the next expiration phase, and if the Expiratory Pause is still required, both the inspiratory and expiratory valves will close until the expiratory pause is stopped by the GUI.",!expiratoryPauseButton & expiratoryPhaseEnd U (expiratoryPauseButton & expiratoryPhaseEnd & G((PCVMode | PSVMode) & expiratoryPauseButton -> X(expiratoryPause & inValveClose & outValveClose))),G ((PCVMode | PSVMode) & expiratoryPauseButton -> (G (expiratoryPause -> (G (!expiratoryPhaseEnd) U expiratoryPhaseEnd) & (G (expiratoryPhaseEnd & expiratoryPause) U (!expiratoryPause | (!,None
ARTEMIS,17,"In PCV and PSV modes there shall be the possibility to initiate an Expiratory Pause if it is set by the GUI: When the Expiratory Pause is set by the GUI, the ventilator shall wait for the end of the next expiration phase, and if the Expiratory Pause is still required, both the inspiratory and expiratory valves will close until the expiratory pause is stopped by the GUI.",!expiratoryPauseButton & expiratoryPhaseEnd U (expiratoryPauseButton & expiratoryPhaseEnd & G((PCVMode | PSVMode) & expiratoryPauseButton -> X(expiratoryPause & inValveClose & outValveClose))),G ((PCVMode | PSVMode) & expiratoryPauseButton -> (G (expiratoryPause -> (G (!expiratoryPhaseEnd) U expiratoryPhaseEnd) & (G (expiratoryPhaseEnd & expiratoryPause) U (!expiratoryPause | (!,None
ARTEMIS,17,"In PCV and PSV modes there shall be the possibility to initiate an Expiratory Pause if it is set by the GUI: When the Expiratory Pause is set by the GUI, the ventilator shall wait for the end of the next expiration phase, and if the Expiratory Pause is still required, both the inspiratory and expiratory valves will close until the expiratory pause is stopped by the GUI.",!expiratoryPauseButton & expiratoryPhaseEnd U (expiratoryPauseButton & expiratoryPhaseEnd & G((PCVMode | PSVMode) & expiratoryPauseButton -> X(expiratoryPause & inValveClose & outValveClose))),G ((PCVMode | PSVMode) & expiratoryPauseButton -> (G (expiratoryPause -> (G (!expiratoryPhaseEnd) U expiratoryPhaseEnd) & (expiratoryPhaseEnd & expiratoryPause -> (inValveClose & outValveClose,None
ARTEMIS,17,"In PCV and PSV modes there shall be the possibility to initiate an Expiratory Pause if it is set by the GUI: When the Expiratory Pause is set by the GUI, the ventilator shall wait for the end of the next expiration phase, and if the Expiratory Pause is still required, both the inspiratory and expiratory valves will close until the expiratory pause is stopped by the GUI.",!expiratoryPauseButton & expiratoryPhaseEnd U (expiratoryPauseButton & expiratoryPhaseEnd & G((PCVMode | PSVMode) & expiratoryPauseButton -> X(expiratoryPause & inValveClose & outValveClose))),G ((PCVMode | PSVMode) & expiratoryPauseButton -> (G (expiratoryPause -> (G (!expiratoryPhaseEnd | (expiratoryPhaseEnd & (G (expiratoryPause -> (inValveClose & outValveClose))))))))),False
ARTEMIS,17,"In PCV and PSV modes there shall be the possibility to initiate an Expiratory Pause if it is set by the GUI: When the Expiratory Pause is set by the GUI, the ventilator shall wait for the end of the next expiration phase, and if the Expiratory Pause is still required, both the inspiratory and expiratory valves will close until the expiratory pause is stopped by the GUI.",!expiratoryPauseButton & expiratoryPhaseEnd U (expiratoryPauseButton & expiratoryPhaseEnd & G((PCVMode | PSVMode) & expiratoryPauseButton -> X(expiratoryPause & inValveClose & outValveClose))),G ((PCVMode | PSVMode) & expiratoryPauseButton -> (G (expiratoryPause -> (G (!expiratoryPhaseEnd) U expiratoryPhaseEnd) & (G (expiratoryPhaseEnd & expiratoryPause) U (!expiratoryPause | (!,None
ARTEMIS,17,"In PCV and PSV modes there shall be the possibility to initiate an Expiratory Pause if it is set by the GUI: When the Expiratory Pause is set by the GUI, the ventilator shall wait for the end of the next expiration phase, and if the Expiratory Pause is still required, both the inspiratory and expiratory valves will close until the expiratory pause is stopped by the GUI.",!expiratoryPauseButton & expiratoryPhaseEnd U (expiratoryPauseButton & expiratoryPhaseEnd & G((PCVMode | PSVMode) & expiratoryPauseButton -> X(expiratoryPause & inValveClose & outValveClose))),G ((PCVMode | PSVMode) & expiratoryPauseButton -> (G (expiratoryPause -> (G (!expiratoryPhaseEnd) U expiratoryPhaseEnd) & (G (expiratoryPhaseEnd & expiratoryPause) U (!expiratoryPause | (!,None
ARTEMIS,17,"In PCV and PSV modes there shall be the possibility to initiate an Expiratory Pause if it is set by the GUI: When the Expiratory Pause is set by the GUI, the ventilator shall wait for the end of the next expiration phase, and if the Expiratory Pause is still required, both the inspiratory and expiratory valves will close until the expiratory pause is stopped by the GUI.",!expiratoryPauseButton & expiratoryPhaseEnd U (expiratoryPauseButton & expiratoryPhaseEnd & G((PCVMode | PSVMode) & expiratoryPauseButton -> X(expiratoryPause & inValveClose & outValveClose))),G ((PCVMode | PSVMode) & expiratoryPauseButton -> (G (expiratoryPause -> (G (!expiratoryPhaseEnd | (expiratoryPhaseEnd & (G (expiratoryPause -> (inValveClose & outValveClose))))))))),False
ARTEMIS,17,"In PCV and PSV modes there shall be the possibility to initiate an Expiratory Pause if it is set by the GUI: When the Expiratory Pause is set by the GUI, the ventilator shall wait for the end of the next expiration phase, and if the Expiratory Pause is still required, both the inspiratory and expiratory valves will close until the expiratory pause is stopped by the GUI.",!expiratoryPauseButton & expiratoryPhaseEnd U (expiratoryPauseButton & expiratoryPhaseEnd & G((PCVMode | PSVMode) & expiratoryPauseButton -> X(expiratoryPause & inValveClose & outValveClose))),G ((PCVMode | PSVMode) & expiratoryPauseButton -> (G (expiratoryPause -> (G (!expiratoryPhaseEnd | (expiratoryPhaseEnd & (G (expiratoryPause -> (inValveClose & outValveClose))))))))),False
ARTEMIS,17,"In PCV and PSV modes there shall be the possibility to initiate an Expiratory Pause if it is set by the GUI: When the Expiratory Pause is set by the GUI, the ventilator shall wait for the end of the next expiration phase, and if the Expiratory Pause is still required, both the inspiratory and expiratory valves will close until the expiratory pause is stopped by the GUI.",!expiratoryPauseButton & expiratoryPhaseEnd U (expiratoryPauseButton & expiratoryPhaseEnd & G((PCVMode | PSVMode) & expiratoryPauseButton -> X(expiratoryPause & inValveClose & outValveClose))),G ((PCVMode | PSVMode) & expiratoryPauseButton -> (G (expiratoryPause -> (G (!expiratoryPhaseEnd) U expiratoryPhaseEnd) & (expiratoryPhaseEnd & expiratoryPause -> (inValveClose & outValveClose,None
ARTEMIS,17,"In PCV and PSV modes there shall be the possibility to initiate an Expiratory Pause if it is set by the GUI: When the Expiratory Pause is set by the GUI, the ventilator shall wait for the end of the next expiration phase, and if the Expiratory Pause is still required, both the inspiratory and expiratory valves will close until the expiratory pause is stopped by the GUI.",!expiratoryPauseButton & expiratoryPhaseEnd U (expiratoryPauseButton & expiratoryPhaseEnd & G((PCVMode | PSVMode) & expiratoryPauseButton -> X(expiratoryPause & inValveClose & outValveClose))),G ((PCVMode | PSVMode) & expiratoryPauseButton -> (G (expiratoryPause -> (G (!expiratoryPhaseEnd) U expiratoryPhaseEnd) & (G (expiratoryPhaseEnd & expiratoryPause) U (!expiratoryPause | (!,None
ARTEMIS,17,"In PCV and PSV modes there shall be the possibility to initiate an Expiratory Pause if it is set by the GUI: When the Expiratory Pause is set by the GUI, the ventilator shall wait for the end of the next expiration phase, and if the Expiratory Pause is still required, both the inspiratory and expiratory valves will close until the expiratory pause is stopped by the GUI.",!expiratoryPauseButton & expiratoryPhaseEnd U (expiratoryPauseButton & expiratoryPhaseEnd & G((PCVMode | PSVMode) & expiratoryPauseButton -> X(expiratoryPause & inValveClose & outValveClose))),G ((PCVMode | PSVMode) & expiratoryPauseButton -> (G (expiratoryPause -> (G (!expiratoryPhaseEnd | (expiratoryPhaseEnd & (G (expiratoryPause -> (inValveClose & outValveClose))))))))),False
ARTEMIS,17,"In PCV and PSV modes there shall be the possibility to initiate an Expiratory Pause if it is set by the GUI: When the Expiratory Pause is set by the GUI, the ventilator shall wait for the end of the next expiration phase, and if the Expiratory Pause is still required, both the inspiratory and expiratory valves will close until the expiratory pause is stopped by the GUI.",!expiratoryPauseButton & expiratoryPhaseEnd U (expiratoryPauseButton & expiratoryPhaseEnd & G((PCVMode | PSVMode) & expiratoryPauseButton -> X(expiratoryPause & inValveClose & outValveClose))),G ((PCVMode | PSVMode) & expiratoryPauseButton -> (G (expiratoryPause -> (G (!expiratoryPhaseEnd) U expiratoryPhaseEnd) & (G (expiratoryPhaseEnd & expiratoryPause) U (!expiratoryPause | (!,None
ARTEMIS,17,"In PCV and PSV modes there shall be the possibility to initiate an Expiratory Pause if it is set by the GUI: When the Expiratory Pause is set by the GUI, the ventilator shall wait for the end of the next expiration phase, and if the Expiratory Pause is still required, both the inspiratory and expiratory valves will close until the expiratory pause is stopped by the GUI.",!expiratoryPauseButton & expiratoryPhaseEnd U (expiratoryPauseButton & expiratoryPhaseEnd & G((PCVMode | PSVMode) & expiratoryPauseButton -> X(expiratoryPause & inValveClose & outValveClose))),G ((PCVMode | PSVMode) & expiratoryPauseButton -> (G (expiratoryPause -> (G (!expiratoryPhaseEnd | (expiratoryPhaseEnd & (G (expiratoryPause -> (inValveClose & outValveClose))))))))),False
ARTEMIS,17,"In PCV and PSV modes there shall be the possibility to initiate an Expiratory Pause if it is set by the GUI: When the Expiratory Pause is set by the GUI, the ventilator shall wait for the end of the next expiration phase, and if the Expiratory Pause is still required, both the inspiratory and expiratory valves will close until the expiratory pause is stopped by the GUI.",!expiratoryPauseButton & expiratoryPhaseEnd U (expiratoryPauseButton & expiratoryPhaseEnd & G((PCVMode | PSVMode) & expiratoryPauseButton -> X(expiratoryPause & inValveClose & outValveClose))),G ((PCVMode | PSVMode) & expiratoryPauseButton -> (G (expiratoryPause -> (G (!expiratoryPhaseEnd) U expiratoryPhaseEnd) & (G (expiratoryPhaseEnd & expiratoryPause) U (!expiratoryPause | (!,None
ARTEMIS,17,"In PCV and PSV modes there shall be the possibility to initiate an Expiratory Pause if it is set by the GUI: When the Expiratory Pause is set by the GUI, the ventilator shall wait for the end of the next expiration phase, and if the Expiratory Pause is still required, both the inspiratory and expiratory valves will close until the expiratory pause is stopped by the GUI.",!expiratoryPauseButton & expiratoryPhaseEnd U (expiratoryPauseButton & expiratoryPhaseEnd & G((PCVMode | PSVMode) & expiratoryPauseButton -> X(expiratoryPause & inValveClose & outValveClose))),G ((PCVMode | PSVMode) & expiratoryPauseButton -> (G (expiratoryPause -> (G (!expiratoryPhaseEnd) U expiratoryPhaseEnd) & (G (expiratoryPhaseEnd & expiratoryPause) U (!expiratoryPause | (!,None
ARTEMIS,17,"In PCV and PSV modes there shall be the possibility to initiate an Expiratory Pause if it is set by the GUI: When the Expiratory Pause is set by the GUI, the ventilator shall wait for the end of the next expiration phase, and if the Expiratory Pause is still required, both the inspiratory and expiratory valves will close until the expiratory pause is stopped by the GUI.",!expiratoryPauseButton & expiratoryPhaseEnd U (expiratoryPauseButton & expiratoryPhaseEnd & G((PCVMode | PSVMode) & expiratoryPauseButton -> X(expiratoryPause & inValveClose & outValveClose))),G ((PCVMode | PSVMode) & expiratoryPauseButton -> (G (expiratoryPause -> (G (!expiratoryPhaseEnd) U expiratoryPhaseEnd) & (G (expiratoryPhaseEnd & expiratoryPause) U (!expiratoryPause | (!,None
ARTEMIS,17,"In PCV and PSV modes there shall be the possibility to initiate an Expiratory Pause if it is set by the GUI: When the Expiratory Pause is set by the GUI, the ventilator shall wait for the end of the next expiration phase, and if the Expiratory Pause is still required, both the inspiratory and expiratory valves will close until the expiratory pause is stopped by the GUI.",!expiratoryPauseButton & expiratoryPhaseEnd U (expiratoryPauseButton & expiratoryPhaseEnd & G((PCVMode | PSVMode) & expiratoryPauseButton -> X(expiratoryPause & inValveClose & outValveClose))),G ((PCVMode | PSVMode) & expiratoryPauseButton -> (G (expiratoryPause -> (G (!expiratoryPhaseEnd | (expiratoryPhaseEnd & (G (expiratoryPause -> (inValveClose & outValveClose))))))))),False
ARTEMIS,17,"In PCV and PSV modes there shall be the possibility to initiate an Expiratory Pause if it is set by the GUI: When the Expiratory Pause is set by the GUI, the ventilator shall wait for the end of the next expiration phase, and if the Expiratory Pause is still required, both the inspiratory and expiratory valves will close until the expiratory pause is stopped by the GUI.",!expiratoryPauseButton & expiratoryPhaseEnd U (expiratoryPauseButton & expiratoryPhaseEnd & G((PCVMode | PSVMode) & expiratoryPauseButton -> X(expiratoryPause & inValveClose & outValveClose))),G ((PCVMode | PSVMode) & expiratoryPauseButton -> (G (expiratoryPause -> (G (!expiratoryPhaseEnd | (expiratoryPhaseEnd & (G (expiratoryPause -> (inValveClose & outValveClose))))))))),False
ARTEMIS,17,"In PCV and PSV modes there shall be the possibility to initiate an Expiratory Pause if it is set by the GUI: When the Expiratory Pause is set by the GUI, the ventilator shall wait for the end of the next expiration phase, and if the Expiratory Pause is still required, both the inspiratory and expiratory valves will close until the expiratory pause is stopped by the GUI.",!expiratoryPauseButton & expiratoryPhaseEnd U (expiratoryPauseButton & expiratoryPhaseEnd & G((PCVMode | PSVMode) & expiratoryPauseButton -> X(expiratoryPause & inValveClose & outValveClose))),G ((PCVMode | PSVMode) & expiratoryPauseButton -> (G (expiratoryPause -> (G (!expiratoryPhaseEnd | (expiratoryPhaseEnd & (G (expiratoryPause -> (inValveClose & outValveClose))))))))),False
ARTEMIS,17,"In PCV and PSV modes there shall be the possibility to initiate an Expiratory Pause if it is set by the GUI: When the Expiratory Pause is set by the GUI, the ventilator shall wait for the end of the next expiration phase, and if the Expiratory Pause is still required, both the inspiratory and expiratory valves will close until the expiratory pause is stopped by the GUI.",!expiratoryPauseButton & expiratoryPhaseEnd U (expiratoryPauseButton & expiratoryPhaseEnd & G((PCVMode | PSVMode) & expiratoryPauseButton -> X(expiratoryPause & inValveClose & outValveClose))),G ((PCVMode | PSVMode) & expiratoryPauseButton -> (G (expiratoryPause -> (G (!expiratoryPhaseEnd) U expiratoryPhaseEnd) & (G (expiratoryPhaseEnd & expiratoryPause) U (!expiratoryPause | (!,None
ARTEMIS,17,"In PCV and PSV modes there shall be the possibility to initiate an Expiratory Pause if it is set by the GUI: When the Expiratory Pause is set by the GUI, the ventilator shall wait for the end of the next expiration phase, and if the Expiratory Pause is still required, both the inspiratory and expiratory valves will close until the expiratory pause is stopped by the GUI.",!expiratoryPauseButton & expiratoryPhaseEnd U (expiratoryPauseButton & expiratoryPhaseEnd & G((PCVMode | PSVMode) & expiratoryPauseButton -> X(expiratoryPause & inValveClose & outValveClose))),G ((PCVMode | PSVMode) & expiratoryPauseButton -> (G (expiratoryPause -> (G (!expiratoryPhaseEnd) U expiratoryPhaseEnd) & (G (expiratoryPhaseEnd & expiratoryPause) U (!expiratoryPause | (!,None
ARTEMIS,17,"In PCV and PSV modes there shall be the possibility to initiate an Expiratory Pause if it is set by the GUI: When the Expiratory Pause is set by the GUI, the ventilator shall wait for the end of the next expiration phase, and if the Expiratory Pause is still required, both the inspiratory and expiratory valves will close until the expiratory pause is stopped by the GUI.",!expiratoryPauseButton & expiratoryPhaseEnd U (expiratoryPauseButton & expiratoryPhaseEnd & G((PCVMode | PSVMode) & expiratoryPauseButton -> X(expiratoryPause & inValveClose & outValveClose))),G ((PCVMode | PSVMode) & expiratoryPauseButton -> (G (expiratoryPause -> (G (!expiratoryPhaseEnd) U expiratoryPhaseEnd) & (G (expiratoryPhaseEnd & expiratoryPause) U (!expiratoryPause | (!,None
ARTEMIS,17,"In PCV and PSV modes there shall be the possibility to initiate an Expiratory Pause if it is set by the GUI: When the Expiratory Pause is set by the GUI, the ventilator shall wait for the end of the next expiration phase, and if the Expiratory Pause is still required, both the inspiratory and expiratory valves will close until the expiratory pause is stopped by the GUI.",!expiratoryPauseButton & expiratoryPhaseEnd U (expiratoryPauseButton & expiratoryPhaseEnd & G((PCVMode | PSVMode) & expiratoryPauseButton -> X(expiratoryPause & inValveClose & outValveClose))),G ((PCVMode | PSVMode) & expiratoryPauseButton -> (G (expiratoryPause -> (G (!expiratoryPhaseEnd) U expiratoryPhaseEnd) & (G (expiratoryPhaseEnd & expiratoryPause) U (!expiratoryPause | (!,None
ARTEMIS,17,"In PCV and PSV modes there shall be the possibility to initiate an Expiratory Pause if it is set by the GUI: When the Expiratory Pause is set by the GUI, the ventilator shall wait for the end of the next expiration phase, and if the Expiratory Pause is still required, both the inspiratory and expiratory valves will close until the expiratory pause is stopped by the GUI.",!expiratoryPauseButton & expiratoryPhaseEnd U (expiratoryPauseButton & expiratoryPhaseEnd & G((PCVMode | PSVMode) & expiratoryPauseButton -> X(expiratoryPause & inValveClose & outValveClose))),G ((PCVMode | PSVMode) & expiratoryPauseButton -> (G (expiratoryPause -> (G (!expiratoryPhaseEnd) U expiratoryPhaseEnd) & (G (expiratoryPhaseEnd & expiratoryPause) U (!expiratoryPause | (!,None
ARTEMIS,17,"In PCV and PSV modes there shall be the possibility to initiate an Expiratory Pause if it is set by the GUI: When the Expiratory Pause is set by the GUI, the ventilator shall wait for the end of the next expiration phase, and if the Expiratory Pause is still required, both the inspiratory and expiratory valves will close until the expiratory pause is stopped by the GUI.",!expiratoryPauseButton & expiratoryPhaseEnd U (expiratoryPauseButton & expiratoryPhaseEnd & G((PCVMode | PSVMode) & expiratoryPauseButton -> X(expiratoryPause & inValveClose & outValveClose))),G ((PCVMode | PSVMode) & expiratoryPauseButton -> (G (expiratoryPause -> (G (!expiratoryPhaseEnd) U expiratoryPhaseEnd) & (G (expiratoryPhaseEnd & expiratoryPause) U (!expiratoryPause | (!,None
ARTEMIS,17,"In PCV and PSV modes there shall be the possibility to initiate an Expiratory Pause if it is set by the GUI: When the Expiratory Pause is set by the GUI, the ventilator shall wait for the end of the next expiration phase, and if the Expiratory Pause is still required, both the inspiratory and expiratory valves will close until the expiratory pause is stopped by the GUI.",!expiratoryPauseButton & expiratoryPhaseEnd U (expiratoryPauseButton & expiratoryPhaseEnd & G((PCVMode | PSVMode) & expiratoryPauseButton -> X(expiratoryPause & inValveClose & outValveClose))),G ((PCVMode | PSVMode) & expiratoryPauseButton -> (G (expiratoryPause -> (G (!expiratoryPhaseEnd) U expiratoryPhaseEnd) & (G (expiratoryPhaseEnd & expiratoryPause) U (!expiratoryPause | (!,None
ARTEMIS,17,"In PCV and PSV modes there shall be the possibility to initiate an Expiratory Pause if it is set by the GUI: When the Expiratory Pause is set by the GUI, the ventilator shall wait for the end of the next expiration phase, and if the Expiratory Pause is still required, both the inspiratory and expiratory valves will close until the expiratory pause is stopped by the GUI.",!expiratoryPauseButton & expiratoryPhaseEnd U (expiratoryPauseButton & expiratoryPhaseEnd & G((PCVMode | PSVMode) & expiratoryPauseButton -> X(expiratoryPause & inValveClose & outValveClose))),G ((PCVMode | PSVMode) & expiratoryPauseButton -> (G (expiratoryPause -> (G (!expiratoryPhaseEnd) U expiratoryPhaseEnd) & (G (expiratoryPhaseEnd & expiratoryPause) U (!expiratoryPause | (!,None
ARTEMIS,17,"In PCV and PSV modes there shall be the possibility to initiate an Expiratory Pause if it is set by the GUI: When the Expiratory Pause is set by the GUI, the ventilator shall wait for the end of the next expiration phase, and if the Expiratory Pause is still required, both the inspiratory and expiratory valves will close until the expiratory pause is stopped by the GUI.",!expiratoryPauseButton & expiratoryPhaseEnd U (expiratoryPauseButton & expiratoryPhaseEnd & G((PCVMode | PSVMode) & expiratoryPauseButton -> X(expiratoryPause & inValveClose & outValveClose))),G ((PCVMode | PSVMode) & expiratoryPauseButton -> (G (expiratoryPause -> (G (!expiratoryPhaseEnd) U expiratoryPhaseEnd) & (G (expiratoryPhaseEnd & expiratoryPause) U (!expiratoryPause | (!,None
ARTEMIS,17,"In PCV and PSV modes there shall be the possibility to initiate an Expiratory Pause if it is set by the GUI: When the Expiratory Pause is set by the GUI, the ventilator shall wait for the end of the next expiration phase, and if the Expiratory Pause is still required, both the inspiratory and expiratory valves will close until the expiratory pause is stopped by the GUI.",!expiratoryPauseButton & expiratoryPhaseEnd U (expiratoryPauseButton & expiratoryPhaseEnd & G((PCVMode | PSVMode) & expiratoryPauseButton -> X(expiratoryPause & inValveClose & outValveClose))),G ((PCVMode | PSVMode) & expiratoryPauseButton -> (G (expiratoryPause -> (G (!expiratoryPhaseEnd) U expiratoryPhaseEnd) & (G (expiratoryPhaseEnd & expiratoryPause) U (!expiratoryPause | (!,None
ARTEMIS,17,"In PCV and PSV modes there shall be the possibility to initiate an Expiratory Pause if it is set by the GUI: When the Expiratory Pause is set by the GUI, the ventilator shall wait for the end of the next expiration phase, and if the Expiratory Pause is still required, both the inspiratory and expiratory valves will close until the expiratory pause is stopped by the GUI.",!expiratoryPauseButton & expiratoryPhaseEnd U (expiratoryPauseButton & expiratoryPhaseEnd & G((PCVMode | PSVMode) & expiratoryPauseButton -> X(expiratoryPause & inValveClose & outValveClose))),G ((PCVMode | PSVMode) & expiratoryPauseButton -> (G (expiratoryPause -> (G (!expiratoryPhaseEnd) U expiratoryPhaseEnd) & (G (expiratoryPhaseEnd & expiratoryPause) U (!expiratoryPause | (!,None
ARTEMIS,17,"In PCV and PSV modes there shall be the possibility to initiate an Expiratory Pause if it is set by the GUI: When the Expiratory Pause is set by the GUI, the ventilator shall wait for the end of the next expiration phase, and if the Expiratory Pause is still required, both the inspiratory and expiratory valves will close until the expiratory pause is stopped by the GUI.",!expiratoryPauseButton & expiratoryPhaseEnd U (expiratoryPauseButton & expiratoryPhaseEnd & G((PCVMode | PSVMode) & expiratoryPauseButton -> X(expiratoryPause & inValveClose & outValveClose))),G ((PCVMode | PSVMode) & expiratoryPauseButton -> (G (expiratoryPause -> (G (!expiratoryPhaseEnd) U expiratoryPhaseEnd) & (G (expiratoryPhaseEnd & expiratoryPause) U (!expiratoryPause | (!,None
ARTEMIS,17,"In PCV and PSV modes there shall be the possibility to initiate an Expiratory Pause if it is set by the GUI: When the Expiratory Pause is set by the GUI, the ventilator shall wait for the end of the next expiration phase, and if the Expiratory Pause is still required, both the inspiratory and expiratory valves will close until the expiratory pause is stopped by the GUI.",!expiratoryPauseButton & expiratoryPhaseEnd U (expiratoryPauseButton & expiratoryPhaseEnd & G((PCVMode | PSVMode) & expiratoryPauseButton -> X(expiratoryPause & inValveClose & outValveClose))),G ((PCVMode | PSVMode) & expiratoryPauseButton -> (G (expiratoryPause -> (G (!expiratoryPhaseEnd) U expiratoryPhaseEnd) & (G (expiratoryPhaseEnd & expiratoryPause) U (!expiratoryPause | (!,None
ARTEMIS,17,"In PCV and PSV modes there shall be the possibility to initiate an Expiratory Pause if it is set by the GUI: When the Expiratory Pause is set by the GUI, the ventilator shall wait for the end of the next expiration phase, and if the Expiratory Pause is still required, both the inspiratory and expiratory valves will close until the expiratory pause is stopped by the GUI.",!expiratoryPauseButton & expiratoryPhaseEnd U (expiratoryPauseButton & expiratoryPhaseEnd & G((PCVMode | PSVMode) & expiratoryPauseButton -> X(expiratoryPause & inValveClose & outValveClose))),G ((PCVMode | PSVMode) & expiratoryPauseButton -> (G (expiratoryPause -> (G (!expiratoryPhaseEnd) U expiratoryPhaseEnd) & (G (expiratoryPhaseEnd & expiratoryPause) U (!expiratoryPause | (!,None
ARTEMIS,17,"In PCV and PSV modes there shall be the possibility to initiate an Expiratory Pause if it is set by the GUI: When the Expiratory Pause is set by the GUI, the ventilator shall wait for the end of the next expiration phase, and if the Expiratory Pause is still required, both the inspiratory and expiratory valves will close until the expiratory pause is stopped by the GUI.",!expiratoryPauseButton & expiratoryPhaseEnd U (expiratoryPauseButton & expiratoryPhaseEnd & G((PCVMode | PSVMode) & expiratoryPauseButton -> X(expiratoryPause & inValveClose & outValveClose))),G ((PCVMode | PSVMode) & expiratoryPauseButton -> (G (expiratoryPause -> (G (!expiratoryPhaseEnd) U expiratoryPhaseEnd) & (G (expiratoryPhaseEnd & expiratoryPause) U (!expiratoryPause | (!,None
ARTEMIS,17,"In PCV and PSV modes there shall be the possibility to initiate an Expiratory Pause if it is set by the GUI: When the Expiratory Pause is set by the GUI, the ventilator shall wait for the end of the next expiration phase, and if the Expiratory Pause is still required, both the inspiratory and expiratory valves will close until the expiratory pause is stopped by the GUI.",!expiratoryPauseButton & expiratoryPhaseEnd U (expiratoryPauseButton & expiratoryPhaseEnd & G((PCVMode | PSVMode) & expiratoryPauseButton -> X(expiratoryPause & inValveClose & outValveClose))),G ((PCVMode | PSVMode) & expiratoryPauseButton -> (G (expiratoryPause -> (G (!expiratoryPhaseEnd) U expiratoryPhaseEnd) & (G (expiratoryPhaseEnd & expiratoryPause) U (!expiratoryPause | (!,None
ARTEMIS,17,"In PCV and PSV modes there shall be the possibility to initiate an Expiratory Pause if it is set by the GUI: When the Expiratory Pause is set by the GUI, the ventilator shall wait for the end of the next expiration phase, and if the Expiratory Pause is still required, both the inspiratory and expiratory valves will close until the expiratory pause is stopped by the GUI.",!expiratoryPauseButton & expiratoryPhaseEnd U (expiratoryPauseButton & expiratoryPhaseEnd & G((PCVMode | PSVMode) & expiratoryPauseButton -> X(expiratoryPause & inValveClose & outValveClose))),G ((PCVMode | PSVMode) & expiratoryPauseButton -> (G (expiratoryPause -> (G (!expiratoryPhaseEnd) U expiratoryPhaseEnd) & (G (expiratoryPhaseEnd & expiratoryPause) U (!expiratoryPause | (!,None
ARTEMIS,17,"In PCV and PSV modes there shall be the possibility to initiate an Expiratory Pause if it is set by the GUI: When the Expiratory Pause is set by the GUI, the ventilator shall wait for the end of the next expiration phase, and if the Expiratory Pause is still required, both the inspiratory and expiratory valves will close until the expiratory pause is stopped by the GUI.",!expiratoryPauseButton & expiratoryPhaseEnd U (expiratoryPauseButton & expiratoryPhaseEnd & G((PCVMode | PSVMode) & expiratoryPauseButton -> X(expiratoryPause & inValveClose & outValveClose))),G ((PCVMode | PSVMode) & expiratoryPauseButton -> (G (expiratoryPause -> (G (!expiratoryPhaseEnd) U expiratoryPhaseEnd) & (G (expiratoryPhaseEnd & expiratoryPause) U (!expiratoryPause | (!,None
ARTEMIS,17,"In PCV and PSV modes there shall be the possibility to initiate an Expiratory Pause if it is set by the GUI: When the Expiratory Pause is set by the GUI, the ventilator shall wait for the end of the next expiration phase, and if the Expiratory Pause is still required, both the inspiratory and expiratory valves will close until the expiratory pause is stopped by the GUI.",!expiratoryPauseButton & expiratoryPhaseEnd U (expiratoryPauseButton & expiratoryPhaseEnd & G((PCVMode | PSVMode) & expiratoryPauseButton -> X(expiratoryPause & inValveClose & outValveClose))),G ((PCVMode | PSVMode) & expiratoryPauseButton -> (G (expiratoryPause -> (G (!expiratoryPhaseEnd) U expiratoryPhaseEnd) & (G (expiratoryPhaseEnd & expiratoryPause) U (!expiratoryPause | (!,None
ARTEMIS,17,"In PCV and PSV modes there shall be the possibility to initiate an Expiratory Pause if it is set by the GUI: When the Expiratory Pause is set by the GUI, the ventilator shall wait for the end of the next expiration phase, and if the Expiratory Pause is still required, both the inspiratory and expiratory valves will close until the expiratory pause is stopped by the GUI.",!expiratoryPauseButton & expiratoryPhaseEnd U (expiratoryPauseButton & expiratoryPhaseEnd & G((PCVMode | PSVMode) & expiratoryPauseButton -> X(expiratoryPause & inValveClose & outValveClose))),G ((PCVMode | PSVMode) & expiratoryPauseButton -> (G (expiratoryPause -> (G (!expiratoryPhaseEnd) U expiratoryPhaseEnd) & (G (expiratoryPhaseEnd & expiratoryPause) U (!expiratoryPause | (!,None
ARTEMIS,17,"In PCV and PSV modes there shall be the possibility to initiate an Expiratory Pause if it is set by the GUI: When the Expiratory Pause is set by the GUI, the ventilator shall wait for the end of the next expiration phase, and if the Expiratory Pause is still required, both the inspiratory and expiratory valves will close until the expiratory pause is stopped by the GUI.",!expiratoryPauseButton & expiratoryPhaseEnd U (expiratoryPauseButton & expiratoryPhaseEnd & G((PCVMode | PSVMode) & expiratoryPauseButton -> X(expiratoryPause & inValveClose & outValveClose))),G ((PCVMode | PSVMode) & expiratoryPauseButton -> (G (expiratoryPause -> (G (!expiratoryPhaseEnd) U expiratoryPhaseEnd) & (G (expiratoryPhaseEnd & expiratoryPause) U (!expiratoryPause | (!,None
ARTEMIS,17,"In PCV and PSV modes there shall be the possibility to initiate an Expiratory Pause if it is set by the GUI: When the Expiratory Pause is set by the GUI, the ventilator shall wait for the end of the next expiration phase, and if the Expiratory Pause is still required, both the inspiratory and expiratory valves will close until the expiratory pause is stopped by the GUI.",!expiratoryPauseButton & expiratoryPhaseEnd U (expiratoryPauseButton & expiratoryPhaseEnd & G((PCVMode | PSVMode) & expiratoryPauseButton -> X(expiratoryPause & inValveClose & outValveClose))),G ((PCVMode | PSVMode) & expiratoryPauseButton -> (G (expiratoryPause -> (G (!expiratoryPhaseEnd) U expiratoryPhaseEnd) & (G (expiratoryPhaseEnd & expiratoryPause) U (!expiratoryPause | (!,None
ARTEMIS,17,"In PCV and PSV modes there shall be the possibility to initiate an Expiratory Pause if it is set by the GUI: When the Expiratory Pause is set by the GUI, the ventilator shall wait for the end of the next expiration phase, and if the Expiratory Pause is still required, both the inspiratory and expiratory valves will close until the expiratory pause is stopped by the GUI.",!expiratoryPauseButton & expiratoryPhaseEnd U (expiratoryPauseButton & expiratoryPhaseEnd & G((PCVMode | PSVMode) & expiratoryPauseButton -> X(expiratoryPause & inValveClose & outValveClose))),G ((PCVMode | PSVMode) & expiratoryPauseButton -> (G (expiratoryPause -> (G (!expiratoryPhaseEnd) U expiratoryPhaseEnd) & (G (expiratoryPhaseEnd & expiratoryPause) U (!expiratoryPause | (!,None
ARTEMIS,17,"In PCV and PSV modes there shall be the possibility to initiate an Expiratory Pause if it is set by the GUI: When the Expiratory Pause is set by the GUI, the ventilator shall wait for the end of the next expiration phase, and if the Expiratory Pause is still required, both the inspiratory and expiratory valves will close until the expiratory pause is stopped by the GUI.",!expiratoryPauseButton & expiratoryPhaseEnd U (expiratoryPauseButton & expiratoryPhaseEnd & G((PCVMode | PSVMode) & expiratoryPauseButton -> X(expiratoryPause & inValveClose & outValveClose))),G ((PCVMode | PSVMode) & expiratoryPauseButton -> (G (expiratoryPause -> (G (!expiratoryPhaseEnd) U expiratoryPhaseEnd) & (G (expiratoryPhaseEnd & expiratoryPause) U (!expiratoryPause | (!,None
ARTEMIS,17,"In PCV and PSV modes there shall be the possibility to initiate an Expiratory Pause if it is set by the GUI: When the Expiratory Pause is set by the GUI, the ventilator shall wait for the end of the next expiration phase, and if the Expiratory Pause is still required, both the inspiratory and expiratory valves will close until the expiratory pause is stopped by the GUI.",!expiratoryPauseButton & expiratoryPhaseEnd U (expiratoryPauseButton & expiratoryPhaseEnd & G((PCVMode | PSVMode) & expiratoryPauseButton -> X(expiratoryPause & inValveClose & outValveClose))),G ((PCVMode | PSVMode) & expiratoryPauseButton -> (G (expiratoryPause -> (G (!expiratoryPhaseEnd) U expiratoryPhaseEnd) & (G (expiratoryPhaseEnd & expiratoryPause) U (!expiratoryPause | (!,None
ARTEMIS,17,"In PCV and PSV modes there shall be the possibility to initiate an Expiratory Pause if it is set by the GUI: When the Expiratory Pause is set by the GUI, the ventilator shall wait for the end of the next expiration phase, and if the Expiratory Pause is still required, both the inspiratory and expiratory valves will close until the expiratory pause is stopped by the GUI.",!expiratoryPauseButton & expiratoryPhaseEnd U (expiratoryPauseButton & expiratoryPhaseEnd & G((PCVMode | PSVMode) & expiratoryPauseButton -> X(expiratoryPause & inValveClose & outValveClose))),G ((PCVMode | PSVMode) & expiratoryPauseButton -> (G (expiratoryPause -> (G (!expiratoryPhaseEnd) U expiratoryPhaseEnd) & (G (expiratoryPhaseEnd & expiratoryPause) U (!expiratoryPause | (!,None
ARTEMIS,17,"In PCV and PSV modes there shall be the possibility to initiate an Expiratory Pause if it is set by the GUI: When the Expiratory Pause is set by the GUI, the ventilator shall wait for the end of the next expiration phase, and if the Expiratory Pause is still required, both the inspiratory and expiratory valves will close until the expiratory pause is stopped by the GUI.",!expiratoryPauseButton & expiratoryPhaseEnd U (expiratoryPauseButton & expiratoryPhaseEnd & G((PCVMode | PSVMode) & expiratoryPauseButton -> X(expiratoryPause & inValveClose & outValveClose))),G ((PCVMode | PSVMode) & expiratoryPauseButton -> (G (expiratoryPause -> (G (!expiratoryPhaseEnd) U expiratoryPhaseEnd) & (G (expiratoryPhaseEnd & expiratoryPause) U (!expiratoryPause | (!,None
ARTEMIS,17,"In PCV and PSV modes there shall be the possibility to initiate an Expiratory Pause if it is set by the GUI: When the Expiratory Pause is set by the GUI, the ventilator shall wait for the end of the next expiration phase, and if the Expiratory Pause is still required, both the inspiratory and expiratory valves will close until the expiratory pause is stopped by the GUI.",!expiratoryPauseButton & expiratoryPhaseEnd U (expiratoryPauseButton & expiratoryPhaseEnd & G((PCVMode | PSVMode) & expiratoryPauseButton -> X(expiratoryPause & inValveClose & outValveClose))),G ((PCVMode | PSVMode) & expiratoryPauseButton -> (G (expiratoryPause -> (G (!expiratoryPhaseEnd) U expiratoryPhaseEnd) & (G (expiratoryPhaseEnd & expiratoryPause) U (!expiratoryPause | (!,None
ARTEMIS,17,"In PCV and PSV modes there shall be the possibility to initiate an Expiratory Pause if it is set by the GUI: When the Expiratory Pause is set by the GUI, the ventilator shall wait for the end of the next expiration phase, and if the Expiratory Pause is still required, both the inspiratory and expiratory valves will close until the expiratory pause is stopped by the GUI.",!expiratoryPauseButton & expiratoryPhaseEnd U (expiratoryPauseButton & expiratoryPhaseEnd & G((PCVMode | PSVMode) & expiratoryPauseButton -> X(expiratoryPause & inValveClose & outValveClose))),G ((PCVMode | PSVMode) & expiratoryPauseButton -> (G (expiratoryPause -> (G (!expiratoryPhaseEnd) U expiratoryPhaseEnd) & (G (expiratoryPhaseEnd & expiratoryPause) U (!expiratoryPause | (!,None
ARTEMIS,17,"In PCV and PSV modes there shall be the possibility to initiate an Expiratory Pause if it is set by the GUI: When the Expiratory Pause is set by the GUI, the ventilator shall wait for the end of the next expiration phase, and if the Expiratory Pause is still required, both the inspiratory and expiratory valves will close until the expiratory pause is stopped by the GUI.",!expiratoryPauseButton & expiratoryPhaseEnd U (expiratoryPauseButton & expiratoryPhaseEnd & G((PCVMode | PSVMode) & expiratoryPauseButton -> X(expiratoryPause & inValveClose & outValveClose))),G ((PCVMode | PSVMode) & expiratoryPauseButton -> (G (expiratoryPause -> (G (!expiratoryPhaseEnd) U expiratoryPhaseEnd) & (G (expiratoryPhaseEnd & expiratoryPause) U (!expiratoryPause | (!,None
ARTEMIS,17,"In PCV and PSV modes there shall be the possibility to initiate an Expiratory Pause if it is set by the GUI: When the Expiratory Pause is set by the GUI, the ventilator shall wait for the end of the next expiration phase, and if the Expiratory Pause is still required, both the inspiratory and expiratory valves will close until the expiratory pause is stopped by the GUI.",!expiratoryPauseButton & expiratoryPhaseEnd U (expiratoryPauseButton & expiratoryPhaseEnd & G((PCVMode | PSVMode) & expiratoryPauseButton -> X(expiratoryPause & inValveClose & outValveClose))),G ((PCVMode | PSVMode) & expiratoryPauseButton -> (G (expiratoryPause -> (G (!expiratoryPhaseEnd) U expiratoryPhaseEnd) & (G (expiratoryPhaseEnd & expiratoryPause) U (!expiratoryPause | (!,None
ARTEMIS,17,"In PCV and PSV modes there shall be the possibility to initiate an Expiratory Pause if it is set by the GUI: When the Expiratory Pause is set by the GUI, the ventilator shall wait for the end of the next expiration phase, and if the Expiratory Pause is still required, both the inspiratory and expiratory valves will close until the expiratory pause is stopped by the GUI.",!expiratoryPauseButton & expiratoryPhaseEnd U (expiratoryPauseButton & expiratoryPhaseEnd & G((PCVMode | PSVMode) & expiratoryPauseButton -> X(expiratoryPause & inValveClose & outValveClose))),G ((PCVMode | PSVMode) & expiratoryPauseButton -> (G (expiratoryPause -> (G (!expiratoryPhaseEnd) U expiratoryPhaseEnd) & (G (expiratoryPhaseEnd & expiratoryPause) U (!expiratoryPause | (!,None
ARTEMIS,17,"In PCV and PSV modes there shall be the possibility to initiate an Expiratory Pause if it is set by the GUI: When the Expiratory Pause is set by the GUI, the ventilator shall wait for the end of the next expiration phase, and if the Expiratory Pause is still required, both the inspiratory and expiratory valves will close until the expiratory pause is stopped by the GUI.",!expiratoryPauseButton & expiratoryPhaseEnd U (expiratoryPauseButton & expiratoryPhaseEnd & G((PCVMode | PSVMode) & expiratoryPauseButton -> X(expiratoryPause & inValveClose & outValveClose))),G ((PCVMode | PSVMode) & expiratoryPauseButton -> (G (expiratoryPause -> (G (!expiratoryPhaseEnd) U expiratoryPhaseEnd) & (G (expiratoryPhaseEnd & expiratoryPause) U (!expiratoryPause | (!,None
ARTEMIS,17,"In PCV and PSV modes there shall be the possibility to initiate an Expiratory Pause if it is set by the GUI: When the Expiratory Pause is set by the GUI, the ventilator shall wait for the end of the next expiration phase, and if the Expiratory Pause is still required, both the inspiratory and expiratory valves will close until the expiratory pause is stopped by the GUI.",!expiratoryPauseButton & expiratoryPhaseEnd U (expiratoryPauseButton & expiratoryPhaseEnd & G((PCVMode | PSVMode) & expiratoryPauseButton -> X(expiratoryPause & inValveClose & outValveClose))),G ((PCVMode | PSVMode) & expiratoryPauseButton -> (G (expiratoryPause -> (G (!expiratoryPhaseEnd) U expiratoryPhaseEnd) & (G (expiratoryPhaseEnd & expiratoryPause) U (!expiratoryPause | (!,None
ARTEMIS,17,"In PCV and PSV modes there shall be the possibility to initiate an Expiratory Pause if it is set by the GUI: When the Expiratory Pause is set by the GUI, the ventilator shall wait for the end of the next expiration phase, and if the Expiratory Pause is still required, both the inspiratory and expiratory valves will close until the expiratory pause is stopped by the GUI.",!expiratoryPauseButton & expiratoryPhaseEnd U (expiratoryPauseButton & expiratoryPhaseEnd & G((PCVMode | PSVMode) & expiratoryPauseButton -> X(expiratoryPause & inValveClose & outValveClose))),G ((PCVMode | PSVMode) & expiratoryPauseButton -> (G (expiratoryPause -> (G (!expiratoryPhaseEnd) U expiratoryPhaseEnd) & (G (expiratoryPhaseEnd & expiratoryPause) U (!expiratoryPause | (!,None
ARTEMIS,17,"In PCV and PSV modes there shall be the possibility to initiate an Expiratory Pause if it is set by the GUI: When the Expiratory Pause is set by the GUI, the ventilator shall wait for the end of the next expiration phase, and if the Expiratory Pause is still required, both the inspiratory and expiratory valves will close until the expiratory pause is stopped by the GUI.",!expiratoryPauseButton & expiratoryPhaseEnd U (expiratoryPauseButton & expiratoryPhaseEnd & G((PCVMode | PSVMode) & expiratoryPauseButton -> X(expiratoryPause & inValveClose & outValveClose))),G ((PCVMode | PSVMode) & expiratoryPauseButton -> (G (expiratoryPause -> (G (!expiratoryPhaseEnd) U expiratoryPhaseEnd) & (G (expiratoryPhaseEnd & expiratoryPause) U (!expiratoryPause | (!,None
ARTEMIS,17,"In PCV and PSV modes there shall be the possibility to initiate an Expiratory Pause if it is set by the GUI: When the Expiratory Pause is set by the GUI, the ventilator shall wait for the end of the next expiration phase, and if the Expiratory Pause is still required, both the inspiratory and expiratory valves will close until the expiratory pause is stopped by the GUI.",!expiratoryPauseButton & expiratoryPhaseEnd U (expiratoryPauseButton & expiratoryPhaseEnd & G((PCVMode | PSVMode) & expiratoryPauseButton -> X(expiratoryPause & inValveClose & outValveClose))),G ((PCVMode | PSVMode) & expiratoryPauseButton -> (G (expiratoryPause -> (G (!expiratoryPhaseEnd) U expiratoryPhaseEnd) & (G (expiratoryPhaseEnd & expiratoryPause) U (!expiratoryPause | (!,None
ARTEMIS,17,"In PCV and PSV modes there shall be the possibility to initiate an Expiratory Pause if it is set by the GUI: When the Expiratory Pause is set by the GUI, the ventilator shall wait for the end of the next expiration phase, and if the Expiratory Pause is still required, both the inspiratory and expiratory valves will close until the expiratory pause is stopped by the GUI.",!expiratoryPauseButton & expiratoryPhaseEnd U (expiratoryPauseButton & expiratoryPhaseEnd & G((PCVMode | PSVMode) & expiratoryPauseButton -> X(expiratoryPause & inValveClose & outValveClose))),G ((PCVMode | PSVMode) & expiratoryPauseButton -> (G (expiratoryPause -> (G (!expiratoryPhaseEnd) U expiratoryPhaseEnd) & (G (expiratoryPhaseEnd & expiratoryPause) U (!expiratoryPause | (!,None
ARTEMIS,17,"In PCV and PSV modes there shall be the possibility to initiate an Expiratory Pause if it is set by the GUI: When the Expiratory Pause is set by the GUI, the ventilator shall wait for the end of the next expiration phase, and if the Expiratory Pause is still required, both the inspiratory and expiratory valves will close until the expiratory pause is stopped by the GUI.",!expiratoryPauseButton & expiratoryPhaseEnd U (expiratoryPauseButton & expiratoryPhaseEnd & G((PCVMode | PSVMode) & expiratoryPauseButton -> X(expiratoryPause & inValveClose & outValveClose))),G ((PCVMode | PSVMode) & expiratoryPauseButton -> (G (expiratoryPause -> (G (!expiratoryPhaseEnd) U expiratoryPhaseEnd) & (G (expiratoryPhaseEnd & expiratoryPause) U (!expiratoryPause | (!,None
ARTEMIS,17,"In PCV and PSV modes there shall be the possibility to initiate an Expiratory Pause if it is set by the GUI: When the Expiratory Pause is set by the GUI, the ventilator shall wait for the end of the next expiration phase, and if the Expiratory Pause is still required, both the inspiratory and expiratory valves will close until the expiratory pause is stopped by the GUI.",!expiratoryPauseButton & expiratoryPhaseEnd U (expiratoryPauseButton & expiratoryPhaseEnd & G((PCVMode | PSVMode) & expiratoryPauseButton -> X(expiratoryPause & inValveClose & outValveClose))),G ((PCVMode | PSVMode) & expiratoryPauseButton -> (G (expiratoryPause -> (G (!expiratoryPhaseEnd) U expiratoryPhaseEnd) & (G (expiratoryPhaseEnd & expiratoryPause) U (!expiratoryPause | (!,None
ARTEMIS,17,"In PCV and PSV modes there shall be the possibility to initiate an Expiratory Pause if it is set by the GUI: When the Expiratory Pause is set by the GUI, the ventilator shall wait for the end of the next expiration phase, and if the Expiratory Pause is still required, both the inspiratory and expiratory valves will close until the expiratory pause is stopped by the GUI.",!expiratoryPauseButton & expiratoryPhaseEnd U (expiratoryPauseButton & expiratoryPhaseEnd & G((PCVMode | PSVMode) & expiratoryPauseButton -> X(expiratoryPause & inValveClose & outValveClose))),G ((PCVMode | PSVMode) & expiratoryPauseButton -> (G (expiratoryPause -> (G (!expiratoryPhaseEnd) U expiratoryPhaseEnd) & (G (expiratoryPhaseEnd & expiratoryPause) U (!expiratoryPause | (!,None
ARTEMIS,17,"In PCV and PSV modes there shall be the possibility to initiate an Expiratory Pause if it is set by the GUI: When the Expiratory Pause is set by the GUI, the ventilator shall wait for the end of the next expiration phase, and if the Expiratory Pause is still required, both the inspiratory and expiratory valves will close until the expiratory pause is stopped by the GUI.",!expiratoryPauseButton & expiratoryPhaseEnd U (expiratoryPauseButton & expiratoryPhaseEnd & G((PCVMode | PSVMode) & expiratoryPauseButton -> X(expiratoryPause & inValveClose & outValveClose))),G ((PCVMode | PSVMode) & expiratoryPauseButton -> (G (expiratoryPause -> (G (!expiratoryPhaseEnd) U expiratoryPhaseEnd) & (G (expiratoryPhaseEnd & expiratoryPause) U (!expiratoryPause | (!,None
ARTEMIS,17,"In PCV and PSV modes there shall be the possibility to initiate an Expiratory Pause if it is set by the GUI: When the Expiratory Pause is set by the GUI, the ventilator shall wait for the end of the next expiration phase, and if the Expiratory Pause is still required, both the inspiratory and expiratory valves will close until the expiratory pause is stopped by the GUI.",!expiratoryPauseButton & expiratoryPhaseEnd U (expiratoryPauseButton & expiratoryPhaseEnd & G((PCVMode | PSVMode) & expiratoryPauseButton -> X(expiratoryPause & inValveClose & outValveClose))),G ((PCVMode | PSVMode) & expiratoryPauseButton -> (G (expiratoryPause -> (G (!expiratoryPhaseEnd) U expiratoryPhaseEnd) & (G (expiratoryPhaseEnd & expiratoryPause) U (!expiratoryPause | (!,None
ARTEMIS,17,"In PCV and PSV modes there shall be the possibility to initiate an Expiratory Pause if it is set by the GUI: When the Expiratory Pause is set by the GUI, the ventilator shall wait for the end of the next expiration phase, and if the Expiratory Pause is still required, both the inspiratory and expiratory valves will close until the expiratory pause is stopped by the GUI.",!expiratoryPauseButton & expiratoryPhaseEnd U (expiratoryPauseButton & expiratoryPhaseEnd & G((PCVMode | PSVMode) & expiratoryPauseButton -> X(expiratoryPause & inValveClose & outValveClose))),G ((PCVMode | PSVMode) & expiratoryPauseButton -> (G (expiratoryPause -> (G (!expiratoryPhaseEnd) U expiratoryPhaseEnd) & (G (expiratoryPhaseEnd & expiratoryPause) U (!expiratoryPause | (!,None
ARTEMIS,17,"In PCV and PSV modes there shall be the possibility to initiate an Expiratory Pause if it is set by the GUI: When the Expiratory Pause is set by the GUI, the ventilator shall wait for the end of the next expiration phase, and if the Expiratory Pause is still required, both the inspiratory and expiratory valves will close until the expiratory pause is stopped by the GUI.",!expiratoryPauseButton & expiratoryPhaseEnd U (expiratoryPauseButton & expiratoryPhaseEnd & G((PCVMode | PSVMode) & expiratoryPauseButton -> X(expiratoryPause & inValveClose & outValveClose))),G ((PCVMode | PSVMode) & expiratoryPauseButton -> (G (expiratoryPause -> (G (!expiratoryPhaseEnd) U expiratoryPhaseEnd) & (G (expiratoryPhaseEnd & expiratoryPause) U (!expiratoryPause | (!,None
ARTEMIS,17,"In PCV and PSV modes there shall be the possibility to initiate an Expiratory Pause if it is set by the GUI: When the Expiratory Pause is set by the GUI, the ventilator shall wait for the end of the next expiration phase, and if the Expiratory Pause is still required, both the inspiratory and expiratory valves will close until the expiratory pause is stopped by the GUI.",!expiratoryPauseButton & expiratoryPhaseEnd U (expiratoryPauseButton & expiratoryPhaseEnd & G((PCVMode | PSVMode) & expiratoryPauseButton -> X(expiratoryPause & inValveClose & outValveClose))),G ((PCVMode | PSVMode) & expiratoryPauseButton -> (G (expiratoryPause -> (G (!expiratoryPhaseEnd) U expiratoryPhaseEnd) & (G (expiratoryPhaseEnd & expiratoryPause) U (!expiratoryPause | (!,None
ARTEMIS,17,"In PCV and PSV modes there shall be the possibility to initiate an Expiratory Pause if it is set by the GUI: When the Expiratory Pause is set by the GUI, the ventilator shall wait for the end of the next expiration phase, and if the Expiratory Pause is still required, both the inspiratory and expiratory valves will close until the expiratory pause is stopped by the GUI.",!expiratoryPauseButton & expiratoryPhaseEnd U (expiratoryPauseButton & expiratoryPhaseEnd & G((PCVMode | PSVMode) & expiratoryPauseButton -> X(expiratoryPause & inValveClose & outValveClose))),G ((PCVMode | PSVMode) & expiratoryPauseButton -> (G (expiratoryPause -> (G (!expiratoryPhaseEnd) U expiratoryPhaseEnd) & (G (expiratoryPhaseEnd & expiratoryPause) U (!expiratoryPause | (!,None
ARTEMIS,17,"In PCV and PSV modes there shall be the possibility to initiate an Expiratory Pause if it is set by the GUI: When the Expiratory Pause is set by the GUI, the ventilator shall wait for the end of the next expiration phase, and if the Expiratory Pause is still required, both the inspiratory and expiratory valves will close until the expiratory pause is stopped by the GUI.",!expiratoryPauseButton & expiratoryPhaseEnd U (expiratoryPauseButton & expiratoryPhaseEnd & G((PCVMode | PSVMode) & expiratoryPauseButton -> X(expiratoryPause & inValveClose & outValveClose))),G ((PCVMode | PSVMode) & expiratoryPauseButton -> (G (expiratoryPause -> (G (!expiratoryPhaseEnd) U expiratoryPhaseEnd) & (G (expiratoryPhaseEnd & expiratoryPause) U (!expiratoryPause | (!,None
ARTEMIS,17,"In PCV and PSV modes there shall be the possibility to initiate an Expiratory Pause if it is set by the GUI: When the Expiratory Pause is set by the GUI, the ventilator shall wait for the end of the next expiration phase, and if the Expiratory Pause is still required, both the inspiratory and expiratory valves will close until the expiratory pause is stopped by the GUI.",!expiratoryPauseButton & expiratoryPhaseEnd U (expiratoryPauseButton & expiratoryPhaseEnd & G((PCVMode | PSVMode) & expiratoryPauseButton -> X(expiratoryPause & inValveClose & outValveClose))),G ((PCVMode | PSVMode) & expiratoryPauseButton -> (G (expiratoryPause -> (G (!expiratoryPhaseEnd) U expiratoryPhaseEnd) & (G (expiratoryPhaseEnd & expiratoryPause) U (!expiratoryPause | (!,None
ARTEMIS,17,"In PCV and PSV modes there shall be the possibility to initiate an Expiratory Pause if it is set by the GUI: When the Expiratory Pause is set by the GUI, the ventilator shall wait for the end of the next expiration phase, and if the Expiratory Pause is still required, both the inspiratory and expiratory valves will close until the expiratory pause is stopped by the GUI.",!expiratoryPauseButton & expiratoryPhaseEnd U (expiratoryPauseButton & expiratoryPhaseEnd & G((PCVMode | PSVMode) & expiratoryPauseButton -> X(expiratoryPause & inValveClose & outValveClose))),G ((PCVMode | PSVMode) & expiratoryPauseButton -> (G (expiratoryPause -> (G (!expiratoryPhaseEnd) U expiratoryPhaseEnd) & (G (expiratoryPhaseEnd & expiratoryPause) U (!expiratoryPause | (!,None
ARTEMIS,17,"In PCV and PSV modes there shall be the possibility to initiate an Expiratory Pause if it is set by the GUI: When the Expiratory Pause is set by the GUI, the ventilator shall wait for the end of the next expiration phase, and if the Expiratory Pause is still required, both the inspiratory and expiratory valves will close until the expiratory pause is stopped by the GUI.",!expiratoryPauseButton & expiratoryPhaseEnd U (expiratoryPauseButton & expiratoryPhaseEnd & G((PCVMode | PSVMode) & expiratoryPauseButton -> X(expiratoryPause & inValveClose & outValveClose))),G ((PCVMode | PSVMode) & expiratoryPauseButton -> (G (expiratoryPause -> (G (!expiratoryPhaseEnd) U expiratoryPhaseEnd) & (G (expiratoryPhaseEnd & expiratoryPause) U (!expiratoryPause | (!,None
ARTEMIS,17,"In PCV and PSV modes there shall be the possibility to initiate an Expiratory Pause if it is set by the GUI: When the Expiratory Pause is set by the GUI, the ventilator shall wait for the end of the next expiration phase, and if the Expiratory Pause is still required, both the inspiratory and expiratory valves will close until the expiratory pause is stopped by the GUI.",!expiratoryPauseButton & expiratoryPhaseEnd U (expiratoryPauseButton & expiratoryPhaseEnd & G((PCVMode | PSVMode) & expiratoryPauseButton -> X(expiratoryPause & inValveClose & outValveClose))),G ((PCVMode | PSVMode) & expiratoryPauseButton -> (G (expiratoryPause -> (G (!expiratoryPhaseEnd) U expiratoryPhaseEnd) & (G (expiratoryPhaseEnd & expiratoryPause) U (!expiratoryPause | (!,None
ARTEMIS,17,"In PCV and PSV modes there shall be the possibility to initiate an Expiratory Pause if it is set by the GUI: When the Expiratory Pause is set by the GUI, the ventilator shall wait for the end of the next expiration phase, and if the Expiratory Pause is still required, both the inspiratory and expiratory valves will close until the expiratory pause is stopped by the GUI.",!expiratoryPauseButton & expiratoryPhaseEnd U (expiratoryPauseButton & expiratoryPhaseEnd & G((PCVMode | PSVMode) & expiratoryPauseButton -> X(expiratoryPause & inValveClose & outValveClose))),G ((PCVMode | PSVMode) & expiratoryPauseButton -> (G (expiratoryPause -> (G (!expiratoryPhaseEnd) U expiratoryPhaseEnd) & (G (expiratoryPhaseEnd & expiratoryPause) U (!expiratoryPause | (!,None
ARTEMIS,17,"In PCV and PSV modes there shall be the possibility to initiate an Expiratory Pause if it is set by the GUI: When the Expiratory Pause is set by the GUI, the ventilator shall wait for the end of the next expiration phase, and if the Expiratory Pause is still required, both the inspiratory and expiratory valves will close until the expiratory pause is stopped by the GUI.",!expiratoryPauseButton & expiratoryPhaseEnd U (expiratoryPauseButton & expiratoryPhaseEnd & G((PCVMode | PSVMode) & expiratoryPauseButton -> X(expiratoryPause & inValveClose & outValveClose))),G ((PCVMode | PSVMode) & expiratoryPauseButton -> (G (expiratoryPause -> (G (!expiratoryPhaseEnd) U expiratoryPhaseEnd) & (G (expiratoryPhaseEnd & expiratoryPause) U (!expiratoryPause | (!,None
ARTEMIS,17,"In PCV and PSV modes there shall be the possibility to initiate an Expiratory Pause if it is set by the GUI: When the Expiratory Pause is set by the GUI, the ventilator shall wait for the end of the next expiration phase, and if the Expiratory Pause is still required, both the inspiratory and expiratory valves will close until the expiratory pause is stopped by the GUI.",!expiratoryPauseButton & expiratoryPhaseEnd U (expiratoryPauseButton & expiratoryPhaseEnd & G((PCVMode | PSVMode) & expiratoryPauseButton -> X(expiratoryPause & inValveClose & outValveClose))),G ((PCVMode | PSVMode) & expiratoryPauseButton -> (G (expiratoryPause -> (G (!expiratoryPhaseEnd) U expiratoryPhaseEnd) & (G (expiratoryPhaseEnd & expiratoryPause) U (!expiratoryPause | (!,None
ARTEMIS,17,"In PCV and PSV modes there shall be the possibility to initiate an Expiratory Pause if it is set by the GUI: When the Expiratory Pause is set by the GUI, the ventilator shall wait for the end of the next expiration phase, and if the Expiratory Pause is still required, both the inspiratory and expiratory valves will close until the expiratory pause is stopped by the GUI.",!expiratoryPauseButton & expiratoryPhaseEnd U (expiratoryPauseButton & expiratoryPhaseEnd & G((PCVMode | PSVMode) & expiratoryPauseButton -> X(expiratoryPause & inValveClose & outValveClose))),G ((PCVMode | PSVMode) & expiratoryPauseButton -> (G (expiratoryPause -> (G (!expiratoryPhaseEnd) U expiratoryPhaseEnd) & (G (expiratoryPhaseEnd & expiratoryPause) U (!expiratoryPause | (!,None
ARTEMIS,17,"In PCV and PSV modes there shall be the possibility to initiate an Expiratory Pause if it is set by the GUI: When the Expiratory Pause is set by the GUI, the ventilator shall wait for the end of the next expiration phase, and if the Expiratory Pause is still required, both the inspiratory and expiratory valves will close until the expiratory pause is stopped by the GUI.",!expiratoryPauseButton & expiratoryPhaseEnd U (expiratoryPauseButton & expiratoryPhaseEnd & G((PCVMode | PSVMode) & expiratoryPauseButton -> X(expiratoryPause & inValveClose & outValveClose))),G ((PCVMode | PSVMode) & expiratoryPauseButton -> (G (expiratoryPause -> (G (!expiratoryPhaseEnd) U expiratoryPhaseEnd) & (G (expiratoryPhaseEnd & expiratoryPause) U (!expiratoryPause | (!,None
ARTEMIS,17,"In PCV and PSV modes there shall be the possibility to initiate an Expiratory Pause if it is set by the GUI: When the Expiratory Pause is set by the GUI, the ventilator shall wait for the end of the next expiration phase, and if the Expiratory Pause is still required, both the inspiratory and expiratory valves will close until the expiratory pause is stopped by the GUI.",!expiratoryPauseButton & expiratoryPhaseEnd U (expiratoryPauseButton & expiratoryPhaseEnd & G((PCVMode | PSVMode) & expiratoryPauseButton -> X(expiratoryPause & inValveClose & outValveClose))),G ((PCVMode | PSVMode) & expiratoryPauseButton -> (G (expiratoryPause -> (G (!expiratoryPhaseEnd) U expiratoryPhaseEnd) & (G (expiratoryPhaseEnd & expiratoryPause) U (!expiratoryPause | (!,None
ARTEMIS,17,"In PCV and PSV modes there shall be the possibility to initiate an Expiratory Pause if it is set by the GUI: When the Expiratory Pause is set by the GUI, the ventilator shall wait for the end of the next expiration phase, and if the Expiratory Pause is still required, both the inspiratory and expiratory valves will close until the expiratory pause is stopped by the GUI.",!expiratoryPauseButton & expiratoryPhaseEnd U (expiratoryPauseButton & expiratoryPhaseEnd & G((PCVMode | PSVMode) & expiratoryPauseButton -> X(expiratoryPause & inValveClose & outValveClose))),G ((PCVMode | PSVMode) & expiratoryPauseButton -> (G (expiratoryPause -> (G (!expiratoryPhaseEnd) U expiratoryPhaseEnd) & (G (expiratoryPhaseEnd & expiratoryPause) U (!expiratoryPause | (!,None
ARTEMIS,17,"In PCV and PSV modes there shall be the possibility to initiate an Expiratory Pause if it is set by the GUI: When the Expiratory Pause is set by the GUI, the ventilator shall wait for the end of the next expiration phase, and if the Expiratory Pause is still required, both the inspiratory and expiratory valves will close until the expiratory pause is stopped by the GUI.",!expiratoryPauseButton & expiratoryPhaseEnd U (expiratoryPauseButton & expiratoryPhaseEnd & G((PCVMode | PSVMode) & expiratoryPauseButton -> X(expiratoryPause & inValveClose & outValveClose))),G ((PCVMode | PSVMode) & expiratoryPauseButton -> (G (expiratoryPause -> (G (!expiratoryPhaseEnd) U expiratoryPhaseEnd) & (G (expiratoryPhaseEnd & expiratoryPause) U (!expiratoryPause | (!,None
ARTEMIS,17,"In PCV and PSV modes there shall be the possibility to initiate an Expiratory Pause if it is set by the GUI: When the Expiratory Pause is set by the GUI, the ventilator shall wait for the end of the next expiration phase, and if the Expiratory Pause is still required, both the inspiratory and expiratory valves will close until the expiratory pause is stopped by the GUI.",!expiratoryPauseButton & expiratoryPhaseEnd U (expiratoryPauseButton & expiratoryPhaseEnd & G((PCVMode | PSVMode) & expiratoryPauseButton -> X(expiratoryPause & inValveClose & outValveClose))),G ((PCVMode | PSVMode) & expiratoryPauseButton -> (G (expiratoryPause -> (G (!expiratoryPhaseEnd) U expiratoryPhaseEnd) & (G (expiratoryPhaseEnd & expiratoryPause) U (!expiratoryPause | (!,None
ARTEMIS,17,"In PCV and PSV modes there shall be the possibility to initiate an Expiratory Pause if it is set by the GUI: When the Expiratory Pause is set by the GUI, the ventilator shall wait for the end of the next expiration phase, and if the Expiratory Pause is still required, both the inspiratory and expiratory valves will close until the expiratory pause is stopped by the GUI.",!expiratoryPauseButton & expiratoryPhaseEnd U (expiratoryPauseButton & expiratoryPhaseEnd & G((PCVMode | PSVMode) & expiratoryPauseButton -> X(expiratoryPause & inValveClose & outValveClose))),G ((PCVMode | PSVMode) & expiratoryPauseButton -> (G (expiratoryPause -> (G (!expiratoryPhaseEnd) U expiratoryPhaseEnd) & (G (expiratoryPhaseEnd & expiratoryPause) U (!expiratoryPause | (!,None
ARTEMIS,17,"In PCV and PSV modes there shall be the possibility to initiate an Expiratory Pause if it is set by the GUI: When the Expiratory Pause is set by the GUI, the ventilator shall wait for the end of the next expiration phase, and if the Expiratory Pause is still required, both the inspiratory and expiratory valves will close until the expiratory pause is stopped by the GUI.",!expiratoryPauseButton & expiratoryPhaseEnd U (expiratoryPauseButton & expiratoryPhaseEnd & G((PCVMode | PSVMode) & expiratoryPauseButton -> X(expiratoryPause & inValveClose & outValveClose))),G ((PCVMode | PSVMode) & expiratoryPauseButton -> (G (expiratoryPause -> (G (!expiratoryPhaseEnd) U expiratoryPhaseEnd) & (G (expiratoryPhaseEnd & expiratoryPause) U (!expiratoryPause | (!,None
ARTEMIS,17,"In PCV and PSV modes there shall be the possibility to initiate an Expiratory Pause if it is set by the GUI: When the Expiratory Pause is set by the GUI, the ventilator shall wait for the end of the next expiration phase, and if the Expiratory Pause is still required, both the inspiratory and expiratory valves will close until the expiratory pause is stopped by the GUI.",!expiratoryPauseButton & expiratoryPhaseEnd U (expiratoryPauseButton & expiratoryPhaseEnd & G((PCVMode | PSVMode) & expiratoryPauseButton -> X(expiratoryPause & inValveClose & outValveClose))),G ((PCVMode | PSVMode) & expiratoryPauseButton -> (G (expiratoryPause -> (G (!expiratoryPhaseEnd) U expiratoryPhaseEnd) & (G (expiratoryPhaseEnd & expiratoryPause) U (!expiratoryPause | (!,None
ARTEMIS,17,"In PCV and PSV modes there shall be the possibility to initiate an Expiratory Pause if it is set by the GUI: When the Expiratory Pause is set by the GUI, the ventilator shall wait for the end of the next expiration phase, and if the Expiratory Pause is still required, both the inspiratory and expiratory valves will close until the expiratory pause is stopped by the GUI.",!expiratoryPauseButton & expiratoryPhaseEnd U (expiratoryPauseButton & expiratoryPhaseEnd & G((PCVMode | PSVMode) & expiratoryPauseButton -> X(expiratoryPause & inValveClose & outValveClose))),G ((PCVMode | PSVMode) & expiratoryPauseButton -> (G (expiratoryPause -> (G (!expiratoryPhaseEnd) U expiratoryPhaseEnd) & (G (expiratoryPhaseEnd & expiratoryPause) U (!expiratoryPause | (!,None
ARTEMIS,17,"In PCV and PSV modes there shall be the possibility to initiate an Expiratory Pause if it is set by the GUI: When the Expiratory Pause is set by the GUI, the ventilator shall wait for the end of the next expiration phase, and if the Expiratory Pause is still required, both the inspiratory and expiratory valves will close until the expiratory pause is stopped by the GUI.",!expiratoryPauseButton & expiratoryPhaseEnd U (expiratoryPauseButton & expiratoryPhaseEnd & G((PCVMode | PSVMode) & expiratoryPauseButton -> X(expiratoryPause & inValveClose & outValveClose))),G ((PCVMode | PSVMode) & expiratoryPauseButton -> (G (expiratoryPause -> (G (!expiratoryPhaseEnd) U expiratoryPhaseEnd) & (G (expiratoryPhaseEnd & expiratoryPause) U (!expiratoryPause | (!,None
ARTEMIS,17,"In PCV and PSV modes there shall be the possibility to initiate an Expiratory Pause if it is set by the GUI: When the Expiratory Pause is set by the GUI, the ventilator shall wait for the end of the next expiration phase, and if the Expiratory Pause is still required, both the inspiratory and expiratory valves will close until the expiratory pause is stopped by the GUI.",!expiratoryPauseButton & expiratoryPhaseEnd U (expiratoryPauseButton & expiratoryPhaseEnd & G((PCVMode | PSVMode) & expiratoryPauseButton -> X(expiratoryPause & inValveClose & outValveClose))),G ((PCVMode | PSVMode) & expiratoryPauseButton -> (G (expiratoryPause -> (G (!expiratoryPhaseEnd) U expiratoryPhaseEnd) & (G (expiratoryPhaseEnd & expiratoryPause) U (!expiratoryPause | (!,None
ARTEMIS,17,"In PCV and PSV modes there shall be the possibility to initiate an Expiratory Pause if it is set by the GUI: When the Expiratory Pause is set by the GUI, the ventilator shall wait for the end of the next expiration phase, and if the Expiratory Pause is still required, both the inspiratory and expiratory valves will close until the expiratory pause is stopped by the GUI.",!expiratoryPauseButton & expiratoryPhaseEnd U (expiratoryPauseButton & expiratoryPhaseEnd & G((PCVMode | PSVMode) & expiratoryPauseButton -> X(expiratoryPause & inValveClose & outValveClose))),G ((PCVMode | PSVMode) & expiratoryPauseButton -> (G (expiratoryPause -> (G (!expiratoryPhaseEnd) U expiratoryPhaseEnd) & (G (expiratoryPhaseEnd & expiratoryPause) U (!expiratoryPause | (!,None
ARTEMIS,17,"In PCV and PSV modes there shall be the possibility to initiate an Expiratory Pause if it is set by the GUI: When the Expiratory Pause is set by the GUI, the ventilator shall wait for the end of the next expiration phase, and if the Expiratory Pause is still required, both the inspiratory and expiratory valves will close until the expiratory pause is stopped by the GUI.",!expiratoryPauseButton & expiratoryPhaseEnd U (expiratoryPauseButton & expiratoryPhaseEnd & G((PCVMode | PSVMode) & expiratoryPauseButton -> X(expiratoryPause & inValveClose & outValveClose))),G ((PCVMode | PSVMode) & expiratoryPauseButton -> (G (expiratoryPause -> (G (!expiratoryPhaseEnd) U expiratoryPhaseEnd) & (G (expiratoryPhaseEnd & expiratoryPause) U (!expiratoryPause | (!,None
ARTEMIS,17,"In PCV and PSV modes there shall be the possibility to initiate an Expiratory Pause if it is set by the GUI: When the Expiratory Pause is set by the GUI, the ventilator shall wait for the end of the next expiration phase, and if the Expiratory Pause is still required, both the inspiratory and expiratory valves will close until the expiratory pause is stopped by the GUI.",!expiratoryPauseButton & expiratoryPhaseEnd U (expiratoryPauseButton & expiratoryPhaseEnd & G((PCVMode | PSVMode) & expiratoryPauseButton -> X(expiratoryPause & inValveClose & outValveClose))),G ((PCVMode | PSVMode) & expiratoryPauseButton -> (G (expiratoryPause -> (G (!expiratoryPhaseEnd) U expiratoryPhaseEnd) & (G (expiratoryPhaseEnd & expiratoryPause) U (!expiratoryPause | (!,None
ARTEMIS,17,"In PCV and PSV modes there shall be the possibility to initiate an Expiratory Pause if it is set by the GUI: When the Expiratory Pause is set by the GUI, the ventilator shall wait for the end of the next expiration phase, and if the Expiratory Pause is still required, both the inspiratory and expiratory valves will close until the expiratory pause is stopped by the GUI.",!expiratoryPauseButton & expiratoryPhaseEnd U (expiratoryPauseButton & expiratoryPhaseEnd & G((PCVMode | PSVMode) & expiratoryPauseButton -> X(expiratoryPause & inValveClose & outValveClose))),G ((PCVMode | PSVMode) & expiratoryPauseButton -> (G (expiratoryPause -> (G (!expiratoryPhaseEnd) U expiratoryPhaseEnd) & (G (expiratoryPhaseEnd & expiratoryPause) U (!expiratoryPause | (!,None
ARTEMIS,17,"In PCV and PSV modes there shall be the possibility to initiate an Expiratory Pause if it is set by the GUI: When the Expiratory Pause is set by the GUI, the ventilator shall wait for the end of the next expiration phase, and if the Expiratory Pause is still required, both the inspiratory and expiratory valves will close until the expiratory pause is stopped by the GUI.",!expiratoryPauseButton & expiratoryPhaseEnd U (expiratoryPauseButton & expiratoryPhaseEnd & G((PCVMode | PSVMode) & expiratoryPauseButton -> X(expiratoryPause & inValveClose & outValveClose))),G ((PCVMode | PSVMode) & expiratoryPauseButton -> (G (expiratoryPause -> (G (!expiratoryPhaseEnd) U expiratoryPhaseEnd) & (G (expiratoryPhaseEnd & expiratoryPause) U (!expiratoryPause | (!,None
ARTEMIS,17,"In PCV and PSV modes there shall be the possibility to initiate an Expiratory Pause if it is set by the GUI: When the Expiratory Pause is set by the GUI, the ventilator shall wait for the end of the next expiration phase, and if the Expiratory Pause is still required, both the inspiratory and expiratory valves will close until the expiratory pause is stopped by the GUI.",!expiratoryPauseButton & expiratoryPhaseEnd U (expiratoryPauseButton & expiratoryPhaseEnd & G((PCVMode | PSVMode) & expiratoryPauseButton -> X(expiratoryPause & inValveClose & outValveClose))),G ((PCVMode | PSVMode) & expiratoryPauseButton -> (G (expiratoryPause -> (G (!expiratoryPhaseEnd) U expiratoryPhaseEnd) & (G (expiratoryPhaseEnd & expiratoryPause) U (!expiratoryPause | (!,None
ARTEMIS,17,"In PCV and PSV modes there shall be the possibility to initiate an Expiratory Pause if it is set by the GUI: When the Expiratory Pause is set by the GUI, the ventilator shall wait for the end of the next expiration phase, and if the Expiratory Pause is still required, both the inspiratory and expiratory valves will close until the expiratory pause is stopped by the GUI.",!expiratoryPauseButton & expiratoryPhaseEnd U (expiratoryPauseButton & expiratoryPhaseEnd & G((PCVMode | PSVMode) & expiratoryPauseButton -> X(expiratoryPause & inValveClose & outValveClose))),G ((PCVMode | PSVMode) & expiratoryPauseButton -> (G (expiratoryPause -> (G (!expiratoryPhaseEnd) U expiratoryPhaseEnd) & (G (expiratoryPhaseEnd & expiratoryPause) U (!expiratoryPause | (!,None
ARTEMIS,36,The transition from VentilationOff to PCV mode shall occur if the change mode command is received from the GUI.,!(PCVModeSelected) U ((PCVModeSelected) & G(StandbyMode -> F(PCVMode))),G (VentilationOff & change_mode_command -> X PCVMode),False
ARTEMIS,36,The transition from VentilationOff to PCV mode shall occur if the change mode command is received from the GUI.,!(PCVModeSelected) U ((PCVModeSelected) & G(StandbyMode -> F(PCVMode))),G (VentilationOff & change_mode_command -> X PCVMode),False
ARTEMIS,36,The transition from VentilationOff to PCV mode shall occur if the change mode command is received from the GUI.,!(PCVModeSelected) U ((PCVModeSelected) & G(StandbyMode -> F(PCVMode))),G (VentilationOff & change_mode_command -> X PCVMode),False
ARTEMIS,36,The transition from VentilationOff to PCV mode shall occur if the change mode command is received from the GUI.,!(PCVModeSelected) U ((PCVModeSelected) & G(StandbyMode -> F(PCVMode))),G (VentilationOff & change_mode_command -> X PCVMode),False
ARTEMIS,36,The transition from VentilationOff to PCV mode shall occur if the change mode command is received from the GUI.,!(PCVModeSelected) U ((PCVModeSelected) & G(StandbyMode -> F(PCVMode))),G (VentilationOff & change_mode_command -> X PCVMode),False
ARTEMIS,36,The transition from VentilationOff to PCV mode shall occur if the change mode command is received from the GUI.,!(PCVModeSelected) U ((PCVModeSelected) & G(StandbyMode -> F(PCVMode))),G (VentilationOff & change_mode_command -> X PCVMode),False
ARTEMIS,36,The transition from VentilationOff to PCV mode shall occur if the change mode command is received from the GUI.,!(PCVModeSelected) U ((PCVModeSelected) & G(StandbyMode -> F(PCVMode))),G (VentilationOff & change_mode_command -> X PCVMode),False
ARTEMIS,36,The transition from VentilationOff to PCV mode shall occur if the change mode command is received from the GUI.,!(PCVModeSelected) U ((PCVModeSelected) & G(StandbyMode -> F(PCVMode))),G (VentilationOff & change_mode_command -> X PCVMode),False
ARTEMIS,36,The transition from VentilationOff to PCV mode shall occur if the change mode command is received from the GUI.,!(PCVModeSelected) U ((PCVModeSelected) & G(StandbyMode -> F(PCVMode))),G (VentilationOff & change_mode_command -> X PCVMode),False
ARTEMIS,36,The transition from VentilationOff to PCV mode shall occur if the change mode command is received from the GUI.,!(PCVModeSelected) U ((PCVModeSelected) & G(StandbyMode -> F(PCVMode))),G (VentilationOff & X PCVModeSelected -> X PCVMode),False
ARTEMIS,36,The transition from VentilationOff to PCV mode shall occur if the change mode command is received from the GUI.,!(PCVModeSelected) U ((PCVModeSelected) & G(StandbyMode -> F(PCVMode))),G (VentilationOff & X PCVModeSelected -> X PCVMode),False
ARTEMIS,36,The transition from VentilationOff to PCV mode shall occur if the change mode command is received from the GUI.,!(PCVModeSelected) U ((PCVModeSelected) & G(StandbyMode -> F(PCVMode))),G (VentilationOff & change_mode_command -> X PCVMode),False
ARTEMIS,36,The transition from VentilationOff to PCV mode shall occur if the change mode command is received from the GUI.,!(PCVModeSelected) U ((PCVModeSelected) & G(StandbyMode -> F(PCVMode))),G (VentilationOff & X PCVModeSelected -> X PCVMode),False
ARTEMIS,36,The transition from VentilationOff to PCV mode shall occur if the change mode command is received from the GUI.,!(PCVModeSelected) U ((PCVModeSelected) & G(StandbyMode -> F(PCVMode))),G (VentilationOff & change_mode_command -> X PCVMode),False
ARTEMIS,36,The transition from VentilationOff to PCV mode shall occur if the change mode command is received from the GUI.,!(PCVModeSelected) U ((PCVModeSelected) & G(StandbyMode -> F(PCVMode))),G (VentilationOff & X PCVModeSelected -> X PCVMode),False
ARTEMIS,36,The transition from VentilationOff to PCV mode shall occur if the change mode command is received from the GUI.,!(PCVModeSelected) U ((PCVModeSelected) & G(StandbyMode -> F(PCVMode))),G (VentilationOff & change_mode_command -> X PCVMode),False
ARTEMIS,36,The transition from VentilationOff to PCV mode shall occur if the change mode command is received from the GUI.,!(PCVModeSelected) U ((PCVModeSelected) & G(StandbyMode -> F(PCVMode))),G (VentilationOff & X PCVModeSelected -> X PCVMode),False
ARTEMIS,36,The transition from VentilationOff to PCV mode shall occur if the change mode command is received from the GUI.,!(PCVModeSelected) U ((PCVModeSelected) & G(StandbyMode -> F(PCVMode))),G (VentilationOff & change_mode_command -> X PCVMode),False
ARTEMIS,36,The transition from VentilationOff to PCV mode shall occur if the change mode command is received from the GUI.,!(PCVModeSelected) U ((PCVModeSelected) & G(StandbyMode -> F(PCVMode))),G (VentilationOff & change_mode_command -> X PCVMode),False
ARTEMIS,36,The transition from VentilationOff to PCV mode shall occur if the change mode command is received from the GUI.,!(PCVModeSelected) U ((PCVModeSelected) & G(StandbyMode -> F(PCVMode))),G (VentilationOff & change_mode_command -> X PCVMode),False
ARTEMIS,36,The transition from VentilationOff to PCV mode shall occur if the change mode command is received from the GUI.,!(PCVModeSelected) U ((PCVModeSelected) & G(StandbyMode -> F(PCVMode))),G (VentilationOff & change_mode_command -> X PCVMode),False
ARTEMIS,36,The transition from VentilationOff to PCV mode shall occur if the change mode command is received from the GUI.,!(PCVModeSelected) U ((PCVModeSelected) & G(StandbyMode -> F(PCVMode))),G (VentilationOff & change_mode_command -> X PCVMode),False
ARTEMIS,36,The transition from VentilationOff to PCV mode shall occur if the change mode command is received from the GUI.,!(PCVModeSelected) U ((PCVModeSelected) & G(StandbyMode -> F(PCVMode))),G (VentilationOff & change_mode_command -> X PCVMode),False
ARTEMIS,36,The transition from VentilationOff to PCV mode shall occur if the change mode command is received from the GUI.,!(PCVModeSelected) U ((PCVModeSelected) & G(StandbyMode -> F(PCVMode))),G (VentilationOff & change_mode_command -> X PCVMode),False
ARTEMIS,36,The transition from VentilationOff to PCV mode shall occur if the change mode command is received from the GUI.,!(PCVModeSelected) U ((PCVModeSelected) & G(StandbyMode -> F(PCVMode))),G (VentilationOff & change_mode_command -> X PCVMode),False
ARTEMIS,36,The transition from VentilationOff to PCV mode shall occur if the change mode command is received from the GUI.,!(PCVModeSelected) U ((PCVModeSelected) & G(StandbyMode -> F(PCVMode))),G (VentilationOff & change_mode_command -> X PCVMode),False
ARTEMIS,36,The transition from VentilationOff to PCV mode shall occur if the change mode command is received from the GUI.,!(PCVModeSelected) U ((PCVModeSelected) & G(StandbyMode -> F(PCVMode))),G (VentilationOff & change_mode_command -> X PCVMode),False
ARTEMIS,36,The transition from VentilationOff to PCV mode shall occur if the change mode command is received from the GUI.,!(PCVModeSelected) U ((PCVModeSelected) & G(StandbyMode -> F(PCVMode))),G (VentilationOff & change_mode_command -> X PCVMode),False
ARTEMIS,36,The transition from VentilationOff to PCV mode shall occur if the change mode command is received from the GUI.,!(PCVModeSelected) U ((PCVModeSelected) & G(StandbyMode -> F(PCVMode))),G (VentilationOff & change_mode_command -> X PCVMode),False
ARTEMIS,36,The transition from VentilationOff to PCV mode shall occur if the change mode command is received from the GUI.,!(PCVModeSelected) U ((PCVModeSelected) & G(StandbyMode -> F(PCVMode))),G (VentilationOff & change_mode_command -> X PCVMode),False
ARTEMIS,36,The transition from VentilationOff to PCV mode shall occur if the change mode command is received from the GUI.,!(PCVModeSelected) U ((PCVModeSelected) & G(StandbyMode -> F(PCVMode))),G (VentilationOff & change_mode_command -> X PCVMode),False
ARTEMIS,36,The transition from VentilationOff to PCV mode shall occur if the change mode command is received from the GUI.,!(PCVModeSelected) U ((PCVModeSelected) & G(StandbyMode -> F(PCVMode))),G (VentilationOff & change_mode_command -> X PCVMode),False
ARTEMIS,36,The transition from VentilationOff to PCV mode shall occur if the change mode command is received from the GUI.,!(PCVModeSelected) U ((PCVModeSelected) & G(StandbyMode -> F(PCVMode))),G (VentilationOff & change_mode_command -> X PCVMode),False
ARTEMIS,36,The transition from VentilationOff to PCV mode shall occur if the change mode command is received from the GUI.,!(PCVModeSelected) U ((PCVModeSelected) & G(StandbyMode -> F(PCVMode))),G (VentilationOff & change_mode_command -> X PCVMode),False
ARTEMIS,36,The transition from VentilationOff to PCV mode shall occur if the change mode command is received from the GUI.,!(PCVModeSelected) U ((PCVModeSelected) & G(StandbyMode -> F(PCVMode))),G (VentilationOff & change_mode_command -> X PCVMode),False
ARTEMIS,36,The transition from VentilationOff to PCV mode shall occur if the change mode command is received from the GUI.,!(PCVModeSelected) U ((PCVModeSelected) & G(StandbyMode -> F(PCVMode))),G (VentilationOff & change_mode_command -> X PCVMode),False
ARTEMIS,36,The transition from VentilationOff to PCV mode shall occur if the change mode command is received from the GUI.,!(PCVModeSelected) U ((PCVModeSelected) & G(StandbyMode -> F(PCVMode))),G (VentilationOff & change_mode_command -> X PCVMode),False
ARTEMIS,36,The transition from VentilationOff to PCV mode shall occur if the change mode command is received from the GUI.,!(PCVModeSelected) U ((PCVModeSelected) & G(StandbyMode -> F(PCVMode))),G (VentilationOff & change_mode_command -> X PCVMode),False
ARTEMIS,36,The transition from VentilationOff to PCV mode shall occur if the change mode command is received from the GUI.,!(PCVModeSelected) U ((PCVModeSelected) & G(StandbyMode -> F(PCVMode))),G (VentilationOff & change_mode_command -> X PCVMode),False
ARTEMIS,36,The transition from VentilationOff to PCV mode shall occur if the change mode command is received from the GUI.,!(PCVModeSelected) U ((PCVModeSelected) & G(StandbyMode -> F(PCVMode))),G (VentilationOff & change_mode_command -> X PCVMode),False
ARTEMIS,36,The transition from VentilationOff to PCV mode shall occur if the change mode command is received from the GUI.,!(PCVModeSelected) U ((PCVModeSelected) & G(StandbyMode -> F(PCVMode))),G (VentilationOff & change_mode_command -> X PCVMode),False
ARTEMIS,36,The transition from VentilationOff to PCV mode shall occur if the change mode command is received from the GUI.,!(PCVModeSelected) U ((PCVModeSelected) & G(StandbyMode -> F(PCVMode))),G (VentilationOff & change_mode_command -> X PCVMode),False
ARTEMIS,36,The transition from VentilationOff to PCV mode shall occur if the change mode command is received from the GUI.,!(PCVModeSelected) U ((PCVModeSelected) & G(StandbyMode -> F(PCVMode))),G (VentilationOff & change_mode_command -> X PCVMode),False
ARTEMIS,36,The transition from VentilationOff to PCV mode shall occur if the change mode command is received from the GUI.,!(PCVModeSelected) U ((PCVModeSelected) & G(StandbyMode -> F(PCVMode))),G (VentilationOff & change_mode_command -> X PCVMode),False
ARTEMIS,36,The transition from VentilationOff to PCV mode shall occur if the change mode command is received from the GUI.,!(PCVModeSelected) U ((PCVModeSelected) & G(StandbyMode -> F(PCVMode))),G (VentilationOff & change_mode_command -> X PCVMode),False
ARTEMIS,36,The transition from VentilationOff to PCV mode shall occur if the change mode command is received from the GUI.,!(PCVModeSelected) U ((PCVModeSelected) & G(StandbyMode -> F(PCVMode))),G (VentilationOff & change_mode_command -> X PCVMode),False
ARTEMIS,36,The transition from VentilationOff to PCV mode shall occur if the change mode command is received from the GUI.,!(PCVModeSelected) U ((PCVModeSelected) & G(StandbyMode -> F(PCVMode))),G (VentilationOff & change_mode_command -> X PCVMode),False
ARTEMIS,36,The transition from VentilationOff to PCV mode shall occur if the change mode command is received from the GUI.,!(PCVModeSelected) U ((PCVModeSelected) & G(StandbyMode -> F(PCVMode))),G (VentilationOff & change_mode_command -> X PCVMode),False
ARTEMIS,36,The transition from VentilationOff to PCV mode shall occur if the change mode command is received from the GUI.,!(PCVModeSelected) U ((PCVModeSelected) & G(StandbyMode -> F(PCVMode))),G (VentilationOff & change_mode_command -> X PCVMode),False
ARTEMIS,36,The transition from VentilationOff to PCV mode shall occur if the change mode command is received from the GUI.,!(PCVModeSelected) U ((PCVModeSelected) & G(StandbyMode -> F(PCVMode))),G (VentilationOff & change_mode_command -> X PCVMode),False
ARTEMIS,36,The transition from VentilationOff to PCV mode shall occur if the change mode command is received from the GUI.,!(PCVModeSelected) U ((PCVModeSelected) & G(StandbyMode -> F(PCVMode))),G (VentilationOff & change_mode_command -> X PCVMode),False
ARTEMIS,36,The transition from VentilationOff to PCV mode shall occur if the change mode command is received from the GUI.,!(PCVModeSelected) U ((PCVModeSelected) & G(StandbyMode -> F(PCVMode))),G (VentilationOff & change_mode_command -> X PCVMode),False
ARTEMIS,36,The transition from VentilationOff to PCV mode shall occur if the change mode command is received from the GUI.,!(PCVModeSelected) U ((PCVModeSelected) & G(StandbyMode -> F(PCVMode))),G (VentilationOff & change_mode_command -> X PCVMode),False
ARTEMIS,36,The transition from VentilationOff to PCV mode shall occur if the change mode command is received from the GUI.,!(PCVModeSelected) U ((PCVModeSelected) & G(StandbyMode -> F(PCVMode))),G (VentilationOff & change_mode_command -> X PCVMode),False
ARTEMIS,36,The transition from VentilationOff to PCV mode shall occur if the change mode command is received from the GUI.,!(PCVModeSelected) U ((PCVModeSelected) & G(StandbyMode -> F(PCVMode))),G (VentilationOff & change_mode_command -> X PCVMode),False
ARTEMIS,36,The transition from VentilationOff to PCV mode shall occur if the change mode command is received from the GUI.,!(PCVModeSelected) U ((PCVModeSelected) & G(StandbyMode -> F(PCVMode))),G (VentilationOff & change_mode_command -> X PCVMode),False
ARTEMIS,36,The transition from VentilationOff to PCV mode shall occur if the change mode command is received from the GUI.,!(PCVModeSelected) U ((PCVModeSelected) & G(StandbyMode -> F(PCVMode))),G (VentilationOff & change_mode_command -> X PCVMode),False
ARTEMIS,36,The transition from VentilationOff to PCV mode shall occur if the change mode command is received from the GUI.,!(PCVModeSelected) U ((PCVModeSelected) & G(StandbyMode -> F(PCVMode))),G (VentilationOff & change_mode_command -> X PCVMode),False
ARTEMIS,36,The transition from VentilationOff to PCV mode shall occur if the change mode command is received from the GUI.,!(PCVModeSelected) U ((PCVModeSelected) & G(StandbyMode -> F(PCVMode))),G (VentilationOff & change_mode_command -> X PCVMode),False
ARTEMIS,36,The transition from VentilationOff to PCV mode shall occur if the change mode command is received from the GUI.,!(PCVModeSelected) U ((PCVModeSelected) & G(StandbyMode -> F(PCVMode))),G (VentilationOff & change_mode_command -> X PCVMode),False
ARTEMIS,36,The transition from VentilationOff to PCV mode shall occur if the change mode command is received from the GUI.,!(PCVModeSelected) U ((PCVModeSelected) & G(StandbyMode -> F(PCVMode))),G (VentilationOff & change_mode_command -> X PCVMode),False
ARTEMIS,36,The transition from VentilationOff to PCV mode shall occur if the change mode command is received from the GUI.,!(PCVModeSelected) U ((PCVModeSelected) & G(StandbyMode -> F(PCVMode))),G (VentilationOff & change_mode_command -> X PCVMode),False
ARTEMIS,36,The transition from VentilationOff to PCV mode shall occur if the change mode command is received from the GUI.,!(PCVModeSelected) U ((PCVModeSelected) & G(StandbyMode -> F(PCVMode))),G (VentilationOff & X PCVModeSelected -> X PCVMode),False
ARTEMIS,36,The transition from VentilationOff to PCV mode shall occur if the change mode command is received from the GUI.,!(PCVModeSelected) U ((PCVModeSelected) & G(StandbyMode -> F(PCVMode))),G (VentilationOff & X PCVModeSelected -> X PCVMode),False
ARTEMIS,36,The transition from VentilationOff to PCV mode shall occur if the change mode command is received from the GUI.,!(PCVModeSelected) U ((PCVModeSelected) & G(StandbyMode -> F(PCVMode))),G (VentilationOff & change_mode_command -> X PCVMode),False
ARTEMIS,36,The transition from VentilationOff to PCV mode shall occur if the change mode command is received from the GUI.,!(PCVModeSelected) U ((PCVModeSelected) & G(StandbyMode -> F(PCVMode))),G (VentilationOff & change_mode_command -> X PCVMode),False
ARTEMIS,36,The transition from VentilationOff to PCV mode shall occur if the change mode command is received from the GUI.,!(PCVModeSelected) U ((PCVModeSelected) & G(StandbyMode -> F(PCVMode))),G (VentilationOff & change_mode_command -> X PCVMode),False
ARTEMIS,36,The transition from VentilationOff to PCV mode shall occur if the change mode command is received from the GUI.,!(PCVModeSelected) U ((PCVModeSelected) & G(StandbyMode -> F(PCVMode))),G (VentilationOff & change_mode_command -> X PCVMode),False
ARTEMIS,36,The transition from VentilationOff to PCV mode shall occur if the change mode command is received from the GUI.,!(PCVModeSelected) U ((PCVModeSelected) & G(StandbyMode -> F(PCVMode))),G (VentilationOff & change_mode_command -> X PCVMode),False
ARTEMIS,36,The transition from VentilationOff to PCV mode shall occur if the change mode command is received from the GUI.,!(PCVModeSelected) U ((PCVModeSelected) & G(StandbyMode -> F(PCVMode))),G (VentilationOff & change_mode_command -> X PCVMode),False
ARTEMIS,36,The transition from VentilationOff to PCV mode shall occur if the change mode command is received from the GUI.,!(PCVModeSelected) U ((PCVModeSelected) & G(StandbyMode -> F(PCVMode))),G (VentilationOff & change_mode_command -> X PCVMode),False
ARTEMIS,36,The transition from VentilationOff to PCV mode shall occur if the change mode command is received from the GUI.,!(PCVModeSelected) U ((PCVModeSelected) & G(StandbyMode -> F(PCVMode))),G (VentilationOff & X PCVModeSelected -> X PCVMode),False
ARTEMIS,36,The transition from VentilationOff to PCV mode shall occur if the change mode command is received from the GUI.,!(PCVModeSelected) U ((PCVModeSelected) & G(StandbyMode -> F(PCVMode))),G (VentilationOff & change_mode_command -> X PCVMode),False
ARTEMIS,36,The transition from VentilationOff to PCV mode shall occur if the change mode command is received from the GUI.,!(PCVModeSelected) U ((PCVModeSelected) & G(StandbyMode -> F(PCVMode))),G (VentilationOff & change_mode_command -> X PCVMode),False
ARTEMIS,36,The transition from VentilationOff to PCV mode shall occur if the change mode command is received from the GUI.,!(PCVModeSelected) U ((PCVModeSelected) & G(StandbyMode -> F(PCVMode))),G (VentilationOff & change_mode_command -> X PCVMode),False
ARTEMIS,36,The transition from VentilationOff to PCV mode shall occur if the change mode command is received from the GUI.,!(PCVModeSelected) U ((PCVModeSelected) & G(StandbyMode -> F(PCVMode))),G (VentilationOff & change_mode_command -> X PCVMode),False
ARTEMIS,36,The transition from VentilationOff to PCV mode shall occur if the change mode command is received from the GUI.,!(PCVModeSelected) U ((PCVModeSelected) & G(StandbyMode -> F(PCVMode))),G (VentilationOff & change_mode_command -> X PCVMode),False
ARTEMIS,36,The transition from VentilationOff to PCV mode shall occur if the change mode command is received from the GUI.,!(PCVModeSelected) U ((PCVModeSelected) & G(StandbyMode -> F(PCVMode))),G (VentilationOff & change_mode_command -> X PCVMode),False
ARTEMIS,36,The transition from VentilationOff to PCV mode shall occur if the change mode command is received from the GUI.,!(PCVModeSelected) U ((PCVModeSelected) & G(StandbyMode -> F(PCVMode))),G (VentilationOff & change_mode_command -> X PCVMode),False
ARTEMIS,36,The transition from VentilationOff to PCV mode shall occur if the change mode command is received from the GUI.,!(PCVModeSelected) U ((PCVModeSelected) & G(StandbyMode -> F(PCVMode))),G (VentilationOff & change_mode_command -> X PCVMode),False
ARTEMIS,36,The transition from VentilationOff to PCV mode shall occur if the change mode command is received from the GUI.,!(PCVModeSelected) U ((PCVModeSelected) & G(StandbyMode -> F(PCVMode))),G (VentilationOff & change_mode_command -> X PCVMode),False
ARTEMIS,36,The transition from VentilationOff to PCV mode shall occur if the change mode command is received from the GUI.,!(PCVModeSelected) U ((PCVModeSelected) & G(StandbyMode -> F(PCVMode))),G (VentilationOff & change_mode_command -> X PCVMode),False
ARTEMIS,36,The transition from VentilationOff to PCV mode shall occur if the change mode command is received from the GUI.,!(PCVModeSelected) U ((PCVModeSelected) & G(StandbyMode -> F(PCVMode))),G (VentilationOff & change_mode_command -> X PCVMode),False
ARTEMIS,36,The transition from VentilationOff to PCV mode shall occur if the change mode command is received from the GUI.,!(PCVModeSelected) U ((PCVModeSelected) & G(StandbyMode -> F(PCVMode))),G (VentilationOff & change_mode_command -> X PCVMode),False
ARTEMIS,36,The transition from VentilationOff to PCV mode shall occur if the change mode command is received from the GUI.,!(PCVModeSelected) U ((PCVModeSelected) & G(StandbyMode -> F(PCVMode))),G (VentilationOff & change_mode_command -> X PCVMode),False
ARTEMIS,36,The transition from VentilationOff to PCV mode shall occur if the change mode command is received from the GUI.,!(PCVModeSelected) U ((PCVModeSelected) & G(StandbyMode -> F(PCVMode))),G (VentilationOff & change_mode_command -> X PCVMode),False
ARTEMIS,36,The transition from VentilationOff to PCV mode shall occur if the change mode command is received from the GUI.,!(PCVModeSelected) U ((PCVModeSelected) & G(StandbyMode -> F(PCVMode))),G (VentilationOff & change_mode_command -> X PCVMode),False
ARTEMIS,36,The transition from VentilationOff to PCV mode shall occur if the change mode command is received from the GUI.,!(PCVModeSelected) U ((PCVModeSelected) & G(StandbyMode -> F(PCVMode))),G (VentilationOff & change_mode_command -> X PCVMode),False
ARTEMIS,36,The transition from VentilationOff to PCV mode shall occur if the change mode command is received from the GUI.,!(PCVModeSelected) U ((PCVModeSelected) & G(StandbyMode -> F(PCVMode))),G (VentilationOff & change_mode_command -> X PCVMode),False
ARTEMIS,36,The transition from VentilationOff to PCV mode shall occur if the change mode command is received from the GUI.,!(PCVModeSelected) U ((PCVModeSelected) & G(StandbyMode -> F(PCVMode))),G (VentilationOff & change_mode_command -> X PCVMode),False
ARTEMIS,36,The transition from VentilationOff to PCV mode shall occur if the change mode command is received from the GUI.,!(PCVModeSelected) U ((PCVModeSelected) & G(StandbyMode -> F(PCVMode))),G (VentilationOff & X PCVModeSelected -> X PCVMode),False
ARTEMIS,36,The transition from VentilationOff to PCV mode shall occur if the change mode command is received from the GUI.,!(PCVModeSelected) U ((PCVModeSelected) & G(StandbyMode -> F(PCVMode))),G (VentilationOff & change_mode_command -> X PCVMode),False
ARTEMIS,36,The transition from VentilationOff to PCV mode shall occur if the change mode command is received from the GUI.,!(PCVModeSelected) U ((PCVModeSelected) & G(StandbyMode -> F(PCVMode))),G (VentilationOff & change_mode_command -> X PCVMode),False
ARTEMIS,36,The transition from VentilationOff to PCV mode shall occur if the change mode command is received from the GUI.,!(PCVModeSelected) U ((PCVModeSelected) & G(StandbyMode -> F(PCVMode))),G (VentilationOff & change_mode_command -> X PCVMode),False
ARTEMIS,36,The transition from VentilationOff to PCV mode shall occur if the change mode command is received from the GUI.,!(PCVModeSelected) U ((PCVModeSelected) & G(StandbyMode -> F(PCVMode))),G (VentilationOff & change_mode_command -> X PCVMode),False
ARTEMIS,36,The transition from VentilationOff to PCV mode shall occur if the change mode command is received from the GUI.,!(PCVModeSelected) U ((PCVModeSelected) & G(StandbyMode -> F(PCVMode))),G (VentilationOff & change_mode_command -> X PCVMode),False
ARTEMIS,36,The transition from VentilationOff to PCV mode shall occur if the change mode command is received from the GUI.,!(PCVModeSelected) U ((PCVModeSelected) & G(StandbyMode -> F(PCVMode))),G (VentilationOff & change_mode_command -> X PCVMode),False
ARTEMIS,36,The transition from VentilationOff to PCV mode shall occur if the change mode command is received from the GUI.,!(PCVModeSelected) U ((PCVModeSelected) & G(StandbyMode -> F(PCVMode))),G (VentilationOff & change_mode_command -> X PCVMode),False
ARTEMIS,36,The transition from VentilationOff to PCV mode shall occur if the change mode command is received from the GUI.,!(PCVModeSelected) U ((PCVModeSelected) & G(StandbyMode -> F(PCVMode))),G (VentilationOff & change_mode_command -> X PCVMode),False
ARTEMIS,36,The transition from VentilationOff to PCV mode shall occur if the change mode command is received from the GUI.,!(PCVModeSelected) U ((PCVModeSelected) & G(StandbyMode -> F(PCVMode))),G (VentilationOff & change_mode_command -> X PCVMode),False
ARTEMIS,39,During the self test mode the controller shall perform the self-test specified in the FUN.6.,G(SelfTestMode -> ((selfTestPass | selfTestFail))),G(SelfTestMode -> F(selfTestPass | selfTestFail)),False
ARTEMIS,39,During the self test mode the controller shall perform the self-test specified in the FUN.6.,G(SelfTestMode -> ((selfTestPass | selfTestFail))),G(SelfTestMode -> F(selfTestPass | selfTestFail)),False
ARTEMIS,39,During the self test mode the controller shall perform the self-test specified in the FUN.6.,G(SelfTestMode -> ((selfTestPass | selfTestFail))),G(SelfTestMode -> F(selfTestPass | selfTestFail)),False
ARTEMIS,39,During the self test mode the controller shall perform the self-test specified in the FUN.6.,G(SelfTestMode -> ((selfTestPass | selfTestFail))),G(SelfTestMode -> F(selfTestPass | selfTestFail)),False
ARTEMIS,39,During the self test mode the controller shall perform the self-test specified in the FUN.6.,G(SelfTestMode -> ((selfTestPass | selfTestFail))),G(SelfTestMode -> F(selfTestPass | selfTestFail)),False
ARTEMIS,39,During the self test mode the controller shall perform the self-test specified in the FUN.6.,G(SelfTestMode -> ((selfTestPass | selfTestFail))),G(SelfTestMode -> F(selfTestPass | selfTestFail)),False
ARTEMIS,39,During the self test mode the controller shall perform the self-test specified in the FUN.6.,G(SelfTestMode -> ((selfTestPass | selfTestFail))),G(SelfTestMode -> F(selfTestPass | selfTestFail)),False
ARTEMIS,39,During the self test mode the controller shall perform the self-test specified in the FUN.6.,G(SelfTestMode -> ((selfTestPass | selfTestFail))),G(SelfTestMode -> F(selfTestPass | selfTestFail)),False
ARTEMIS,39,During the self test mode the controller shall perform the self-test specified in the FUN.6.,G(SelfTestMode -> ((selfTestPass | selfTestFail))),G(SelfTestMode -> F(selfTestPass | selfTestFail)),False
ARTEMIS,39,During the self test mode the controller shall perform the self-test specified in the FUN.6.,G(SelfTestMode -> ((selfTestPass | selfTestFail))),G(SelfTestMode -> F(selfTestPass | selfTestFail)),False
ARTEMIS,39,During the self test mode the controller shall perform the self-test specified in the FUN.6.,G(SelfTestMode -> ((selfTestPass | selfTestFail))),G(SelfTestMode -> F(selfTestPass | selfTestFail)),False
ARTEMIS,39,During the self test mode the controller shall perform the self-test specified in the FUN.6.,G(SelfTestMode -> ((selfTestPass | selfTestFail))),G(SelfTestMode -> F(selfTestPass | selfTestFail)),False
ARTEMIS,39,During the self test mode the controller shall perform the self-test specified in the FUN.6.,G(SelfTestMode -> ((selfTestPass | selfTestFail))),G(SelfTestMode -> F(selfTestPass | selfTestFail)),False
ARTEMIS,39,During the self test mode the controller shall perform the self-test specified in the FUN.6.,G(SelfTestMode -> ((selfTestPass | selfTestFail))),G(SelfTestMode -> (selfTestPass | selfTestFail)),True
ARTEMIS,39,During the self test mode the controller shall perform the self-test specified in the FUN.6.,G(SelfTestMode -> ((selfTestPass | selfTestFail))),G(SelfTestMode -> F(selfTestPass | selfTestFail)),False
ARTEMIS,39,During the self test mode the controller shall perform the self-test specified in the FUN.6.,G(SelfTestMode -> ((selfTestPass | selfTestFail))),G(SelfTestMode -> F(selfTestPass | selfTestFail)),False
ARTEMIS,39,During the self test mode the controller shall perform the self-test specified in the FUN.6.,G(SelfTestMode -> ((selfTestPass | selfTestFail))),G(SelfTestMode -> F(selfTestPass | selfTestFail)),False
ARTEMIS,39,During the self test mode the controller shall perform the self-test specified in the FUN.6.,G(SelfTestMode -> ((selfTestPass | selfTestFail))),G(SelfTestMode -> F(selfTestPass | selfTestFail)),False
ARTEMIS,39,During the self test mode the controller shall perform the self-test specified in the FUN.6.,G(SelfTestMode -> ((selfTestPass | selfTestFail))),G(SelfTestMode -> F(selfTestPass | selfTestFail)),False
ARTEMIS,39,During the self test mode the controller shall perform the self-test specified in the FUN.6.,G(SelfTestMode -> ((selfTestPass | selfTestFail))),G(SelfTestMode -> F(selfTestPass | selfTestFail)),False
ARTEMIS,39,During the self test mode the controller shall perform the self-test specified in the FUN.6.,G(SelfTestMode -> ((selfTestPass | selfTestFail))),G(SelfTestMode -> F(selfTestPass | selfTestFail)),False
ARTEMIS,39,During the self test mode the controller shall perform the self-test specified in the FUN.6.,G(SelfTestMode -> ((selfTestPass | selfTestFail))),G(SelfTestMode -> F(selfTestPass | selfTestFail)),False
ARTEMIS,39,During the self test mode the controller shall perform the self-test specified in the FUN.6.,G(SelfTestMode -> ((selfTestPass | selfTestFail))),G(SelfTestMode -> F(selfTestPass | selfTestFail)),False
ARTEMIS,39,During the self test mode the controller shall perform the self-test specified in the FUN.6.,G(SelfTestMode -> ((selfTestPass | selfTestFail))),G(SelfTestMode -> F(selfTestPass | selfTestFail)),False
ARTEMIS,39,During the self test mode the controller shall perform the self-test specified in the FUN.6.,G(SelfTestMode -> ((selfTestPass | selfTestFail))),G(SelfTestMode -> (selfTestPass | selfTestFail)),True
ARTEMIS,39,During the self test mode the controller shall perform the self-test specified in the FUN.6.,G(SelfTestMode -> ((selfTestPass | selfTestFail))),G(SelfTestMode -> F(selfTestPass | selfTestFail)),False
ARTEMIS,39,During the self test mode the controller shall perform the self-test specified in the FUN.6.,G(SelfTestMode -> ((selfTestPass | selfTestFail))),G(SelfTestMode -> F(selfTestPass | selfTestFail)),False
ARTEMIS,39,During the self test mode the controller shall perform the self-test specified in the FUN.6.,G(SelfTestMode -> ((selfTestPass | selfTestFail))),G(SelfTestMode -> F(selfTestPass | selfTestFail)),False
ARTEMIS,39,During the self test mode the controller shall perform the self-test specified in the FUN.6.,G(SelfTestMode -> ((selfTestPass | selfTestFail))),G(SelfTestMode -> F(selfTestPass | selfTestFail)),False
ARTEMIS,39,During the self test mode the controller shall perform the self-test specified in the FUN.6.,G(SelfTestMode -> ((selfTestPass | selfTestFail))),G(SelfTestMode -> F(selfTestPass | selfTestFail)),False
ARTEMIS,39,During the self test mode the controller shall perform the self-test specified in the FUN.6.,G(SelfTestMode -> ((selfTestPass | selfTestFail))),G(SelfTestMode -> F(selfTestPass | selfTestFail)),False
ARTEMIS,39,During the self test mode the controller shall perform the self-test specified in the FUN.6.,G(SelfTestMode -> ((selfTestPass | selfTestFail))),G(SelfTestMode -> F(selfTestPass | selfTestFail)),False
ARTEMIS,39,During the self test mode the controller shall perform the self-test specified in the FUN.6.,G(SelfTestMode -> ((selfTestPass | selfTestFail))),G(SelfTestMode -> F(selfTestPass | selfTestFail)),False
ARTEMIS,39,During the self test mode the controller shall perform the self-test specified in the FUN.6.,G(SelfTestMode -> ((selfTestPass | selfTestFail))),G(SelfTestMode -> F(selfTestPass | selfTestFail)),False
ARTEMIS,39,During the self test mode the controller shall perform the self-test specified in the FUN.6.,G(SelfTestMode -> ((selfTestPass | selfTestFail))),G(SelfTestMode -> F(selfTestPass | selfTestFail)),False
ARTEMIS,39,During the self test mode the controller shall perform the self-test specified in the FUN.6.,G(SelfTestMode -> ((selfTestPass | selfTestFail))),G(SelfTestMode -> F(selfTestPass | selfTestFail)),False
ARTEMIS,39,During the self test mode the controller shall perform the self-test specified in the FUN.6.,G(SelfTestMode -> ((selfTestPass | selfTestFail))),G(SelfTestMode -> F(selfTestPass | selfTestFail)),False
ARTEMIS,39,During the self test mode the controller shall perform the self-test specified in the FUN.6.,G(SelfTestMode -> ((selfTestPass | selfTestFail))),G(SelfTestMode -> F(selfTestPass | selfTestFail)),False
ARTEMIS,39,During the self test mode the controller shall perform the self-test specified in the FUN.6.,G(SelfTestMode -> ((selfTestPass | selfTestFail))),G(SelfTestMode -> (selfTestPass | selfTestFail)),True
ARTEMIS,39,During the self test mode the controller shall perform the self-test specified in the FUN.6.,G(SelfTestMode -> ((selfTestPass | selfTestFail))),G(SelfTestMode -> F(selfTestPass | selfTestFail)),False
ARTEMIS,39,During the self test mode the controller shall perform the self-test specified in the FUN.6.,G(SelfTestMode -> ((selfTestPass | selfTestFail))),G(SelfTestMode -> F(selfTestPass | selfTestFail)),False
ARTEMIS,39,During the self test mode the controller shall perform the self-test specified in the FUN.6.,G(SelfTestMode -> ((selfTestPass | selfTestFail))),G(SelfTestMode -> F(selfTestPass | selfTestFail)),False
ARTEMIS,39,During the self test mode the controller shall perform the self-test specified in the FUN.6.,G(SelfTestMode -> ((selfTestPass | selfTestFail))),G(SelfTestMode -> F(selfTestPass | selfTestFail)),False
ARTEMIS,39,During the self test mode the controller shall perform the self-test specified in the FUN.6.,G(SelfTestMode -> ((selfTestPass | selfTestFail))),G(SelfTestMode -> F(selfTestPass | selfTestFail)),False
ARTEMIS,39,During the self test mode the controller shall perform the self-test specified in the FUN.6.,G(SelfTestMode -> ((selfTestPass | selfTestFail))),G(SelfTestMode -> F(selfTestPass | selfTestFail)),False
ARTEMIS,39,During the self test mode the controller shall perform the self-test specified in the FUN.6.,G(SelfTestMode -> ((selfTestPass | selfTestFail))),G(SelfTestMode -> F(selfTestPass | selfTestFail)),False
ARTEMIS,39,During the self test mode the controller shall perform the self-test specified in the FUN.6.,G(SelfTestMode -> ((selfTestPass | selfTestFail))),G(SelfTestMode -> F(selfTestPass | selfTestFail)),False
ARTEMIS,39,During the self test mode the controller shall perform the self-test specified in the FUN.6.,G(SelfTestMode -> ((selfTestPass | selfTestFail))),G(SelfTestMode -> F(selfTestPass | selfTestFail)),False
ARTEMIS,39,During the self test mode the controller shall perform the self-test specified in the FUN.6.,G(SelfTestMode -> ((selfTestPass | selfTestFail))),G(SelfTestMode -> F(selfTestPass | selfTestFail)),False
ARTEMIS,39,During the self test mode the controller shall perform the self-test specified in the FUN.6.,G(SelfTestMode -> ((selfTestPass | selfTestFail))),G(SelfTestMode -> (selfTestPass | selfTestFail)),True
ARTEMIS,39,During the self test mode the controller shall perform the self-test specified in the FUN.6.,G(SelfTestMode -> ((selfTestPass | selfTestFail))),G(SelfTestMode -> F(selfTestPass | selfTestFail)),False
ARTEMIS,39,During the self test mode the controller shall perform the self-test specified in the FUN.6.,G(SelfTestMode -> ((selfTestPass | selfTestFail))),G(SelfTestMode -> F(selfTestPass | selfTestFail)),False
ARTEMIS,39,During the self test mode the controller shall perform the self-test specified in the FUN.6.,G(SelfTestMode -> ((selfTestPass | selfTestFail))),G(SelfTestMode -> F(selfTestPass | selfTestFail)),False
ARTEMIS,39,During the self test mode the controller shall perform the self-test specified in the FUN.6.,G(SelfTestMode -> ((selfTestPass | selfTestFail))),G(SelfTestMode -> F(selfTestPass | selfTestFail)),False
ARTEMIS,39,During the self test mode the controller shall perform the self-test specified in the FUN.6.,G(SelfTestMode -> ((selfTestPass | selfTestFail))),G(SelfTestMode -> F(selfTestPass | selfTestFail)),False
ARTEMIS,39,During the self test mode the controller shall perform the self-test specified in the FUN.6.,G(SelfTestMode -> ((selfTestPass | selfTestFail))),G(SelfTestMode -> F(selfTestPass | selfTestFail)),False
ARTEMIS,39,During the self test mode the controller shall perform the self-test specified in the FUN.6.,G(SelfTestMode -> ((selfTestPass | selfTestFail))),G(SelfTestMode -> F(selfTestPass | selfTestFail)),False
ARTEMIS,39,During the self test mode the controller shall perform the self-test specified in the FUN.6.,G(SelfTestMode -> ((selfTestPass | selfTestFail))),G(SelfTestMode -> (selfTestPass | selfTestFail)),True
ARTEMIS,39,During the self test mode the controller shall perform the self-test specified in the FUN.6.,G(SelfTestMode -> ((selfTestPass | selfTestFail))),G(SelfTestMode -> (selfTestPass | selfTestFail)),True
ARTEMIS,39,During the self test mode the controller shall perform the self-test specified in the FUN.6.,G(SelfTestMode -> ((selfTestPass | selfTestFail))),G(SelfTestMode -> (selfTestPass | selfTestFail)),True
ARTEMIS,39,During the self test mode the controller shall perform the self-test specified in the FUN.6.,G(SelfTestMode -> ((selfTestPass | selfTestFail))),G(SelfTestMode -> (selfTestPass | selfTestFail)),True
ARTEMIS,39,During the self test mode the controller shall perform the self-test specified in the FUN.6.,G(SelfTestMode -> ((selfTestPass | selfTestFail))),G(SelfTestMode -> (selfTestPass | selfTestFail)),True
ARTEMIS,39,During the self test mode the controller shall perform the self-test specified in the FUN.6.,G(SelfTestMode -> ((selfTestPass | selfTestFail))),G(SelfTestMode -> (selfTestPass | selfTestFail)),True
ARTEMIS,39,During the self test mode the controller shall perform the self-test specified in the FUN.6.,G(SelfTestMode -> ((selfTestPass | selfTestFail))),G(SelfTestMode -> (selfTestPass | selfTestFail)),True
ARTEMIS,39,During the self test mode the controller shall perform the self-test specified in the FUN.6.,G(SelfTestMode -> ((selfTestPass | selfTestFail))),G(SelfTestMode -> (selfTestPass | selfTestFail)),True
ARTEMIS,39,During the self test mode the controller shall perform the self-test specified in the FUN.6.,G(SelfTestMode -> ((selfTestPass | selfTestFail))),G(SelfTestMode -> (selfTestPass | selfTestFail)),True
ARTEMIS,39,During the self test mode the controller shall perform the self-test specified in the FUN.6.,G(SelfTestMode -> ((selfTestPass | selfTestFail))),G(SelfTestMode -> (selfTestPass | selfTestFail)),True
ARTEMIS,39,During the self test mode the controller shall perform the self-test specified in the FUN.6.,G(SelfTestMode -> ((selfTestPass | selfTestFail))),G(SelfTestMode -> (selfTestPass | selfTestFail)),True
ARTEMIS,39,During the self test mode the controller shall perform the self-test specified in the FUN.6.,G(SelfTestMode -> ((selfTestPass | selfTestFail))),G(SelfTestMode -> (selfTestPass | selfTestFail)),True
ARTEMIS,39,During the self test mode the controller shall perform the self-test specified in the FUN.6.,G(SelfTestMode -> ((selfTestPass | selfTestFail))),G(SelfTestMode -> (selfTestPass | selfTestFail)),True
ARTEMIS,39,During the self test mode the controller shall perform the self-test specified in the FUN.6.,G(SelfTestMode -> ((selfTestPass | selfTestFail))),G(SelfTestMode -> (selfTestPass | selfTestFail)),True
ARTEMIS,39,During the self test mode the controller shall perform the self-test specified in the FUN.6.,G(SelfTestMode -> ((selfTestPass | selfTestFail))),G(SelfTestMode -> (selfTestPass | selfTestFail)),True
ARTEMIS,39,During the self test mode the controller shall perform the self-test specified in the FUN.6.,G(SelfTestMode -> ((selfTestPass | selfTestFail))),G(SelfTestMode -> (selfTestPass | selfTestFail)),True
ARTEMIS,39,During the self test mode the controller shall perform the self-test specified in the FUN.6.,G(SelfTestMode -> ((selfTestPass | selfTestFail))),G(SelfTestMode -> (selfTestPass | selfTestFail)),True
ARTEMIS,39,During the self test mode the controller shall perform the self-test specified in the FUN.6.,G(SelfTestMode -> ((selfTestPass | selfTestFail))),G(SelfTestMode -> (selfTestPass | selfTestFail)),True
ARTEMIS,39,During the self test mode the controller shall perform the self-test specified in the FUN.6.,G(SelfTestMode -> ((selfTestPass | selfTestFail))),G(SelfTestMode -> (selfTestPass | selfTestFail)),True
ARTEMIS,39,During the self test mode the controller shall perform the self-test specified in the FUN.6.,G(SelfTestMode -> ((selfTestPass | selfTestFail))),G(SelfTestMode -> (selfTestPass | selfTestFail)),True
ARTEMIS,39,During the self test mode the controller shall perform the self-test specified in the FUN.6.,G(SelfTestMode -> ((selfTestPass | selfTestFail))),G(SelfTestMode -> (selfTestPass | selfTestFail)),True
ARTEMIS,39,During the self test mode the controller shall perform the self-test specified in the FUN.6.,G(SelfTestMode -> ((selfTestPass | selfTestFail))),G(SelfTestMode -> (selfTestPass | selfTestFail)),True
ARTEMIS,39,During the self test mode the controller shall perform the self-test specified in the FUN.6.,G(SelfTestMode -> ((selfTestPass | selfTestFail))),G(SelfTestMode -> (selfTestPass | selfTestFail)),True
ARTEMIS,39,During the self test mode the controller shall perform the self-test specified in the FUN.6.,G(SelfTestMode -> ((selfTestPass | selfTestFail))),G(SelfTestMode -> (selfTestPass | selfTestFail)),True
ARTEMIS,39,During the self test mode the controller shall perform the self-test specified in the FUN.6.,G(SelfTestMode -> ((selfTestPass | selfTestFail))),G(SelfTestMode -> (selfTestPass | selfTestFail)),True
ARTEMIS,39,During the self test mode the controller shall perform the self-test specified in the FUN.6.,G(SelfTestMode -> ((selfTestPass | selfTestFail))),G(SelfTestMode -> (selfTestPass | selfTestFail)),True
ARTEMIS,39,During the self test mode the controller shall perform the self-test specified in the FUN.6.,G(SelfTestMode -> ((selfTestPass | selfTestFail))),G(SelfTestMode -> (selfTestPass | selfTestFail)),True
ARTEMIS,39,During the self test mode the controller shall perform the self-test specified in the FUN.6.,G(SelfTestMode -> ((selfTestPass | selfTestFail))),G(SelfTestMode -> (selfTestPass | selfTestFail)),True
ARTEMIS,39,During the self test mode the controller shall perform the self-test specified in the FUN.6.,G(SelfTestMode -> ((selfTestPass | selfTestFail))),G(SelfTestMode -> (selfTestPass | selfTestFail)),True
ARTEMIS,39,During the self test mode the controller shall perform the self-test specified in the FUN.6.,G(SelfTestMode -> ((selfTestPass | selfTestFail))),G(SelfTestMode -> (selfTestPass | selfTestFail)),True
ARTEMIS,39,During the self test mode the controller shall perform the self-test specified in the FUN.6.,G(SelfTestMode -> ((selfTestPass | selfTestFail))),G(SelfTestMode -> (selfTestPass | selfTestFail)),True
ARTEMIS,39,During the self test mode the controller shall perform the self-test specified in the FUN.6.,G(SelfTestMode -> ((selfTestPass | selfTestFail))),G(SelfTestMode -> (selfTestPass | selfTestFail)),True
ARTEMIS,39,During the self test mode the controller shall perform the self-test specified in the FUN.6.,G(SelfTestMode -> ((selfTestPass | selfTestFail))),G(SelfTestMode -> (selfTestPass | selfTestFail)),True
ARTEMIS,39,During the self test mode the controller shall perform the self-test specified in the FUN.6.,G(SelfTestMode -> ((selfTestPass | selfTestFail))),G(SelfTestMode -> (selfTestPass | selfTestFail)),True
ARTEMIS,39,During the self test mode the controller shall perform the self-test specified in the FUN.6.,G(SelfTestMode -> ((selfTestPass | selfTestFail))),G(SelfTestMode -> (selfTestPass | selfTestFail)),True
ARTEMIS,39,During the self test mode the controller shall perform the self-test specified in the FUN.6.,G(SelfTestMode -> ((selfTestPass | selfTestFail))),G(SelfTestMode -> (selfTestPass | selfTestFail)),True
ARTEMIS,39,During the self test mode the controller shall perform the self-test specified in the FUN.6.,G(SelfTestMode -> ((selfTestPass | selfTestFail))),G(SelfTestMode -> (selfTestPass | selfTestFail)),True
ARTEMIS,39,During the self test mode the controller shall perform the self-test specified in the FUN.6.,G(SelfTestMode -> ((selfTestPass | selfTestFail))),G(SelfTestMode -> (selfTestPass | selfTestFail)),True
ARTEMIS,39,During the self test mode the controller shall perform the self-test specified in the FUN.6.,G(SelfTestMode -> ((selfTestPass | selfTestFail))),G(SelfTestMode -> (selfTestPass | selfTestFail)),True
ARTEMIS,39,During the self test mode the controller shall perform the self-test specified in the FUN.6.,G(SelfTestMode -> ((selfTestPass | selfTestFail))),G(SelfTestMode -> (selfTestPass | selfTestFail)),True
ARTEMIS,39,During the self test mode the controller shall perform the self-test specified in the FUN.6.,G(SelfTestMode -> ((selfTestPass | selfTestFail))),G(SelfTestMode -> (selfTestPass | selfTestFail)),True
ARTEMIS,39,During the self test mode the controller shall perform the self-test specified in the FUN.6.,G(SelfTestMode -> ((selfTestPass | selfTestFail))),G(SelfTestMode -> (selfTestPass | selfTestFail)),True
ARTEMIS,39,During the self test mode the controller shall perform the self-test specified in the FUN.6.,G(SelfTestMode -> ((selfTestPass | selfTestFail))),G(SelfTestMode -> (selfTestPass | selfTestFail)),True
ARTEMIS,53,The self-test procedure shall confirm the expiratory valve is functional.,G(SelfTestMode -> X(((testPSExpPass | testPSExpFail) | testPSExpSkip))),G(SelfTestMode -> F(testPSExpPass)),False
ARTEMIS,53,The self-test procedure shall confirm the expiratory valve is functional.,G(SelfTestMode -> X(((testPSExpPass | testPSExpFail) | testPSExpSkip))),G(SelfTestMode -> F(testPSExpPass)),False
ARTEMIS,53,The self-test procedure shall confirm the expiratory valve is functional.,G(SelfTestMode -> X(((testPSExpPass | testPSExpFail) | testPSExpSkip))),G(SelfTestMode -> F(testPSExpPass)),False
ARTEMIS,53,The self-test procedure shall confirm the expiratory valve is functional.,G(SelfTestMode -> X(((testPSExpPass | testPSExpFail) | testPSExpSkip))),G(SelfTestMode -> F(testPSExpPass)),False
ARTEMIS,53,The self-test procedure shall confirm the expiratory valve is functional.,G(SelfTestMode -> X(((testPSExpPass | testPSExpFail) | testPSExpSkip))),G(SelfTestMode -> F(testPSExpPass)),False
ARTEMIS,53,The self-test procedure shall confirm the expiratory valve is functional.,G(SelfTestMode -> X(((testPSExpPass | testPSExpFail) | testPSExpSkip))),G(SelfTestMode -> F(testPSExpPass)),False
ARTEMIS,53,The self-test procedure shall confirm the expiratory valve is functional.,G(SelfTestMode -> X(((testPSExpPass | testPSExpFail) | testPSExpSkip))),G(SelfTestMode -> F(testPSExpPass)),False
ARTEMIS,53,The self-test procedure shall confirm the expiratory valve is functional.,G(SelfTestMode -> X(((testPSExpPass | testPSExpFail) | testPSExpSkip))),G(SelfTestMode -> F(testPSExpPass)),False
ARTEMIS,53,The self-test procedure shall confirm the expiratory valve is functional.,G(SelfTestMode -> X(((testPSExpPass | testPSExpFail) | testPSExpSkip))),G(SelfTestMode -> F(testPSExpPass)),False
ARTEMIS,53,The self-test procedure shall confirm the expiratory valve is functional.,G(SelfTestMode -> X(((testPSExpPass | testPSExpFail) | testPSExpSkip))),G(SelfTestMode -> (testPSExpPass | testPSExpFail | testPSExpSkip)),False
ARTEMIS,53,The self-test procedure shall confirm the expiratory valve is functional.,G(SelfTestMode -> X(((testPSExpPass | testPSExpFail) | testPSExpSkip))),G(SelfTestMode -> F(testPSExpPass)),False
ARTEMIS,53,The self-test procedure shall confirm the expiratory valve is functional.,G(SelfTestMode -> X(((testPSExpPass | testPSExpFail) | testPSExpSkip))),G(SelfTestMode -> F(testPSExpPass)),False
ARTEMIS,53,The self-test procedure shall confirm the expiratory valve is functional.,G(SelfTestMode -> X(((testPSExpPass | testPSExpFail) | testPSExpSkip))),G(SelfTestMode -> F(testPSExpPass)),False
ARTEMIS,53,The self-test procedure shall confirm the expiratory valve is functional.,G(SelfTestMode -> X(((testPSExpPass | testPSExpFail) | testPSExpSkip))),G(SelfTestMode -> F(testPSExpPass)),False
ARTEMIS,53,The self-test procedure shall confirm the expiratory valve is functional.,G(SelfTestMode -> X(((testPSExpPass | testPSExpFail) | testPSExpSkip))),G(SelfTestMode -> (testPSExpPass | testPSExpFail | testPSExpSkip)),False
ARTEMIS,53,The self-test procedure shall confirm the expiratory valve is functional.,G(SelfTestMode -> X(((testPSExpPass | testPSExpFail) | testPSExpSkip))),G(SelfTestMode -> F(testPSExpPass)),False
ARTEMIS,53,The self-test procedure shall confirm the expiratory valve is functional.,G(SelfTestMode -> X(((testPSExpPass | testPSExpFail) | testPSExpSkip))),G(SelfTestMode -> F(testPSExpPass)),False
ARTEMIS,53,The self-test procedure shall confirm the expiratory valve is functional.,G(SelfTestMode -> X(((testPSExpPass | testPSExpFail) | testPSExpSkip))),G(SelfTestMode -> F(testPSExpPass)),False
ARTEMIS,53,The self-test procedure shall confirm the expiratory valve is functional.,G(SelfTestMode -> X(((testPSExpPass | testPSExpFail) | testPSExpSkip))),G(SelfTestMode -> F(testPSExpPass)),False
ARTEMIS,53,The self-test procedure shall confirm the expiratory valve is functional.,G(SelfTestMode -> X(((testPSExpPass | testPSExpFail) | testPSExpSkip))),G(SelfTestMode -> F(testPSExpPass)),False
ARTEMIS,53,The self-test procedure shall confirm the expiratory valve is functional.,G(SelfTestMode -> X(((testPSExpPass | testPSExpFail) | testPSExpSkip))),G(SelfTestMode -> F(testPSExpPass)),False
ARTEMIS,53,The self-test procedure shall confirm the expiratory valve is functional.,G(SelfTestMode -> X(((testPSExpPass | testPSExpFail) | testPSExpSkip))),G(SelfTestMode -> F(testPSExpPass)),False
ARTEMIS,53,The self-test procedure shall confirm the expiratory valve is functional.,G(SelfTestMode -> X(((testPSExpPass | testPSExpFail) | testPSExpSkip))),G(SelfTestMode -> F(testPSExpPass)),False
ARTEMIS,53,The self-test procedure shall confirm the expiratory valve is functional.,G(SelfTestMode -> X(((testPSExpPass | testPSExpFail) | testPSExpSkip))),G(SelfTestMode -> F(testPSExpPass)),False
ARTEMIS,53,The self-test procedure shall confirm the expiratory valve is functional.,G(SelfTestMode -> X(((testPSExpPass | testPSExpFail) | testPSExpSkip))),G(SelfTestMode -> F(testPSExpPass)),False
ARTEMIS,53,The self-test procedure shall confirm the expiratory valve is functional.,G(SelfTestMode -> X(((testPSExpPass | testPSExpFail) | testPSExpSkip))),G(SelfTestMode -> F(testPSExpPass)),False
ARTEMIS,53,The self-test procedure shall confirm the expiratory valve is functional.,G(SelfTestMode -> X(((testPSExpPass | testPSExpFail) | testPSExpSkip))),G(SelfTestMode -> F(testPSExpPass)),False
ARTEMIS,53,The self-test procedure shall confirm the expiratory valve is functional.,G(SelfTestMode -> X(((testPSExpPass | testPSExpFail) | testPSExpSkip))),G(SelfTestMode -> F(testPSExpPass)),False
ARTEMIS,53,The self-test procedure shall confirm the expiratory valve is functional.,G(SelfTestMode -> X(((testPSExpPass | testPSExpFail) | testPSExpSkip))),G(SelfTestMode -> F(testPSExpPass)),False
ARTEMIS,53,The self-test procedure shall confirm the expiratory valve is functional.,G(SelfTestMode -> X(((testPSExpPass | testPSExpFail) | testPSExpSkip))),G(SelfTestMode -> F(testPSExpPass)),False
ARTEMIS,53,The self-test procedure shall confirm the expiratory valve is functional.,G(SelfTestMode -> X(((testPSExpPass | testPSExpFail) | testPSExpSkip))),G(SelfTestMode -> F(testPSExpPass)),False
ARTEMIS,53,The self-test procedure shall confirm the expiratory valve is functional.,G(SelfTestMode -> X(((testPSExpPass | testPSExpFail) | testPSExpSkip))),G(SelfTestMode -> F(testPSExpPass)),False
ARTEMIS,53,The self-test procedure shall confirm the expiratory valve is functional.,G(SelfTestMode -> X(((testPSExpPass | testPSExpFail) | testPSExpSkip))),G(SelfTestMode -> F(testPSExpPass)),False
ARTEMIS,53,The self-test procedure shall confirm the expiratory valve is functional.,G(SelfTestMode -> X(((testPSExpPass | testPSExpFail) | testPSExpSkip))),G(SelfTestMode -> F(testPSExpPass)),False
ARTEMIS,53,The self-test procedure shall confirm the expiratory valve is functional.,G(SelfTestMode -> X(((testPSExpPass | testPSExpFail) | testPSExpSkip))),G(SelfTestMode -> F(testPSExpPass)),False
ARTEMIS,53,The self-test procedure shall confirm the expiratory valve is functional.,G(SelfTestMode -> X(((testPSExpPass | testPSExpFail) | testPSExpSkip))),G(SelfTestMode -> F(testPSExpPass)),False
ARTEMIS,53,The self-test procedure shall confirm the expiratory valve is functional.,G(SelfTestMode -> X(((testPSExpPass | testPSExpFail) | testPSExpSkip))),G(SelfTestMode -> F(testPSExpPass)),False
ARTEMIS,53,The self-test procedure shall confirm the expiratory valve is functional.,G(SelfTestMode -> X(((testPSExpPass | testPSExpFail) | testPSExpSkip))),G(SelfTestMode -> F(testPSExpPass)),False
ARTEMIS,53,The self-test procedure shall confirm the expiratory valve is functional.,G(SelfTestMode -> X(((testPSExpPass | testPSExpFail) | testPSExpSkip))),G(SelfTestMode -> (testPSExpPass | testPSExpFail | testPSExpSkip)),False
ARTEMIS,53,The self-test procedure shall confirm the expiratory valve is functional.,G(SelfTestMode -> X(((testPSExpPass | testPSExpFail) | testPSExpSkip))),G(SelfTestMode -> F(testPSExpPass)),False
ARTEMIS,53,The self-test procedure shall confirm the expiratory valve is functional.,G(SelfTestMode -> X(((testPSExpPass | testPSExpFail) | testPSExpSkip))),G(SelfTestMode -> F(testPSExpPass)),False
ARTEMIS,53,The self-test procedure shall confirm the expiratory valve is functional.,G(SelfTestMode -> X(((testPSExpPass | testPSExpFail) | testPSExpSkip))),G(SelfTestMode -> F(testPSExpPass)),False
ARTEMIS,53,The self-test procedure shall confirm the expiratory valve is functional.,G(SelfTestMode -> X(((testPSExpPass | testPSExpFail) | testPSExpSkip))),G(SelfTestMode -> F(testPSExpPass)),False
ARTEMIS,53,The self-test procedure shall confirm the expiratory valve is functional.,G(SelfTestMode -> X(((testPSExpPass | testPSExpFail) | testPSExpSkip))),G(SelfTestMode -> (testPSExpPass | testPSExpFail | testPSExpSkip)),False
ARTEMIS,53,The self-test procedure shall confirm the expiratory valve is functional.,G(SelfTestMode -> X(((testPSExpPass | testPSExpFail) | testPSExpSkip))),G(SelfTestMode -> F(testPSExpPass)),False
ARTEMIS,53,The self-test procedure shall confirm the expiratory valve is functional.,G(SelfTestMode -> X(((testPSExpPass | testPSExpFail) | testPSExpSkip))),G(SelfTestMode -> F(testPSExpPass)),False
ARTEMIS,53,The self-test procedure shall confirm the expiratory valve is functional.,G(SelfTestMode -> X(((testPSExpPass | testPSExpFail) | testPSExpSkip))),G(SelfTestMode -> (testPSExpPass | testPSExpFail | testPSExpSkip)),False
ARTEMIS,53,The self-test procedure shall confirm the expiratory valve is functional.,G(SelfTestMode -> X(((testPSExpPass | testPSExpFail) | testPSExpSkip))),G(SelfTestMode -> F(testPSExpPass)),False
ARTEMIS,53,The self-test procedure shall confirm the expiratory valve is functional.,G(SelfTestMode -> X(((testPSExpPass | testPSExpFail) | testPSExpSkip))),G(SelfTestMode -> F(testPSExpPass)),False
ARTEMIS,53,The self-test procedure shall confirm the expiratory valve is functional.,G(SelfTestMode -> X(((testPSExpPass | testPSExpFail) | testPSExpSkip))),G(SelfTestMode -> (testPSExpPass | testPSExpFail | testPSExpSkip)),False
ARTEMIS,53,The self-test procedure shall confirm the expiratory valve is functional.,G(SelfTestMode -> X(((testPSExpPass | testPSExpFail) | testPSExpSkip))),G(SelfTestMode -> F(testPSExpPass)),False
ARTEMIS,53,The self-test procedure shall confirm the expiratory valve is functional.,G(SelfTestMode -> X(((testPSExpPass | testPSExpFail) | testPSExpSkip))),G(SelfTestMode -> F(testPSExpPass)),False
ARTEMIS,53,The self-test procedure shall confirm the expiratory valve is functional.,G(SelfTestMode -> X(((testPSExpPass | testPSExpFail) | testPSExpSkip))),G(SelfTestMode -> F(testPSExpPass)),False
ARTEMIS,53,The self-test procedure shall confirm the expiratory valve is functional.,G(SelfTestMode -> X(((testPSExpPass | testPSExpFail) | testPSExpSkip))),G(SelfTestMode -> F(testPSExpPass)),False
ARTEMIS,53,The self-test procedure shall confirm the expiratory valve is functional.,G(SelfTestMode -> X(((testPSExpPass | testPSExpFail) | testPSExpSkip))),G(SelfTestMode -> (testPSExpPass | testPSExpFail | testPSExpSkip)),False
ARTEMIS,53,The self-test procedure shall confirm the expiratory valve is functional.,G(SelfTestMode -> X(((testPSExpPass | testPSExpFail) | testPSExpSkip))),G(SelfTestMode -> F(testPSExpPass)),False
ARTEMIS,53,The self-test procedure shall confirm the expiratory valve is functional.,G(SelfTestMode -> X(((testPSExpPass | testPSExpFail) | testPSExpSkip))),G(SelfTestMode -> F(testPSExpPass)),False
ARTEMIS,53,The self-test procedure shall confirm the expiratory valve is functional.,G(SelfTestMode -> X(((testPSExpPass | testPSExpFail) | testPSExpSkip))),G(SelfTestMode -> (testPSExpPass | testPSExpFail | testPSExpSkip)),False
ARTEMIS,53,The self-test procedure shall confirm the expiratory valve is functional.,G(SelfTestMode -> X(((testPSExpPass | testPSExpFail) | testPSExpSkip))),G(SelfTestMode -> F(testPSExpPass)),False
ARTEMIS,53,The self-test procedure shall confirm the expiratory valve is functional.,G(SelfTestMode -> X(((testPSExpPass | testPSExpFail) | testPSExpSkip))),G(SelfTestMode -> F(testPSExpPass)),False
ARTEMIS,53,The self-test procedure shall confirm the expiratory valve is functional.,G(SelfTestMode -> X(((testPSExpPass | testPSExpFail) | testPSExpSkip))),G(SelfTestMode -> F(testPSExpPass)),False
ARTEMIS,53,The self-test procedure shall confirm the expiratory valve is functional.,G(SelfTestMode -> X(((testPSExpPass | testPSExpFail) | testPSExpSkip))),G(SelfTestMode -> F(testPSExpPass)),False
ARTEMIS,53,The self-test procedure shall confirm the expiratory valve is functional.,G(SelfTestMode -> X(((testPSExpPass | testPSExpFail) | testPSExpSkip))),G(SelfTestMode -> F(testPSExpPass)),False
ARTEMIS,53,The self-test procedure shall confirm the expiratory valve is functional.,G(SelfTestMode -> X(((testPSExpPass | testPSExpFail) | testPSExpSkip))),G(SelfTestMode -> (testPSExpPass | testPSExpFail | testPSExpSkip)),False
ARTEMIS,53,The self-test procedure shall confirm the expiratory valve is functional.,G(SelfTestMode -> X(((testPSExpPass | testPSExpFail) | testPSExpSkip))),G(SelfTestMode -> F(testPSExpPass)),False
ARTEMIS,53,The self-test procedure shall confirm the expiratory valve is functional.,G(SelfTestMode -> X(((testPSExpPass | testPSExpFail) | testPSExpSkip))),G(SelfTestMode -> F(testPSExpPass)),False
ARTEMIS,53,The self-test procedure shall confirm the expiratory valve is functional.,G(SelfTestMode -> X(((testPSExpPass | testPSExpFail) | testPSExpSkip))),G(SelfTestMode -> F(testPSExpPass)),False
ARTEMIS,53,The self-test procedure shall confirm the expiratory valve is functional.,G(SelfTestMode -> X(((testPSExpPass | testPSExpFail) | testPSExpSkip))),G(SelfTestMode -> F(testPSExpPass)),False
ARTEMIS,53,The self-test procedure shall confirm the expiratory valve is functional.,G(SelfTestMode -> X(((testPSExpPass | testPSExpFail) | testPSExpSkip))),G(SelfTestMode -> (testPSExpPass | testPSExpFail | testPSExpSkip)),False
ARTEMIS,53,The self-test procedure shall confirm the expiratory valve is functional.,G(SelfTestMode -> X(((testPSExpPass | testPSExpFail) | testPSExpSkip))),G(SelfTestMode -> F(testPSExpPass)),False
ARTEMIS,53,The self-test procedure shall confirm the expiratory valve is functional.,G(SelfTestMode -> X(((testPSExpPass | testPSExpFail) | testPSExpSkip))),G(SelfTestMode -> (testPSExpPass | testPSExpFail | testPSExpSkip)),False
ARTEMIS,53,The self-test procedure shall confirm the expiratory valve is functional.,G(SelfTestMode -> X(((testPSExpPass | testPSExpFail) | testPSExpSkip))),G(SelfTestMode -> F(testPSExpPass)),False
ARTEMIS,53,The self-test procedure shall confirm the expiratory valve is functional.,G(SelfTestMode -> X(((testPSExpPass | testPSExpFail) | testPSExpSkip))),G(SelfTestMode -> F(testPSExpPass)),False
ARTEMIS,53,The self-test procedure shall confirm the expiratory valve is functional.,G(SelfTestMode -> X(((testPSExpPass | testPSExpFail) | testPSExpSkip))),G(SelfTestMode -> F(testPSExpPass)),False
ARTEMIS,53,The self-test procedure shall confirm the expiratory valve is functional.,G(SelfTestMode -> X(((testPSExpPass | testPSExpFail) | testPSExpSkip))),G(SelfTestMode -> F(testPSExpPass)),False
ARTEMIS,53,The self-test procedure shall confirm the expiratory valve is functional.,G(SelfTestMode -> X(((testPSExpPass | testPSExpFail) | testPSExpSkip))),G(SelfTestMode -> (testPSExpPass | testPSExpFail | testPSExpSkip)),False
ARTEMIS,53,The self-test procedure shall confirm the expiratory valve is functional.,G(SelfTestMode -> X(((testPSExpPass | testPSExpFail) | testPSExpSkip))),G(SelfTestMode -> F(testPSExpPass)),False
ARTEMIS,53,The self-test procedure shall confirm the expiratory valve is functional.,G(SelfTestMode -> X(((testPSExpPass | testPSExpFail) | testPSExpSkip))),G(SelfTestMode -> F(testPSExpPass)),False
ARTEMIS,53,The self-test procedure shall confirm the expiratory valve is functional.,G(SelfTestMode -> X(((testPSExpPass | testPSExpFail) | testPSExpSkip))),G(SelfTestMode -> (testPSExpPass | testPSExpFail | testPSExpSkip)),False
ARTEMIS,53,The self-test procedure shall confirm the expiratory valve is functional.,G(SelfTestMode -> X(((testPSExpPass | testPSExpFail) | testPSExpSkip))),G(SelfTestMode -> F(testPSExpPass)),False
ARTEMIS,53,The self-test procedure shall confirm the expiratory valve is functional.,G(SelfTestMode -> X(((testPSExpPass | testPSExpFail) | testPSExpSkip))),G(SelfTestMode -> F(testPSExpPass)),False
ARTEMIS,53,The self-test procedure shall confirm the expiratory valve is functional.,G(SelfTestMode -> X(((testPSExpPass | testPSExpFail) | testPSExpSkip))),G(SelfTestMode -> F(testPSExpPass)),False
ARTEMIS,53,The self-test procedure shall confirm the expiratory valve is functional.,G(SelfTestMode -> X(((testPSExpPass | testPSExpFail) | testPSExpSkip))),G(SelfTestMode -> F(testPSExpPass)),False
ARTEMIS,53,The self-test procedure shall confirm the expiratory valve is functional.,G(SelfTestMode -> X(((testPSExpPass | testPSExpFail) | testPSExpSkip))),G(SelfTestMode -> F(testPSExpPass)),False
ARTEMIS,53,The self-test procedure shall confirm the expiratory valve is functional.,G(SelfTestMode -> X(((testPSExpPass | testPSExpFail) | testPSExpSkip))),G(SelfTestMode -> F(testPSExpPass)),False
ARTEMIS,53,The self-test procedure shall confirm the expiratory valve is functional.,G(SelfTestMode -> X(((testPSExpPass | testPSExpFail) | testPSExpSkip))),G(SelfTestMode -> F(testPSExpPass)),False
ARTEMIS,53,The self-test procedure shall confirm the expiratory valve is functional.,G(SelfTestMode -> X(((testPSExpPass | testPSExpFail) | testPSExpSkip))),G(SelfTestMode -> F(testPSExpPass)),False
ARTEMIS,53,The self-test procedure shall confirm the expiratory valve is functional.,G(SelfTestMode -> X(((testPSExpPass | testPSExpFail) | testPSExpSkip))),G(SelfTestMode -> F(testPSExpPass)),False
ARTEMIS,53,The self-test procedure shall confirm the expiratory valve is functional.,G(SelfTestMode -> X(((testPSExpPass | testPSExpFail) | testPSExpSkip))),G(SelfTestMode -> F(testPSExpPass)),False
ARTEMIS,53,The self-test procedure shall confirm the expiratory valve is functional.,G(SelfTestMode -> X(((testPSExpPass | testPSExpFail) | testPSExpSkip))),G(SelfTestMode -> F(testPSExpPass)),False
ARTEMIS,53,The self-test procedure shall confirm the expiratory valve is functional.,G(SelfTestMode -> X(((testPSExpPass | testPSExpFail) | testPSExpSkip))),G(SelfTestMode -> F(testPSExpPass)),False
ARTEMIS,53,The self-test procedure shall confirm the expiratory valve is functional.,G(SelfTestMode -> X(((testPSExpPass | testPSExpFail) | testPSExpSkip))),G(SelfTestMode -> F(testPSExpPass)),False
ARTEMIS,53,The self-test procedure shall confirm the expiratory valve is functional.,G(SelfTestMode -> X(((testPSExpPass | testPSExpFail) | testPSExpSkip))),G(SelfTestMode -> F(testPSExpPass)),False
ARTEMIS,53,The self-test procedure shall confirm the expiratory valve is functional.,G(SelfTestMode -> X(((testPSExpPass | testPSExpFail) | testPSExpSkip))),G(SelfTestMode -> F(testPSExpPass)),False
ARTEMIS,53,The self-test procedure shall confirm the expiratory valve is functional.,G(SelfTestMode -> X(((testPSExpPass | testPSExpFail) | testPSExpSkip))),G(SelfTestMode -> F(testPSExpPass)),False
ARTEMIS,53,The self-test procedure shall confirm the expiratory valve is functional.,G(SelfTestMode -> X(((testPSExpPass | testPSExpFail) | testPSExpSkip))),G(SelfTestMode -> F(testPSExpPass)),False
ARTEMIS,53,The self-test procedure shall confirm the expiratory valve is functional.,G(SelfTestMode -> X(((testPSExpPass | testPSExpFail) | testPSExpSkip))),G(SelfTestMode -> F(testPSExpPass)),False
ARTEMIS,53,The self-test procedure shall confirm the expiratory valve is functional.,G(SelfTestMode -> X(((testPSExpPass | testPSExpFail) | testPSExpSkip))),G(SelfTestMode -> F(testPSExpPass)),False
ARTEMIS,53,The self-test procedure shall confirm the expiratory valve is functional.,G(SelfTestMode -> X(((testPSExpPass | testPSExpFail) | testPSExpSkip))),G(SelfTestMode -> F(testPSExpPass)),False
ARTEMIS,53,The self-test procedure shall confirm the expiratory valve is functional.,G(SelfTestMode -> X(((testPSExpPass | testPSExpFail) | testPSExpSkip))),G(SelfTestMode -> F(testPSExpPass)),False
ARTEMIS,56,"The system shall provide a log to include any change of Ventilatorv0.2 settings, including the value applied",!(ventilatorSettingsChanged) U ((ventilatorSettingsChanged) & F(logVentilatorSettings)),G(ventilatorSettingsChanged -> logVentilatorSettings),False
ARTEMIS,56,"The system shall provide a log to include any change of Ventilatorv0.2 settings, including the value applied",!(ventilatorSettingsChanged) U ((ventilatorSettingsChanged) & F(logVentilatorSettings)),G(ventilatorSettingsChanged -> X logVentilatorSettings),False
ARTEMIS,56,"The system shall provide a log to include any change of Ventilatorv0.2 settings, including the value applied",!(ventilatorSettingsChanged) U ((ventilatorSettingsChanged) & F(logVentilatorSettings)),G(ventilatorSettingsChanged -> logVentilatorSettings),False
ARTEMIS,56,"The system shall provide a log to include any change of Ventilatorv0.2 settings, including the value applied",!(ventilatorSettingsChanged) U ((ventilatorSettingsChanged) & F(logVentilatorSettings)),G(ventilatorSettingsChanged -> logVentilatorSettings),False
ARTEMIS,56,"The system shall provide a log to include any change of Ventilatorv0.2 settings, including the value applied",!(ventilatorSettingsChanged) U ((ventilatorSettingsChanged) & F(logVentilatorSettings)),G(ventilatorSettingsChanged -> logVentilatorSettings),False
ARTEMIS,56,"The system shall provide a log to include any change of Ventilatorv0.2 settings, including the value applied",!(ventilatorSettingsChanged) U ((ventilatorSettingsChanged) & F(logVentilatorSettings)),G(ventilatorSettingsChanged -> logVentilatorSettings),False
ARTEMIS,56,"The system shall provide a log to include any change of Ventilatorv0.2 settings, including the value applied",!(ventilatorSettingsChanged) U ((ventilatorSettingsChanged) & F(logVentilatorSettings)),G(ventilatorSettingsChanged -> X logVentilatorSettings),False
ARTEMIS,56,"The system shall provide a log to include any change of Ventilatorv0.2 settings, including the value applied",!(ventilatorSettingsChanged) U ((ventilatorSettingsChanged) & F(logVentilatorSettings)),G(ventilatorSettingsChanged -> logVentilatorSettings),False
ARTEMIS,56,"The system shall provide a log to include any change of Ventilatorv0.2 settings, including the value applied",!(ventilatorSettingsChanged) U ((ventilatorSettingsChanged) & F(logVentilatorSettings)),G(ventilatorSettingsChanged -> logVentilatorSettings),False
ARTEMIS,56,"The system shall provide a log to include any change of Ventilatorv0.2 settings, including the value applied",!(ventilatorSettingsChanged) U ((ventilatorSettingsChanged) & F(logVentilatorSettings)),G(ventilatorSettingsChanged -> logVentilatorSettings),False
ARTEMIS,56,"The system shall provide a log to include any change of Ventilatorv0.2 settings, including the value applied",!(ventilatorSettingsChanged) U ((ventilatorSettingsChanged) & F(logVentilatorSettings)),G(ventilatorSettingsChanged -> X logVentilatorSettings),False
ARTEMIS,56,"The system shall provide a log to include any change of Ventilatorv0.2 settings, including the value applied",!(ventilatorSettingsChanged) U ((ventilatorSettingsChanged) & F(logVentilatorSettings)),G(ventilatorSettingsChanged -> logVentilatorSettings),False
ARTEMIS,56,"The system shall provide a log to include any change of Ventilatorv0.2 settings, including the value applied",!(ventilatorSettingsChanged) U ((ventilatorSettingsChanged) & F(logVentilatorSettings)),G(ventilatorSettingsChanged -> logVentilatorSettings),False
ARTEMIS,56,"The system shall provide a log to include any change of Ventilatorv0.2 settings, including the value applied",!(ventilatorSettingsChanged) U ((ventilatorSettingsChanged) & F(logVentilatorSettings)),G(ventilatorSettingsChanged -> logVentilatorSettings),False
ARTEMIS,56,"The system shall provide a log to include any change of Ventilatorv0.2 settings, including the value applied",!(ventilatorSettingsChanged) U ((ventilatorSettingsChanged) & F(logVentilatorSettings)),G(ventilatorSettingsChanged -> logVentilatorSettings),False
ARTEMIS,56,"The system shall provide a log to include any change of Ventilatorv0.2 settings, including the value applied",!(ventilatorSettingsChanged) U ((ventilatorSettingsChanged) & F(logVentilatorSettings)),G(ventilatorSettingsChanged -> X logVentilatorSettings),False
ARTEMIS,56,"The system shall provide a log to include any change of Ventilatorv0.2 settings, including the value applied",!(ventilatorSettingsChanged) U ((ventilatorSettingsChanged) & F(logVentilatorSettings)),G(ventilatorSettingsChanged -> X logVentilatorSettings),False
ARTEMIS,56,"The system shall provide a log to include any change of Ventilatorv0.2 settings, including the value applied",!(ventilatorSettingsChanged) U ((ventilatorSettingsChanged) & F(logVentilatorSettings)),G(ventilatorSettingsChanged -> logVentilatorSettings),False
ARTEMIS,56,"The system shall provide a log to include any change of Ventilatorv0.2 settings, including the value applied",!(ventilatorSettingsChanged) U ((ventilatorSettingsChanged) & F(logVentilatorSettings)),G(ventilatorSettingsChanged -> logVentilatorSettings),False
ARTEMIS,56,"The system shall provide a log to include any change of Ventilatorv0.2 settings, including the value applied",!(ventilatorSettingsChanged) U ((ventilatorSettingsChanged) & F(logVentilatorSettings)),G(ventilatorSettingsChanged -> logVentilatorSettings),False
ARTEMIS,56,"The system shall provide a log to include any change of Ventilatorv0.2 settings, including the value applied",!(ventilatorSettingsChanged) U ((ventilatorSettingsChanged) & F(logVentilatorSettings)),G(ventilatorSettingsChanged -> logVentilatorSettings),False
ARTEMIS,56,"The system shall provide a log to include any change of Ventilatorv0.2 settings, including the value applied",!(ventilatorSettingsChanged) U ((ventilatorSettingsChanged) & F(logVentilatorSettings)),G(ventilatorSettingsChanged -> logVentilatorSettings),False
ARTEMIS,56,"The system shall provide a log to include any change of Ventilatorv0.2 settings, including the value applied",!(ventilatorSettingsChanged) U ((ventilatorSettingsChanged) & F(logVentilatorSettings)),G(ventilatorSettingsChanged -> logVentilatorSettings),False
ARTEMIS,56,"The system shall provide a log to include any change of Ventilatorv0.2 settings, including the value applied",!(ventilatorSettingsChanged) U ((ventilatorSettingsChanged) & F(logVentilatorSettings)),G(ventilatorSettingsChanged -> X logVentilatorSettings),False
ARTEMIS,56,"The system shall provide a log to include any change of Ventilatorv0.2 settings, including the value applied",!(ventilatorSettingsChanged) U ((ventilatorSettingsChanged) & F(logVentilatorSettings)),G(ventilatorSettingsChanged -> logVentilatorSettings),False
ARTEMIS,56,"The system shall provide a log to include any change of Ventilatorv0.2 settings, including the value applied",!(ventilatorSettingsChanged) U ((ventilatorSettingsChanged) & F(logVentilatorSettings)),G(ventilatorSettingsChanged -> logVentilatorSettings),False
ARTEMIS,56,"The system shall provide a log to include any change of Ventilatorv0.2 settings, including the value applied",!(ventilatorSettingsChanged) U ((ventilatorSettingsChanged) & F(logVentilatorSettings)),G(ventilatorSettingsChanged -> logVentilatorSettings),False
ARTEMIS,56,"The system shall provide a log to include any change of Ventilatorv0.2 settings, including the value applied",!(ventilatorSettingsChanged) U ((ventilatorSettingsChanged) & F(logVentilatorSettings)),G(ventilatorSettingsChanged -> X logVentilatorSettings),False
ARTEMIS,56,"The system shall provide a log to include any change of Ventilatorv0.2 settings, including the value applied",!(ventilatorSettingsChanged) U ((ventilatorSettingsChanged) & F(logVentilatorSettings)),G(ventilatorSettingsChanged -> X logVentilatorSettings),False
ARTEMIS,56,"The system shall provide a log to include any change of Ventilatorv0.2 settings, including the value applied",!(ventilatorSettingsChanged) U ((ventilatorSettingsChanged) & F(logVentilatorSettings)),G(ventilatorSettingsChanged -> logVentilatorSettings),False
ARTEMIS,56,"The system shall provide a log to include any change of Ventilatorv0.2 settings, including the value applied",!(ventilatorSettingsChanged) U ((ventilatorSettingsChanged) & F(logVentilatorSettings)),G(ventilatorSettingsChanged -> logVentilatorSettings),False
ARTEMIS,56,"The system shall provide a log to include any change of Ventilatorv0.2 settings, including the value applied",!(ventilatorSettingsChanged) U ((ventilatorSettingsChanged) & F(logVentilatorSettings)),G(ventilatorSettingsChanged -> logVentilatorSettings),False
ARTEMIS,56,"The system shall provide a log to include any change of Ventilatorv0.2 settings, including the value applied",!(ventilatorSettingsChanged) U ((ventilatorSettingsChanged) & F(logVentilatorSettings)),G(ventilatorSettingsChanged -> logVentilatorSettings),False
ARTEMIS,56,"The system shall provide a log to include any change of Ventilatorv0.2 settings, including the value applied",!(ventilatorSettingsChanged) U ((ventilatorSettingsChanged) & F(logVentilatorSettings)),G(ventilatorSettingsChanged -> X logVentilatorSettings),False
ARTEMIS,56,"The system shall provide a log to include any change of Ventilatorv0.2 settings, including the value applied",!(ventilatorSettingsChanged) U ((ventilatorSettingsChanged) & F(logVentilatorSettings)),G(ventilatorSettingsChanged -> X logVentilatorSettings),False
ARTEMIS,56,"The system shall provide a log to include any change of Ventilatorv0.2 settings, including the value applied",!(ventilatorSettingsChanged) U ((ventilatorSettingsChanged) & F(logVentilatorSettings)),G(ventilatorSettingsChanged -> logVentilatorSettings),False
ARTEMIS,56,"The system shall provide a log to include any change of Ventilatorv0.2 settings, including the value applied",!(ventilatorSettingsChanged) U ((ventilatorSettingsChanged) & F(logVentilatorSettings)),G(ventilatorSettingsChanged -> logVentilatorSettings),False
ARTEMIS,56,"The system shall provide a log to include any change of Ventilatorv0.2 settings, including the value applied",!(ventilatorSettingsChanged) U ((ventilatorSettingsChanged) & F(logVentilatorSettings)),G(ventilatorSettingsChanged -> logVentilatorSettings),False
ARTEMIS,56,"The system shall provide a log to include any change of Ventilatorv0.2 settings, including the value applied",!(ventilatorSettingsChanged) U ((ventilatorSettingsChanged) & F(logVentilatorSettings)),G(ventilatorSettingsChanged -> logVentilatorSettings),False
ARTEMIS,56,"The system shall provide a log to include any change of Ventilatorv0.2 settings, including the value applied",!(ventilatorSettingsChanged) U ((ventilatorSettingsChanged) & F(logVentilatorSettings)),G(ventilatorSettingsChanged -> X logVentilatorSettings),False
ARTEMIS,56,"The system shall provide a log to include any change of Ventilatorv0.2 settings, including the value applied",!(ventilatorSettingsChanged) U ((ventilatorSettingsChanged) & F(logVentilatorSettings)),G(ventilatorSettingsChanged -> X logVentilatorSettings),False
ARTEMIS,56,"The system shall provide a log to include any change of Ventilatorv0.2 settings, including the value applied",!(ventilatorSettingsChanged) U ((ventilatorSettingsChanged) & F(logVentilatorSettings)),G(ventilatorSettingsChanged -> logVentilatorSettings),False
ARTEMIS,56,"The system shall provide a log to include any change of Ventilatorv0.2 settings, including the value applied",!(ventilatorSettingsChanged) U ((ventilatorSettingsChanged) & F(logVentilatorSettings)),G(ventilatorSettingsChanged -> logVentilatorSettings),False
ARTEMIS,56,"The system shall provide a log to include any change of Ventilatorv0.2 settings, including the value applied",!(ventilatorSettingsChanged) U ((ventilatorSettingsChanged) & F(logVentilatorSettings)),G(ventilatorSettingsChanged -> logVentilatorSettings),False
ARTEMIS,56,"The system shall provide a log to include any change of Ventilatorv0.2 settings, including the value applied",!(ventilatorSettingsChanged) U ((ventilatorSettingsChanged) & F(logVentilatorSettings)),G(ventilatorSettingsChanged -> logVentilatorSettings),False
ARTEMIS,56,"The system shall provide a log to include any change of Ventilatorv0.2 settings, including the value applied",!(ventilatorSettingsChanged) U ((ventilatorSettingsChanged) & F(logVentilatorSettings)),G(ventilatorSettingsChanged -> X logVentilatorSettings),False
ARTEMIS,56,"The system shall provide a log to include any change of Ventilatorv0.2 settings, including the value applied",!(ventilatorSettingsChanged) U ((ventilatorSettingsChanged) & F(logVentilatorSettings)),G(ventilatorSettingsChanged -> X logVentilatorSettings),False
ARTEMIS,56,"The system shall provide a log to include any change of Ventilatorv0.2 settings, including the value applied",!(ventilatorSettingsChanged) U ((ventilatorSettingsChanged) & F(logVentilatorSettings)),G(ventilatorSettingsChanged -> logVentilatorSettings),False
ARTEMIS,56,"The system shall provide a log to include any change of Ventilatorv0.2 settings, including the value applied",!(ventilatorSettingsChanged) U ((ventilatorSettingsChanged) & F(logVentilatorSettings)),G(ventilatorSettingsChanged -> X logVentilatorSettings),False
ARTEMIS,56,"The system shall provide a log to include any change of Ventilatorv0.2 settings, including the value applied",!(ventilatorSettingsChanged) U ((ventilatorSettingsChanged) & F(logVentilatorSettings)),G(ventilatorSettingsChanged -> X logVentilatorSettings),False
ARTEMIS,56,"The system shall provide a log to include any change of Ventilatorv0.2 settings, including the value applied",!(ventilatorSettingsChanged) U ((ventilatorSettingsChanged) & F(logVentilatorSettings)),G(ventilatorSettingsChanged -> logVentilatorSettings),False
ARTEMIS,56,"The system shall provide a log to include any change of Ventilatorv0.2 settings, including the value applied",!(ventilatorSettingsChanged) U ((ventilatorSettingsChanged) & F(logVentilatorSettings)),G(ventilatorSettingsChanged -> logVentilatorSettings),False
ARTEMIS,56,"The system shall provide a log to include any change of Ventilatorv0.2 settings, including the value applied",!(ventilatorSettingsChanged) U ((ventilatorSettingsChanged) & F(logVentilatorSettings)),G(ventilatorSettingsChanged -> logVentilatorSettings),False
ARTEMIS,56,"The system shall provide a log to include any change of Ventilatorv0.2 settings, including the value applied",!(ventilatorSettingsChanged) U ((ventilatorSettingsChanged) & F(logVentilatorSettings)),G(ventilatorSettingsChanged -> logVentilatorSettings),False
ARTEMIS,56,"The system shall provide a log to include any change of Ventilatorv0.2 settings, including the value applied",!(ventilatorSettingsChanged) U ((ventilatorSettingsChanged) & F(logVentilatorSettings)),G(ventilatorSettingsChanged -> X logVentilatorSettings),False
ARTEMIS,56,"The system shall provide a log to include any change of Ventilatorv0.2 settings, including the value applied",!(ventilatorSettingsChanged) U ((ventilatorSettingsChanged) & F(logVentilatorSettings)),G(ventilatorSettingsChanged -> X logVentilatorSettings),False
ARTEMIS,56,"The system shall provide a log to include any change of Ventilatorv0.2 settings, including the value applied",!(ventilatorSettingsChanged) U ((ventilatorSettingsChanged) & F(logVentilatorSettings)),G(ventilatorSettingsChanged -> logVentilatorSettings),False
ARTEMIS,56,"The system shall provide a log to include any change of Ventilatorv0.2 settings, including the value applied",!(ventilatorSettingsChanged) U ((ventilatorSettingsChanged) & F(logVentilatorSettings)),G(ventilatorSettingsChanged -> logVentilatorSettings),False
ARTEMIS,56,"The system shall provide a log to include any change of Ventilatorv0.2 settings, including the value applied",!(ventilatorSettingsChanged) U ((ventilatorSettingsChanged) & F(logVentilatorSettings)),G(ventilatorSettingsChanged -> X logVentilatorSettings),False
ARTEMIS,56,"The system shall provide a log to include any change of Ventilatorv0.2 settings, including the value applied",!(ventilatorSettingsChanged) U ((ventilatorSettingsChanged) & F(logVentilatorSettings)),G(ventilatorSettingsChanged -> logVentilatorSettings),False
ARTEMIS,56,"The system shall provide a log to include any change of Ventilatorv0.2 settings, including the value applied",!(ventilatorSettingsChanged) U ((ventilatorSettingsChanged) & F(logVentilatorSettings)),G(ventilatorSettingsChanged -> logVentilatorSettings),False
ARTEMIS,56,"The system shall provide a log to include any change of Ventilatorv0.2 settings, including the value applied",!(ventilatorSettingsChanged) U ((ventilatorSettingsChanged) & F(logVentilatorSettings)),G(ventilatorSettingsChanged -> logVentilatorSettings),False
ARTEMIS,56,"The system shall provide a log to include any change of Ventilatorv0.2 settings, including the value applied",!(ventilatorSettingsChanged) U ((ventilatorSettingsChanged) & F(logVentilatorSettings)),G(ventilatorSettingsChanged -> logVentilatorSettings),False
ARTEMIS,56,"The system shall provide a log to include any change of Ventilatorv0.2 settings, including the value applied",!(ventilatorSettingsChanged) U ((ventilatorSettingsChanged) & F(logVentilatorSettings)),G(ventilatorSettingsChanged -> logVentilatorSettings),False
ARTEMIS,56,"The system shall provide a log to include any change of Ventilatorv0.2 settings, including the value applied",!(ventilatorSettingsChanged) U ((ventilatorSettingsChanged) & F(logVentilatorSettings)),G(ventilatorSettingsChanged -> logVentilatorSettings),False
ARTEMIS,56,"The system shall provide a log to include any change of Ventilatorv0.2 settings, including the value applied",!(ventilatorSettingsChanged) U ((ventilatorSettingsChanged) & F(logVentilatorSettings)),G(ventilatorSettingsChanged -> logVentilatorSettings),False
ARTEMIS,56,"The system shall provide a log to include any change of Ventilatorv0.2 settings, including the value applied",!(ventilatorSettingsChanged) U ((ventilatorSettingsChanged) & F(logVentilatorSettings)),G(ventilatorSettingsChanged -> logVentilatorSettings),False
ARTEMIS,56,"The system shall provide a log to include any change of Ventilatorv0.2 settings, including the value applied",!(ventilatorSettingsChanged) U ((ventilatorSettingsChanged) & F(logVentilatorSettings)),G(ventilatorSettingsChanged -> logVentilatorSettings),False
ARTEMIS,56,"The system shall provide a log to include any change of Ventilatorv0.2 settings, including the value applied",!(ventilatorSettingsChanged) U ((ventilatorSettingsChanged) & F(logVentilatorSettings)),G(ventilatorSettingsChanged -> logVentilatorSettings),False
ARTEMIS,56,"The system shall provide a log to include any change of Ventilatorv0.2 settings, including the value applied",!(ventilatorSettingsChanged) U ((ventilatorSettingsChanged) & F(logVentilatorSettings)),G(ventilatorSettingsChanged -> logVentilatorSettings),False
ARTEMIS,56,"The system shall provide a log to include any change of Ventilatorv0.2 settings, including the value applied",!(ventilatorSettingsChanged) U ((ventilatorSettingsChanged) & F(logVentilatorSettings)),G(ventilatorSettingsChanged -> logVentilatorSettings),False
ARTEMIS,56,"The system shall provide a log to include any change of Ventilatorv0.2 settings, including the value applied",!(ventilatorSettingsChanged) U ((ventilatorSettingsChanged) & F(logVentilatorSettings)),G(ventilatorSettingsChanged -> logVentilatorSettings),False
ARTEMIS,56,"The system shall provide a log to include any change of Ventilatorv0.2 settings, including the value applied",!(ventilatorSettingsChanged) U ((ventilatorSettingsChanged) & F(logVentilatorSettings)),G(ventilatorSettingsChanged -> X logVentilatorSettings),False
ARTEMIS,56,"The system shall provide a log to include any change of Ventilatorv0.2 settings, including the value applied",!(ventilatorSettingsChanged) U ((ventilatorSettingsChanged) & F(logVentilatorSettings)),G(ventilatorSettingsChanged -> logVentilatorSettings),False
ARTEMIS,56,"The system shall provide a log to include any change of Ventilatorv0.2 settings, including the value applied",!(ventilatorSettingsChanged) U ((ventilatorSettingsChanged) & F(logVentilatorSettings)),G(ventilatorSettingsChanged -> logVentilatorSettings),False
ARTEMIS,56,"The system shall provide a log to include any change of Ventilatorv0.2 settings, including the value applied",!(ventilatorSettingsChanged) U ((ventilatorSettingsChanged) & F(logVentilatorSettings)),G(ventilatorSettingsChanged -> logVentilatorSettings),False
ARTEMIS,56,"The system shall provide a log to include any change of Ventilatorv0.2 settings, including the value applied",!(ventilatorSettingsChanged) U ((ventilatorSettingsChanged) & F(logVentilatorSettings)),G(ventilatorSettingsChanged -> logVentilatorSettings),False
ARTEMIS,56,"The system shall provide a log to include any change of Ventilatorv0.2 settings, including the value applied",!(ventilatorSettingsChanged) U ((ventilatorSettingsChanged) & F(logVentilatorSettings)),G(ventilatorSettingsChanged -> logVentilatorSettings),False
ARTEMIS,56,"The system shall provide a log to include any change of Ventilatorv0.2 settings, including the value applied",!(ventilatorSettingsChanged) U ((ventilatorSettingsChanged) & F(logVentilatorSettings)),G(ventilatorSettingsChanged -> logVentilatorSettings),False
ARTEMIS,56,"The system shall provide a log to include any change of Ventilatorv0.2 settings, including the value applied",!(ventilatorSettingsChanged) U ((ventilatorSettingsChanged) & F(logVentilatorSettings)),G(ventilatorSettingsChanged -> logVentilatorSettings),False
ARTEMIS,56,"The system shall provide a log to include any change of Ventilatorv0.2 settings, including the value applied",!(ventilatorSettingsChanged) U ((ventilatorSettingsChanged) & F(logVentilatorSettings)),G(ventilatorSettingsChanged -> logVentilatorSettings),False
ARTEMIS,56,"The system shall provide a log to include any change of Ventilatorv0.2 settings, including the value applied",!(ventilatorSettingsChanged) U ((ventilatorSettingsChanged) & F(logVentilatorSettings)),G(ventilatorSettingsChanged -> logVentilatorSettings),False
ARTEMIS,56,"The system shall provide a log to include any change of Ventilatorv0.2 settings, including the value applied",!(ventilatorSettingsChanged) U ((ventilatorSettingsChanged) & F(logVentilatorSettings)),G(ventilatorSettingsChanged -> logVentilatorSettings),False
ARTEMIS,56,"The system shall provide a log to include any change of Ventilatorv0.2 settings, including the value applied",!(ventilatorSettingsChanged) U ((ventilatorSettingsChanged) & F(logVentilatorSettings)),G(ventilatorSettingsChanged -> logVentilatorSettings),False
ARTEMIS,56,"The system shall provide a log to include any change of Ventilatorv0.2 settings, including the value applied",!(ventilatorSettingsChanged) U ((ventilatorSettingsChanged) & F(logVentilatorSettings)),G(ventilatorSettingsChanged -> logVentilatorSettings),False
ARTEMIS,56,"The system shall provide a log to include any change of Ventilatorv0.2 settings, including the value applied",!(ventilatorSettingsChanged) U ((ventilatorSettingsChanged) & F(logVentilatorSettings)),G(ventilatorSettingsChanged -> logVentilatorSettings),False
ARTEMIS,56,"The system shall provide a log to include any change of Ventilatorv0.2 settings, including the value applied",!(ventilatorSettingsChanged) U ((ventilatorSettingsChanged) & F(logVentilatorSettings)),G(ventilatorSettingsChanged -> logVentilatorSettings),False
ARTEMIS,56,"The system shall provide a log to include any change of Ventilatorv0.2 settings, including the value applied",!(ventilatorSettingsChanged) U ((ventilatorSettingsChanged) & F(logVentilatorSettings)),G(ventilatorSettingsChanged -> logVentilatorSettings),False
ARTEMIS,56,"The system shall provide a log to include any change of Ventilatorv0.2 settings, including the value applied",!(ventilatorSettingsChanged) U ((ventilatorSettingsChanged) & F(logVentilatorSettings)),G(ventilatorSettingsChanged -> X logVentilatorSettings),False
ARTEMIS,56,"The system shall provide a log to include any change of Ventilatorv0.2 settings, including the value applied",!(ventilatorSettingsChanged) U ((ventilatorSettingsChanged) & F(logVentilatorSettings)),G(ventilatorSettingsChanged -> logVentilatorSettings),False
ARTEMIS,56,"The system shall provide a log to include any change of Ventilatorv0.2 settings, including the value applied",!(ventilatorSettingsChanged) U ((ventilatorSettingsChanged) & F(logVentilatorSettings)),G(ventilatorSettingsChanged -> logVentilatorSettings),False
ARTEMIS,56,"The system shall provide a log to include any change of Ventilatorv0.2 settings, including the value applied",!(ventilatorSettingsChanged) U ((ventilatorSettingsChanged) & F(logVentilatorSettings)),G(ventilatorSettingsChanged -> logVentilatorSettings),False
ARTEMIS,56,"The system shall provide a log to include any change of Ventilatorv0.2 settings, including the value applied",!(ventilatorSettingsChanged) U ((ventilatorSettingsChanged) & F(logVentilatorSettings)),G(ventilatorSettingsChanged -> logVentilatorSettings),False
ARTEMIS,56,"The system shall provide a log to include any change of Ventilatorv0.2 settings, including the value applied",!(ventilatorSettingsChanged) U ((ventilatorSettingsChanged) & F(logVentilatorSettings)),G(ventilatorSettingsChanged -> logVentilatorSettings),False
ARTEMIS,56,"The system shall provide a log to include any change of Ventilatorv0.2 settings, including the value applied",!(ventilatorSettingsChanged) U ((ventilatorSettingsChanged) & F(logVentilatorSettings)),G(ventilatorSettingsChanged -> logVentilatorSettings),False
ARTEMIS,56,"The system shall provide a log to include any change of Ventilatorv0.2 settings, including the value applied",!(ventilatorSettingsChanged) U ((ventilatorSettingsChanged) & F(logVentilatorSettings)),G(ventilatorSettingsChanged -> logVentilatorSettings),False
ARTEMIS,56,"The system shall provide a log to include any change of Ventilatorv0.2 settings, including the value applied",!(ventilatorSettingsChanged) U ((ventilatorSettingsChanged) & F(logVentilatorSettings)),G(ventilatorSettingsChanged -> logVentilatorSettings),False
ARTEMIS,56,"The system shall provide a log to include any change of Ventilatorv0.2 settings, including the value applied",!(ventilatorSettingsChanged) U ((ventilatorSettingsChanged) & F(logVentilatorSettings)),G(ventilatorSettingsChanged -> logVentilatorSettings),False
ARTEMIS,56,"The system shall provide a log to include any change of Ventilatorv0.2 settings, including the value applied",!(ventilatorSettingsChanged) U ((ventilatorSettingsChanged) & F(logVentilatorSettings)),G(ventilatorSettingsChanged -> logVentilatorSettings),False
ARTEMIS,56,"The system shall provide a log to include any change of Ventilatorv0.2 settings, including the value applied",!(ventilatorSettingsChanged) U ((ventilatorSettingsChanged) & F(logVentilatorSettings)),G(ventilatorSettingsChanged -> logVentilatorSettings),False
ARTEMIS,60,The switch to PSV shall occur only after the PSV parameters have been confirmed and until that has happened the PCV ventilation shall continue,G(PCVMode -> G((((confirmPSVParameters & PSVMode) | ((! confirmPSVParameters) & PCVMode)) & ventilating))),G (PSVMode -> X (G (!PSVMode) U (confirmPSVParameters & PCVMode))) & G (!confirmPSVParameters -> PCVMode),False
ARTEMIS,60,The switch to PSV shall occur only after the PSV parameters have been confirmed and until that has happened the PCV ventilation shall continue,G(PCVMode -> G((((confirmPSVParameters & PSVMode) | ((! confirmPSVParameters) & PCVMode)) & ventilating))),G (PSVMode -> X (G (!PSVMode) U (confirmPSVParameters & PCVMode))) & G (!confirmPSVParameters -> PCVMode),False
ARTEMIS,60,The switch to PSV shall occur only after the PSV parameters have been confirmed and until that has happened the PCV ventilation shall continue,G(PCVMode -> G((((confirmPSVParameters & PSVMode) | ((! confirmPSVParameters) & PCVMode)) & ventilating))),G (PSVMode -> X (G (!PSVMode) U (confirmPSVParameters & PCVMode))) & G (!confirmPSVParameters -> PCVMode),False
ARTEMIS,60,The switch to PSV shall occur only after the PSV parameters have been confirmed and until that has happened the PCV ventilation shall continue,G(PCVMode -> G((((confirmPSVParameters & PSVMode) | ((! confirmPSVParameters) & PCVMode)) & ventilating))),G (PSVMode -> X (G (!PSVMode) U (confirmPSVParameters & PCVMode))) & G (!confirmPSVParameters -> PCVMode),False
ARTEMIS,60,The switch to PSV shall occur only after the PSV parameters have been confirmed and until that has happened the PCV ventilation shall continue,G(PCVMode -> G((((confirmPSVParameters & PSVMode) | ((! confirmPSVParameters) & PCVMode)) & ventilating))),G (PSVMode -> X (G (!PSVMode) U (confirmPSVParameters & PCVMode))) & G (!confirmPSVParameters -> PCVMode),False
ARTEMIS,60,The switch to PSV shall occur only after the PSV parameters have been confirmed and until that has happened the PCV ventilation shall continue,G(PCVMode -> G((((confirmPSVParameters & PSVMode) | ((! confirmPSVParameters) & PCVMode)) & ventilating))),G (PSVMode -> X (G (!PSVMode) U (confirmPSVParameters & PCVMode))) & G (!confirmPSVParameters -> PCVMode),False
ARTEMIS,60,The switch to PSV shall occur only after the PSV parameters have been confirmed and until that has happened the PCV ventilation shall continue,G(PCVMode -> G((((confirmPSVParameters & PSVMode) | ((! confirmPSVParameters) & PCVMode)) & ventilating))),G (PSVMode -> X (G (!PSVMode) U (confirmPSVParameters & PCVMode))) & G (!confirmPSVParameters -> PCVMode),False
ARTEMIS,60,The switch to PSV shall occur only after the PSV parameters have been confirmed and until that has happened the PCV ventilation shall continue,G(PCVMode -> G((((confirmPSVParameters & PSVMode) | ((! confirmPSVParameters) & PCVMode)) & ventilating))),G (PSVMode -> X (G (!PSVMode) U (confirmPSVParameters & PCVMode))) & G (!confirmPSVParameters -> PCVMode),False
ARTEMIS,60,The switch to PSV shall occur only after the PSV parameters have been confirmed and until that has happened the PCV ventilation shall continue,G(PCVMode -> G((((confirmPSVParameters & PSVMode) | ((! confirmPSVParameters) & PCVMode)) & ventilating))),G (PSVMode -> X (G (!PSVMode) U (confirmPSVParameters & PCVMode))) & G (!confirmPSVParameters -> PCVMode),False
ARTEMIS,60,The switch to PSV shall occur only after the PSV parameters have been confirmed and until that has happened the PCV ventilation shall continue,G(PCVMode -> G((((confirmPSVParameters & PSVMode) | ((! confirmPSVParameters) & PCVMode)) & ventilating))),G (PSVMode -> X (G (!PSVMode) U (confirmPSVParameters & PCVMode))) & G (!confirmPSVParameters -> PCVMode),False
ARTEMIS,60,The switch to PSV shall occur only after the PSV parameters have been confirmed and until that has happened the PCV ventilation shall continue,G(PCVMode -> G((((confirmPSVParameters & PSVMode) | ((! confirmPSVParameters) & PCVMode)) & ventilating))),G (PSVMode -> X (G (!PSVMode) U (confirmPSVParameters & PCVMode))) & G (!confirmPSVParameters -> PCVMode),False
ARTEMIS,60,The switch to PSV shall occur only after the PSV parameters have been confirmed and until that has happened the PCV ventilation shall continue,G(PCVMode -> G((((confirmPSVParameters & PSVMode) | ((! confirmPSVParameters) & PCVMode)) & ventilating))),G (PSVMode -> X (G (!PSVMode) U (confirmPSVParameters & PCVMode))) & G (!confirmPSVParameters -> PCVMode),False
ARTEMIS,60,The switch to PSV shall occur only after the PSV parameters have been confirmed and until that has happened the PCV ventilation shall continue,G(PCVMode -> G((((confirmPSVParameters & PSVMode) | ((! confirmPSVParameters) & PCVMode)) & ventilating))),G (PSVMode -> X (G (!PSVMode) U (confirmPSVParameters & PCVMode))) & G (!confirmPSVParameters -> PCVMode),False
ARTEMIS,60,The switch to PSV shall occur only after the PSV parameters have been confirmed and until that has happened the PCV ventilation shall continue,G(PCVMode -> G((((confirmPSVParameters & PSVMode) | ((! confirmPSVParameters) & PCVMode)) & ventilating))),G (PSVMode -> X (G (!PSVMode) U (confirmPSVParameters & PCVMode))) & G (!confirmPSVParameters -> PCVMode),False
ARTEMIS,60,The switch to PSV shall occur only after the PSV parameters have been confirmed and until that has happened the PCV ventilation shall continue,G(PCVMode -> G((((confirmPSVParameters & PSVMode) | ((! confirmPSVParameters) & PCVMode)) & ventilating))),G (PSVMode -> X (G (!PSVMode) U (confirmPSVParameters & PCVMode))) & G (!confirmPSVParameters -> PCVMode),False
ARTEMIS,60,The switch to PSV shall occur only after the PSV parameters have been confirmed and until that has happened the PCV ventilation shall continue,G(PCVMode -> G((((confirmPSVParameters & PSVMode) | ((! confirmPSVParameters) & PCVMode)) & ventilating))),G (PSVMode -> X (G (!PSVMode) U (confirmPSVParameters & PCVMode))) & G (!confirmPSVParameters -> PCVMode),False
ARTEMIS,60,The switch to PSV shall occur only after the PSV parameters have been confirmed and until that has happened the PCV ventilation shall continue,G(PCVMode -> G((((confirmPSVParameters & PSVMode) | ((! confirmPSVParameters) & PCVMode)) & ventilating))),G (PSVMode -> X (G (!PSVMode) U (confirmPSVParameters & PCVMode))) & G (!confirmPSVParameters -> PCVMode),False
ARTEMIS,60,The switch to PSV shall occur only after the PSV parameters have been confirmed and until that has happened the PCV ventilation shall continue,G(PCVMode -> G((((confirmPSVParameters & PSVMode) | ((! confirmPSVParameters) & PCVMode)) & ventilating))),G (PSVMode -> X (G (!PSVMode) U (confirmPSVParameters & PCVMode))) & G (!confirmPSVParameters -> PCVMode),False
ARTEMIS,60,The switch to PSV shall occur only after the PSV parameters have been confirmed and until that has happened the PCV ventilation shall continue,G(PCVMode -> G((((confirmPSVParameters & PSVMode) | ((! confirmPSVParameters) & PCVMode)) & ventilating))),G (PSVMode -> X (G (!PSVMode) U (confirmPSVParameters & PCVMode))) & G (!confirmPSVParameters -> PCVMode),False
ARTEMIS,60,The switch to PSV shall occur only after the PSV parameters have been confirmed and until that has happened the PCV ventilation shall continue,G(PCVMode -> G((((confirmPSVParameters & PSVMode) | ((! confirmPSVParameters) & PCVMode)) & ventilating))),G (PSVMode -> X (G (!PSVMode) U (confirmPSVParameters & PCVMode))) & G (!confirmPSVParameters -> PCVMode),False
ARTEMIS,60,The switch to PSV shall occur only after the PSV parameters have been confirmed and until that has happened the PCV ventilation shall continue,G(PCVMode -> G((((confirmPSVParameters & PSVMode) | ((! confirmPSVParameters) & PCVMode)) & ventilating))),G (PSVMode -> X (G (!PSVMode) U (confirmPSVParameters & PCVMode))) & G (!confirmPSVParameters -> PCVMode),False
ARTEMIS,60,The switch to PSV shall occur only after the PSV parameters have been confirmed and until that has happened the PCV ventilation shall continue,G(PCVMode -> G((((confirmPSVParameters & PSVMode) | ((! confirmPSVParameters) & PCVMode)) & ventilating))),G (PSVMode -> X (G (!PSVMode) U (confirmPSVParameters & PCVMode))) & G (!confirmPSVParameters -> PCVMode),False
ARTEMIS,60,The switch to PSV shall occur only after the PSV parameters have been confirmed and until that has happened the PCV ventilation shall continue,G(PCVMode -> G((((confirmPSVParameters & PSVMode) | ((! confirmPSVParameters) & PCVMode)) & ventilating))),G (PSVMode -> X (G (!PSVMode) U (confirmPSVParameters & PCVMode))) & G (!confirmPSVParameters -> PCVMode),False
ARTEMIS,60,The switch to PSV shall occur only after the PSV parameters have been confirmed and until that has happened the PCV ventilation shall continue,G(PCVMode -> G((((confirmPSVParameters & PSVMode) | ((! confirmPSVParameters) & PCVMode)) & ventilating))),G (PSVMode -> X (G (!PSVMode) U (confirmPSVParameters & PCVMode))) & G (!confirmPSVParameters -> PCVMode),False
ARTEMIS,60,The switch to PSV shall occur only after the PSV parameters have been confirmed and until that has happened the PCV ventilation shall continue,G(PCVMode -> G((((confirmPSVParameters & PSVMode) | ((! confirmPSVParameters) & PCVMode)) & ventilating))),G (PSVMode -> X (G (!PSVMode) U (confirmPSVParameters & PCVMode))) & G (!confirmPSVParameters -> PCVMode),False
ARTEMIS,60,The switch to PSV shall occur only after the PSV parameters have been confirmed and until that has happened the PCV ventilation shall continue,G(PCVMode -> G((((confirmPSVParameters & PSVMode) | ((! confirmPSVParameters) & PCVMode)) & ventilating))),G (PSVMode -> X (G (!PSVMode) U (confirmPSVParameters & PCVMode))) & G (!confirmPSVParameters -> PCVMode),False
ARTEMIS,60,The switch to PSV shall occur only after the PSV parameters have been confirmed and until that has happened the PCV ventilation shall continue,G(PCVMode -> G((((confirmPSVParameters & PSVMode) | ((! confirmPSVParameters) & PCVMode)) & ventilating))),G (PSVMode -> X (G (!PSVMode) U (confirmPSVParameters & PCVMode))) & G (!confirmPSVParameters -> PCVMode),False
ARTEMIS,60,The switch to PSV shall occur only after the PSV parameters have been confirmed and until that has happened the PCV ventilation shall continue,G(PCVMode -> G((((confirmPSVParameters & PSVMode) | ((! confirmPSVParameters) & PCVMode)) & ventilating))),G (PSVMode -> X (G (!PSVMode) U (confirmPSVParameters & PCVMode))) & G (!confirmPSVParameters -> PCVMode),False
ARTEMIS,60,The switch to PSV shall occur only after the PSV parameters have been confirmed and until that has happened the PCV ventilation shall continue,G(PCVMode -> G((((confirmPSVParameters & PSVMode) | ((! confirmPSVParameters) & PCVMode)) & ventilating))),G (PSVMode -> X (G (!PSVMode) U (confirmPSVParameters & PCVMode))) & G (!confirmPSVParameters -> PCVMode),False
ARTEMIS,60,The switch to PSV shall occur only after the PSV parameters have been confirmed and until that has happened the PCV ventilation shall continue,G(PCVMode -> G((((confirmPSVParameters & PSVMode) | ((! confirmPSVParameters) & PCVMode)) & ventilating))),G (PSVMode -> X (G (!PSVMode) U (confirmPSVParameters & PCVMode))) & G (!confirmPSVParameters -> PCVMode),False
ARTEMIS,60,The switch to PSV shall occur only after the PSV parameters have been confirmed and until that has happened the PCV ventilation shall continue,G(PCVMode -> G((((confirmPSVParameters & PSVMode) | ((! confirmPSVParameters) & PCVMode)) & ventilating))),G (PSVMode -> X (G (!PSVMode) U (confirmPSVParameters & PCVMode))) & G (!confirmPSVParameters -> PCVMode),False
ARTEMIS,60,The switch to PSV shall occur only after the PSV parameters have been confirmed and until that has happened the PCV ventilation shall continue,G(PCVMode -> G((((confirmPSVParameters & PSVMode) | ((! confirmPSVParameters) & PCVMode)) & ventilating))),G (PSVMode -> X (G (!PSVMode) U (confirmPSVParameters & PSVMode))) & G (!confirmPSVParameters -> PCVMode),False
ARTEMIS,60,The switch to PSV shall occur only after the PSV parameters have been confirmed and until that has happened the PCV ventilation shall continue,G(PCVMode -> G((((confirmPSVParameters & PSVMode) | ((! confirmPSVParameters) & PCVMode)) & ventilating))),G (PSVMode -> X (G (!PSVMode) U (confirmPSVParameters & PCVMode))) & G (!confirmPSVParameters -> PCVMode),False
ARTEMIS,60,The switch to PSV shall occur only after the PSV parameters have been confirmed and until that has happened the PCV ventilation shall continue,G(PCVMode -> G((((confirmPSVParameters & PSVMode) | ((! confirmPSVParameters) & PCVMode)) & ventilating))),G (PSVMode -> X (G (!PSVMode) U (confirmPSVParameters & PCVMode))) & G (!confirmPSVParameters -> PCVMode),False
ARTEMIS,60,The switch to PSV shall occur only after the PSV parameters have been confirmed and until that has happened the PCV ventilation shall continue,G(PCVMode -> G((((confirmPSVParameters & PSVMode) | ((! confirmPSVParameters) & PCVMode)) & ventilating))),G (PSVMode -> X (G (!PSVMode) U (confirmPSVParameters & PCVMode))) & G (!confirmPSVParameters -> PCVMode),False
ARTEMIS,60,The switch to PSV shall occur only after the PSV parameters have been confirmed and until that has happened the PCV ventilation shall continue,G(PCVMode -> G((((confirmPSVParameters & PSVMode) | ((! confirmPSVParameters) & PCVMode)) & ventilating))),G (PSVMode -> X (G (!PSVMode) U (confirmPSVParameters & PCVMode))) & G (!confirmPSVParameters -> PCVMode),False
ARTEMIS,60,The switch to PSV shall occur only after the PSV parameters have been confirmed and until that has happened the PCV ventilation shall continue,G(PCVMode -> G((((confirmPSVParameters & PSVMode) | ((! confirmPSVParameters) & PCVMode)) & ventilating))),G (PSVMode -> X (G (!PSVMode) U (confirmPSVParameters & PCVMode))) & G (!confirmPSVParameters -> PCVMode),False
ARTEMIS,60,The switch to PSV shall occur only after the PSV parameters have been confirmed and until that has happened the PCV ventilation shall continue,G(PCVMode -> G((((confirmPSVParameters & PSVMode) | ((! confirmPSVParameters) & PCVMode)) & ventilating))),G (PSVMode -> X (G (!PSVMode) U (confirmPSVParameters & PCVMode))) & G (!confirmPSVParameters -> PCVMode),False
ARTEMIS,60,The switch to PSV shall occur only after the PSV parameters have been confirmed and until that has happened the PCV ventilation shall continue,G(PCVMode -> G((((confirmPSVParameters & PSVMode) | ((! confirmPSVParameters) & PCVMode)) & ventilating))),G (PSVMode -> X (G (!PSVMode) U (confirmPSVParameters & PCVMode))) & G (!confirmPSVParameters -> PCVMode),False
ARTEMIS,60,The switch to PSV shall occur only after the PSV parameters have been confirmed and until that has happened the PCV ventilation shall continue,G(PCVMode -> G((((confirmPSVParameters & PSVMode) | ((! confirmPSVParameters) & PCVMode)) & ventilating))),G (PSVMode -> X (G (!PSVMode) U (confirmPSVParameters & PCVMode))) & G (!confirmPSVParameters -> PCVMode),False
ARTEMIS,60,The switch to PSV shall occur only after the PSV parameters have been confirmed and until that has happened the PCV ventilation shall continue,G(PCVMode -> G((((confirmPSVParameters & PSVMode) | ((! confirmPSVParameters) & PCVMode)) & ventilating))),G (PSVMode -> X (G (!PSVMode) U (confirmPSVParameters & PCVMode))) & G (!confirmPSVParameters -> PCVMode),False
ARTEMIS,60,The switch to PSV shall occur only after the PSV parameters have been confirmed and until that has happened the PCV ventilation shall continue,G(PCVMode -> G((((confirmPSVParameters & PSVMode) | ((! confirmPSVParameters) & PCVMode)) & ventilating))),G (PSVMode -> X (G (!PSVMode) U (confirmPSVParameters & PCVMode))) & G (!confirmPSVParameters -> PCVMode),False
ARTEMIS,60,The switch to PSV shall occur only after the PSV parameters have been confirmed and until that has happened the PCV ventilation shall continue,G(PCVMode -> G((((confirmPSVParameters & PSVMode) | ((! confirmPSVParameters) & PCVMode)) & ventilating))),G (PSVMode -> X (G (!PSVMode) U (confirmPSVParameters & PCVMode))) & G (!confirmPSVParameters -> PCVMode),False
ARTEMIS,60,The switch to PSV shall occur only after the PSV parameters have been confirmed and until that has happened the PCV ventilation shall continue,G(PCVMode -> G((((confirmPSVParameters & PSVMode) | ((! confirmPSVParameters) & PCVMode)) & ventilating))),G (PSVMode -> X (G (!PSVMode) U (confirmPSVParameters & PCVMode))) & G (!confirmPSVParameters -> PCVMode),False
ARTEMIS,60,The switch to PSV shall occur only after the PSV parameters have been confirmed and until that has happened the PCV ventilation shall continue,G(PCVMode -> G((((confirmPSVParameters & PSVMode) | ((! confirmPSVParameters) & PCVMode)) & ventilating))),G (PSVMode -> X (G (!PSVMode) U (confirmPSVParameters & PCVMode))) & G (!confirmPSVParameters -> PCVMode),False
ARTEMIS,60,The switch to PSV shall occur only after the PSV parameters have been confirmed and until that has happened the PCV ventilation shall continue,G(PCVMode -> G((((confirmPSVParameters & PSVMode) | ((! confirmPSVParameters) & PCVMode)) & ventilating))),G (PSVMode -> X (G (!PSVMode) U (confirmPSVParameters & PCVMode))) & G (!confirmPSVParameters -> PCVMode),False
ARTEMIS,60,The switch to PSV shall occur only after the PSV parameters have been confirmed and until that has happened the PCV ventilation shall continue,G(PCVMode -> G((((confirmPSVParameters & PSVMode) | ((! confirmPSVParameters) & PCVMode)) & ventilating))),G (PSVMode -> X (G (!PSVMode) U (confirmPSVParameters & PCVMode))) & G (!confirmPSVParameters -> PCVMode),False
ARTEMIS,60,The switch to PSV shall occur only after the PSV parameters have been confirmed and until that has happened the PCV ventilation shall continue,G(PCVMode -> G((((confirmPSVParameters & PSVMode) | ((! confirmPSVParameters) & PCVMode)) & ventilating))),G (PSVMode -> X (G (!PSVMode) U (confirmPSVParameters & PSVMode))) & G (!confirmPSVParameters -> PCVMode),False
ARTEMIS,60,The switch to PSV shall occur only after the PSV parameters have been confirmed and until that has happened the PCV ventilation shall continue,G(PCVMode -> G((((confirmPSVParameters & PSVMode) | ((! confirmPSVParameters) & PCVMode)) & ventilating))),G (PSVMode -> X (G (!PSVMode) U (confirmPSVParameters & PCVMode))) & G (!confirmPSVParameters -> PCVMode),False
ARTEMIS,60,The switch to PSV shall occur only after the PSV parameters have been confirmed and until that has happened the PCV ventilation shall continue,G(PCVMode -> G((((confirmPSVParameters & PSVMode) | ((! confirmPSVParameters) & PCVMode)) & ventilating))),G (PSVMode -> X (G (!PSVMode) U (confirmPSVParameters & PCVMode))) & G (!confirmPSVParameters -> PCVMode),False
ARTEMIS,60,The switch to PSV shall occur only after the PSV parameters have been confirmed and until that has happened the PCV ventilation shall continue,G(PCVMode -> G((((confirmPSVParameters & PSVMode) | ((! confirmPSVParameters) & PCVMode)) & ventilating))),G (PSVMode -> X (G (!PSVMode) U (confirmPSVParameters & PCVMode))) & G (!confirmPSVParameters -> PCVMode),False
ARTEMIS,60,The switch to PSV shall occur only after the PSV parameters have been confirmed and until that has happened the PCV ventilation shall continue,G(PCVMode -> G((((confirmPSVParameters & PSVMode) | ((! confirmPSVParameters) & PCVMode)) & ventilating))),G (PSVMode -> X (G (!PSVMode) U (confirmPSVParameters & PSVMode))) & G (!confirmPSVParameters -> PCVMode),False
ARTEMIS,60,The switch to PSV shall occur only after the PSV parameters have been confirmed and until that has happened the PCV ventilation shall continue,G(PCVMode -> G((((confirmPSVParameters & PSVMode) | ((! confirmPSVParameters) & PCVMode)) & ventilating))),G (PSVMode -> X (G (!PSVMode) U (confirmPSVParameters & PCVMode))) & G (!confirmPSVParameters -> PCVMode),False
ARTEMIS,60,The switch to PSV shall occur only after the PSV parameters have been confirmed and until that has happened the PCV ventilation shall continue,G(PCVMode -> G((((confirmPSVParameters & PSVMode) | ((! confirmPSVParameters) & PCVMode)) & ventilating))),G (PSVMode -> X (G (!PSVMode) U (confirmPSVParameters & PCVMode))) & G (!confirmPSVParameters -> PCVMode),False
ARTEMIS,60,The switch to PSV shall occur only after the PSV parameters have been confirmed and until that has happened the PCV ventilation shall continue,G(PCVMode -> G((((confirmPSVParameters & PSVMode) | ((! confirmPSVParameters) & PCVMode)) & ventilating))),G (PSVMode -> X (G (!PSVMode) U (confirmPSVParameters & PCVMode))) & G (!confirmPSVParameters -> PCVMode),False
ARTEMIS,60,The switch to PSV shall occur only after the PSV parameters have been confirmed and until that has happened the PCV ventilation shall continue,G(PCVMode -> G((((confirmPSVParameters & PSVMode) | ((! confirmPSVParameters) & PCVMode)) & ventilating))),G (PSVMode -> X (G (!PSVMode) U (confirmPSVParameters & PCVMode))) & G (!confirmPSVParameters -> PCVMode),False
ARTEMIS,60,The switch to PSV shall occur only after the PSV parameters have been confirmed and until that has happened the PCV ventilation shall continue,G(PCVMode -> G((((confirmPSVParameters & PSVMode) | ((! confirmPSVParameters) & PCVMode)) & ventilating))),G (PSVMode -> X (G (!PSVMode) U (confirmPSVParameters & PCVMode))) & G (!confirmPSVParameters -> PCVMode),False
ARTEMIS,60,The switch to PSV shall occur only after the PSV parameters have been confirmed and until that has happened the PCV ventilation shall continue,G(PCVMode -> G((((confirmPSVParameters & PSVMode) | ((! confirmPSVParameters) & PCVMode)) & ventilating))),G (PSVMode -> X (G (!PSVMode) U (confirmPSVParameters & PCVMode))) & G (!confirmPSVParameters -> PCVMode),False
ARTEMIS,60,The switch to PSV shall occur only after the PSV parameters have been confirmed and until that has happened the PCV ventilation shall continue,G(PCVMode -> G((((confirmPSVParameters & PSVMode) | ((! confirmPSVParameters) & PCVMode)) & ventilating))),G (PSVMode -> X (G (!PSVMode) U (confirmPSVParameters & PCVMode))) & G (!confirmPSVParameters -> PCVMode),False
ARTEMIS,60,The switch to PSV shall occur only after the PSV parameters have been confirmed and until that has happened the PCV ventilation shall continue,G(PCVMode -> G((((confirmPSVParameters & PSVMode) | ((! confirmPSVParameters) & PCVMode)) & ventilating))),G (PSVMode -> X (G (!PSVMode) U (confirmPSVParameters & PSVMode))) & G (!confirmPSVParameters -> PCVMode),False
ARTEMIS,60,The switch to PSV shall occur only after the PSV parameters have been confirmed and until that has happened the PCV ventilation shall continue,G(PCVMode -> G((((confirmPSVParameters & PSVMode) | ((! confirmPSVParameters) & PCVMode)) & ventilating))),G (PSVMode -> X (G (!PSVMode) U (confirmPSVParameters & PSVMode))) & G (!confirmPSVParameters -> PCVMode),False
ARTEMIS,60,The switch to PSV shall occur only after the PSV parameters have been confirmed and until that has happened the PCV ventilation shall continue,G(PCVMode -> G((((confirmPSVParameters & PSVMode) | ((! confirmPSVParameters) & PCVMode)) & ventilating))),G (PSVMode -> X (G (!PSVMode) U (confirmPSVParameters & PCVMode))) & G (!confirmPSVParameters -> PCVMode),False
ARTEMIS,60,The switch to PSV shall occur only after the PSV parameters have been confirmed and until that has happened the PCV ventilation shall continue,G(PCVMode -> G((((confirmPSVParameters & PSVMode) | ((! confirmPSVParameters) & PCVMode)) & ventilating))),G (PSVMode -> X (G (!PSVMode) U (confirmPSVParameters & PCVMode))) & G (!confirmPSVParameters -> PCVMode),False
ARTEMIS,60,The switch to PSV shall occur only after the PSV parameters have been confirmed and until that has happened the PCV ventilation shall continue,G(PCVMode -> G((((confirmPSVParameters & PSVMode) | ((! confirmPSVParameters) & PCVMode)) & ventilating))),G (PSVMode -> X (G (!PSVMode) U (confirmPSVParameters & PCVMode))) & G (!confirmPSVParameters -> PCVMode),False
ARTEMIS,60,The switch to PSV shall occur only after the PSV parameters have been confirmed and until that has happened the PCV ventilation shall continue,G(PCVMode -> G((((confirmPSVParameters & PSVMode) | ((! confirmPSVParameters) & PCVMode)) & ventilating))),G (PSVMode -> X (G (!PSVMode) U (confirmPSVParameters & PCVMode))) & G (!confirmPSVParameters -> PCVMode),False
ARTEMIS,60,The switch to PSV shall occur only after the PSV parameters have been confirmed and until that has happened the PCV ventilation shall continue,G(PCVMode -> G((((confirmPSVParameters & PSVMode) | ((! confirmPSVParameters) & PCVMode)) & ventilating))),G (PSVMode -> X (G (!PSVMode) U (confirmPSVParameters & PCVMode))) & G (!confirmPSVParameters -> PCVMode),False
ARTEMIS,60,The switch to PSV shall occur only after the PSV parameters have been confirmed and until that has happened the PCV ventilation shall continue,G(PCVMode -> G((((confirmPSVParameters & PSVMode) | ((! confirmPSVParameters) & PCVMode)) & ventilating))),G (PSVMode -> X (G (!PSVMode) U (confirmPSVParameters & PCVMode))) & G (!confirmPSVParameters -> PCVMode),False
ARTEMIS,60,The switch to PSV shall occur only after the PSV parameters have been confirmed and until that has happened the PCV ventilation shall continue,G(PCVMode -> G((((confirmPSVParameters & PSVMode) | ((! confirmPSVParameters) & PCVMode)) & ventilating))),G (PSVMode -> X (G (!PSVMode) U (confirmPSVParameters & PCVMode))) & G (!confirmPSVParameters -> PCVMode),False
ARTEMIS,60,The switch to PSV shall occur only after the PSV parameters have been confirmed and until that has happened the PCV ventilation shall continue,G(PCVMode -> G((((confirmPSVParameters & PSVMode) | ((! confirmPSVParameters) & PCVMode)) & ventilating))),G (PSVMode -> X (G (!PSVMode) U (confirmPSVParameters & PCVMode))) & G (!confirmPSVParameters -> PCVMode),False
ARTEMIS,60,The switch to PSV shall occur only after the PSV parameters have been confirmed and until that has happened the PCV ventilation shall continue,G(PCVMode -> G((((confirmPSVParameters & PSVMode) | ((! confirmPSVParameters) & PCVMode)) & ventilating))),G (PSVMode -> X (G (!PSVMode) U (confirmPSVParameters & PCVMode))) & G (!confirmPSVParameters -> PCVMode),False
ARTEMIS,60,The switch to PSV shall occur only after the PSV parameters have been confirmed and until that has happened the PCV ventilation shall continue,G(PCVMode -> G((((confirmPSVParameters & PSVMode) | ((! confirmPSVParameters) & PCVMode)) & ventilating))),G (PSVMode -> X (G (!PSVMode) U (confirmPSVParameters & PCVMode))) & G (!confirmPSVParameters -> PCVMode),False
ARTEMIS,60,The switch to PSV shall occur only after the PSV parameters have been confirmed and until that has happened the PCV ventilation shall continue,G(PCVMode -> G((((confirmPSVParameters & PSVMode) | ((! confirmPSVParameters) & PCVMode)) & ventilating))),G (PSVMode -> X (G (!PSVMode) U (confirmPSVParameters & PSVMode))) & G (!confirmPSVParameters -> PCVMode),False
ARTEMIS,60,The switch to PSV shall occur only after the PSV parameters have been confirmed and until that has happened the PCV ventilation shall continue,G(PCVMode -> G((((confirmPSVParameters & PSVMode) | ((! confirmPSVParameters) & PCVMode)) & ventilating))),G (PSVMode -> X (G (!PSVMode) U (confirmPSVParameters & PCVMode))) & G (!confirmPSVParameters -> PCVMode),False
ARTEMIS,60,The switch to PSV shall occur only after the PSV parameters have been confirmed and until that has happened the PCV ventilation shall continue,G(PCVMode -> G((((confirmPSVParameters & PSVMode) | ((! confirmPSVParameters) & PCVMode)) & ventilating))),G (PSVMode -> X (G (!PSVMode) U (confirmPSVParameters & PSVMode))) & G (!confirmPSVParameters -> PCVMode),False
ARTEMIS,60,The switch to PSV shall occur only after the PSV parameters have been confirmed and until that has happened the PCV ventilation shall continue,G(PCVMode -> G((((confirmPSVParameters & PSVMode) | ((! confirmPSVParameters) & PCVMode)) & ventilating))),G (PSVMode -> X (G (!PSVMode) U (confirmPSVParameters & PSVMode))) & G (!confirmPSVParameters -> PCVMode),False
ARTEMIS,60,The switch to PSV shall occur only after the PSV parameters have been confirmed and until that has happened the PCV ventilation shall continue,G(PCVMode -> G((((confirmPSVParameters & PSVMode) | ((! confirmPSVParameters) & PCVMode)) & ventilating))),G (PSVMode -> X (G (!PSVMode) U (confirmPSVParameters & PCVMode))) & G (!confirmPSVParameters -> PCVMode),False
ARTEMIS,60,The switch to PSV shall occur only after the PSV parameters have been confirmed and until that has happened the PCV ventilation shall continue,G(PCVMode -> G((((confirmPSVParameters & PSVMode) | ((! confirmPSVParameters) & PCVMode)) & ventilating))),G (PSVMode -> X (G (!PSVMode) U (confirmPSVParameters & PCVMode))) & G (!confirmPSVParameters -> PCVMode),False
ARTEMIS,60,The switch to PSV shall occur only after the PSV parameters have been confirmed and until that has happened the PCV ventilation shall continue,G(PCVMode -> G((((confirmPSVParameters & PSVMode) | ((! confirmPSVParameters) & PCVMode)) & ventilating))),G (PSVMode -> X (G (!PSVMode) U (confirmPSVParameters & PCVMode))) & G (!confirmPSVParameters -> PCVMode),False
ARTEMIS,60,The switch to PSV shall occur only after the PSV parameters have been confirmed and until that has happened the PCV ventilation shall continue,G(PCVMode -> G((((confirmPSVParameters & PSVMode) | ((! confirmPSVParameters) & PCVMode)) & ventilating))),G (PSVMode -> X (G (!PSVMode) U (confirmPSVParameters & PCVMode))) & G (!confirmPSVParameters -> PCVMode),False
ARTEMIS,60,The switch to PSV shall occur only after the PSV parameters have been confirmed and until that has happened the PCV ventilation shall continue,G(PCVMode -> G((((confirmPSVParameters & PSVMode) | ((! confirmPSVParameters) & PCVMode)) & ventilating))),G (PSVMode -> X (G (!PSVMode) U (confirmPSVParameters & PCVMode))) & G (!confirmPSVParameters -> PCVMode),False
ARTEMIS,60,The switch to PSV shall occur only after the PSV parameters have been confirmed and until that has happened the PCV ventilation shall continue,G(PCVMode -> G((((confirmPSVParameters & PSVMode) | ((! confirmPSVParameters) & PCVMode)) & ventilating))),G (PSVMode -> X (G (!PSVMode) U (confirmPSVParameters & PCVMode))) & G (!confirmPSVParameters -> PCVMode),False
ARTEMIS,60,The switch to PSV shall occur only after the PSV parameters have been confirmed and until that has happened the PCV ventilation shall continue,G(PCVMode -> G((((confirmPSVParameters & PSVMode) | ((! confirmPSVParameters) & PCVMode)) & ventilating))),G (PSVMode -> X (G (!PSVMode) U (confirmPSVParameters & PCVMode))) & G (!confirmPSVParameters -> PCVMode),False
ARTEMIS,60,The switch to PSV shall occur only after the PSV parameters have been confirmed and until that has happened the PCV ventilation shall continue,G(PCVMode -> G((((confirmPSVParameters & PSVMode) | ((! confirmPSVParameters) & PCVMode)) & ventilating))),G (PSVMode -> X (G (!PSVMode) U (confirmPSVParameters & PCVMode))) & G (!confirmPSVParameters -> PCVMode),False
ARTEMIS,60,The switch to PSV shall occur only after the PSV parameters have been confirmed and until that has happened the PCV ventilation shall continue,G(PCVMode -> G((((confirmPSVParameters & PSVMode) | ((! confirmPSVParameters) & PCVMode)) & ventilating))),G (PSVMode -> X (G (!PSVMode) U (confirmPSVParameters & PCVMode))) & G (!confirmPSVParameters -> PCVMode),False
ARTEMIS,60,The switch to PSV shall occur only after the PSV parameters have been confirmed and until that has happened the PCV ventilation shall continue,G(PCVMode -> G((((confirmPSVParameters & PSVMode) | ((! confirmPSVParameters) & PCVMode)) & ventilating))),G (PSVMode -> X (G (!PSVMode) U (confirmPSVParameters & PCVMode))) & G (!confirmPSVParameters -> PCVMode),False
ARTEMIS,60,The switch to PSV shall occur only after the PSV parameters have been confirmed and until that has happened the PCV ventilation shall continue,G(PCVMode -> G((((confirmPSVParameters & PSVMode) | ((! confirmPSVParameters) & PCVMode)) & ventilating))),G (PSVMode -> X (G (!PSVMode) U (confirmPSVParameters & PCVMode))) & G (!confirmPSVParameters -> PCVMode),False
ARTEMIS,60,The switch to PSV shall occur only after the PSV parameters have been confirmed and until that has happened the PCV ventilation shall continue,G(PCVMode -> G((((confirmPSVParameters & PSVMode) | ((! confirmPSVParameters) & PCVMode)) & ventilating))),G (PSVMode -> X (G (!PSVMode) U (confirmPSVParameters & PCVMode))) & G (!confirmPSVParameters -> PCVMode),False
ARTEMIS,60,The switch to PSV shall occur only after the PSV parameters have been confirmed and until that has happened the PCV ventilation shall continue,G(PCVMode -> G((((confirmPSVParameters & PSVMode) | ((! confirmPSVParameters) & PCVMode)) & ventilating))),G (PSVMode -> X (G (!PSVMode) U (confirmPSVParameters & PCVMode))) & G (!confirmPSVParameters -> PCVMode),False
ARTEMIS,60,The switch to PSV shall occur only after the PSV parameters have been confirmed and until that has happened the PCV ventilation shall continue,G(PCVMode -> G((((confirmPSVParameters & PSVMode) | ((! confirmPSVParameters) & PCVMode)) & ventilating))),G (PSVMode -> X (G (!PSVMode) U (confirmPSVParameters & PCVMode))) & G (!confirmPSVParameters -> PCVMode),False
ARTEMIS,60,The switch to PSV shall occur only after the PSV parameters have been confirmed and until that has happened the PCV ventilation shall continue,G(PCVMode -> G((((confirmPSVParameters & PSVMode) | ((! confirmPSVParameters) & PCVMode)) & ventilating))),G (PSVMode -> X (G (!PSVMode) U (confirmPSVParameters & PCVMode))) & G (!confirmPSVParameters -> PCVMode),False
ARTEMIS,60,The switch to PSV shall occur only after the PSV parameters have been confirmed and until that has happened the PCV ventilation shall continue,G(PCVMode -> G((((confirmPSVParameters & PSVMode) | ((! confirmPSVParameters) & PCVMode)) & ventilating))),G (PSVMode -> X (G (!PSVMode) U (confirmPSVParameters & PCVMode))) & G (!confirmPSVParameters -> PCVMode),False
ARTEMIS,60,The switch to PSV shall occur only after the PSV parameters have been confirmed and until that has happened the PCV ventilation shall continue,G(PCVMode -> G((((confirmPSVParameters & PSVMode) | ((! confirmPSVParameters) & PCVMode)) & ventilating))),G (PSVMode -> X (G (!PSVMode) U (confirmPSVParameters & PCVMode))) & G (!confirmPSVParameters -> PCVMode),False
ARTEMIS,60,The switch to PSV shall occur only after the PSV parameters have been confirmed and until that has happened the PCV ventilation shall continue,G(PCVMode -> G((((confirmPSVParameters & PSVMode) | ((! confirmPSVParameters) & PCVMode)) & ventilating))),G (PSVMode -> X (G (!PSVMode) U (confirmPSVParameters & PCVMode))) & G (!confirmPSVParameters -> PCVMode),False
ARTEMIS,60,The switch to PSV shall occur only after the PSV parameters have been confirmed and until that has happened the PCV ventilation shall continue,G(PCVMode -> G((((confirmPSVParameters & PSVMode) | ((! confirmPSVParameters) & PCVMode)) & ventilating))),G (PSVMode -> X (G (!PSVMode) U (confirmPSVParameters & PCVMode))) & G (!confirmPSVParameters -> PCVMode),False
ARTEMIS,60,The switch to PSV shall occur only after the PSV parameters have been confirmed and until that has happened the PCV ventilation shall continue,G(PCVMode -> G((((confirmPSVParameters & PSVMode) | ((! confirmPSVParameters) & PCVMode)) & ventilating))),G (PSVMode -> X (G (!PSVMode) U (confirmPSVParameters & PCVMode))) & G (!confirmPSVParameters -> PCVMode),False
ARTEMIS,60,The switch to PSV shall occur only after the PSV parameters have been confirmed and until that has happened the PCV ventilation shall continue,G(PCVMode -> G((((confirmPSVParameters & PSVMode) | ((! confirmPSVParameters) & PCVMode)) & ventilating))),G (PSVMode -> X (G (!PSVMode) U (confirmPSVParameters & PCVMode))) & G (!confirmPSVParameters -> PCVMode),False
ARTEMIS,60,The switch to PSV shall occur only after the PSV parameters have been confirmed and until that has happened the PCV ventilation shall continue,G(PCVMode -> G((((confirmPSVParameters & PSVMode) | ((! confirmPSVParameters) & PCVMode)) & ventilating))),G (PSVMode -> X (G (!PSVMode) U (confirmPSVParameters & PSVMode))) & G (!confirmPSVParameters -> PCVMode),False
ARTEMIS,60,The switch to PSV shall occur only after the PSV parameters have been confirmed and until that has happened the PCV ventilation shall continue,G(PCVMode -> G((((confirmPSVParameters & PSVMode) | ((! confirmPSVParameters) & PCVMode)) & ventilating))),G (PSVMode -> X (G (!PSVMode) U (confirmPSVParameters & PSVMode))) & G (!confirmPSVParameters -> PCVMode),False
ARTEMIS,60,The switch to PSV shall occur only after the PSV parameters have been confirmed and until that has happened the PCV ventilation shall continue,G(PCVMode -> G((((confirmPSVParameters & PSVMode) | ((! confirmPSVParameters) & PCVMode)) & ventilating))),G (PSVMode -> X (G (!PSVMode) U (confirmPSVParameters & PSVMode))) & G (!confirmPSVParameters -> PCVMode),False
ARTEMIS,60,The switch to PSV shall occur only after the PSV parameters have been confirmed and until that has happened the PCV ventilation shall continue,G(PCVMode -> G((((confirmPSVParameters & PSVMode) | ((! confirmPSVParameters) & PCVMode)) & ventilating))),G (PSVMode -> X (G (!PSVMode) U (confirmPSVParameters & PSVMode))) & G (!confirmPSVParameters -> PCVMode),False
ARTEMIS,118,"Start-up Mode: If the pressure sensor fails to connect or reports an error condition after a fixed number of retries (maximum 5), the controller shall transition to the fail-safe mode.",!(pressureSensorRetries_greaterThanOrEqual_5 & ( pressureSensorConnFailure | pressureSensorError )) U ((pressureSensorRetries_greaterThanOrEqual_5 & ( pressureSensorConnFailure | pressureSensorError )) & G(StartUpMode -> F(failSafeMode))),G (StartUpMode & (pressureSensorConnFailure | pressureSensorError) & pressureSensorRetries_greaterThanOrEqual_5 -> X failSafeMode),False
ARTEMIS,118,"Start-up Mode: If the pressure sensor fails to connect or reports an error condition after a fixed number of retries (maximum 5), the controller shall transition to the fail-safe mode.",!(pressureSensorRetries_greaterThanOrEqual_5 & ( pressureSensorConnFailure | pressureSensorError )) U ((pressureSensorRetries_greaterThanOrEqual_5 & ( pressureSensorConnFailure | pressureSensorError )) & G(StartUpMode -> F(failSafeMode))),G (StartUpMode & (pressureSensorConnFailure | pressureSensorError) & pressureSensorRetries_greaterThanOrEqual_5 -> X failSafeMode),False
ARTEMIS,118,"Start-up Mode: If the pressure sensor fails to connect or reports an error condition after a fixed number of retries (maximum 5), the controller shall transition to the fail-safe mode.",!(pressureSensorRetries_greaterThanOrEqual_5 & ( pressureSensorConnFailure | pressureSensorError )) U ((pressureSensorRetries_greaterThanOrEqual_5 & ( pressureSensorConnFailure | pressureSensorError )) & G(StartUpMode -> F(failSafeMode))),G (StartUpMode & (pressureSensorConnFailure | pressureSensorError) & pressureSensorRetries_greaterThanOrEqual_5 -> X failSafeMode),False
ARTEMIS,118,"Start-up Mode: If the pressure sensor fails to connect or reports an error condition after a fixed number of retries (maximum 5), the controller shall transition to the fail-safe mode.",!(pressureSensorRetries_greaterThanOrEqual_5 & ( pressureSensorConnFailure | pressureSensorError )) U ((pressureSensorRetries_greaterThanOrEqual_5 & ( pressureSensorConnFailure | pressureSensorError )) & G(StartUpMode -> F(failSafeMode))),G (StartUpMode & (pressureSensorConnFailure | pressureSensorError) & pressureSensorRetries_greaterThanOrEqual_5 -> X failSafeMode),False
ARTEMIS,118,"Start-up Mode: If the pressure sensor fails to connect or reports an error condition after a fixed number of retries (maximum 5), the controller shall transition to the fail-safe mode.",!(pressureSensorRetries_greaterThanOrEqual_5 & ( pressureSensorConnFailure | pressureSensorError )) U ((pressureSensorRetries_greaterThanOrEqual_5 & ( pressureSensorConnFailure | pressureSensorError )) & G(StartUpMode -> F(failSafeMode))),G (StartUpMode & (pressureSensorConnFailure | pressureSensorError) & pressureSensorRetries_greaterThanOrEqual_5 -> X failSafeMode),False
ARTEMIS,118,"Start-up Mode: If the pressure sensor fails to connect or reports an error condition after a fixed number of retries (maximum 5), the controller shall transition to the fail-safe mode.",!(pressureSensorRetries_greaterThanOrEqual_5 & ( pressureSensorConnFailure | pressureSensorError )) U ((pressureSensorRetries_greaterThanOrEqual_5 & ( pressureSensorConnFailure | pressureSensorError )) & G(StartUpMode -> F(failSafeMode))),G (StartUpMode & (pressureSensorConnFailure | pressureSensorError) & pressureSensorRetries_greaterThanOrEqual_5 -> X failSafeMode),False
ARTEMIS,118,"Start-up Mode: If the pressure sensor fails to connect or reports an error condition after a fixed number of retries (maximum 5), the controller shall transition to the fail-safe mode.",!(pressureSensorRetries_greaterThanOrEqual_5 & ( pressureSensorConnFailure | pressureSensorError )) U ((pressureSensorRetries_greaterThanOrEqual_5 & ( pressureSensorConnFailure | pressureSensorError )) & G(StartUpMode -> F(failSafeMode))),G (StartUpMode & (pressureSensorConnFailure | pressureSensorError) & pressureSensorRetries_greaterThanOrEqual_5 -> X failSafeMode),False
ARTEMIS,118,"Start-up Mode: If the pressure sensor fails to connect or reports an error condition after a fixed number of retries (maximum 5), the controller shall transition to the fail-safe mode.",!(pressureSensorRetries_greaterThanOrEqual_5 & ( pressureSensorConnFailure | pressureSensorError )) U ((pressureSensorRetries_greaterThanOrEqual_5 & ( pressureSensorConnFailure | pressureSensorError )) & G(StartUpMode -> F(failSafeMode))),G (StartUpMode & (pressureSensorConnFailure | pressureSensorError) & pressureSensorRetries_greaterThanOrEqual_5 -> X failSafeMode),False
ARTEMIS,118,"Start-up Mode: If the pressure sensor fails to connect or reports an error condition after a fixed number of retries (maximum 5), the controller shall transition to the fail-safe mode.",!(pressureSensorRetries_greaterThanOrEqual_5 & ( pressureSensorConnFailure | pressureSensorError )) U ((pressureSensorRetries_greaterThanOrEqual_5 & ( pressureSensorConnFailure | pressureSensorError )) & G(StartUpMode -> F(failSafeMode))),G (StartUpMode & (pressureSensorConnFailure | pressureSensorError) & pressureSensorRetries_greaterThanOrEqual_5 -> X failSafeMode),False
ARTEMIS,118,"Start-up Mode: If the pressure sensor fails to connect or reports an error condition after a fixed number of retries (maximum 5), the controller shall transition to the fail-safe mode.",!(pressureSensorRetries_greaterThanOrEqual_5 & ( pressureSensorConnFailure | pressureSensorError )) U ((pressureSensorRetries_greaterThanOrEqual_5 & ( pressureSensorConnFailure | pressureSensorError )) & G(StartUpMode -> F(failSafeMode))),G (StartUpMode & (pressureSensorConnFailure | pressureSensorError) & pressureSensorRetries_greaterThanOrEqual_5 -> X failSafeMode),False
ARTEMIS,118,"Start-up Mode: If the pressure sensor fails to connect or reports an error condition after a fixed number of retries (maximum 5), the controller shall transition to the fail-safe mode.",!(pressureSensorRetries_greaterThanOrEqual_5 & ( pressureSensorConnFailure | pressureSensorError )) U ((pressureSensorRetries_greaterThanOrEqual_5 & ( pressureSensorConnFailure | pressureSensorError )) & G(StartUpMode -> F(failSafeMode))),G (StartUpMode & (pressureSensorConnFailure | pressureSensorError) & pressureSensorRetries_greaterThanOrEqual_5 -> X failSafeMode),False
ARTEMIS,118,"Start-up Mode: If the pressure sensor fails to connect or reports an error condition after a fixed number of retries (maximum 5), the controller shall transition to the fail-safe mode.",!(pressureSensorRetries_greaterThanOrEqual_5 & ( pressureSensorConnFailure | pressureSensorError )) U ((pressureSensorRetries_greaterThanOrEqual_5 & ( pressureSensorConnFailure | pressureSensorError )) & G(StartUpMode -> F(failSafeMode))),G (StartUpMode & (pressureSensorConnFailure | pressureSensorError) & pressureSensorRetries_greaterThanOrEqual_5 -> X failSafeMode),False
ARTEMIS,118,"Start-up Mode: If the pressure sensor fails to connect or reports an error condition after a fixed number of retries (maximum 5), the controller shall transition to the fail-safe mode.",!(pressureSensorRetries_greaterThanOrEqual_5 & ( pressureSensorConnFailure | pressureSensorError )) U ((pressureSensorRetries_greaterThanOrEqual_5 & ( pressureSensorConnFailure | pressureSensorError )) & G(StartUpMode -> F(failSafeMode))),G (StartUpMode & (pressureSensorConnFailure | pressureSensorError) & pressureSensorRetries_greaterThanOrEqual_5 -> X failSafeMode),False
ARTEMIS,118,"Start-up Mode: If the pressure sensor fails to connect or reports an error condition after a fixed number of retries (maximum 5), the controller shall transition to the fail-safe mode.",!(pressureSensorRetries_greaterThanOrEqual_5 & ( pressureSensorConnFailure | pressureSensorError )) U ((pressureSensorRetries_greaterThanOrEqual_5 & ( pressureSensorConnFailure | pressureSensorError )) & G(StartUpMode -> F(failSafeMode))),G (StartUpMode & (pressureSensorConnFailure | pressureSensorError) & pressureSensorRetries_greaterThanOrEqual_5 -> X failSafeMode),False
ARTEMIS,118,"Start-up Mode: If the pressure sensor fails to connect or reports an error condition after a fixed number of retries (maximum 5), the controller shall transition to the fail-safe mode.",!(pressureSensorRetries_greaterThanOrEqual_5 & ( pressureSensorConnFailure | pressureSensorError )) U ((pressureSensorRetries_greaterThanOrEqual_5 & ( pressureSensorConnFailure | pressureSensorError )) & G(StartUpMode -> F(failSafeMode))),G (StartUpMode & (pressureSensorConnFailure | pressureSensorError) & pressureSensorRetries_greaterThanOrEqual_5 -> X failSafeMode),False
ARTEMIS,118,"Start-up Mode: If the pressure sensor fails to connect or reports an error condition after a fixed number of retries (maximum 5), the controller shall transition to the fail-safe mode.",!(pressureSensorRetries_greaterThanOrEqual_5 & ( pressureSensorConnFailure | pressureSensorError )) U ((pressureSensorRetries_greaterThanOrEqual_5 & ( pressureSensorConnFailure | pressureSensorError )) & G(StartUpMode -> F(failSafeMode))),G(StartUpMode -> (pressureSensorConnFailure | pressureSensorError) -> (pressureSensorRetries_greaterThanOrEqual_5 -> X failSafeMode)),False
ARTEMIS,118,"Start-up Mode: If the pressure sensor fails to connect or reports an error condition after a fixed number of retries (maximum 5), the controller shall transition to the fail-safe mode.",!(pressureSensorRetries_greaterThanOrEqual_5 & ( pressureSensorConnFailure | pressureSensorError )) U ((pressureSensorRetries_greaterThanOrEqual_5 & ( pressureSensorConnFailure | pressureSensorError )) & G(StartUpMode -> F(failSafeMode))),G (StartUpMode & (pressureSensorConnFailure | pressureSensorError) & pressureSensorRetries_greaterThanOrEqual_5 -> X failSafeMode),False
ARTEMIS,118,"Start-up Mode: If the pressure sensor fails to connect or reports an error condition after a fixed number of retries (maximum 5), the controller shall transition to the fail-safe mode.",!(pressureSensorRetries_greaterThanOrEqual_5 & ( pressureSensorConnFailure | pressureSensorError )) U ((pressureSensorRetries_greaterThanOrEqual_5 & ( pressureSensorConnFailure | pressureSensorError )) & G(StartUpMode -> F(failSafeMode))),G (StartUpMode & (pressureSensorConnFailure | pressureSensorError) & pressureSensorRetries_greaterThanOrEqual_5 -> X failSafeMode),False
ARTEMIS,118,"Start-up Mode: If the pressure sensor fails to connect or reports an error condition after a fixed number of retries (maximum 5), the controller shall transition to the fail-safe mode.",!(pressureSensorRetries_greaterThanOrEqual_5 & ( pressureSensorConnFailure | pressureSensorError )) U ((pressureSensorRetries_greaterThanOrEqual_5 & ( pressureSensorConnFailure | pressureSensorError )) & G(StartUpMode -> F(failSafeMode))),G (StartUpMode & (pressureSensorConnFailure | pressureSensorError) & pressureSensorRetries_greaterThanOrEqual_5 -> X failSafeMode),False
ARTEMIS,118,"Start-up Mode: If the pressure sensor fails to connect or reports an error condition after a fixed number of retries (maximum 5), the controller shall transition to the fail-safe mode.",!(pressureSensorRetries_greaterThanOrEqual_5 & ( pressureSensorConnFailure | pressureSensorError )) U ((pressureSensorRetries_greaterThanOrEqual_5 & ( pressureSensorConnFailure | pressureSensorError )) & G(StartUpMode -> F(failSafeMode))),G (StartUpMode & (pressureSensorConnFailure | pressureSensorError) & pressureSensorRetries_greaterThanOrEqual_5 -> X failSafeMode),False
ARTEMIS,118,"Start-up Mode: If the pressure sensor fails to connect or reports an error condition after a fixed number of retries (maximum 5), the controller shall transition to the fail-safe mode.",!(pressureSensorRetries_greaterThanOrEqual_5 & ( pressureSensorConnFailure | pressureSensorError )) U ((pressureSensorRetries_greaterThanOrEqual_5 & ( pressureSensorConnFailure | pressureSensorError )) & G(StartUpMode -> F(failSafeMode))),G(StartUpMode & (pressureSensorConnFailure | pressureSensorError) & pressureSensorRetries_greaterThanOrEqual_5 -> X failSafeMode),False
ARTEMIS,118,"Start-up Mode: If the pressure sensor fails to connect or reports an error condition after a fixed number of retries (maximum 5), the controller shall transition to the fail-safe mode.",!(pressureSensorRetries_greaterThanOrEqual_5 & ( pressureSensorConnFailure | pressureSensorError )) U ((pressureSensorRetries_greaterThanOrEqual_5 & ( pressureSensorConnFailure | pressureSensorError )) & G(StartUpMode -> F(failSafeMode))),G (StartUpMode & (pressureSensorConnFailure | pressureSensorError) & pressureSensorRetries_greaterThanOrEqual_5 -> X failSafeMode),False
ARTEMIS,118,"Start-up Mode: If the pressure sensor fails to connect or reports an error condition after a fixed number of retries (maximum 5), the controller shall transition to the fail-safe mode.",!(pressureSensorRetries_greaterThanOrEqual_5 & ( pressureSensorConnFailure | pressureSensorError )) U ((pressureSensorRetries_greaterThanOrEqual_5 & ( pressureSensorConnFailure | pressureSensorError )) & G(StartUpMode -> F(failSafeMode))),G (StartUpMode & (pressureSensorConnFailure | pressureSensorError) & pressureSensorRetries_greaterThanOrEqual_5 -> X failSafeMode),False
ARTEMIS,118,"Start-up Mode: If the pressure sensor fails to connect or reports an error condition after a fixed number of retries (maximum 5), the controller shall transition to the fail-safe mode.",!(pressureSensorRetries_greaterThanOrEqual_5 & ( pressureSensorConnFailure | pressureSensorError )) U ((pressureSensorRetries_greaterThanOrEqual_5 & ( pressureSensorConnFailure | pressureSensorError )) & G(StartUpMode -> F(failSafeMode))),G (StartUpMode & (pressureSensorConnFailure | pressureSensorError) & pressureSensorRetries_greaterThanOrEqual_5 -> X failSafeMode),False
ARTEMIS,118,"Start-up Mode: If the pressure sensor fails to connect or reports an error condition after a fixed number of retries (maximum 5), the controller shall transition to the fail-safe mode.",!(pressureSensorRetries_greaterThanOrEqual_5 & ( pressureSensorConnFailure | pressureSensorError )) U ((pressureSensorRetries_greaterThanOrEqual_5 & ( pressureSensorConnFailure | pressureSensorError )) & G(StartUpMode -> F(failSafeMode))),G (StartUpMode & (pressureSensorConnFailure | pressureSensorError) & pressureSensorRetries_greaterThanOrEqual_5 -> X failSafeMode),False
ARTEMIS,118,"Start-up Mode: If the pressure sensor fails to connect or reports an error condition after a fixed number of retries (maximum 5), the controller shall transition to the fail-safe mode.",!(pressureSensorRetries_greaterThanOrEqual_5 & ( pressureSensorConnFailure | pressureSensorError )) U ((pressureSensorRetries_greaterThanOrEqual_5 & ( pressureSensorConnFailure | pressureSensorError )) & G(StartUpMode -> F(failSafeMode))),G (StartUpMode & (pressureSensorConnFailure | pressureSensorError) & pressureSensorRetries_greaterThanOrEqual_5 -> X failSafeMode),False
ARTEMIS,118,"Start-up Mode: If the pressure sensor fails to connect or reports an error condition after a fixed number of retries (maximum 5), the controller shall transition to the fail-safe mode.",!(pressureSensorRetries_greaterThanOrEqual_5 & ( pressureSensorConnFailure | pressureSensorError )) U ((pressureSensorRetries_greaterThanOrEqual_5 & ( pressureSensorConnFailure | pressureSensorError )) & G(StartUpMode -> F(failSafeMode))),G (StartUpMode & (pressureSensorConnFailure | pressureSensorError) & pressureSensorRetries_greaterThanOrEqual_5 -> X failSafeMode),False
ARTEMIS,118,"Start-up Mode: If the pressure sensor fails to connect or reports an error condition after a fixed number of retries (maximum 5), the controller shall transition to the fail-safe mode.",!(pressureSensorRetries_greaterThanOrEqual_5 & ( pressureSensorConnFailure | pressureSensorError )) U ((pressureSensorRetries_greaterThanOrEqual_5 & ( pressureSensorConnFailure | pressureSensorError )) & G(StartUpMode -> F(failSafeMode))),G (StartUpMode & (pressureSensorConnFailure | pressureSensorError) & pressureSensorRetries_greaterThanOrEqual_5 -> X failSafeMode),False
ARTEMIS,118,"Start-up Mode: If the pressure sensor fails to connect or reports an error condition after a fixed number of retries (maximum 5), the controller shall transition to the fail-safe mode.",!(pressureSensorRetries_greaterThanOrEqual_5 & ( pressureSensorConnFailure | pressureSensorError )) U ((pressureSensorRetries_greaterThanOrEqual_5 & ( pressureSensorConnFailure | pressureSensorError )) & G(StartUpMode -> F(failSafeMode))),G(StartUpMode -> (pressureSensorConnFailure | pressureSensorError) -> (pressureSensorRetries_greaterThanOrEqual_5 -> X failSafeMode)),False
ARTEMIS,118,"Start-up Mode: If the pressure sensor fails to connect or reports an error condition after a fixed number of retries (maximum 5), the controller shall transition to the fail-safe mode.",!(pressureSensorRetries_greaterThanOrEqual_5 & ( pressureSensorConnFailure | pressureSensorError )) U ((pressureSensorRetries_greaterThanOrEqual_5 & ( pressureSensorConnFailure | pressureSensorError )) & G(StartUpMode -> F(failSafeMode))),G (StartUpMode & (pressureSensorConnFailure | pressureSensorError) & pressureSensorRetries_greaterThanOrEqual_5 -> X failSafeMode),False
ARTEMIS,118,"Start-up Mode: If the pressure sensor fails to connect or reports an error condition after a fixed number of retries (maximum 5), the controller shall transition to the fail-safe mode.",!(pressureSensorRetries_greaterThanOrEqual_5 & ( pressureSensorConnFailure | pressureSensorError )) U ((pressureSensorRetries_greaterThanOrEqual_5 & ( pressureSensorConnFailure | pressureSensorError )) & G(StartUpMode -> F(failSafeMode))),G (StartUpMode & (pressureSensorConnFailure | pressureSensorError) & pressureSensorRetries_greaterThanOrEqual_5 -> X failSafeMode),False
ARTEMIS,118,"Start-up Mode: If the pressure sensor fails to connect or reports an error condition after a fixed number of retries (maximum 5), the controller shall transition to the fail-safe mode.",!(pressureSensorRetries_greaterThanOrEqual_5 & ( pressureSensorConnFailure | pressureSensorError )) U ((pressureSensorRetries_greaterThanOrEqual_5 & ( pressureSensorConnFailure | pressureSensorError )) & G(StartUpMode -> F(failSafeMode))),G (StartUpMode & (pressureSensorConnFailure | pressureSensorError) & pressureSensorRetries_greaterThanOrEqual_5 -> X failSafeMode),False
ARTEMIS,118,"Start-up Mode: If the pressure sensor fails to connect or reports an error condition after a fixed number of retries (maximum 5), the controller shall transition to the fail-safe mode.",!(pressureSensorRetries_greaterThanOrEqual_5 & ( pressureSensorConnFailure | pressureSensorError )) U ((pressureSensorRetries_greaterThanOrEqual_5 & ( pressureSensorConnFailure | pressureSensorError )) & G(StartUpMode -> F(failSafeMode))),G (StartUpMode & (pressureSensorConnFailure | pressureSensorError) & pressureSensorRetries_greaterThanOrEqual_5 -> X failSafeMode),False
ARTEMIS,118,"Start-up Mode: If the pressure sensor fails to connect or reports an error condition after a fixed number of retries (maximum 5), the controller shall transition to the fail-safe mode.",!(pressureSensorRetries_greaterThanOrEqual_5 & ( pressureSensorConnFailure | pressureSensorError )) U ((pressureSensorRetries_greaterThanOrEqual_5 & ( pressureSensorConnFailure | pressureSensorError )) & G(StartUpMode -> F(failSafeMode))),G (StartUpMode & (pressureSensorConnFailure | pressureSensorError) & pressureSensorRetries_greaterThanOrEqual_5 -> X failSafeMode),False
ARTEMIS,118,"Start-up Mode: If the pressure sensor fails to connect or reports an error condition after a fixed number of retries (maximum 5), the controller shall transition to the fail-safe mode.",!(pressureSensorRetries_greaterThanOrEqual_5 & ( pressureSensorConnFailure | pressureSensorError )) U ((pressureSensorRetries_greaterThanOrEqual_5 & ( pressureSensorConnFailure | pressureSensorError )) & G(StartUpMode -> F(failSafeMode))),G (StartUpMode & (pressureSensorConnFailure | pressureSensorError) & pressureSensorRetries_greaterThanOrEqual_5 -> X failSafeMode),False
ARTEMIS,118,"Start-up Mode: If the pressure sensor fails to connect or reports an error condition after a fixed number of retries (maximum 5), the controller shall transition to the fail-safe mode.",!(pressureSensorRetries_greaterThanOrEqual_5 & ( pressureSensorConnFailure | pressureSensorError )) U ((pressureSensorRetries_greaterThanOrEqual_5 & ( pressureSensorConnFailure | pressureSensorError )) & G(StartUpMode -> F(failSafeMode))),G (StartUpMode & (pressureSensorConnFailure | pressureSensorError) & pressureSensorRetries_greaterThanOrEqual_5 -> X failSafeMode),False
ARTEMIS,118,"Start-up Mode: If the pressure sensor fails to connect or reports an error condition after a fixed number of retries (maximum 5), the controller shall transition to the fail-safe mode.",!(pressureSensorRetries_greaterThanOrEqual_5 & ( pressureSensorConnFailure | pressureSensorError )) U ((pressureSensorRetries_greaterThanOrEqual_5 & ( pressureSensorConnFailure | pressureSensorError )) & G(StartUpMode -> F(failSafeMode))),G (StartUpMode & (pressureSensorConnFailure | pressureSensorError) & pressureSensorRetries_greaterThanOrEqual_5 -> X failSafeMode),False
ARTEMIS,118,"Start-up Mode: If the pressure sensor fails to connect or reports an error condition after a fixed number of retries (maximum 5), the controller shall transition to the fail-safe mode.",!(pressureSensorRetries_greaterThanOrEqual_5 & ( pressureSensorConnFailure | pressureSensorError )) U ((pressureSensorRetries_greaterThanOrEqual_5 & ( pressureSensorConnFailure | pressureSensorError )) & G(StartUpMode -> F(failSafeMode))),G (StartUpMode & (pressureSensorConnFailure | pressureSensorError) & pressureSensorRetries_greaterThanOrEqual_5 -> X failSafeMode),False
ARTEMIS,118,"Start-up Mode: If the pressure sensor fails to connect or reports an error condition after a fixed number of retries (maximum 5), the controller shall transition to the fail-safe mode.",!(pressureSensorRetries_greaterThanOrEqual_5 & ( pressureSensorConnFailure | pressureSensorError )) U ((pressureSensorRetries_greaterThanOrEqual_5 & ( pressureSensorConnFailure | pressureSensorError )) & G(StartUpMode -> F(failSafeMode))),G (StartUpMode & (pressureSensorConnFailure | pressureSensorError) & pressureSensorRetries_greaterThanOrEqual_5 -> X failSafeMode),False
ARTEMIS,118,"Start-up Mode: If the pressure sensor fails to connect or reports an error condition after a fixed number of retries (maximum 5), the controller shall transition to the fail-safe mode.",!(pressureSensorRetries_greaterThanOrEqual_5 & ( pressureSensorConnFailure | pressureSensorError )) U ((pressureSensorRetries_greaterThanOrEqual_5 & ( pressureSensorConnFailure | pressureSensorError )) & G(StartUpMode -> F(failSafeMode))),G (StartUpMode & (pressureSensorConnFailure | pressureSensorError) & pressureSensorRetries_greaterThanOrEqual_5 -> X failSafeMode),False
ARTEMIS,118,"Start-up Mode: If the pressure sensor fails to connect or reports an error condition after a fixed number of retries (maximum 5), the controller shall transition to the fail-safe mode.",!(pressureSensorRetries_greaterThanOrEqual_5 & ( pressureSensorConnFailure | pressureSensorError )) U ((pressureSensorRetries_greaterThanOrEqual_5 & ( pressureSensorConnFailure | pressureSensorError )) & G(StartUpMode -> F(failSafeMode))),G (StartUpMode & (pressureSensorConnFailure | pressureSensorError) & pressureSensorRetries_greaterThanOrEqual_5 -> X failSafeMode),False
ARTEMIS,118,"Start-up Mode: If the pressure sensor fails to connect or reports an error condition after a fixed number of retries (maximum 5), the controller shall transition to the fail-safe mode.",!(pressureSensorRetries_greaterThanOrEqual_5 & ( pressureSensorConnFailure | pressureSensorError )) U ((pressureSensorRetries_greaterThanOrEqual_5 & ( pressureSensorConnFailure | pressureSensorError )) & G(StartUpMode -> F(failSafeMode))),G (StartUpMode & (pressureSensorConnFailure | pressureSensorError) & pressureSensorRetries_greaterThanOrEqual_5 -> X failSafeMode),False
ARTEMIS,118,"Start-up Mode: If the pressure sensor fails to connect or reports an error condition after a fixed number of retries (maximum 5), the controller shall transition to the fail-safe mode.",!(pressureSensorRetries_greaterThanOrEqual_5 & ( pressureSensorConnFailure | pressureSensorError )) U ((pressureSensorRetries_greaterThanOrEqual_5 & ( pressureSensorConnFailure | pressureSensorError )) & G(StartUpMode -> F(failSafeMode))),G (StartUpMode & (pressureSensorConnFailure | pressureSensorError) & pressureSensorRetries_greaterThanOrEqual_5 -> X failSafeMode),False
ARTEMIS,118,"Start-up Mode: If the pressure sensor fails to connect or reports an error condition after a fixed number of retries (maximum 5), the controller shall transition to the fail-safe mode.",!(pressureSensorRetries_greaterThanOrEqual_5 & ( pressureSensorConnFailure | pressureSensorError )) U ((pressureSensorRetries_greaterThanOrEqual_5 & ( pressureSensorConnFailure | pressureSensorError )) & G(StartUpMode -> F(failSafeMode))),G (StartUpMode & (pressureSensorConnFailure | pressureSensorError) & pressureSensorRetries_greaterThanOrEqual_5 -> X failSafeMode),False
ARTEMIS,118,"Start-up Mode: If the pressure sensor fails to connect or reports an error condition after a fixed number of retries (maximum 5), the controller shall transition to the fail-safe mode.",!(pressureSensorRetries_greaterThanOrEqual_5 & ( pressureSensorConnFailure | pressureSensorError )) U ((pressureSensorRetries_greaterThanOrEqual_5 & ( pressureSensorConnFailure | pressureSensorError )) & G(StartUpMode -> F(failSafeMode))),G (StartUpMode & (pressureSensorConnFailure | pressureSensorError) & pressureSensorRetries_greaterThanOrEqual_5 -> X failSafeMode),False
ARTEMIS,118,"Start-up Mode: If the pressure sensor fails to connect or reports an error condition after a fixed number of retries (maximum 5), the controller shall transition to the fail-safe mode.",!(pressureSensorRetries_greaterThanOrEqual_5 & ( pressureSensorConnFailure | pressureSensorError )) U ((pressureSensorRetries_greaterThanOrEqual_5 & ( pressureSensorConnFailure | pressureSensorError )) & G(StartUpMode -> F(failSafeMode))),G (StartUpMode & (pressureSensorConnFailure | pressureSensorError) & pressureSensorRetries_greaterThanOrEqual_5 -> X failSafeMode),False
ARTEMIS,118,"Start-up Mode: If the pressure sensor fails to connect or reports an error condition after a fixed number of retries (maximum 5), the controller shall transition to the fail-safe mode.",!(pressureSensorRetries_greaterThanOrEqual_5 & ( pressureSensorConnFailure | pressureSensorError )) U ((pressureSensorRetries_greaterThanOrEqual_5 & ( pressureSensorConnFailure | pressureSensorError )) & G(StartUpMode -> F(failSafeMode))),G (StartUpMode & (pressureSensorConnFailure | pressureSensorError) & pressureSensorRetries_greaterThanOrEqual_5 -> X failSafeMode),False
ARTEMIS,118,"Start-up Mode: If the pressure sensor fails to connect or reports an error condition after a fixed number of retries (maximum 5), the controller shall transition to the fail-safe mode.",!(pressureSensorRetries_greaterThanOrEqual_5 & ( pressureSensorConnFailure | pressureSensorError )) U ((pressureSensorRetries_greaterThanOrEqual_5 & ( pressureSensorConnFailure | pressureSensorError )) & G(StartUpMode -> F(failSafeMode))),G (StartUpMode & (pressureSensorConnFailure | pressureSensorError) & pressureSensorRetries_greaterThanOrEqual_5 -> X failSafeMode),False
ARTEMIS,118,"Start-up Mode: If the pressure sensor fails to connect or reports an error condition after a fixed number of retries (maximum 5), the controller shall transition to the fail-safe mode.",!(pressureSensorRetries_greaterThanOrEqual_5 & ( pressureSensorConnFailure | pressureSensorError )) U ((pressureSensorRetries_greaterThanOrEqual_5 & ( pressureSensorConnFailure | pressureSensorError )) & G(StartUpMode -> F(failSafeMode))),G (StartUpMode & (pressureSensorConnFailure | pressureSensorError) & pressureSensorRetries_greaterThanOrEqual_5 -> X failSafeMode),False
ARTEMIS,118,"Start-up Mode: If the pressure sensor fails to connect or reports an error condition after a fixed number of retries (maximum 5), the controller shall transition to the fail-safe mode.",!(pressureSensorRetries_greaterThanOrEqual_5 & ( pressureSensorConnFailure | pressureSensorError )) U ((pressureSensorRetries_greaterThanOrEqual_5 & ( pressureSensorConnFailure | pressureSensorError )) & G(StartUpMode -> F(failSafeMode))),G (StartUpMode & (pressureSensorConnFailure | pressureSensorError) & pressureSensorRetries_greaterThanOrEqual_5 -> X failSafeMode),False
ARTEMIS,118,"Start-up Mode: If the pressure sensor fails to connect or reports an error condition after a fixed number of retries (maximum 5), the controller shall transition to the fail-safe mode.",!(pressureSensorRetries_greaterThanOrEqual_5 & ( pressureSensorConnFailure | pressureSensorError )) U ((pressureSensorRetries_greaterThanOrEqual_5 & ( pressureSensorConnFailure | pressureSensorError )) & G(StartUpMode -> F(failSafeMode))),G (StartUpMode & (pressureSensorConnFailure | pressureSensorError) & pressureSensorRetries_greaterThanOrEqual_5 -> X failSafeMode),False
ARTEMIS,118,"Start-up Mode: If the pressure sensor fails to connect or reports an error condition after a fixed number of retries (maximum 5), the controller shall transition to the fail-safe mode.",!(pressureSensorRetries_greaterThanOrEqual_5 & ( pressureSensorConnFailure | pressureSensorError )) U ((pressureSensorRetries_greaterThanOrEqual_5 & ( pressureSensorConnFailure | pressureSensorError )) & G(StartUpMode -> F(failSafeMode))),G (StartUpMode & (pressureSensorConnFailure | pressureSensorError) & pressureSensorRetries_greaterThanOrEqual_5 -> X failSafeMode),False
ARTEMIS,118,"Start-up Mode: If the pressure sensor fails to connect or reports an error condition after a fixed number of retries (maximum 5), the controller shall transition to the fail-safe mode.",!(pressureSensorRetries_greaterThanOrEqual_5 & ( pressureSensorConnFailure | pressureSensorError )) U ((pressureSensorRetries_greaterThanOrEqual_5 & ( pressureSensorConnFailure | pressureSensorError )) & G(StartUpMode -> F(failSafeMode))),G (StartUpMode & (pressureSensorConnFailure | pressureSensorError) & pressureSensorRetries_greaterThanOrEqual_5 -> X failSafeMode),False
ARTEMIS,118,"Start-up Mode: If the pressure sensor fails to connect or reports an error condition after a fixed number of retries (maximum 5), the controller shall transition to the fail-safe mode.",!(pressureSensorRetries_greaterThanOrEqual_5 & ( pressureSensorConnFailure | pressureSensorError )) U ((pressureSensorRetries_greaterThanOrEqual_5 & ( pressureSensorConnFailure | pressureSensorError )) & G(StartUpMode -> F(failSafeMode))),G (StartUpMode & (pressureSensorConnFailure | pressureSensorError) & pressureSensorRetries_greaterThanOrEqual_5 -> X failSafeMode),False
ARTEMIS,118,"Start-up Mode: If the pressure sensor fails to connect or reports an error condition after a fixed number of retries (maximum 5), the controller shall transition to the fail-safe mode.",!(pressureSensorRetries_greaterThanOrEqual_5 & ( pressureSensorConnFailure | pressureSensorError )) U ((pressureSensorRetries_greaterThanOrEqual_5 & ( pressureSensorConnFailure | pressureSensorError )) & G(StartUpMode -> F(failSafeMode))),G (StartUpMode & (pressureSensorConnFailure | pressureSensorError) & pressureSensorRetries_greaterThanOrEqual_5 -> X failSafeMode),False
ARTEMIS,118,"Start-up Mode: If the pressure sensor fails to connect or reports an error condition after a fixed number of retries (maximum 5), the controller shall transition to the fail-safe mode.",!(pressureSensorRetries_greaterThanOrEqual_5 & ( pressureSensorConnFailure | pressureSensorError )) U ((pressureSensorRetries_greaterThanOrEqual_5 & ( pressureSensorConnFailure | pressureSensorError )) & G(StartUpMode -> F(failSafeMode))),G (StartUpMode & (pressureSensorConnFailure | pressureSensorError) & pressureSensorRetries_greaterThanOrEqual_5 -> X failSafeMode),False
ARTEMIS,118,"Start-up Mode: If the pressure sensor fails to connect or reports an error condition after a fixed number of retries (maximum 5), the controller shall transition to the fail-safe mode.",!(pressureSensorRetries_greaterThanOrEqual_5 & ( pressureSensorConnFailure | pressureSensorError )) U ((pressureSensorRetries_greaterThanOrEqual_5 & ( pressureSensorConnFailure | pressureSensorError )) & G(StartUpMode -> F(failSafeMode))),G (StartUpMode & (pressureSensorConnFailure | pressureSensorError) & pressureSensorRetries_greaterThanOrEqual_5 -> X failSafeMode),False
ARTEMIS,118,"Start-up Mode: If the pressure sensor fails to connect or reports an error condition after a fixed number of retries (maximum 5), the controller shall transition to the fail-safe mode.",!(pressureSensorRetries_greaterThanOrEqual_5 & ( pressureSensorConnFailure | pressureSensorError )) U ((pressureSensorRetries_greaterThanOrEqual_5 & ( pressureSensorConnFailure | pressureSensorError )) & G(StartUpMode -> F(failSafeMode))),G (StartUpMode & (pressureSensorConnFailure | pressureSensorError) & pressureSensorRetries_greaterThanOrEqual_5 -> X failSafeMode),False
ARTEMIS,118,"Start-up Mode: If the pressure sensor fails to connect or reports an error condition after a fixed number of retries (maximum 5), the controller shall transition to the fail-safe mode.",!(pressureSensorRetries_greaterThanOrEqual_5 & ( pressureSensorConnFailure | pressureSensorError )) U ((pressureSensorRetries_greaterThanOrEqual_5 & ( pressureSensorConnFailure | pressureSensorError )) & G(StartUpMode -> F(failSafeMode))),G (StartUpMode & (pressureSensorConnFailure | pressureSensorError) & pressureSensorRetries_greaterThanOrEqual_5 -> X failSafeMode),False
ARTEMIS,118,"Start-up Mode: If the pressure sensor fails to connect or reports an error condition after a fixed number of retries (maximum 5), the controller shall transition to the fail-safe mode.",!(pressureSensorRetries_greaterThanOrEqual_5 & ( pressureSensorConnFailure | pressureSensorError )) U ((pressureSensorRetries_greaterThanOrEqual_5 & ( pressureSensorConnFailure | pressureSensorError )) & G(StartUpMode -> F(failSafeMode))),G (StartUpMode & (pressureSensorConnFailure | pressureSensorError) & pressureSensorRetries_greaterThanOrEqual_5 -> X failSafeMode),False
ARTEMIS,118,"Start-up Mode: If the pressure sensor fails to connect or reports an error condition after a fixed number of retries (maximum 5), the controller shall transition to the fail-safe mode.",!(pressureSensorRetries_greaterThanOrEqual_5 & ( pressureSensorConnFailure | pressureSensorError )) U ((pressureSensorRetries_greaterThanOrEqual_5 & ( pressureSensorConnFailure | pressureSensorError )) & G(StartUpMode -> F(failSafeMode))),G (StartUpMode & (pressureSensorConnFailure | pressureSensorError) & pressureSensorRetries_greaterThanOrEqual_5 -> X failSafeMode),False
ARTEMIS,118,"Start-up Mode: If the pressure sensor fails to connect or reports an error condition after a fixed number of retries (maximum 5), the controller shall transition to the fail-safe mode.",!(pressureSensorRetries_greaterThanOrEqual_5 & ( pressureSensorConnFailure | pressureSensorError )) U ((pressureSensorRetries_greaterThanOrEqual_5 & ( pressureSensorConnFailure | pressureSensorError )) & G(StartUpMode -> F(failSafeMode))),G (StartUpMode & (pressureSensorConnFailure | pressureSensorError) & pressureSensorRetries_greaterThanOrEqual_5 -> X failSafeMode),False
ARTEMIS,118,"Start-up Mode: If the pressure sensor fails to connect or reports an error condition after a fixed number of retries (maximum 5), the controller shall transition to the fail-safe mode.",!(pressureSensorRetries_greaterThanOrEqual_5 & ( pressureSensorConnFailure | pressureSensorError )) U ((pressureSensorRetries_greaterThanOrEqual_5 & ( pressureSensorConnFailure | pressureSensorError )) & G(StartUpMode -> F(failSafeMode))),G (StartUpMode & (pressureSensorConnFailure | pressureSensorError) & pressureSensorRetries_greaterThanOrEqual_5 -> X failSafeMode),False
ARTEMIS,118,"Start-up Mode: If the pressure sensor fails to connect or reports an error condition after a fixed number of retries (maximum 5), the controller shall transition to the fail-safe mode.",!(pressureSensorRetries_greaterThanOrEqual_5 & ( pressureSensorConnFailure | pressureSensorError )) U ((pressureSensorRetries_greaterThanOrEqual_5 & ( pressureSensorConnFailure | pressureSensorError )) & G(StartUpMode -> F(failSafeMode))),G (StartUpMode & (pressureSensorConnFailure | pressureSensorError) & pressureSensorRetries_greaterThanOrEqual_5 -> X failSafeMode),False
ARTEMIS,118,"Start-up Mode: If the pressure sensor fails to connect or reports an error condition after a fixed number of retries (maximum 5), the controller shall transition to the fail-safe mode.",!(pressureSensorRetries_greaterThanOrEqual_5 & ( pressureSensorConnFailure | pressureSensorError )) U ((pressureSensorRetries_greaterThanOrEqual_5 & ( pressureSensorConnFailure | pressureSensorError )) & G(StartUpMode -> F(failSafeMode))),G (StartUpMode & (pressureSensorConnFailure | pressureSensorError) & pressureSensorRetries_greaterThanOrEqual_5 -> X failSafeMode),False
ARTEMIS,118,"Start-up Mode: If the pressure sensor fails to connect or reports an error condition after a fixed number of retries (maximum 5), the controller shall transition to the fail-safe mode.",!(pressureSensorRetries_greaterThanOrEqual_5 & ( pressureSensorConnFailure | pressureSensorError )) U ((pressureSensorRetries_greaterThanOrEqual_5 & ( pressureSensorConnFailure | pressureSensorError )) & G(StartUpMode -> F(failSafeMode))),G (StartUpMode & (pressureSensorConnFailure | pressureSensorError) & pressureSensorRetries_greaterThanOrEqual_5 -> X failSafeMode),False
ARTEMIS,118,"Start-up Mode: If the pressure sensor fails to connect or reports an error condition after a fixed number of retries (maximum 5), the controller shall transition to the fail-safe mode.",!(pressureSensorRetries_greaterThanOrEqual_5 & ( pressureSensorConnFailure | pressureSensorError )) U ((pressureSensorRetries_greaterThanOrEqual_5 & ( pressureSensorConnFailure | pressureSensorError )) & G(StartUpMode -> F(failSafeMode))),G (StartUpMode & (pressureSensorConnFailure | pressureSensorError) & pressureSensorRetries_greaterThanOrEqual_5 -> X failSafeMode),False
ARTEMIS,118,"Start-up Mode: If the pressure sensor fails to connect or reports an error condition after a fixed number of retries (maximum 5), the controller shall transition to the fail-safe mode.",!(pressureSensorRetries_greaterThanOrEqual_5 & ( pressureSensorConnFailure | pressureSensorError )) U ((pressureSensorRetries_greaterThanOrEqual_5 & ( pressureSensorConnFailure | pressureSensorError )) & G(StartUpMode -> F(failSafeMode))),G (StartUpMode & (pressureSensorConnFailure | pressureSensorError) & pressureSensorRetries_greaterThanOrEqual_5 -> X failSafeMode),False
ARTEMIS,118,"Start-up Mode: If the pressure sensor fails to connect or reports an error condition after a fixed number of retries (maximum 5), the controller shall transition to the fail-safe mode.",!(pressureSensorRetries_greaterThanOrEqual_5 & ( pressureSensorConnFailure | pressureSensorError )) U ((pressureSensorRetries_greaterThanOrEqual_5 & ( pressureSensorConnFailure | pressureSensorError )) & G(StartUpMode -> F(failSafeMode))),G (StartUpMode & (pressureSensorConnFailure | pressureSensorError) & pressureSensorRetries_greaterThanOrEqual_5 -> X failSafeMode),False
ARTEMIS,118,"Start-up Mode: If the pressure sensor fails to connect or reports an error condition after a fixed number of retries (maximum 5), the controller shall transition to the fail-safe mode.",!(pressureSensorRetries_greaterThanOrEqual_5 & ( pressureSensorConnFailure | pressureSensorError )) U ((pressureSensorRetries_greaterThanOrEqual_5 & ( pressureSensorConnFailure | pressureSensorError )) & G(StartUpMode -> F(failSafeMode))),G (StartUpMode & (pressureSensorConnFailure | pressureSensorError) & pressureSensorRetries_greaterThanOrEqual_5 -> X failSafeMode),False
ARTEMIS,118,"Start-up Mode: If the pressure sensor fails to connect or reports an error condition after a fixed number of retries (maximum 5), the controller shall transition to the fail-safe mode.",!(pressureSensorRetries_greaterThanOrEqual_5 & ( pressureSensorConnFailure | pressureSensorError )) U ((pressureSensorRetries_greaterThanOrEqual_5 & ( pressureSensorConnFailure | pressureSensorError )) & G(StartUpMode -> F(failSafeMode))),G (StartUpMode & (pressureSensorConnFailure | pressureSensorError) & pressureSensorRetries_greaterThanOrEqual_5 -> X failSafeMode),False
ARTEMIS,118,"Start-up Mode: If the pressure sensor fails to connect or reports an error condition after a fixed number of retries (maximum 5), the controller shall transition to the fail-safe mode.",!(pressureSensorRetries_greaterThanOrEqual_5 & ( pressureSensorConnFailure | pressureSensorError )) U ((pressureSensorRetries_greaterThanOrEqual_5 & ( pressureSensorConnFailure | pressureSensorError )) & G(StartUpMode -> F(failSafeMode))),G (StartUpMode & (pressureSensorConnFailure | pressureSensorError) & pressureSensorRetries_greaterThanOrEqual_5 -> X failSafeMode),False
ARTEMIS,118,"Start-up Mode: If the pressure sensor fails to connect or reports an error condition after a fixed number of retries (maximum 5), the controller shall transition to the fail-safe mode.",!(pressureSensorRetries_greaterThanOrEqual_5 & ( pressureSensorConnFailure | pressureSensorError )) U ((pressureSensorRetries_greaterThanOrEqual_5 & ( pressureSensorConnFailure | pressureSensorError )) & G(StartUpMode -> F(failSafeMode))),G (StartUpMode & (pressureSensorConnFailure | pressureSensorError) & pressureSensorRetries_greaterThanOrEqual_5 -> X failSafeMode),False
ARTEMIS,118,"Start-up Mode: If the pressure sensor fails to connect or reports an error condition after a fixed number of retries (maximum 5), the controller shall transition to the fail-safe mode.",!(pressureSensorRetries_greaterThanOrEqual_5 & ( pressureSensorConnFailure | pressureSensorError )) U ((pressureSensorRetries_greaterThanOrEqual_5 & ( pressureSensorConnFailure | pressureSensorError )) & G(StartUpMode -> F(failSafeMode))),G (StartUpMode & (pressureSensorConnFailure | pressureSensorError) & pressureSensorRetries_greaterThanOrEqual_5 -> X failSafeMode),False
ARTEMIS,118,"Start-up Mode: If the pressure sensor fails to connect or reports an error condition after a fixed number of retries (maximum 5), the controller shall transition to the fail-safe mode.",!(pressureSensorRetries_greaterThanOrEqual_5 & ( pressureSensorConnFailure | pressureSensorError )) U ((pressureSensorRetries_greaterThanOrEqual_5 & ( pressureSensorConnFailure | pressureSensorError )) & G(StartUpMode -> F(failSafeMode))),G(StartUpMode & (pressureSensorConnFailure | pressureSensorError) & pressureSensorRetries_greaterThanOrEqual_5 -> X failSafeMode),False
ARTEMIS,118,"Start-up Mode: If the pressure sensor fails to connect or reports an error condition after a fixed number of retries (maximum 5), the controller shall transition to the fail-safe mode.",!(pressureSensorRetries_greaterThanOrEqual_5 & ( pressureSensorConnFailure | pressureSensorError )) U ((pressureSensorRetries_greaterThanOrEqual_5 & ( pressureSensorConnFailure | pressureSensorError )) & G(StartUpMode -> F(failSafeMode))),G(StartUpMode & (pressureSensorConnFailure | pressureSensorError) & pressureSensorRetries_greaterThanOrEqual_5 -> X failSafeMode),False
ARTEMIS,118,"Start-up Mode: If the pressure sensor fails to connect or reports an error condition after a fixed number of retries (maximum 5), the controller shall transition to the fail-safe mode.",!(pressureSensorRetries_greaterThanOrEqual_5 & ( pressureSensorConnFailure | pressureSensorError )) U ((pressureSensorRetries_greaterThanOrEqual_5 & ( pressureSensorConnFailure | pressureSensorError )) & G(StartUpMode -> F(failSafeMode))),G(StartUpMode & (pressureSensorConnFailure | pressureSensorError) & pressureSensorRetries_greaterThanOrEqual_5 -> X failSafeMode),False
ARTEMIS,118,"Start-up Mode: If the pressure sensor fails to connect or reports an error condition after a fixed number of retries (maximum 5), the controller shall transition to the fail-safe mode.",!(pressureSensorRetries_greaterThanOrEqual_5 & ( pressureSensorConnFailure | pressureSensorError )) U ((pressureSensorRetries_greaterThanOrEqual_5 & ( pressureSensorConnFailure | pressureSensorError )) & G(StartUpMode -> F(failSafeMode))),G(StartUpMode & (pressureSensorConnFailure | pressureSensorError) & pressureSensorRetries_greaterThanOrEqual_5 -> X failSafeMode),False
ARTEMIS,118,"Start-up Mode: If the pressure sensor fails to connect or reports an error condition after a fixed number of retries (maximum 5), the controller shall transition to the fail-safe mode.",!(pressureSensorRetries_greaterThanOrEqual_5 & ( pressureSensorConnFailure | pressureSensorError )) U ((pressureSensorRetries_greaterThanOrEqual_5 & ( pressureSensorConnFailure | pressureSensorError )) & G(StartUpMode -> F(failSafeMode))),G(StartUpMode & (pressureSensorConnFailure | pressureSensorError) & pressureSensorRetries_greaterThanOrEqual_5 -> X failSafeMode),False
ARTEMIS,118,"Start-up Mode: If the pressure sensor fails to connect or reports an error condition after a fixed number of retries (maximum 5), the controller shall transition to the fail-safe mode.",!(pressureSensorRetries_greaterThanOrEqual_5 & ( pressureSensorConnFailure | pressureSensorError )) U ((pressureSensorRetries_greaterThanOrEqual_5 & ( pressureSensorConnFailure | pressureSensorError )) & G(StartUpMode -> F(failSafeMode))),G(StartUpMode & (pressureSensorConnFailure | pressureSensorError) & pressureSensorRetries_greaterThanOrEqual_5 -> X failSafeMode),False
ARTEMIS,118,"Start-up Mode: If the pressure sensor fails to connect or reports an error condition after a fixed number of retries (maximum 5), the controller shall transition to the fail-safe mode.",!(pressureSensorRetries_greaterThanOrEqual_5 & ( pressureSensorConnFailure | pressureSensorError )) U ((pressureSensorRetries_greaterThanOrEqual_5 & ( pressureSensorConnFailure | pressureSensorError )) & G(StartUpMode -> F(failSafeMode))),G(StartUpMode & (pressureSensorConnFailure | pressureSensorError) & pressureSensorRetries_greaterThanOrEqual_5 -> X failSafeMode),False
ARTEMIS,118,"Start-up Mode: If the pressure sensor fails to connect or reports an error condition after a fixed number of retries (maximum 5), the controller shall transition to the fail-safe mode.",!(pressureSensorRetries_greaterThanOrEqual_5 & ( pressureSensorConnFailure | pressureSensorError )) U ((pressureSensorRetries_greaterThanOrEqual_5 & ( pressureSensorConnFailure | pressureSensorError )) & G(StartUpMode -> F(failSafeMode))),G(StartUpMode & (pressureSensorConnFailure | pressureSensorError) & pressureSensorRetries_greaterThanOrEqual_5 -> X failSafeMode),False
ARTEMIS,118,"Start-up Mode: If the pressure sensor fails to connect or reports an error condition after a fixed number of retries (maximum 5), the controller shall transition to the fail-safe mode.",!(pressureSensorRetries_greaterThanOrEqual_5 & ( pressureSensorConnFailure | pressureSensorError )) U ((pressureSensorRetries_greaterThanOrEqual_5 & ( pressureSensorConnFailure | pressureSensorError )) & G(StartUpMode -> F(failSafeMode))),G(StartUpMode & (pressureSensorConnFailure | pressureSensorError) & pressureSensorRetries_greaterThanOrEqual_5 -> X failSafeMode),False
ARTEMIS,118,"Start-up Mode: If the pressure sensor fails to connect or reports an error condition after a fixed number of retries (maximum 5), the controller shall transition to the fail-safe mode.",!(pressureSensorRetries_greaterThanOrEqual_5 & ( pressureSensorConnFailure | pressureSensorError )) U ((pressureSensorRetries_greaterThanOrEqual_5 & ( pressureSensorConnFailure | pressureSensorError )) & G(StartUpMode -> F(failSafeMode))),G(StartUpMode & (pressureSensorConnFailure | pressureSensorError) & pressureSensorRetries_greaterThanOrEqual_5 -> X failSafeMode),False
ARTEMIS,118,"Start-up Mode: If the pressure sensor fails to connect or reports an error condition after a fixed number of retries (maximum 5), the controller shall transition to the fail-safe mode.",!(pressureSensorRetries_greaterThanOrEqual_5 & ( pressureSensorConnFailure | pressureSensorError )) U ((pressureSensorRetries_greaterThanOrEqual_5 & ( pressureSensorConnFailure | pressureSensorError )) & G(StartUpMode -> F(failSafeMode))),G(StartUpMode & (pressureSensorConnFailure | pressureSensorError) & pressureSensorRetries_greaterThanOrEqual_5 -> X failSafeMode),False
ARTEMIS,118,"Start-up Mode: If the pressure sensor fails to connect or reports an error condition after a fixed number of retries (maximum 5), the controller shall transition to the fail-safe mode.",!(pressureSensorRetries_greaterThanOrEqual_5 & ( pressureSensorConnFailure | pressureSensorError )) U ((pressureSensorRetries_greaterThanOrEqual_5 & ( pressureSensorConnFailure | pressureSensorError )) & G(StartUpMode -> F(failSafeMode))),G(StartUpMode & (pressureSensorConnFailure | pressureSensorError) & pressureSensorRetries_greaterThanOrEqual_5 -> X failSafeMode),False
ARTEMIS,118,"Start-up Mode: If the pressure sensor fails to connect or reports an error condition after a fixed number of retries (maximum 5), the controller shall transition to the fail-safe mode.",!(pressureSensorRetries_greaterThanOrEqual_5 & ( pressureSensorConnFailure | pressureSensorError )) U ((pressureSensorRetries_greaterThanOrEqual_5 & ( pressureSensorConnFailure | pressureSensorError )) & G(StartUpMode -> F(failSafeMode))),G(StartUpMode & (pressureSensorConnFailure | pressureSensorError) & pressureSensorRetries_greaterThanOrEqual_5 -> X failSafeMode),False
ARTEMIS,118,"Start-up Mode: If the pressure sensor fails to connect or reports an error condition after a fixed number of retries (maximum 5), the controller shall transition to the fail-safe mode.",!(pressureSensorRetries_greaterThanOrEqual_5 & ( pressureSensorConnFailure | pressureSensorError )) U ((pressureSensorRetries_greaterThanOrEqual_5 & ( pressureSensorConnFailure | pressureSensorError )) & G(StartUpMode -> F(failSafeMode))),G(StartUpMode & (pressureSensorConnFailure | pressureSensorError) & pressureSensorRetries_greaterThanOrEqual_5 -> X failSafeMode),False
ARTEMIS,118,"Start-up Mode: If the pressure sensor fails to connect or reports an error condition after a fixed number of retries (maximum 5), the controller shall transition to the fail-safe mode.",!(pressureSensorRetries_greaterThanOrEqual_5 & ( pressureSensorConnFailure | pressureSensorError )) U ((pressureSensorRetries_greaterThanOrEqual_5 & ( pressureSensorConnFailure | pressureSensorError )) & G(StartUpMode -> F(failSafeMode))),G(StartUpMode & (pressureSensorConnFailure | pressureSensorError) & pressureSensorRetries_greaterThanOrEqual_5 -> X failSafeMode),False
ARTEMIS,118,"Start-up Mode: If the pressure sensor fails to connect or reports an error condition after a fixed number of retries (maximum 5), the controller shall transition to the fail-safe mode.",!(pressureSensorRetries_greaterThanOrEqual_5 & ( pressureSensorConnFailure | pressureSensorError )) U ((pressureSensorRetries_greaterThanOrEqual_5 & ( pressureSensorConnFailure | pressureSensorError )) & G(StartUpMode -> F(failSafeMode))),G(StartUpMode & (pressureSensorConnFailure | pressureSensorError) & pressureSensorRetries_greaterThanOrEqual_5 -> X failSafeMode),False
ARTEMIS,118,"Start-up Mode: If the pressure sensor fails to connect or reports an error condition after a fixed number of retries (maximum 5), the controller shall transition to the fail-safe mode.",!(pressureSensorRetries_greaterThanOrEqual_5 & ( pressureSensorConnFailure | pressureSensorError )) U ((pressureSensorRetries_greaterThanOrEqual_5 & ( pressureSensorConnFailure | pressureSensorError )) & G(StartUpMode -> F(failSafeMode))),G(StartUpMode & (pressureSensorConnFailure | pressureSensorError) & pressureSensorRetries_greaterThanOrEqual_5 -> X failSafeMode),False
ARTEMIS,118,"Start-up Mode: If the pressure sensor fails to connect or reports an error condition after a fixed number of retries (maximum 5), the controller shall transition to the fail-safe mode.",!(pressureSensorRetries_greaterThanOrEqual_5 & ( pressureSensorConnFailure | pressureSensorError )) U ((pressureSensorRetries_greaterThanOrEqual_5 & ( pressureSensorConnFailure | pressureSensorError )) & G(StartUpMode -> F(failSafeMode))),G(StartUpMode & (pressureSensorConnFailure | pressureSensorError) & pressureSensorRetries_greaterThanOrEqual_5 -> X failSafeMode),False
ARTEMIS,118,"Start-up Mode: If the pressure sensor fails to connect or reports an error condition after a fixed number of retries (maximum 5), the controller shall transition to the fail-safe mode.",!(pressureSensorRetries_greaterThanOrEqual_5 & ( pressureSensorConnFailure | pressureSensorError )) U ((pressureSensorRetries_greaterThanOrEqual_5 & ( pressureSensorConnFailure | pressureSensorError )) & G(StartUpMode -> F(failSafeMode))),G(StartUpMode & (pressureSensorConnFailure | pressureSensorError) & pressureSensorRetries_greaterThanOrEqual_5 -> X failSafeMode),False
ARTEMIS,118,"Start-up Mode: If the pressure sensor fails to connect or reports an error condition after a fixed number of retries (maximum 5), the controller shall transition to the fail-safe mode.",!(pressureSensorRetries_greaterThanOrEqual_5 & ( pressureSensorConnFailure | pressureSensorError )) U ((pressureSensorRetries_greaterThanOrEqual_5 & ( pressureSensorConnFailure | pressureSensorError )) & G(StartUpMode -> F(failSafeMode))),G(StartUpMode & (pressureSensorConnFailure | pressureSensorError) & pressureSensorRetries_greaterThanOrEqual_5 -> X failSafeMode),False
ARTEMIS,118,"Start-up Mode: If the pressure sensor fails to connect or reports an error condition after a fixed number of retries (maximum 5), the controller shall transition to the fail-safe mode.",!(pressureSensorRetries_greaterThanOrEqual_5 & ( pressureSensorConnFailure | pressureSensorError )) U ((pressureSensorRetries_greaterThanOrEqual_5 & ( pressureSensorConnFailure | pressureSensorError )) & G(StartUpMode -> F(failSafeMode))),G(StartUpMode & (pressureSensorConnFailure | pressureSensorError) & pressureSensorRetries_greaterThanOrEqual_5 -> X failSafeMode),False
ARTEMIS,118,"Start-up Mode: If the pressure sensor fails to connect or reports an error condition after a fixed number of retries (maximum 5), the controller shall transition to the fail-safe mode.",!(pressureSensorRetries_greaterThanOrEqual_5 & ( pressureSensorConnFailure | pressureSensorError )) U ((pressureSensorRetries_greaterThanOrEqual_5 & ( pressureSensorConnFailure | pressureSensorError )) & G(StartUpMode -> F(failSafeMode))),G(StartUpMode & (pressureSensorConnFailure | pressureSensorError) & pressureSensorRetries_greaterThanOrEqual_5 -> X failSafeMode),False
ARTEMIS,118,"Start-up Mode: If the pressure sensor fails to connect or reports an error condition after a fixed number of retries (maximum 5), the controller shall transition to the fail-safe mode.",!(pressureSensorRetries_greaterThanOrEqual_5 & ( pressureSensorConnFailure | pressureSensorError )) U ((pressureSensorRetries_greaterThanOrEqual_5 & ( pressureSensorConnFailure | pressureSensorError )) & G(StartUpMode -> F(failSafeMode))),G(StartUpMode & (pressureSensorConnFailure | pressureSensorError) & pressureSensorRetries_greaterThanOrEqual_5 -> X failSafeMode),False
ARTEMIS,118,"Start-up Mode: If the pressure sensor fails to connect or reports an error condition after a fixed number of retries (maximum 5), the controller shall transition to the fail-safe mode.",!(pressureSensorRetries_greaterThanOrEqual_5 & ( pressureSensorConnFailure | pressureSensorError )) U ((pressureSensorRetries_greaterThanOrEqual_5 & ( pressureSensorConnFailure | pressureSensorError )) & G(StartUpMode -> F(failSafeMode))),G(StartUpMode & (pressureSensorConnFailure | pressureSensorError) & pressureSensorRetries_greaterThanOrEqual_5 -> X failSafeMode),False
ARTEMIS,118,"Start-up Mode: If the pressure sensor fails to connect or reports an error condition after a fixed number of retries (maximum 5), the controller shall transition to the fail-safe mode.",!(pressureSensorRetries_greaterThanOrEqual_5 & ( pressureSensorConnFailure | pressureSensorError )) U ((pressureSensorRetries_greaterThanOrEqual_5 & ( pressureSensorConnFailure | pressureSensorError )) & G(StartUpMode -> F(failSafeMode))),G(StartUpMode & (pressureSensorConnFailure | pressureSensorError) & pressureSensorRetries_greaterThanOrEqual_5 -> X failSafeMode),False
ARTEMIS,118,"Start-up Mode: If the pressure sensor fails to connect or reports an error condition after a fixed number of retries (maximum 5), the controller shall transition to the fail-safe mode.",!(pressureSensorRetries_greaterThanOrEqual_5 & ( pressureSensorConnFailure | pressureSensorError )) U ((pressureSensorRetries_greaterThanOrEqual_5 & ( pressureSensorConnFailure | pressureSensorError )) & G(StartUpMode -> F(failSafeMode))),G(StartUpMode & (pressureSensorConnFailure | pressureSensorError) & pressureSensorRetries_greaterThanOrEqual_5 -> X failSafeMode),False
