PROMPTTYPE,Index,Requirement,Ground Truth,Response,Equivalent
ADARULE,7,The autopilot shall change states from TRANSITION to NOMINAL when the system is supported and sensor data is good.,G(good & supported -> F(state_is_NOMINAL)),G((supported & good) -> F(state_is_NOMINAL)),True
ADARULE,7,The autopilot shall change states from TRANSITION to NOMINAL when the system is supported and sensor data is good.,G(good & supported -> F(state_is_NOMINAL)),G((supported & good) -> F(state_is_NOMINAL)),True
ADARULE,7,The autopilot shall change states from TRANSITION to NOMINAL when the system is supported and sensor data is good.,G(good & supported -> F(state_is_NOMINAL)),G((supported & good) -> F(state_is_NOMINAL)),True
ADARULE,7,The autopilot shall change states from TRANSITION to NOMINAL when the system is supported and sensor data is good.,G(good & supported -> F(state_is_NOMINAL)),G((supported & good) -> F(state_is_NOMINAL)),True
ADARULE,7,The autopilot shall change states from TRANSITION to NOMINAL when the system is supported and sensor data is good.,G(good & supported -> F(state_is_NOMINAL)),G((supported & good) -> F(state_is_NOMINAL)),True
ADARULE,7,The autopilot shall change states from TRANSITION to NOMINAL when the system is supported and sensor data is good.,G(good & supported -> F(state_is_NOMINAL)),G((state_is_TRANSITION & supported & good) -> F(state_is_NOMINAL)),False
ADARULE,7,The autopilot shall change states from TRANSITION to NOMINAL when the system is supported and sensor data is good.,G(good & supported -> F(state_is_NOMINAL)),G((supported & good) -> F(state_is_NOMINAL)),True
ADARULE,7,The autopilot shall change states from TRANSITION to NOMINAL when the system is supported and sensor data is good.,G(good & supported -> F(state_is_NOMINAL)),G((supported & good) -> F(state_is_NOMINAL)),True
ADARULE,7,The autopilot shall change states from TRANSITION to NOMINAL when the system is supported and sensor data is good.,G(good & supported -> F(state_is_NOMINAL)),G((supported & good) -> F(state_is_NOMINAL)),True
ADARULE,7,The autopilot shall change states from TRANSITION to NOMINAL when the system is supported and sensor data is good.,G(good & supported -> F(state_is_NOMINAL)),G((supported & good) -> F(state_is_NOMINAL)),True
ADARULE,7,The autopilot shall change states from TRANSITION to NOMINAL when the system is supported and sensor data is good.,G(good & supported -> F(state_is_NOMINAL)),G((supported & good) -> F(state_is_NOMINAL)),True
ADARULE,7,The autopilot shall change states from TRANSITION to NOMINAL when the system is supported and sensor data is good.,G(good & supported -> F(state_is_NOMINAL)),G((supported & good) -> F(state_is_NOMINAL)),True
ADARULE,7,The autopilot shall change states from TRANSITION to NOMINAL when the system is supported and sensor data is good.,G(good & supported -> F(state_is_NOMINAL)),G((supported & good) -> F(state_is_NOMINAL)),True
ADARULE,7,The autopilot shall change states from TRANSITION to NOMINAL when the system is supported and sensor data is good.,G(good & supported -> F(state_is_NOMINAL)),G((state_is_TRANSITION & supported & good) -> F(state_is_NOMINAL)),False
ADARULE,7,The autopilot shall change states from TRANSITION to NOMINAL when the system is supported and sensor data is good.,G(good & supported -> F(state_is_NOMINAL)),G((supported & good) -> F(state_is_NOMINAL)),True
ADARULE,7,The autopilot shall change states from TRANSITION to NOMINAL when the system is supported and sensor data is good.,G(good & supported -> F(state_is_NOMINAL)),G((supported & good) -> F(state_is_NOMINAL)),True
ADARULE,7,The autopilot shall change states from TRANSITION to NOMINAL when the system is supported and sensor data is good.,G(good & supported -> F(state_is_NOMINAL)),G((supported & good) -> F(state_is_NOMINAL)),True
ADARULE,7,The autopilot shall change states from TRANSITION to NOMINAL when the system is supported and sensor data is good.,G(good & supported -> F(state_is_NOMINAL)),G((supported & good) -> F(state_is_NOMINAL)),True
ADARULE,7,The autopilot shall change states from TRANSITION to NOMINAL when the system is supported and sensor data is good.,G(good & supported -> F(state_is_NOMINAL)),G((supported & good) -> F(state_is_NOMINAL)),True
ADARULE,7,The autopilot shall change states from TRANSITION to NOMINAL when the system is supported and sensor data is good.,G(good & supported -> F(state_is_NOMINAL)),G((supported & good) -> F(state_is_NOMINAL)),True
ADARULE,7,The autopilot shall change states from TRANSITION to NOMINAL when the system is supported and sensor data is good.,G(good & supported -> F(state_is_NOMINAL)),G((supported & good) -> F(state_is_NOMINAL)),True
ADARULE,7,The autopilot shall change states from TRANSITION to NOMINAL when the system is supported and sensor data is good.,G(good & supported -> F(state_is_NOMINAL)),G((state_is_TRANSITION & supported & good) -> F(state_is_NOMINAL)),False
ADARULE,7,The autopilot shall change states from TRANSITION to NOMINAL when the system is supported and sensor data is good.,G(good & supported -> F(state_is_NOMINAL)),G((state_is_TRANSITION & supported & good) -> F(state_is_NOMINAL)),False
ADARULE,7,The autopilot shall change states from TRANSITION to NOMINAL when the system is supported and sensor data is good.,G(good & supported -> F(state_is_NOMINAL)),G((supported & good) -> F(state_is_NOMINAL)),True
ADARULE,7,The autopilot shall change states from TRANSITION to NOMINAL when the system is supported and sensor data is good.,G(good & supported -> F(state_is_NOMINAL)),G((supported & good) -> F(state_is_NOMINAL)),True
ADARULE,7,The autopilot shall change states from TRANSITION to NOMINAL when the system is supported and sensor data is good.,G(good & supported -> F(state_is_NOMINAL)),G((supported & good) -> F(state_is_NOMINAL)),True
ADARULE,7,The autopilot shall change states from TRANSITION to NOMINAL when the system is supported and sensor data is good.,G(good & supported -> F(state_is_NOMINAL)),G((supported & good) -> F(state_is_NOMINAL)),True
ADARULE,7,The autopilot shall change states from TRANSITION to NOMINAL when the system is supported and sensor data is good.,G(good & supported -> F(state_is_NOMINAL)),G((supported & good) -> F(state_is_NOMINAL)),True
ADARULE,7,The autopilot shall change states from TRANSITION to NOMINAL when the system is supported and sensor data is good.,G(good & supported -> F(state_is_NOMINAL)),G((supported & good) -> F(state_is_NOMINAL)),True
ADARULE,7,The autopilot shall change states from TRANSITION to NOMINAL when the system is supported and sensor data is good.,G(good & supported -> F(state_is_NOMINAL)),G((state_is_TRANSITION & supported & good) -> F(state_is_NOMINAL)),False
ADARULE,7,The autopilot shall change states from TRANSITION to NOMINAL when the system is supported and sensor data is good.,G(good & supported -> F(state_is_NOMINAL)),G((supported & good) -> F(state_is_NOMINAL)),True
ADARULE,7,The autopilot shall change states from TRANSITION to NOMINAL when the system is supported and sensor data is good.,G(good & supported -> F(state_is_NOMINAL)),G((supported & good) -> F(state_is_NOMINAL)),True
ADARULE,7,The autopilot shall change states from TRANSITION to NOMINAL when the system is supported and sensor data is good.,G(good & supported -> F(state_is_NOMINAL)),G((supported & good) -> F(state_is_NOMINAL)),True
ADARULE,7,The autopilot shall change states from TRANSITION to NOMINAL when the system is supported and sensor data is good.,G(good & supported -> F(state_is_NOMINAL)),G((supported & good) -> F(state_is_NOMINAL)),True
ADARULE,7,The autopilot shall change states from TRANSITION to NOMINAL when the system is supported and sensor data is good.,G(good & supported -> F(state_is_NOMINAL)),G((state_is_TRANSITION & supported & good) -> F(state_is_NOMINAL)),False
ADARULE,7,The autopilot shall change states from TRANSITION to NOMINAL when the system is supported and sensor data is good.,G(good & supported -> F(state_is_NOMINAL)),G((supported & good) -> F(state_is_NOMINAL)),True
ADARULE,7,The autopilot shall change states from TRANSITION to NOMINAL when the system is supported and sensor data is good.,G(good & supported -> F(state_is_NOMINAL)),G((supported & good) -> F(state_is_NOMINAL)),True
ADARULE,7,The autopilot shall change states from TRANSITION to NOMINAL when the system is supported and sensor data is good.,G(good & supported -> F(state_is_NOMINAL)),G((supported & good) -> F(state_is_NOMINAL)),True
ADARULE,7,The autopilot shall change states from TRANSITION to NOMINAL when the system is supported and sensor data is good.,G(good & supported -> F(state_is_NOMINAL)),G((supported & good) -> F(state_is_NOMINAL)),True
ADARULE,7,The autopilot shall change states from TRANSITION to NOMINAL when the system is supported and sensor data is good.,G(good & supported -> F(state_is_NOMINAL)),G((supported & good) -> F(state_is_NOMINAL)),True
ADARULE,7,The autopilot shall change states from TRANSITION to NOMINAL when the system is supported and sensor data is good.,G(good & supported -> F(state_is_NOMINAL)),G((supported & good) -> F(state_is_NOMINAL)),True
ADARULE,7,The autopilot shall change states from TRANSITION to NOMINAL when the system is supported and sensor data is good.,G(good & supported -> F(state_is_NOMINAL)),G((supported & good) -> F(state_is_NOMINAL)),True
ADARULE,7,The autopilot shall change states from TRANSITION to NOMINAL when the system is supported and sensor data is good.,G(good & supported -> F(state_is_NOMINAL)),G((supported & good) -> F(state_is_NOMINAL)),True
ADARULE,7,The autopilot shall change states from TRANSITION to NOMINAL when the system is supported and sensor data is good.,G(good & supported -> F(state_is_NOMINAL)),G((supported & good) -> F(state_is_NOMINAL)),True
ADARULE,7,The autopilot shall change states from TRANSITION to NOMINAL when the system is supported and sensor data is good.,G(good & supported -> F(state_is_NOMINAL)),G((supported & good) -> F(state_is_NOMINAL)),True
ADARULE,7,The autopilot shall change states from TRANSITION to NOMINAL when the system is supported and sensor data is good.,G(good & supported -> F(state_is_NOMINAL)),G((state_is_TRANSITION & supported & good) -> F(state_is_NOMINAL)),False
ADARULE,7,The autopilot shall change states from TRANSITION to NOMINAL when the system is supported and sensor data is good.,G(good & supported -> F(state_is_NOMINAL)),G((supported & good) -> F(state_is_NOMINAL)),True
ADARULE,7,The autopilot shall change states from TRANSITION to NOMINAL when the system is supported and sensor data is good.,G(good & supported -> F(state_is_NOMINAL)),G((supported & good) -> F(state_is_NOMINAL)),True
ADARULE,7,The autopilot shall change states from TRANSITION to NOMINAL when the system is supported and sensor data is good.,G(good & supported -> F(state_is_NOMINAL)),G((supported & good) -> F(state_is_NOMINAL)),True
ADARULE,7,The autopilot shall change states from TRANSITION to NOMINAL when the system is supported and sensor data is good.,G(good & supported -> F(state_is_NOMINAL)),G((supported & good) -> F(state_is_NOMINAL)),True
ADARULE,7,The autopilot shall change states from TRANSITION to NOMINAL when the system is supported and sensor data is good.,G(good & supported -> F(state_is_NOMINAL)),G((supported & good) -> F(state_is_NOMINAL)),True
ADARULE,7,The autopilot shall change states from TRANSITION to NOMINAL when the system is supported and sensor data is good.,G(good & supported -> F(state_is_NOMINAL)),G((supported & good) -> F(state_is_NOMINAL)),True
ADARULE,7,The autopilot shall change states from TRANSITION to NOMINAL when the system is supported and sensor data is good.,G(good & supported -> F(state_is_NOMINAL)),G((supported & good) -> F(state_is_NOMINAL)),True
ADARULE,7,The autopilot shall change states from TRANSITION to NOMINAL when the system is supported and sensor data is good.,G(good & supported -> F(state_is_NOMINAL)),G((state_is_TRANSITION & supported & good) -> F(state_is_NOMINAL)),False
ADARULE,7,The autopilot shall change states from TRANSITION to NOMINAL when the system is supported and sensor data is good.,G(good & supported -> F(state_is_NOMINAL)),G((state_is_TRANSITION & supported & good) -> F(state_is_NOMINAL)),False
ADARULE,7,The autopilot shall change states from TRANSITION to NOMINAL when the system is supported and sensor data is good.,G(good & supported -> F(state_is_NOMINAL)),G((supported & good) -> F(state_is_NOMINAL)),True
ADARULE,7,The autopilot shall change states from TRANSITION to NOMINAL when the system is supported and sensor data is good.,G(good & supported -> F(state_is_NOMINAL)),G((state_is_TRANSITION & supported & good) -> F(state_is_NOMINAL)),False
ADARULE,7,The autopilot shall change states from TRANSITION to NOMINAL when the system is supported and sensor data is good.,G(good & supported -> F(state_is_NOMINAL)),G((supported & good) -> F(state_is_NOMINAL)),True
ADARULE,7,The autopilot shall change states from TRANSITION to NOMINAL when the system is supported and sensor data is good.,G(good & supported -> F(state_is_NOMINAL)),G((state_is_TRANSITION & supported & good) -> F(state_is_NOMINAL)),False
ADARULE,7,The autopilot shall change states from TRANSITION to NOMINAL when the system is supported and sensor data is good.,G(good & supported -> F(state_is_NOMINAL)),G((supported & good) -> F(state_is_NOMINAL)),True
ADARULE,7,The autopilot shall change states from TRANSITION to NOMINAL when the system is supported and sensor data is good.,G(good & supported -> F(state_is_NOMINAL)),G((supported & good) -> F(state_is_NOMINAL)),True
ADARULE,7,The autopilot shall change states from TRANSITION to NOMINAL when the system is supported and sensor data is good.,G(good & supported -> F(state_is_NOMINAL)),G((supported & good) -> F(state_is_NOMINAL)),True
ADARULE,7,The autopilot shall change states from TRANSITION to NOMINAL when the system is supported and sensor data is good.,G(good & supported -> F(state_is_NOMINAL)),G((supported & good) -> F(state_is_NOMINAL)),True
ADARULE,7,The autopilot shall change states from TRANSITION to NOMINAL when the system is supported and sensor data is good.,G(good & supported -> F(state_is_NOMINAL)),G((state_is_TRANSITION & supported & good) -> F(state_is_NOMINAL)),False
ADARULE,7,The autopilot shall change states from TRANSITION to NOMINAL when the system is supported and sensor data is good.,G(good & supported -> F(state_is_NOMINAL)),G((supported & good) -> F(state_is_NOMINAL)),True
ADARULE,7,The autopilot shall change states from TRANSITION to NOMINAL when the system is supported and sensor data is good.,G(good & supported -> F(state_is_NOMINAL)),G((state_is_TRANSITION & supported & good) -> F(state_is_NOMINAL)),False
ADARULE,7,The autopilot shall change states from TRANSITION to NOMINAL when the system is supported and sensor data is good.,G(good & supported -> F(state_is_NOMINAL)),G((supported & good) -> F(state_is_NOMINAL)),True
ADARULE,7,The autopilot shall change states from TRANSITION to NOMINAL when the system is supported and sensor data is good.,G(good & supported -> F(state_is_NOMINAL)),G((supported & good) -> F(state_is_NOMINAL)),True
ADARULE,7,The autopilot shall change states from TRANSITION to NOMINAL when the system is supported and sensor data is good.,G(good & supported -> F(state_is_NOMINAL)),G((supported & good) -> F(state_is_NOMINAL)),True
ADARULE,7,The autopilot shall change states from TRANSITION to NOMINAL when the system is supported and sensor data is good.,G(good & supported -> F(state_is_NOMINAL)),G((supported & good) -> F(state_is_NOMINAL)),True
ADARULE,7,The autopilot shall change states from TRANSITION to NOMINAL when the system is supported and sensor data is good.,G(good & supported -> F(state_is_NOMINAL)),G((supported & good) -> F(state_is_NOMINAL)),True
ADARULE,7,The autopilot shall change states from TRANSITION to NOMINAL when the system is supported and sensor data is good.,G(good & supported -> F(state_is_NOMINAL)),G((supported & good) -> F(state_is_NOMINAL)),True
ADARULE,7,The autopilot shall change states from TRANSITION to NOMINAL when the system is supported and sensor data is good.,G(good & supported -> F(state_is_NOMINAL)),G((supported & good) -> F(state_is_NOMINAL)),True
ADARULE,7,The autopilot shall change states from TRANSITION to NOMINAL when the system is supported and sensor data is good.,G(good & supported -> F(state_is_NOMINAL)),G((state_is_TRANSITION & supported & good) -> F(state_is_NOMINAL)),False
ADARULE,7,The autopilot shall change states from TRANSITION to NOMINAL when the system is supported and sensor data is good.,G(good & supported -> F(state_is_NOMINAL)),G((supported & good) -> F(state_is_NOMINAL)),True
ADARULE,7,The autopilot shall change states from TRANSITION to NOMINAL when the system is supported and sensor data is good.,G(good & supported -> F(state_is_NOMINAL)),G((supported & good) -> F(state_is_NOMINAL)),True
ADARULE,7,The autopilot shall change states from TRANSITION to NOMINAL when the system is supported and sensor data is good.,G(good & supported -> F(state_is_NOMINAL)),G((state_is_TRANSITION & supported & good) -> F(state_is_NOMINAL)),False
ADARULE,7,The autopilot shall change states from TRANSITION to NOMINAL when the system is supported and sensor data is good.,G(good & supported -> F(state_is_NOMINAL)),G((state_is_TRANSITION & supported & good) -> F(state_is_NOMINAL)),False
ADARULE,7,The autopilot shall change states from TRANSITION to NOMINAL when the system is supported and sensor data is good.,G(good & supported -> F(state_is_NOMINAL)),G((supported & good) -> F(state_is_NOMINAL)),True
ADARULE,7,The autopilot shall change states from TRANSITION to NOMINAL when the system is supported and sensor data is good.,G(good & supported -> F(state_is_NOMINAL)),G((supported & good) -> F(state_is_NOMINAL)),True
ADARULE,7,The autopilot shall change states from TRANSITION to NOMINAL when the system is supported and sensor data is good.,G(good & supported -> F(state_is_NOMINAL)),G((supported & good) -> F(state_is_NOMINAL)),True
ADARULE,7,The autopilot shall change states from TRANSITION to NOMINAL when the system is supported and sensor data is good.,G(good & supported -> F(state_is_NOMINAL)),G((supported & good) -> F(state_is_NOMINAL)),True
ADARULE,7,The autopilot shall change states from TRANSITION to NOMINAL when the system is supported and sensor data is good.,G(good & supported -> F(state_is_NOMINAL)),G((state_is_TRANSITION & supported & good) -> F(state_is_NOMINAL)),False
ADARULE,7,The autopilot shall change states from TRANSITION to NOMINAL when the system is supported and sensor data is good.,G(good & supported -> F(state_is_NOMINAL)),G((supported & good) -> F(state_is_NOMINAL)),True
ADARULE,7,The autopilot shall change states from TRANSITION to NOMINAL when the system is supported and sensor data is good.,G(good & supported -> F(state_is_NOMINAL)),G((supported & good) -> F(state_is_NOMINAL)),True
ADARULE,7,The autopilot shall change states from TRANSITION to NOMINAL when the system is supported and sensor data is good.,G(good & supported -> F(state_is_NOMINAL)),G((state_is_TRANSITION & supported & good) -> F(state_is_NOMINAL)),False
ADARULE,7,The autopilot shall change states from TRANSITION to NOMINAL when the system is supported and sensor data is good.,G(good & supported -> F(state_is_NOMINAL)),G((supported & good) -> F(state_is_NOMINAL)),True
ADARULE,7,The autopilot shall change states from TRANSITION to NOMINAL when the system is supported and sensor data is good.,G(good & supported -> F(state_is_NOMINAL)),G((supported & good) -> F(state_is_NOMINAL)),True
ADARULE,7,The autopilot shall change states from TRANSITION to NOMINAL when the system is supported and sensor data is good.,G(good & supported -> F(state_is_NOMINAL)),G((supported & good) -> F(state_is_NOMINAL)),True
ADARULE,7,The autopilot shall change states from TRANSITION to NOMINAL when the system is supported and sensor data is good.,G(good & supported -> F(state_is_NOMINAL)),G((state_is_TRANSITION & supported & good) -> F(state_is_NOMINAL)),False
ADARULE,7,The autopilot shall change states from TRANSITION to NOMINAL when the system is supported and sensor data is good.,G(good & supported -> F(state_is_NOMINAL)),G((supported & good) -> F(state_is_NOMINAL)),True
ADARULE,7,The autopilot shall change states from TRANSITION to NOMINAL when the system is supported and sensor data is good.,G(good & supported -> F(state_is_NOMINAL)),G((supported & good) -> F(state_is_NOMINAL)),True
ADARULE,7,The autopilot shall change states from TRANSITION to NOMINAL when the system is supported and sensor data is good.,G(good & supported -> F(state_is_NOMINAL)),G((state_is_TRANSITION & supported & good) -> F(state_is_NOMINAL)),False
ADARULE,7,The autopilot shall change states from TRANSITION to NOMINAL when the system is supported and sensor data is good.,G(good & supported -> F(state_is_NOMINAL)),G((supported & good) -> F(state_is_NOMINAL)),True
ADARULE,7,The autopilot shall change states from TRANSITION to NOMINAL when the system is supported and sensor data is good.,G(good & supported -> F(state_is_NOMINAL)),G((supported & good) -> F(state_is_NOMINAL)),True
ADARULE,7,The autopilot shall change states from TRANSITION to NOMINAL when the system is supported and sensor data is good.,G(good & supported -> F(state_is_NOMINAL)),G((supported & good) -> F(state_is_NOMINAL)),True
ADARULE,7,The autopilot shall change states from TRANSITION to NOMINAL when the system is supported and sensor data is good.,G(good & supported -> F(state_is_NOMINAL)),G((supported & good) -> F(state_is_NOMINAL)),True
ADARULE,7,The autopilot shall change states from TRANSITION to NOMINAL when the system is supported and sensor data is good.,G(good & supported -> F(state_is_NOMINAL)),G((state_is_TRANSITION & supported & good) -> F(state_is_NOMINAL)),False
ADARULE,7,The autopilot shall change states from TRANSITION to NOMINAL when the system is supported and sensor data is good.,G(good & supported -> F(state_is_NOMINAL)),G((supported & good) -> F(state_is_NOMINAL)),True
ADARULE,7,The autopilot shall change states from TRANSITION to NOMINAL when the system is supported and sensor data is good.,G(good & supported -> F(state_is_NOMINAL)),G((supported & good) -> F(state_is_NOMINAL)),True
ADARULE,24,Start-up Mode: A set of default values for all parameters shall be provided and loaded from a configuration file on the machine when it is turned on. The parameters are listed in Section 3.1.1.,G(StartUpMode -> X(defaultParamsLoaded)),G(StartUpMode -> F(defaultParamsLoaded)),False
ADARULE,24,Start-up Mode: A set of default values for all parameters shall be provided and loaded from a configuration file on the machine when it is turned on. The parameters are listed in Section 3.1.1.,G(StartUpMode -> X(defaultParamsLoaded)),G(StartUpMode -> F(defaultParamsLoaded)),False
ADARULE,24,Start-up Mode: A set of default values for all parameters shall be provided and loaded from a configuration file on the machine when it is turned on. The parameters are listed in Section 3.1.1.,G(StartUpMode -> X(defaultParamsLoaded)),G(StartUpMode -> defaultParamsLoaded),False
ADARULE,24,Start-up Mode: A set of default values for all parameters shall be provided and loaded from a configuration file on the machine when it is turned on. The parameters are listed in Section 3.1.1.,G(StartUpMode -> X(defaultParamsLoaded)),G(StartUpMode -> defaultParamsLoaded),False
ADARULE,24,Start-up Mode: A set of default values for all parameters shall be provided and loaded from a configuration file on the machine when it is turned on. The parameters are listed in Section 3.1.1.,G(StartUpMode -> X(defaultParamsLoaded)),G(StartUpMode -> F(defaultParamsLoaded)),False
ADARULE,24,Start-up Mode: A set of default values for all parameters shall be provided and loaded from a configuration file on the machine when it is turned on. The parameters are listed in Section 3.1.1.,G(StartUpMode -> X(defaultParamsLoaded)),G(StartUpMode -> F(defaultParamsLoaded)),False
ADARULE,24,Start-up Mode: A set of default values for all parameters shall be provided and loaded from a configuration file on the machine when it is turned on. The parameters are listed in Section 3.1.1.,G(StartUpMode -> X(defaultParamsLoaded)),G(StartUpMode -> F(defaultParamsLoaded)),False
ADARULE,24,Start-up Mode: A set of default values for all parameters shall be provided and loaded from a configuration file on the machine when it is turned on. The parameters are listed in Section 3.1.1.,G(StartUpMode -> X(defaultParamsLoaded)),G(StartUpMode -> F(defaultParamsLoaded)),False
ADARULE,24,Start-up Mode: A set of default values for all parameters shall be provided and loaded from a configuration file on the machine when it is turned on. The parameters are listed in Section 3.1.1.,G(StartUpMode -> X(defaultParamsLoaded)),G(StartUpMode -> defaultParamsLoaded),False
ADARULE,24,Start-up Mode: A set of default values for all parameters shall be provided and loaded from a configuration file on the machine when it is turned on. The parameters are listed in Section 3.1.1.,G(StartUpMode -> X(defaultParamsLoaded)),G(StartUpMode -> F(defaultParamsLoaded)),False
ADARULE,24,Start-up Mode: A set of default values for all parameters shall be provided and loaded from a configuration file on the machine when it is turned on. The parameters are listed in Section 3.1.1.,G(StartUpMode -> X(defaultParamsLoaded)),G(StartUpMode -> F(defaultParamsLoaded)),False
ADARULE,24,Start-up Mode: A set of default values for all parameters shall be provided and loaded from a configuration file on the machine when it is turned on. The parameters are listed in Section 3.1.1.,G(StartUpMode -> X(defaultParamsLoaded)),G(StartUpMode -> F(defaultParamsLoaded)),False
ADARULE,24,Start-up Mode: A set of default values for all parameters shall be provided and loaded from a configuration file on the machine when it is turned on. The parameters are listed in Section 3.1.1.,G(StartUpMode -> X(defaultParamsLoaded)),G(StartUpMode -> F(defaultParamsLoaded)),False
ADARULE,24,Start-up Mode: A set of default values for all parameters shall be provided and loaded from a configuration file on the machine when it is turned on. The parameters are listed in Section 3.1.1.,G(StartUpMode -> X(defaultParamsLoaded)),G(StartUpMode -> F(defaultParamsLoaded)),False
ADARULE,24,Start-up Mode: A set of default values for all parameters shall be provided and loaded from a configuration file on the machine when it is turned on. The parameters are listed in Section 3.1.1.,G(StartUpMode -> X(defaultParamsLoaded)),G(StartUpMode -> F(defaultParamsLoaded)),False
ADARULE,24,Start-up Mode: A set of default values for all parameters shall be provided and loaded from a configuration file on the machine when it is turned on. The parameters are listed in Section 3.1.1.,G(StartUpMode -> X(defaultParamsLoaded)),G(StartUpMode -> F(defaultParamsLoaded)),False
ADARULE,24,Start-up Mode: A set of default values for all parameters shall be provided and loaded from a configuration file on the machine when it is turned on. The parameters are listed in Section 3.1.1.,G(StartUpMode -> X(defaultParamsLoaded)),G(StartUpMode -> F(defaultParamsLoaded)),False
ADARULE,24,Start-up Mode: A set of default values for all parameters shall be provided and loaded from a configuration file on the machine when it is turned on. The parameters are listed in Section 3.1.1.,G(StartUpMode -> X(defaultParamsLoaded)),G(StartUpMode -> F(defaultParamsLoaded)),False
ADARULE,24,Start-up Mode: A set of default values for all parameters shall be provided and loaded from a configuration file on the machine when it is turned on. The parameters are listed in Section 3.1.1.,G(StartUpMode -> X(defaultParamsLoaded)),G(StartUpMode -> F(defaultParamsLoaded)),False
ADARULE,24,Start-up Mode: A set of default values for all parameters shall be provided and loaded from a configuration file on the machine when it is turned on. The parameters are listed in Section 3.1.1.,G(StartUpMode -> X(defaultParamsLoaded)),G(StartUpMode -> F(defaultParamsLoaded)),False
ADARULE,24,Start-up Mode: A set of default values for all parameters shall be provided and loaded from a configuration file on the machine when it is turned on. The parameters are listed in Section 3.1.1.,G(StartUpMode -> X(defaultParamsLoaded)),G(StartUpMode -> F(defaultParamsLoaded)),False
ADARULE,24,Start-up Mode: A set of default values for all parameters shall be provided and loaded from a configuration file on the machine when it is turned on. The parameters are listed in Section 3.1.1.,G(StartUpMode -> X(defaultParamsLoaded)),G(StartUpMode -> F(defaultParamsLoaded)),False
ADARULE,24,Start-up Mode: A set of default values for all parameters shall be provided and loaded from a configuration file on the machine when it is turned on. The parameters are listed in Section 3.1.1.,G(StartUpMode -> X(defaultParamsLoaded)),G(StartUpMode -> F(defaultParamsLoaded)),False
ADARULE,24,Start-up Mode: A set of default values for all parameters shall be provided and loaded from a configuration file on the machine when it is turned on. The parameters are listed in Section 3.1.1.,G(StartUpMode -> X(defaultParamsLoaded)),G(StartUpMode -> F(defaultParamsLoaded)),False
ADARULE,24,Start-up Mode: A set of default values for all parameters shall be provided and loaded from a configuration file on the machine when it is turned on. The parameters are listed in Section 3.1.1.,G(StartUpMode -> X(defaultParamsLoaded)),G(StartUpMode -> F(defaultParamsLoaded)),False
ADARULE,24,Start-up Mode: A set of default values for all parameters shall be provided and loaded from a configuration file on the machine when it is turned on. The parameters are listed in Section 3.1.1.,G(StartUpMode -> X(defaultParamsLoaded)),G(StartUpMode -> F(defaultParamsLoaded)),False
ADARULE,24,Start-up Mode: A set of default values for all parameters shall be provided and loaded from a configuration file on the machine when it is turned on. The parameters are listed in Section 3.1.1.,G(StartUpMode -> X(defaultParamsLoaded)),G(StartUpMode -> F(defaultParamsLoaded)),False
ADARULE,24,Start-up Mode: A set of default values for all parameters shall be provided and loaded from a configuration file on the machine when it is turned on. The parameters are listed in Section 3.1.1.,G(StartUpMode -> X(defaultParamsLoaded)),G(StartUpMode -> F(defaultParamsLoaded)),False
ADARULE,24,Start-up Mode: A set of default values for all parameters shall be provided and loaded from a configuration file on the machine when it is turned on. The parameters are listed in Section 3.1.1.,G(StartUpMode -> X(defaultParamsLoaded)),G(StartUpMode -> F(defaultParamsLoaded)),False
ADARULE,24,Start-up Mode: A set of default values for all parameters shall be provided and loaded from a configuration file on the machine when it is turned on. The parameters are listed in Section 3.1.1.,G(StartUpMode -> X(defaultParamsLoaded)),G(StartUpMode -> F(defaultParamsLoaded)),False
ADARULE,24,Start-up Mode: A set of default values for all parameters shall be provided and loaded from a configuration file on the machine when it is turned on. The parameters are listed in Section 3.1.1.,G(StartUpMode -> X(defaultParamsLoaded)),G(StartUpMode -> F(defaultParamsLoaded)),False
ADARULE,24,Start-up Mode: A set of default values for all parameters shall be provided and loaded from a configuration file on the machine when it is turned on. The parameters are listed in Section 3.1.1.,G(StartUpMode -> X(defaultParamsLoaded)),G(StartUpMode -> F(defaultParamsLoaded)),False
ADARULE,24,Start-up Mode: A set of default values for all parameters shall be provided and loaded from a configuration file on the machine when it is turned on. The parameters are listed in Section 3.1.1.,G(StartUpMode -> X(defaultParamsLoaded)),G(StartUpMode -> defaultParamsLoaded),False
ADARULE,24,Start-up Mode: A set of default values for all parameters shall be provided and loaded from a configuration file on the machine when it is turned on. The parameters are listed in Section 3.1.1.,G(StartUpMode -> X(defaultParamsLoaded)),G(StartUpMode -> F(defaultParamsLoaded)),False
ADARULE,24,Start-up Mode: A set of default values for all parameters shall be provided and loaded from a configuration file on the machine when it is turned on. The parameters are listed in Section 3.1.1.,G(StartUpMode -> X(defaultParamsLoaded)),G(StartUpMode -> F(defaultParamsLoaded)),False
ADARULE,24,Start-up Mode: A set of default values for all parameters shall be provided and loaded from a configuration file on the machine when it is turned on. The parameters are listed in Section 3.1.1.,G(StartUpMode -> X(defaultParamsLoaded)),G(StartUpMode -> defaultParamsLoaded),False
ADARULE,24,Start-up Mode: A set of default values for all parameters shall be provided and loaded from a configuration file on the machine when it is turned on. The parameters are listed in Section 3.1.1.,G(StartUpMode -> X(defaultParamsLoaded)),G(StartUpMode -> F(defaultParamsLoaded)),False
ADARULE,24,Start-up Mode: A set of default values for all parameters shall be provided and loaded from a configuration file on the machine when it is turned on. The parameters are listed in Section 3.1.1.,G(StartUpMode -> X(defaultParamsLoaded)),G(StartUpMode -> F(defaultParamsLoaded)),False
ADARULE,24,Start-up Mode: A set of default values for all parameters shall be provided and loaded from a configuration file on the machine when it is turned on. The parameters are listed in Section 3.1.1.,G(StartUpMode -> X(defaultParamsLoaded)),G(StartUpMode -> F(defaultParamsLoaded)),False
ADARULE,24,Start-up Mode: A set of default values for all parameters shall be provided and loaded from a configuration file on the machine when it is turned on. The parameters are listed in Section 3.1.1.,G(StartUpMode -> X(defaultParamsLoaded)),G(StartUpMode -> F(defaultParamsLoaded)),False
ADARULE,24,Start-up Mode: A set of default values for all parameters shall be provided and loaded from a configuration file on the machine when it is turned on. The parameters are listed in Section 3.1.1.,G(StartUpMode -> X(defaultParamsLoaded)),G(StartUpMode -> F(defaultParamsLoaded)),False
ADARULE,24,Start-up Mode: A set of default values for all parameters shall be provided and loaded from a configuration file on the machine when it is turned on. The parameters are listed in Section 3.1.1.,G(StartUpMode -> X(defaultParamsLoaded)),G(StartUpMode -> F(defaultParamsLoaded)),False
ADARULE,24,Start-up Mode: A set of default values for all parameters shall be provided and loaded from a configuration file on the machine when it is turned on. The parameters are listed in Section 3.1.1.,G(StartUpMode -> X(defaultParamsLoaded)),G(StartUpMode -> F(defaultParamsLoaded)),False
ADARULE,24,Start-up Mode: A set of default values for all parameters shall be provided and loaded from a configuration file on the machine when it is turned on. The parameters are listed in Section 3.1.1.,G(StartUpMode -> X(defaultParamsLoaded)),G(StartUpMode -> F(defaultParamsLoaded)),False
ADARULE,24,Start-up Mode: A set of default values for all parameters shall be provided and loaded from a configuration file on the machine when it is turned on. The parameters are listed in Section 3.1.1.,G(StartUpMode -> X(defaultParamsLoaded)),G(StartUpMode -> F(defaultParamsLoaded)),False
ADARULE,24,Start-up Mode: A set of default values for all parameters shall be provided and loaded from a configuration file on the machine when it is turned on. The parameters are listed in Section 3.1.1.,G(StartUpMode -> X(defaultParamsLoaded)),G(StartUpMode -> F(defaultParamsLoaded)),False
ADARULE,24,Start-up Mode: A set of default values for all parameters shall be provided and loaded from a configuration file on the machine when it is turned on. The parameters are listed in Section 3.1.1.,G(StartUpMode -> X(defaultParamsLoaded)),G(StartUpMode -> F(defaultParamsLoaded)),False
ADARULE,24,Start-up Mode: A set of default values for all parameters shall be provided and loaded from a configuration file on the machine when it is turned on. The parameters are listed in Section 3.1.1.,G(StartUpMode -> X(defaultParamsLoaded)),G(StartUpMode -> F(defaultParamsLoaded)),False
ADARULE,24,Start-up Mode: A set of default values for all parameters shall be provided and loaded from a configuration file on the machine when it is turned on. The parameters are listed in Section 3.1.1.,G(StartUpMode -> X(defaultParamsLoaded)),G(StartUpMode -> F(defaultParamsLoaded)),False
ADARULE,24,Start-up Mode: A set of default values for all parameters shall be provided and loaded from a configuration file on the machine when it is turned on. The parameters are listed in Section 3.1.1.,G(StartUpMode -> X(defaultParamsLoaded)),G(StartUpMode -> F(defaultParamsLoaded)),False
ADARULE,24,Start-up Mode: A set of default values for all parameters shall be provided and loaded from a configuration file on the machine when it is turned on. The parameters are listed in Section 3.1.1.,G(StartUpMode -> X(defaultParamsLoaded)),G(StartUpMode -> F(defaultParamsLoaded)),False
ADARULE,24,Start-up Mode: A set of default values for all parameters shall be provided and loaded from a configuration file on the machine when it is turned on. The parameters are listed in Section 3.1.1.,G(StartUpMode -> X(defaultParamsLoaded)),G(StartUpMode -> F(defaultParamsLoaded)),False
ADARULE,24,Start-up Mode: A set of default values for all parameters shall be provided and loaded from a configuration file on the machine when it is turned on. The parameters are listed in Section 3.1.1.,G(StartUpMode -> X(defaultParamsLoaded)),G(StartUpMode -> F(defaultParamsLoaded)),False
ADARULE,24,Start-up Mode: A set of default values for all parameters shall be provided and loaded from a configuration file on the machine when it is turned on. The parameters are listed in Section 3.1.1.,G(StartUpMode -> X(defaultParamsLoaded)),G(StartUpMode -> F(defaultParamsLoaded)),False
ADARULE,24,Start-up Mode: A set of default values for all parameters shall be provided and loaded from a configuration file on the machine when it is turned on. The parameters are listed in Section 3.1.1.,G(StartUpMode -> X(defaultParamsLoaded)),G(StartUpMode -> F(defaultParamsLoaded)),False
ADARULE,24,Start-up Mode: A set of default values for all parameters shall be provided and loaded from a configuration file on the machine when it is turned on. The parameters are listed in Section 3.1.1.,G(StartUpMode -> X(defaultParamsLoaded)),G(StartUpMode -> F(defaultParamsLoaded)),False
ADARULE,24,Start-up Mode: A set of default values for all parameters shall be provided and loaded from a configuration file on the machine when it is turned on. The parameters are listed in Section 3.1.1.,G(StartUpMode -> X(defaultParamsLoaded)),G(StartUpMode -> F(defaultParamsLoaded)),False
ADARULE,24,Start-up Mode: A set of default values for all parameters shall be provided and loaded from a configuration file on the machine when it is turned on. The parameters are listed in Section 3.1.1.,G(StartUpMode -> X(defaultParamsLoaded)),G(StartUpMode -> defaultParamsLoaded),False
ADARULE,24,Start-up Mode: A set of default values for all parameters shall be provided and loaded from a configuration file on the machine when it is turned on. The parameters are listed in Section 3.1.1.,G(StartUpMode -> X(defaultParamsLoaded)),G(StartUpMode -> F(defaultParamsLoaded)),False
ADARULE,24,Start-up Mode: A set of default values for all parameters shall be provided and loaded from a configuration file on the machine when it is turned on. The parameters are listed in Section 3.1.1.,G(StartUpMode -> X(defaultParamsLoaded)),G(StartUpMode -> F(defaultParamsLoaded)),False
ADARULE,24,Start-up Mode: A set of default values for all parameters shall be provided and loaded from a configuration file on the machine when it is turned on. The parameters are listed in Section 3.1.1.,G(StartUpMode -> X(defaultParamsLoaded)),G(StartUpMode -> F(defaultParamsLoaded)),False
ADARULE,24,Start-up Mode: A set of default values for all parameters shall be provided and loaded from a configuration file on the machine when it is turned on. The parameters are listed in Section 3.1.1.,G(StartUpMode -> X(defaultParamsLoaded)),G(StartUpMode -> F(defaultParamsLoaded)),False
ADARULE,24,Start-up Mode: A set of default values for all parameters shall be provided and loaded from a configuration file on the machine when it is turned on. The parameters are listed in Section 3.1.1.,G(StartUpMode -> X(defaultParamsLoaded)),G(StartUpMode -> F(defaultParamsLoaded)),False
ADARULE,24,Start-up Mode: A set of default values for all parameters shall be provided and loaded from a configuration file on the machine when it is turned on. The parameters are listed in Section 3.1.1.,G(StartUpMode -> X(defaultParamsLoaded)),G(StartUpMode -> F(defaultParamsLoaded)),False
ADARULE,24,Start-up Mode: A set of default values for all parameters shall be provided and loaded from a configuration file on the machine when it is turned on. The parameters are listed in Section 3.1.1.,G(StartUpMode -> X(defaultParamsLoaded)),G(StartUpMode -> F(defaultParamsLoaded)),False
ADARULE,24,Start-up Mode: A set of default values for all parameters shall be provided and loaded from a configuration file on the machine when it is turned on. The parameters are listed in Section 3.1.1.,G(StartUpMode -> X(defaultParamsLoaded)),G(StartUpMode -> defaultParamsLoaded),False
ADARULE,24,Start-up Mode: A set of default values for all parameters shall be provided and loaded from a configuration file on the machine when it is turned on. The parameters are listed in Section 3.1.1.,G(StartUpMode -> X(defaultParamsLoaded)),G(StartUpMode -> F(defaultParamsLoaded)),False
ADARULE,24,Start-up Mode: A set of default values for all parameters shall be provided and loaded from a configuration file on the machine when it is turned on. The parameters are listed in Section 3.1.1.,G(StartUpMode -> X(defaultParamsLoaded)),G(StartUpMode -> defaultParamsLoaded),False
ADARULE,24,Start-up Mode: A set of default values for all parameters shall be provided and loaded from a configuration file on the machine when it is turned on. The parameters are listed in Section 3.1.1.,G(StartUpMode -> X(defaultParamsLoaded)),G(StartUpMode -> F(defaultParamsLoaded)),False
ADARULE,24,Start-up Mode: A set of default values for all parameters shall be provided and loaded from a configuration file on the machine when it is turned on. The parameters are listed in Section 3.1.1.,G(StartUpMode -> X(defaultParamsLoaded)),G(StartUpMode -> F(defaultParamsLoaded)),False
ADARULE,24,Start-up Mode: A set of default values for all parameters shall be provided and loaded from a configuration file on the machine when it is turned on. The parameters are listed in Section 3.1.1.,G(StartUpMode -> X(defaultParamsLoaded)),G(StartUpMode -> defaultParamsLoaded),False
ADARULE,24,Start-up Mode: A set of default values for all parameters shall be provided and loaded from a configuration file on the machine when it is turned on. The parameters are listed in Section 3.1.1.,G(StartUpMode -> X(defaultParamsLoaded)),G(StartUpMode -> F(defaultParamsLoaded)),False
ADARULE,24,Start-up Mode: A set of default values for all parameters shall be provided and loaded from a configuration file on the machine when it is turned on. The parameters are listed in Section 3.1.1.,G(StartUpMode -> X(defaultParamsLoaded)),G(StartUpMode -> F(defaultParamsLoaded)),False
ADARULE,24,Start-up Mode: A set of default values for all parameters shall be provided and loaded from a configuration file on the machine when it is turned on. The parameters are listed in Section 3.1.1.,G(StartUpMode -> X(defaultParamsLoaded)),G(StartUpMode -> F(defaultParamsLoaded)),False
ADARULE,24,Start-up Mode: A set of default values for all parameters shall be provided and loaded from a configuration file on the machine when it is turned on. The parameters are listed in Section 3.1.1.,G(StartUpMode -> X(defaultParamsLoaded)),G(StartUpMode -> F(defaultParamsLoaded)),False
ADARULE,24,Start-up Mode: A set of default values for all parameters shall be provided and loaded from a configuration file on the machine when it is turned on. The parameters are listed in Section 3.1.1.,G(StartUpMode -> X(defaultParamsLoaded)),G(StartUpMode -> F(defaultParamsLoaded)),False
ADARULE,24,Start-up Mode: A set of default values for all parameters shall be provided and loaded from a configuration file on the machine when it is turned on. The parameters are listed in Section 3.1.1.,G(StartUpMode -> X(defaultParamsLoaded)),G(StartUpMode -> defaultParamsLoaded),False
ADARULE,24,Start-up Mode: A set of default values for all parameters shall be provided and loaded from a configuration file on the machine when it is turned on. The parameters are listed in Section 3.1.1.,G(StartUpMode -> X(defaultParamsLoaded)),G(StartUpMode -> F(defaultParamsLoaded)),False
ADARULE,24,Start-up Mode: A set of default values for all parameters shall be provided and loaded from a configuration file on the machine when it is turned on. The parameters are listed in Section 3.1.1.,G(StartUpMode -> X(defaultParamsLoaded)),G(StartUpMode -> defaultParamsLoaded),False
ADARULE,24,Start-up Mode: A set of default values for all parameters shall be provided and loaded from a configuration file on the machine when it is turned on. The parameters are listed in Section 3.1.1.,G(StartUpMode -> X(defaultParamsLoaded)),G(StartUpMode -> defaultParamsLoaded),False
ADARULE,24,Start-up Mode: A set of default values for all parameters shall be provided and loaded from a configuration file on the machine when it is turned on. The parameters are listed in Section 3.1.1.,G(StartUpMode -> X(defaultParamsLoaded)),G(StartUpMode -> F(defaultParamsLoaded)),False
ADARULE,24,Start-up Mode: A set of default values for all parameters shall be provided and loaded from a configuration file on the machine when it is turned on. The parameters are listed in Section 3.1.1.,G(StartUpMode -> X(defaultParamsLoaded)),G(StartUpMode -> F(defaultParamsLoaded)),False
ADARULE,24,Start-up Mode: A set of default values for all parameters shall be provided and loaded from a configuration file on the machine when it is turned on. The parameters are listed in Section 3.1.1.,G(StartUpMode -> X(defaultParamsLoaded)),G(StartUpMode -> F(defaultParamsLoaded)),False
ADARULE,24,Start-up Mode: A set of default values for all parameters shall be provided and loaded from a configuration file on the machine when it is turned on. The parameters are listed in Section 3.1.1.,G(StartUpMode -> X(defaultParamsLoaded)),G(StartUpMode -> F(defaultParamsLoaded)),False
ADARULE,24,Start-up Mode: A set of default values for all parameters shall be provided and loaded from a configuration file on the machine when it is turned on. The parameters are listed in Section 3.1.1.,G(StartUpMode -> X(defaultParamsLoaded)),G(StartUpMode -> F(defaultParamsLoaded)),False
ADARULE,24,Start-up Mode: A set of default values for all parameters shall be provided and loaded from a configuration file on the machine when it is turned on. The parameters are listed in Section 3.1.1.,G(StartUpMode -> X(defaultParamsLoaded)),G(StartUpMode -> F(defaultParamsLoaded)),False
ADARULE,24,Start-up Mode: A set of default values for all parameters shall be provided and loaded from a configuration file on the machine when it is turned on. The parameters are listed in Section 3.1.1.,G(StartUpMode -> X(defaultParamsLoaded)),G(StartUpMode -> F(defaultParamsLoaded)),False
ADARULE,24,Start-up Mode: A set of default values for all parameters shall be provided and loaded from a configuration file on the machine when it is turned on. The parameters are listed in Section 3.1.1.,G(StartUpMode -> X(defaultParamsLoaded)),G(StartUpMode -> defaultParamsLoaded),False
ADARULE,24,Start-up Mode: A set of default values for all parameters shall be provided and loaded from a configuration file on the machine when it is turned on. The parameters are listed in Section 3.1.1.,G(StartUpMode -> X(defaultParamsLoaded)),G(StartUpMode -> F(defaultParamsLoaded)),False
ADARULE,24,Start-up Mode: A set of default values for all parameters shall be provided and loaded from a configuration file on the machine when it is turned on. The parameters are listed in Section 3.1.1.,G(StartUpMode -> X(defaultParamsLoaded)),G(StartUpMode -> F(defaultParamsLoaded)),False
ADARULE,24,Start-up Mode: A set of default values for all parameters shall be provided and loaded from a configuration file on the machine when it is turned on. The parameters are listed in Section 3.1.1.,G(StartUpMode -> X(defaultParamsLoaded)),G(StartUpMode -> F(defaultParamsLoaded)),False
ADARULE,24,Start-up Mode: A set of default values for all parameters shall be provided and loaded from a configuration file on the machine when it is turned on. The parameters are listed in Section 3.1.1.,G(StartUpMode -> X(defaultParamsLoaded)),G(StartUpMode -> F(defaultParamsLoaded)),False
ADARULE,24,Start-up Mode: A set of default values for all parameters shall be provided and loaded from a configuration file on the machine when it is turned on. The parameters are listed in Section 3.1.1.,G(StartUpMode -> X(defaultParamsLoaded)),G(StartUpMode -> F(defaultParamsLoaded)),False
ADARULE,24,Start-up Mode: A set of default values for all parameters shall be provided and loaded from a configuration file on the machine when it is turned on. The parameters are listed in Section 3.1.1.,G(StartUpMode -> X(defaultParamsLoaded)),G(StartUpMode -> F(defaultParamsLoaded)),False
ADARULE,24,Start-up Mode: A set of default values for all parameters shall be provided and loaded from a configuration file on the machine when it is turned on. The parameters are listed in Section 3.1.1.,G(StartUpMode -> X(defaultParamsLoaded)),G(StartUpMode -> F(defaultParamsLoaded)),False
ADARULE,24,Start-up Mode: A set of default values for all parameters shall be provided and loaded from a configuration file on the machine when it is turned on. The parameters are listed in Section 3.1.1.,G(StartUpMode -> X(defaultParamsLoaded)),G(StartUpMode -> F(defaultParamsLoaded)),False
ADARULE,24,Start-up Mode: A set of default values for all parameters shall be provided and loaded from a configuration file on the machine when it is turned on. The parameters are listed in Section 3.1.1.,G(StartUpMode -> X(defaultParamsLoaded)),G(StartUpMode -> F(defaultParamsLoaded)),False
ADARULE,24,Start-up Mode: A set of default values for all parameters shall be provided and loaded from a configuration file on the machine when it is turned on. The parameters are listed in Section 3.1.1.,G(StartUpMode -> X(defaultParamsLoaded)),G(StartUpMode -> F(defaultParamsLoaded)),False
ADARULE,24,Start-up Mode: A set of default values for all parameters shall be provided and loaded from a configuration file on the machine when it is turned on. The parameters are listed in Section 3.1.1.,G(StartUpMode -> X(defaultParamsLoaded)),G(StartUpMode -> F(defaultParamsLoaded)),False
ADARULE,24,Start-up Mode: A set of default values for all parameters shall be provided and loaded from a configuration file on the machine when it is turned on. The parameters are listed in Section 3.1.1.,G(StartUpMode -> X(defaultParamsLoaded)),G(StartUpMode -> F(defaultParamsLoaded)),False
ADARULE,26,"PSV Mode: At the end of an inspiration phase if no inspiration pause is required and the Recruitment Maneuver (RM) is set by the GUI, a Recruitment Maneuver shall start (see CONT.43).",!(inspiratoryPhaseEnd) U ((inspiratoryPhaseEnd) & G((PSVMode & RMButton) -> X(RM))),G((PSVMode & inspiratoryPhaseEnd & !inspirationPauseRequired & RM) -> F(RMStart)),False
ADARULE,26,"PSV Mode: At the end of an inspiration phase if no inspiration pause is required and the Recruitment Maneuver (RM) is set by the GUI, a Recruitment Maneuver shall start (see CONT.43).",!(inspiratoryPhaseEnd) U ((inspiratoryPhaseEnd) & G((PSVMode & RMButton) -> X(RM))),G((PSVMode & inspiratoryPhaseEnd & !RMButton & RM) -> F(RM)),False
ADARULE,26,"PSV Mode: At the end of an inspiration phase if no inspiration pause is required and the Recruitment Maneuver (RM) is set by the GUI, a Recruitment Maneuver shall start (see CONT.43).",!(inspiratoryPhaseEnd) U ((inspiratoryPhaseEnd) & G((PSVMode & RMButton) -> X(RM))),G((PSVMode & inspiratoryPhaseEnd & !inspirationPauseRequired & RM) -> F(RMStart)),False
ADARULE,26,"PSV Mode: At the end of an inspiration phase if no inspiration pause is required and the Recruitment Maneuver (RM) is set by the GUI, a Recruitment Maneuver shall start (see CONT.43).",!(inspiratoryPhaseEnd) U ((inspiratoryPhaseEnd) & G((PSVMode & RMButton) -> X(RM))),G((PSVMode & inspiratoryPhaseEnd & !inspirationPauseRequired & RM) -> F(RMStart)),False
ADARULE,26,"PSV Mode: At the end of an inspiration phase if no inspiration pause is required and the Recruitment Maneuver (RM) is set by the GUI, a Recruitment Maneuver shall start (see CONT.43).",!(inspiratoryPhaseEnd) U ((inspiratoryPhaseEnd) & G((PSVMode & RMButton) -> X(RM))),G((PSVMode & inspiratoryPhaseEnd & !inspirationPauseRequired & RM) -> F(RMStart)),False
ADARULE,26,"PSV Mode: At the end of an inspiration phase if no inspiration pause is required and the Recruitment Maneuver (RM) is set by the GUI, a Recruitment Maneuver shall start (see CONT.43).",!(inspiratoryPhaseEnd) U ((inspiratoryPhaseEnd) & G((PSVMode & RMButton) -> X(RM))),G((PSVMode & inspiratoryPhaseEnd & !inspirationPauseRequired & RM) -> F(RMStart)),False
ADARULE,26,"PSV Mode: At the end of an inspiration phase if no inspiration pause is required and the Recruitment Maneuver (RM) is set by the GUI, a Recruitment Maneuver shall start (see CONT.43).",!(inspiratoryPhaseEnd) U ((inspiratoryPhaseEnd) & G((PSVMode & RMButton) -> X(RM))),G((PSVMode & inspiratoryPhaseEnd & !RMButton & RM) -> F(RM)),False
ADARULE,26,"PSV Mode: At the end of an inspiration phase if no inspiration pause is required and the Recruitment Maneuver (RM) is set by the GUI, a Recruitment Maneuver shall start (see CONT.43).",!(inspiratoryPhaseEnd) U ((inspiratoryPhaseEnd) & G((PSVMode & RMButton) -> X(RM))),G((PSVMode & inspiratoryPhaseEnd & !inspirationPauseRequired & RM) -> F(RMStart)),False
ADARULE,26,"PSV Mode: At the end of an inspiration phase if no inspiration pause is required and the Recruitment Maneuver (RM) is set by the GUI, a Recruitment Maneuver shall start (see CONT.43).",!(inspiratoryPhaseEnd) U ((inspiratoryPhaseEnd) & G((PSVMode & RMButton) -> X(RM))),G((PSVMode & inspiratoryPhaseEnd & !inspirationPauseRequired & RM) -> F(RMStart)),False
ADARULE,26,"PSV Mode: At the end of an inspiration phase if no inspiration pause is required and the Recruitment Maneuver (RM) is set by the GUI, a Recruitment Maneuver shall start (see CONT.43).",!(inspiratoryPhaseEnd) U ((inspiratoryPhaseEnd) & G((PSVMode & RMButton) -> X(RM))),G((PSVMode & inspiratoryPhaseEnd & !inspirationPauseRequired & RM) -> F(RMStart)),False
ADARULE,26,"PSV Mode: At the end of an inspiration phase if no inspiration pause is required and the Recruitment Maneuver (RM) is set by the GUI, a Recruitment Maneuver shall start (see CONT.43).",!(inspiratoryPhaseEnd) U ((inspiratoryPhaseEnd) & G((PSVMode & RMButton) -> X(RM))),G((PSVMode & inspiratoryPhaseEnd & !inspirationPauseRequired & RM) -> F(RMStart)),False
ADARULE,26,"PSV Mode: At the end of an inspiration phase if no inspiration pause is required and the Recruitment Maneuver (RM) is set by the GUI, a Recruitment Maneuver shall start (see CONT.43).",!(inspiratoryPhaseEnd) U ((inspiratoryPhaseEnd) & G((PSVMode & RMButton) -> X(RM))),G((PSVMode & inspiratoryPhaseEnd & !RMButton & RM) -> F(RM)),False
ADARULE,26,"PSV Mode: At the end of an inspiration phase if no inspiration pause is required and the Recruitment Maneuver (RM) is set by the GUI, a Recruitment Maneuver shall start (see CONT.43).",!(inspiratoryPhaseEnd) U ((inspiratoryPhaseEnd) & G((PSVMode & RMButton) -> X(RM))),G((PSVMode & inspiratoryPhaseEnd & !inspirationPauseRequired & RM) -> F(RMStart)),False
ADARULE,26,"PSV Mode: At the end of an inspiration phase if no inspiration pause is required and the Recruitment Maneuver (RM) is set by the GUI, a Recruitment Maneuver shall start (see CONT.43).",!(inspiratoryPhaseEnd) U ((inspiratoryPhaseEnd) & G((PSVMode & RMButton) -> X(RM))),G((PSVMode & inspiratoryPhaseEnd & !inspirationPauseRequired & RM) -> F(RMStart)),False
ADARULE,26,"PSV Mode: At the end of an inspiration phase if no inspiration pause is required and the Recruitment Maneuver (RM) is set by the GUI, a Recruitment Maneuver shall start (see CONT.43).",!(inspiratoryPhaseEnd) U ((inspiratoryPhaseEnd) & G((PSVMode & RMButton) -> X(RM))),G((PSVMode & inspiratoryPhaseEnd & !inspirationPauseRequired & RM) -> F(RMStart)),False
ADARULE,26,"PSV Mode: At the end of an inspiration phase if no inspiration pause is required and the Recruitment Maneuver (RM) is set by the GUI, a Recruitment Maneuver shall start (see CONT.43).",!(inspiratoryPhaseEnd) U ((inspiratoryPhaseEnd) & G((PSVMode & RMButton) -> X(RM))),G((PSVMode & inspiratoryPhaseEnd & !inspirationPauseRequired & RM) -> F(RMStart)),False
ADARULE,26,"PSV Mode: At the end of an inspiration phase if no inspiration pause is required and the Recruitment Maneuver (RM) is set by the GUI, a Recruitment Maneuver shall start (see CONT.43).",!(inspiratoryPhaseEnd) U ((inspiratoryPhaseEnd) & G((PSVMode & RMButton) -> X(RM))),G((PSVMode & inspiratoryPhaseEnd & !RMButton & RM) -> F(RM)),False
ADARULE,26,"PSV Mode: At the end of an inspiration phase if no inspiration pause is required and the Recruitment Maneuver (RM) is set by the GUI, a Recruitment Maneuver shall start (see CONT.43).",!(inspiratoryPhaseEnd) U ((inspiratoryPhaseEnd) & G((PSVMode & RMButton) -> X(RM))),G((PSVMode & inspiratoryPhaseEnd & !inspirationPauseRequired & RM) -> F(RMStart)),False
ADARULE,26,"PSV Mode: At the end of an inspiration phase if no inspiration pause is required and the Recruitment Maneuver (RM) is set by the GUI, a Recruitment Maneuver shall start (see CONT.43).",!(inspiratoryPhaseEnd) U ((inspiratoryPhaseEnd) & G((PSVMode & RMButton) -> X(RM))),G((PSVMode & inspiratoryPhaseEnd & !inspirationPauseRequired & RM) -> F(RMStart)),False
ADARULE,26,"PSV Mode: At the end of an inspiration phase if no inspiration pause is required and the Recruitment Maneuver (RM) is set by the GUI, a Recruitment Maneuver shall start (see CONT.43).",!(inspiratoryPhaseEnd) U ((inspiratoryPhaseEnd) & G((PSVMode & RMButton) -> X(RM))),G((PSVMode & inspiratoryPhaseEnd & !inspirationPauseRequired & RM) -> F(RMStart)),False
ADARULE,26,"PSV Mode: At the end of an inspiration phase if no inspiration pause is required and the Recruitment Maneuver (RM) is set by the GUI, a Recruitment Maneuver shall start (see CONT.43).",!(inspiratoryPhaseEnd) U ((inspiratoryPhaseEnd) & G((PSVMode & RMButton) -> X(RM))),G((PSVMode & inspiratoryPhaseEnd & !inspirationPauseRequired & RM) -> F(RMStart)),False
ADARULE,26,"PSV Mode: At the end of an inspiration phase if no inspiration pause is required and the Recruitment Maneuver (RM) is set by the GUI, a Recruitment Maneuver shall start (see CONT.43).",!(inspiratoryPhaseEnd) U ((inspiratoryPhaseEnd) & G((PSVMode & RMButton) -> X(RM))),G((PSVMode & inspiratoryPhaseEnd & !inspirationPauseRequired & RM) -> F(RMStart)),False
ADARULE,26,"PSV Mode: At the end of an inspiration phase if no inspiration pause is required and the Recruitment Maneuver (RM) is set by the GUI, a Recruitment Maneuver shall start (see CONT.43).",!(inspiratoryPhaseEnd) U ((inspiratoryPhaseEnd) & G((PSVMode & RMButton) -> X(RM))),G((PSVMode & inspiratoryPhaseEnd & !inspirationPauseRequired & RM) -> F(RMStart)),False
ADARULE,26,"PSV Mode: At the end of an inspiration phase if no inspiration pause is required and the Recruitment Maneuver (RM) is set by the GUI, a Recruitment Maneuver shall start (see CONT.43).",!(inspiratoryPhaseEnd) U ((inspiratoryPhaseEnd) & G((PSVMode & RMButton) -> X(RM))),G((PSVMode & inspiratoryPhaseEnd & !inspirationPauseRequired & RM) -> F(RMStart)),False
ADARULE,26,"PSV Mode: At the end of an inspiration phase if no inspiration pause is required and the Recruitment Maneuver (RM) is set by the GUI, a Recruitment Maneuver shall start (see CONT.43).",!(inspiratoryPhaseEnd) U ((inspiratoryPhaseEnd) & G((PSVMode & RMButton) -> X(RM))),G((PSVMode & inspiratoryPhaseEnd & !inspirationPauseRequired & RM) -> F(RMStart)),False
ADARULE,26,"PSV Mode: At the end of an inspiration phase if no inspiration pause is required and the Recruitment Maneuver (RM) is set by the GUI, a Recruitment Maneuver shall start (see CONT.43).",!(inspiratoryPhaseEnd) U ((inspiratoryPhaseEnd) & G((PSVMode & RMButton) -> X(RM))),G((PSVMode & inspiratoryPhaseEnd & !inspirationPauseRequired & RM) -> F(RMStart)),False
ADARULE,26,"PSV Mode: At the end of an inspiration phase if no inspiration pause is required and the Recruitment Maneuver (RM) is set by the GUI, a Recruitment Maneuver shall start (see CONT.43).",!(inspiratoryPhaseEnd) U ((inspiratoryPhaseEnd) & G((PSVMode & RMButton) -> X(RM))),G((PSVMode & inspiratoryPhaseEnd & !inspirationPauseRequired & RM) -> F(RMStart)),False
ADARULE,26,"PSV Mode: At the end of an inspiration phase if no inspiration pause is required and the Recruitment Maneuver (RM) is set by the GUI, a Recruitment Maneuver shall start (see CONT.43).",!(inspiratoryPhaseEnd) U ((inspiratoryPhaseEnd) & G((PSVMode & RMButton) -> X(RM))),G((PSVMode & inspiratoryPhaseEnd & !inspirationPauseRequired & RM) -> F(RMStart)),False
ADARULE,26,"PSV Mode: At the end of an inspiration phase if no inspiration pause is required and the Recruitment Maneuver (RM) is set by the GUI, a Recruitment Maneuver shall start (see CONT.43).",!(inspiratoryPhaseEnd) U ((inspiratoryPhaseEnd) & G((PSVMode & RMButton) -> X(RM))),G((PSVMode & inspiratoryPhaseEnd & !inspirationPauseRequired & RM) -> F(RMStart)),False
ADARULE,26,"PSV Mode: At the end of an inspiration phase if no inspiration pause is required and the Recruitment Maneuver (RM) is set by the GUI, a Recruitment Maneuver shall start (see CONT.43).",!(inspiratoryPhaseEnd) U ((inspiratoryPhaseEnd) & G((PSVMode & RMButton) -> X(RM))),G((PSVMode & inspiratoryPhaseEnd & !inspirationPauseRequired & RM) -> F(RMStart)),False
ADARULE,26,"PSV Mode: At the end of an inspiration phase if no inspiration pause is required and the Recruitment Maneuver (RM) is set by the GUI, a Recruitment Maneuver shall start (see CONT.43).",!(inspiratoryPhaseEnd) U ((inspiratoryPhaseEnd) & G((PSVMode & RMButton) -> X(RM))),G((PSVMode & inspiratoryPhaseEnd & !inspirationPauseRequired & RM) -> F(RMStart)),False
ADARULE,26,"PSV Mode: At the end of an inspiration phase if no inspiration pause is required and the Recruitment Maneuver (RM) is set by the GUI, a Recruitment Maneuver shall start (see CONT.43).",!(inspiratoryPhaseEnd) U ((inspiratoryPhaseEnd) & G((PSVMode & RMButton) -> X(RM))),G((PSVMode & inspiratoryPhaseEnd & !inspirationPauseRequired & RM) -> F(RMStart)),False
ADARULE,26,"PSV Mode: At the end of an inspiration phase if no inspiration pause is required and the Recruitment Maneuver (RM) is set by the GUI, a Recruitment Maneuver shall start (see CONT.43).",!(inspiratoryPhaseEnd) U ((inspiratoryPhaseEnd) & G((PSVMode & RMButton) -> X(RM))),G((PSVMode & inspiratoryPhaseEnd & !RMButton & RM) -> F(RM)),False
ADARULE,26,"PSV Mode: At the end of an inspiration phase if no inspiration pause is required and the Recruitment Maneuver (RM) is set by the GUI, a Recruitment Maneuver shall start (see CONT.43).",!(inspiratoryPhaseEnd) U ((inspiratoryPhaseEnd) & G((PSVMode & RMButton) -> X(RM))),G((PSVMode & inspiratoryPhaseEnd & !inspirationPauseRequired & RM) -> F(RMStart)),False
ADARULE,26,"PSV Mode: At the end of an inspiration phase if no inspiration pause is required and the Recruitment Maneuver (RM) is set by the GUI, a Recruitment Maneuver shall start (see CONT.43).",!(inspiratoryPhaseEnd) U ((inspiratoryPhaseEnd) & G((PSVMode & RMButton) -> X(RM))),G((PSVMode & inspiratoryPhaseEnd & !inspirationPauseRequired & RM) -> F(RMStart)),False
ADARULE,26,"PSV Mode: At the end of an inspiration phase if no inspiration pause is required and the Recruitment Maneuver (RM) is set by the GUI, a Recruitment Maneuver shall start (see CONT.43).",!(inspiratoryPhaseEnd) U ((inspiratoryPhaseEnd) & G((PSVMode & RMButton) -> X(RM))),G((PSVMode & inspiratoryPhaseEnd & !inspirationPauseRequired & RM) -> F(RMStart)),False
ADARULE,26,"PSV Mode: At the end of an inspiration phase if no inspiration pause is required and the Recruitment Maneuver (RM) is set by the GUI, a Recruitment Maneuver shall start (see CONT.43).",!(inspiratoryPhaseEnd) U ((inspiratoryPhaseEnd) & G((PSVMode & RMButton) -> X(RM))),G((PSVMode & inspiratoryPhaseEnd & !RMButton & RM) -> F(RM)),False
ADARULE,26,"PSV Mode: At the end of an inspiration phase if no inspiration pause is required and the Recruitment Maneuver (RM) is set by the GUI, a Recruitment Maneuver shall start (see CONT.43).",!(inspiratoryPhaseEnd) U ((inspiratoryPhaseEnd) & G((PSVMode & RMButton) -> X(RM))),G((PSVMode & inspiratoryPhaseEnd & !inspirationPauseRequired & RM) -> F(RMStart)),False
ADARULE,26,"PSV Mode: At the end of an inspiration phase if no inspiration pause is required and the Recruitment Maneuver (RM) is set by the GUI, a Recruitment Maneuver shall start (see CONT.43).",!(inspiratoryPhaseEnd) U ((inspiratoryPhaseEnd) & G((PSVMode & RMButton) -> X(RM))),G((PSVMode & inspiratoryPhaseEnd & !inspirationPauseRequired & RM) -> F(RMStart)),False
ADARULE,26,"PSV Mode: At the end of an inspiration phase if no inspiration pause is required and the Recruitment Maneuver (RM) is set by the GUI, a Recruitment Maneuver shall start (see CONT.43).",!(inspiratoryPhaseEnd) U ((inspiratoryPhaseEnd) & G((PSVMode & RMButton) -> X(RM))),G((PSVMode & inspiratoryPhaseEnd & !inspirationPauseRequired & RM) -> F(RMStart)),False
ADARULE,26,"PSV Mode: At the end of an inspiration phase if no inspiration pause is required and the Recruitment Maneuver (RM) is set by the GUI, a Recruitment Maneuver shall start (see CONT.43).",!(inspiratoryPhaseEnd) U ((inspiratoryPhaseEnd) & G((PSVMode & RMButton) -> X(RM))),G((PSVMode & inspiratoryPhaseEnd & !RMButton & RM) -> F(RM)),False
ADARULE,26,"PSV Mode: At the end of an inspiration phase if no inspiration pause is required and the Recruitment Maneuver (RM) is set by the GUI, a Recruitment Maneuver shall start (see CONT.43).",!(inspiratoryPhaseEnd) U ((inspiratoryPhaseEnd) & G((PSVMode & RMButton) -> X(RM))),G((PSVMode & inspiratoryPhaseEnd & !inspirationPauseRequired & RM) -> F(RMStart)),False
ADARULE,26,"PSV Mode: At the end of an inspiration phase if no inspiration pause is required and the Recruitment Maneuver (RM) is set by the GUI, a Recruitment Maneuver shall start (see CONT.43).",!(inspiratoryPhaseEnd) U ((inspiratoryPhaseEnd) & G((PSVMode & RMButton) -> X(RM))),G((PSVMode & inspiratoryPhaseEnd & !inspirationPauseRequired & RM) -> F(RMStart)),False
ADARULE,26,"PSV Mode: At the end of an inspiration phase if no inspiration pause is required and the Recruitment Maneuver (RM) is set by the GUI, a Recruitment Maneuver shall start (see CONT.43).",!(inspiratoryPhaseEnd) U ((inspiratoryPhaseEnd) & G((PSVMode & RMButton) -> X(RM))),G((PSVMode & inspiratoryPhaseEnd & !inspirationPauseRequired & RM) -> F(RMStart)),False
ADARULE,26,"PSV Mode: At the end of an inspiration phase if no inspiration pause is required and the Recruitment Maneuver (RM) is set by the GUI, a Recruitment Maneuver shall start (see CONT.43).",!(inspiratoryPhaseEnd) U ((inspiratoryPhaseEnd) & G((PSVMode & RMButton) -> X(RM))),G((PSVMode & inspiratoryPhaseEnd & !RMButton & RM) -> F(RM)),False
ADARULE,26,"PSV Mode: At the end of an inspiration phase if no inspiration pause is required and the Recruitment Maneuver (RM) is set by the GUI, a Recruitment Maneuver shall start (see CONT.43).",!(inspiratoryPhaseEnd) U ((inspiratoryPhaseEnd) & G((PSVMode & RMButton) -> X(RM))),G((PSVMode & inspiratoryPhaseEnd & !inspirationPauseRequired & RM) -> F(RMStart)),False
ADARULE,26,"PSV Mode: At the end of an inspiration phase if no inspiration pause is required and the Recruitment Maneuver (RM) is set by the GUI, a Recruitment Maneuver shall start (see CONT.43).",!(inspiratoryPhaseEnd) U ((inspiratoryPhaseEnd) & G((PSVMode & RMButton) -> X(RM))),G((PSVMode & inspiratoryPhaseEnd & !RMButton & RM) -> F(RM)),False
ADARULE,26,"PSV Mode: At the end of an inspiration phase if no inspiration pause is required and the Recruitment Maneuver (RM) is set by the GUI, a Recruitment Maneuver shall start (see CONT.43).",!(inspiratoryPhaseEnd) U ((inspiratoryPhaseEnd) & G((PSVMode & RMButton) -> X(RM))),G((PSVMode & inspiratoryPhaseEnd & !RMButton & RM) -> F(RM)),False
ADARULE,26,"PSV Mode: At the end of an inspiration phase if no inspiration pause is required and the Recruitment Maneuver (RM) is set by the GUI, a Recruitment Maneuver shall start (see CONT.43).",!(inspiratoryPhaseEnd) U ((inspiratoryPhaseEnd) & G((PSVMode & RMButton) -> X(RM))),G((PSVMode & inspiratoryPhaseEnd & !inspirationPauseRequired & RM) -> F(RMStart)),False
ADARULE,26,"PSV Mode: At the end of an inspiration phase if no inspiration pause is required and the Recruitment Maneuver (RM) is set by the GUI, a Recruitment Maneuver shall start (see CONT.43).",!(inspiratoryPhaseEnd) U ((inspiratoryPhaseEnd) & G((PSVMode & RMButton) -> X(RM))),G((PSVMode & inspiratoryPhaseEnd & !inspirationPauseRequired & RM) -> F(RMStart)),False
ADARULE,26,"PSV Mode: At the end of an inspiration phase if no inspiration pause is required and the Recruitment Maneuver (RM) is set by the GUI, a Recruitment Maneuver shall start (see CONT.43).",!(inspiratoryPhaseEnd) U ((inspiratoryPhaseEnd) & G((PSVMode & RMButton) -> X(RM))),G((PSVMode & inspiratoryPhaseEnd & !RMButton & RM) -> F(RM)),False
ADARULE,26,"PSV Mode: At the end of an inspiration phase if no inspiration pause is required and the Recruitment Maneuver (RM) is set by the GUI, a Recruitment Maneuver shall start (see CONT.43).",!(inspiratoryPhaseEnd) U ((inspiratoryPhaseEnd) & G((PSVMode & RMButton) -> X(RM))),G((PSVMode & inspiratoryPhaseEnd & !inspirationPauseRequired & RM) -> F(RMStart)),False
ADARULE,26,"PSV Mode: At the end of an inspiration phase if no inspiration pause is required and the Recruitment Maneuver (RM) is set by the GUI, a Recruitment Maneuver shall start (see CONT.43).",!(inspiratoryPhaseEnd) U ((inspiratoryPhaseEnd) & G((PSVMode & RMButton) -> X(RM))),G((PSVMode & inspiratoryPhaseEnd & !inspirationPauseRequired & RM) -> F(RMStart)),False
ADARULE,26,"PSV Mode: At the end of an inspiration phase if no inspiration pause is required and the Recruitment Maneuver (RM) is set by the GUI, a Recruitment Maneuver shall start (see CONT.43).",!(inspiratoryPhaseEnd) U ((inspiratoryPhaseEnd) & G((PSVMode & RMButton) -> X(RM))),G((PSVMode & inspiratoryPhaseEnd & !inspirationPauseRequired & RM) -> F(RMStart)),False
ADARULE,26,"PSV Mode: At the end of an inspiration phase if no inspiration pause is required and the Recruitment Maneuver (RM) is set by the GUI, a Recruitment Maneuver shall start (see CONT.43).",!(inspiratoryPhaseEnd) U ((inspiratoryPhaseEnd) & G((PSVMode & RMButton) -> X(RM))),G((PSVMode & inspiratoryPhaseEnd & !inspirationPauseRequired & RM) -> F(RMStart)),False
ADARULE,26,"PSV Mode: At the end of an inspiration phase if no inspiration pause is required and the Recruitment Maneuver (RM) is set by the GUI, a Recruitment Maneuver shall start (see CONT.43).",!(inspiratoryPhaseEnd) U ((inspiratoryPhaseEnd) & G((PSVMode & RMButton) -> X(RM))),G((PSVMode & inspiratoryPhaseEnd & !inspirationPauseRequired & RM) -> F(RMStart)),False
ADARULE,26,"PSV Mode: At the end of an inspiration phase if no inspiration pause is required and the Recruitment Maneuver (RM) is set by the GUI, a Recruitment Maneuver shall start (see CONT.43).",!(inspiratoryPhaseEnd) U ((inspiratoryPhaseEnd) & G((PSVMode & RMButton) -> X(RM))),G((PSVMode & inspiratoryPhaseEnd & !inspirationPauseRequired & RM) -> F(RMStart)),False
ADARULE,26,"PSV Mode: At the end of an inspiration phase if no inspiration pause is required and the Recruitment Maneuver (RM) is set by the GUI, a Recruitment Maneuver shall start (see CONT.43).",!(inspiratoryPhaseEnd) U ((inspiratoryPhaseEnd) & G((PSVMode & RMButton) -> X(RM))),G((PSVMode & inspiratoryPhaseEnd & !inspirationPauseRequired & RM) -> F(RMStart)),False
ADARULE,26,"PSV Mode: At the end of an inspiration phase if no inspiration pause is required and the Recruitment Maneuver (RM) is set by the GUI, a Recruitment Maneuver shall start (see CONT.43).",!(inspiratoryPhaseEnd) U ((inspiratoryPhaseEnd) & G((PSVMode & RMButton) -> X(RM))),G((PSVMode & inspiratoryPhaseEnd & !RMButton & RM) -> F(RM)),False
ADARULE,26,"PSV Mode: At the end of an inspiration phase if no inspiration pause is required and the Recruitment Maneuver (RM) is set by the GUI, a Recruitment Maneuver shall start (see CONT.43).",!(inspiratoryPhaseEnd) U ((inspiratoryPhaseEnd) & G((PSVMode & RMButton) -> X(RM))),G((PSVMode & inspiratoryPhaseEnd & !inspirationPauseRequired & RM) -> F(RMStart)),False
ADARULE,26,"PSV Mode: At the end of an inspiration phase if no inspiration pause is required and the Recruitment Maneuver (RM) is set by the GUI, a Recruitment Maneuver shall start (see CONT.43).",!(inspiratoryPhaseEnd) U ((inspiratoryPhaseEnd) & G((PSVMode & RMButton) -> X(RM))),G((PSVMode & inspiratoryPhaseEnd & !RMButton & RM) -> F(RM)),False
ADARULE,26,"PSV Mode: At the end of an inspiration phase if no inspiration pause is required and the Recruitment Maneuver (RM) is set by the GUI, a Recruitment Maneuver shall start (see CONT.43).",!(inspiratoryPhaseEnd) U ((inspiratoryPhaseEnd) & G((PSVMode & RMButton) -> X(RM))),G((PSVMode & inspiratoryPhaseEnd & !inspirationPauseRequired & RM) -> F(RMStart)),False
ADARULE,26,"PSV Mode: At the end of an inspiration phase if no inspiration pause is required and the Recruitment Maneuver (RM) is set by the GUI, a Recruitment Maneuver shall start (see CONT.43).",!(inspiratoryPhaseEnd) U ((inspiratoryPhaseEnd) & G((PSVMode & RMButton) -> X(RM))),G((PSVMode & inspiratoryPhaseEnd & !RMButton & RM) -> F(RM)),False
ADARULE,26,"PSV Mode: At the end of an inspiration phase if no inspiration pause is required and the Recruitment Maneuver (RM) is set by the GUI, a Recruitment Maneuver shall start (see CONT.43).",!(inspiratoryPhaseEnd) U ((inspiratoryPhaseEnd) & G((PSVMode & RMButton) -> X(RM))),G((PSVMode & inspiratoryPhaseEnd & !inspirationPauseRequired & RM) -> F(RMStart)),False
ADARULE,26,"PSV Mode: At the end of an inspiration phase if no inspiration pause is required and the Recruitment Maneuver (RM) is set by the GUI, a Recruitment Maneuver shall start (see CONT.43).",!(inspiratoryPhaseEnd) U ((inspiratoryPhaseEnd) & G((PSVMode & RMButton) -> X(RM))),G((PSVMode & inspiratoryPhaseEnd & !inspirationPauseRequired & RM) -> F(RMStart)),False
ADARULE,26,"PSV Mode: At the end of an inspiration phase if no inspiration pause is required and the Recruitment Maneuver (RM) is set by the GUI, a Recruitment Maneuver shall start (see CONT.43).",!(inspiratoryPhaseEnd) U ((inspiratoryPhaseEnd) & G((PSVMode & RMButton) -> X(RM))),G((PSVMode & inspiratoryPhaseEnd & !inspirationPauseRequired & RM) -> F(RMStart)),False
ADARULE,26,"PSV Mode: At the end of an inspiration phase if no inspiration pause is required and the Recruitment Maneuver (RM) is set by the GUI, a Recruitment Maneuver shall start (see CONT.43).",!(inspiratoryPhaseEnd) U ((inspiratoryPhaseEnd) & G((PSVMode & RMButton) -> X(RM))),G((PSVMode & inspiratoryPhaseEnd & !RMButton & RM) -> F(RM)),False
ADARULE,26,"PSV Mode: At the end of an inspiration phase if no inspiration pause is required and the Recruitment Maneuver (RM) is set by the GUI, a Recruitment Maneuver shall start (see CONT.43).",!(inspiratoryPhaseEnd) U ((inspiratoryPhaseEnd) & G((PSVMode & RMButton) -> X(RM))),G((PSVMode & inspiratoryPhaseEnd & !inspirationPauseRequired & RM) -> F(RMStart)),False
ADARULE,26,"PSV Mode: At the end of an inspiration phase if no inspiration pause is required and the Recruitment Maneuver (RM) is set by the GUI, a Recruitment Maneuver shall start (see CONT.43).",!(inspiratoryPhaseEnd) U ((inspiratoryPhaseEnd) & G((PSVMode & RMButton) -> X(RM))),G((PSVMode & inspiratoryPhaseEnd & !inspirationPauseRequired & RM) -> F(RMStart)),False
ADARULE,26,"PSV Mode: At the end of an inspiration phase if no inspiration pause is required and the Recruitment Maneuver (RM) is set by the GUI, a Recruitment Maneuver shall start (see CONT.43).",!(inspiratoryPhaseEnd) U ((inspiratoryPhaseEnd) & G((PSVMode & RMButton) -> X(RM))),G((PSVMode & inspiratoryPhaseEnd & !inspirationPauseRequired & RM) -> F(RMStart)),False
ADARULE,26,"PSV Mode: At the end of an inspiration phase if no inspiration pause is required and the Recruitment Maneuver (RM) is set by the GUI, a Recruitment Maneuver shall start (see CONT.43).",!(inspiratoryPhaseEnd) U ((inspiratoryPhaseEnd) & G((PSVMode & RMButton) -> X(RM))),G((PSVMode & inspiratoryPhaseEnd & !inspirationPauseRequired & RM) -> F(RMStart)),False
ADARULE,26,"PSV Mode: At the end of an inspiration phase if no inspiration pause is required and the Recruitment Maneuver (RM) is set by the GUI, a Recruitment Maneuver shall start (see CONT.43).",!(inspiratoryPhaseEnd) U ((inspiratoryPhaseEnd) & G((PSVMode & RMButton) -> X(RM))),G((PSVMode & inspiratoryPhaseEnd & !inspirationPauseRequired & RM) -> F(RMStart)),False
ADARULE,26,"PSV Mode: At the end of an inspiration phase if no inspiration pause is required and the Recruitment Maneuver (RM) is set by the GUI, a Recruitment Maneuver shall start (see CONT.43).",!(inspiratoryPhaseEnd) U ((inspiratoryPhaseEnd) & G((PSVMode & RMButton) -> X(RM))),G((PSVMode & inspiratoryPhaseEnd & !inspirationPauseRequired & RM) -> F(RMStart)),False
ADARULE,26,"PSV Mode: At the end of an inspiration phase if no inspiration pause is required and the Recruitment Maneuver (RM) is set by the GUI, a Recruitment Maneuver shall start (see CONT.43).",!(inspiratoryPhaseEnd) U ((inspiratoryPhaseEnd) & G((PSVMode & RMButton) -> X(RM))),G((PSVMode & inspiratoryPhaseEnd & !inspirationPauseRequired & RM) -> F(RMStart)),False
ADARULE,26,"PSV Mode: At the end of an inspiration phase if no inspiration pause is required and the Recruitment Maneuver (RM) is set by the GUI, a Recruitment Maneuver shall start (see CONT.43).",!(inspiratoryPhaseEnd) U ((inspiratoryPhaseEnd) & G((PSVMode & RMButton) -> X(RM))),G((PSVMode & inspiratoryPhaseEnd & !RMButton & RM) -> F(RM)),False
ADARULE,26,"PSV Mode: At the end of an inspiration phase if no inspiration pause is required and the Recruitment Maneuver (RM) is set by the GUI, a Recruitment Maneuver shall start (see CONT.43).",!(inspiratoryPhaseEnd) U ((inspiratoryPhaseEnd) & G((PSVMode & RMButton) -> X(RM))),G((PSVMode & inspiratoryPhaseEnd & !inspirationPauseRequired & RM) -> F(RMStart)),False
ADARULE,26,"PSV Mode: At the end of an inspiration phase if no inspiration pause is required and the Recruitment Maneuver (RM) is set by the GUI, a Recruitment Maneuver shall start (see CONT.43).",!(inspiratoryPhaseEnd) U ((inspiratoryPhaseEnd) & G((PSVMode & RMButton) -> X(RM))),G((PSVMode & inspiratoryPhaseEnd & !RMButton & RM) -> F(RM)),False
ADARULE,26,"PSV Mode: At the end of an inspiration phase if no inspiration pause is required and the Recruitment Maneuver (RM) is set by the GUI, a Recruitment Maneuver shall start (see CONT.43).",!(inspiratoryPhaseEnd) U ((inspiratoryPhaseEnd) & G((PSVMode & RMButton) -> X(RM))),G((PSVMode & inspiratoryPhaseEnd & !RMButton & RM) -> F(RM)),False
ADARULE,26,"PSV Mode: At the end of an inspiration phase if no inspiration pause is required and the Recruitment Maneuver (RM) is set by the GUI, a Recruitment Maneuver shall start (see CONT.43).",!(inspiratoryPhaseEnd) U ((inspiratoryPhaseEnd) & G((PSVMode & RMButton) -> X(RM))),G((PSVMode & inspiratoryPhaseEnd & !inspirationPauseRequired & RM) -> F(RMStart)),False
ADARULE,26,"PSV Mode: At the end of an inspiration phase if no inspiration pause is required and the Recruitment Maneuver (RM) is set by the GUI, a Recruitment Maneuver shall start (see CONT.43).",!(inspiratoryPhaseEnd) U ((inspiratoryPhaseEnd) & G((PSVMode & RMButton) -> X(RM))),G((PSVMode & inspiratoryPhaseEnd & !RMButton & RM) -> F(RM)),False
ADARULE,26,"PSV Mode: At the end of an inspiration phase if no inspiration pause is required and the Recruitment Maneuver (RM) is set by the GUI, a Recruitment Maneuver shall start (see CONT.43).",!(inspiratoryPhaseEnd) U ((inspiratoryPhaseEnd) & G((PSVMode & RMButton) -> X(RM))),G((PSVMode & inspiratoryPhaseEnd & !inspirationPauseRequired & RM) -> F(RMStart)),False
ADARULE,26,"PSV Mode: At the end of an inspiration phase if no inspiration pause is required and the Recruitment Maneuver (RM) is set by the GUI, a Recruitment Maneuver shall start (see CONT.43).",!(inspiratoryPhaseEnd) U ((inspiratoryPhaseEnd) & G((PSVMode & RMButton) -> X(RM))),G((PSVMode & inspiratoryPhaseEnd & !inspirationPauseRequired & RM) -> F(RMStart)),False
ADARULE,26,"PSV Mode: At the end of an inspiration phase if no inspiration pause is required and the Recruitment Maneuver (RM) is set by the GUI, a Recruitment Maneuver shall start (see CONT.43).",!(inspiratoryPhaseEnd) U ((inspiratoryPhaseEnd) & G((PSVMode & RMButton) -> X(RM))),G((PSVMode & inspiratoryPhaseEnd & !inspirationPauseRequired & RM) -> F(RMStart)),False
ADARULE,26,"PSV Mode: At the end of an inspiration phase if no inspiration pause is required and the Recruitment Maneuver (RM) is set by the GUI, a Recruitment Maneuver shall start (see CONT.43).",!(inspiratoryPhaseEnd) U ((inspiratoryPhaseEnd) & G((PSVMode & RMButton) -> X(RM))),G((PSVMode & inspiratoryPhaseEnd & !inspirationPauseRequired & RM) -> F(RMStart)),False
ADARULE,26,"PSV Mode: At the end of an inspiration phase if no inspiration pause is required and the Recruitment Maneuver (RM) is set by the GUI, a Recruitment Maneuver shall start (see CONT.43).",!(inspiratoryPhaseEnd) U ((inspiratoryPhaseEnd) & G((PSVMode & RMButton) -> X(RM))),G((PSVMode & inspiratoryPhaseEnd & !inspirationPauseRequired & RM) -> F(RMStart)),False
ADARULE,26,"PSV Mode: At the end of an inspiration phase if no inspiration pause is required and the Recruitment Maneuver (RM) is set by the GUI, a Recruitment Maneuver shall start (see CONT.43).",!(inspiratoryPhaseEnd) U ((inspiratoryPhaseEnd) & G((PSVMode & RMButton) -> X(RM))),G((PSVMode & inspiratoryPhaseEnd & !inspirationPauseRequired & RM) -> F(RMStart)),False
ADARULE,26,"PSV Mode: At the end of an inspiration phase if no inspiration pause is required and the Recruitment Maneuver (RM) is set by the GUI, a Recruitment Maneuver shall start (see CONT.43).",!(inspiratoryPhaseEnd) U ((inspiratoryPhaseEnd) & G((PSVMode & RMButton) -> X(RM))),G((PSVMode & inspiratoryPhaseEnd & !inspirationPauseRequired & RM) -> F(RMStart)),False
ADARULE,26,"PSV Mode: At the end of an inspiration phase if no inspiration pause is required and the Recruitment Maneuver (RM) is set by the GUI, a Recruitment Maneuver shall start (see CONT.43).",!(inspiratoryPhaseEnd) U ((inspiratoryPhaseEnd) & G((PSVMode & RMButton) -> X(RM))),G((PSVMode & inspiratoryPhaseEnd & !inspirationPauseRequired & RM) -> F(RMStart)),False
ADARULE,26,"PSV Mode: At the end of an inspiration phase if no inspiration pause is required and the Recruitment Maneuver (RM) is set by the GUI, a Recruitment Maneuver shall start (see CONT.43).",!(inspiratoryPhaseEnd) U ((inspiratoryPhaseEnd) & G((PSVMode & RMButton) -> X(RM))),G((PSVMode & inspiratoryPhaseEnd & !RMButton & RM) -> F(RM)),False
ADARULE,26,"PSV Mode: At the end of an inspiration phase if no inspiration pause is required and the Recruitment Maneuver (RM) is set by the GUI, a Recruitment Maneuver shall start (see CONT.43).",!(inspiratoryPhaseEnd) U ((inspiratoryPhaseEnd) & G((PSVMode & RMButton) -> X(RM))),G((PSVMode & inspiratoryPhaseEnd & !inspirationPauseRequired & RM) -> F(RMStart)),False
ADARULE,26,"PSV Mode: At the end of an inspiration phase if no inspiration pause is required and the Recruitment Maneuver (RM) is set by the GUI, a Recruitment Maneuver shall start (see CONT.43).",!(inspiratoryPhaseEnd) U ((inspiratoryPhaseEnd) & G((PSVMode & RMButton) -> X(RM))),G((PSVMode & inspiratoryPhaseEnd & !inspirationPauseRequired & RM) -> F(RMStart)),False
ADARULE,26,"PSV Mode: At the end of an inspiration phase if no inspiration pause is required and the Recruitment Maneuver (RM) is set by the GUI, a Recruitment Maneuver shall start (see CONT.43).",!(inspiratoryPhaseEnd) U ((inspiratoryPhaseEnd) & G((PSVMode & RMButton) -> X(RM))),G((PSVMode & inspiratoryPhaseEnd & !inspirationPauseRequired & RM) -> F(RMStart)),False
ADARULE,26,"PSV Mode: At the end of an inspiration phase if no inspiration pause is required and the Recruitment Maneuver (RM) is set by the GUI, a Recruitment Maneuver shall start (see CONT.43).",!(inspiratoryPhaseEnd) U ((inspiratoryPhaseEnd) & G((PSVMode & RMButton) -> X(RM))),G((PSVMode & inspiratoryPhaseEnd & !inspirationPauseRequired & RM) -> F(RMStart)),False
ADARULE,26,"PSV Mode: At the end of an inspiration phase if no inspiration pause is required and the Recruitment Maneuver (RM) is set by the GUI, a Recruitment Maneuver shall start (see CONT.43).",!(inspiratoryPhaseEnd) U ((inspiratoryPhaseEnd) & G((PSVMode & RMButton) -> X(RM))),G((PSVMode & inspiratoryPhaseEnd & !RMButton & RM) -> F(RM)),False
ADARULE,26,"PSV Mode: At the end of an inspiration phase if no inspiration pause is required and the Recruitment Maneuver (RM) is set by the GUI, a Recruitment Maneuver shall start (see CONT.43).",!(inspiratoryPhaseEnd) U ((inspiratoryPhaseEnd) & G((PSVMode & RMButton) -> X(RM))),G((PSVMode & inspiratoryPhaseEnd & !inspirationPauseRequired & RM) -> F(RMStart)),False
ADARULE,26,"PSV Mode: At the end of an inspiration phase if no inspiration pause is required and the Recruitment Maneuver (RM) is set by the GUI, a Recruitment Maneuver shall start (see CONT.43).",!(inspiratoryPhaseEnd) U ((inspiratoryPhaseEnd) & G((PSVMode & RMButton) -> X(RM))),G((PSVMode & inspiratoryPhaseEnd & !inspirationPauseRequired & RM) -> F(RMStart)),False
ADARULE,26,"PSV Mode: At the end of an inspiration phase if no inspiration pause is required and the Recruitment Maneuver (RM) is set by the GUI, a Recruitment Maneuver shall start (see CONT.43).",!(inspiratoryPhaseEnd) U ((inspiratoryPhaseEnd) & G((PSVMode & RMButton) -> X(RM))),G((PSVMode & inspiratoryPhaseEnd & !inspirationPauseRequired & RM) -> F(RMStart)),False
ADARULE,26,"PSV Mode: At the end of an inspiration phase if no inspiration pause is required and the Recruitment Maneuver (RM) is set by the GUI, a Recruitment Maneuver shall start (see CONT.43).",!(inspiratoryPhaseEnd) U ((inspiratoryPhaseEnd) & G((PSVMode & RMButton) -> X(RM))),G((PSVMode & inspiratoryPhaseEnd & !RMButton & RM) -> F(RM)),False
ADARULE,26,"PSV Mode: At the end of an inspiration phase if no inspiration pause is required and the Recruitment Maneuver (RM) is set by the GUI, a Recruitment Maneuver shall start (see CONT.43).",!(inspiratoryPhaseEnd) U ((inspiratoryPhaseEnd) & G((PSVMode & RMButton) -> X(RM))),G((PSVMode & inspiratoryPhaseEnd & !RMButton & RM) -> F(RM)),False
ADARULE,26,"PSV Mode: At the end of an inspiration phase if no inspiration pause is required and the Recruitment Maneuver (RM) is set by the GUI, a Recruitment Maneuver shall start (see CONT.43).",!(inspiratoryPhaseEnd) U ((inspiratoryPhaseEnd) & G((PSVMode & RMButton) -> X(RM))),G((PSVMode & inspiratoryPhaseEnd & !inspirationPauseRequired & RM) -> F(RMStart)),False
ADARULE,27,Fail-safe Mode: The controller cannot return from fail-safe mode to any other mode without a power cycle (turn off and then turn on the machine).,(((! ((((StartUpMode | SelfTestMode) | StandbyMode) | PCVMode) | PSVMode)) U (off))),G(PSVMode -> (G(PSVMode | X(PSVMode)) | F(off))),False
ADARULE,27,Fail-safe Mode: The controller cannot return from fail-safe mode to any other mode without a power cycle (turn off and then turn on the machine).,(((! ((((StartUpMode | SelfTestMode) | StandbyMode) | PCVMode) | PSVMode)) U (off))),G(PSVMode -> (G(PSVMode | X(PSVMode)) | F(off))),False
ADARULE,27,Fail-safe Mode: The controller cannot return from fail-safe mode to any other mode without a power cycle (turn off and then turn on the machine).,(((! ((((StartUpMode | SelfTestMode) | StandbyMode) | PCVMode) | PSVMode)) U (off))),G(PSVMode -> (G(PSVMode | X(PSVMode)) | F(off))),False
ADARULE,27,Fail-safe Mode: The controller cannot return from fail-safe mode to any other mode without a power cycle (turn off and then turn on the machine).,(((! ((((StartUpMode | SelfTestMode) | StandbyMode) | PCVMode) | PSVMode)) U (off))),G(PSVMode -> (G(PSVMode | X(PSVMode)) | F(off))),False
ADARULE,27,Fail-safe Mode: The controller cannot return from fail-safe mode to any other mode without a power cycle (turn off and then turn on the machine).,(((! ((((StartUpMode | SelfTestMode) | StandbyMode) | PCVMode) | PSVMode)) U (off))),G(PSVMode -> (G(PSVMode | (off & F(!off)))));,None
ADARULE,27,Fail-safe Mode: The controller cannot return from fail-safe mode to any other mode without a power cycle (turn off and then turn on the machine).,(((! ((((StartUpMode | SelfTestMode) | StandbyMode) | PCVMode) | PSVMode)) U (off))),G(PSVMode -> (G(PSVMode | (off & F(!off)))));,None
ADARULE,27,Fail-safe Mode: The controller cannot return from fail-safe mode to any other mode without a power cycle (turn off and then turn on the machine).,(((! ((((StartUpMode | SelfTestMode) | StandbyMode) | PCVMode) | PSVMode)) U (off))),G(PSVMode -> (G(PSVMode | (off & F(!off)))));,None
ADARULE,27,Fail-safe Mode: The controller cannot return from fail-safe mode to any other mode without a power cycle (turn off and then turn on the machine).,(((! ((((StartUpMode | SelfTestMode) | StandbyMode) | PCVMode) | PSVMode)) U (off))),G(PSVMode -> (G(PSVMode | X(PSVMode)) | F(off))),False
ADARULE,27,Fail-safe Mode: The controller cannot return from fail-safe mode to any other mode without a power cycle (turn off and then turn on the machine).,(((! ((((StartUpMode | SelfTestMode) | StandbyMode) | PCVMode) | PSVMode)) U (off))),G(PSVMode -> (G(PSVMode | X(PSVMode)) | F(off))),False
ADARULE,27,Fail-safe Mode: The controller cannot return from fail-safe mode to any other mode without a power cycle (turn off and then turn on the machine).,(((! ((((StartUpMode | SelfTestMode) | StandbyMode) | PCVMode) | PSVMode)) U (off))),G(PSVMode -> (G(PSVMode | X(PSVMode)) | F(off))),False
ADARULE,27,Fail-safe Mode: The controller cannot return from fail-safe mode to any other mode without a power cycle (turn off and then turn on the machine).,(((! ((((StartUpMode | SelfTestMode) | StandbyMode) | PCVMode) | PSVMode)) U (off))),G(PSVMode -> (G(PSVMode | X(PSVMode)) | F(off))),False
ADARULE,27,Fail-safe Mode: The controller cannot return from fail-safe mode to any other mode without a power cycle (turn off and then turn on the machine).,(((! ((((StartUpMode | SelfTestMode) | StandbyMode) | PCVMode) | PSVMode)) U (off))),G(PSVMode -> (G(PSVMode | X(PSVMode)) | F(off))),False
ADARULE,27,Fail-safe Mode: The controller cannot return from fail-safe mode to any other mode without a power cycle (turn off and then turn on the machine).,(((! ((((StartUpMode | SelfTestMode) | StandbyMode) | PCVMode) | PSVMode)) U (off))),G(PSVMode -> (G(PSVMode | X(PSVMode)) | F(off))),False
ADARULE,27,Fail-safe Mode: The controller cannot return from fail-safe mode to any other mode without a power cycle (turn off and then turn on the machine).,(((! ((((StartUpMode | SelfTestMode) | StandbyMode) | PCVMode) | PSVMode)) U (off))),G(PSVMode -> (G(PSVMode | X(PSVMode)) | F(off))),False
ADARULE,27,Fail-safe Mode: The controller cannot return from fail-safe mode to any other mode without a power cycle (turn off and then turn on the machine).,(((! ((((StartUpMode | SelfTestMode) | StandbyMode) | PCVMode) | PSVMode)) U (off))),G(PSVMode -> (G(PSVMode | X(PSVMode)) | F(off))),False
ADARULE,27,Fail-safe Mode: The controller cannot return from fail-safe mode to any other mode without a power cycle (turn off and then turn on the machine).,(((! ((((StartUpMode | SelfTestMode) | StandbyMode) | PCVMode) | PSVMode)) U (off))),G(PSVMode -> (G(PSVMode | X(PSVMode)) | F(off))),False
ADARULE,27,Fail-safe Mode: The controller cannot return from fail-safe mode to any other mode without a power cycle (turn off and then turn on the machine).,(((! ((((StartUpMode | SelfTestMode) | StandbyMode) | PCVMode) | PSVMode)) U (off))),G(PSVMode -> (G(PSVMode | X(PSVMode)) | F(off))),False
ADARULE,27,Fail-safe Mode: The controller cannot return from fail-safe mode to any other mode without a power cycle (turn off and then turn on the machine).,(((! ((((StartUpMode | SelfTestMode) | StandbyMode) | PCVMode) | PSVMode)) U (off))),G((PSVMode & !X PSVMode) -> (X(off U (off & X !off)))),False
ADARULE,27,Fail-safe Mode: The controller cannot return from fail-safe mode to any other mode without a power cycle (turn off and then turn on the machine).,(((! ((((StartUpMode | SelfTestMode) | StandbyMode) | PCVMode) | PSVMode)) U (off))),G(PSVMode -> (G(PSVMode | X(PSVMode)) | F(off))),False
ADARULE,27,Fail-safe Mode: The controller cannot return from fail-safe mode to any other mode without a power cycle (turn off and then turn on the machine).,(((! ((((StartUpMode | SelfTestMode) | StandbyMode) | PCVMode) | PSVMode)) U (off))),G(PSVMode -> (G(PSVMode | X(PSVMode)) | F(off))),False
ADARULE,27,Fail-safe Mode: The controller cannot return from fail-safe mode to any other mode without a power cycle (turn off and then turn on the machine).,(((! ((((StartUpMode | SelfTestMode) | StandbyMode) | PCVMode) | PSVMode)) U (off))),G(PSVMode -> (G(PSVMode | (off & F(!off)))));,None
ADARULE,27,Fail-safe Mode: The controller cannot return from fail-safe mode to any other mode without a power cycle (turn off and then turn on the machine).,(((! ((((StartUpMode | SelfTestMode) | StandbyMode) | PCVMode) | PSVMode)) U (off))),G(PSVMode -> (G(PSVMode | X(PSVMode)) | F(off))),False
ADARULE,27,Fail-safe Mode: The controller cannot return from fail-safe mode to any other mode without a power cycle (turn off and then turn on the machine).,(((! ((((StartUpMode | SelfTestMode) | StandbyMode) | PCVMode) | PSVMode)) U (off))),G(PSVMode -> (G(PSVMode | (off & F(!off)))));,None
ADARULE,27,Fail-safe Mode: The controller cannot return from fail-safe mode to any other mode without a power cycle (turn off and then turn on the machine).,(((! ((((StartUpMode | SelfTestMode) | StandbyMode) | PCVMode) | PSVMode)) U (off))),G(PSVMode -> (G(PSVMode | X(PSVMode)) | F(off))),False
ADARULE,27,Fail-safe Mode: The controller cannot return from fail-safe mode to any other mode without a power cycle (turn off and then turn on the machine).,(((! ((((StartUpMode | SelfTestMode) | StandbyMode) | PCVMode) | PSVMode)) U (off))),G(PSVMode -> (G(PSVMode | X(PSVMode)) | F(off))),False
ADARULE,27,Fail-safe Mode: The controller cannot return from fail-safe mode to any other mode without a power cycle (turn off and then turn on the machine).,(((! ((((StartUpMode | SelfTestMode) | StandbyMode) | PCVMode) | PSVMode)) U (off))),G(PSVMode -> (G(PSVMode | X(PSVMode)) | F(off))),False
ADARULE,27,Fail-safe Mode: The controller cannot return from fail-safe mode to any other mode without a power cycle (turn off and then turn on the machine).,(((! ((((StartUpMode | SelfTestMode) | StandbyMode) | PCVMode) | PSVMode)) U (off))),G(PSVMode -> (G(PSVMode | X(PSVMode)) | F(off))),False
ADARULE,27,Fail-safe Mode: The controller cannot return from fail-safe mode to any other mode without a power cycle (turn off and then turn on the machine).,(((! ((((StartUpMode | SelfTestMode) | StandbyMode) | PCVMode) | PSVMode)) U (off))),G(PSVMode -> (G(PSVMode | X(PSVMode)) | F(off))),False
ADARULE,27,Fail-safe Mode: The controller cannot return from fail-safe mode to any other mode without a power cycle (turn off and then turn on the machine).,(((! ((((StartUpMode | SelfTestMode) | StandbyMode) | PCVMode) | PSVMode)) U (off))),G(PSVMode -> (G(PSVMode | X(PSVMode)) | F(off))),False
ADARULE,27,Fail-safe Mode: The controller cannot return from fail-safe mode to any other mode without a power cycle (turn off and then turn on the machine).,(((! ((((StartUpMode | SelfTestMode) | StandbyMode) | PCVMode) | PSVMode)) U (off))),G(PSVMode -> (G(PSVMode | X(PSVMode)) | F(off))),False
ADARULE,27,Fail-safe Mode: The controller cannot return from fail-safe mode to any other mode without a power cycle (turn off and then turn on the machine).,(((! ((((StartUpMode | SelfTestMode) | StandbyMode) | PCVMode) | PSVMode)) U (off))),G(PSVMode -> (G(PSVMode | X(PSVMode)) | F(off))),False
ADARULE,27,Fail-safe Mode: The controller cannot return from fail-safe mode to any other mode without a power cycle (turn off and then turn on the machine).,(((! ((((StartUpMode | SelfTestMode) | StandbyMode) | PCVMode) | PSVMode)) U (off))),G(PSVMode -> (G(PSVMode | X(PSVMode)) | F(off))),False
ADARULE,27,Fail-safe Mode: The controller cannot return from fail-safe mode to any other mode without a power cycle (turn off and then turn on the machine).,(((! ((((StartUpMode | SelfTestMode) | StandbyMode) | PCVMode) | PSVMode)) U (off))),G(PSVMode -> (G(PSVMode | X(PSVMode)) | F(off))),False
ADARULE,27,Fail-safe Mode: The controller cannot return from fail-safe mode to any other mode without a power cycle (turn off and then turn on the machine).,(((! ((((StartUpMode | SelfTestMode) | StandbyMode) | PCVMode) | PSVMode)) U (off))),G(PSVMode -> (G(PSVMode | (off & F(!off)))));,None
ADARULE,27,Fail-safe Mode: The controller cannot return from fail-safe mode to any other mode without a power cycle (turn off and then turn on the machine).,(((! ((((StartUpMode | SelfTestMode) | StandbyMode) | PCVMode) | PSVMode)) U (off))),G(PSVMode -> (G(PSVMode | X(PSVMode)) | F(off))),False
ADARULE,27,Fail-safe Mode: The controller cannot return from fail-safe mode to any other mode without a power cycle (turn off and then turn on the machine).,(((! ((((StartUpMode | SelfTestMode) | StandbyMode) | PCVMode) | PSVMode)) U (off))),G(PSVMode -> (G(PSVMode | X(PSVMode)) | F(off))),False
ADARULE,27,Fail-safe Mode: The controller cannot return from fail-safe mode to any other mode without a power cycle (turn off and then turn on the machine).,(((! ((((StartUpMode | SelfTestMode) | StandbyMode) | PCVMode) | PSVMode)) U (off))),G(PSVMode -> (G(PSVMode | X(PSVMode)) | F(off))),False
ADARULE,27,Fail-safe Mode: The controller cannot return from fail-safe mode to any other mode without a power cycle (turn off and then turn on the machine).,(((! ((((StartUpMode | SelfTestMode) | StandbyMode) | PCVMode) | PSVMode)) U (off))),G(PSVMode -> (G(PSVMode | X(PSVMode)) | F(off))),False
ADARULE,27,Fail-safe Mode: The controller cannot return from fail-safe mode to any other mode without a power cycle (turn off and then turn on the machine).,(((! ((((StartUpMode | SelfTestMode) | StandbyMode) | PCVMode) | PSVMode)) U (off))),G(PSVMode -> (G(PSVMode | X(PSVMode)) | F(off))),False
ADARULE,27,Fail-safe Mode: The controller cannot return from fail-safe mode to any other mode without a power cycle (turn off and then turn on the machine).,(((! ((((StartUpMode | SelfTestMode) | StandbyMode) | PCVMode) | PSVMode)) U (off))),G(PSVMode -> (G(PSVMode | X(PSVMode)) | F(off))),False
ADARULE,27,Fail-safe Mode: The controller cannot return from fail-safe mode to any other mode without a power cycle (turn off and then turn on the machine).,(((! ((((StartUpMode | SelfTestMode) | StandbyMode) | PCVMode) | PSVMode)) U (off))),G(PSVMode -> (G(PSVMode | (off & F(!off)))));,None
ADARULE,27,Fail-safe Mode: The controller cannot return from fail-safe mode to any other mode without a power cycle (turn off and then turn on the machine).,(((! ((((StartUpMode | SelfTestMode) | StandbyMode) | PCVMode) | PSVMode)) U (off))),G(PSVMode -> (G(PSVMode | X(PSVMode)) | F(off))),False
ADARULE,27,Fail-safe Mode: The controller cannot return from fail-safe mode to any other mode without a power cycle (turn off and then turn on the machine).,(((! ((((StartUpMode | SelfTestMode) | StandbyMode) | PCVMode) | PSVMode)) U (off))),G(PSVMode -> (G(PSVMode | X(PSVMode)) | F(off))),False
ADARULE,27,Fail-safe Mode: The controller cannot return from fail-safe mode to any other mode without a power cycle (turn off and then turn on the machine).,(((! ((((StartUpMode | SelfTestMode) | StandbyMode) | PCVMode) | PSVMode)) U (off))),G(PSVMode -> (G(PSVMode | X(PSVMode)) | F(off))),False
ADARULE,27,Fail-safe Mode: The controller cannot return from fail-safe mode to any other mode without a power cycle (turn off and then turn on the machine).,(((! ((((StartUpMode | SelfTestMode) | StandbyMode) | PCVMode) | PSVMode)) U (off))),G(PSVMode -> (G(PSVMode | X(PSVMode)) | F(off))),False
ADARULE,27,Fail-safe Mode: The controller cannot return from fail-safe mode to any other mode without a power cycle (turn off and then turn on the machine).,(((! ((((StartUpMode | SelfTestMode) | StandbyMode) | PCVMode) | PSVMode)) U (off))),G(PSVMode -> (G(PSVMode | (off & F(!off)))));,None
ADARULE,27,Fail-safe Mode: The controller cannot return from fail-safe mode to any other mode without a power cycle (turn off and then turn on the machine).,(((! ((((StartUpMode | SelfTestMode) | StandbyMode) | PCVMode) | PSVMode)) U (off))),G(PSVMode -> (G(PSVMode | X(PSVMode)) | F(off))),False
ADARULE,27,Fail-safe Mode: The controller cannot return from fail-safe mode to any other mode without a power cycle (turn off and then turn on the machine).,(((! ((((StartUpMode | SelfTestMode) | StandbyMode) | PCVMode) | PSVMode)) U (off))),G(PSVMode -> (G(PSVMode | X(PSVMode)) | F(off))),False
ADARULE,27,Fail-safe Mode: The controller cannot return from fail-safe mode to any other mode without a power cycle (turn off and then turn on the machine).,(((! ((((StartUpMode | SelfTestMode) | StandbyMode) | PCVMode) | PSVMode)) U (off))),G(PSVMode -> (G(PSVMode | X(PSVMode)) | F(off))),False
ADARULE,27,Fail-safe Mode: The controller cannot return from fail-safe mode to any other mode without a power cycle (turn off and then turn on the machine).,(((! ((((StartUpMode | SelfTestMode) | StandbyMode) | PCVMode) | PSVMode)) U (off))),G(PSVMode -> (G(PSVMode | (off & F(!off)))));,None
ADARULE,27,Fail-safe Mode: The controller cannot return from fail-safe mode to any other mode without a power cycle (turn off and then turn on the machine).,(((! ((((StartUpMode | SelfTestMode) | StandbyMode) | PCVMode) | PSVMode)) U (off))),G(PSVMode -> (G(PSVMode | X(PSVMode)) | F(off))),False
ADARULE,27,Fail-safe Mode: The controller cannot return from fail-safe mode to any other mode without a power cycle (turn off and then turn on the machine).,(((! ((((StartUpMode | SelfTestMode) | StandbyMode) | PCVMode) | PSVMode)) U (off))),G(PSVMode -> (G(PSVMode | X(PSVMode)) | F(off))),False
ADARULE,27,Fail-safe Mode: The controller cannot return from fail-safe mode to any other mode without a power cycle (turn off and then turn on the machine).,(((! ((((StartUpMode | SelfTestMode) | StandbyMode) | PCVMode) | PSVMode)) U (off))),G(PSVMode -> (G(PSVMode | X(PSVMode)) | F(off))),False
ADARULE,27,Fail-safe Mode: The controller cannot return from fail-safe mode to any other mode without a power cycle (turn off and then turn on the machine).,(((! ((((StartUpMode | SelfTestMode) | StandbyMode) | PCVMode) | PSVMode)) U (off))),G(PSVMode -> (G(PSVMode | X(PSVMode)) | F(off))),False
ADARULE,27,Fail-safe Mode: The controller cannot return from fail-safe mode to any other mode without a power cycle (turn off and then turn on the machine).,(((! ((((StartUpMode | SelfTestMode) | StandbyMode) | PCVMode) | PSVMode)) U (off))),G(PSVMode -> (G(PSVMode | X(PSVMode)) | F(off))),False
ADARULE,27,Fail-safe Mode: The controller cannot return from fail-safe mode to any other mode without a power cycle (turn off and then turn on the machine).,(((! ((((StartUpMode | SelfTestMode) | StandbyMode) | PCVMode) | PSVMode)) U (off))),G(PSVMode -> (G(PSVMode | X(PSVMode)) | F(off))),False
ADARULE,27,Fail-safe Mode: The controller cannot return from fail-safe mode to any other mode without a power cycle (turn off and then turn on the machine).,(((! ((((StartUpMode | SelfTestMode) | StandbyMode) | PCVMode) | PSVMode)) U (off))),G(PSVMode -> (G(PSVMode | X(PSVMode)) | F(off))),False
ADARULE,27,Fail-safe Mode: The controller cannot return from fail-safe mode to any other mode without a power cycle (turn off and then turn on the machine).,(((! ((((StartUpMode | SelfTestMode) | StandbyMode) | PCVMode) | PSVMode)) U (off))),G(PSVMode -> (G(PSVMode | (off & F(!off)))));,None
ADARULE,27,Fail-safe Mode: The controller cannot return from fail-safe mode to any other mode without a power cycle (turn off and then turn on the machine).,(((! ((((StartUpMode | SelfTestMode) | StandbyMode) | PCVMode) | PSVMode)) U (off))),G(PSVMode -> (G(PSVMode | X(PSVMode)) | F(off))),False
ADARULE,27,Fail-safe Mode: The controller cannot return from fail-safe mode to any other mode without a power cycle (turn off and then turn on the machine).,(((! ((((StartUpMode | SelfTestMode) | StandbyMode) | PCVMode) | PSVMode)) U (off))),G(PSVMode -> (G(PSVMode | X(PSVMode)) | F(off))),False
ADARULE,27,Fail-safe Mode: The controller cannot return from fail-safe mode to any other mode without a power cycle (turn off and then turn on the machine).,(((! ((((StartUpMode | SelfTestMode) | StandbyMode) | PCVMode) | PSVMode)) U (off))),G(PSVMode -> (G(PSVMode | X(PSVMode)) | F(off))),False
ADARULE,27,Fail-safe Mode: The controller cannot return from fail-safe mode to any other mode without a power cycle (turn off and then turn on the machine).,(((! ((((StartUpMode | SelfTestMode) | StandbyMode) | PCVMode) | PSVMode)) U (off))),G(PSVMode -> (G(PSVMode | X(PSVMode)) | F(off))),False
ADARULE,27,Fail-safe Mode: The controller cannot return from fail-safe mode to any other mode without a power cycle (turn off and then turn on the machine).,(((! ((((StartUpMode | SelfTestMode) | StandbyMode) | PCVMode) | PSVMode)) U (off))),G(PSVMode -> (G(PSVMode | X(PSVMode)) | F(off))),False
ADARULE,27,Fail-safe Mode: The controller cannot return from fail-safe mode to any other mode without a power cycle (turn off and then turn on the machine).,(((! ((((StartUpMode | SelfTestMode) | StandbyMode) | PCVMode) | PSVMode)) U (off))),G(PSVMode -> (G(PSVMode | X(PSVMode)) | F(off))),False
ADARULE,27,Fail-safe Mode: The controller cannot return from fail-safe mode to any other mode without a power cycle (turn off and then turn on the machine).,(((! ((((StartUpMode | SelfTestMode) | StandbyMode) | PCVMode) | PSVMode)) U (off))),G(PSVMode -> (G(PSVMode | X(PSVMode)) | F(off))),False
ADARULE,27,Fail-safe Mode: The controller cannot return from fail-safe mode to any other mode without a power cycle (turn off and then turn on the machine).,(((! ((((StartUpMode | SelfTestMode) | StandbyMode) | PCVMode) | PSVMode)) U (off))),G(PSVMode -> (G(PSVMode | X(PSVMode)) | F(off))),False
ADARULE,27,Fail-safe Mode: The controller cannot return from fail-safe mode to any other mode without a power cycle (turn off and then turn on the machine).,(((! ((((StartUpMode | SelfTestMode) | StandbyMode) | PCVMode) | PSVMode)) U (off))),G(PSVMode -> (G(PSVMode | X(PSVMode)) | F(off))),False
ADARULE,27,Fail-safe Mode: The controller cannot return from fail-safe mode to any other mode without a power cycle (turn off and then turn on the machine).,(((! ((((StartUpMode | SelfTestMode) | StandbyMode) | PCVMode) | PSVMode)) U (off))),G(PSVMode -> (G(PSVMode | X(PSVMode)) | F(off))),False
ADARULE,27,Fail-safe Mode: The controller cannot return from fail-safe mode to any other mode without a power cycle (turn off and then turn on the machine).,(((! ((((StartUpMode | SelfTestMode) | StandbyMode) | PCVMode) | PSVMode)) U (off))),G(PSVMode -> (G(PSVMode | (off & F(!off)))));,None
ADARULE,27,Fail-safe Mode: The controller cannot return from fail-safe mode to any other mode without a power cycle (turn off and then turn on the machine).,(((! ((((StartUpMode | SelfTestMode) | StandbyMode) | PCVMode) | PSVMode)) U (off))),G(PSVMode -> (G(PSVMode | X(PSVMode)) | F(off))),False
ADARULE,27,Fail-safe Mode: The controller cannot return from fail-safe mode to any other mode without a power cycle (turn off and then turn on the machine).,(((! ((((StartUpMode | SelfTestMode) | StandbyMode) | PCVMode) | PSVMode)) U (off))),G(PSVMode -> (G(PSVMode | X(PSVMode)) | F(off))),False
ADARULE,27,Fail-safe Mode: The controller cannot return from fail-safe mode to any other mode without a power cycle (turn off and then turn on the machine).,(((! ((((StartUpMode | SelfTestMode) | StandbyMode) | PCVMode) | PSVMode)) U (off))),G(PSVMode -> (G(PSVMode | X(PSVMode)) | F(off))),False
ADARULE,27,Fail-safe Mode: The controller cannot return from fail-safe mode to any other mode without a power cycle (turn off and then turn on the machine).,(((! ((((StartUpMode | SelfTestMode) | StandbyMode) | PCVMode) | PSVMode)) U (off))),G(PSVMode -> (G(PSVMode | X(PSVMode)) | F(off))),False
ADARULE,27,Fail-safe Mode: The controller cannot return from fail-safe mode to any other mode without a power cycle (turn off and then turn on the machine).,(((! ((((StartUpMode | SelfTestMode) | StandbyMode) | PCVMode) | PSVMode)) U (off))),G(PSVMode -> (G(PSVMode | X(PSVMode)) | F(off))),False
ADARULE,27,Fail-safe Mode: The controller cannot return from fail-safe mode to any other mode without a power cycle (turn off and then turn on the machine).,(((! ((((StartUpMode | SelfTestMode) | StandbyMode) | PCVMode) | PSVMode)) U (off))),G(PSVMode -> (G(PSVMode | (off & F(!off)))));,None
ADARULE,27,Fail-safe Mode: The controller cannot return from fail-safe mode to any other mode without a power cycle (turn off and then turn on the machine).,(((! ((((StartUpMode | SelfTestMode) | StandbyMode) | PCVMode) | PSVMode)) U (off))),G(PSVMode -> (G(PSVMode | X(PSVMode)) | F(off))),False
ADARULE,27,Fail-safe Mode: The controller cannot return from fail-safe mode to any other mode without a power cycle (turn off and then turn on the machine).,(((! ((((StartUpMode | SelfTestMode) | StandbyMode) | PCVMode) | PSVMode)) U (off))),G(PSVMode -> (G(PSVMode | X(PSVMode)) | F(off))),False
ADARULE,27,Fail-safe Mode: The controller cannot return from fail-safe mode to any other mode without a power cycle (turn off and then turn on the machine).,(((! ((((StartUpMode | SelfTestMode) | StandbyMode) | PCVMode) | PSVMode)) U (off))),G(PSVMode -> (G(PSVMode | X(PSVMode)) | F(off))),False
ADARULE,27,Fail-safe Mode: The controller cannot return from fail-safe mode to any other mode without a power cycle (turn off and then turn on the machine).,(((! ((((StartUpMode | SelfTestMode) | StandbyMode) | PCVMode) | PSVMode)) U (off))),G(PSVMode -> (G(PSVMode | X(PSVMode)) | F(off))),False
ADARULE,27,Fail-safe Mode: The controller cannot return from fail-safe mode to any other mode without a power cycle (turn off and then turn on the machine).,(((! ((((StartUpMode | SelfTestMode) | StandbyMode) | PCVMode) | PSVMode)) U (off))),G(PSVMode -> (G(PSVMode | X(PSVMode)) | F(off))),False
ADARULE,27,Fail-safe Mode: The controller cannot return from fail-safe mode to any other mode without a power cycle (turn off and then turn on the machine).,(((! ((((StartUpMode | SelfTestMode) | StandbyMode) | PCVMode) | PSVMode)) U (off))),G(PSVMode -> (G(PSVMode | X(PSVMode)) | F(off))),False
ADARULE,27,Fail-safe Mode: The controller cannot return from fail-safe mode to any other mode without a power cycle (turn off and then turn on the machine).,(((! ((((StartUpMode | SelfTestMode) | StandbyMode) | PCVMode) | PSVMode)) U (off))),G(PSVMode -> (G(PSVMode | X(PSVMode)) | F(off))),False
ADARULE,27,Fail-safe Mode: The controller cannot return from fail-safe mode to any other mode without a power cycle (turn off and then turn on the machine).,(((! ((((StartUpMode | SelfTestMode) | StandbyMode) | PCVMode) | PSVMode)) U (off))),G(PSVMode -> (G(PSVMode | X(PSVMode)) | F(off))),False
ADARULE,27,Fail-safe Mode: The controller cannot return from fail-safe mode to any other mode without a power cycle (turn off and then turn on the machine).,(((! ((((StartUpMode | SelfTestMode) | StandbyMode) | PCVMode) | PSVMode)) U (off))),G(PSVMode -> (G(PSVMode | (off & F(!off)))));,None
ADARULE,27,Fail-safe Mode: The controller cannot return from fail-safe mode to any other mode without a power cycle (turn off and then turn on the machine).,(((! ((((StartUpMode | SelfTestMode) | StandbyMode) | PCVMode) | PSVMode)) U (off))),G(PSVMode -> (G(PSVMode | X(PSVMode)) | F(off))),False
ADARULE,27,Fail-safe Mode: The controller cannot return from fail-safe mode to any other mode without a power cycle (turn off and then turn on the machine).,(((! ((((StartUpMode | SelfTestMode) | StandbyMode) | PCVMode) | PSVMode)) U (off))),G(PSVMode -> (G(PSVMode | X(PSVMode)) | F(off))),False
ADARULE,27,Fail-safe Mode: The controller cannot return from fail-safe mode to any other mode without a power cycle (turn off and then turn on the machine).,(((! ((((StartUpMode | SelfTestMode) | StandbyMode) | PCVMode) | PSVMode)) U (off))),G(PSVMode -> (G(PSVMode | X(PSVMode)) | F(off))),False
ADARULE,27,Fail-safe Mode: The controller cannot return from fail-safe mode to any other mode without a power cycle (turn off and then turn on the machine).,(((! ((((StartUpMode | SelfTestMode) | StandbyMode) | PCVMode) | PSVMode)) U (off))),G(PSVMode -> (G(PSVMode | X(PSVMode)) | F(off))),False
ADARULE,27,Fail-safe Mode: The controller cannot return from fail-safe mode to any other mode without a power cycle (turn off and then turn on the machine).,(((! ((((StartUpMode | SelfTestMode) | StandbyMode) | PCVMode) | PSVMode)) U (off))),G(PSVMode -> (G(PSVMode | X(PSVMode)) | F(off))),False
ADARULE,27,Fail-safe Mode: The controller cannot return from fail-safe mode to any other mode without a power cycle (turn off and then turn on the machine).,(((! ((((StartUpMode | SelfTestMode) | StandbyMode) | PCVMode) | PSVMode)) U (off))),G(PSVMode -> (G(PSVMode | X(PSVMode)) | F(off))),False
ADARULE,27,Fail-safe Mode: The controller cannot return from fail-safe mode to any other mode without a power cycle (turn off and then turn on the machine).,(((! ((((StartUpMode | SelfTestMode) | StandbyMode) | PCVMode) | PSVMode)) U (off))),G(PSVMode -> (G(PSVMode | (off & F(!off)))));,None
ADARULE,27,Fail-safe Mode: The controller cannot return from fail-safe mode to any other mode without a power cycle (turn off and then turn on the machine).,(((! ((((StartUpMode | SelfTestMode) | StandbyMode) | PCVMode) | PSVMode)) U (off))),G(PSVMode -> (G(PSVMode | X(PSVMode)) | F(off))),False
ADARULE,27,Fail-safe Mode: The controller cannot return from fail-safe mode to any other mode without a power cycle (turn off and then turn on the machine).,(((! ((((StartUpMode | SelfTestMode) | StandbyMode) | PCVMode) | PSVMode)) U (off))),G(PSVMode -> (G(PSVMode | X(PSVMode)) | F(off))),False
ADARULE,27,Fail-safe Mode: The controller cannot return from fail-safe mode to any other mode without a power cycle (turn off and then turn on the machine).,(((! ((((StartUpMode | SelfTestMode) | StandbyMode) | PCVMode) | PSVMode)) U (off))),G(PSVMode -> (G(PSVMode | X(PSVMode)) | F(off))),False
ADARULE,27,Fail-safe Mode: The controller cannot return from fail-safe mode to any other mode without a power cycle (turn off and then turn on the machine).,(((! ((((StartUpMode | SelfTestMode) | StandbyMode) | PCVMode) | PSVMode)) U (off))),G(PSVMode -> (G(PSVMode | X(PSVMode)) | F(off))),False
ADARULE,27,Fail-safe Mode: The controller cannot return from fail-safe mode to any other mode without a power cycle (turn off and then turn on the machine).,(((! ((((StartUpMode | SelfTestMode) | StandbyMode) | PCVMode) | PSVMode)) U (off))),G(PSVMode -> (G(PSVMode | X(PSVMode)) | F(off))),False
ADARULE,27,Fail-safe Mode: The controller cannot return from fail-safe mode to any other mode without a power cycle (turn off and then turn on the machine).,(((! ((((StartUpMode | SelfTestMode) | StandbyMode) | PCVMode) | PSVMode)) U (off))),G(PSVMode -> (G(PSVMode | X(PSVMode)) | F(off))),False
ADARULE,27,Fail-safe Mode: The controller cannot return from fail-safe mode to any other mode without a power cycle (turn off and then turn on the machine).,(((! ((((StartUpMode | SelfTestMode) | StandbyMode) | PCVMode) | PSVMode)) U (off))),G(PSVMode -> (G(PSVMode | X(PSVMode)) | F(off))),False
ADARULE,27,Fail-safe Mode: The controller cannot return from fail-safe mode to any other mode without a power cycle (turn off and then turn on the machine).,(((! ((((StartUpMode | SelfTestMode) | StandbyMode) | PCVMode) | PSVMode)) U (off))),G(PSVMode -> (G(PSVMode | X(PSVMode)) | F(off))),False
ADARULE,27,Fail-safe Mode: The controller cannot return from fail-safe mode to any other mode without a power cycle (turn off and then turn on the machine).,(((! ((((StartUpMode | SelfTestMode) | StandbyMode) | PCVMode) | PSVMode)) U (off))),G(PSVMode -> (G(PSVMode | X(PSVMode)) | F(off))),False
ADARULE,38,"In PCV and PSV modes there shall be the possibility to initiate an Inspiratory Pause if it is set by the GUI: When the Inspiratory Pause is set by the GUI, the ventilator shall wait for the end of the next inspiration phase, and if the Inspiratory Pause still required, both the inspiratory and expiratory valves will close until the inspiratory pause is stopped by the GUI.",!inspiratoryPauseButton & inspiratoryPhaseEnd U (inspiratoryPauseButton & inspiratoryPhaseEnd & G((PCVMode | PSVMode) & inspiratoryPauseButton -> G(inspiratoryPause & inValveClose & outValveClose))),G((PCVMode | PSVMode) & inspiratoryPauseButton -> F(inspiratoryPhaseEnd & F(inspiratoryPauseButton -> (inValveClose & outValveClose) U !inspiratoryPauseButton))),False
ADARULE,38,"In PCV and PSV modes there shall be the possibility to initiate an Inspiratory Pause if it is set by the GUI: When the Inspiratory Pause is set by the GUI, the ventilator shall wait for the end of the next inspiration phase, and if the Inspiratory Pause still required, both the inspiratory and expiratory valves will close until the inspiratory pause is stopped by the GUI.",!inspiratoryPauseButton & inspiratoryPhaseEnd U (inspiratoryPauseButton & inspiratoryPhaseEnd & G((PCVMode | PSVMode) & inspiratoryPauseButton -> G(inspiratoryPause & inValveClose & outValveClose))),G((PCVMode | PSVMode) & inspiratoryPauseButton -> F(inspiratoryPhaseEnd & F(inspiratoryPauseButton -> (inValveClose & outValveClose) U !inspiratoryPauseButton))),False
ADARULE,38,"In PCV and PSV modes there shall be the possibility to initiate an Inspiratory Pause if it is set by the GUI: When the Inspiratory Pause is set by the GUI, the ventilator shall wait for the end of the next inspiration phase, and if the Inspiratory Pause still required, both the inspiratory and expiratory valves will close until the inspiratory pause is stopped by the GUI.",!inspiratoryPauseButton & inspiratoryPhaseEnd U (inspiratoryPauseButton & inspiratoryPhaseEnd & G((PCVMode | PSVMode) & inspiratoryPauseButton -> G(inspiratoryPause & inValveClose & outValveClose))),G((PCVMode | PSVMode) & inspiratoryPauseButton -> F(inspiratoryPhaseEnd & F(inspiratoryPauseButton -> (inValveClose & outValveClose) U !inspiratoryPauseButton))),False
ADARULE,38,"In PCV and PSV modes there shall be the possibility to initiate an Inspiratory Pause if it is set by the GUI: When the Inspiratory Pause is set by the GUI, the ventilator shall wait for the end of the next inspiration phase, and if the Inspiratory Pause still required, both the inspiratory and expiratory valves will close until the inspiratory pause is stopped by the GUI.",!inspiratoryPauseButton & inspiratoryPhaseEnd U (inspiratoryPauseButton & inspiratoryPhaseEnd & G((PCVMode | PSVMode) & inspiratoryPauseButton -> G(inspiratoryPause & inValveClose & outValveClose))),G((PCVMode | PSVMode) & inspiratoryPauseButton -> F(inspiratoryPhaseEnd & (inspiratoryPauseButton -> (inValveClose & outValveClose) U !inspiratoryPauseButton))),False
ADARULE,38,"In PCV and PSV modes there shall be the possibility to initiate an Inspiratory Pause if it is set by the GUI: When the Inspiratory Pause is set by the GUI, the ventilator shall wait for the end of the next inspiration phase, and if the Inspiratory Pause still required, both the inspiratory and expiratory valves will close until the inspiratory pause is stopped by the GUI.",!inspiratoryPauseButton & inspiratoryPhaseEnd U (inspiratoryPauseButton & inspiratoryPhaseEnd & G((PCVMode | PSVMode) & inspiratoryPauseButton -> G(inspiratoryPause & inValveClose & outValveClose))),G((PCVMode | PSVMode) & inspiratoryPauseButton -> F(inspiratoryPhaseEnd & F(inspiratoryPauseButton -> (inValveClose & outValveClose) U !inspiratoryPauseButton))),False
ADARULE,38,"In PCV and PSV modes there shall be the possibility to initiate an Inspiratory Pause if it is set by the GUI: When the Inspiratory Pause is set by the GUI, the ventilator shall wait for the end of the next inspiration phase, and if the Inspiratory Pause still required, both the inspiratory and expiratory valves will close until the inspiratory pause is stopped by the GUI.",!inspiratoryPauseButton & inspiratoryPhaseEnd U (inspiratoryPauseButton & inspiratoryPhaseEnd & G((PCVMode | PSVMode) & inspiratoryPauseButton -> G(inspiratoryPause & inValveClose & outValveClose))),G((PCVMode | PSVMode) & inspiratoryPauseButton -> F(inspiratoryPhaseEnd & (inspiratoryPauseButton -> (inValveClose & outValveClose) U !inspiratoryPauseButton))),False
ADARULE,38,"In PCV and PSV modes there shall be the possibility to initiate an Inspiratory Pause if it is set by the GUI: When the Inspiratory Pause is set by the GUI, the ventilator shall wait for the end of the next inspiration phase, and if the Inspiratory Pause still required, both the inspiratory and expiratory valves will close until the inspiratory pause is stopped by the GUI.",!inspiratoryPauseButton & inspiratoryPhaseEnd U (inspiratoryPauseButton & inspiratoryPhaseEnd & G((PCVMode | PSVMode) & inspiratoryPauseButton -> G(inspiratoryPause & inValveClose & outValveClose))),G((PCVMode | PSVMode) & inspiratoryPauseButton -> F(inspiratoryPhaseEnd & (inspiratoryPauseButton -> (inValveClose & outValveClose) U !inspiratoryPauseButton))),False
ADARULE,38,"In PCV and PSV modes there shall be the possibility to initiate an Inspiratory Pause if it is set by the GUI: When the Inspiratory Pause is set by the GUI, the ventilator shall wait for the end of the next inspiration phase, and if the Inspiratory Pause still required, both the inspiratory and expiratory valves will close until the inspiratory pause is stopped by the GUI.",!inspiratoryPauseButton & inspiratoryPhaseEnd U (inspiratoryPauseButton & inspiratoryPhaseEnd & G((PCVMode | PSVMode) & inspiratoryPauseButton -> G(inspiratoryPause & inValveClose & outValveClose))),G((PCVMode | PSVMode) & inspiratoryPauseButton -> F(inspiratoryPhaseEnd & F(inspiratoryPauseButton -> (inValveClose & outValveClose) U !inspiratoryPauseButton))),False
ADARULE,38,"In PCV and PSV modes there shall be the possibility to initiate an Inspiratory Pause if it is set by the GUI: When the Inspiratory Pause is set by the GUI, the ventilator shall wait for the end of the next inspiration phase, and if the Inspiratory Pause still required, both the inspiratory and expiratory valves will close until the inspiratory pause is stopped by the GUI.",!inspiratoryPauseButton & inspiratoryPhaseEnd U (inspiratoryPauseButton & inspiratoryPhaseEnd & G((PCVMode | PSVMode) & inspiratoryPauseButton -> G(inspiratoryPause & inValveClose & outValveClose))),G((PCVMode | PSVMode) & inspiratoryPauseButton -> F(inspiratoryPhaseEnd & F(inspiratoryPauseButton -> (inValveClose & outValveClose) U !inspiratoryPauseButton))),False
ADARULE,38,"In PCV and PSV modes there shall be the possibility to initiate an Inspiratory Pause if it is set by the GUI: When the Inspiratory Pause is set by the GUI, the ventilator shall wait for the end of the next inspiration phase, and if the Inspiratory Pause still required, both the inspiratory and expiratory valves will close until the inspiratory pause is stopped by the GUI.",!inspiratoryPauseButton & inspiratoryPhaseEnd U (inspiratoryPauseButton & inspiratoryPhaseEnd & G((PCVMode | PSVMode) & inspiratoryPauseButton -> G(inspiratoryPause & inValveClose & outValveClose))),G((PCVMode | PSVMode) & inspiratoryPauseButton -> F(inspiratoryPhaseEnd & F(inspiratoryPauseButton -> (inValveClose & outValveClose) U !inspiratoryPauseButton))),False
ADARULE,38,"In PCV and PSV modes there shall be the possibility to initiate an Inspiratory Pause if it is set by the GUI: When the Inspiratory Pause is set by the GUI, the ventilator shall wait for the end of the next inspiration phase, and if the Inspiratory Pause still required, both the inspiratory and expiratory valves will close until the inspiratory pause is stopped by the GUI.",!inspiratoryPauseButton & inspiratoryPhaseEnd U (inspiratoryPauseButton & inspiratoryPhaseEnd & G((PCVMode | PSVMode) & inspiratoryPauseButton -> G(inspiratoryPause & inValveClose & outValveClose))),G((PCVMode | PSVMode) & inspiratoryPauseButton -> F(inspiratoryPhaseEnd & F(inspiratoryPauseButton -> (inValveClose & outValveClose) U !inspiratoryPauseButton))),False
ADARULE,38,"In PCV and PSV modes there shall be the possibility to initiate an Inspiratory Pause if it is set by the GUI: When the Inspiratory Pause is set by the GUI, the ventilator shall wait for the end of the next inspiration phase, and if the Inspiratory Pause still required, both the inspiratory and expiratory valves will close until the inspiratory pause is stopped by the GUI.",!inspiratoryPauseButton & inspiratoryPhaseEnd U (inspiratoryPauseButton & inspiratoryPhaseEnd & G((PCVMode | PSVMode) & inspiratoryPauseButton -> G(inspiratoryPause & inValveClose & outValveClose))),G((PCVMode | PSVMode) & inspiratoryPauseButton -> F(inspiratoryPhaseEnd & F(inspiratoryPauseButton -> (inValveClose & outValveClose) U !inspiratoryPauseButton))),False
ADARULE,38,"In PCV and PSV modes there shall be the possibility to initiate an Inspiratory Pause if it is set by the GUI: When the Inspiratory Pause is set by the GUI, the ventilator shall wait for the end of the next inspiration phase, and if the Inspiratory Pause still required, both the inspiratory and expiratory valves will close until the inspiratory pause is stopped by the GUI.",!inspiratoryPauseButton & inspiratoryPhaseEnd U (inspiratoryPauseButton & inspiratoryPhaseEnd & G((PCVMode | PSVMode) & inspiratoryPauseButton -> G(inspiratoryPause & inValveClose & outValveClose))),G((PCVMode | PSVMode) & inspiratoryPauseButton -> F(inspiratoryPhaseEnd & (inspiratoryPauseButton -> (inValveClose & outValveClose) U !inspiratoryPauseButton))),False
ADARULE,38,"In PCV and PSV modes there shall be the possibility to initiate an Inspiratory Pause if it is set by the GUI: When the Inspiratory Pause is set by the GUI, the ventilator shall wait for the end of the next inspiration phase, and if the Inspiratory Pause still required, both the inspiratory and expiratory valves will close until the inspiratory pause is stopped by the GUI.",!inspiratoryPauseButton & inspiratoryPhaseEnd U (inspiratoryPauseButton & inspiratoryPhaseEnd & G((PCVMode | PSVMode) & inspiratoryPauseButton -> G(inspiratoryPause & inValveClose & outValveClose))),G((PCVMode | PSVMode) & inspiratoryPauseButton -> F(inspiratoryPhaseEnd & (inspiratoryPauseButton -> (inValveClose & outValveClose) U !inspiratoryPauseButton))),False
ADARULE,38,"In PCV and PSV modes there shall be the possibility to initiate an Inspiratory Pause if it is set by the GUI: When the Inspiratory Pause is set by the GUI, the ventilator shall wait for the end of the next inspiration phase, and if the Inspiratory Pause still required, both the inspiratory and expiratory valves will close until the inspiratory pause is stopped by the GUI.",!inspiratoryPauseButton & inspiratoryPhaseEnd U (inspiratoryPauseButton & inspiratoryPhaseEnd & G((PCVMode | PSVMode) & inspiratoryPauseButton -> G(inspiratoryPause & inValveClose & outValveClose))),G((PCVMode | PSVMode) & inspiratoryPauseButton -> F(inspiratoryPhaseEnd & F(inspiratoryPauseButton -> (inValveClose & outValveClose) U !inspiratoryPauseButton))),False
ADARULE,38,"In PCV and PSV modes there shall be the possibility to initiate an Inspiratory Pause if it is set by the GUI: When the Inspiratory Pause is set by the GUI, the ventilator shall wait for the end of the next inspiration phase, and if the Inspiratory Pause still required, both the inspiratory and expiratory valves will close until the inspiratory pause is stopped by the GUI.",!inspiratoryPauseButton & inspiratoryPhaseEnd U (inspiratoryPauseButton & inspiratoryPhaseEnd & G((PCVMode | PSVMode) & inspiratoryPauseButton -> G(inspiratoryPause & inValveClose & outValveClose))),G((PCVMode | PSVMode) & inspiratoryPauseButton -> F(inspiratoryPhaseEnd & (inspiratoryPauseButton -> (inValveClose & outValveClose) U !inspiratoryPauseButton))),False
ADARULE,38,"In PCV and PSV modes there shall be the possibility to initiate an Inspiratory Pause if it is set by the GUI: When the Inspiratory Pause is set by the GUI, the ventilator shall wait for the end of the next inspiration phase, and if the Inspiratory Pause still required, both the inspiratory and expiratory valves will close until the inspiratory pause is stopped by the GUI.",!inspiratoryPauseButton & inspiratoryPhaseEnd U (inspiratoryPauseButton & inspiratoryPhaseEnd & G((PCVMode | PSVMode) & inspiratoryPauseButton -> G(inspiratoryPause & inValveClose & outValveClose))),G((PCVMode | PSVMode) & inspiratoryPauseButton -> F(inspiratoryPhaseEnd & F(inspiratoryPauseButton -> (inValveClose & outValveClose) U !inspiratoryPauseButton))),False
ADARULE,38,"In PCV and PSV modes there shall be the possibility to initiate an Inspiratory Pause if it is set by the GUI: When the Inspiratory Pause is set by the GUI, the ventilator shall wait for the end of the next inspiration phase, and if the Inspiratory Pause still required, both the inspiratory and expiratory valves will close until the inspiratory pause is stopped by the GUI.",!inspiratoryPauseButton & inspiratoryPhaseEnd U (inspiratoryPauseButton & inspiratoryPhaseEnd & G((PCVMode | PSVMode) & inspiratoryPauseButton -> G(inspiratoryPause & inValveClose & outValveClose))),G((PCVMode | PSVMode) & inspiratoryPauseButton -> F(inspiratoryPhaseEnd & F(inspiratoryPauseButton -> (inValveClose & outValveClose) U !inspiratoryPauseButton))),False
ADARULE,38,"In PCV and PSV modes there shall be the possibility to initiate an Inspiratory Pause if it is set by the GUI: When the Inspiratory Pause is set by the GUI, the ventilator shall wait for the end of the next inspiration phase, and if the Inspiratory Pause still required, both the inspiratory and expiratory valves will close until the inspiratory pause is stopped by the GUI.",!inspiratoryPauseButton & inspiratoryPhaseEnd U (inspiratoryPauseButton & inspiratoryPhaseEnd & G((PCVMode | PSVMode) & inspiratoryPauseButton -> G(inspiratoryPause & inValveClose & outValveClose))),G((PCVMode | PSVMode) & inspiratoryPauseButton -> F(inspiratoryPhaseEnd & F(inspiratoryPauseButton -> (inValveClose & outValveClose) U !inspiratoryPauseButton))),False
ADARULE,38,"In PCV and PSV modes there shall be the possibility to initiate an Inspiratory Pause if it is set by the GUI: When the Inspiratory Pause is set by the GUI, the ventilator shall wait for the end of the next inspiration phase, and if the Inspiratory Pause still required, both the inspiratory and expiratory valves will close until the inspiratory pause is stopped by the GUI.",!inspiratoryPauseButton & inspiratoryPhaseEnd U (inspiratoryPauseButton & inspiratoryPhaseEnd & G((PCVMode | PSVMode) & inspiratoryPauseButton -> G(inspiratoryPause & inValveClose & outValveClose))),G((PCVMode | PSVMode) & inspiratoryPauseButton -> F(inspiratoryPhaseEnd & F(inspiratoryPauseButton -> (inValveClose & outValveClose) U !inspiratoryPauseButton))),False
ADARULE,38,"In PCV and PSV modes there shall be the possibility to initiate an Inspiratory Pause if it is set by the GUI: When the Inspiratory Pause is set by the GUI, the ventilator shall wait for the end of the next inspiration phase, and if the Inspiratory Pause still required, both the inspiratory and expiratory valves will close until the inspiratory pause is stopped by the GUI.",!inspiratoryPauseButton & inspiratoryPhaseEnd U (inspiratoryPauseButton & inspiratoryPhaseEnd & G((PCVMode | PSVMode) & inspiratoryPauseButton -> G(inspiratoryPause & inValveClose & outValveClose))),G((PCVMode | PSVMode) & inspiratoryPauseButton -> F(inspiratoryPhaseEnd & F(inspiratoryPauseButton -> (inValveClose & outValveClose) U !inspiratoryPauseButton))),False
ADARULE,38,"In PCV and PSV modes there shall be the possibility to initiate an Inspiratory Pause if it is set by the GUI: When the Inspiratory Pause is set by the GUI, the ventilator shall wait for the end of the next inspiration phase, and if the Inspiratory Pause still required, both the inspiratory and expiratory valves will close until the inspiratory pause is stopped by the GUI.",!inspiratoryPauseButton & inspiratoryPhaseEnd U (inspiratoryPauseButton & inspiratoryPhaseEnd & G((PCVMode | PSVMode) & inspiratoryPauseButton -> G(inspiratoryPause & inValveClose & outValveClose))),G((PCVMode | PSVMode) & inspiratoryPauseButton -> F(inspiratoryPhaseEnd & (inspiratoryPauseButton -> (inValveClose & outValveClose) U !inspiratoryPauseButton))),False
ADARULE,38,"In PCV and PSV modes there shall be the possibility to initiate an Inspiratory Pause if it is set by the GUI: When the Inspiratory Pause is set by the GUI, the ventilator shall wait for the end of the next inspiration phase, and if the Inspiratory Pause still required, both the inspiratory and expiratory valves will close until the inspiratory pause is stopped by the GUI.",!inspiratoryPauseButton & inspiratoryPhaseEnd U (inspiratoryPauseButton & inspiratoryPhaseEnd & G((PCVMode | PSVMode) & inspiratoryPauseButton -> G(inspiratoryPause & inValveClose & outValveClose))),G((PCVMode | PSVMode) & inspiratoryPauseButton -> F(inspiratoryPhaseEnd & (inspiratoryPauseButton -> (inValveClose & outValveClose) U !inspiratoryPauseButton))),False
ADARULE,38,"In PCV and PSV modes there shall be the possibility to initiate an Inspiratory Pause if it is set by the GUI: When the Inspiratory Pause is set by the GUI, the ventilator shall wait for the end of the next inspiration phase, and if the Inspiratory Pause still required, both the inspiratory and expiratory valves will close until the inspiratory pause is stopped by the GUI.",!inspiratoryPauseButton & inspiratoryPhaseEnd U (inspiratoryPauseButton & inspiratoryPhaseEnd & G((PCVMode | PSVMode) & inspiratoryPauseButton -> G(inspiratoryPause & inValveClose & outValveClose))),G((PCVMode | PSVMode) & inspiratoryPauseButton -> F(inspiratoryPhaseEnd & (inspiratoryPauseButton -> (inValveClose & outValveClose) U !inspiratoryPauseButton))),False
ADARULE,38,"In PCV and PSV modes there shall be the possibility to initiate an Inspiratory Pause if it is set by the GUI: When the Inspiratory Pause is set by the GUI, the ventilator shall wait for the end of the next inspiration phase, and if the Inspiratory Pause still required, both the inspiratory and expiratory valves will close until the inspiratory pause is stopped by the GUI.",!inspiratoryPauseButton & inspiratoryPhaseEnd U (inspiratoryPauseButton & inspiratoryPhaseEnd & G((PCVMode | PSVMode) & inspiratoryPauseButton -> G(inspiratoryPause & inValveClose & outValveClose))),G((PCVMode | PSVMode) & inspiratoryPauseButton -> F(inspiratoryPhaseEnd & (inspiratoryPauseButton -> (inValveClose & outValveClose) U !inspiratoryPauseButton))),False
ADARULE,38,"In PCV and PSV modes there shall be the possibility to initiate an Inspiratory Pause if it is set by the GUI: When the Inspiratory Pause is set by the GUI, the ventilator shall wait for the end of the next inspiration phase, and if the Inspiratory Pause still required, both the inspiratory and expiratory valves will close until the inspiratory pause is stopped by the GUI.",!inspiratoryPauseButton & inspiratoryPhaseEnd U (inspiratoryPauseButton & inspiratoryPhaseEnd & G((PCVMode | PSVMode) & inspiratoryPauseButton -> G(inspiratoryPause & inValveClose & outValveClose))),G((PCVMode | PSVMode) & inspiratoryPauseButton -> F(inspiratoryPhaseEnd & F(inspiratoryPauseButton -> (inValveClose & outValveClose) U !inspiratoryPauseButton))),False
ADARULE,38,"In PCV and PSV modes there shall be the possibility to initiate an Inspiratory Pause if it is set by the GUI: When the Inspiratory Pause is set by the GUI, the ventilator shall wait for the end of the next inspiration phase, and if the Inspiratory Pause still required, both the inspiratory and expiratory valves will close until the inspiratory pause is stopped by the GUI.",!inspiratoryPauseButton & inspiratoryPhaseEnd U (inspiratoryPauseButton & inspiratoryPhaseEnd & G((PCVMode | PSVMode) & inspiratoryPauseButton -> G(inspiratoryPause & inValveClose & outValveClose))),G((PCVMode | PSVMode) & inspiratoryPauseButton -> F(inspiratoryPhaseEnd & F(inspiratoryPauseButton -> (inValveClose & outValveClose) U !inspiratoryPauseButton))),False
ADARULE,38,"In PCV and PSV modes there shall be the possibility to initiate an Inspiratory Pause if it is set by the GUI: When the Inspiratory Pause is set by the GUI, the ventilator shall wait for the end of the next inspiration phase, and if the Inspiratory Pause still required, both the inspiratory and expiratory valves will close until the inspiratory pause is stopped by the GUI.",!inspiratoryPauseButton & inspiratoryPhaseEnd U (inspiratoryPauseButton & inspiratoryPhaseEnd & G((PCVMode | PSVMode) & inspiratoryPauseButton -> G(inspiratoryPause & inValveClose & outValveClose))),G((PCVMode | PSVMode) & inspiratoryPauseButton -> F(inspiratoryPhaseEnd & (inspiratoryPauseButton -> (inValveClose & outValveClose) U !inspiratoryPauseButton))),False
ADARULE,38,"In PCV and PSV modes there shall be the possibility to initiate an Inspiratory Pause if it is set by the GUI: When the Inspiratory Pause is set by the GUI, the ventilator shall wait for the end of the next inspiration phase, and if the Inspiratory Pause still required, both the inspiratory and expiratory valves will close until the inspiratory pause is stopped by the GUI.",!inspiratoryPauseButton & inspiratoryPhaseEnd U (inspiratoryPauseButton & inspiratoryPhaseEnd & G((PCVMode | PSVMode) & inspiratoryPauseButton -> G(inspiratoryPause & inValveClose & outValveClose))),G((PCVMode | PSVMode) & inspiratoryPauseButton -> F(inspiratoryPhaseEnd & F(inspiratoryPauseButton -> (inValveClose & outValveClose) U !inspiratoryPauseButton))),False
ADARULE,38,"In PCV and PSV modes there shall be the possibility to initiate an Inspiratory Pause if it is set by the GUI: When the Inspiratory Pause is set by the GUI, the ventilator shall wait for the end of the next inspiration phase, and if the Inspiratory Pause still required, both the inspiratory and expiratory valves will close until the inspiratory pause is stopped by the GUI.",!inspiratoryPauseButton & inspiratoryPhaseEnd U (inspiratoryPauseButton & inspiratoryPhaseEnd & G((PCVMode | PSVMode) & inspiratoryPauseButton -> G(inspiratoryPause & inValveClose & outValveClose))),G((PCVMode | PSVMode) & inspiratoryPauseButton -> F(inspiratoryPhaseEnd & (inspiratoryPauseButton -> (inValveClose & outValveClose) U !inspiratoryPauseButton))),False
ADARULE,38,"In PCV and PSV modes there shall be the possibility to initiate an Inspiratory Pause if it is set by the GUI: When the Inspiratory Pause is set by the GUI, the ventilator shall wait for the end of the next inspiration phase, and if the Inspiratory Pause still required, both the inspiratory and expiratory valves will close until the inspiratory pause is stopped by the GUI.",!inspiratoryPauseButton & inspiratoryPhaseEnd U (inspiratoryPauseButton & inspiratoryPhaseEnd & G((PCVMode | PSVMode) & inspiratoryPauseButton -> G(inspiratoryPause & inValveClose & outValveClose))),G((PCVMode | PSVMode) & inspiratoryPauseButton -> F(inspiratoryPhaseEnd & F(inspiratoryPauseButton -> (inValveClose & outValveClose) U !inspiratoryPauseButton))),False
ADARULE,38,"In PCV and PSV modes there shall be the possibility to initiate an Inspiratory Pause if it is set by the GUI: When the Inspiratory Pause is set by the GUI, the ventilator shall wait for the end of the next inspiration phase, and if the Inspiratory Pause still required, both the inspiratory and expiratory valves will close until the inspiratory pause is stopped by the GUI.",!inspiratoryPauseButton & inspiratoryPhaseEnd U (inspiratoryPauseButton & inspiratoryPhaseEnd & G((PCVMode | PSVMode) & inspiratoryPauseButton -> G(inspiratoryPause & inValveClose & outValveClose))),G((PCVMode | PSVMode) & inspiratoryPauseButton -> F(inspiratoryPhaseEnd & F(inspiratoryPauseButton -> (inValveClose & outValveClose) U !inspiratoryPauseButton))),False
ADARULE,38,"In PCV and PSV modes there shall be the possibility to initiate an Inspiratory Pause if it is set by the GUI: When the Inspiratory Pause is set by the GUI, the ventilator shall wait for the end of the next inspiration phase, and if the Inspiratory Pause still required, both the inspiratory and expiratory valves will close until the inspiratory pause is stopped by the GUI.",!inspiratoryPauseButton & inspiratoryPhaseEnd U (inspiratoryPauseButton & inspiratoryPhaseEnd & G((PCVMode | PSVMode) & inspiratoryPauseButton -> G(inspiratoryPause & inValveClose & outValveClose))),G((PCVMode | PSVMode) & inspiratoryPauseButton -> F(inspiratoryPhaseEnd & (inspiratoryPauseButton -> (inValveClose & outValveClose) U !inspiratoryPauseButton))),False
ADARULE,38,"In PCV and PSV modes there shall be the possibility to initiate an Inspiratory Pause if it is set by the GUI: When the Inspiratory Pause is set by the GUI, the ventilator shall wait for the end of the next inspiration phase, and if the Inspiratory Pause still required, both the inspiratory and expiratory valves will close until the inspiratory pause is stopped by the GUI.",!inspiratoryPauseButton & inspiratoryPhaseEnd U (inspiratoryPauseButton & inspiratoryPhaseEnd & G((PCVMode | PSVMode) & inspiratoryPauseButton -> G(inspiratoryPause & inValveClose & outValveClose))),G((PCVMode | PSVMode) & inspiratoryPauseButton -> F(inspiratoryPhaseEnd & F(inspiratoryPauseButton -> (inValveClose & outValveClose) U !inspiratoryPauseButton))),False
ADARULE,38,"In PCV and PSV modes there shall be the possibility to initiate an Inspiratory Pause if it is set by the GUI: When the Inspiratory Pause is set by the GUI, the ventilator shall wait for the end of the next inspiration phase, and if the Inspiratory Pause still required, both the inspiratory and expiratory valves will close until the inspiratory pause is stopped by the GUI.",!inspiratoryPauseButton & inspiratoryPhaseEnd U (inspiratoryPauseButton & inspiratoryPhaseEnd & G((PCVMode | PSVMode) & inspiratoryPauseButton -> G(inspiratoryPause & inValveClose & outValveClose))),G((PCVMode | PSVMode) & inspiratoryPauseButton -> F(inspiratoryPhaseEnd & (inspiratoryPauseButton -> (inValveClose & outValveClose) U !inspiratoryPauseButton))),False
ADARULE,38,"In PCV and PSV modes there shall be the possibility to initiate an Inspiratory Pause if it is set by the GUI: When the Inspiratory Pause is set by the GUI, the ventilator shall wait for the end of the next inspiration phase, and if the Inspiratory Pause still required, both the inspiratory and expiratory valves will close until the inspiratory pause is stopped by the GUI.",!inspiratoryPauseButton & inspiratoryPhaseEnd U (inspiratoryPauseButton & inspiratoryPhaseEnd & G((PCVMode | PSVMode) & inspiratoryPauseButton -> G(inspiratoryPause & inValveClose & outValveClose))),G((PCVMode | PSVMode) & inspiratoryPauseButton -> F(inspiratoryPhaseEnd & (inspiratoryPauseButton -> (inValveClose & outValveClose) U !inspiratoryPauseButton))),False
ADARULE,38,"In PCV and PSV modes there shall be the possibility to initiate an Inspiratory Pause if it is set by the GUI: When the Inspiratory Pause is set by the GUI, the ventilator shall wait for the end of the next inspiration phase, and if the Inspiratory Pause still required, both the inspiratory and expiratory valves will close until the inspiratory pause is stopped by the GUI.",!inspiratoryPauseButton & inspiratoryPhaseEnd U (inspiratoryPauseButton & inspiratoryPhaseEnd & G((PCVMode | PSVMode) & inspiratoryPauseButton -> G(inspiratoryPause & inValveClose & outValveClose))),G((PCVMode | PSVMode) & inspiratoryPauseButton -> F(inspiratoryPhaseEnd & (inspiratoryPauseButton -> (inValveClose & outValveClose) U !inspiratoryPauseButton))),False
ADARULE,38,"In PCV and PSV modes there shall be the possibility to initiate an Inspiratory Pause if it is set by the GUI: When the Inspiratory Pause is set by the GUI, the ventilator shall wait for the end of the next inspiration phase, and if the Inspiratory Pause still required, both the inspiratory and expiratory valves will close until the inspiratory pause is stopped by the GUI.",!inspiratoryPauseButton & inspiratoryPhaseEnd U (inspiratoryPauseButton & inspiratoryPhaseEnd & G((PCVMode | PSVMode) & inspiratoryPauseButton -> G(inspiratoryPause & inValveClose & outValveClose))),G((PCVMode | PSVMode) & inspiratoryPauseButton -> F(inspiratoryPhaseEnd & F(inspiratoryPauseButton -> (inValveClose & outValveClose) U !inspiratoryPauseButton))),False
ADARULE,38,"In PCV and PSV modes there shall be the possibility to initiate an Inspiratory Pause if it is set by the GUI: When the Inspiratory Pause is set by the GUI, the ventilator shall wait for the end of the next inspiration phase, and if the Inspiratory Pause still required, both the inspiratory and expiratory valves will close until the inspiratory pause is stopped by the GUI.",!inspiratoryPauseButton & inspiratoryPhaseEnd U (inspiratoryPauseButton & inspiratoryPhaseEnd & G((PCVMode | PSVMode) & inspiratoryPauseButton -> G(inspiratoryPause & inValveClose & outValveClose))),G((PCVMode | PSVMode) & inspiratoryPauseButton -> F(inspiratoryPhaseEnd & F(inspiratoryPauseButton -> (inValveClose & outValveClose) U !inspiratoryPauseButton))),False
ADARULE,38,"In PCV and PSV modes there shall be the possibility to initiate an Inspiratory Pause if it is set by the GUI: When the Inspiratory Pause is set by the GUI, the ventilator shall wait for the end of the next inspiration phase, and if the Inspiratory Pause still required, both the inspiratory and expiratory valves will close until the inspiratory pause is stopped by the GUI.",!inspiratoryPauseButton & inspiratoryPhaseEnd U (inspiratoryPauseButton & inspiratoryPhaseEnd & G((PCVMode | PSVMode) & inspiratoryPauseButton -> G(inspiratoryPause & inValveClose & outValveClose))),G((PCVMode | PSVMode) & inspiratoryPauseButton -> F(inspiratoryPhaseEnd & F(inspiratoryPauseButton -> (inValveClose & outValveClose) U !inspiratoryPauseButton))),False
ADARULE,38,"In PCV and PSV modes there shall be the possibility to initiate an Inspiratory Pause if it is set by the GUI: When the Inspiratory Pause is set by the GUI, the ventilator shall wait for the end of the next inspiration phase, and if the Inspiratory Pause still required, both the inspiratory and expiratory valves will close until the inspiratory pause is stopped by the GUI.",!inspiratoryPauseButton & inspiratoryPhaseEnd U (inspiratoryPauseButton & inspiratoryPhaseEnd & G((PCVMode | PSVMode) & inspiratoryPauseButton -> G(inspiratoryPause & inValveClose & outValveClose))),G((PCVMode | PSVMode) & inspiratoryPauseButton -> F(inspiratoryPhaseEnd & (inspiratoryPauseButton -> (inValveClose & outValveClose) U !inspiratoryPauseButton))),False
ADARULE,38,"In PCV and PSV modes there shall be the possibility to initiate an Inspiratory Pause if it is set by the GUI: When the Inspiratory Pause is set by the GUI, the ventilator shall wait for the end of the next inspiration phase, and if the Inspiratory Pause still required, both the inspiratory and expiratory valves will close until the inspiratory pause is stopped by the GUI.",!inspiratoryPauseButton & inspiratoryPhaseEnd U (inspiratoryPauseButton & inspiratoryPhaseEnd & G((PCVMode | PSVMode) & inspiratoryPauseButton -> G(inspiratoryPause & inValveClose & outValveClose))),G((PCVMode | PSVMode) & inspiratoryPauseButton -> F(inspiratoryPhaseEnd & F(inspiratoryPauseButton -> (inValveClose & outValveClose) U !inspiratoryPauseButton))),False
ADARULE,38,"In PCV and PSV modes there shall be the possibility to initiate an Inspiratory Pause if it is set by the GUI: When the Inspiratory Pause is set by the GUI, the ventilator shall wait for the end of the next inspiration phase, and if the Inspiratory Pause still required, both the inspiratory and expiratory valves will close until the inspiratory pause is stopped by the GUI.",!inspiratoryPauseButton & inspiratoryPhaseEnd U (inspiratoryPauseButton & inspiratoryPhaseEnd & G((PCVMode | PSVMode) & inspiratoryPauseButton -> G(inspiratoryPause & inValveClose & outValveClose))),G((PCVMode | PSVMode) & inspiratoryPauseButton -> F(inspiratoryPhaseEnd & F(inspiratoryPauseButton -> (inValveClose & outValveClose) U !inspiratoryPauseButton))),False
ADARULE,38,"In PCV and PSV modes there shall be the possibility to initiate an Inspiratory Pause if it is set by the GUI: When the Inspiratory Pause is set by the GUI, the ventilator shall wait for the end of the next inspiration phase, and if the Inspiratory Pause still required, both the inspiratory and expiratory valves will close until the inspiratory pause is stopped by the GUI.",!inspiratoryPauseButton & inspiratoryPhaseEnd U (inspiratoryPauseButton & inspiratoryPhaseEnd & G((PCVMode | PSVMode) & inspiratoryPauseButton -> G(inspiratoryPause & inValveClose & outValveClose))),G((PCVMode | PSVMode) & inspiratoryPauseButton -> F(inspiratoryPhaseEnd & (inspiratoryPauseButton -> (inValveClose & outValveClose) U !inspiratoryPauseButton))),False
ADARULE,38,"In PCV and PSV modes there shall be the possibility to initiate an Inspiratory Pause if it is set by the GUI: When the Inspiratory Pause is set by the GUI, the ventilator shall wait for the end of the next inspiration phase, and if the Inspiratory Pause still required, both the inspiratory and expiratory valves will close until the inspiratory pause is stopped by the GUI.",!inspiratoryPauseButton & inspiratoryPhaseEnd U (inspiratoryPauseButton & inspiratoryPhaseEnd & G((PCVMode | PSVMode) & inspiratoryPauseButton -> G(inspiratoryPause & inValveClose & outValveClose))),G((PCVMode | PSVMode) & inspiratoryPauseButton -> F(inspiratoryPhaseEnd & F(inspiratoryPauseButton -> (inValveClose & outValveClose) U !inspiratoryPauseButton))),False
ADARULE,38,"In PCV and PSV modes there shall be the possibility to initiate an Inspiratory Pause if it is set by the GUI: When the Inspiratory Pause is set by the GUI, the ventilator shall wait for the end of the next inspiration phase, and if the Inspiratory Pause still required, both the inspiratory and expiratory valves will close until the inspiratory pause is stopped by the GUI.",!inspiratoryPauseButton & inspiratoryPhaseEnd U (inspiratoryPauseButton & inspiratoryPhaseEnd & G((PCVMode | PSVMode) & inspiratoryPauseButton -> G(inspiratoryPause & inValveClose & outValveClose))),G((PCVMode | PSVMode) & inspiratoryPauseButton -> F(inspiratoryPhaseEnd & (inspiratoryPauseButton -> (inValveClose & outValveClose) U !inspiratoryPauseButton))),False
ADARULE,38,"In PCV and PSV modes there shall be the possibility to initiate an Inspiratory Pause if it is set by the GUI: When the Inspiratory Pause is set by the GUI, the ventilator shall wait for the end of the next inspiration phase, and if the Inspiratory Pause still required, both the inspiratory and expiratory valves will close until the inspiratory pause is stopped by the GUI.",!inspiratoryPauseButton & inspiratoryPhaseEnd U (inspiratoryPauseButton & inspiratoryPhaseEnd & G((PCVMode | PSVMode) & inspiratoryPauseButton -> G(inspiratoryPause & inValveClose & outValveClose))),G((PCVMode | PSVMode) & inspiratoryPauseButton -> F(inspiratoryPhaseEnd & F(inspiratoryPauseButton -> (inValveClose & outValveClose) U !inspiratoryPauseButton))),False
ADARULE,38,"In PCV and PSV modes there shall be the possibility to initiate an Inspiratory Pause if it is set by the GUI: When the Inspiratory Pause is set by the GUI, the ventilator shall wait for the end of the next inspiration phase, and if the Inspiratory Pause still required, both the inspiratory and expiratory valves will close until the inspiratory pause is stopped by the GUI.",!inspiratoryPauseButton & inspiratoryPhaseEnd U (inspiratoryPauseButton & inspiratoryPhaseEnd & G((PCVMode | PSVMode) & inspiratoryPauseButton -> G(inspiratoryPause & inValveClose & outValveClose))),G((PCVMode | PSVMode) & inspiratoryPauseButton -> F(inspiratoryPhaseEnd & F(inspiratoryPauseButton -> (inValveClose & outValveClose) U !inspiratoryPauseButton))),False
ADARULE,38,"In PCV and PSV modes there shall be the possibility to initiate an Inspiratory Pause if it is set by the GUI: When the Inspiratory Pause is set by the GUI, the ventilator shall wait for the end of the next inspiration phase, and if the Inspiratory Pause still required, both the inspiratory and expiratory valves will close until the inspiratory pause is stopped by the GUI.",!inspiratoryPauseButton & inspiratoryPhaseEnd U (inspiratoryPauseButton & inspiratoryPhaseEnd & G((PCVMode | PSVMode) & inspiratoryPauseButton -> G(inspiratoryPause & inValveClose & outValveClose))),G((PCVMode | PSVMode) & inspiratoryPauseButton -> F(inspiratoryPhaseEnd & F(inspiratoryPauseButton -> (inValveClose & outValveClose) U !inspiratoryPauseButton))),False
ADARULE,38,"In PCV and PSV modes there shall be the possibility to initiate an Inspiratory Pause if it is set by the GUI: When the Inspiratory Pause is set by the GUI, the ventilator shall wait for the end of the next inspiration phase, and if the Inspiratory Pause still required, both the inspiratory and expiratory valves will close until the inspiratory pause is stopped by the GUI.",!inspiratoryPauseButton & inspiratoryPhaseEnd U (inspiratoryPauseButton & inspiratoryPhaseEnd & G((PCVMode | PSVMode) & inspiratoryPauseButton -> G(inspiratoryPause & inValveClose & outValveClose))),G((PCVMode | PSVMode) & inspiratoryPauseButton -> F(inspiratoryPhaseEnd & F(inspiratoryPauseButton -> (inValveClose & outValveClose) U !inspiratoryPauseButton))),False
ADARULE,38,"In PCV and PSV modes there shall be the possibility to initiate an Inspiratory Pause if it is set by the GUI: When the Inspiratory Pause is set by the GUI, the ventilator shall wait for the end of the next inspiration phase, and if the Inspiratory Pause still required, both the inspiratory and expiratory valves will close until the inspiratory pause is stopped by the GUI.",!inspiratoryPauseButton & inspiratoryPhaseEnd U (inspiratoryPauseButton & inspiratoryPhaseEnd & G((PCVMode | PSVMode) & inspiratoryPauseButton -> G(inspiratoryPause & inValveClose & outValveClose))),G((PCVMode | PSVMode) & inspiratoryPauseButton -> F(inspiratoryPhaseEnd & (inspiratoryPauseButton -> (inValveClose & outValveClose) U !inspiratoryPauseButton))),False
ADARULE,38,"In PCV and PSV modes there shall be the possibility to initiate an Inspiratory Pause if it is set by the GUI: When the Inspiratory Pause is set by the GUI, the ventilator shall wait for the end of the next inspiration phase, and if the Inspiratory Pause still required, both the inspiratory and expiratory valves will close until the inspiratory pause is stopped by the GUI.",!inspiratoryPauseButton & inspiratoryPhaseEnd U (inspiratoryPauseButton & inspiratoryPhaseEnd & G((PCVMode | PSVMode) & inspiratoryPauseButton -> G(inspiratoryPause & inValveClose & outValveClose))),G((PCVMode | PSVMode) & inspiratoryPauseButton -> F(inspiratoryPhaseEnd & F(inspiratoryPauseButton -> (inValveClose & outValveClose) U !inspiratoryPauseButton))),False
ADARULE,38,"In PCV and PSV modes there shall be the possibility to initiate an Inspiratory Pause if it is set by the GUI: When the Inspiratory Pause is set by the GUI, the ventilator shall wait for the end of the next inspiration phase, and if the Inspiratory Pause still required, both the inspiratory and expiratory valves will close until the inspiratory pause is stopped by the GUI.",!inspiratoryPauseButton & inspiratoryPhaseEnd U (inspiratoryPauseButton & inspiratoryPhaseEnd & G((PCVMode | PSVMode) & inspiratoryPauseButton -> G(inspiratoryPause & inValveClose & outValveClose))),G((PCVMode | PSVMode) & inspiratoryPauseButton -> F(inspiratoryPhaseEnd & (inspiratoryPauseButton -> (inValveClose & outValveClose) U !inspiratoryPauseButton))),False
ADARULE,38,"In PCV and PSV modes there shall be the possibility to initiate an Inspiratory Pause if it is set by the GUI: When the Inspiratory Pause is set by the GUI, the ventilator shall wait for the end of the next inspiration phase, and if the Inspiratory Pause still required, both the inspiratory and expiratory valves will close until the inspiratory pause is stopped by the GUI.",!inspiratoryPauseButton & inspiratoryPhaseEnd U (inspiratoryPauseButton & inspiratoryPhaseEnd & G((PCVMode | PSVMode) & inspiratoryPauseButton -> G(inspiratoryPause & inValveClose & outValveClose))),G((PCVMode | PSVMode) & inspiratoryPauseButton -> F(inspiratoryPhaseEnd & F(inspiratoryPauseButton -> (inValveClose & outValveClose) U !inspiratoryPauseButton))),False
ADARULE,38,"In PCV and PSV modes there shall be the possibility to initiate an Inspiratory Pause if it is set by the GUI: When the Inspiratory Pause is set by the GUI, the ventilator shall wait for the end of the next inspiration phase, and if the Inspiratory Pause still required, both the inspiratory and expiratory valves will close until the inspiratory pause is stopped by the GUI.",!inspiratoryPauseButton & inspiratoryPhaseEnd U (inspiratoryPauseButton & inspiratoryPhaseEnd & G((PCVMode | PSVMode) & inspiratoryPauseButton -> G(inspiratoryPause & inValveClose & outValveClose))),G((PCVMode | PSVMode) & inspiratoryPauseButton -> F(inspiratoryPhaseEnd & (inspiratoryPauseButton -> (inValveClose & outValveClose) U !inspiratoryPauseButton))),False
ADARULE,38,"In PCV and PSV modes there shall be the possibility to initiate an Inspiratory Pause if it is set by the GUI: When the Inspiratory Pause is set by the GUI, the ventilator shall wait for the end of the next inspiration phase, and if the Inspiratory Pause still required, both the inspiratory and expiratory valves will close until the inspiratory pause is stopped by the GUI.",!inspiratoryPauseButton & inspiratoryPhaseEnd U (inspiratoryPauseButton & inspiratoryPhaseEnd & G((PCVMode | PSVMode) & inspiratoryPauseButton -> G(inspiratoryPause & inValveClose & outValveClose))),G((PCVMode | PSVMode) & inspiratoryPauseButton -> F(inspiratoryPhaseEnd & (inspiratoryPauseButton -> (inValveClose & outValveClose) U !inspiratoryPauseButton))),False
ADARULE,38,"In PCV and PSV modes there shall be the possibility to initiate an Inspiratory Pause if it is set by the GUI: When the Inspiratory Pause is set by the GUI, the ventilator shall wait for the end of the next inspiration phase, and if the Inspiratory Pause still required, both the inspiratory and expiratory valves will close until the inspiratory pause is stopped by the GUI.",!inspiratoryPauseButton & inspiratoryPhaseEnd U (inspiratoryPauseButton & inspiratoryPhaseEnd & G((PCVMode | PSVMode) & inspiratoryPauseButton -> G(inspiratoryPause & inValveClose & outValveClose))),G((PCVMode | PSVMode) & inspiratoryPauseButton -> F(inspiratoryPhaseEnd & F(inspiratoryPauseButton -> (inValveClose & outValveClose) U !inspiratoryPauseButton))),False
ADARULE,38,"In PCV and PSV modes there shall be the possibility to initiate an Inspiratory Pause if it is set by the GUI: When the Inspiratory Pause is set by the GUI, the ventilator shall wait for the end of the next inspiration phase, and if the Inspiratory Pause still required, both the inspiratory and expiratory valves will close until the inspiratory pause is stopped by the GUI.",!inspiratoryPauseButton & inspiratoryPhaseEnd U (inspiratoryPauseButton & inspiratoryPhaseEnd & G((PCVMode | PSVMode) & inspiratoryPauseButton -> G(inspiratoryPause & inValveClose & outValveClose))),G((PCVMode | PSVMode) & inspiratoryPauseButton -> F(inspiratoryPhaseEnd & F(inspiratoryPauseButton -> (inValveClose & outValveClose) U !inspiratoryPauseButton))),False
ADARULE,38,"In PCV and PSV modes there shall be the possibility to initiate an Inspiratory Pause if it is set by the GUI: When the Inspiratory Pause is set by the GUI, the ventilator shall wait for the end of the next inspiration phase, and if the Inspiratory Pause still required, both the inspiratory and expiratory valves will close until the inspiratory pause is stopped by the GUI.",!inspiratoryPauseButton & inspiratoryPhaseEnd U (inspiratoryPauseButton & inspiratoryPhaseEnd & G((PCVMode | PSVMode) & inspiratoryPauseButton -> G(inspiratoryPause & inValveClose & outValveClose))),G((PCVMode | PSVMode) & inspiratoryPauseButton -> F(inspiratoryPhaseEnd & F(inspiratoryPauseButton -> (inValveClose & outValveClose) U !inspiratoryPauseButton))),False
ADARULE,38,"In PCV and PSV modes there shall be the possibility to initiate an Inspiratory Pause if it is set by the GUI: When the Inspiratory Pause is set by the GUI, the ventilator shall wait for the end of the next inspiration phase, and if the Inspiratory Pause still required, both the inspiratory and expiratory valves will close until the inspiratory pause is stopped by the GUI.",!inspiratoryPauseButton & inspiratoryPhaseEnd U (inspiratoryPauseButton & inspiratoryPhaseEnd & G((PCVMode | PSVMode) & inspiratoryPauseButton -> G(inspiratoryPause & inValveClose & outValveClose))),G((PCVMode | PSVMode) & inspiratoryPauseButton -> F(inspiratoryPhaseEnd & F(inspiratoryPauseButton -> (inValveClose & outValveClose) U !inspiratoryPauseButton))),False
ADARULE,38,"In PCV and PSV modes there shall be the possibility to initiate an Inspiratory Pause if it is set by the GUI: When the Inspiratory Pause is set by the GUI, the ventilator shall wait for the end of the next inspiration phase, and if the Inspiratory Pause still required, both the inspiratory and expiratory valves will close until the inspiratory pause is stopped by the GUI.",!inspiratoryPauseButton & inspiratoryPhaseEnd U (inspiratoryPauseButton & inspiratoryPhaseEnd & G((PCVMode | PSVMode) & inspiratoryPauseButton -> G(inspiratoryPause & inValveClose & outValveClose))),G((PCVMode | PSVMode) & inspiratoryPauseButton -> F(inspiratoryPhaseEnd & F(inspiratoryPauseButton -> (inValveClose & outValveClose) U !inspiratoryPauseButton))),False
ADARULE,38,"In PCV and PSV modes there shall be the possibility to initiate an Inspiratory Pause if it is set by the GUI: When the Inspiratory Pause is set by the GUI, the ventilator shall wait for the end of the next inspiration phase, and if the Inspiratory Pause still required, both the inspiratory and expiratory valves will close until the inspiratory pause is stopped by the GUI.",!inspiratoryPauseButton & inspiratoryPhaseEnd U (inspiratoryPauseButton & inspiratoryPhaseEnd & G((PCVMode | PSVMode) & inspiratoryPauseButton -> G(inspiratoryPause & inValveClose & outValveClose))),G((PCVMode | PSVMode) & inspiratoryPauseButton -> F(inspiratoryPhaseEnd & F(inspiratoryPauseButton -> (inValveClose & outValveClose) U !inspiratoryPauseButton))),False
ADARULE,38,"In PCV and PSV modes there shall be the possibility to initiate an Inspiratory Pause if it is set by the GUI: When the Inspiratory Pause is set by the GUI, the ventilator shall wait for the end of the next inspiration phase, and if the Inspiratory Pause still required, both the inspiratory and expiratory valves will close until the inspiratory pause is stopped by the GUI.",!inspiratoryPauseButton & inspiratoryPhaseEnd U (inspiratoryPauseButton & inspiratoryPhaseEnd & G((PCVMode | PSVMode) & inspiratoryPauseButton -> G(inspiratoryPause & inValveClose & outValveClose))),G((PCVMode | PSVMode) & inspiratoryPauseButton -> F(inspiratoryPhaseEnd & F(inspiratoryPauseButton -> (inValveClose & outValveClose) U !inspiratoryPauseButton))),False
ADARULE,38,"In PCV and PSV modes there shall be the possibility to initiate an Inspiratory Pause if it is set by the GUI: When the Inspiratory Pause is set by the GUI, the ventilator shall wait for the end of the next inspiration phase, and if the Inspiratory Pause still required, both the inspiratory and expiratory valves will close until the inspiratory pause is stopped by the GUI.",!inspiratoryPauseButton & inspiratoryPhaseEnd U (inspiratoryPauseButton & inspiratoryPhaseEnd & G((PCVMode | PSVMode) & inspiratoryPauseButton -> G(inspiratoryPause & inValveClose & outValveClose))),G((PCVMode | PSVMode) & inspiratoryPauseButton -> F(inspiratoryPhaseEnd & F(inspiratoryPauseButton -> (inValveClose & outValveClose) U !inspiratoryPauseButton))),False
ADARULE,38,"In PCV and PSV modes there shall be the possibility to initiate an Inspiratory Pause if it is set by the GUI: When the Inspiratory Pause is set by the GUI, the ventilator shall wait for the end of the next inspiration phase, and if the Inspiratory Pause still required, both the inspiratory and expiratory valves will close until the inspiratory pause is stopped by the GUI.",!inspiratoryPauseButton & inspiratoryPhaseEnd U (inspiratoryPauseButton & inspiratoryPhaseEnd & G((PCVMode | PSVMode) & inspiratoryPauseButton -> G(inspiratoryPause & inValveClose & outValveClose))),G((PCVMode | PSVMode) & inspiratoryPauseButton -> F(inspiratoryPhaseEnd & F(inspiratoryPauseButton -> (inValveClose & outValveClose) U !inspiratoryPauseButton))),False
ADARULE,38,"In PCV and PSV modes there shall be the possibility to initiate an Inspiratory Pause if it is set by the GUI: When the Inspiratory Pause is set by the GUI, the ventilator shall wait for the end of the next inspiration phase, and if the Inspiratory Pause still required, both the inspiratory and expiratory valves will close until the inspiratory pause is stopped by the GUI.",!inspiratoryPauseButton & inspiratoryPhaseEnd U (inspiratoryPauseButton & inspiratoryPhaseEnd & G((PCVMode | PSVMode) & inspiratoryPauseButton -> G(inspiratoryPause & inValveClose & outValveClose))),G((PCVMode | PSVMode) & inspiratoryPauseButton -> F(inspiratoryPhaseEnd & (inspiratoryPauseButton -> (inValveClose & outValveClose) U !inspiratoryPauseButton))),False
ADARULE,38,"In PCV and PSV modes there shall be the possibility to initiate an Inspiratory Pause if it is set by the GUI: When the Inspiratory Pause is set by the GUI, the ventilator shall wait for the end of the next inspiration phase, and if the Inspiratory Pause still required, both the inspiratory and expiratory valves will close until the inspiratory pause is stopped by the GUI.",!inspiratoryPauseButton & inspiratoryPhaseEnd U (inspiratoryPauseButton & inspiratoryPhaseEnd & G((PCVMode | PSVMode) & inspiratoryPauseButton -> G(inspiratoryPause & inValveClose & outValveClose))),G((PCVMode | PSVMode) & inspiratoryPauseButton -> F(inspiratoryPhaseEnd & F(inspiratoryPauseButton -> (inValveClose & outValveClose) U !inspiratoryPauseButton))),False
ADARULE,38,"In PCV and PSV modes there shall be the possibility to initiate an Inspiratory Pause if it is set by the GUI: When the Inspiratory Pause is set by the GUI, the ventilator shall wait for the end of the next inspiration phase, and if the Inspiratory Pause still required, both the inspiratory and expiratory valves will close until the inspiratory pause is stopped by the GUI.",!inspiratoryPauseButton & inspiratoryPhaseEnd U (inspiratoryPauseButton & inspiratoryPhaseEnd & G((PCVMode | PSVMode) & inspiratoryPauseButton -> G(inspiratoryPause & inValveClose & outValveClose))),G((PCVMode | PSVMode) & inspiratoryPauseButton -> F(inspiratoryPhaseEnd & F(inspiratoryPauseButton -> (inValveClose & outValveClose) U !inspiratoryPauseButton))),False
ADARULE,38,"In PCV and PSV modes there shall be the possibility to initiate an Inspiratory Pause if it is set by the GUI: When the Inspiratory Pause is set by the GUI, the ventilator shall wait for the end of the next inspiration phase, and if the Inspiratory Pause still required, both the inspiratory and expiratory valves will close until the inspiratory pause is stopped by the GUI.",!inspiratoryPauseButton & inspiratoryPhaseEnd U (inspiratoryPauseButton & inspiratoryPhaseEnd & G((PCVMode | PSVMode) & inspiratoryPauseButton -> G(inspiratoryPause & inValveClose & outValveClose))),G((PCVMode | PSVMode) & inspiratoryPauseButton -> F(inspiratoryPhaseEnd & F(inspiratoryPauseButton -> (inValveClose & outValveClose) U !inspiratoryPauseButton))),False
ADARULE,38,"In PCV and PSV modes there shall be the possibility to initiate an Inspiratory Pause if it is set by the GUI: When the Inspiratory Pause is set by the GUI, the ventilator shall wait for the end of the next inspiration phase, and if the Inspiratory Pause still required, both the inspiratory and expiratory valves will close until the inspiratory pause is stopped by the GUI.",!inspiratoryPauseButton & inspiratoryPhaseEnd U (inspiratoryPauseButton & inspiratoryPhaseEnd & G((PCVMode | PSVMode) & inspiratoryPauseButton -> G(inspiratoryPause & inValveClose & outValveClose))),G((PCVMode | PSVMode) & inspiratoryPauseButton -> F(inspiratoryPhaseEnd & F(inspiratoryPauseButton -> (inValveClose & outValveClose) U !inspiratoryPauseButton))),False
ADARULE,38,"In PCV and PSV modes there shall be the possibility to initiate an Inspiratory Pause if it is set by the GUI: When the Inspiratory Pause is set by the GUI, the ventilator shall wait for the end of the next inspiration phase, and if the Inspiratory Pause still required, both the inspiratory and expiratory valves will close until the inspiratory pause is stopped by the GUI.",!inspiratoryPauseButton & inspiratoryPhaseEnd U (inspiratoryPauseButton & inspiratoryPhaseEnd & G((PCVMode | PSVMode) & inspiratoryPauseButton -> G(inspiratoryPause & inValveClose & outValveClose))),G((PCVMode | PSVMode) & inspiratoryPauseButton -> F(inspiratoryPhaseEnd & (inspiratoryPauseButton -> (inValveClose & outValveClose) U !inspiratoryPauseButton))),False
ADARULE,38,"In PCV and PSV modes there shall be the possibility to initiate an Inspiratory Pause if it is set by the GUI: When the Inspiratory Pause is set by the GUI, the ventilator shall wait for the end of the next inspiration phase, and if the Inspiratory Pause still required, both the inspiratory and expiratory valves will close until the inspiratory pause is stopped by the GUI.",!inspiratoryPauseButton & inspiratoryPhaseEnd U (inspiratoryPauseButton & inspiratoryPhaseEnd & G((PCVMode | PSVMode) & inspiratoryPauseButton -> G(inspiratoryPause & inValveClose & outValveClose))),G((PCVMode | PSVMode) & inspiratoryPauseButton -> F(inspiratoryPhaseEnd & F(inspiratoryPauseButton -> (inValveClose & outValveClose) U !inspiratoryPauseButton))),False
ADARULE,38,"In PCV and PSV modes there shall be the possibility to initiate an Inspiratory Pause if it is set by the GUI: When the Inspiratory Pause is set by the GUI, the ventilator shall wait for the end of the next inspiration phase, and if the Inspiratory Pause still required, both the inspiratory and expiratory valves will close until the inspiratory pause is stopped by the GUI.",!inspiratoryPauseButton & inspiratoryPhaseEnd U (inspiratoryPauseButton & inspiratoryPhaseEnd & G((PCVMode | PSVMode) & inspiratoryPauseButton -> G(inspiratoryPause & inValveClose & outValveClose))),G((PCVMode | PSVMode) & inspiratoryPauseButton -> F(inspiratoryPhaseEnd & F(inspiratoryPauseButton -> (inValveClose & outValveClose) U !inspiratoryPauseButton))),False
ADARULE,38,"In PCV and PSV modes there shall be the possibility to initiate an Inspiratory Pause if it is set by the GUI: When the Inspiratory Pause is set by the GUI, the ventilator shall wait for the end of the next inspiration phase, and if the Inspiratory Pause still required, both the inspiratory and expiratory valves will close until the inspiratory pause is stopped by the GUI.",!inspiratoryPauseButton & inspiratoryPhaseEnd U (inspiratoryPauseButton & inspiratoryPhaseEnd & G((PCVMode | PSVMode) & inspiratoryPauseButton -> G(inspiratoryPause & inValveClose & outValveClose))),G((PCVMode | PSVMode) & inspiratoryPauseButton -> F(inspiratoryPhaseEnd & F(inspiratoryPauseButton -> (inValveClose & outValveClose) U !inspiratoryPauseButton))),False
ADARULE,38,"In PCV and PSV modes there shall be the possibility to initiate an Inspiratory Pause if it is set by the GUI: When the Inspiratory Pause is set by the GUI, the ventilator shall wait for the end of the next inspiration phase, and if the Inspiratory Pause still required, both the inspiratory and expiratory valves will close until the inspiratory pause is stopped by the GUI.",!inspiratoryPauseButton & inspiratoryPhaseEnd U (inspiratoryPauseButton & inspiratoryPhaseEnd & G((PCVMode | PSVMode) & inspiratoryPauseButton -> G(inspiratoryPause & inValveClose & outValveClose))),G((PCVMode | PSVMode) & inspiratoryPauseButton -> F(inspiratoryPhaseEnd & (inspiratoryPauseButton -> (inValveClose & outValveClose) U !inspiratoryPauseButton))),False
ADARULE,38,"In PCV and PSV modes there shall be the possibility to initiate an Inspiratory Pause if it is set by the GUI: When the Inspiratory Pause is set by the GUI, the ventilator shall wait for the end of the next inspiration phase, and if the Inspiratory Pause still required, both the inspiratory and expiratory valves will close until the inspiratory pause is stopped by the GUI.",!inspiratoryPauseButton & inspiratoryPhaseEnd U (inspiratoryPauseButton & inspiratoryPhaseEnd & G((PCVMode | PSVMode) & inspiratoryPauseButton -> G(inspiratoryPause & inValveClose & outValveClose))),G((PCVMode | PSVMode) & inspiratoryPauseButton -> F(inspiratoryPhaseEnd & F(inspiratoryPauseButton -> (inValveClose & outValveClose) U !inspiratoryPauseButton))),False
ADARULE,38,"In PCV and PSV modes there shall be the possibility to initiate an Inspiratory Pause if it is set by the GUI: When the Inspiratory Pause is set by the GUI, the ventilator shall wait for the end of the next inspiration phase, and if the Inspiratory Pause still required, both the inspiratory and expiratory valves will close until the inspiratory pause is stopped by the GUI.",!inspiratoryPauseButton & inspiratoryPhaseEnd U (inspiratoryPauseButton & inspiratoryPhaseEnd & G((PCVMode | PSVMode) & inspiratoryPauseButton -> G(inspiratoryPause & inValveClose & outValveClose))),G((PCVMode | PSVMode) & inspiratoryPauseButton -> F(inspiratoryPhaseEnd & (inspiratoryPauseButton -> (inValveClose & outValveClose) U !inspiratoryPauseButton))),False
ADARULE,38,"In PCV and PSV modes there shall be the possibility to initiate an Inspiratory Pause if it is set by the GUI: When the Inspiratory Pause is set by the GUI, the ventilator shall wait for the end of the next inspiration phase, and if the Inspiratory Pause still required, both the inspiratory and expiratory valves will close until the inspiratory pause is stopped by the GUI.",!inspiratoryPauseButton & inspiratoryPhaseEnd U (inspiratoryPauseButton & inspiratoryPhaseEnd & G((PCVMode | PSVMode) & inspiratoryPauseButton -> G(inspiratoryPause & inValveClose & outValveClose))),G((PCVMode | PSVMode) & inspiratoryPauseButton -> F(inspiratoryPhaseEnd & F(inspiratoryPauseButton -> (inValveClose & outValveClose) U !inspiratoryPauseButton))),False
ADARULE,38,"In PCV and PSV modes there shall be the possibility to initiate an Inspiratory Pause if it is set by the GUI: When the Inspiratory Pause is set by the GUI, the ventilator shall wait for the end of the next inspiration phase, and if the Inspiratory Pause still required, both the inspiratory and expiratory valves will close until the inspiratory pause is stopped by the GUI.",!inspiratoryPauseButton & inspiratoryPhaseEnd U (inspiratoryPauseButton & inspiratoryPhaseEnd & G((PCVMode | PSVMode) & inspiratoryPauseButton -> G(inspiratoryPause & inValveClose & outValveClose))),G((PCVMode | PSVMode) & inspiratoryPauseButton -> F(inspiratoryPhaseEnd & F(inspiratoryPauseButton -> (inValveClose & outValveClose) U !inspiratoryPauseButton))),False
ADARULE,38,"In PCV and PSV modes there shall be the possibility to initiate an Inspiratory Pause if it is set by the GUI: When the Inspiratory Pause is set by the GUI, the ventilator shall wait for the end of the next inspiration phase, and if the Inspiratory Pause still required, both the inspiratory and expiratory valves will close until the inspiratory pause is stopped by the GUI.",!inspiratoryPauseButton & inspiratoryPhaseEnd U (inspiratoryPauseButton & inspiratoryPhaseEnd & G((PCVMode | PSVMode) & inspiratoryPauseButton -> G(inspiratoryPause & inValveClose & outValveClose))),G((PCVMode | PSVMode) & inspiratoryPauseButton -> F(inspiratoryPhaseEnd & F(inspiratoryPauseButton -> (inValveClose & outValveClose) U !inspiratoryPauseButton))),False
ADARULE,38,"In PCV and PSV modes there shall be the possibility to initiate an Inspiratory Pause if it is set by the GUI: When the Inspiratory Pause is set by the GUI, the ventilator shall wait for the end of the next inspiration phase, and if the Inspiratory Pause still required, both the inspiratory and expiratory valves will close until the inspiratory pause is stopped by the GUI.",!inspiratoryPauseButton & inspiratoryPhaseEnd U (inspiratoryPauseButton & inspiratoryPhaseEnd & G((PCVMode | PSVMode) & inspiratoryPauseButton -> G(inspiratoryPause & inValveClose & outValveClose))),G((PCVMode | PSVMode) & inspiratoryPauseButton -> F(inspiratoryPhaseEnd & F(inspiratoryPauseButton -> (inValveClose & outValveClose) U !inspiratoryPauseButton))),False
ADARULE,38,"In PCV and PSV modes there shall be the possibility to initiate an Inspiratory Pause if it is set by the GUI: When the Inspiratory Pause is set by the GUI, the ventilator shall wait for the end of the next inspiration phase, and if the Inspiratory Pause still required, both the inspiratory and expiratory valves will close until the inspiratory pause is stopped by the GUI.",!inspiratoryPauseButton & inspiratoryPhaseEnd U (inspiratoryPauseButton & inspiratoryPhaseEnd & G((PCVMode | PSVMode) & inspiratoryPauseButton -> G(inspiratoryPause & inValveClose & outValveClose))),G((PCVMode | PSVMode) & inspiratoryPauseButton -> F(inspiratoryPhaseEnd & F(inspiratoryPauseButton -> (inValveClose & outValveClose) U !inspiratoryPauseButton))),False
ADARULE,38,"In PCV and PSV modes there shall be the possibility to initiate an Inspiratory Pause if it is set by the GUI: When the Inspiratory Pause is set by the GUI, the ventilator shall wait for the end of the next inspiration phase, and if the Inspiratory Pause still required, both the inspiratory and expiratory valves will close until the inspiratory pause is stopped by the GUI.",!inspiratoryPauseButton & inspiratoryPhaseEnd U (inspiratoryPauseButton & inspiratoryPhaseEnd & G((PCVMode | PSVMode) & inspiratoryPauseButton -> G(inspiratoryPause & inValveClose & outValveClose))),G((PCVMode | PSVMode) & inspiratoryPauseButton -> F(inspiratoryPhaseEnd & (inspiratoryPauseButton -> (inValveClose & outValveClose) U !inspiratoryPauseButton))),False
ADARULE,38,"In PCV and PSV modes there shall be the possibility to initiate an Inspiratory Pause if it is set by the GUI: When the Inspiratory Pause is set by the GUI, the ventilator shall wait for the end of the next inspiration phase, and if the Inspiratory Pause still required, both the inspiratory and expiratory valves will close until the inspiratory pause is stopped by the GUI.",!inspiratoryPauseButton & inspiratoryPhaseEnd U (inspiratoryPauseButton & inspiratoryPhaseEnd & G((PCVMode | PSVMode) & inspiratoryPauseButton -> G(inspiratoryPause & inValveClose & outValveClose))),G((PCVMode | PSVMode) & inspiratoryPauseButton -> F(inspiratoryPhaseEnd & F(inspiratoryPauseButton -> (inValveClose & outValveClose) U !inspiratoryPauseButton))),False
ADARULE,38,"In PCV and PSV modes there shall be the possibility to initiate an Inspiratory Pause if it is set by the GUI: When the Inspiratory Pause is set by the GUI, the ventilator shall wait for the end of the next inspiration phase, and if the Inspiratory Pause still required, both the inspiratory and expiratory valves will close until the inspiratory pause is stopped by the GUI.",!inspiratoryPauseButton & inspiratoryPhaseEnd U (inspiratoryPauseButton & inspiratoryPhaseEnd & G((PCVMode | PSVMode) & inspiratoryPauseButton -> G(inspiratoryPause & inValveClose & outValveClose))),G((PCVMode | PSVMode) & inspiratoryPauseButton -> F(inspiratoryPhaseEnd & (inspiratoryPauseButton -> (inValveClose & outValveClose) U !inspiratoryPauseButton))),False
ADARULE,38,"In PCV and PSV modes there shall be the possibility to initiate an Inspiratory Pause if it is set by the GUI: When the Inspiratory Pause is set by the GUI, the ventilator shall wait for the end of the next inspiration phase, and if the Inspiratory Pause still required, both the inspiratory and expiratory valves will close until the inspiratory pause is stopped by the GUI.",!inspiratoryPauseButton & inspiratoryPhaseEnd U (inspiratoryPauseButton & inspiratoryPhaseEnd & G((PCVMode | PSVMode) & inspiratoryPauseButton -> G(inspiratoryPause & inValveClose & outValveClose))),G((PCVMode | PSVMode) & inspiratoryPauseButton -> F(inspiratoryPhaseEnd & F(inspiratoryPauseButton -> (inValveClose & outValveClose) U !inspiratoryPauseButton))),False
ADARULE,38,"In PCV and PSV modes there shall be the possibility to initiate an Inspiratory Pause if it is set by the GUI: When the Inspiratory Pause is set by the GUI, the ventilator shall wait for the end of the next inspiration phase, and if the Inspiratory Pause still required, both the inspiratory and expiratory valves will close until the inspiratory pause is stopped by the GUI.",!inspiratoryPauseButton & inspiratoryPhaseEnd U (inspiratoryPauseButton & inspiratoryPhaseEnd & G((PCVMode | PSVMode) & inspiratoryPauseButton -> G(inspiratoryPause & inValveClose & outValveClose))),G((PCVMode | PSVMode) & inspiratoryPauseButton -> F(inspiratoryPhaseEnd & F(inspiratoryPauseButton -> (inValveClose & outValveClose) U !inspiratoryPauseButton))),False
ADARULE,38,"In PCV and PSV modes there shall be the possibility to initiate an Inspiratory Pause if it is set by the GUI: When the Inspiratory Pause is set by the GUI, the ventilator shall wait for the end of the next inspiration phase, and if the Inspiratory Pause still required, both the inspiratory and expiratory valves will close until the inspiratory pause is stopped by the GUI.",!inspiratoryPauseButton & inspiratoryPhaseEnd U (inspiratoryPauseButton & inspiratoryPhaseEnd & G((PCVMode | PSVMode) & inspiratoryPauseButton -> G(inspiratoryPause & inValveClose & outValveClose))),G((PCVMode | PSVMode) & inspiratoryPauseButton -> F(inspiratoryPhaseEnd & (inspiratoryPauseButton -> (inValveClose & outValveClose) U !inspiratoryPauseButton))),False
ADARULE,38,"In PCV and PSV modes there shall be the possibility to initiate an Inspiratory Pause if it is set by the GUI: When the Inspiratory Pause is set by the GUI, the ventilator shall wait for the end of the next inspiration phase, and if the Inspiratory Pause still required, both the inspiratory and expiratory valves will close until the inspiratory pause is stopped by the GUI.",!inspiratoryPauseButton & inspiratoryPhaseEnd U (inspiratoryPauseButton & inspiratoryPhaseEnd & G((PCVMode | PSVMode) & inspiratoryPauseButton -> G(inspiratoryPause & inValveClose & outValveClose))),G((PCVMode | PSVMode) & inspiratoryPauseButton -> F(inspiratoryPhaseEnd & F(inspiratoryPauseButton -> (inValveClose & outValveClose) U !inspiratoryPauseButton))),False
ADARULE,38,"In PCV and PSV modes there shall be the possibility to initiate an Inspiratory Pause if it is set by the GUI: When the Inspiratory Pause is set by the GUI, the ventilator shall wait for the end of the next inspiration phase, and if the Inspiratory Pause still required, both the inspiratory and expiratory valves will close until the inspiratory pause is stopped by the GUI.",!inspiratoryPauseButton & inspiratoryPhaseEnd U (inspiratoryPauseButton & inspiratoryPhaseEnd & G((PCVMode | PSVMode) & inspiratoryPauseButton -> G(inspiratoryPause & inValveClose & outValveClose))),G((PCVMode | PSVMode) & inspiratoryPauseButton -> F(inspiratoryPhaseEnd & (inspiratoryPauseButton -> (inValveClose & outValveClose) U !inspiratoryPauseButton))),False
ADARULE,38,"In PCV and PSV modes there shall be the possibility to initiate an Inspiratory Pause if it is set by the GUI: When the Inspiratory Pause is set by the GUI, the ventilator shall wait for the end of the next inspiration phase, and if the Inspiratory Pause still required, both the inspiratory and expiratory valves will close until the inspiratory pause is stopped by the GUI.",!inspiratoryPauseButton & inspiratoryPhaseEnd U (inspiratoryPauseButton & inspiratoryPhaseEnd & G((PCVMode | PSVMode) & inspiratoryPauseButton -> G(inspiratoryPause & inValveClose & outValveClose))),G((PCVMode | PSVMode) & inspiratoryPauseButton -> F(inspiratoryPhaseEnd & (inspiratoryPauseButton -> (inValveClose & outValveClose) U !inspiratoryPauseButton))),False
ADARULE,38,"In PCV and PSV modes there shall be the possibility to initiate an Inspiratory Pause if it is set by the GUI: When the Inspiratory Pause is set by the GUI, the ventilator shall wait for the end of the next inspiration phase, and if the Inspiratory Pause still required, both the inspiratory and expiratory valves will close until the inspiratory pause is stopped by the GUI.",!inspiratoryPauseButton & inspiratoryPhaseEnd U (inspiratoryPauseButton & inspiratoryPhaseEnd & G((PCVMode | PSVMode) & inspiratoryPauseButton -> G(inspiratoryPause & inValveClose & outValveClose))),G((PCVMode | PSVMode) & inspiratoryPauseButton -> F(inspiratoryPhaseEnd & (inspiratoryPauseButton -> (inValveClose & outValveClose) U !inspiratoryPauseButton))),False
ADARULE,38,"In PCV and PSV modes there shall be the possibility to initiate an Inspiratory Pause if it is set by the GUI: When the Inspiratory Pause is set by the GUI, the ventilator shall wait for the end of the next inspiration phase, and if the Inspiratory Pause still required, both the inspiratory and expiratory valves will close until the inspiratory pause is stopped by the GUI.",!inspiratoryPauseButton & inspiratoryPhaseEnd U (inspiratoryPauseButton & inspiratoryPhaseEnd & G((PCVMode | PSVMode) & inspiratoryPauseButton -> G(inspiratoryPause & inValveClose & outValveClose))),G((PCVMode | PSVMode) & inspiratoryPauseButton -> F(inspiratoryPhaseEnd & (inspiratoryPauseButton -> (inValveClose & outValveClose) U !inspiratoryPauseButton))),False
ADARULE,38,"In PCV and PSV modes there shall be the possibility to initiate an Inspiratory Pause if it is set by the GUI: When the Inspiratory Pause is set by the GUI, the ventilator shall wait for the end of the next inspiration phase, and if the Inspiratory Pause still required, both the inspiratory and expiratory valves will close until the inspiratory pause is stopped by the GUI.",!inspiratoryPauseButton & inspiratoryPhaseEnd U (inspiratoryPauseButton & inspiratoryPhaseEnd & G((PCVMode | PSVMode) & inspiratoryPauseButton -> G(inspiratoryPause & inValveClose & outValveClose))),G((PCVMode | PSVMode) & inspiratoryPauseButton -> F(inspiratoryPhaseEnd & F(inspiratoryPauseButton -> (inValveClose & outValveClose) U !inspiratoryPauseButton))),False
ADARULE,38,"In PCV and PSV modes there shall be the possibility to initiate an Inspiratory Pause if it is set by the GUI: When the Inspiratory Pause is set by the GUI, the ventilator shall wait for the end of the next inspiration phase, and if the Inspiratory Pause still required, both the inspiratory and expiratory valves will close until the inspiratory pause is stopped by the GUI.",!inspiratoryPauseButton & inspiratoryPhaseEnd U (inspiratoryPauseButton & inspiratoryPhaseEnd & G((PCVMode | PSVMode) & inspiratoryPauseButton -> G(inspiratoryPause & inValveClose & outValveClose))),G((PCVMode | PSVMode) & inspiratoryPauseButton -> F(inspiratoryPhaseEnd & (inspiratoryPauseButton -> (inValveClose & outValveClose) U !inspiratoryPauseButton))),False
ADARULE,38,"In PCV and PSV modes there shall be the possibility to initiate an Inspiratory Pause if it is set by the GUI: When the Inspiratory Pause is set by the GUI, the ventilator shall wait for the end of the next inspiration phase, and if the Inspiratory Pause still required, both the inspiratory and expiratory valves will close until the inspiratory pause is stopped by the GUI.",!inspiratoryPauseButton & inspiratoryPhaseEnd U (inspiratoryPauseButton & inspiratoryPhaseEnd & G((PCVMode | PSVMode) & inspiratoryPauseButton -> G(inspiratoryPause & inValveClose & outValveClose))),G((PCVMode | PSVMode) & inspiratoryPauseButton -> F(inspiratoryPhaseEnd & F(inspiratoryPauseButton -> (inValveClose & outValveClose) U !inspiratoryPauseButton))),False
ADARULE,38,"In PCV and PSV modes there shall be the possibility to initiate an Inspiratory Pause if it is set by the GUI: When the Inspiratory Pause is set by the GUI, the ventilator shall wait for the end of the next inspiration phase, and if the Inspiratory Pause still required, both the inspiratory and expiratory valves will close until the inspiratory pause is stopped by the GUI.",!inspiratoryPauseButton & inspiratoryPhaseEnd U (inspiratoryPauseButton & inspiratoryPhaseEnd & G((PCVMode | PSVMode) & inspiratoryPauseButton -> G(inspiratoryPause & inValveClose & outValveClose))),G((PCVMode | PSVMode) & inspiratoryPauseButton -> F(inspiratoryPhaseEnd & F(inspiratoryPauseButton -> (inValveClose & outValveClose) U !inspiratoryPauseButton))),False
ADARULE,38,"In PCV and PSV modes there shall be the possibility to initiate an Inspiratory Pause if it is set by the GUI: When the Inspiratory Pause is set by the GUI, the ventilator shall wait for the end of the next inspiration phase, and if the Inspiratory Pause still required, both the inspiratory and expiratory valves will close until the inspiratory pause is stopped by the GUI.",!inspiratoryPauseButton & inspiratoryPhaseEnd U (inspiratoryPauseButton & inspiratoryPhaseEnd & G((PCVMode | PSVMode) & inspiratoryPauseButton -> G(inspiratoryPause & inValveClose & outValveClose))),G((PCVMode | PSVMode) & inspiratoryPauseButton -> F(inspiratoryPhaseEnd & F(inspiratoryPauseButton -> (inValveClose & outValveClose) U !inspiratoryPauseButton))),False
ADARULE,38,"In PCV and PSV modes there shall be the possibility to initiate an Inspiratory Pause if it is set by the GUI: When the Inspiratory Pause is set by the GUI, the ventilator shall wait for the end of the next inspiration phase, and if the Inspiratory Pause still required, both the inspiratory and expiratory valves will close until the inspiratory pause is stopped by the GUI.",!inspiratoryPauseButton & inspiratoryPhaseEnd U (inspiratoryPauseButton & inspiratoryPhaseEnd & G((PCVMode | PSVMode) & inspiratoryPauseButton -> G(inspiratoryPause & inValveClose & outValveClose))),G((PCVMode | PSVMode) & inspiratoryPauseButton -> F(inspiratoryPhaseEnd & (inspiratoryPauseButton -> (inValveClose & outValveClose) U !inspiratoryPauseButton))),False
ADARULE,38,"In PCV and PSV modes there shall be the possibility to initiate an Inspiratory Pause if it is set by the GUI: When the Inspiratory Pause is set by the GUI, the ventilator shall wait for the end of the next inspiration phase, and if the Inspiratory Pause still required, both the inspiratory and expiratory valves will close until the inspiratory pause is stopped by the GUI.",!inspiratoryPauseButton & inspiratoryPhaseEnd U (inspiratoryPauseButton & inspiratoryPhaseEnd & G((PCVMode | PSVMode) & inspiratoryPauseButton -> G(inspiratoryPause & inValveClose & outValveClose))),G((PCVMode | PSVMode) & inspiratoryPauseButton -> F(inspiratoryPhaseEnd & (inspiratoryPauseButton -> (inValveClose & outValveClose) U !inspiratoryPauseButton))),False
ADARULE,44,A failure of the GUI (e.g. GUI freezes) or a loss of communication between the GUI and the Controller shall raise a high-priority alarm and any ongoing ventilation process shall not be interrupted.,!(guiFailure | ! guiConnected) U ((guiFailure | ! guiConnected) & F((ventilating & highPriorityAlarm))),G((guiFailure | !guiConnected) -> (highPriorityAlarm & G(ventilating))),False
ADARULE,44,A failure of the GUI (e.g. GUI freezes) or a loss of communication between the GUI and the Controller shall raise a high-priority alarm and any ongoing ventilation process shall not be interrupted.,!(guiFailure | ! guiConnected) U ((guiFailure | ! guiConnected) & F((ventilating & highPriorityAlarm))),G((guiFailure | !guiConnected) -> (highPriorityAlarm & G(ventilating))),False
ADARULE,44,A failure of the GUI (e.g. GUI freezes) or a loss of communication between the GUI and the Controller shall raise a high-priority alarm and any ongoing ventilation process shall not be interrupted.,!(guiFailure | ! guiConnected) U ((guiFailure | ! guiConnected) & F((ventilating & highPriorityAlarm))),G((guiFailure | !guiConnected) -> (highPriorityAlarm & G(ventilating))),False
ADARULE,44,A failure of the GUI (e.g. GUI freezes) or a loss of communication between the GUI and the Controller shall raise a high-priority alarm and any ongoing ventilation process shall not be interrupted.,!(guiFailure | ! guiConnected) U ((guiFailure | ! guiConnected) & F((ventilating & highPriorityAlarm))),G((guiFailure | !guiConnected) -> (highPriorityAlarm & G(ventilating))),False
ADARULE,44,A failure of the GUI (e.g. GUI freezes) or a loss of communication between the GUI and the Controller shall raise a high-priority alarm and any ongoing ventilation process shall not be interrupted.,!(guiFailure | ! guiConnected) U ((guiFailure | ! guiConnected) & F((ventilating & highPriorityAlarm))),G((guiFailure | !guiConnected) -> (highPriorityAlarm & G(ventilating))),False
ADARULE,44,A failure of the GUI (e.g. GUI freezes) or a loss of communication between the GUI and the Controller shall raise a high-priority alarm and any ongoing ventilation process shall not be interrupted.,!(guiFailure | ! guiConnected) U ((guiFailure | ! guiConnected) & F((ventilating & highPriorityAlarm))),G((guiFailure | !guiConnected) -> (highPriorityAlarm & G(ventilating))),False
ADARULE,44,A failure of the GUI (e.g. GUI freezes) or a loss of communication between the GUI and the Controller shall raise a high-priority alarm and any ongoing ventilation process shall not be interrupted.,!(guiFailure | ! guiConnected) U ((guiFailure | ! guiConnected) & F((ventilating & highPriorityAlarm))),G((guiFailure | !guiConnected) -> (highPriorityAlarm & G(ventilating))),False
ADARULE,44,A failure of the GUI (e.g. GUI freezes) or a loss of communication between the GUI and the Controller shall raise a high-priority alarm and any ongoing ventilation process shall not be interrupted.,!(guiFailure | ! guiConnected) U ((guiFailure | ! guiConnected) & F((ventilating & highPriorityAlarm))),G((guiFailure | !guiConnected) -> (highPriorityAlarm & G(ventilating))),False
ADARULE,44,A failure of the GUI (e.g. GUI freezes) or a loss of communication between the GUI and the Controller shall raise a high-priority alarm and any ongoing ventilation process shall not be interrupted.,!(guiFailure | ! guiConnected) U ((guiFailure | ! guiConnected) & F((ventilating & highPriorityAlarm))),G((guiFailure | !guiConnected) -> (highPriorityAlarm & G(ventilating))),False
ADARULE,44,A failure of the GUI (e.g. GUI freezes) or a loss of communication between the GUI and the Controller shall raise a high-priority alarm and any ongoing ventilation process shall not be interrupted.,!(guiFailure | ! guiConnected) U ((guiFailure | ! guiConnected) & F((ventilating & highPriorityAlarm))),G((guiFailure | !guiConnected) -> (highPriorityAlarm & G(ventilating))),False
ADARULE,44,A failure of the GUI (e.g. GUI freezes) or a loss of communication between the GUI and the Controller shall raise a high-priority alarm and any ongoing ventilation process shall not be interrupted.,!(guiFailure | ! guiConnected) U ((guiFailure | ! guiConnected) & F((ventilating & highPriorityAlarm))),G((guiFailure | !guiConnected) -> (highPriorityAlarm & G(ventilating))),False
ADARULE,44,A failure of the GUI (e.g. GUI freezes) or a loss of communication between the GUI and the Controller shall raise a high-priority alarm and any ongoing ventilation process shall not be interrupted.,!(guiFailure | ! guiConnected) U ((guiFailure | ! guiConnected) & F((ventilating & highPriorityAlarm))),G((guiFailure | !guiConnected) -> (highPriorityAlarm & G(ventilating))),False
ADARULE,44,A failure of the GUI (e.g. GUI freezes) or a loss of communication between the GUI and the Controller shall raise a high-priority alarm and any ongoing ventilation process shall not be interrupted.,!(guiFailure | ! guiConnected) U ((guiFailure | ! guiConnected) & F((ventilating & highPriorityAlarm))),G((guiFailure | !guiConnected) -> (highPriorityAlarm & G(ventilating))),False
ADARULE,44,A failure of the GUI (e.g. GUI freezes) or a loss of communication between the GUI and the Controller shall raise a high-priority alarm and any ongoing ventilation process shall not be interrupted.,!(guiFailure | ! guiConnected) U ((guiFailure | ! guiConnected) & F((ventilating & highPriorityAlarm))),G((guiFailure | !guiConnected) -> (highPriorityAlarm & G(ventilating))),False
ADARULE,44,A failure of the GUI (e.g. GUI freezes) or a loss of communication between the GUI and the Controller shall raise a high-priority alarm and any ongoing ventilation process shall not be interrupted.,!(guiFailure | ! guiConnected) U ((guiFailure | ! guiConnected) & F((ventilating & highPriorityAlarm))),G((guiFailure | !guiConnected) -> (highPriorityAlarm & G(ventilating))),False
ADARULE,44,A failure of the GUI (e.g. GUI freezes) or a loss of communication between the GUI and the Controller shall raise a high-priority alarm and any ongoing ventilation process shall not be interrupted.,!(guiFailure | ! guiConnected) U ((guiFailure | ! guiConnected) & F((ventilating & highPriorityAlarm))),G((guiFailure | !guiConnected) -> (highPriorityAlarm & G(ventilating))),False
ADARULE,44,A failure of the GUI (e.g. GUI freezes) or a loss of communication between the GUI and the Controller shall raise a high-priority alarm and any ongoing ventilation process shall not be interrupted.,!(guiFailure | ! guiConnected) U ((guiFailure | ! guiConnected) & F((ventilating & highPriorityAlarm))),G((guiFailure | !guiConnected) -> (highPriorityAlarm & G(ventilating))),False
ADARULE,44,A failure of the GUI (e.g. GUI freezes) or a loss of communication between the GUI and the Controller shall raise a high-priority alarm and any ongoing ventilation process shall not be interrupted.,!(guiFailure | ! guiConnected) U ((guiFailure | ! guiConnected) & F((ventilating & highPriorityAlarm))),G((guiFailure | !guiConnected) -> (highPriorityAlarm & G(ventilating))),False
ADARULE,44,A failure of the GUI (e.g. GUI freezes) or a loss of communication between the GUI and the Controller shall raise a high-priority alarm and any ongoing ventilation process shall not be interrupted.,!(guiFailure | ! guiConnected) U ((guiFailure | ! guiConnected) & F((ventilating & highPriorityAlarm))),G((guiFailure | !guiConnected) -> (highPriorityAlarm & G(ventilating))),False
ADARULE,44,A failure of the GUI (e.g. GUI freezes) or a loss of communication between the GUI and the Controller shall raise a high-priority alarm and any ongoing ventilation process shall not be interrupted.,!(guiFailure | ! guiConnected) U ((guiFailure | ! guiConnected) & F((ventilating & highPriorityAlarm))),G((guiFailure | !guiConnected) -> (highPriorityAlarm & G(ventilating))),False
ADARULE,44,A failure of the GUI (e.g. GUI freezes) or a loss of communication between the GUI and the Controller shall raise a high-priority alarm and any ongoing ventilation process shall not be interrupted.,!(guiFailure | ! guiConnected) U ((guiFailure | ! guiConnected) & F((ventilating & highPriorityAlarm))),G((guiFailure | !guiConnected) -> (highPriorityAlarm & G(ventilating))),False
ADARULE,44,A failure of the GUI (e.g. GUI freezes) or a loss of communication between the GUI and the Controller shall raise a high-priority alarm and any ongoing ventilation process shall not be interrupted.,!(guiFailure | ! guiConnected) U ((guiFailure | ! guiConnected) & F((ventilating & highPriorityAlarm))),G((guiFailure | !guiConnected) -> (highPriorityAlarm & G(ventilating))),False
ADARULE,44,A failure of the GUI (e.g. GUI freezes) or a loss of communication between the GUI and the Controller shall raise a high-priority alarm and any ongoing ventilation process shall not be interrupted.,!(guiFailure | ! guiConnected) U ((guiFailure | ! guiConnected) & F((ventilating & highPriorityAlarm))),G((guiFailure | !guiConnected) -> (highPriorityAlarm & G(ventilating))),False
ADARULE,44,A failure of the GUI (e.g. GUI freezes) or a loss of communication between the GUI and the Controller shall raise a high-priority alarm and any ongoing ventilation process shall not be interrupted.,!(guiFailure | ! guiConnected) U ((guiFailure | ! guiConnected) & F((ventilating & highPriorityAlarm))),G((guiFailure | !guiConnected) -> (highPriorityAlarm & G(ventilating))),False
ADARULE,44,A failure of the GUI (e.g. GUI freezes) or a loss of communication between the GUI and the Controller shall raise a high-priority alarm and any ongoing ventilation process shall not be interrupted.,!(guiFailure | ! guiConnected) U ((guiFailure | ! guiConnected) & F((ventilating & highPriorityAlarm))),G((guiFailure | !guiConnected) -> (highPriorityAlarm & G(ventilating))),False
ADARULE,44,A failure of the GUI (e.g. GUI freezes) or a loss of communication between the GUI and the Controller shall raise a high-priority alarm and any ongoing ventilation process shall not be interrupted.,!(guiFailure | ! guiConnected) U ((guiFailure | ! guiConnected) & F((ventilating & highPriorityAlarm))),G((guiFailure | !guiConnected) -> (highPriorityAlarm & G(ventilating))),False
ADARULE,44,A failure of the GUI (e.g. GUI freezes) or a loss of communication between the GUI and the Controller shall raise a high-priority alarm and any ongoing ventilation process shall not be interrupted.,!(guiFailure | ! guiConnected) U ((guiFailure | ! guiConnected) & F((ventilating & highPriorityAlarm))),G((guiFailure | !guiConnected) -> (highPriorityAlarm & G(ventilating))),False
ADARULE,44,A failure of the GUI (e.g. GUI freezes) or a loss of communication between the GUI and the Controller shall raise a high-priority alarm and any ongoing ventilation process shall not be interrupted.,!(guiFailure | ! guiConnected) U ((guiFailure | ! guiConnected) & F((ventilating & highPriorityAlarm))),G((guiFailure | !guiConnected) -> (highPriorityAlarm & G(ventilating))),False
ADARULE,44,A failure of the GUI (e.g. GUI freezes) or a loss of communication between the GUI and the Controller shall raise a high-priority alarm and any ongoing ventilation process shall not be interrupted.,!(guiFailure | ! guiConnected) U ((guiFailure | ! guiConnected) & F((ventilating & highPriorityAlarm))),G((guiFailure | !guiConnected) -> (highPriorityAlarm & G(ventilating))),False
ADARULE,44,A failure of the GUI (e.g. GUI freezes) or a loss of communication between the GUI and the Controller shall raise a high-priority alarm and any ongoing ventilation process shall not be interrupted.,!(guiFailure | ! guiConnected) U ((guiFailure | ! guiConnected) & F((ventilating & highPriorityAlarm))),G((guiFailure | !guiConnected) -> (highPriorityAlarm & G(ventilating))),False
ADARULE,44,A failure of the GUI (e.g. GUI freezes) or a loss of communication between the GUI and the Controller shall raise a high-priority alarm and any ongoing ventilation process shall not be interrupted.,!(guiFailure | ! guiConnected) U ((guiFailure | ! guiConnected) & F((ventilating & highPriorityAlarm))),G((guiFailure | !guiConnected) -> (highPriorityAlarm & G(ventilating))),False
ADARULE,44,A failure of the GUI (e.g. GUI freezes) or a loss of communication between the GUI and the Controller shall raise a high-priority alarm and any ongoing ventilation process shall not be interrupted.,!(guiFailure | ! guiConnected) U ((guiFailure | ! guiConnected) & F((ventilating & highPriorityAlarm))),G((guiFailure | !guiConnected) -> (highPriorityAlarm & G(ventilating))),False
ADARULE,44,A failure of the GUI (e.g. GUI freezes) or a loss of communication between the GUI and the Controller shall raise a high-priority alarm and any ongoing ventilation process shall not be interrupted.,!(guiFailure | ! guiConnected) U ((guiFailure | ! guiConnected) & F((ventilating & highPriorityAlarm))),G((guiFailure | !guiConnected) -> (highPriorityAlarm & G(ventilating))),False
ADARULE,44,A failure of the GUI (e.g. GUI freezes) or a loss of communication between the GUI and the Controller shall raise a high-priority alarm and any ongoing ventilation process shall not be interrupted.,!(guiFailure | ! guiConnected) U ((guiFailure | ! guiConnected) & F((ventilating & highPriorityAlarm))),G((guiFailure | !guiConnected) -> (highPriorityAlarm & G(ventilating))),False
ADARULE,44,A failure of the GUI (e.g. GUI freezes) or a loss of communication between the GUI and the Controller shall raise a high-priority alarm and any ongoing ventilation process shall not be interrupted.,!(guiFailure | ! guiConnected) U ((guiFailure | ! guiConnected) & F((ventilating & highPriorityAlarm))),G((guiFailure | !guiConnected) -> (highPriorityAlarm & G(ventilating))),False
ADARULE,44,A failure of the GUI (e.g. GUI freezes) or a loss of communication between the GUI and the Controller shall raise a high-priority alarm and any ongoing ventilation process shall not be interrupted.,!(guiFailure | ! guiConnected) U ((guiFailure | ! guiConnected) & F((ventilating & highPriorityAlarm))),G((guiFailure | !guiConnected) -> (highPriorityAlarm & G(ventilating))),False
ADARULE,44,A failure of the GUI (e.g. GUI freezes) or a loss of communication between the GUI and the Controller shall raise a high-priority alarm and any ongoing ventilation process shall not be interrupted.,!(guiFailure | ! guiConnected) U ((guiFailure | ! guiConnected) & F((ventilating & highPriorityAlarm))),G((guiFailure | !guiConnected) -> (highPriorityAlarm & G(ventilating))),False
ADARULE,44,A failure of the GUI (e.g. GUI freezes) or a loss of communication between the GUI and the Controller shall raise a high-priority alarm and any ongoing ventilation process shall not be interrupted.,!(guiFailure | ! guiConnected) U ((guiFailure | ! guiConnected) & F((ventilating & highPriorityAlarm))),G((guiFailure | !guiConnected) -> (highPriorityAlarm & G(ventilating))),False
ADARULE,44,A failure of the GUI (e.g. GUI freezes) or a loss of communication between the GUI and the Controller shall raise a high-priority alarm and any ongoing ventilation process shall not be interrupted.,!(guiFailure | ! guiConnected) U ((guiFailure | ! guiConnected) & F((ventilating & highPriorityAlarm))),G((guiFailure | !guiConnected) -> (highPriorityAlarm & G(ventilating))),False
ADARULE,44,A failure of the GUI (e.g. GUI freezes) or a loss of communication between the GUI and the Controller shall raise a high-priority alarm and any ongoing ventilation process shall not be interrupted.,!(guiFailure | ! guiConnected) U ((guiFailure | ! guiConnected) & F((ventilating & highPriorityAlarm))),G((guiFailure | !guiConnected) -> (highPriorityAlarm & G(ventilating))),False
ADARULE,44,A failure of the GUI (e.g. GUI freezes) or a loss of communication between the GUI and the Controller shall raise a high-priority alarm and any ongoing ventilation process shall not be interrupted.,!(guiFailure | ! guiConnected) U ((guiFailure | ! guiConnected) & F((ventilating & highPriorityAlarm))),G((guiFailure | !guiConnected) -> (highPriorityAlarm & G(ventilating))),False
ADARULE,44,A failure of the GUI (e.g. GUI freezes) or a loss of communication between the GUI and the Controller shall raise a high-priority alarm and any ongoing ventilation process shall not be interrupted.,!(guiFailure | ! guiConnected) U ((guiFailure | ! guiConnected) & F((ventilating & highPriorityAlarm))),G((guiFailure | !guiConnected) -> (highPriorityAlarm & G(ventilating))),False
ADARULE,44,A failure of the GUI (e.g. GUI freezes) or a loss of communication between the GUI and the Controller shall raise a high-priority alarm and any ongoing ventilation process shall not be interrupted.,!(guiFailure | ! guiConnected) U ((guiFailure | ! guiConnected) & F((ventilating & highPriorityAlarm))),G((guiFailure | !guiConnected) -> (highPriorityAlarm & G(ventilating -> X ventilating))),False
ADARULE,44,A failure of the GUI (e.g. GUI freezes) or a loss of communication between the GUI and the Controller shall raise a high-priority alarm and any ongoing ventilation process shall not be interrupted.,!(guiFailure | ! guiConnected) U ((guiFailure | ! guiConnected) & F((ventilating & highPriorityAlarm))),G((guiFailure | !guiConnected) -> (highPriorityAlarm & G(ventilating))),False
ADARULE,44,A failure of the GUI (e.g. GUI freezes) or a loss of communication between the GUI and the Controller shall raise a high-priority alarm and any ongoing ventilation process shall not be interrupted.,!(guiFailure | ! guiConnected) U ((guiFailure | ! guiConnected) & F((ventilating & highPriorityAlarm))),G((guiFailure | !guiConnected) -> (highPriorityAlarm & G(ventilating))),False
ADARULE,44,A failure of the GUI (e.g. GUI freezes) or a loss of communication between the GUI and the Controller shall raise a high-priority alarm and any ongoing ventilation process shall not be interrupted.,!(guiFailure | ! guiConnected) U ((guiFailure | ! guiConnected) & F((ventilating & highPriorityAlarm))),G((guiFailure | !guiConnected) -> (highPriorityAlarm & G(ventilating))),False
ADARULE,44,A failure of the GUI (e.g. GUI freezes) or a loss of communication between the GUI and the Controller shall raise a high-priority alarm and any ongoing ventilation process shall not be interrupted.,!(guiFailure | ! guiConnected) U ((guiFailure | ! guiConnected) & F((ventilating & highPriorityAlarm))),G((guiFailure | !guiConnected) -> (highPriorityAlarm & G(ventilating))),False
ADARULE,44,A failure of the GUI (e.g. GUI freezes) or a loss of communication between the GUI and the Controller shall raise a high-priority alarm and any ongoing ventilation process shall not be interrupted.,!(guiFailure | ! guiConnected) U ((guiFailure | ! guiConnected) & F((ventilating & highPriorityAlarm))),G((guiFailure | !guiConnected) -> (highPriorityAlarm & G(ventilating))),False
ADARULE,44,A failure of the GUI (e.g. GUI freezes) or a loss of communication between the GUI and the Controller shall raise a high-priority alarm and any ongoing ventilation process shall not be interrupted.,!(guiFailure | ! guiConnected) U ((guiFailure | ! guiConnected) & F((ventilating & highPriorityAlarm))),G((guiFailure | !guiConnected) -> (highPriorityAlarm & G(ventilating))),False
ADARULE,44,A failure of the GUI (e.g. GUI freezes) or a loss of communication between the GUI and the Controller shall raise a high-priority alarm and any ongoing ventilation process shall not be interrupted.,!(guiFailure | ! guiConnected) U ((guiFailure | ! guiConnected) & F((ventilating & highPriorityAlarm))),G((guiFailure | !guiConnected) -> (highPriorityAlarm & G(ventilating))),False
ADARULE,44,A failure of the GUI (e.g. GUI freezes) or a loss of communication between the GUI and the Controller shall raise a high-priority alarm and any ongoing ventilation process shall not be interrupted.,!(guiFailure | ! guiConnected) U ((guiFailure | ! guiConnected) & F((ventilating & highPriorityAlarm))),G((guiFailure | !guiConnected) -> (highPriorityAlarm & G(ventilating))),False
ADARULE,44,A failure of the GUI (e.g. GUI freezes) or a loss of communication between the GUI and the Controller shall raise a high-priority alarm and any ongoing ventilation process shall not be interrupted.,!(guiFailure | ! guiConnected) U ((guiFailure | ! guiConnected) & F((ventilating & highPriorityAlarm))),G((guiFailure | !guiConnected) -> (highPriorityAlarm & G(ventilating))),False
ADARULE,44,A failure of the GUI (e.g. GUI freezes) or a loss of communication between the GUI and the Controller shall raise a high-priority alarm and any ongoing ventilation process shall not be interrupted.,!(guiFailure | ! guiConnected) U ((guiFailure | ! guiConnected) & F((ventilating & highPriorityAlarm))),G((guiFailure | !guiConnected) -> (highPriorityAlarm & G(ventilating))),False
ADARULE,44,A failure of the GUI (e.g. GUI freezes) or a loss of communication between the GUI and the Controller shall raise a high-priority alarm and any ongoing ventilation process shall not be interrupted.,!(guiFailure | ! guiConnected) U ((guiFailure | ! guiConnected) & F((ventilating & highPriorityAlarm))),G((guiFailure | !guiConnected) -> (highPriorityAlarm & G(ventilating))),False
ADARULE,44,A failure of the GUI (e.g. GUI freezes) or a loss of communication between the GUI and the Controller shall raise a high-priority alarm and any ongoing ventilation process shall not be interrupted.,!(guiFailure | ! guiConnected) U ((guiFailure | ! guiConnected) & F((ventilating & highPriorityAlarm))),G((guiFailure | !guiConnected) -> (highPriorityAlarm & G(ventilating))),False
ADARULE,44,A failure of the GUI (e.g. GUI freezes) or a loss of communication between the GUI and the Controller shall raise a high-priority alarm and any ongoing ventilation process shall not be interrupted.,!(guiFailure | ! guiConnected) U ((guiFailure | ! guiConnected) & F((ventilating & highPriorityAlarm))),G((guiFailure | !guiConnected) -> (highPriorityAlarm & G(ventilating))),False
ADARULE,44,A failure of the GUI (e.g. GUI freezes) or a loss of communication between the GUI and the Controller shall raise a high-priority alarm and any ongoing ventilation process shall not be interrupted.,!(guiFailure | ! guiConnected) U ((guiFailure | ! guiConnected) & F((ventilating & highPriorityAlarm))),G((guiFailure | !guiConnected) -> (highPriorityAlarm & G(ventilating))),False
ADARULE,44,A failure of the GUI (e.g. GUI freezes) or a loss of communication between the GUI and the Controller shall raise a high-priority alarm and any ongoing ventilation process shall not be interrupted.,!(guiFailure | ! guiConnected) U ((guiFailure | ! guiConnected) & F((ventilating & highPriorityAlarm))),G((guiFailure | !guiConnected) -> (highPriorityAlarm & G(ventilating))),False
ADARULE,44,A failure of the GUI (e.g. GUI freezes) or a loss of communication between the GUI and the Controller shall raise a high-priority alarm and any ongoing ventilation process shall not be interrupted.,!(guiFailure | ! guiConnected) U ((guiFailure | ! guiConnected) & F((ventilating & highPriorityAlarm))),G((guiFailure | !guiConnected) -> (highPriorityAlarm & G(ventilating))),False
ADARULE,44,A failure of the GUI (e.g. GUI freezes) or a loss of communication between the GUI and the Controller shall raise a high-priority alarm and any ongoing ventilation process shall not be interrupted.,!(guiFailure | ! guiConnected) U ((guiFailure | ! guiConnected) & F((ventilating & highPriorityAlarm))),G((guiFailure | !guiConnected) -> (highPriorityAlarm & G(ventilating))),False
ADARULE,44,A failure of the GUI (e.g. GUI freezes) or a loss of communication between the GUI and the Controller shall raise a high-priority alarm and any ongoing ventilation process shall not be interrupted.,!(guiFailure | ! guiConnected) U ((guiFailure | ! guiConnected) & F((ventilating & highPriorityAlarm))),G((guiFailure | !guiConnected) -> (highPriorityAlarm & G(ventilating))),False
ADARULE,44,A failure of the GUI (e.g. GUI freezes) or a loss of communication between the GUI and the Controller shall raise a high-priority alarm and any ongoing ventilation process shall not be interrupted.,!(guiFailure | ! guiConnected) U ((guiFailure | ! guiConnected) & F((ventilating & highPriorityAlarm))),G((guiFailure | !guiConnected) -> (highPriorityAlarm & G(ventilating))),False
ADARULE,44,A failure of the GUI (e.g. GUI freezes) or a loss of communication between the GUI and the Controller shall raise a high-priority alarm and any ongoing ventilation process shall not be interrupted.,!(guiFailure | ! guiConnected) U ((guiFailure | ! guiConnected) & F((ventilating & highPriorityAlarm))),G((guiFailure | !guiConnected) -> (highPriorityAlarm & G(ventilating))),False
ADARULE,44,A failure of the GUI (e.g. GUI freezes) or a loss of communication between the GUI and the Controller shall raise a high-priority alarm and any ongoing ventilation process shall not be interrupted.,!(guiFailure | ! guiConnected) U ((guiFailure | ! guiConnected) & F((ventilating & highPriorityAlarm))),G((guiFailure | !guiConnected) -> (highPriorityAlarm & G(ventilating))),False
ADARULE,44,A failure of the GUI (e.g. GUI freezes) or a loss of communication between the GUI and the Controller shall raise a high-priority alarm and any ongoing ventilation process shall not be interrupted.,!(guiFailure | ! guiConnected) U ((guiFailure | ! guiConnected) & F((ventilating & highPriorityAlarm))),G((guiFailure | !guiConnected) -> (highPriorityAlarm & G(ventilating))),False
ADARULE,44,A failure of the GUI (e.g. GUI freezes) or a loss of communication between the GUI and the Controller shall raise a high-priority alarm and any ongoing ventilation process shall not be interrupted.,!(guiFailure | ! guiConnected) U ((guiFailure | ! guiConnected) & F((ventilating & highPriorityAlarm))),G((guiFailure | !guiConnected) -> (highPriorityAlarm & G(ventilating))),False
ADARULE,44,A failure of the GUI (e.g. GUI freezes) or a loss of communication between the GUI and the Controller shall raise a high-priority alarm and any ongoing ventilation process shall not be interrupted.,!(guiFailure | ! guiConnected) U ((guiFailure | ! guiConnected) & F((ventilating & highPriorityAlarm))),G((guiFailure | !guiConnected) -> (highPriorityAlarm & G(ventilating))),False
ADARULE,44,A failure of the GUI (e.g. GUI freezes) or a loss of communication between the GUI and the Controller shall raise a high-priority alarm and any ongoing ventilation process shall not be interrupted.,!(guiFailure | ! guiConnected) U ((guiFailure | ! guiConnected) & F((ventilating & highPriorityAlarm))),G((guiFailure | !guiConnected) -> (highPriorityAlarm & G(ventilating))),False
ADARULE,44,A failure of the GUI (e.g. GUI freezes) or a loss of communication between the GUI and the Controller shall raise a high-priority alarm and any ongoing ventilation process shall not be interrupted.,!(guiFailure | ! guiConnected) U ((guiFailure | ! guiConnected) & F((ventilating & highPriorityAlarm))),G((guiFailure | !guiConnected) -> (highPriorityAlarm & G(ventilating))),False
ADARULE,44,A failure of the GUI (e.g. GUI freezes) or a loss of communication between the GUI and the Controller shall raise a high-priority alarm and any ongoing ventilation process shall not be interrupted.,!(guiFailure | ! guiConnected) U ((guiFailure | ! guiConnected) & F((ventilating & highPriorityAlarm))),G((guiFailure | !guiConnected) -> (highPriorityAlarm & G(ventilating))),False
ADARULE,44,A failure of the GUI (e.g. GUI freezes) or a loss of communication between the GUI and the Controller shall raise a high-priority alarm and any ongoing ventilation process shall not be interrupted.,!(guiFailure | ! guiConnected) U ((guiFailure | ! guiConnected) & F((ventilating & highPriorityAlarm))),G((guiFailure | !guiConnected) -> (highPriorityAlarm & G(ventilating))),False
ADARULE,44,A failure of the GUI (e.g. GUI freezes) or a loss of communication between the GUI and the Controller shall raise a high-priority alarm and any ongoing ventilation process shall not be interrupted.,!(guiFailure | ! guiConnected) U ((guiFailure | ! guiConnected) & F((ventilating & highPriorityAlarm))),G((guiFailure | !guiConnected) -> (highPriorityAlarm & G(ventilating))),False
ADARULE,44,A failure of the GUI (e.g. GUI freezes) or a loss of communication between the GUI and the Controller shall raise a high-priority alarm and any ongoing ventilation process shall not be interrupted.,!(guiFailure | ! guiConnected) U ((guiFailure | ! guiConnected) & F((ventilating & highPriorityAlarm))),G((guiFailure | !guiConnected) -> (highPriorityAlarm & G(ventilating))),False
ADARULE,44,A failure of the GUI (e.g. GUI freezes) or a loss of communication between the GUI and the Controller shall raise a high-priority alarm and any ongoing ventilation process shall not be interrupted.,!(guiFailure | ! guiConnected) U ((guiFailure | ! guiConnected) & F((ventilating & highPriorityAlarm))),G((guiFailure | !guiConnected) -> (highPriorityAlarm & G(ventilating))),False
ADARULE,44,A failure of the GUI (e.g. GUI freezes) or a loss of communication between the GUI and the Controller shall raise a high-priority alarm and any ongoing ventilation process shall not be interrupted.,!(guiFailure | ! guiConnected) U ((guiFailure | ! guiConnected) & F((ventilating & highPriorityAlarm))),G((guiFailure | !guiConnected) -> (highPriorityAlarm & G(ventilating -> X ventilating))),False
ADARULE,44,A failure of the GUI (e.g. GUI freezes) or a loss of communication between the GUI and the Controller shall raise a high-priority alarm and any ongoing ventilation process shall not be interrupted.,!(guiFailure | ! guiConnected) U ((guiFailure | ! guiConnected) & F((ventilating & highPriorityAlarm))),G((guiFailure | !guiConnected) -> (highPriorityAlarm & G(ventilating))),False
ADARULE,44,A failure of the GUI (e.g. GUI freezes) or a loss of communication between the GUI and the Controller shall raise a high-priority alarm and any ongoing ventilation process shall not be interrupted.,!(guiFailure | ! guiConnected) U ((guiFailure | ! guiConnected) & F((ventilating & highPriorityAlarm))),G((guiFailure | !guiConnected) -> (highPriorityAlarm & G(ventilating))),False
ADARULE,44,A failure of the GUI (e.g. GUI freezes) or a loss of communication between the GUI and the Controller shall raise a high-priority alarm and any ongoing ventilation process shall not be interrupted.,!(guiFailure | ! guiConnected) U ((guiFailure | ! guiConnected) & F((ventilating & highPriorityAlarm))),G((guiFailure | !guiConnected) -> (highPriorityAlarm & G(ventilating))),False
ADARULE,44,A failure of the GUI (e.g. GUI freezes) or a loss of communication between the GUI and the Controller shall raise a high-priority alarm and any ongoing ventilation process shall not be interrupted.,!(guiFailure | ! guiConnected) U ((guiFailure | ! guiConnected) & F((ventilating & highPriorityAlarm))),G((guiFailure | !guiConnected) -> (highPriorityAlarm & G(ventilating))),False
ADARULE,44,A failure of the GUI (e.g. GUI freezes) or a loss of communication between the GUI and the Controller shall raise a high-priority alarm and any ongoing ventilation process shall not be interrupted.,!(guiFailure | ! guiConnected) U ((guiFailure | ! guiConnected) & F((ventilating & highPriorityAlarm))),G((guiFailure | !guiConnected) -> (highPriorityAlarm & G(ventilating))),False
ADARULE,44,A failure of the GUI (e.g. GUI freezes) or a loss of communication between the GUI and the Controller shall raise a high-priority alarm and any ongoing ventilation process shall not be interrupted.,!(guiFailure | ! guiConnected) U ((guiFailure | ! guiConnected) & F((ventilating & highPriorityAlarm))),G((guiFailure | !guiConnected) -> (highPriorityAlarm & G(ventilating))),False
ADARULE,44,A failure of the GUI (e.g. GUI freezes) or a loss of communication between the GUI and the Controller shall raise a high-priority alarm and any ongoing ventilation process shall not be interrupted.,!(guiFailure | ! guiConnected) U ((guiFailure | ! guiConnected) & F((ventilating & highPriorityAlarm))),G((guiFailure | !guiConnected) -> (highPriorityAlarm & G(ventilating))),False
ADARULE,44,A failure of the GUI (e.g. GUI freezes) or a loss of communication between the GUI and the Controller shall raise a high-priority alarm and any ongoing ventilation process shall not be interrupted.,!(guiFailure | ! guiConnected) U ((guiFailure | ! guiConnected) & F((ventilating & highPriorityAlarm))),G((guiFailure | !guiConnected) -> (highPriorityAlarm & G(ventilating))),False
ADARULE,44,A failure of the GUI (e.g. GUI freezes) or a loss of communication between the GUI and the Controller shall raise a high-priority alarm and any ongoing ventilation process shall not be interrupted.,!(guiFailure | ! guiConnected) U ((guiFailure | ! guiConnected) & F((ventilating & highPriorityAlarm))),G((guiFailure | !guiConnected) -> (highPriorityAlarm & G(ventilating))),False
ADARULE,44,A failure of the GUI (e.g. GUI freezes) or a loss of communication between the GUI and the Controller shall raise a high-priority alarm and any ongoing ventilation process shall not be interrupted.,!(guiFailure | ! guiConnected) U ((guiFailure | ! guiConnected) & F((ventilating & highPriorityAlarm))),G((guiFailure | !guiConnected) -> (highPriorityAlarm & G(ventilating))),False
ADARULE,44,A failure of the GUI (e.g. GUI freezes) or a loss of communication between the GUI and the Controller shall raise a high-priority alarm and any ongoing ventilation process shall not be interrupted.,!(guiFailure | ! guiConnected) U ((guiFailure | ! guiConnected) & F((ventilating & highPriorityAlarm))),G((guiFailure | !guiConnected) -> (highPriorityAlarm & G(ventilating))),False
ADARULE,44,A failure of the GUI (e.g. GUI freezes) or a loss of communication between the GUI and the Controller shall raise a high-priority alarm and any ongoing ventilation process shall not be interrupted.,!(guiFailure | ! guiConnected) U ((guiFailure | ! guiConnected) & F((ventilating & highPriorityAlarm))),G((guiFailure | !guiConnected) -> (highPriorityAlarm & G(ventilating))),False
ADARULE,44,A failure of the GUI (e.g. GUI freezes) or a loss of communication between the GUI and the Controller shall raise a high-priority alarm and any ongoing ventilation process shall not be interrupted.,!(guiFailure | ! guiConnected) U ((guiFailure | ! guiConnected) & F((ventilating & highPriorityAlarm))),G((guiFailure | !guiConnected) -> (highPriorityAlarm & G(ventilating))),False
ADARULE,44,A failure of the GUI (e.g. GUI freezes) or a loss of communication between the GUI and the Controller shall raise a high-priority alarm and any ongoing ventilation process shall not be interrupted.,!(guiFailure | ! guiConnected) U ((guiFailure | ! guiConnected) & F((ventilating & highPriorityAlarm))),G((guiFailure | !guiConnected) -> (highPriorityAlarm & G(ventilating))),False
ADARULE,44,A failure of the GUI (e.g. GUI freezes) or a loss of communication between the GUI and the Controller shall raise a high-priority alarm and any ongoing ventilation process shall not be interrupted.,!(guiFailure | ! guiConnected) U ((guiFailure | ! guiConnected) & F((ventilating & highPriorityAlarm))),G((guiFailure | !guiConnected) -> (highPriorityAlarm & G(ventilating))),False
ADARULE,44,A failure of the GUI (e.g. GUI freezes) or a loss of communication between the GUI and the Controller shall raise a high-priority alarm and any ongoing ventilation process shall not be interrupted.,!(guiFailure | ! guiConnected) U ((guiFailure | ! guiConnected) & F((ventilating & highPriorityAlarm))),G((guiFailure | !guiConnected) -> (highPriorityAlarm & G(ventilating))),False
ADARULE,44,A failure of the GUI (e.g. GUI freezes) or a loss of communication between the GUI and the Controller shall raise a high-priority alarm and any ongoing ventilation process shall not be interrupted.,!(guiFailure | ! guiConnected) U ((guiFailure | ! guiConnected) & F((ventilating & highPriorityAlarm))),G((guiFailure | !guiConnected) -> (highPriorityAlarm & G(ventilating))),False
ADARULE,44,A failure of the GUI (e.g. GUI freezes) or a loss of communication between the GUI and the Controller shall raise a high-priority alarm and any ongoing ventilation process shall not be interrupted.,!(guiFailure | ! guiConnected) U ((guiFailure | ! guiConnected) & F((ventilating & highPriorityAlarm))),G((guiFailure | !guiConnected) -> (highPriorityAlarm & G(ventilating))),False
ADARULE,44,A failure of the GUI (e.g. GUI freezes) or a loss of communication between the GUI and the Controller shall raise a high-priority alarm and any ongoing ventilation process shall not be interrupted.,!(guiFailure | ! guiConnected) U ((guiFailure | ! guiConnected) & F((ventilating & highPriorityAlarm))),G((guiFailure | !guiConnected) -> (highPriorityAlarm & G(ventilating))),False
ADARULE,44,A failure of the GUI (e.g. GUI freezes) or a loss of communication between the GUI and the Controller shall raise a high-priority alarm and any ongoing ventilation process shall not be interrupted.,!(guiFailure | ! guiConnected) U ((guiFailure | ! guiConnected) & F((ventilating & highPriorityAlarm))),G((guiFailure | !guiConnected) -> (highPriorityAlarm & G(ventilating))),False
ADARULE,44,A failure of the GUI (e.g. GUI freezes) or a loss of communication between the GUI and the Controller shall raise a high-priority alarm and any ongoing ventilation process shall not be interrupted.,!(guiFailure | ! guiConnected) U ((guiFailure | ! guiConnected) & F((ventilating & highPriorityAlarm))),G((guiFailure | !guiConnected) -> (highPriorityAlarm & G(ventilating))),False
ADARULE,44,A failure of the GUI (e.g. GUI freezes) or a loss of communication between the GUI and the Controller shall raise a high-priority alarm and any ongoing ventilation process shall not be interrupted.,!(guiFailure | ! guiConnected) U ((guiFailure | ! guiConnected) & F((ventilating & highPriorityAlarm))),G((guiFailure | !guiConnected) -> (highPriorityAlarm & G(ventilating))),False
ADARULE,44,A failure of the GUI (e.g. GUI freezes) or a loss of communication between the GUI and the Controller shall raise a high-priority alarm and any ongoing ventilation process shall not be interrupted.,!(guiFailure | ! guiConnected) U ((guiFailure | ! guiConnected) & F((ventilating & highPriorityAlarm))),G((guiFailure | !guiConnected) -> (highPriorityAlarm & G(ventilating))),False
ADARULE,44,A failure of the GUI (e.g. GUI freezes) or a loss of communication between the GUI and the Controller shall raise a high-priority alarm and any ongoing ventilation process shall not be interrupted.,!(guiFailure | ! guiConnected) U ((guiFailure | ! guiConnected) & F((ventilating & highPriorityAlarm))),G((guiFailure | !guiConnected) -> (highPriorityAlarm & G(ventilating))),False
ADARULE,44,A failure of the GUI (e.g. GUI freezes) or a loss of communication between the GUI and the Controller shall raise a high-priority alarm and any ongoing ventilation process shall not be interrupted.,!(guiFailure | ! guiConnected) U ((guiFailure | ! guiConnected) & F((ventilating & highPriorityAlarm))),G((guiFailure | !guiConnected) -> (highPriorityAlarm & G(ventilating))),False
ADARULE,51,The system shall prompt the user before ventilation is started to enter user-controlled alarm thresholds for SAV.3- SAV.9,((enterAlarmThresholds)),G(ventilationStarted -> F(enterAlarmThresholds)),False
ADARULE,51,The system shall prompt the user before ventilation is started to enter user-controlled alarm thresholds for SAV.3- SAV.9,((enterAlarmThresholds)),G(!ventilationStarted | F(enterAlarmThresholds & F(ventilationStarted))),False
ADARULE,51,The system shall prompt the user before ventilation is started to enter user-controlled alarm thresholds for SAV.3- SAV.9,((enterAlarmThresholds)),G(!ventilationStarted | F(enterAlarmThresholds & F(ventilationStarted))),False
ADARULE,51,The system shall prompt the user before ventilation is started to enter user-controlled alarm thresholds for SAV.3- SAV.9,((enterAlarmThresholds)),G(!ventilationStarted | F(enterAlarmThresholds & F(ventilationStarted))),False
ADARULE,51,The system shall prompt the user before ventilation is started to enter user-controlled alarm thresholds for SAV.3- SAV.9,((enterAlarmThresholds)),G(!ventilationStarted | F(enterAlarmThresholds & F(ventilationStarted))),False
ADARULE,51,The system shall prompt the user before ventilation is started to enter user-controlled alarm thresholds for SAV.3- SAV.9,((enterAlarmThresholds)),G(!ventilationStarted | F(enterAlarmThresholds & F(ventilationStarted))),False
ADARULE,51,The system shall prompt the user before ventilation is started to enter user-controlled alarm thresholds for SAV.3- SAV.9,((enterAlarmThresholds)),G(!ventilationStarted | F(enterAlarmThresholds & F(ventilationStarted))),False
ADARULE,51,The system shall prompt the user before ventilation is started to enter user-controlled alarm thresholds for SAV.3- SAV.9,((enterAlarmThresholds)),G(!ventilationStarted | F(enterAlarmThresholds & F(ventilationStarted))),False
ADARULE,51,The system shall prompt the user before ventilation is started to enter user-controlled alarm thresholds for SAV.3- SAV.9,((enterAlarmThresholds)),G(ventilationStarted -> F(enterAlarmThresholds)),False
ADARULE,51,The system shall prompt the user before ventilation is started to enter user-controlled alarm thresholds for SAV.3- SAV.9,((enterAlarmThresholds)),G(!ventilationStarted | F(enterAlarmThresholds & F(ventilationStarted))),False
ADARULE,51,The system shall prompt the user before ventilation is started to enter user-controlled alarm thresholds for SAV.3- SAV.9,((enterAlarmThresholds)),G(!ventilationStarted | F(enterAlarmThresholds & F(ventilationStarted))),False
ADARULE,51,The system shall prompt the user before ventilation is started to enter user-controlled alarm thresholds for SAV.3- SAV.9,((enterAlarmThresholds)),G(!ventilationStarted | F(enterAlarmThresholds & F(ventilationStarted))),False
ADARULE,51,The system shall prompt the user before ventilation is started to enter user-controlled alarm thresholds for SAV.3- SAV.9,((enterAlarmThresholds)),G(!ventilationStarted | F(enterAlarmThresholds & F(ventilationStarted))),False
ADARULE,51,The system shall prompt the user before ventilation is started to enter user-controlled alarm thresholds for SAV.3- SAV.9,((enterAlarmThresholds)),G(!ventilationStarted | F(enterAlarmThresholds & F(ventilationStarted))),False
ADARULE,51,The system shall prompt the user before ventilation is started to enter user-controlled alarm thresholds for SAV.3- SAV.9,((enterAlarmThresholds)),G(!ventilationStarted | F(enterAlarmThresholds & F(ventilationStarted))),False
ADARULE,51,The system shall prompt the user before ventilation is started to enter user-controlled alarm thresholds for SAV.3- SAV.9,((enterAlarmThresholds)),G(!ventilationStarted | F(enterAlarmThresholds & F(ventilationStarted))),False
ADARULE,51,The system shall prompt the user before ventilation is started to enter user-controlled alarm thresholds for SAV.3- SAV.9,((enterAlarmThresholds)),G(ventilationStarted -> F(enterAlarmThresholds)),False
ADARULE,51,The system shall prompt the user before ventilation is started to enter user-controlled alarm thresholds for SAV.3- SAV.9,((enterAlarmThresholds)),G(!ventilationStarted | F(enterAlarmThresholds & F(ventilationStarted))),False
ADARULE,51,The system shall prompt the user before ventilation is started to enter user-controlled alarm thresholds for SAV.3- SAV.9,((enterAlarmThresholds)),G(ventilationStarted -> F(enterAlarmThresholds)),False
ADARULE,51,The system shall prompt the user before ventilation is started to enter user-controlled alarm thresholds for SAV.3- SAV.9,((enterAlarmThresholds)),G(!ventilationStarted | F(enterAlarmThresholds & F(ventilationStarted))),False
ADARULE,51,The system shall prompt the user before ventilation is started to enter user-controlled alarm thresholds for SAV.3- SAV.9,((enterAlarmThresholds)),G(!ventilationStarted | F(enterAlarmThresholds & F(ventilationStarted))),False
ADARULE,51,The system shall prompt the user before ventilation is started to enter user-controlled alarm thresholds for SAV.3- SAV.9,((enterAlarmThresholds)),G(!ventilationStarted | F(enterAlarmThresholds & F(ventilationStarted))),False
ADARULE,51,The system shall prompt the user before ventilation is started to enter user-controlled alarm thresholds for SAV.3- SAV.9,((enterAlarmThresholds)),G(!ventilationStarted | F(enterAlarmThresholds & F(ventilationStarted))),False
ADARULE,51,The system shall prompt the user before ventilation is started to enter user-controlled alarm thresholds for SAV.3- SAV.9,((enterAlarmThresholds)),G(!ventilationStarted | F(enterAlarmThresholds & F(ventilationStarted))),False
ADARULE,51,The system shall prompt the user before ventilation is started to enter user-controlled alarm thresholds for SAV.3- SAV.9,((enterAlarmThresholds)),G(!ventilationStarted | F(enterAlarmThresholds & F(ventilationStarted))),False
ADARULE,51,The system shall prompt the user before ventilation is started to enter user-controlled alarm thresholds for SAV.3- SAV.9,((enterAlarmThresholds)),G(!ventilationStarted | F(enterAlarmThresholds & F(ventilationStarted))),False
ADARULE,51,The system shall prompt the user before ventilation is started to enter user-controlled alarm thresholds for SAV.3- SAV.9,((enterAlarmThresholds)),G(!ventilationStarted | F(enterAlarmThresholds & F(ventilationStarted))),False
ADARULE,51,The system shall prompt the user before ventilation is started to enter user-controlled alarm thresholds for SAV.3- SAV.9,((enterAlarmThresholds)),G(!ventilationStarted | F(enterAlarmThresholds & F(ventilationStarted))),False
ADARULE,51,The system shall prompt the user before ventilation is started to enter user-controlled alarm thresholds for SAV.3- SAV.9,((enterAlarmThresholds)),G(!ventilationStarted | F(enterAlarmThresholds & F(ventilationStarted))),False
ADARULE,51,The system shall prompt the user before ventilation is started to enter user-controlled alarm thresholds for SAV.3- SAV.9,((enterAlarmThresholds)),G(!ventilationStarted | F(enterAlarmThresholds & F(ventilationStarted))),False
ADARULE,51,The system shall prompt the user before ventilation is started to enter user-controlled alarm thresholds for SAV.3- SAV.9,((enterAlarmThresholds)),G(!ventilationStarted | F(enterAlarmThresholds & F(ventilationStarted))),False
ADARULE,51,The system shall prompt the user before ventilation is started to enter user-controlled alarm thresholds for SAV.3- SAV.9,((enterAlarmThresholds)),G(!ventilationStarted | F(enterAlarmThresholds & F(ventilationStarted))),False
ADARULE,51,The system shall prompt the user before ventilation is started to enter user-controlled alarm thresholds for SAV.3- SAV.9,((enterAlarmThresholds)),G(!ventilationStarted | F(enterAlarmThresholds & F(ventilationStarted))),False
ADARULE,51,The system shall prompt the user before ventilation is started to enter user-controlled alarm thresholds for SAV.3- SAV.9,((enterAlarmThresholds)),G(ventilationStarted -> F(enterAlarmThresholds)),False
ADARULE,51,The system shall prompt the user before ventilation is started to enter user-controlled alarm thresholds for SAV.3- SAV.9,((enterAlarmThresholds)),G(!ventilationStarted | F(enterAlarmThresholds & F(ventilationStarted))),False
ADARULE,51,The system shall prompt the user before ventilation is started to enter user-controlled alarm thresholds for SAV.3- SAV.9,((enterAlarmThresholds)),G(!ventilationStarted | F(enterAlarmThresholds & F(ventilationStarted))),False
ADARULE,51,The system shall prompt the user before ventilation is started to enter user-controlled alarm thresholds for SAV.3- SAV.9,((enterAlarmThresholds)),G(!ventilationStarted | F(enterAlarmThresholds & F(ventilationStarted))),False
ADARULE,51,The system shall prompt the user before ventilation is started to enter user-controlled alarm thresholds for SAV.3- SAV.9,((enterAlarmThresholds)),G(!ventilationStarted | F(enterAlarmThresholds & F(ventilationStarted))),False
ADARULE,51,The system shall prompt the user before ventilation is started to enter user-controlled alarm thresholds for SAV.3- SAV.9,((enterAlarmThresholds)),G(!ventilationStarted | F(enterAlarmThresholds & F(ventilationStarted))),False
ADARULE,51,The system shall prompt the user before ventilation is started to enter user-controlled alarm thresholds for SAV.3- SAV.9,((enterAlarmThresholds)),G(!ventilationStarted | F(enterAlarmThresholds & F(ventilationStarted))),False
ADARULE,51,The system shall prompt the user before ventilation is started to enter user-controlled alarm thresholds for SAV.3- SAV.9,((enterAlarmThresholds)),G(!ventilationStarted | F(enterAlarmThresholds & F(ventilationStarted))),False
ADARULE,51,The system shall prompt the user before ventilation is started to enter user-controlled alarm thresholds for SAV.3- SAV.9,((enterAlarmThresholds)),G(!ventilationStarted | F(enterAlarmThresholds & F(ventilationStarted))),False
ADARULE,51,The system shall prompt the user before ventilation is started to enter user-controlled alarm thresholds for SAV.3- SAV.9,((enterAlarmThresholds)),G(!ventilationStarted | F(enterAlarmThresholds & F(ventilationStarted))),False
ADARULE,51,The system shall prompt the user before ventilation is started to enter user-controlled alarm thresholds for SAV.3- SAV.9,((enterAlarmThresholds)),G(!ventilationStarted | F(enterAlarmThresholds & F(ventilationStarted))),False
ADARULE,51,The system shall prompt the user before ventilation is started to enter user-controlled alarm thresholds for SAV.3- SAV.9,((enterAlarmThresholds)),G(!ventilationStarted | F(enterAlarmThresholds & F(ventilationStarted))),False
ADARULE,51,The system shall prompt the user before ventilation is started to enter user-controlled alarm thresholds for SAV.3- SAV.9,((enterAlarmThresholds)),G(ventilationStarted -> F(enterAlarmThresholds)),False
ADARULE,51,The system shall prompt the user before ventilation is started to enter user-controlled alarm thresholds for SAV.3- SAV.9,((enterAlarmThresholds)),G(!ventilationStarted | F(enterAlarmThresholds & F(ventilationStarted))),False
ADARULE,51,The system shall prompt the user before ventilation is started to enter user-controlled alarm thresholds for SAV.3- SAV.9,((enterAlarmThresholds)),G(ventilationStarted -> F(enterAlarmThresholds)),False
ADARULE,51,The system shall prompt the user before ventilation is started to enter user-controlled alarm thresholds for SAV.3- SAV.9,((enterAlarmThresholds)),G(!ventilationStarted | F(enterAlarmThresholds & F(ventilationStarted))),False
ADARULE,51,The system shall prompt the user before ventilation is started to enter user-controlled alarm thresholds for SAV.3- SAV.9,((enterAlarmThresholds)),G(!ventilationStarted | F(enterAlarmThresholds & F(ventilationStarted))),False
ADARULE,51,The system shall prompt the user before ventilation is started to enter user-controlled alarm thresholds for SAV.3- SAV.9,((enterAlarmThresholds)),G(!ventilationStarted | F(enterAlarmThresholds & F(ventilationStarted))),False
ADARULE,51,The system shall prompt the user before ventilation is started to enter user-controlled alarm thresholds for SAV.3- SAV.9,((enterAlarmThresholds)),G(!ventilationStarted | F(enterAlarmThresholds & F(ventilationStarted))),False
ADARULE,51,The system shall prompt the user before ventilation is started to enter user-controlled alarm thresholds for SAV.3- SAV.9,((enterAlarmThresholds)),G(!ventilationStarted | F(enterAlarmThresholds & F(ventilationStarted))),False
ADARULE,51,The system shall prompt the user before ventilation is started to enter user-controlled alarm thresholds for SAV.3- SAV.9,((enterAlarmThresholds)),G(!ventilationStarted | F(enterAlarmThresholds & F(ventilationStarted))),False
ADARULE,51,The system shall prompt the user before ventilation is started to enter user-controlled alarm thresholds for SAV.3- SAV.9,((enterAlarmThresholds)),G(!ventilationStarted | F(enterAlarmThresholds & F(ventilationStarted))),False
ADARULE,51,The system shall prompt the user before ventilation is started to enter user-controlled alarm thresholds for SAV.3- SAV.9,((enterAlarmThresholds)),G(!ventilationStarted | F(enterAlarmThresholds & F(ventilationStarted))),False
ADARULE,51,The system shall prompt the user before ventilation is started to enter user-controlled alarm thresholds for SAV.3- SAV.9,((enterAlarmThresholds)),G(!ventilationStarted | F(enterAlarmThresholds & F(ventilationStarted))),False
ADARULE,51,The system shall prompt the user before ventilation is started to enter user-controlled alarm thresholds for SAV.3- SAV.9,((enterAlarmThresholds)),G(!ventilationStarted | F(enterAlarmThresholds & F(ventilationStarted))),False
ADARULE,51,The system shall prompt the user before ventilation is started to enter user-controlled alarm thresholds for SAV.3- SAV.9,((enterAlarmThresholds)),G(!ventilationStarted | F(enterAlarmThresholds & F(ventilationStarted))),False
ADARULE,51,The system shall prompt the user before ventilation is started to enter user-controlled alarm thresholds for SAV.3- SAV.9,((enterAlarmThresholds)),G(!ventilationStarted | F(enterAlarmThresholds & F(ventilationStarted))),False
ADARULE,51,The system shall prompt the user before ventilation is started to enter user-controlled alarm thresholds for SAV.3- SAV.9,((enterAlarmThresholds)),G(!ventilationStarted | F(enterAlarmThresholds & F(ventilationStarted))),False
ADARULE,51,The system shall prompt the user before ventilation is started to enter user-controlled alarm thresholds for SAV.3- SAV.9,((enterAlarmThresholds)),G(!ventilationStarted | F(enterAlarmThresholds & F(ventilationStarted))),False
ADARULE,51,The system shall prompt the user before ventilation is started to enter user-controlled alarm thresholds for SAV.3- SAV.9,((enterAlarmThresholds)),G(!ventilationStarted | F(enterAlarmThresholds & F(ventilationStarted))),False
ADARULE,51,The system shall prompt the user before ventilation is started to enter user-controlled alarm thresholds for SAV.3- SAV.9,((enterAlarmThresholds)),G(!ventilationStarted | F(enterAlarmThresholds & F(ventilationStarted))),False
ADARULE,51,The system shall prompt the user before ventilation is started to enter user-controlled alarm thresholds for SAV.3- SAV.9,((enterAlarmThresholds)),G(!ventilationStarted | F(enterAlarmThresholds & F(ventilationStarted))),False
ADARULE,51,The system shall prompt the user before ventilation is started to enter user-controlled alarm thresholds for SAV.3- SAV.9,((enterAlarmThresholds)),G(!ventilationStarted | F(enterAlarmThresholds & F(ventilationStarted))),False
ADARULE,51,The system shall prompt the user before ventilation is started to enter user-controlled alarm thresholds for SAV.3- SAV.9,((enterAlarmThresholds)),G(!ventilationStarted | F(enterAlarmThresholds & F(ventilationStarted))),False
ADARULE,51,The system shall prompt the user before ventilation is started to enter user-controlled alarm thresholds for SAV.3- SAV.9,((enterAlarmThresholds)),G(!ventilationStarted | F(enterAlarmThresholds & F(ventilationStarted))),False
ADARULE,51,The system shall prompt the user before ventilation is started to enter user-controlled alarm thresholds for SAV.3- SAV.9,((enterAlarmThresholds)),G(ventilationStarted -> F(enterAlarmThresholds)),False
ADARULE,51,The system shall prompt the user before ventilation is started to enter user-controlled alarm thresholds for SAV.3- SAV.9,((enterAlarmThresholds)),G(!ventilationStarted | F(enterAlarmThresholds & F(ventilationStarted))),False
ADARULE,51,The system shall prompt the user before ventilation is started to enter user-controlled alarm thresholds for SAV.3- SAV.9,((enterAlarmThresholds)),G(!ventilationStarted | F(enterAlarmThresholds & F(ventilationStarted))),False
ADARULE,51,The system shall prompt the user before ventilation is started to enter user-controlled alarm thresholds for SAV.3- SAV.9,((enterAlarmThresholds)),G(!ventilationStarted | F(enterAlarmThresholds & F(ventilationStarted))),False
ADARULE,51,The system shall prompt the user before ventilation is started to enter user-controlled alarm thresholds for SAV.3- SAV.9,((enterAlarmThresholds)),G(!ventilationStarted | F(enterAlarmThresholds & F(ventilationStarted))),False
ADARULE,51,The system shall prompt the user before ventilation is started to enter user-controlled alarm thresholds for SAV.3- SAV.9,((enterAlarmThresholds)),G(!ventilationStarted | F(enterAlarmThresholds & F(ventilationStarted))),False
ADARULE,51,The system shall prompt the user before ventilation is started to enter user-controlled alarm thresholds for SAV.3- SAV.9,((enterAlarmThresholds)),G(!ventilationStarted | F(enterAlarmThresholds & F(ventilationStarted))),False
ADARULE,51,The system shall prompt the user before ventilation is started to enter user-controlled alarm thresholds for SAV.3- SAV.9,((enterAlarmThresholds)),G(!ventilationStarted | F(enterAlarmThresholds & F(ventilationStarted))),False
ADARULE,51,The system shall prompt the user before ventilation is started to enter user-controlled alarm thresholds for SAV.3- SAV.9,((enterAlarmThresholds)),G(!ventilationStarted | F(enterAlarmThresholds & F(ventilationStarted))),False
ADARULE,51,The system shall prompt the user before ventilation is started to enter user-controlled alarm thresholds for SAV.3- SAV.9,((enterAlarmThresholds)),G(!ventilationStarted | F(enterAlarmThresholds & F(ventilationStarted))),False
ADARULE,51,The system shall prompt the user before ventilation is started to enter user-controlled alarm thresholds for SAV.3- SAV.9,((enterAlarmThresholds)),G(!ventilationStarted | F(enterAlarmThresholds & F(ventilationStarted))),False
ADARULE,51,The system shall prompt the user before ventilation is started to enter user-controlled alarm thresholds for SAV.3- SAV.9,((enterAlarmThresholds)),G(!ventilationStarted | F(enterAlarmThresholds & F(ventilationStarted))),False
ADARULE,51,The system shall prompt the user before ventilation is started to enter user-controlled alarm thresholds for SAV.3- SAV.9,((enterAlarmThresholds)),G(!ventilationStarted | F(enterAlarmThresholds & F(ventilationStarted))),False
ADARULE,51,The system shall prompt the user before ventilation is started to enter user-controlled alarm thresholds for SAV.3- SAV.9,((enterAlarmThresholds)),G(!ventilationStarted | F(enterAlarmThresholds & F(ventilationStarted))),False
ADARULE,51,The system shall prompt the user before ventilation is started to enter user-controlled alarm thresholds for SAV.3- SAV.9,((enterAlarmThresholds)),G(!ventilationStarted | F(enterAlarmThresholds & F(ventilationStarted))),False
ADARULE,51,The system shall prompt the user before ventilation is started to enter user-controlled alarm thresholds for SAV.3- SAV.9,((enterAlarmThresholds)),G(!ventilationStarted | F(enterAlarmThresholds & F(ventilationStarted))),False
ADARULE,51,The system shall prompt the user before ventilation is started to enter user-controlled alarm thresholds for SAV.3- SAV.9,((enterAlarmThresholds)),G(!ventilationStarted | F(enterAlarmThresholds & F(ventilationStarted))),False
ADARULE,51,The system shall prompt the user before ventilation is started to enter user-controlled alarm thresholds for SAV.3- SAV.9,((enterAlarmThresholds)),G(!ventilationStarted | F(enterAlarmThresholds & F(ventilationStarted))),False
ADARULE,51,The system shall prompt the user before ventilation is started to enter user-controlled alarm thresholds for SAV.3- SAV.9,((enterAlarmThresholds)),G(!ventilationStarted | F(enterAlarmThresholds & F(ventilationStarted))),False
ADARULE,51,The system shall prompt the user before ventilation is started to enter user-controlled alarm thresholds for SAV.3- SAV.9,((enterAlarmThresholds)),G(!ventilationStarted | F(enterAlarmThresholds & F(ventilationStarted))),False
ADARULE,51,The system shall prompt the user before ventilation is started to enter user-controlled alarm thresholds for SAV.3- SAV.9,((enterAlarmThresholds)),G(!ventilationStarted | F(enterAlarmThresholds & F(ventilationStarted))),False
ADARULE,51,The system shall prompt the user before ventilation is started to enter user-controlled alarm thresholds for SAV.3- SAV.9,((enterAlarmThresholds)),G(!ventilationStarted | F(enterAlarmThresholds & F(ventilationStarted))),False
ADARULE,51,The system shall prompt the user before ventilation is started to enter user-controlled alarm thresholds for SAV.3- SAV.9,((enterAlarmThresholds)),G(!ventilationStarted | F(enterAlarmThresholds & F(ventilationStarted))),False
ADARULE,51,The system shall prompt the user before ventilation is started to enter user-controlled alarm thresholds for SAV.3- SAV.9,((enterAlarmThresholds)),G(!ventilationStarted | F(enterAlarmThresholds & F(ventilationStarted))),False
ADARULE,51,The system shall prompt the user before ventilation is started to enter user-controlled alarm thresholds for SAV.3- SAV.9,((enterAlarmThresholds)),G(!ventilationStarted | F(enterAlarmThresholds & F(ventilationStarted))),False
ADARULE,51,The system shall prompt the user before ventilation is started to enter user-controlled alarm thresholds for SAV.3- SAV.9,((enterAlarmThresholds)),G(!ventilationStarted | F(enterAlarmThresholds & F(ventilationStarted))),False
ADARULE,51,The system shall prompt the user before ventilation is started to enter user-controlled alarm thresholds for SAV.3- SAV.9,((enterAlarmThresholds)),G(!ventilationStarted | F(enterAlarmThresholds & F(ventilationStarted))),False
ADARULE,51,The system shall prompt the user before ventilation is started to enter user-controlled alarm thresholds for SAV.3- SAV.9,((enterAlarmThresholds)),G(!ventilationStarted | F(enterAlarmThresholds & F(ventilationStarted))),False
ADARULE,51,The system shall prompt the user before ventilation is started to enter user-controlled alarm thresholds for SAV.3- SAV.9,((enterAlarmThresholds)),G(!ventilationStarted | F(enterAlarmThresholds & F(ventilationStarted))),False
ADARULE,51,The system shall prompt the user before ventilation is started to enter user-controlled alarm thresholds for SAV.3- SAV.9,((enterAlarmThresholds)),G(!ventilationStarted | F(enterAlarmThresholds & F(ventilationStarted))),False
ADARULE,51,The system shall prompt the user before ventilation is started to enter user-controlled alarm thresholds for SAV.3- SAV.9,((enterAlarmThresholds)),G(!ventilationStarted | F(enterAlarmThresholds & F(ventilationStarted))),False
ADARULE,51,The system shall prompt the user before ventilation is started to enter user-controlled alarm thresholds for SAV.3- SAV.9,((enterAlarmThresholds)),G(ventilationStarted -> F(enterAlarmThresholds)),False
ADARULE,72,The user shall be able to disable/enable the leak compensation feature at any time.,(G(enableLeakCompensation <-> leakCompensationActive)),G(F enableLeakCompensation),False
ADARULE,72,The user shall be able to disable/enable the leak compensation feature at any time.,(G(enableLeakCompensation <-> leakCompensationActive)),G(F enableLeakCompensation),False
ADARULE,72,The user shall be able to disable/enable the leak compensation feature at any time.,(G(enableLeakCompensation <-> leakCompensationActive)),G(F enableLeakCompensation),False
ADARULE,72,The user shall be able to disable/enable the leak compensation feature at any time.,(G(enableLeakCompensation <-> leakCompensationActive)),G(F enableLeakCompensation),False
ADARULE,72,The user shall be able to disable/enable the leak compensation feature at any time.,(G(enableLeakCompensation <-> leakCompensationActive)),G(F enableLeakCompensation),False
ADARULE,72,The user shall be able to disable/enable the leak compensation feature at any time.,(G(enableLeakCompensation <-> leakCompensationActive)),G(F enableLeakCompensation),False
ADARULE,72,The user shall be able to disable/enable the leak compensation feature at any time.,(G(enableLeakCompensation <-> leakCompensationActive)),G(F enableLeakCompensation),False
ADARULE,72,The user shall be able to disable/enable the leak compensation feature at any time.,(G(enableLeakCompensation <-> leakCompensationActive)),G(F enableLeakCompensation),False
ADARULE,72,The user shall be able to disable/enable the leak compensation feature at any time.,(G(enableLeakCompensation <-> leakCompensationActive)),G(F enableLeakCompensation),False
ADARULE,72,The user shall be able to disable/enable the leak compensation feature at any time.,(G(enableLeakCompensation <-> leakCompensationActive)),G(F enableLeakCompensation),False
ADARULE,72,The user shall be able to disable/enable the leak compensation feature at any time.,(G(enableLeakCompensation <-> leakCompensationActive)),G(F enableLeakCompensation),False
ADARULE,72,The user shall be able to disable/enable the leak compensation feature at any time.,(G(enableLeakCompensation <-> leakCompensationActive)),G(F enableLeakCompensation),False
ADARULE,72,The user shall be able to disable/enable the leak compensation feature at any time.,(G(enableLeakCompensation <-> leakCompensationActive)),G(F enableLeakCompensation),False
ADARULE,72,The user shall be able to disable/enable the leak compensation feature at any time.,(G(enableLeakCompensation <-> leakCompensationActive)),G(F enableLeakCompensation),False
ADARULE,72,The user shall be able to disable/enable the leak compensation feature at any time.,(G(enableLeakCompensation <-> leakCompensationActive)),G(F enableLeakCompensation),False
ADARULE,72,The user shall be able to disable/enable the leak compensation feature at any time.,(G(enableLeakCompensation <-> leakCompensationActive)),G(F enableLeakCompensation),False
ADARULE,72,The user shall be able to disable/enable the leak compensation feature at any time.,(G(enableLeakCompensation <-> leakCompensationActive)),G(F enableLeakCompensation),False
ADARULE,72,The user shall be able to disable/enable the leak compensation feature at any time.,(G(enableLeakCompensation <-> leakCompensationActive)),G(F enableLeakCompensation),False
ADARULE,72,The user shall be able to disable/enable the leak compensation feature at any time.,(G(enableLeakCompensation <-> leakCompensationActive)),G(F enableLeakCompensation),False
ADARULE,72,The user shall be able to disable/enable the leak compensation feature at any time.,(G(enableLeakCompensation <-> leakCompensationActive)),G(F enableLeakCompensation),False
ADARULE,72,The user shall be able to disable/enable the leak compensation feature at any time.,(G(enableLeakCompensation <-> leakCompensationActive)),G(F enableLeakCompensation),False
ADARULE,72,The user shall be able to disable/enable the leak compensation feature at any time.,(G(enableLeakCompensation <-> leakCompensationActive)),G(F enableLeakCompensation),False
ADARULE,72,The user shall be able to disable/enable the leak compensation feature at any time.,(G(enableLeakCompensation <-> leakCompensationActive)),G(F enableLeakCompensation),False
ADARULE,72,The user shall be able to disable/enable the leak compensation feature at any time.,(G(enableLeakCompensation <-> leakCompensationActive)),G(F enableLeakCompensation),False
ADARULE,72,The user shall be able to disable/enable the leak compensation feature at any time.,(G(enableLeakCompensation <-> leakCompensationActive)),G(F enableLeakCompensation),False
ADARULE,72,The user shall be able to disable/enable the leak compensation feature at any time.,(G(enableLeakCompensation <-> leakCompensationActive)),G(F enableLeakCompensation),False
ADARULE,72,The user shall be able to disable/enable the leak compensation feature at any time.,(G(enableLeakCompensation <-> leakCompensationActive)),G(F enableLeakCompensation),False
ADARULE,72,The user shall be able to disable/enable the leak compensation feature at any time.,(G(enableLeakCompensation <-> leakCompensationActive)),G(F enableLeakCompensation),False
ADARULE,72,The user shall be able to disable/enable the leak compensation feature at any time.,(G(enableLeakCompensation <-> leakCompensationActive)),G(F enableLeakCompensation),False
ADARULE,72,The user shall be able to disable/enable the leak compensation feature at any time.,(G(enableLeakCompensation <-> leakCompensationActive)),G(F enableLeakCompensation),False
ADARULE,72,The user shall be able to disable/enable the leak compensation feature at any time.,(G(enableLeakCompensation <-> leakCompensationActive)),G(F enableLeakCompensation),False
ADARULE,72,The user shall be able to disable/enable the leak compensation feature at any time.,(G(enableLeakCompensation <-> leakCompensationActive)),G(F enableLeakCompensation),False
ADARULE,72,The user shall be able to disable/enable the leak compensation feature at any time.,(G(enableLeakCompensation <-> leakCompensationActive)),G(F enableLeakCompensation),False
ADARULE,72,The user shall be able to disable/enable the leak compensation feature at any time.,(G(enableLeakCompensation <-> leakCompensationActive)),G(F enableLeakCompensation),False
ADARULE,72,The user shall be able to disable/enable the leak compensation feature at any time.,(G(enableLeakCompensation <-> leakCompensationActive)),G(F enableLeakCompensation),False
ADARULE,72,The user shall be able to disable/enable the leak compensation feature at any time.,(G(enableLeakCompensation <-> leakCompensationActive)),G(F enableLeakCompensation),False
ADARULE,72,The user shall be able to disable/enable the leak compensation feature at any time.,(G(enableLeakCompensation <-> leakCompensationActive)),G(F enableLeakCompensation),False
ADARULE,72,The user shall be able to disable/enable the leak compensation feature at any time.,(G(enableLeakCompensation <-> leakCompensationActive)),G(F enableLeakCompensation),False
ADARULE,72,The user shall be able to disable/enable the leak compensation feature at any time.,(G(enableLeakCompensation <-> leakCompensationActive)),G(F enableLeakCompensation),False
ADARULE,72,The user shall be able to disable/enable the leak compensation feature at any time.,(G(enableLeakCompensation <-> leakCompensationActive)),G(F enableLeakCompensation),False
ADARULE,72,The user shall be able to disable/enable the leak compensation feature at any time.,(G(enableLeakCompensation <-> leakCompensationActive)),G(F enableLeakCompensation),False
ADARULE,72,The user shall be able to disable/enable the leak compensation feature at any time.,(G(enableLeakCompensation <-> leakCompensationActive)),G(F enableLeakCompensation),False
ADARULE,72,The user shall be able to disable/enable the leak compensation feature at any time.,(G(enableLeakCompensation <-> leakCompensationActive)),G(F enableLeakCompensation),False
ADARULE,72,The user shall be able to disable/enable the leak compensation feature at any time.,(G(enableLeakCompensation <-> leakCompensationActive)),G(F enableLeakCompensation),False
ADARULE,72,The user shall be able to disable/enable the leak compensation feature at any time.,(G(enableLeakCompensation <-> leakCompensationActive)),G(F enableLeakCompensation),False
ADARULE,72,The user shall be able to disable/enable the leak compensation feature at any time.,(G(enableLeakCompensation <-> leakCompensationActive)),G(F enableLeakCompensation),False
ADARULE,72,The user shall be able to disable/enable the leak compensation feature at any time.,(G(enableLeakCompensation <-> leakCompensationActive)),G(F enableLeakCompensation),False
ADARULE,72,The user shall be able to disable/enable the leak compensation feature at any time.,(G(enableLeakCompensation <-> leakCompensationActive)),G(F enableLeakCompensation),False
ADARULE,72,The user shall be able to disable/enable the leak compensation feature at any time.,(G(enableLeakCompensation <-> leakCompensationActive)),G(F enableLeakCompensation),False
ADARULE,72,The user shall be able to disable/enable the leak compensation feature at any time.,(G(enableLeakCompensation <-> leakCompensationActive)),G(F enableLeakCompensation),False
ADARULE,72,The user shall be able to disable/enable the leak compensation feature at any time.,(G(enableLeakCompensation <-> leakCompensationActive)),G(F enableLeakCompensation),False
ADARULE,72,The user shall be able to disable/enable the leak compensation feature at any time.,(G(enableLeakCompensation <-> leakCompensationActive)),G(F enableLeakCompensation),False
ADARULE,72,The user shall be able to disable/enable the leak compensation feature at any time.,(G(enableLeakCompensation <-> leakCompensationActive)),G(F enableLeakCompensation),False
ADARULE,72,The user shall be able to disable/enable the leak compensation feature at any time.,(G(enableLeakCompensation <-> leakCompensationActive)),G(F enableLeakCompensation),False
ADARULE,72,The user shall be able to disable/enable the leak compensation feature at any time.,(G(enableLeakCompensation <-> leakCompensationActive)),G(F enableLeakCompensation),False
ADARULE,72,The user shall be able to disable/enable the leak compensation feature at any time.,(G(enableLeakCompensation <-> leakCompensationActive)),G(F enableLeakCompensation),False
ADARULE,72,The user shall be able to disable/enable the leak compensation feature at any time.,(G(enableLeakCompensation <-> leakCompensationActive)),G(F enableLeakCompensation),False
ADARULE,72,The user shall be able to disable/enable the leak compensation feature at any time.,(G(enableLeakCompensation <-> leakCompensationActive)),G(F enableLeakCompensation),False
ADARULE,72,The user shall be able to disable/enable the leak compensation feature at any time.,(G(enableLeakCompensation <-> leakCompensationActive)),G(F enableLeakCompensation),False
ADARULE,72,The user shall be able to disable/enable the leak compensation feature at any time.,(G(enableLeakCompensation <-> leakCompensationActive)),G(F enableLeakCompensation),False
ADARULE,72,The user shall be able to disable/enable the leak compensation feature at any time.,(G(enableLeakCompensation <-> leakCompensationActive)),G(F enableLeakCompensation),False
ADARULE,72,The user shall be able to disable/enable the leak compensation feature at any time.,(G(enableLeakCompensation <-> leakCompensationActive)),G(F enableLeakCompensation),False
ADARULE,72,The user shall be able to disable/enable the leak compensation feature at any time.,(G(enableLeakCompensation <-> leakCompensationActive)),G(F enableLeakCompensation),False
ADARULE,72,The user shall be able to disable/enable the leak compensation feature at any time.,(G(enableLeakCompensation <-> leakCompensationActive)),G(F enableLeakCompensation),False
ADARULE,72,The user shall be able to disable/enable the leak compensation feature at any time.,(G(enableLeakCompensation <-> leakCompensationActive)),G(F enableLeakCompensation),False
ADARULE,72,The user shall be able to disable/enable the leak compensation feature at any time.,(G(enableLeakCompensation <-> leakCompensationActive)),G(F enableLeakCompensation),False
ADARULE,72,The user shall be able to disable/enable the leak compensation feature at any time.,(G(enableLeakCompensation <-> leakCompensationActive)),G(F enableLeakCompensation),False
ADARULE,72,The user shall be able to disable/enable the leak compensation feature at any time.,(G(enableLeakCompensation <-> leakCompensationActive)),G(F enableLeakCompensation),False
ADARULE,72,The user shall be able to disable/enable the leak compensation feature at any time.,(G(enableLeakCompensation <-> leakCompensationActive)),G(F enableLeakCompensation),False
ADARULE,72,The user shall be able to disable/enable the leak compensation feature at any time.,(G(enableLeakCompensation <-> leakCompensationActive)),G(F enableLeakCompensation),False
ADARULE,72,The user shall be able to disable/enable the leak compensation feature at any time.,(G(enableLeakCompensation <-> leakCompensationActive)),G(F enableLeakCompensation),False
ADARULE,72,The user shall be able to disable/enable the leak compensation feature at any time.,(G(enableLeakCompensation <-> leakCompensationActive)),G(F enableLeakCompensation),False
ADARULE,72,The user shall be able to disable/enable the leak compensation feature at any time.,(G(enableLeakCompensation <-> leakCompensationActive)),G(F enableLeakCompensation),False
ADARULE,72,The user shall be able to disable/enable the leak compensation feature at any time.,(G(enableLeakCompensation <-> leakCompensationActive)),G(F enableLeakCompensation),False
ADARULE,72,The user shall be able to disable/enable the leak compensation feature at any time.,(G(enableLeakCompensation <-> leakCompensationActive)),G(F enableLeakCompensation),False
ADARULE,72,The user shall be able to disable/enable the leak compensation feature at any time.,(G(enableLeakCompensation <-> leakCompensationActive)),G(F enableLeakCompensation),False
ADARULE,72,The user shall be able to disable/enable the leak compensation feature at any time.,(G(enableLeakCompensation <-> leakCompensationActive)),G(F enableLeakCompensation),False
ADARULE,72,The user shall be able to disable/enable the leak compensation feature at any time.,(G(enableLeakCompensation <-> leakCompensationActive)),G(F enableLeakCompensation),False
ADARULE,72,The user shall be able to disable/enable the leak compensation feature at any time.,(G(enableLeakCompensation <-> leakCompensationActive)),G(F enableLeakCompensation),False
ADARULE,72,The user shall be able to disable/enable the leak compensation feature at any time.,(G(enableLeakCompensation <-> leakCompensationActive)),G(F enableLeakCompensation),False
ADARULE,72,The user shall be able to disable/enable the leak compensation feature at any time.,(G(enableLeakCompensation <-> leakCompensationActive)),G(F enableLeakCompensation),False
ADARULE,72,The user shall be able to disable/enable the leak compensation feature at any time.,(G(enableLeakCompensation <-> leakCompensationActive)),G(F enableLeakCompensation),False
ADARULE,72,The user shall be able to disable/enable the leak compensation feature at any time.,(G(enableLeakCompensation <-> leakCompensationActive)),G(F enableLeakCompensation),False
ADARULE,72,The user shall be able to disable/enable the leak compensation feature at any time.,(G(enableLeakCompensation <-> leakCompensationActive)),G(F enableLeakCompensation),False
ADARULE,72,The user shall be able to disable/enable the leak compensation feature at any time.,(G(enableLeakCompensation <-> leakCompensationActive)),G(F enableLeakCompensation),False
ADARULE,72,The user shall be able to disable/enable the leak compensation feature at any time.,(G(enableLeakCompensation <-> leakCompensationActive)),G(F enableLeakCompensation),False
ADARULE,72,The user shall be able to disable/enable the leak compensation feature at any time.,(G(enableLeakCompensation <-> leakCompensationActive)),G(F enableLeakCompensation),False
ADARULE,72,The user shall be able to disable/enable the leak compensation feature at any time.,(G(enableLeakCompensation <-> leakCompensationActive)),G(F enableLeakCompensation),False
ADARULE,72,The user shall be able to disable/enable the leak compensation feature at any time.,(G(enableLeakCompensation <-> leakCompensationActive)),G(F enableLeakCompensation),False
ADARULE,72,The user shall be able to disable/enable the leak compensation feature at any time.,(G(enableLeakCompensation <-> leakCompensationActive)),G(F enableLeakCompensation),False
ADARULE,72,The user shall be able to disable/enable the leak compensation feature at any time.,(G(enableLeakCompensation <-> leakCompensationActive)),G(F enableLeakCompensation),False
ADARULE,72,The user shall be able to disable/enable the leak compensation feature at any time.,(G(enableLeakCompensation <-> leakCompensationActive)),G(F enableLeakCompensation),False
ADARULE,72,The user shall be able to disable/enable the leak compensation feature at any time.,(G(enableLeakCompensation <-> leakCompensationActive)),G(F enableLeakCompensation),False
ADARULE,72,The user shall be able to disable/enable the leak compensation feature at any time.,(G(enableLeakCompensation <-> leakCompensationActive)),G(F enableLeakCompensation),False
ADARULE,72,The user shall be able to disable/enable the leak compensation feature at any time.,(G(enableLeakCompensation <-> leakCompensationActive)),G(F enableLeakCompensation),False
ADARULE,72,The user shall be able to disable/enable the leak compensation feature at any time.,(G(enableLeakCompensation <-> leakCompensationActive)),G(enableLeakCompensation -> F leakCompensationActive),False
ADARULE,72,The user shall be able to disable/enable the leak compensation feature at any time.,(G(enableLeakCompensation <-> leakCompensationActive)),G(F enableLeakCompensation),False
ADARULE,72,The user shall be able to disable/enable the leak compensation feature at any time.,(G(enableLeakCompensation <-> leakCompensationActive)),G(F enableLeakCompensation),False
ADARULE,72,The user shall be able to disable/enable the leak compensation feature at any time.,(G(enableLeakCompensation <-> leakCompensationActive)),G(F enableLeakCompensation),False
ADARULE,72,The user shall be able to disable/enable the leak compensation feature at any time.,(G(enableLeakCompensation <-> leakCompensationActive)),G(F enableLeakCompensation),False
ADARULE,105,PSV Mode: The inspiration phase lasts until the inspiration peak is reached but no later than the max_insp_time_psv is over. After that the expiration phase begins.,G(PSVMode -> (inspiratoryPhase U (( P_insp_greaterThanOrEqual_MaxP_insp | inspClock_greaterThanOrEqual_inspiratoryTime )))),G(PSVMode -> (inspiratoryPhase U (P_insp_greaterThanOrEqual_MaxP_insp | inspClock_greaterThanOrEqual_inspiratoryTime)) & G((P_insp_greaterThanOrEqual_MaxP_insp | inspClock_greaterThanOrEqual_inspiratoryTime) -> X(!inspiratoryPhase))),False
ADARULE,105,PSV Mode: The inspiration phase lasts until the inspiration peak is reached but no later than the max_insp_time_psv is over. After that the expiration phase begins.,G(PSVMode -> (inspiratoryPhase U (( P_insp_greaterThanOrEqual_MaxP_insp | inspClock_greaterThanOrEqual_inspiratoryTime )))),G(PSVMode -> (inspiratoryPhase U (P_insp_greaterThanOrEqual_MaxP_insp | inspClock_greaterThanOrEqual_inspiratoryTime)) & G((P_insp_greaterThanOrEqual_MaxP_insp | inspClock_greaterThanOrEqual_inspiratoryTime) -> X(!inspiratoryPhase))),False
ADARULE,105,PSV Mode: The inspiration phase lasts until the inspiration peak is reached but no later than the max_insp_time_psv is over. After that the expiration phase begins.,G(PSVMode -> (inspiratoryPhase U (( P_insp_greaterThanOrEqual_MaxP_insp | inspClock_greaterThanOrEqual_inspiratoryTime )))),G(PSVMode -> (inspiratoryPhase U (P_insp_greaterThanOrEqual_MaxP_insp | inspClock_greaterThanOrEqual_inspiratoryTime)) & G((P_insp_greaterThanOrEqual_MaxP_insp | inspClock_greaterThanOrEqual_inspiratoryTime) -> X(!inspiratoryPhase))),False
ADARULE,105,PSV Mode: The inspiration phase lasts until the inspiration peak is reached but no later than the max_insp_time_psv is over. After that the expiration phase begins.,G(PSVMode -> (inspiratoryPhase U (( P_insp_greaterThanOrEqual_MaxP_insp | inspClock_greaterThanOrEqual_inspiratoryTime )))),G(PSVMode -> (inspiratoryPhase U (P_insp_greaterThanOrEqual_MaxP_insp | inspClock_greaterThanOrEqual_inspiratoryTime)) & G((P_insp_greaterThanOrEqual_MaxP_insp | inspClock_greaterThanOrEqual_inspiratoryTime) -> X(!inspiratoryPhase))),False
ADARULE,105,PSV Mode: The inspiration phase lasts until the inspiration peak is reached but no later than the max_insp_time_psv is over. After that the expiration phase begins.,G(PSVMode -> (inspiratoryPhase U (( P_insp_greaterThanOrEqual_MaxP_insp | inspClock_greaterThanOrEqual_inspiratoryTime )))),G(PSVMode -> (inspiratoryPhase U (P_insp_greaterThanOrEqual_MaxP_insp | inspClock_greaterThanOrEqual_inspiratoryTime)) & G((P_insp_greaterThanOrEqual_MaxP_insp | inspClock_greaterThanOrEqual_inspiratoryTime) -> X(!inspiratoryPhase))),False
ADARULE,105,PSV Mode: The inspiration phase lasts until the inspiration peak is reached but no later than the max_insp_time_psv is over. After that the expiration phase begins.,G(PSVMode -> (inspiratoryPhase U (( P_insp_greaterThanOrEqual_MaxP_insp | inspClock_greaterThanOrEqual_inspiratoryTime )))),G(PSVMode -> (inspiratoryPhase U (P_insp_greaterThanOrEqual_MaxP_insp | inspClock_greaterThanOrEqual_inspiratoryTime)) & G((P_insp_greaterThanOrEqual_MaxP_insp | inspClock_greaterThanOrEqual_inspiratoryTime) -> F(!inspiratoryPhase))),False
ADARULE,105,PSV Mode: The inspiration phase lasts until the inspiration peak is reached but no later than the max_insp_time_psv is over. After that the expiration phase begins.,G(PSVMode -> (inspiratoryPhase U (( P_insp_greaterThanOrEqual_MaxP_insp | inspClock_greaterThanOrEqual_inspiratoryTime )))),G(PSVMode -> (inspiratoryPhase U (P_insp_greaterThanOrEqual_MaxP_insp | inspClock_greaterThanOrEqual_inspiratoryTime)) & G((P_insp_greaterThanOrEqual_MaxP_insp | inspClock_greaterThanOrEqual_inspiratoryTime) -> X(!inspiratoryPhase))),False
ADARULE,105,PSV Mode: The inspiration phase lasts until the inspiration peak is reached but no later than the max_insp_time_psv is over. After that the expiration phase begins.,G(PSVMode -> (inspiratoryPhase U (( P_insp_greaterThanOrEqual_MaxP_insp | inspClock_greaterThanOrEqual_inspiratoryTime )))),G(PSVMode -> (inspiratoryPhase U (P_insp_greaterThanOrEqual_MaxP_insp | inspClock_greaterThanOrEqual_inspiratoryTime)) & G((P_insp_greaterThanOrEqual_MaxP_insp | inspClock_greaterThanOrEqual_inspiratoryTime) -> X(!inspiratoryPhase))),False
ADARULE,105,PSV Mode: The inspiration phase lasts until the inspiration peak is reached but no later than the max_insp_time_psv is over. After that the expiration phase begins.,G(PSVMode -> (inspiratoryPhase U (( P_insp_greaterThanOrEqual_MaxP_insp | inspClock_greaterThanOrEqual_inspiratoryTime )))),G(PSVMode -> (inspiratoryPhase U (P_insp_greaterThanOrEqual_MaxP_insp | inspClock_greaterThanOrEqual_inspiratoryTime)) & G((P_insp_greaterThanOrEqual_MaxP_insp | inspClock_greaterThanOrEqual_inspiratoryTime) -> F(!inspiratoryPhase))),False
ADARULE,105,PSV Mode: The inspiration phase lasts until the inspiration peak is reached but no later than the max_insp_time_psv is over. After that the expiration phase begins.,G(PSVMode -> (inspiratoryPhase U (( P_insp_greaterThanOrEqual_MaxP_insp | inspClock_greaterThanOrEqual_inspiratoryTime )))),G(PSVMode -> (inspiratoryPhase U (P_insp_greaterThanOrEqual_MaxP_insp | inspClock_greaterThanOrEqual_inspiratoryTime)) & G((P_insp_greaterThanOrEqual_MaxP_insp | inspClock_greaterThanOrEqual_inspiratoryTime) -> F(!inspiratoryPhase))),False
ADARULE,105,PSV Mode: The inspiration phase lasts until the inspiration peak is reached but no later than the max_insp_time_psv is over. After that the expiration phase begins.,G(PSVMode -> (inspiratoryPhase U (( P_insp_greaterThanOrEqual_MaxP_insp | inspClock_greaterThanOrEqual_inspiratoryTime )))),G(PSVMode -> (inspiratoryPhase U (P_insp_greaterThanOrEqual_MaxP_insp | inspClock_greaterThanOrEqual_inspiratoryTime)) & G((P_insp_greaterThanOrEqual_MaxP_insp | inspClock_greaterThanOrEqual_inspiratoryTime) -> X(!inspiratoryPhase))),False
ADARULE,105,PSV Mode: The inspiration phase lasts until the inspiration peak is reached but no later than the max_insp_time_psv is over. After that the expiration phase begins.,G(PSVMode -> (inspiratoryPhase U (( P_insp_greaterThanOrEqual_MaxP_insp | inspClock_greaterThanOrEqual_inspiratoryTime )))),G(PSVMode -> (inspiratoryPhase U (P_insp_greaterThanOrEqual_MaxP_insp | inspClock_greaterThanOrEqual_inspiratoryTime)) & G((P_insp_greaterThanOrEqual_MaxP_insp | inspClock_greaterThanOrEqual_inspiratoryTime) -> X(!inspiratoryPhase))),False
ADARULE,105,PSV Mode: The inspiration phase lasts until the inspiration peak is reached but no later than the max_insp_time_psv is over. After that the expiration phase begins.,G(PSVMode -> (inspiratoryPhase U (( P_insp_greaterThanOrEqual_MaxP_insp | inspClock_greaterThanOrEqual_inspiratoryTime )))),G(PSVMode -> (inspiratoryPhase U (P_insp_greaterThanOrEqual_MaxP_insp | inspClock_greaterThanOrEqual_inspiratoryTime)) & G((P_insp_greaterThanOrEqual_MaxP_insp | inspClock_greaterThanOrEqual_inspiratoryTime) -> F(!inspiratoryPhase))),False
ADARULE,105,PSV Mode: The inspiration phase lasts until the inspiration peak is reached but no later than the max_insp_time_psv is over. After that the expiration phase begins.,G(PSVMode -> (inspiratoryPhase U (( P_insp_greaterThanOrEqual_MaxP_insp | inspClock_greaterThanOrEqual_inspiratoryTime )))),G(PSVMode -> (inspiratoryPhase U (P_insp_greaterThanOrEqual_MaxP_insp | inspClock_greaterThanOrEqual_inspiratoryTime)) & G((P_insp_greaterThanOrEqual_MaxP_insp | inspClock_greaterThanOrEqual_inspiratoryTime) -> F(!inspiratoryPhase))),False
ADARULE,105,PSV Mode: The inspiration phase lasts until the inspiration peak is reached but no later than the max_insp_time_psv is over. After that the expiration phase begins.,G(PSVMode -> (inspiratoryPhase U (( P_insp_greaterThanOrEqual_MaxP_insp | inspClock_greaterThanOrEqual_inspiratoryTime )))),G(PSVMode -> (inspiratoryPhase U (P_insp_greaterThanOrEqual_MaxP_insp | inspClock_greaterThanOrEqual_inspiratoryTime)) & G((P_insp_greaterThanOrEqual_MaxP_insp | inspClock_greaterThanOrEqual_inspiratoryTime) -> X(!inspiratoryPhase))),False
ADARULE,105,PSV Mode: The inspiration phase lasts until the inspiration peak is reached but no later than the max_insp_time_psv is over. After that the expiration phase begins.,G(PSVMode -> (inspiratoryPhase U (( P_insp_greaterThanOrEqual_MaxP_insp | inspClock_greaterThanOrEqual_inspiratoryTime )))),G(PSVMode -> (inspiratoryPhase U (P_insp_greaterThanOrEqual_MaxP_insp | inspClock_greaterThanOrEqual_inspiratoryTime)) & G((P_insp_greaterThanOrEqual_MaxP_insp | inspClock_greaterThanOrEqual_inspiratoryTime) -> X(!inspiratoryPhase))),False
ADARULE,105,PSV Mode: The inspiration phase lasts until the inspiration peak is reached but no later than the max_insp_time_psv is over. After that the expiration phase begins.,G(PSVMode -> (inspiratoryPhase U (( P_insp_greaterThanOrEqual_MaxP_insp | inspClock_greaterThanOrEqual_inspiratoryTime )))),G(PSVMode -> (inspiratoryPhase U (P_insp_greaterThanOrEqual_MaxP_insp | inspClock_greaterThanOrEqual_inspiratoryTime)) & G((P_insp_greaterThanOrEqual_MaxP_insp | inspClock_greaterThanOrEqual_inspiratoryTime) -> X(!inspiratoryPhase))),False
ADARULE,105,PSV Mode: The inspiration phase lasts until the inspiration peak is reached but no later than the max_insp_time_psv is over. After that the expiration phase begins.,G(PSVMode -> (inspiratoryPhase U (( P_insp_greaterThanOrEqual_MaxP_insp | inspClock_greaterThanOrEqual_inspiratoryTime )))),G(PSVMode -> (inspiratoryPhase U (P_insp_greaterThanOrEqual_MaxP_insp | inspClock_greaterThanOrEqual_inspiratoryTime)) & G((P_insp_greaterThanOrEqual_MaxP_insp | inspClock_greaterThanOrEqual_inspiratoryTime) -> F(!inspiratoryPhase))),False
ADARULE,105,PSV Mode: The inspiration phase lasts until the inspiration peak is reached but no later than the max_insp_time_psv is over. After that the expiration phase begins.,G(PSVMode -> (inspiratoryPhase U (( P_insp_greaterThanOrEqual_MaxP_insp | inspClock_greaterThanOrEqual_inspiratoryTime )))),G(PSVMode -> (inspiratoryPhase U (P_insp_greaterThanOrEqual_MaxP_insp | inspClock_greaterThanOrEqual_inspiratoryTime)) & G((P_insp_greaterThanOrEqual_MaxP_insp | inspClock_greaterThanOrEqual_inspiratoryTime) -> X(!inspiratoryPhase))),False
ADARULE,105,PSV Mode: The inspiration phase lasts until the inspiration peak is reached but no later than the max_insp_time_psv is over. After that the expiration phase begins.,G(PSVMode -> (inspiratoryPhase U (( P_insp_greaterThanOrEqual_MaxP_insp | inspClock_greaterThanOrEqual_inspiratoryTime )))),G(PSVMode -> (inspiratoryPhase U (P_insp_greaterThanOrEqual_MaxP_insp | inspClock_greaterThanOrEqual_inspiratoryTime)) & G((P_insp_greaterThanOrEqual_MaxP_insp | inspClock_greaterThanOrEqual_inspiratoryTime) -> X(!inspiratoryPhase))),False
ADARULE,105,PSV Mode: The inspiration phase lasts until the inspiration peak is reached but no later than the max_insp_time_psv is over. After that the expiration phase begins.,G(PSVMode -> (inspiratoryPhase U (( P_insp_greaterThanOrEqual_MaxP_insp | inspClock_greaterThanOrEqual_inspiratoryTime )))),G(PSVMode -> (inspiratoryPhase U (P_insp_greaterThanOrEqual_MaxP_insp | inspClock_greaterThanOrEqual_inspiratoryTime)) & G((P_insp_greaterThanOrEqual_MaxP_insp | inspClock_greaterThanOrEqual_inspiratoryTime) -> F(!inspiratoryPhase))),False
ADARULE,105,PSV Mode: The inspiration phase lasts until the inspiration peak is reached but no later than the max_insp_time_psv is over. After that the expiration phase begins.,G(PSVMode -> (inspiratoryPhase U (( P_insp_greaterThanOrEqual_MaxP_insp | inspClock_greaterThanOrEqual_inspiratoryTime )))),G(PSVMode -> (inspiratoryPhase U (P_insp_greaterThanOrEqual_MaxP_insp | inspClock_greaterThanOrEqual_inspiratoryTime)) & G((P_insp_greaterThanOrEqual_MaxP_insp | inspClock_greaterThanOrEqual_inspiratoryTime) -> F(!inspiratoryPhase))),False
ADARULE,105,PSV Mode: The inspiration phase lasts until the inspiration peak is reached but no later than the max_insp_time_psv is over. After that the expiration phase begins.,G(PSVMode -> (inspiratoryPhase U (( P_insp_greaterThanOrEqual_MaxP_insp | inspClock_greaterThanOrEqual_inspiratoryTime )))),G(PSVMode -> (inspiratoryPhase U (P_insp_greaterThanOrEqual_MaxP_insp | inspClock_greaterThanOrEqual_inspiratoryTime)) & G((P_insp_greaterThanOrEqual_MaxP_insp | inspClock_greaterThanOrEqual_inspiratoryTime) -> F(!inspiratoryPhase))),False
ADARULE,105,PSV Mode: The inspiration phase lasts until the inspiration peak is reached but no later than the max_insp_time_psv is over. After that the expiration phase begins.,G(PSVMode -> (inspiratoryPhase U (( P_insp_greaterThanOrEqual_MaxP_insp | inspClock_greaterThanOrEqual_inspiratoryTime )))),G(PSVMode -> (inspiratoryPhase U (P_insp_greaterThanOrEqual_MaxP_insp | inspClock_greaterThanOrEqual_inspiratoryTime)) & G((P_insp_greaterThanOrEqual_MaxP_insp | inspClock_greaterThanOrEqual_inspiratoryTime) -> X(!inspiratoryPhase))),False
ADARULE,105,PSV Mode: The inspiration phase lasts until the inspiration peak is reached but no later than the max_insp_time_psv is over. After that the expiration phase begins.,G(PSVMode -> (inspiratoryPhase U (( P_insp_greaterThanOrEqual_MaxP_insp | inspClock_greaterThanOrEqual_inspiratoryTime )))),G(PSVMode -> (inspiratoryPhase U (P_insp_greaterThanOrEqual_MaxP_insp | inspClock_greaterThanOrEqual_inspiratoryTime)) & G((P_insp_greaterThanOrEqual_MaxP_insp | inspClock_greaterThanOrEqual_inspiratoryTime) -> F(!inspiratoryPhase))),False
ADARULE,105,PSV Mode: The inspiration phase lasts until the inspiration peak is reached but no later than the max_insp_time_psv is over. After that the expiration phase begins.,G(PSVMode -> (inspiratoryPhase U (( P_insp_greaterThanOrEqual_MaxP_insp | inspClock_greaterThanOrEqual_inspiratoryTime )))),G(PSVMode -> (inspiratoryPhase U (P_insp_greaterThanOrEqual_MaxP_insp | inspClock_greaterThanOrEqual_inspiratoryTime)) & G((P_insp_greaterThanOrEqual_MaxP_insp | inspClock_greaterThanOrEqual_inspiratoryTime) -> X(!inspiratoryPhase))),False
ADARULE,105,PSV Mode: The inspiration phase lasts until the inspiration peak is reached but no later than the max_insp_time_psv is over. After that the expiration phase begins.,G(PSVMode -> (inspiratoryPhase U (( P_insp_greaterThanOrEqual_MaxP_insp | inspClock_greaterThanOrEqual_inspiratoryTime )))),G(PSVMode -> (inspiratoryPhase U (P_insp_greaterThanOrEqual_MaxP_insp | inspClock_greaterThanOrEqual_inspiratoryTime)) & G((P_insp_greaterThanOrEqual_MaxP_insp | inspClock_greaterThanOrEqual_inspiratoryTime) -> X(!inspiratoryPhase))),False
ADARULE,105,PSV Mode: The inspiration phase lasts until the inspiration peak is reached but no later than the max_insp_time_psv is over. After that the expiration phase begins.,G(PSVMode -> (inspiratoryPhase U (( P_insp_greaterThanOrEqual_MaxP_insp | inspClock_greaterThanOrEqual_inspiratoryTime )))),G(PSVMode -> (inspiratoryPhase U (P_insp_greaterThanOrEqual_MaxP_insp | inspClock_greaterThanOrEqual_inspiratoryTime)) & G((P_insp_greaterThanOrEqual_MaxP_insp | inspClock_greaterThanOrEqual_inspiratoryTime) -> F(!inspiratoryPhase))),False
ADARULE,105,PSV Mode: The inspiration phase lasts until the inspiration peak is reached but no later than the max_insp_time_psv is over. After that the expiration phase begins.,G(PSVMode -> (inspiratoryPhase U (( P_insp_greaterThanOrEqual_MaxP_insp | inspClock_greaterThanOrEqual_inspiratoryTime )))),G(PSVMode -> (inspiratoryPhase U (P_insp_greaterThanOrEqual_MaxP_insp | inspClock_greaterThanOrEqual_inspiratoryTime)) & G((P_insp_greaterThanOrEqual_MaxP_insp | inspClock_greaterThanOrEqual_inspiratoryTime) -> F(!inspiratoryPhase))),False
ADARULE,105,PSV Mode: The inspiration phase lasts until the inspiration peak is reached but no later than the max_insp_time_psv is over. After that the expiration phase begins.,G(PSVMode -> (inspiratoryPhase U (( P_insp_greaterThanOrEqual_MaxP_insp | inspClock_greaterThanOrEqual_inspiratoryTime )))),G(PSVMode -> (inspiratoryPhase U (P_insp_greaterThanOrEqual_MaxP_insp | inspClock_greaterThanOrEqual_inspiratoryTime)) & G((P_insp_greaterThanOrEqual_MaxP_insp | inspClock_greaterThanOrEqual_inspiratoryTime) -> X(!inspiratoryPhase))),False
ADARULE,105,PSV Mode: The inspiration phase lasts until the inspiration peak is reached but no later than the max_insp_time_psv is over. After that the expiration phase begins.,G(PSVMode -> (inspiratoryPhase U (( P_insp_greaterThanOrEqual_MaxP_insp | inspClock_greaterThanOrEqual_inspiratoryTime )))),G(PSVMode -> (inspiratoryPhase U (P_insp_greaterThanOrEqual_MaxP_insp | inspClock_greaterThanOrEqual_inspiratoryTime)) & G((P_insp_greaterThanOrEqual_MaxP_insp | inspClock_greaterThanOrEqual_inspiratoryTime) -> F(!inspiratoryPhase))),False
ADARULE,105,PSV Mode: The inspiration phase lasts until the inspiration peak is reached but no later than the max_insp_time_psv is over. After that the expiration phase begins.,G(PSVMode -> (inspiratoryPhase U (( P_insp_greaterThanOrEqual_MaxP_insp | inspClock_greaterThanOrEqual_inspiratoryTime )))),G(PSVMode -> (inspiratoryPhase U (P_insp_greaterThanOrEqual_MaxP_insp | inspClock_greaterThanOrEqual_inspiratoryTime)) & G((P_insp_greaterThanOrEqual_MaxP_insp | inspClock_greaterThanOrEqual_inspiratoryTime) -> X(!inspiratoryPhase))),False
ADARULE,105,PSV Mode: The inspiration phase lasts until the inspiration peak is reached but no later than the max_insp_time_psv is over. After that the expiration phase begins.,G(PSVMode -> (inspiratoryPhase U (( P_insp_greaterThanOrEqual_MaxP_insp | inspClock_greaterThanOrEqual_inspiratoryTime )))),G(PSVMode -> (inspiratoryPhase U (P_insp_greaterThanOrEqual_MaxP_insp | inspClock_greaterThanOrEqual_inspiratoryTime)) & G((P_insp_greaterThanOrEqual_MaxP_insp | inspClock_greaterThanOrEqual_inspiratoryTime) -> X(!inspiratoryPhase))),False
ADARULE,105,PSV Mode: The inspiration phase lasts until the inspiration peak is reached but no later than the max_insp_time_psv is over. After that the expiration phase begins.,G(PSVMode -> (inspiratoryPhase U (( P_insp_greaterThanOrEqual_MaxP_insp | inspClock_greaterThanOrEqual_inspiratoryTime )))),G(PSVMode -> (inspiratoryPhase U (P_insp_greaterThanOrEqual_MaxP_insp | inspClock_greaterThanOrEqual_inspiratoryTime)) & G((P_insp_greaterThanOrEqual_MaxP_insp | inspClock_greaterThanOrEqual_inspiratoryTime) -> X(!inspiratoryPhase))),False
ADARULE,105,PSV Mode: The inspiration phase lasts until the inspiration peak is reached but no later than the max_insp_time_psv is over. After that the expiration phase begins.,G(PSVMode -> (inspiratoryPhase U (( P_insp_greaterThanOrEqual_MaxP_insp | inspClock_greaterThanOrEqual_inspiratoryTime )))),G(PSVMode -> (inspiratoryPhase U (P_insp_greaterThanOrEqual_MaxP_insp | inspClock_greaterThanOrEqual_inspiratoryTime)) & G((P_insp_greaterThanOrEqual_MaxP_insp | inspClock_greaterThanOrEqual_inspiratoryTime) -> X(!inspiratoryPhase))),False
ADARULE,105,PSV Mode: The inspiration phase lasts until the inspiration peak is reached but no later than the max_insp_time_psv is over. After that the expiration phase begins.,G(PSVMode -> (inspiratoryPhase U (( P_insp_greaterThanOrEqual_MaxP_insp | inspClock_greaterThanOrEqual_inspiratoryTime )))),G(PSVMode -> (inspiratoryPhase U (P_insp_greaterThanOrEqual_MaxP_insp | inspClock_greaterThanOrEqual_inspiratoryTime)) & G((P_insp_greaterThanOrEqual_MaxP_insp | inspClock_greaterThanOrEqual_inspiratoryTime) -> F(!inspiratoryPhase))),False
ADARULE,105,PSV Mode: The inspiration phase lasts until the inspiration peak is reached but no later than the max_insp_time_psv is over. After that the expiration phase begins.,G(PSVMode -> (inspiratoryPhase U (( P_insp_greaterThanOrEqual_MaxP_insp | inspClock_greaterThanOrEqual_inspiratoryTime )))),G(PSVMode -> (inspiratoryPhase U (P_insp_greaterThanOrEqual_MaxP_insp | inspClock_greaterThanOrEqual_inspiratoryTime)) & G((P_insp_greaterThanOrEqual_MaxP_insp | inspClock_greaterThanOrEqual_inspiratoryTime) -> X(!inspiratoryPhase))),False
ADARULE,105,PSV Mode: The inspiration phase lasts until the inspiration peak is reached but no later than the max_insp_time_psv is over. After that the expiration phase begins.,G(PSVMode -> (inspiratoryPhase U (( P_insp_greaterThanOrEqual_MaxP_insp | inspClock_greaterThanOrEqual_inspiratoryTime )))),G(PSVMode -> (inspiratoryPhase U (P_insp_greaterThanOrEqual_MaxP_insp | inspClock_greaterThanOrEqual_inspiratoryTime)) & G((P_insp_greaterThanOrEqual_MaxP_insp | inspClock_greaterThanOrEqual_inspiratoryTime) -> X(!inspiratoryPhase))),False
ADARULE,105,PSV Mode: The inspiration phase lasts until the inspiration peak is reached but no later than the max_insp_time_psv is over. After that the expiration phase begins.,G(PSVMode -> (inspiratoryPhase U (( P_insp_greaterThanOrEqual_MaxP_insp | inspClock_greaterThanOrEqual_inspiratoryTime )))),G(PSVMode -> (inspiratoryPhase U (P_insp_greaterThanOrEqual_MaxP_insp | inspClock_greaterThanOrEqual_inspiratoryTime)) & G((P_insp_greaterThanOrEqual_MaxP_insp | inspClock_greaterThanOrEqual_inspiratoryTime) -> X(!inspiratoryPhase))),False
ADARULE,105,PSV Mode: The inspiration phase lasts until the inspiration peak is reached but no later than the max_insp_time_psv is over. After that the expiration phase begins.,G(PSVMode -> (inspiratoryPhase U (( P_insp_greaterThanOrEqual_MaxP_insp | inspClock_greaterThanOrEqual_inspiratoryTime )))),G(PSVMode -> (inspiratoryPhase U (P_insp_greaterThanOrEqual_MaxP_insp | inspClock_greaterThanOrEqual_inspiratoryTime)) & G((P_insp_greaterThanOrEqual_MaxP_insp | inspClock_greaterThanOrEqual_inspiratoryTime) -> X(!inspiratoryPhase))),False
ADARULE,105,PSV Mode: The inspiration phase lasts until the inspiration peak is reached but no later than the max_insp_time_psv is over. After that the expiration phase begins.,G(PSVMode -> (inspiratoryPhase U (( P_insp_greaterThanOrEqual_MaxP_insp | inspClock_greaterThanOrEqual_inspiratoryTime )))),G(PSVMode -> (inspiratoryPhase U (P_insp_greaterThanOrEqual_MaxP_insp | inspClock_greaterThanOrEqual_inspiratoryTime)) & G((P_insp_greaterThanOrEqual_MaxP_insp | inspClock_greaterThanOrEqual_inspiratoryTime) -> X(!inspiratoryPhase))),False
ADARULE,105,PSV Mode: The inspiration phase lasts until the inspiration peak is reached but no later than the max_insp_time_psv is over. After that the expiration phase begins.,G(PSVMode -> (inspiratoryPhase U (( P_insp_greaterThanOrEqual_MaxP_insp | inspClock_greaterThanOrEqual_inspiratoryTime )))),G(PSVMode -> (inspiratoryPhase U (P_insp_greaterThanOrEqual_MaxP_insp | inspClock_greaterThanOrEqual_inspiratoryTime)) & G((P_insp_greaterThanOrEqual_MaxP_insp | inspClock_greaterThanOrEqual_inspiratoryTime) -> X(!inspiratoryPhase))),False
ADARULE,105,PSV Mode: The inspiration phase lasts until the inspiration peak is reached but no later than the max_insp_time_psv is over. After that the expiration phase begins.,G(PSVMode -> (inspiratoryPhase U (( P_insp_greaterThanOrEqual_MaxP_insp | inspClock_greaterThanOrEqual_inspiratoryTime )))),G(PSVMode -> (inspiratoryPhase U (P_insp_greaterThanOrEqual_MaxP_insp | inspClock_greaterThanOrEqual_inspiratoryTime)) & G((P_insp_greaterThanOrEqual_MaxP_insp | inspClock_greaterThanOrEqual_inspiratoryTime) -> X(!inspiratoryPhase))),False
ADARULE,105,PSV Mode: The inspiration phase lasts until the inspiration peak is reached but no later than the max_insp_time_psv is over. After that the expiration phase begins.,G(PSVMode -> (inspiratoryPhase U (( P_insp_greaterThanOrEqual_MaxP_insp | inspClock_greaterThanOrEqual_inspiratoryTime )))),G(PSVMode -> (inspiratoryPhase U (P_insp_greaterThanOrEqual_MaxP_insp | inspClock_greaterThanOrEqual_inspiratoryTime)) & G((P_insp_greaterThanOrEqual_MaxP_insp | inspClock_greaterThanOrEqual_inspiratoryTime) -> F(!inspiratoryPhase))),False
ADARULE,105,PSV Mode: The inspiration phase lasts until the inspiration peak is reached but no later than the max_insp_time_psv is over. After that the expiration phase begins.,G(PSVMode -> (inspiratoryPhase U (( P_insp_greaterThanOrEqual_MaxP_insp | inspClock_greaterThanOrEqual_inspiratoryTime )))),G(PSVMode -> (inspiratoryPhase U (P_insp_greaterThanOrEqual_MaxP_insp | inspClock_greaterThanOrEqual_inspiratoryTime)) & G((P_insp_greaterThanOrEqual_MaxP_insp | inspClock_greaterThanOrEqual_inspiratoryTime) -> F(!inspiratoryPhase))),False
ADARULE,105,PSV Mode: The inspiration phase lasts until the inspiration peak is reached but no later than the max_insp_time_psv is over. After that the expiration phase begins.,G(PSVMode -> (inspiratoryPhase U (( P_insp_greaterThanOrEqual_MaxP_insp | inspClock_greaterThanOrEqual_inspiratoryTime )))),G(PSVMode -> (inspiratoryPhase U (P_insp_greaterThanOrEqual_MaxP_insp | inspClock_greaterThanOrEqual_inspiratoryTime)) & G((P_insp_greaterThanOrEqual_MaxP_insp | inspClock_greaterThanOrEqual_inspiratoryTime) -> X(!inspiratoryPhase))),False
ADARULE,105,PSV Mode: The inspiration phase lasts until the inspiration peak is reached but no later than the max_insp_time_psv is over. After that the expiration phase begins.,G(PSVMode -> (inspiratoryPhase U (( P_insp_greaterThanOrEqual_MaxP_insp | inspClock_greaterThanOrEqual_inspiratoryTime )))),G(PSVMode -> (inspiratoryPhase U (P_insp_greaterThanOrEqual_MaxP_insp | inspClock_greaterThanOrEqual_inspiratoryTime)) & G((P_insp_greaterThanOrEqual_MaxP_insp | inspClock_greaterThanOrEqual_inspiratoryTime) -> X(!inspiratoryPhase))),False
ADARULE,105,PSV Mode: The inspiration phase lasts until the inspiration peak is reached but no later than the max_insp_time_psv is over. After that the expiration phase begins.,G(PSVMode -> (inspiratoryPhase U (( P_insp_greaterThanOrEqual_MaxP_insp | inspClock_greaterThanOrEqual_inspiratoryTime )))),G(PSVMode -> (inspiratoryPhase U (P_insp_greaterThanOrEqual_MaxP_insp | inspClock_greaterThanOrEqual_inspiratoryTime)) & G((P_insp_greaterThanOrEqual_MaxP_insp | inspClock_greaterThanOrEqual_inspiratoryTime) -> X(!inspiratoryPhase))),False
ADARULE,105,PSV Mode: The inspiration phase lasts until the inspiration peak is reached but no later than the max_insp_time_psv is over. After that the expiration phase begins.,G(PSVMode -> (inspiratoryPhase U (( P_insp_greaterThanOrEqual_MaxP_insp | inspClock_greaterThanOrEqual_inspiratoryTime )))),G(PSVMode -> (inspiratoryPhase U (P_insp_greaterThanOrEqual_MaxP_insp | inspClock_greaterThanOrEqual_inspiratoryTime)) & G((P_insp_greaterThanOrEqual_MaxP_insp | inspClock_greaterThanOrEqual_inspiratoryTime) -> X(!inspiratoryPhase))),False
ADARULE,105,PSV Mode: The inspiration phase lasts until the inspiration peak is reached but no later than the max_insp_time_psv is over. After that the expiration phase begins.,G(PSVMode -> (inspiratoryPhase U (( P_insp_greaterThanOrEqual_MaxP_insp | inspClock_greaterThanOrEqual_inspiratoryTime )))),G(PSVMode -> (inspiratoryPhase U (P_insp_greaterThanOrEqual_MaxP_insp | inspClock_greaterThanOrEqual_inspiratoryTime)) & G((P_insp_greaterThanOrEqual_MaxP_insp | inspClock_greaterThanOrEqual_inspiratoryTime) -> X(!inspiratoryPhase))),False
ADARULE,105,PSV Mode: The inspiration phase lasts until the inspiration peak is reached but no later than the max_insp_time_psv is over. After that the expiration phase begins.,G(PSVMode -> (inspiratoryPhase U (( P_insp_greaterThanOrEqual_MaxP_insp | inspClock_greaterThanOrEqual_inspiratoryTime )))),G(PSVMode -> (inspiratoryPhase U (P_insp_greaterThanOrEqual_MaxP_insp | inspClock_greaterThanOrEqual_inspiratoryTime)) & G((P_insp_greaterThanOrEqual_MaxP_insp | inspClock_greaterThanOrEqual_inspiratoryTime) -> F(!inspiratoryPhase))),False
ADARULE,105,PSV Mode: The inspiration phase lasts until the inspiration peak is reached but no later than the max_insp_time_psv is over. After that the expiration phase begins.,G(PSVMode -> (inspiratoryPhase U (( P_insp_greaterThanOrEqual_MaxP_insp | inspClock_greaterThanOrEqual_inspiratoryTime )))),G(PSVMode -> (inspiratoryPhase U (P_insp_greaterThanOrEqual_MaxP_insp | inspClock_greaterThanOrEqual_inspiratoryTime)) & G((P_insp_greaterThanOrEqual_MaxP_insp | inspClock_greaterThanOrEqual_inspiratoryTime) -> X(!inspiratoryPhase))),False
ADARULE,105,PSV Mode: The inspiration phase lasts until the inspiration peak is reached but no later than the max_insp_time_psv is over. After that the expiration phase begins.,G(PSVMode -> (inspiratoryPhase U (( P_insp_greaterThanOrEqual_MaxP_insp | inspClock_greaterThanOrEqual_inspiratoryTime )))),G(PSVMode -> (inspiratoryPhase U (P_insp_greaterThanOrEqual_MaxP_insp | inspClock_greaterThanOrEqual_inspiratoryTime)) & G((P_insp_greaterThanOrEqual_MaxP_insp | inspClock_greaterThanOrEqual_inspiratoryTime) -> F(!inspiratoryPhase))),False
ADARULE,105,PSV Mode: The inspiration phase lasts until the inspiration peak is reached but no later than the max_insp_time_psv is over. After that the expiration phase begins.,G(PSVMode -> (inspiratoryPhase U (( P_insp_greaterThanOrEqual_MaxP_insp | inspClock_greaterThanOrEqual_inspiratoryTime )))),G(PSVMode -> (inspiratoryPhase U (P_insp_greaterThanOrEqual_MaxP_insp | inspClock_greaterThanOrEqual_inspiratoryTime)) & G((P_insp_greaterThanOrEqual_MaxP_insp | inspClock_greaterThanOrEqual_inspiratoryTime) -> X(!inspiratoryPhase))),False
ADARULE,105,PSV Mode: The inspiration phase lasts until the inspiration peak is reached but no later than the max_insp_time_psv is over. After that the expiration phase begins.,G(PSVMode -> (inspiratoryPhase U (( P_insp_greaterThanOrEqual_MaxP_insp | inspClock_greaterThanOrEqual_inspiratoryTime )))),G(PSVMode -> (inspiratoryPhase U (P_insp_greaterThanOrEqual_MaxP_insp | inspClock_greaterThanOrEqual_inspiratoryTime)) & G((P_insp_greaterThanOrEqual_MaxP_insp | inspClock_greaterThanOrEqual_inspiratoryTime) -> X(!inspiratoryPhase))),False
ADARULE,105,PSV Mode: The inspiration phase lasts until the inspiration peak is reached but no later than the max_insp_time_psv is over. After that the expiration phase begins.,G(PSVMode -> (inspiratoryPhase U (( P_insp_greaterThanOrEqual_MaxP_insp | inspClock_greaterThanOrEqual_inspiratoryTime )))),G(PSVMode -> (inspiratoryPhase U (P_insp_greaterThanOrEqual_MaxP_insp | inspClock_greaterThanOrEqual_inspiratoryTime)) & G((P_insp_greaterThanOrEqual_MaxP_insp | inspClock_greaterThanOrEqual_inspiratoryTime) -> X(!inspiratoryPhase))),False
ADARULE,105,PSV Mode: The inspiration phase lasts until the inspiration peak is reached but no later than the max_insp_time_psv is over. After that the expiration phase begins.,G(PSVMode -> (inspiratoryPhase U (( P_insp_greaterThanOrEqual_MaxP_insp | inspClock_greaterThanOrEqual_inspiratoryTime )))),G(PSVMode -> (inspiratoryPhase U (P_insp_greaterThanOrEqual_MaxP_insp | inspClock_greaterThanOrEqual_inspiratoryTime)) & G((P_insp_greaterThanOrEqual_MaxP_insp | inspClock_greaterThanOrEqual_inspiratoryTime) -> X(!inspiratoryPhase))),False
ADARULE,105,PSV Mode: The inspiration phase lasts until the inspiration peak is reached but no later than the max_insp_time_psv is over. After that the expiration phase begins.,G(PSVMode -> (inspiratoryPhase U (( P_insp_greaterThanOrEqual_MaxP_insp | inspClock_greaterThanOrEqual_inspiratoryTime )))),G(PSVMode -> (inspiratoryPhase U (P_insp_greaterThanOrEqual_MaxP_insp | inspClock_greaterThanOrEqual_inspiratoryTime)) & G((P_insp_greaterThanOrEqual_MaxP_insp | inspClock_greaterThanOrEqual_inspiratoryTime) -> X(!inspiratoryPhase))),False
ADARULE,105,PSV Mode: The inspiration phase lasts until the inspiration peak is reached but no later than the max_insp_time_psv is over. After that the expiration phase begins.,G(PSVMode -> (inspiratoryPhase U (( P_insp_greaterThanOrEqual_MaxP_insp | inspClock_greaterThanOrEqual_inspiratoryTime )))),G(PSVMode -> (inspiratoryPhase U (P_insp_greaterThanOrEqual_MaxP_insp | inspClock_greaterThanOrEqual_inspiratoryTime)) & G((P_insp_greaterThanOrEqual_MaxP_insp | inspClock_greaterThanOrEqual_inspiratoryTime) -> F(!inspiratoryPhase))),False
ADARULE,105,PSV Mode: The inspiration phase lasts until the inspiration peak is reached but no later than the max_insp_time_psv is over. After that the expiration phase begins.,G(PSVMode -> (inspiratoryPhase U (( P_insp_greaterThanOrEqual_MaxP_insp | inspClock_greaterThanOrEqual_inspiratoryTime )))),G(PSVMode -> (inspiratoryPhase U (P_insp_greaterThanOrEqual_MaxP_insp | inspClock_greaterThanOrEqual_inspiratoryTime)) & G((P_insp_greaterThanOrEqual_MaxP_insp | inspClock_greaterThanOrEqual_inspiratoryTime) -> X(!inspiratoryPhase))),False
ADARULE,105,PSV Mode: The inspiration phase lasts until the inspiration peak is reached but no later than the max_insp_time_psv is over. After that the expiration phase begins.,G(PSVMode -> (inspiratoryPhase U (( P_insp_greaterThanOrEqual_MaxP_insp | inspClock_greaterThanOrEqual_inspiratoryTime )))),G(PSVMode -> (inspiratoryPhase U (P_insp_greaterThanOrEqual_MaxP_insp | inspClock_greaterThanOrEqual_inspiratoryTime)) & G((P_insp_greaterThanOrEqual_MaxP_insp | inspClock_greaterThanOrEqual_inspiratoryTime) -> X(!inspiratoryPhase))),False
ADARULE,105,PSV Mode: The inspiration phase lasts until the inspiration peak is reached but no later than the max_insp_time_psv is over. After that the expiration phase begins.,G(PSVMode -> (inspiratoryPhase U (( P_insp_greaterThanOrEqual_MaxP_insp | inspClock_greaterThanOrEqual_inspiratoryTime )))),G(PSVMode -> (inspiratoryPhase U (P_insp_greaterThanOrEqual_MaxP_insp | inspClock_greaterThanOrEqual_inspiratoryTime)) & G((P_insp_greaterThanOrEqual_MaxP_insp | inspClock_greaterThanOrEqual_inspiratoryTime) -> X(!inspiratoryPhase))),False
ADARULE,105,PSV Mode: The inspiration phase lasts until the inspiration peak is reached but no later than the max_insp_time_psv is over. After that the expiration phase begins.,G(PSVMode -> (inspiratoryPhase U (( P_insp_greaterThanOrEqual_MaxP_insp | inspClock_greaterThanOrEqual_inspiratoryTime )))),G(PSVMode -> (inspiratoryPhase U (P_insp_greaterThanOrEqual_MaxP_insp | inspClock_greaterThanOrEqual_inspiratoryTime)) & G((P_insp_greaterThanOrEqual_MaxP_insp | inspClock_greaterThanOrEqual_inspiratoryTime) -> X(!inspiratoryPhase))),False
ADARULE,105,PSV Mode: The inspiration phase lasts until the inspiration peak is reached but no later than the max_insp_time_psv is over. After that the expiration phase begins.,G(PSVMode -> (inspiratoryPhase U (( P_insp_greaterThanOrEqual_MaxP_insp | inspClock_greaterThanOrEqual_inspiratoryTime )))),G(PSVMode -> (inspiratoryPhase U (P_insp_greaterThanOrEqual_MaxP_insp | inspClock_greaterThanOrEqual_inspiratoryTime)) & G((P_insp_greaterThanOrEqual_MaxP_insp | inspClock_greaterThanOrEqual_inspiratoryTime) -> X(!inspiratoryPhase))),False
ADARULE,105,PSV Mode: The inspiration phase lasts until the inspiration peak is reached but no later than the max_insp_time_psv is over. After that the expiration phase begins.,G(PSVMode -> (inspiratoryPhase U (( P_insp_greaterThanOrEqual_MaxP_insp | inspClock_greaterThanOrEqual_inspiratoryTime )))),G(PSVMode -> (inspiratoryPhase U (P_insp_greaterThanOrEqual_MaxP_insp | inspClock_greaterThanOrEqual_inspiratoryTime)) & G((P_insp_greaterThanOrEqual_MaxP_insp | inspClock_greaterThanOrEqual_inspiratoryTime) -> X(!inspiratoryPhase))),False
ADARULE,105,PSV Mode: The inspiration phase lasts until the inspiration peak is reached but no later than the max_insp_time_psv is over. After that the expiration phase begins.,G(PSVMode -> (inspiratoryPhase U (( P_insp_greaterThanOrEqual_MaxP_insp | inspClock_greaterThanOrEqual_inspiratoryTime )))),G(PSVMode -> (inspiratoryPhase U (P_insp_greaterThanOrEqual_MaxP_insp | inspClock_greaterThanOrEqual_inspiratoryTime)) & G((P_insp_greaterThanOrEqual_MaxP_insp | inspClock_greaterThanOrEqual_inspiratoryTime) -> F(!inspiratoryPhase))),False
ADARULE,105,PSV Mode: The inspiration phase lasts until the inspiration peak is reached but no later than the max_insp_time_psv is over. After that the expiration phase begins.,G(PSVMode -> (inspiratoryPhase U (( P_insp_greaterThanOrEqual_MaxP_insp | inspClock_greaterThanOrEqual_inspiratoryTime )))),G(PSVMode -> (inspiratoryPhase U (P_insp_greaterThanOrEqual_MaxP_insp | inspClock_greaterThanOrEqual_inspiratoryTime)) & G((P_insp_greaterThanOrEqual_MaxP_insp | inspClock_greaterThanOrEqual_inspiratoryTime) -> F(!inspiratoryPhase))),False
ADARULE,105,PSV Mode: The inspiration phase lasts until the inspiration peak is reached but no later than the max_insp_time_psv is over. After that the expiration phase begins.,G(PSVMode -> (inspiratoryPhase U (( P_insp_greaterThanOrEqual_MaxP_insp | inspClock_greaterThanOrEqual_inspiratoryTime )))),G(PSVMode -> (inspiratoryPhase U (P_insp_greaterThanOrEqual_MaxP_insp | inspClock_greaterThanOrEqual_inspiratoryTime)) & G((P_insp_greaterThanOrEqual_MaxP_insp | inspClock_greaterThanOrEqual_inspiratoryTime) -> F(!inspiratoryPhase))),False
ADARULE,105,PSV Mode: The inspiration phase lasts until the inspiration peak is reached but no later than the max_insp_time_psv is over. After that the expiration phase begins.,G(PSVMode -> (inspiratoryPhase U (( P_insp_greaterThanOrEqual_MaxP_insp | inspClock_greaterThanOrEqual_inspiratoryTime )))),G(PSVMode -> (inspiratoryPhase U (P_insp_greaterThanOrEqual_MaxP_insp | inspClock_greaterThanOrEqual_inspiratoryTime)) & G((P_insp_greaterThanOrEqual_MaxP_insp | inspClock_greaterThanOrEqual_inspiratoryTime) -> F(!inspiratoryPhase))),False
ADARULE,105,PSV Mode: The inspiration phase lasts until the inspiration peak is reached but no later than the max_insp_time_psv is over. After that the expiration phase begins.,G(PSVMode -> (inspiratoryPhase U (( P_insp_greaterThanOrEqual_MaxP_insp | inspClock_greaterThanOrEqual_inspiratoryTime )))),G(PSVMode -> (inspiratoryPhase U (P_insp_greaterThanOrEqual_MaxP_insp | inspClock_greaterThanOrEqual_inspiratoryTime)) & G((P_insp_greaterThanOrEqual_MaxP_insp | inspClock_greaterThanOrEqual_inspiratoryTime) -> X(!inspiratoryPhase))),False
ADARULE,105,PSV Mode: The inspiration phase lasts until the inspiration peak is reached but no later than the max_insp_time_psv is over. After that the expiration phase begins.,G(PSVMode -> (inspiratoryPhase U (( P_insp_greaterThanOrEqual_MaxP_insp | inspClock_greaterThanOrEqual_inspiratoryTime )))),G(PSVMode -> (inspiratoryPhase U (P_insp_greaterThanOrEqual_MaxP_insp | inspClock_greaterThanOrEqual_inspiratoryTime)) & G((P_insp_greaterThanOrEqual_MaxP_insp | inspClock_greaterThanOrEqual_inspiratoryTime) -> X(!inspiratoryPhase))),False
ADARULE,105,PSV Mode: The inspiration phase lasts until the inspiration peak is reached but no later than the max_insp_time_psv is over. After that the expiration phase begins.,G(PSVMode -> (inspiratoryPhase U (( P_insp_greaterThanOrEqual_MaxP_insp | inspClock_greaterThanOrEqual_inspiratoryTime )))),G(PSVMode -> (inspiratoryPhase U (P_insp_greaterThanOrEqual_MaxP_insp | inspClock_greaterThanOrEqual_inspiratoryTime)) & G((P_insp_greaterThanOrEqual_MaxP_insp | inspClock_greaterThanOrEqual_inspiratoryTime) -> X(!inspiratoryPhase))),False
ADARULE,105,PSV Mode: The inspiration phase lasts until the inspiration peak is reached but no later than the max_insp_time_psv is over. After that the expiration phase begins.,G(PSVMode -> (inspiratoryPhase U (( P_insp_greaterThanOrEqual_MaxP_insp | inspClock_greaterThanOrEqual_inspiratoryTime )))),G(PSVMode -> (inspiratoryPhase U (P_insp_greaterThanOrEqual_MaxP_insp | inspClock_greaterThanOrEqual_inspiratoryTime)) & G((P_insp_greaterThanOrEqual_MaxP_insp | inspClock_greaterThanOrEqual_inspiratoryTime) -> X(!inspiratoryPhase))),False
ADARULE,105,PSV Mode: The inspiration phase lasts until the inspiration peak is reached but no later than the max_insp_time_psv is over. After that the expiration phase begins.,G(PSVMode -> (inspiratoryPhase U (( P_insp_greaterThanOrEqual_MaxP_insp | inspClock_greaterThanOrEqual_inspiratoryTime )))),G(PSVMode -> (inspiratoryPhase U (P_insp_greaterThanOrEqual_MaxP_insp | inspClock_greaterThanOrEqual_inspiratoryTime)) & G((P_insp_greaterThanOrEqual_MaxP_insp | inspClock_greaterThanOrEqual_inspiratoryTime) -> X(!inspiratoryPhase))),False
ADARULE,105,PSV Mode: The inspiration phase lasts until the inspiration peak is reached but no later than the max_insp_time_psv is over. After that the expiration phase begins.,G(PSVMode -> (inspiratoryPhase U (( P_insp_greaterThanOrEqual_MaxP_insp | inspClock_greaterThanOrEqual_inspiratoryTime )))),G(PSVMode -> (inspiratoryPhase U (P_insp_greaterThanOrEqual_MaxP_insp | inspClock_greaterThanOrEqual_inspiratoryTime)) & G((P_insp_greaterThanOrEqual_MaxP_insp | inspClock_greaterThanOrEqual_inspiratoryTime) -> F(!inspiratoryPhase))),False
ADARULE,105,PSV Mode: The inspiration phase lasts until the inspiration peak is reached but no later than the max_insp_time_psv is over. After that the expiration phase begins.,G(PSVMode -> (inspiratoryPhase U (( P_insp_greaterThanOrEqual_MaxP_insp | inspClock_greaterThanOrEqual_inspiratoryTime )))),G(PSVMode -> (inspiratoryPhase U (P_insp_greaterThanOrEqual_MaxP_insp | inspClock_greaterThanOrEqual_inspiratoryTime)) & G((P_insp_greaterThanOrEqual_MaxP_insp | inspClock_greaterThanOrEqual_inspiratoryTime) -> X(!inspiratoryPhase))),False
ADARULE,105,PSV Mode: The inspiration phase lasts until the inspiration peak is reached but no later than the max_insp_time_psv is over. After that the expiration phase begins.,G(PSVMode -> (inspiratoryPhase U (( P_insp_greaterThanOrEqual_MaxP_insp | inspClock_greaterThanOrEqual_inspiratoryTime )))),G(PSVMode -> (inspiratoryPhase U (P_insp_greaterThanOrEqual_MaxP_insp | inspClock_greaterThanOrEqual_inspiratoryTime)) & G((P_insp_greaterThanOrEqual_MaxP_insp | inspClock_greaterThanOrEqual_inspiratoryTime) -> X(!inspiratoryPhase))),False
ADARULE,105,PSV Mode: The inspiration phase lasts until the inspiration peak is reached but no later than the max_insp_time_psv is over. After that the expiration phase begins.,G(PSVMode -> (inspiratoryPhase U (( P_insp_greaterThanOrEqual_MaxP_insp | inspClock_greaterThanOrEqual_inspiratoryTime )))),G(PSVMode -> (inspiratoryPhase U (P_insp_greaterThanOrEqual_MaxP_insp | inspClock_greaterThanOrEqual_inspiratoryTime)) & G((P_insp_greaterThanOrEqual_MaxP_insp | inspClock_greaterThanOrEqual_inspiratoryTime) -> F(!inspiratoryPhase))),False
ADARULE,105,PSV Mode: The inspiration phase lasts until the inspiration peak is reached but no later than the max_insp_time_psv is over. After that the expiration phase begins.,G(PSVMode -> (inspiratoryPhase U (( P_insp_greaterThanOrEqual_MaxP_insp | inspClock_greaterThanOrEqual_inspiratoryTime )))),G(PSVMode -> (inspiratoryPhase U (P_insp_greaterThanOrEqual_MaxP_insp | inspClock_greaterThanOrEqual_inspiratoryTime)) & G((P_insp_greaterThanOrEqual_MaxP_insp | inspClock_greaterThanOrEqual_inspiratoryTime) -> F(!inspiratoryPhase))),False
ADARULE,105,PSV Mode: The inspiration phase lasts until the inspiration peak is reached but no later than the max_insp_time_psv is over. After that the expiration phase begins.,G(PSVMode -> (inspiratoryPhase U (( P_insp_greaterThanOrEqual_MaxP_insp | inspClock_greaterThanOrEqual_inspiratoryTime )))),G(PSVMode -> (inspiratoryPhase U (P_insp_greaterThanOrEqual_MaxP_insp | inspClock_greaterThanOrEqual_inspiratoryTime)) & G((P_insp_greaterThanOrEqual_MaxP_insp | inspClock_greaterThanOrEqual_inspiratoryTime) -> X(!inspiratoryPhase))),False
ADARULE,105,PSV Mode: The inspiration phase lasts until the inspiration peak is reached but no later than the max_insp_time_psv is over. After that the expiration phase begins.,G(PSVMode -> (inspiratoryPhase U (( P_insp_greaterThanOrEqual_MaxP_insp | inspClock_greaterThanOrEqual_inspiratoryTime )))),G(PSVMode -> (inspiratoryPhase U (P_insp_greaterThanOrEqual_MaxP_insp | inspClock_greaterThanOrEqual_inspiratoryTime)) & G((P_insp_greaterThanOrEqual_MaxP_insp | inspClock_greaterThanOrEqual_inspiratoryTime) -> X(!inspiratoryPhase))),False
ADARULE,105,PSV Mode: The inspiration phase lasts until the inspiration peak is reached but no later than the max_insp_time_psv is over. After that the expiration phase begins.,G(PSVMode -> (inspiratoryPhase U (( P_insp_greaterThanOrEqual_MaxP_insp | inspClock_greaterThanOrEqual_inspiratoryTime )))),G(PSVMode -> (inspiratoryPhase U (P_insp_greaterThanOrEqual_MaxP_insp | inspClock_greaterThanOrEqual_inspiratoryTime)) & G((P_insp_greaterThanOrEqual_MaxP_insp | inspClock_greaterThanOrEqual_inspiratoryTime) -> X(!inspiratoryPhase))),False
ADARULE,105,PSV Mode: The inspiration phase lasts until the inspiration peak is reached but no later than the max_insp_time_psv is over. After that the expiration phase begins.,G(PSVMode -> (inspiratoryPhase U (( P_insp_greaterThanOrEqual_MaxP_insp | inspClock_greaterThanOrEqual_inspiratoryTime )))),G(PSVMode -> (inspiratoryPhase U (P_insp_greaterThanOrEqual_MaxP_insp | inspClock_greaterThanOrEqual_inspiratoryTime)) & G((P_insp_greaterThanOrEqual_MaxP_insp | inspClock_greaterThanOrEqual_inspiratoryTime) -> X(!inspiratoryPhase))),False
ADARULE,105,PSV Mode: The inspiration phase lasts until the inspiration peak is reached but no later than the max_insp_time_psv is over. After that the expiration phase begins.,G(PSVMode -> (inspiratoryPhase U (( P_insp_greaterThanOrEqual_MaxP_insp | inspClock_greaterThanOrEqual_inspiratoryTime )))),G(PSVMode -> (inspiratoryPhase U (P_insp_greaterThanOrEqual_MaxP_insp | inspClock_greaterThanOrEqual_inspiratoryTime)) & G((P_insp_greaterThanOrEqual_MaxP_insp | inspClock_greaterThanOrEqual_inspiratoryTime) -> F(!inspiratoryPhase))),False
ADARULE,105,PSV Mode: The inspiration phase lasts until the inspiration peak is reached but no later than the max_insp_time_psv is over. After that the expiration phase begins.,G(PSVMode -> (inspiratoryPhase U (( P_insp_greaterThanOrEqual_MaxP_insp | inspClock_greaterThanOrEqual_inspiratoryTime )))),G(PSVMode -> (inspiratoryPhase U (P_insp_greaterThanOrEqual_MaxP_insp | inspClock_greaterThanOrEqual_inspiratoryTime)) & G((P_insp_greaterThanOrEqual_MaxP_insp | inspClock_greaterThanOrEqual_inspiratoryTime) -> F(!inspiratoryPhase))),False
ADARULE,105,PSV Mode: The inspiration phase lasts until the inspiration peak is reached but no later than the max_insp_time_psv is over. After that the expiration phase begins.,G(PSVMode -> (inspiratoryPhase U (( P_insp_greaterThanOrEqual_MaxP_insp | inspClock_greaterThanOrEqual_inspiratoryTime )))),G(PSVMode -> (inspiratoryPhase U (P_insp_greaterThanOrEqual_MaxP_insp | inspClock_greaterThanOrEqual_inspiratoryTime)) & G((P_insp_greaterThanOrEqual_MaxP_insp | inspClock_greaterThanOrEqual_inspiratoryTime) -> X(!inspiratoryPhase))),False
ADARULE,105,PSV Mode: The inspiration phase lasts until the inspiration peak is reached but no later than the max_insp_time_psv is over. After that the expiration phase begins.,G(PSVMode -> (inspiratoryPhase U (( P_insp_greaterThanOrEqual_MaxP_insp | inspClock_greaterThanOrEqual_inspiratoryTime )))),G(PSVMode -> (inspiratoryPhase U (P_insp_greaterThanOrEqual_MaxP_insp | inspClock_greaterThanOrEqual_inspiratoryTime)) & G((P_insp_greaterThanOrEqual_MaxP_insp | inspClock_greaterThanOrEqual_inspiratoryTime) -> X(!inspiratoryPhase))),False
ADARULE,105,PSV Mode: The inspiration phase lasts until the inspiration peak is reached but no later than the max_insp_time_psv is over. After that the expiration phase begins.,G(PSVMode -> (inspiratoryPhase U (( P_insp_greaterThanOrEqual_MaxP_insp | inspClock_greaterThanOrEqual_inspiratoryTime )))),G(PSVMode -> (inspiratoryPhase U (P_insp_greaterThanOrEqual_MaxP_insp | inspClock_greaterThanOrEqual_inspiratoryTime)) & G((P_insp_greaterThanOrEqual_MaxP_insp | inspClock_greaterThanOrEqual_inspiratoryTime) -> F(!inspiratoryPhase))),False
ADARULE,105,PSV Mode: The inspiration phase lasts until the inspiration peak is reached but no later than the max_insp_time_psv is over. After that the expiration phase begins.,G(PSVMode -> (inspiratoryPhase U (( P_insp_greaterThanOrEqual_MaxP_insp | inspClock_greaterThanOrEqual_inspiratoryTime )))),G(PSVMode -> (inspiratoryPhase U (P_insp_greaterThanOrEqual_MaxP_insp | inspClock_greaterThanOrEqual_inspiratoryTime)) & G((P_insp_greaterThanOrEqual_MaxP_insp | inspClock_greaterThanOrEqual_inspiratoryTime) -> X(!inspiratoryPhase))),False
ADARULE,105,PSV Mode: The inspiration phase lasts until the inspiration peak is reached but no later than the max_insp_time_psv is over. After that the expiration phase begins.,G(PSVMode -> (inspiratoryPhase U (( P_insp_greaterThanOrEqual_MaxP_insp | inspClock_greaterThanOrEqual_inspiratoryTime )))),G(PSVMode -> (inspiratoryPhase U (P_insp_greaterThanOrEqual_MaxP_insp | inspClock_greaterThanOrEqual_inspiratoryTime)) & G((P_insp_greaterThanOrEqual_MaxP_insp | inspClock_greaterThanOrEqual_inspiratoryTime) -> X(!inspiratoryPhase))),False
ADARULE,105,PSV Mode: The inspiration phase lasts until the inspiration peak is reached but no later than the max_insp_time_psv is over. After that the expiration phase begins.,G(PSVMode -> (inspiratoryPhase U (( P_insp_greaterThanOrEqual_MaxP_insp | inspClock_greaterThanOrEqual_inspiratoryTime )))),G(PSVMode -> (inspiratoryPhase U (P_insp_greaterThanOrEqual_MaxP_insp | inspClock_greaterThanOrEqual_inspiratoryTime)) & G((P_insp_greaterThanOrEqual_MaxP_insp | inspClock_greaterThanOrEqual_inspiratoryTime) -> X(!inspiratoryPhase))),False
ADARULE,105,PSV Mode: The inspiration phase lasts until the inspiration peak is reached but no later than the max_insp_time_psv is over. After that the expiration phase begins.,G(PSVMode -> (inspiratoryPhase U (( P_insp_greaterThanOrEqual_MaxP_insp | inspClock_greaterThanOrEqual_inspiratoryTime )))),G(PSVMode -> (inspiratoryPhase U (P_insp_greaterThanOrEqual_MaxP_insp | inspClock_greaterThanOrEqual_inspiratoryTime)) & G((P_insp_greaterThanOrEqual_MaxP_insp | inspClock_greaterThanOrEqual_inspiratoryTime) -> X(!inspiratoryPhase))),False
ADARULE,105,PSV Mode: The inspiration phase lasts until the inspiration peak is reached but no later than the max_insp_time_psv is over. After that the expiration phase begins.,G(PSVMode -> (inspiratoryPhase U (( P_insp_greaterThanOrEqual_MaxP_insp | inspClock_greaterThanOrEqual_inspiratoryTime )))),G(PSVMode -> (inspiratoryPhase U (P_insp_greaterThanOrEqual_MaxP_insp | inspClock_greaterThanOrEqual_inspiratoryTime)) & G((P_insp_greaterThanOrEqual_MaxP_insp | inspClock_greaterThanOrEqual_inspiratoryTime) -> X(!inspiratoryPhase))),False
ADARULE,105,PSV Mode: The inspiration phase lasts until the inspiration peak is reached but no later than the max_insp_time_psv is over. After that the expiration phase begins.,G(PSVMode -> (inspiratoryPhase U (( P_insp_greaterThanOrEqual_MaxP_insp | inspClock_greaterThanOrEqual_inspiratoryTime )))),G(PSVMode -> (inspiratoryPhase U (P_insp_greaterThanOrEqual_MaxP_insp | inspClock_greaterThanOrEqual_inspiratoryTime)) & G((P_insp_greaterThanOrEqual_MaxP_insp | inspClock_greaterThanOrEqual_inspiratoryTime) -> F(!inspiratoryPhase))),False
ADARULE,105,PSV Mode: The inspiration phase lasts until the inspiration peak is reached but no later than the max_insp_time_psv is over. After that the expiration phase begins.,G(PSVMode -> (inspiratoryPhase U (( P_insp_greaterThanOrEqual_MaxP_insp | inspClock_greaterThanOrEqual_inspiratoryTime )))),G(PSVMode -> (inspiratoryPhase U (P_insp_greaterThanOrEqual_MaxP_insp | inspClock_greaterThanOrEqual_inspiratoryTime)) & G((P_insp_greaterThanOrEqual_MaxP_insp | inspClock_greaterThanOrEqual_inspiratoryTime) -> F(!inspiratoryPhase))),False
ADARULE,105,PSV Mode: The inspiration phase lasts until the inspiration peak is reached but no later than the max_insp_time_psv is over. After that the expiration phase begins.,G(PSVMode -> (inspiratoryPhase U (( P_insp_greaterThanOrEqual_MaxP_insp | inspClock_greaterThanOrEqual_inspiratoryTime )))),G(PSVMode -> (inspiratoryPhase U (P_insp_greaterThanOrEqual_MaxP_insp | inspClock_greaterThanOrEqual_inspiratoryTime)) & G((P_insp_greaterThanOrEqual_MaxP_insp | inspClock_greaterThanOrEqual_inspiratoryTime) -> X(!inspiratoryPhase))),False
ADARULE,105,PSV Mode: The inspiration phase lasts until the inspiration peak is reached but no later than the max_insp_time_psv is over. After that the expiration phase begins.,G(PSVMode -> (inspiratoryPhase U (( P_insp_greaterThanOrEqual_MaxP_insp | inspClock_greaterThanOrEqual_inspiratoryTime )))),G(PSVMode -> (inspiratoryPhase U (P_insp_greaterThanOrEqual_MaxP_insp | inspClock_greaterThanOrEqual_inspiratoryTime)) & G((P_insp_greaterThanOrEqual_MaxP_insp | inspClock_greaterThanOrEqual_inspiratoryTime) -> F(!inspiratoryPhase))),False
ADARULE,105,PSV Mode: The inspiration phase lasts until the inspiration peak is reached but no later than the max_insp_time_psv is over. After that the expiration phase begins.,G(PSVMode -> (inspiratoryPhase U (( P_insp_greaterThanOrEqual_MaxP_insp | inspClock_greaterThanOrEqual_inspiratoryTime )))),G(PSVMode -> (inspiratoryPhase U (P_insp_greaterThanOrEqual_MaxP_insp | inspClock_greaterThanOrEqual_inspiratoryTime)) & G((P_insp_greaterThanOrEqual_MaxP_insp | inspClock_greaterThanOrEqual_inspiratoryTime) -> X(!inspiratoryPhase))),False
ADARULE,105,PSV Mode: The inspiration phase lasts until the inspiration peak is reached but no later than the max_insp_time_psv is over. After that the expiration phase begins.,G(PSVMode -> (inspiratoryPhase U (( P_insp_greaterThanOrEqual_MaxP_insp | inspClock_greaterThanOrEqual_inspiratoryTime )))),G(PSVMode -> (inspiratoryPhase U (P_insp_greaterThanOrEqual_MaxP_insp | inspClock_greaterThanOrEqual_inspiratoryTime)) & G((P_insp_greaterThanOrEqual_MaxP_insp | inspClock_greaterThanOrEqual_inspiratoryTime) -> X(!inspiratoryPhase))),False
ADARULE,105,PSV Mode: The inspiration phase lasts until the inspiration peak is reached but no later than the max_insp_time_psv is over. After that the expiration phase begins.,G(PSVMode -> (inspiratoryPhase U (( P_insp_greaterThanOrEqual_MaxP_insp | inspClock_greaterThanOrEqual_inspiratoryTime )))),G(PSVMode -> (inspiratoryPhase U (P_insp_greaterThanOrEqual_MaxP_insp | inspClock_greaterThanOrEqual_inspiratoryTime)) & G((P_insp_greaterThanOrEqual_MaxP_insp | inspClock_greaterThanOrEqual_inspiratoryTime) -> F(!inspiratoryPhase))),False
ADARULE,125,"If PAW exceeds Max_Pinsp during inspiration, the cycle shall proceed immediately to expiration.",!(P_insp_greaterThan_MaxP_insp) U ((P_insp_greaterThan_MaxP_insp) & ((inspiratoryPhaseEnd & expiratoryPhaseStart))),G(P_insp_greaterThan_MaxP_insp -> X(expiratoryPhaseStart)),False
ADARULE,125,"If PAW exceeds Max_Pinsp during inspiration, the cycle shall proceed immediately to expiration.",!(P_insp_greaterThan_MaxP_insp) U ((P_insp_greaterThan_MaxP_insp) & ((inspiratoryPhaseEnd & expiratoryPhaseStart))),G(P_insp_greaterThan_MaxP_insp -> X(expiratoryPhaseStart)),False
ADARULE,125,"If PAW exceeds Max_Pinsp during inspiration, the cycle shall proceed immediately to expiration.",!(P_insp_greaterThan_MaxP_insp) U ((P_insp_greaterThan_MaxP_insp) & ((inspiratoryPhaseEnd & expiratoryPhaseStart))),G(P_insp_greaterThan_MaxP_insp -> X(expiratoryPhaseStart)),False
ADARULE,125,"If PAW exceeds Max_Pinsp during inspiration, the cycle shall proceed immediately to expiration.",!(P_insp_greaterThan_MaxP_insp) U ((P_insp_greaterThan_MaxP_insp) & ((inspiratoryPhaseEnd & expiratoryPhaseStart))),G(P_insp_greaterThan_MaxP_insp -> X(expiratoryPhaseStart)),False
ADARULE,125,"If PAW exceeds Max_Pinsp during inspiration, the cycle shall proceed immediately to expiration.",!(P_insp_greaterThan_MaxP_insp) U ((P_insp_greaterThan_MaxP_insp) & ((inspiratoryPhaseEnd & expiratoryPhaseStart))),G(P_insp_greaterThan_MaxP_insp -> F(expiratoryPhaseStart)),False
ADARULE,125,"If PAW exceeds Max_Pinsp during inspiration, the cycle shall proceed immediately to expiration.",!(P_insp_greaterThan_MaxP_insp) U ((P_insp_greaterThan_MaxP_insp) & ((inspiratoryPhaseEnd & expiratoryPhaseStart))),G(P_insp_greaterThan_MaxP_insp -> F(expiratoryPhaseStart)),False
ADARULE,125,"If PAW exceeds Max_Pinsp during inspiration, the cycle shall proceed immediately to expiration.",!(P_insp_greaterThan_MaxP_insp) U ((P_insp_greaterThan_MaxP_insp) & ((inspiratoryPhaseEnd & expiratoryPhaseStart))),G(P_insp_greaterThan_MaxP_insp -> X(expiratoryPhaseStart)),False
ADARULE,125,"If PAW exceeds Max_Pinsp during inspiration, the cycle shall proceed immediately to expiration.",!(P_insp_greaterThan_MaxP_insp) U ((P_insp_greaterThan_MaxP_insp) & ((inspiratoryPhaseEnd & expiratoryPhaseStart))),G(P_insp_greaterThan_MaxP_insp -> F(expiratoryPhaseStart)),False
ADARULE,125,"If PAW exceeds Max_Pinsp during inspiration, the cycle shall proceed immediately to expiration.",!(P_insp_greaterThan_MaxP_insp) U ((P_insp_greaterThan_MaxP_insp) & ((inspiratoryPhaseEnd & expiratoryPhaseStart))),G(P_insp_greaterThan_MaxP_insp -> X(expiratoryPhaseStart)),False
ADARULE,125,"If PAW exceeds Max_Pinsp during inspiration, the cycle shall proceed immediately to expiration.",!(P_insp_greaterThan_MaxP_insp) U ((P_insp_greaterThan_MaxP_insp) & ((inspiratoryPhaseEnd & expiratoryPhaseStart))),G(P_insp_greaterThan_MaxP_insp -> F(expiratoryPhaseStart)),False
ADARULE,125,"If PAW exceeds Max_Pinsp during inspiration, the cycle shall proceed immediately to expiration.",!(P_insp_greaterThan_MaxP_insp) U ((P_insp_greaterThan_MaxP_insp) & ((inspiratoryPhaseEnd & expiratoryPhaseStart))),G(P_insp_greaterThan_MaxP_insp -> X(expiratoryPhaseStart)),False
ADARULE,125,"If PAW exceeds Max_Pinsp during inspiration, the cycle shall proceed immediately to expiration.",!(P_insp_greaterThan_MaxP_insp) U ((P_insp_greaterThan_MaxP_insp) & ((inspiratoryPhaseEnd & expiratoryPhaseStart))),G(P_insp_greaterThan_MaxP_insp -> F(expiratoryPhaseStart)),False
ADARULE,125,"If PAW exceeds Max_Pinsp during inspiration, the cycle shall proceed immediately to expiration.",!(P_insp_greaterThan_MaxP_insp) U ((P_insp_greaterThan_MaxP_insp) & ((inspiratoryPhaseEnd & expiratoryPhaseStart))),G(P_insp_greaterThan_MaxP_insp -> X(expiratoryPhaseStart)),False
ADARULE,125,"If PAW exceeds Max_Pinsp during inspiration, the cycle shall proceed immediately to expiration.",!(P_insp_greaterThan_MaxP_insp) U ((P_insp_greaterThan_MaxP_insp) & ((inspiratoryPhaseEnd & expiratoryPhaseStart))),G(P_insp_greaterThan_MaxP_insp -> X(expiratoryPhaseStart)),False
ADARULE,125,"If PAW exceeds Max_Pinsp during inspiration, the cycle shall proceed immediately to expiration.",!(P_insp_greaterThan_MaxP_insp) U ((P_insp_greaterThan_MaxP_insp) & ((inspiratoryPhaseEnd & expiratoryPhaseStart))),G(P_insp_greaterThan_MaxP_insp -> F(expiratoryPhaseStart)),False
ADARULE,125,"If PAW exceeds Max_Pinsp during inspiration, the cycle shall proceed immediately to expiration.",!(P_insp_greaterThan_MaxP_insp) U ((P_insp_greaterThan_MaxP_insp) & ((inspiratoryPhaseEnd & expiratoryPhaseStart))),G(P_insp_greaterThan_MaxP_insp -> X(expiratoryPhaseStart)),False
ADARULE,125,"If PAW exceeds Max_Pinsp during inspiration, the cycle shall proceed immediately to expiration.",!(P_insp_greaterThan_MaxP_insp) U ((P_insp_greaterThan_MaxP_insp) & ((inspiratoryPhaseEnd & expiratoryPhaseStart))),G(P_insp_greaterThan_MaxP_insp -> X(expiratoryPhaseStart)),False
ADARULE,125,"If PAW exceeds Max_Pinsp during inspiration, the cycle shall proceed immediately to expiration.",!(P_insp_greaterThan_MaxP_insp) U ((P_insp_greaterThan_MaxP_insp) & ((inspiratoryPhaseEnd & expiratoryPhaseStart))),G(P_insp_greaterThan_MaxP_insp -> X(expiratoryPhaseStart)),False
ADARULE,125,"If PAW exceeds Max_Pinsp during inspiration, the cycle shall proceed immediately to expiration.",!(P_insp_greaterThan_MaxP_insp) U ((P_insp_greaterThan_MaxP_insp) & ((inspiratoryPhaseEnd & expiratoryPhaseStart))),G(P_insp_greaterThan_MaxP_insp -> X(expiratoryPhaseStart)),False
ADARULE,125,"If PAW exceeds Max_Pinsp during inspiration, the cycle shall proceed immediately to expiration.",!(P_insp_greaterThan_MaxP_insp) U ((P_insp_greaterThan_MaxP_insp) & ((inspiratoryPhaseEnd & expiratoryPhaseStart))),G(P_insp_greaterThan_MaxP_insp -> X(expiratoryPhaseStart)),False
ADARULE,125,"If PAW exceeds Max_Pinsp during inspiration, the cycle shall proceed immediately to expiration.",!(P_insp_greaterThan_MaxP_insp) U ((P_insp_greaterThan_MaxP_insp) & ((inspiratoryPhaseEnd & expiratoryPhaseStart))),G(P_insp_greaterThan_MaxP_insp -> X(expiratoryPhaseStart)),False
ADARULE,125,"If PAW exceeds Max_Pinsp during inspiration, the cycle shall proceed immediately to expiration.",!(P_insp_greaterThan_MaxP_insp) U ((P_insp_greaterThan_MaxP_insp) & ((inspiratoryPhaseEnd & expiratoryPhaseStart))),G(P_insp_greaterThan_MaxP_insp -> F(expiratoryPhaseStart)),False
ADARULE,125,"If PAW exceeds Max_Pinsp during inspiration, the cycle shall proceed immediately to expiration.",!(P_insp_greaterThan_MaxP_insp) U ((P_insp_greaterThan_MaxP_insp) & ((inspiratoryPhaseEnd & expiratoryPhaseStart))),G(P_insp_greaterThan_MaxP_insp -> F(expiratoryPhaseStart)),False
ADARULE,125,"If PAW exceeds Max_Pinsp during inspiration, the cycle shall proceed immediately to expiration.",!(P_insp_greaterThan_MaxP_insp) U ((P_insp_greaterThan_MaxP_insp) & ((inspiratoryPhaseEnd & expiratoryPhaseStart))),G(P_insp_greaterThan_MaxP_insp -> F(expiratoryPhaseStart)),False
ADARULE,125,"If PAW exceeds Max_Pinsp during inspiration, the cycle shall proceed immediately to expiration.",!(P_insp_greaterThan_MaxP_insp) U ((P_insp_greaterThan_MaxP_insp) & ((inspiratoryPhaseEnd & expiratoryPhaseStart))),G(P_insp_greaterThan_MaxP_insp -> F(expiratoryPhaseStart)),False
ADARULE,125,"If PAW exceeds Max_Pinsp during inspiration, the cycle shall proceed immediately to expiration.",!(P_insp_greaterThan_MaxP_insp) U ((P_insp_greaterThan_MaxP_insp) & ((inspiratoryPhaseEnd & expiratoryPhaseStart))),G(P_insp_greaterThan_MaxP_insp -> F(expiratoryPhaseStart)),False
ADARULE,125,"If PAW exceeds Max_Pinsp during inspiration, the cycle shall proceed immediately to expiration.",!(P_insp_greaterThan_MaxP_insp) U ((P_insp_greaterThan_MaxP_insp) & ((inspiratoryPhaseEnd & expiratoryPhaseStart))),G(P_insp_greaterThan_MaxP_insp -> X(expiratoryPhaseStart)),False
ADARULE,125,"If PAW exceeds Max_Pinsp during inspiration, the cycle shall proceed immediately to expiration.",!(P_insp_greaterThan_MaxP_insp) U ((P_insp_greaterThan_MaxP_insp) & ((inspiratoryPhaseEnd & expiratoryPhaseStart))),G(P_insp_greaterThan_MaxP_insp -> F(expiratoryPhaseStart)),False
ADARULE,125,"If PAW exceeds Max_Pinsp during inspiration, the cycle shall proceed immediately to expiration.",!(P_insp_greaterThan_MaxP_insp) U ((P_insp_greaterThan_MaxP_insp) & ((inspiratoryPhaseEnd & expiratoryPhaseStart))),G(P_insp_greaterThan_MaxP_insp -> X(expiratoryPhaseStart)),False
ADARULE,125,"If PAW exceeds Max_Pinsp during inspiration, the cycle shall proceed immediately to expiration.",!(P_insp_greaterThan_MaxP_insp) U ((P_insp_greaterThan_MaxP_insp) & ((inspiratoryPhaseEnd & expiratoryPhaseStart))),G(P_insp_greaterThan_MaxP_insp -> X(expiratoryPhaseStart)),False
ADARULE,125,"If PAW exceeds Max_Pinsp during inspiration, the cycle shall proceed immediately to expiration.",!(P_insp_greaterThan_MaxP_insp) U ((P_insp_greaterThan_MaxP_insp) & ((inspiratoryPhaseEnd & expiratoryPhaseStart))),G(P_insp_greaterThan_MaxP_insp -> X(expiratoryPhaseStart)),False
ADARULE,125,"If PAW exceeds Max_Pinsp during inspiration, the cycle shall proceed immediately to expiration.",!(P_insp_greaterThan_MaxP_insp) U ((P_insp_greaterThan_MaxP_insp) & ((inspiratoryPhaseEnd & expiratoryPhaseStart))),G(P_insp_greaterThan_MaxP_insp -> F(expiratoryPhaseStart)),False
ADARULE,125,"If PAW exceeds Max_Pinsp during inspiration, the cycle shall proceed immediately to expiration.",!(P_insp_greaterThan_MaxP_insp) U ((P_insp_greaterThan_MaxP_insp) & ((inspiratoryPhaseEnd & expiratoryPhaseStart))),G(P_insp_greaterThan_MaxP_insp -> F(expiratoryPhaseStart)),False
ADARULE,125,"If PAW exceeds Max_Pinsp during inspiration, the cycle shall proceed immediately to expiration.",!(P_insp_greaterThan_MaxP_insp) U ((P_insp_greaterThan_MaxP_insp) & ((inspiratoryPhaseEnd & expiratoryPhaseStart))),G(P_insp_greaterThan_MaxP_insp -> X(expiratoryPhaseStart)),False
ADARULE,125,"If PAW exceeds Max_Pinsp during inspiration, the cycle shall proceed immediately to expiration.",!(P_insp_greaterThan_MaxP_insp) U ((P_insp_greaterThan_MaxP_insp) & ((inspiratoryPhaseEnd & expiratoryPhaseStart))),G(P_insp_greaterThan_MaxP_insp -> X(expiratoryPhaseStart)),False
ADARULE,125,"If PAW exceeds Max_Pinsp during inspiration, the cycle shall proceed immediately to expiration.",!(P_insp_greaterThan_MaxP_insp) U ((P_insp_greaterThan_MaxP_insp) & ((inspiratoryPhaseEnd & expiratoryPhaseStart))),G(P_insp_greaterThan_MaxP_insp -> X(expiratoryPhaseStart)),False
ADARULE,125,"If PAW exceeds Max_Pinsp during inspiration, the cycle shall proceed immediately to expiration.",!(P_insp_greaterThan_MaxP_insp) U ((P_insp_greaterThan_MaxP_insp) & ((inspiratoryPhaseEnd & expiratoryPhaseStart))),G(P_insp_greaterThan_MaxP_insp -> F(expiratoryPhaseStart)),False
ADARULE,125,"If PAW exceeds Max_Pinsp during inspiration, the cycle shall proceed immediately to expiration.",!(P_insp_greaterThan_MaxP_insp) U ((P_insp_greaterThan_MaxP_insp) & ((inspiratoryPhaseEnd & expiratoryPhaseStart))),G(P_insp_greaterThan_MaxP_insp -> X(expiratoryPhaseStart)),False
ADARULE,125,"If PAW exceeds Max_Pinsp during inspiration, the cycle shall proceed immediately to expiration.",!(P_insp_greaterThan_MaxP_insp) U ((P_insp_greaterThan_MaxP_insp) & ((inspiratoryPhaseEnd & expiratoryPhaseStart))),G(P_insp_greaterThan_MaxP_insp -> X(expiratoryPhaseStart)),False
ADARULE,125,"If PAW exceeds Max_Pinsp during inspiration, the cycle shall proceed immediately to expiration.",!(P_insp_greaterThan_MaxP_insp) U ((P_insp_greaterThan_MaxP_insp) & ((inspiratoryPhaseEnd & expiratoryPhaseStart))),G(P_insp_greaterThan_MaxP_insp -> X(expiratoryPhaseStart)),False
ADARULE,125,"If PAW exceeds Max_Pinsp during inspiration, the cycle shall proceed immediately to expiration.",!(P_insp_greaterThan_MaxP_insp) U ((P_insp_greaterThan_MaxP_insp) & ((inspiratoryPhaseEnd & expiratoryPhaseStart))),G(P_insp_greaterThan_MaxP_insp -> X(expiratoryPhaseStart)),False
ADARULE,125,"If PAW exceeds Max_Pinsp during inspiration, the cycle shall proceed immediately to expiration.",!(P_insp_greaterThan_MaxP_insp) U ((P_insp_greaterThan_MaxP_insp) & ((inspiratoryPhaseEnd & expiratoryPhaseStart))),G(P_insp_greaterThan_MaxP_insp -> F(expiratoryPhaseStart)),False
ADARULE,125,"If PAW exceeds Max_Pinsp during inspiration, the cycle shall proceed immediately to expiration.",!(P_insp_greaterThan_MaxP_insp) U ((P_insp_greaterThan_MaxP_insp) & ((inspiratoryPhaseEnd & expiratoryPhaseStart))),G(P_insp_greaterThan_MaxP_insp -> X(expiratoryPhaseStart)),False
ADARULE,125,"If PAW exceeds Max_Pinsp during inspiration, the cycle shall proceed immediately to expiration.",!(P_insp_greaterThan_MaxP_insp) U ((P_insp_greaterThan_MaxP_insp) & ((inspiratoryPhaseEnd & expiratoryPhaseStart))),G(P_insp_greaterThan_MaxP_insp -> X(expiratoryPhaseStart)),False
ADARULE,125,"If PAW exceeds Max_Pinsp during inspiration, the cycle shall proceed immediately to expiration.",!(P_insp_greaterThan_MaxP_insp) U ((P_insp_greaterThan_MaxP_insp) & ((inspiratoryPhaseEnd & expiratoryPhaseStart))),G(P_insp_greaterThan_MaxP_insp -> X(expiratoryPhaseStart)),False
ADARULE,125,"If PAW exceeds Max_Pinsp during inspiration, the cycle shall proceed immediately to expiration.",!(P_insp_greaterThan_MaxP_insp) U ((P_insp_greaterThan_MaxP_insp) & ((inspiratoryPhaseEnd & expiratoryPhaseStart))),G(P_insp_greaterThan_MaxP_insp -> X(expiratoryPhaseStart)),False
ADARULE,125,"If PAW exceeds Max_Pinsp during inspiration, the cycle shall proceed immediately to expiration.",!(P_insp_greaterThan_MaxP_insp) U ((P_insp_greaterThan_MaxP_insp) & ((inspiratoryPhaseEnd & expiratoryPhaseStart))),G(P_insp_greaterThan_MaxP_insp -> X(expiratoryPhaseStart)),False
ADARULE,125,"If PAW exceeds Max_Pinsp during inspiration, the cycle shall proceed immediately to expiration.",!(P_insp_greaterThan_MaxP_insp) U ((P_insp_greaterThan_MaxP_insp) & ((inspiratoryPhaseEnd & expiratoryPhaseStart))),G(P_insp_greaterThan_MaxP_insp -> X(expiratoryPhaseStart)),False
ADARULE,125,"If PAW exceeds Max_Pinsp during inspiration, the cycle shall proceed immediately to expiration.",!(P_insp_greaterThan_MaxP_insp) U ((P_insp_greaterThan_MaxP_insp) & ((inspiratoryPhaseEnd & expiratoryPhaseStart))),G(P_insp_greaterThan_MaxP_insp -> X(expiratoryPhaseStart)),False
ADARULE,125,"If PAW exceeds Max_Pinsp during inspiration, the cycle shall proceed immediately to expiration.",!(P_insp_greaterThan_MaxP_insp) U ((P_insp_greaterThan_MaxP_insp) & ((inspiratoryPhaseEnd & expiratoryPhaseStart))),G(P_insp_greaterThan_MaxP_insp -> F(expiratoryPhaseStart)),False
ADARULE,125,"If PAW exceeds Max_Pinsp during inspiration, the cycle shall proceed immediately to expiration.",!(P_insp_greaterThan_MaxP_insp) U ((P_insp_greaterThan_MaxP_insp) & ((inspiratoryPhaseEnd & expiratoryPhaseStart))),G(P_insp_greaterThan_MaxP_insp -> X(expiratoryPhaseStart)),False
ADARULE,125,"If PAW exceeds Max_Pinsp during inspiration, the cycle shall proceed immediately to expiration.",!(P_insp_greaterThan_MaxP_insp) U ((P_insp_greaterThan_MaxP_insp) & ((inspiratoryPhaseEnd & expiratoryPhaseStart))),G(P_insp_greaterThan_MaxP_insp -> X(expiratoryPhaseStart)),False
ADARULE,125,"If PAW exceeds Max_Pinsp during inspiration, the cycle shall proceed immediately to expiration.",!(P_insp_greaterThan_MaxP_insp) U ((P_insp_greaterThan_MaxP_insp) & ((inspiratoryPhaseEnd & expiratoryPhaseStart))),G(P_insp_greaterThan_MaxP_insp -> X(expiratoryPhaseStart)),False
ADARULE,125,"If PAW exceeds Max_Pinsp during inspiration, the cycle shall proceed immediately to expiration.",!(P_insp_greaterThan_MaxP_insp) U ((P_insp_greaterThan_MaxP_insp) & ((inspiratoryPhaseEnd & expiratoryPhaseStart))),G(P_insp_greaterThan_MaxP_insp -> X(expiratoryPhaseStart)),False
ADARULE,125,"If PAW exceeds Max_Pinsp during inspiration, the cycle shall proceed immediately to expiration.",!(P_insp_greaterThan_MaxP_insp) U ((P_insp_greaterThan_MaxP_insp) & ((inspiratoryPhaseEnd & expiratoryPhaseStart))),G(P_insp_greaterThan_MaxP_insp -> X(expiratoryPhaseStart)),False
ADARULE,125,"If PAW exceeds Max_Pinsp during inspiration, the cycle shall proceed immediately to expiration.",!(P_insp_greaterThan_MaxP_insp) U ((P_insp_greaterThan_MaxP_insp) & ((inspiratoryPhaseEnd & expiratoryPhaseStart))),G(P_insp_greaterThan_MaxP_insp -> X(expiratoryPhaseStart)),False
ADARULE,125,"If PAW exceeds Max_Pinsp during inspiration, the cycle shall proceed immediately to expiration.",!(P_insp_greaterThan_MaxP_insp) U ((P_insp_greaterThan_MaxP_insp) & ((inspiratoryPhaseEnd & expiratoryPhaseStart))),G(P_insp_greaterThan_MaxP_insp -> X(expiratoryPhaseStart)),False
ADARULE,125,"If PAW exceeds Max_Pinsp during inspiration, the cycle shall proceed immediately to expiration.",!(P_insp_greaterThan_MaxP_insp) U ((P_insp_greaterThan_MaxP_insp) & ((inspiratoryPhaseEnd & expiratoryPhaseStart))),G(P_insp_greaterThan_MaxP_insp -> X(expiratoryPhaseStart)),False
ADARULE,125,"If PAW exceeds Max_Pinsp during inspiration, the cycle shall proceed immediately to expiration.",!(P_insp_greaterThan_MaxP_insp) U ((P_insp_greaterThan_MaxP_insp) & ((inspiratoryPhaseEnd & expiratoryPhaseStart))),G(P_insp_greaterThan_MaxP_insp -> X(expiratoryPhaseStart)),False
ADARULE,125,"If PAW exceeds Max_Pinsp during inspiration, the cycle shall proceed immediately to expiration.",!(P_insp_greaterThan_MaxP_insp) U ((P_insp_greaterThan_MaxP_insp) & ((inspiratoryPhaseEnd & expiratoryPhaseStart))),G(P_insp_greaterThan_MaxP_insp -> X(expiratoryPhaseStart)),False
ADARULE,125,"If PAW exceeds Max_Pinsp during inspiration, the cycle shall proceed immediately to expiration.",!(P_insp_greaterThan_MaxP_insp) U ((P_insp_greaterThan_MaxP_insp) & ((inspiratoryPhaseEnd & expiratoryPhaseStart))),G(P_insp_greaterThan_MaxP_insp -> X(expiratoryPhaseStart)),False
ADARULE,125,"If PAW exceeds Max_Pinsp during inspiration, the cycle shall proceed immediately to expiration.",!(P_insp_greaterThan_MaxP_insp) U ((P_insp_greaterThan_MaxP_insp) & ((inspiratoryPhaseEnd & expiratoryPhaseStart))),G(P_insp_greaterThan_MaxP_insp -> X(expiratoryPhaseStart)),False
ADARULE,125,"If PAW exceeds Max_Pinsp during inspiration, the cycle shall proceed immediately to expiration.",!(P_insp_greaterThan_MaxP_insp) U ((P_insp_greaterThan_MaxP_insp) & ((inspiratoryPhaseEnd & expiratoryPhaseStart))),G(P_insp_greaterThan_MaxP_insp -> X(expiratoryPhaseStart)),False
ADARULE,125,"If PAW exceeds Max_Pinsp during inspiration, the cycle shall proceed immediately to expiration.",!(P_insp_greaterThan_MaxP_insp) U ((P_insp_greaterThan_MaxP_insp) & ((inspiratoryPhaseEnd & expiratoryPhaseStart))),G(P_insp_greaterThan_MaxP_insp -> X(expiratoryPhaseStart)),False
ADARULE,125,"If PAW exceeds Max_Pinsp during inspiration, the cycle shall proceed immediately to expiration.",!(P_insp_greaterThan_MaxP_insp) U ((P_insp_greaterThan_MaxP_insp) & ((inspiratoryPhaseEnd & expiratoryPhaseStart))),G(P_insp_greaterThan_MaxP_insp -> X(expiratoryPhaseStart)),False
ADARULE,125,"If PAW exceeds Max_Pinsp during inspiration, the cycle shall proceed immediately to expiration.",!(P_insp_greaterThan_MaxP_insp) U ((P_insp_greaterThan_MaxP_insp) & ((inspiratoryPhaseEnd & expiratoryPhaseStart))),G(P_insp_greaterThan_MaxP_insp -> F(expiratoryPhaseStart)),False
ADARULE,125,"If PAW exceeds Max_Pinsp during inspiration, the cycle shall proceed immediately to expiration.",!(P_insp_greaterThan_MaxP_insp) U ((P_insp_greaterThan_MaxP_insp) & ((inspiratoryPhaseEnd & expiratoryPhaseStart))),G(P_insp_greaterThan_MaxP_insp -> X(expiratoryPhaseStart)),False
ADARULE,125,"If PAW exceeds Max_Pinsp during inspiration, the cycle shall proceed immediately to expiration.",!(P_insp_greaterThan_MaxP_insp) U ((P_insp_greaterThan_MaxP_insp) & ((inspiratoryPhaseEnd & expiratoryPhaseStart))),G(P_insp_greaterThan_MaxP_insp -> X(expiratoryPhaseStart)),False
ADARULE,125,"If PAW exceeds Max_Pinsp during inspiration, the cycle shall proceed immediately to expiration.",!(P_insp_greaterThan_MaxP_insp) U ((P_insp_greaterThan_MaxP_insp) & ((inspiratoryPhaseEnd & expiratoryPhaseStart))),G(P_insp_greaterThan_MaxP_insp -> X(expiratoryPhaseStart)),False
ADARULE,125,"If PAW exceeds Max_Pinsp during inspiration, the cycle shall proceed immediately to expiration.",!(P_insp_greaterThan_MaxP_insp) U ((P_insp_greaterThan_MaxP_insp) & ((inspiratoryPhaseEnd & expiratoryPhaseStart))),G(P_insp_greaterThan_MaxP_insp -> F(expiratoryPhaseStart)),False
ADARULE,125,"If PAW exceeds Max_Pinsp during inspiration, the cycle shall proceed immediately to expiration.",!(P_insp_greaterThan_MaxP_insp) U ((P_insp_greaterThan_MaxP_insp) & ((inspiratoryPhaseEnd & expiratoryPhaseStart))),G(P_insp_greaterThan_MaxP_insp -> F(expiratoryPhaseStart)),False
ADARULE,125,"If PAW exceeds Max_Pinsp during inspiration, the cycle shall proceed immediately to expiration.",!(P_insp_greaterThan_MaxP_insp) U ((P_insp_greaterThan_MaxP_insp) & ((inspiratoryPhaseEnd & expiratoryPhaseStart))),G(P_insp_greaterThan_MaxP_insp -> X(expiratoryPhaseStart)),False
ADARULE,125,"If PAW exceeds Max_Pinsp during inspiration, the cycle shall proceed immediately to expiration.",!(P_insp_greaterThan_MaxP_insp) U ((P_insp_greaterThan_MaxP_insp) & ((inspiratoryPhaseEnd & expiratoryPhaseStart))),G(P_insp_greaterThan_MaxP_insp -> X(expiratoryPhaseStart)),False
ADARULE,125,"If PAW exceeds Max_Pinsp during inspiration, the cycle shall proceed immediately to expiration.",!(P_insp_greaterThan_MaxP_insp) U ((P_insp_greaterThan_MaxP_insp) & ((inspiratoryPhaseEnd & expiratoryPhaseStart))),G(P_insp_greaterThan_MaxP_insp -> X(expiratoryPhaseStart)),False
ADARULE,125,"If PAW exceeds Max_Pinsp during inspiration, the cycle shall proceed immediately to expiration.",!(P_insp_greaterThan_MaxP_insp) U ((P_insp_greaterThan_MaxP_insp) & ((inspiratoryPhaseEnd & expiratoryPhaseStart))),G(P_insp_greaterThan_MaxP_insp -> F(expiratoryPhaseStart)),False
ADARULE,125,"If PAW exceeds Max_Pinsp during inspiration, the cycle shall proceed immediately to expiration.",!(P_insp_greaterThan_MaxP_insp) U ((P_insp_greaterThan_MaxP_insp) & ((inspiratoryPhaseEnd & expiratoryPhaseStart))),G(P_insp_greaterThan_MaxP_insp -> X(expiratoryPhaseStart)),False
ADARULE,125,"If PAW exceeds Max_Pinsp during inspiration, the cycle shall proceed immediately to expiration.",!(P_insp_greaterThan_MaxP_insp) U ((P_insp_greaterThan_MaxP_insp) & ((inspiratoryPhaseEnd & expiratoryPhaseStart))),G(P_insp_greaterThan_MaxP_insp -> X(expiratoryPhaseStart)),False
ADARULE,125,"If PAW exceeds Max_Pinsp during inspiration, the cycle shall proceed immediately to expiration.",!(P_insp_greaterThan_MaxP_insp) U ((P_insp_greaterThan_MaxP_insp) & ((inspiratoryPhaseEnd & expiratoryPhaseStart))),G(P_insp_greaterThan_MaxP_insp -> X(expiratoryPhaseStart)),False
ADARULE,125,"If PAW exceeds Max_Pinsp during inspiration, the cycle shall proceed immediately to expiration.",!(P_insp_greaterThan_MaxP_insp) U ((P_insp_greaterThan_MaxP_insp) & ((inspiratoryPhaseEnd & expiratoryPhaseStart))),G(P_insp_greaterThan_MaxP_insp -> X(expiratoryPhaseStart)),False
ADARULE,125,"If PAW exceeds Max_Pinsp during inspiration, the cycle shall proceed immediately to expiration.",!(P_insp_greaterThan_MaxP_insp) U ((P_insp_greaterThan_MaxP_insp) & ((inspiratoryPhaseEnd & expiratoryPhaseStart))),G(P_insp_greaterThan_MaxP_insp -> F(expiratoryPhaseStart)),False
ADARULE,125,"If PAW exceeds Max_Pinsp during inspiration, the cycle shall proceed immediately to expiration.",!(P_insp_greaterThan_MaxP_insp) U ((P_insp_greaterThan_MaxP_insp) & ((inspiratoryPhaseEnd & expiratoryPhaseStart))),G(P_insp_greaterThan_MaxP_insp -> F(expiratoryPhaseStart)),False
ADARULE,125,"If PAW exceeds Max_Pinsp during inspiration, the cycle shall proceed immediately to expiration.",!(P_insp_greaterThan_MaxP_insp) U ((P_insp_greaterThan_MaxP_insp) & ((inspiratoryPhaseEnd & expiratoryPhaseStart))),G(P_insp_greaterThan_MaxP_insp -> X(expiratoryPhaseStart)),False
ADARULE,125,"If PAW exceeds Max_Pinsp during inspiration, the cycle shall proceed immediately to expiration.",!(P_insp_greaterThan_MaxP_insp) U ((P_insp_greaterThan_MaxP_insp) & ((inspiratoryPhaseEnd & expiratoryPhaseStart))),G(P_insp_greaterThan_MaxP_insp -> X(expiratoryPhaseStart)),False
ADARULE,125,"If PAW exceeds Max_Pinsp during inspiration, the cycle shall proceed immediately to expiration.",!(P_insp_greaterThan_MaxP_insp) U ((P_insp_greaterThan_MaxP_insp) & ((inspiratoryPhaseEnd & expiratoryPhaseStart))),G(P_insp_greaterThan_MaxP_insp -> X(expiratoryPhaseStart)),False
ADARULE,125,"If PAW exceeds Max_Pinsp during inspiration, the cycle shall proceed immediately to expiration.",!(P_insp_greaterThan_MaxP_insp) U ((P_insp_greaterThan_MaxP_insp) & ((inspiratoryPhaseEnd & expiratoryPhaseStart))),G(P_insp_greaterThan_MaxP_insp -> X(expiratoryPhaseStart)),False
ADARULE,125,"If PAW exceeds Max_Pinsp during inspiration, the cycle shall proceed immediately to expiration.",!(P_insp_greaterThan_MaxP_insp) U ((P_insp_greaterThan_MaxP_insp) & ((inspiratoryPhaseEnd & expiratoryPhaseStart))),G(P_insp_greaterThan_MaxP_insp -> F(expiratoryPhaseStart)),False
ADARULE,125,"If PAW exceeds Max_Pinsp during inspiration, the cycle shall proceed immediately to expiration.",!(P_insp_greaterThan_MaxP_insp) U ((P_insp_greaterThan_MaxP_insp) & ((inspiratoryPhaseEnd & expiratoryPhaseStart))),G(P_insp_greaterThan_MaxP_insp -> X(expiratoryPhaseStart)),False
ADARULE,125,"If PAW exceeds Max_Pinsp during inspiration, the cycle shall proceed immediately to expiration.",!(P_insp_greaterThan_MaxP_insp) U ((P_insp_greaterThan_MaxP_insp) & ((inspiratoryPhaseEnd & expiratoryPhaseStart))),G(P_insp_greaterThan_MaxP_insp -> X(expiratoryPhaseStart)),False
ADARULE,125,"If PAW exceeds Max_Pinsp during inspiration, the cycle shall proceed immediately to expiration.",!(P_insp_greaterThan_MaxP_insp) U ((P_insp_greaterThan_MaxP_insp) & ((inspiratoryPhaseEnd & expiratoryPhaseStart))),G(P_insp_greaterThan_MaxP_insp -> X(expiratoryPhaseStart)),False
ADARULE,125,"If PAW exceeds Max_Pinsp during inspiration, the cycle shall proceed immediately to expiration.",!(P_insp_greaterThan_MaxP_insp) U ((P_insp_greaterThan_MaxP_insp) & ((inspiratoryPhaseEnd & expiratoryPhaseStart))),G(P_insp_greaterThan_MaxP_insp -> F(expiratoryPhaseStart)),False
ADARULE,125,"If PAW exceeds Max_Pinsp during inspiration, the cycle shall proceed immediately to expiration.",!(P_insp_greaterThan_MaxP_insp) U ((P_insp_greaterThan_MaxP_insp) & ((inspiratoryPhaseEnd & expiratoryPhaseStart))),G(P_insp_greaterThan_MaxP_insp -> X(expiratoryPhaseStart)),False
ADARULE,125,"If PAW exceeds Max_Pinsp during inspiration, the cycle shall proceed immediately to expiration.",!(P_insp_greaterThan_MaxP_insp) U ((P_insp_greaterThan_MaxP_insp) & ((inspiratoryPhaseEnd & expiratoryPhaseStart))),G(P_insp_greaterThan_MaxP_insp -> F(expiratoryPhaseStart)),False
ADARULE,125,"If PAW exceeds Max_Pinsp during inspiration, the cycle shall proceed immediately to expiration.",!(P_insp_greaterThan_MaxP_insp) U ((P_insp_greaterThan_MaxP_insp) & ((inspiratoryPhaseEnd & expiratoryPhaseStart))),G(P_insp_greaterThan_MaxP_insp -> X(expiratoryPhaseStart)),False
ADARULE,125,"If PAW exceeds Max_Pinsp during inspiration, the cycle shall proceed immediately to expiration.",!(P_insp_greaterThan_MaxP_insp) U ((P_insp_greaterThan_MaxP_insp) & ((inspiratoryPhaseEnd & expiratoryPhaseStart))),G(P_insp_greaterThan_MaxP_insp -> X(expiratoryPhaseStart)),False
ADARULE,125,"If PAW exceeds Max_Pinsp during inspiration, the cycle shall proceed immediately to expiration.",!(P_insp_greaterThan_MaxP_insp) U ((P_insp_greaterThan_MaxP_insp) & ((inspiratoryPhaseEnd & expiratoryPhaseStart))),G(P_insp_greaterThan_MaxP_insp -> X(expiratoryPhaseStart)),False
ADARULE,125,"If PAW exceeds Max_Pinsp during inspiration, the cycle shall proceed immediately to expiration.",!(P_insp_greaterThan_MaxP_insp) U ((P_insp_greaterThan_MaxP_insp) & ((inspiratoryPhaseEnd & expiratoryPhaseStart))),G(P_insp_greaterThan_MaxP_insp -> X(expiratoryPhaseStart)),False
ADARULE,125,"If PAW exceeds Max_Pinsp during inspiration, the cycle shall proceed immediately to expiration.",!(P_insp_greaterThan_MaxP_insp) U ((P_insp_greaterThan_MaxP_insp) & ((inspiratoryPhaseEnd & expiratoryPhaseStart))),G(P_insp_greaterThan_MaxP_insp -> X(expiratoryPhaseStart)),False
ADARULE,125,"If PAW exceeds Max_Pinsp during inspiration, the cycle shall proceed immediately to expiration.",!(P_insp_greaterThan_MaxP_insp) U ((P_insp_greaterThan_MaxP_insp) & ((inspiratoryPhaseEnd & expiratoryPhaseStart))),G(P_insp_greaterThan_MaxP_insp -> X(expiratoryPhaseStart)),False
ADARULE,125,"If PAW exceeds Max_Pinsp during inspiration, the cycle shall proceed immediately to expiration.",!(P_insp_greaterThan_MaxP_insp) U ((P_insp_greaterThan_MaxP_insp) & ((inspiratoryPhaseEnd & expiratoryPhaseStart))),G(P_insp_greaterThan_MaxP_insp -> X(expiratoryPhaseStart)),False
ADARULE,125,"If PAW exceeds Max_Pinsp during inspiration, the cycle shall proceed immediately to expiration.",!(P_insp_greaterThan_MaxP_insp) U ((P_insp_greaterThan_MaxP_insp) & ((inspiratoryPhaseEnd & expiratoryPhaseStart))),G(P_insp_greaterThan_MaxP_insp -> X(expiratoryPhaseStart)),False
