PROMPTTYPE,Index,Requirement,Ground Truth,Response,Equivalent
BASIC,2,An enqueue without subsequent dequeue can only be followed by (An enqueue followed by a call to empty without an intervening),G (call_Enqueue & (!return_Dequeue U call_Empty) -> F (call_Empty & F return_Empty_false)),G((call_Enqueue & F(!return_Dequeue)) -> F(call_Enqueue & F(call_Empty & (!return_Dequeue U call_Empty)))),False
BASIC,2,An enqueue without subsequent dequeue can only be followed by (An enqueue followed by a call to empty without an intervening),G (call_Enqueue & (!return_Dequeue U call_Empty) -> F (call_Empty & F return_Empty_false)),G((call_Enqueue & F(!return_Dequeue)) -> F(call_Enqueue & F(call_Empty & (!return_Dequeue U call_Empty)))),False
BASIC,2,An enqueue without subsequent dequeue can only be followed by (An enqueue followed by a call to empty without an intervening),G (call_Enqueue & (!return_Dequeue U call_Empty) -> F (call_Empty & F return_Empty_false)),G((call_Enqueue & F(!return_Dequeue)) -> F(call_Enqueue & F(call_Empty & (!return_Dequeue U call_Empty)))),False
BASIC,2,An enqueue without subsequent dequeue can only be followed by (An enqueue followed by a call to empty without an intervening),G (call_Enqueue & (!return_Dequeue U call_Empty) -> F (call_Empty & F return_Empty_false)),G((call_Enqueue & F(!return_Dequeue)) -> F(call_Enqueue & F(call_Empty & (!return_Dequeue U call_Empty)))),False
BASIC,2,An enqueue without subsequent dequeue can only be followed by (An enqueue followed by a call to empty without an intervening),G (call_Enqueue & (!return_Dequeue U call_Empty) -> F (call_Empty & F return_Empty_false)),G((call_Enqueue & F(!return_Dequeue)) -> F(call_Enqueue & F(call_Empty & (!return_Dequeue U call_Empty)))),False
BASIC,2,An enqueue without subsequent dequeue can only be followed by (An enqueue followed by a call to empty without an intervening),G (call_Enqueue & (!return_Dequeue U call_Empty) -> F (call_Empty & F return_Empty_false)),G((call_Enqueue & F(!return_Dequeue)) -> F(call_Enqueue & F(call_Empty & (!return_Dequeue U call_Empty)))),False
BASIC,2,An enqueue without subsequent dequeue can only be followed by (An enqueue followed by a call to empty without an intervening),G (call_Enqueue & (!return_Dequeue U call_Empty) -> F (call_Empty & F return_Empty_false)),G((call_Enqueue & (!return_Dequeue U (call_Enqueue & (!return_Dequeue U call_Empty)))) -> (call_Enqueue & (!return_Dequeue U call_Empty))),False
BASIC,2,An enqueue without subsequent dequeue can only be followed by (An enqueue followed by a call to empty without an intervening),G (call_Enqueue & (!return_Dequeue U call_Empty) -> F (call_Empty & F return_Empty_false)),G((call_Enqueue & (!return_Dequeue U (call_Enqueue & (!return_Dequeue U call_Empty)))) -> X(call_Enqueue & (!return_Dequeue U call_Empty))),False
BASIC,2,An enqueue without subsequent dequeue can only be followed by (An enqueue followed by a call to empty without an intervening),G (call_Enqueue & (!return_Dequeue U call_Empty) -> F (call_Empty & F return_Empty_false)),G((call_Enqueue & F(!return_Dequeue)) -> F(call_Enqueue & F(call_Empty & (!return_Dequeue U call_Empty)))),False
BASIC,2,An enqueue without subsequent dequeue can only be followed by (An enqueue followed by a call to empty without an intervening),G (call_Enqueue & (!return_Dequeue U call_Empty) -> F (call_Empty & F return_Empty_false)),G((call_Enqueue & F(!return_Dequeue)) -> F(call_Enqueue & F(call_Empty & (!return_Dequeue U call_Empty)))),False
BASIC,2,An enqueue without subsequent dequeue can only be followed by (An enqueue followed by a call to empty without an intervening),G (call_Enqueue & (!return_Dequeue U call_Empty) -> F (call_Empty & F return_Empty_false)),G((call_Enqueue & F(!return_Dequeue)) -> F(call_Enqueue & F(call_Empty & (!return_Dequeue U call_Empty)))),False
BASIC,2,An enqueue without subsequent dequeue can only be followed by (An enqueue followed by a call to empty without an intervening),G (call_Enqueue & (!return_Dequeue U call_Empty) -> F (call_Empty & F return_Empty_false)),G((call_Enqueue & F(!return_Dequeue)) -> F(call_Enqueue & F(call_Empty & (!return_Dequeue U call_Empty)))),False
BASIC,2,An enqueue without subsequent dequeue can only be followed by (An enqueue followed by a call to empty without an intervening),G (call_Enqueue & (!return_Dequeue U call_Empty) -> F (call_Empty & F return_Empty_false)),G((call_Enqueue & F(!return_Dequeue)) -> F(call_Enqueue & F(call_Empty & (!return_Dequeue U call_Empty)))),False
BASIC,2,An enqueue without subsequent dequeue can only be followed by (An enqueue followed by a call to empty without an intervening),G (call_Enqueue & (!return_Dequeue U call_Empty) -> F (call_Empty & F return_Empty_false)),G((call_Enqueue & F(!return_Dequeue U call_Enqueue)) -> F(call_Enqueue & F(call_Empty & (!return_Dequeue U call_Empty)))),False
BASIC,2,An enqueue without subsequent dequeue can only be followed by (An enqueue followed by a call to empty without an intervening),G (call_Enqueue & (!return_Dequeue U call_Empty) -> F (call_Empty & F return_Empty_false)),G((call_Enqueue & F(!return_Dequeue U call_Enqueue)) -> F(call_Enqueue & F(call_Empty & (!return_Dequeue U call_Empty)))),False
BASIC,2,An enqueue without subsequent dequeue can only be followed by (An enqueue followed by a call to empty without an intervening),G (call_Enqueue & (!return_Dequeue U call_Empty) -> F (call_Empty & F return_Empty_false)),G((call_Enqueue & F(!return_Dequeue)) -> F(call_Enqueue & F(call_Empty & (!return_Dequeue U call_Empty)))),False
BASIC,2,An enqueue without subsequent dequeue can only be followed by (An enqueue followed by a call to empty without an intervening),G (call_Enqueue & (!return_Dequeue U call_Empty) -> F (call_Empty & F return_Empty_false)),G((call_Enqueue & F(!return_Dequeue)) -> F(call_Enqueue & F(call_Empty & (!return_Dequeue U call_Empty)))),False
BASIC,2,An enqueue without subsequent dequeue can only be followed by (An enqueue followed by a call to empty without an intervening),G (call_Enqueue & (!return_Dequeue U call_Empty) -> F (call_Empty & F return_Empty_false)),G((call_Enqueue & F(!return_Dequeue)) -> F(call_Enqueue & F(call_Empty & (!return_Dequeue U call_Empty)))),False
BASIC,2,An enqueue without subsequent dequeue can only be followed by (An enqueue followed by a call to empty without an intervening),G (call_Enqueue & (!return_Dequeue U call_Empty) -> F (call_Empty & F return_Empty_false)),G((call_Enqueue & F(!return_Dequeue U call_Enqueue)) -> F(call_Enqueue & F(call_Empty & !return_Dequeue))),False
BASIC,2,An enqueue without subsequent dequeue can only be followed by (An enqueue followed by a call to empty without an intervening),G (call_Enqueue & (!return_Dequeue U call_Empty) -> F (call_Empty & F return_Empty_false)),G((call_Enqueue & F(!return_Dequeue)) -> F(call_Enqueue & F(call_Empty & (!return_Dequeue U call_Empty)))),False
BASIC,2,An enqueue without subsequent dequeue can only be followed by (An enqueue followed by a call to empty without an intervening),G (call_Enqueue & (!return_Dequeue U call_Empty) -> F (call_Empty & F return_Empty_false)),G((call_Enqueue & F(!return_Dequeue)) -> F(call_Enqueue & F(call_Empty & (!return_Dequeue U call_Empty)))),False
BASIC,2,An enqueue without subsequent dequeue can only be followed by (An enqueue followed by a call to empty without an intervening),G (call_Enqueue & (!return_Dequeue U call_Empty) -> F (call_Empty & F return_Empty_false)),G((call_Enqueue & F(!return_Dequeue)) -> F(call_Enqueue & F(call_Empty & (!return_Dequeue U call_Empty)))),False
BASIC,2,An enqueue without subsequent dequeue can only be followed by (An enqueue followed by a call to empty without an intervening),G (call_Enqueue & (!return_Dequeue U call_Empty) -> F (call_Empty & F return_Empty_false)),G((call_Enqueue & F(!return_Dequeue)) -> F(call_Enqueue & F(call_Empty & (!return_Dequeue U call_Empty)))),False
BASIC,2,An enqueue without subsequent dequeue can only be followed by (An enqueue followed by a call to empty without an intervening),G (call_Enqueue & (!return_Dequeue U call_Empty) -> F (call_Empty & F return_Empty_false)),G((call_Enqueue & F(!return_Dequeue)) -> F(call_Enqueue & F(call_Empty & (!return_Dequeue U call_Empty)))),False
BASIC,2,An enqueue without subsequent dequeue can only be followed by (An enqueue followed by a call to empty without an intervening),G (call_Enqueue & (!return_Dequeue U call_Empty) -> F (call_Empty & F return_Empty_false)),G((call_Enqueue & F(!return_Dequeue)) -> F(call_Enqueue & F(call_Empty & (!return_Dequeue U call_Empty)))),False
BASIC,2,An enqueue without subsequent dequeue can only be followed by (An enqueue followed by a call to empty without an intervening),G (call_Enqueue & (!return_Dequeue U call_Empty) -> F (call_Empty & F return_Empty_false)),G((call_Enqueue & F(!return_Dequeue)) -> F(call_Enqueue & F(call_Empty & (!return_Dequeue U call_Empty)))),False
BASIC,2,An enqueue without subsequent dequeue can only be followed by (An enqueue followed by a call to empty without an intervening),G (call_Enqueue & (!return_Dequeue U call_Empty) -> F (call_Empty & F return_Empty_false)),G((call_Enqueue & (!return_Dequeue U (call_Enqueue & (!return_Dequeue U call_Empty)))) -> (call_Enqueue & (!return_Dequeue U call_Empty))),False
BASIC,2,An enqueue without subsequent dequeue can only be followed by (An enqueue followed by a call to empty without an intervening),G (call_Enqueue & (!return_Dequeue U call_Empty) -> F (call_Empty & F return_Empty_false)),G((call_Enqueue & F(!return_Dequeue)) -> F(call_Enqueue & F(call_Empty & (!return_Dequeue U call_Empty)))),False
BASIC,2,An enqueue without subsequent dequeue can only be followed by (An enqueue followed by a call to empty without an intervening),G (call_Enqueue & (!return_Dequeue U call_Empty) -> F (call_Empty & F return_Empty_false)),G((call_Enqueue & F(!return_Dequeue)) -> F(call_Enqueue & F(call_Empty & (!return_Dequeue U call_Empty)))),False
BASIC,2,An enqueue without subsequent dequeue can only be followed by (An enqueue followed by a call to empty without an intervening),G (call_Enqueue & (!return_Dequeue U call_Empty) -> F (call_Empty & F return_Empty_false)),G((call_Enqueue & (!return_Dequeue U (call_Enqueue & (!return_Dequeue U call_Empty)))) -> (call_Enqueue & (!return_Dequeue U call_Empty))),False
BASIC,2,An enqueue without subsequent dequeue can only be followed by (An enqueue followed by a call to empty without an intervening),G (call_Enqueue & (!return_Dequeue U call_Empty) -> F (call_Empty & F return_Empty_false)),G((call_Enqueue & F(!return_Dequeue)) -> F(call_Enqueue & F(call_Empty & (!return_Dequeue U call_Empty)))),False
BASIC,2,An enqueue without subsequent dequeue can only be followed by (An enqueue followed by a call to empty without an intervening),G (call_Enqueue & (!return_Dequeue U call_Empty) -> F (call_Empty & F return_Empty_false)),G((call_Enqueue & F(!return_Dequeue)) -> F(call_Enqueue & F(call_Empty & (!return_Dequeue U call_Empty)))),False
BASIC,2,An enqueue without subsequent dequeue can only be followed by (An enqueue followed by a call to empty without an intervening),G (call_Enqueue & (!return_Dequeue U call_Empty) -> F (call_Empty & F return_Empty_false)),G((call_Enqueue & F(!return_Dequeue)) -> F(call_Enqueue & F(call_Empty & (!return_Dequeue U call_Empty)))),False
BASIC,2,An enqueue without subsequent dequeue can only be followed by (An enqueue followed by a call to empty without an intervening),G (call_Enqueue & (!return_Dequeue U call_Empty) -> F (call_Empty & F return_Empty_false)),G((call_Enqueue & F(!return_Dequeue)) -> F(call_Enqueue & F(call_Empty & (!return_Dequeue U call_Empty)))),False
BASIC,2,An enqueue without subsequent dequeue can only be followed by (An enqueue followed by a call to empty without an intervening),G (call_Enqueue & (!return_Dequeue U call_Empty) -> F (call_Empty & F return_Empty_false)),G((call_Enqueue & F(!return_Dequeue)) -> F(call_Enqueue & F(call_Empty & (!return_Dequeue U call_Empty)))),False
BASIC,2,An enqueue without subsequent dequeue can only be followed by (An enqueue followed by a call to empty without an intervening),G (call_Enqueue & (!return_Dequeue U call_Empty) -> F (call_Empty & F return_Empty_false)),G((call_Enqueue & F(!return_Dequeue)) -> F(call_Enqueue & F(call_Empty & (!return_Dequeue U call_Empty)))),False
BASIC,2,An enqueue without subsequent dequeue can only be followed by (An enqueue followed by a call to empty without an intervening),G (call_Enqueue & (!return_Dequeue U call_Empty) -> F (call_Empty & F return_Empty_false)),G((call_Enqueue & F(!return_Dequeue)) -> F(call_Enqueue & F(call_Empty & (!return_Dequeue U call_Empty)))),False
BASIC,2,An enqueue without subsequent dequeue can only be followed by (An enqueue followed by a call to empty without an intervening),G (call_Enqueue & (!return_Dequeue U call_Empty) -> F (call_Empty & F return_Empty_false)),G((call_Enqueue & F(!return_Dequeue)) -> F(call_Enqueue & F(call_Empty & (!return_Dequeue U call_Empty)))),False
BASIC,2,An enqueue without subsequent dequeue can only be followed by (An enqueue followed by a call to empty without an intervening),G (call_Enqueue & (!return_Dequeue U call_Empty) -> F (call_Empty & F return_Empty_false)),G((call_Enqueue & F(!return_Dequeue)) -> F(call_Enqueue & F(call_Empty & (!return_Dequeue U call_Empty)))),False
BASIC,2,An enqueue without subsequent dequeue can only be followed by (An enqueue followed by a call to empty without an intervening),G (call_Enqueue & (!return_Dequeue U call_Empty) -> F (call_Empty & F return_Empty_false)),G((call_Enqueue & F(!return_Dequeue)) -> F(call_Enqueue & F(call_Empty & (!return_Dequeue U call_Empty)))),False
BASIC,2,An enqueue without subsequent dequeue can only be followed by (An enqueue followed by a call to empty without an intervening),G (call_Enqueue & (!return_Dequeue U call_Empty) -> F (call_Empty & F return_Empty_false)),G((call_Enqueue & (!return_Dequeue U (call_Enqueue & (!return_Dequeue U call_Empty)))) -> X(call_Enqueue & (!return_Dequeue U call_Empty))),False
BASIC,2,An enqueue without subsequent dequeue can only be followed by (An enqueue followed by a call to empty without an intervening),G (call_Enqueue & (!return_Dequeue U call_Empty) -> F (call_Empty & F return_Empty_false)),G((call_Enqueue & F(!return_Dequeue)) -> F(call_Enqueue & F(call_Empty & (!return_Dequeue U call_Empty)))),False
BASIC,2,An enqueue without subsequent dequeue can only be followed by (An enqueue followed by a call to empty without an intervening),G (call_Enqueue & (!return_Dequeue U call_Empty) -> F (call_Empty & F return_Empty_false)),G((call_Enqueue & F(!return_Dequeue)) -> F(call_Enqueue & F(call_Empty & (!return_Dequeue U call_Empty)))),False
BASIC,2,An enqueue without subsequent dequeue can only be followed by (An enqueue followed by a call to empty without an intervening),G (call_Enqueue & (!return_Dequeue U call_Empty) -> F (call_Empty & F return_Empty_false)),G((call_Enqueue & F(!return_Dequeue)) -> F(call_Enqueue & F(call_Empty & (!return_Dequeue U call_Empty)))),False
BASIC,2,An enqueue without subsequent dequeue can only be followed by (An enqueue followed by a call to empty without an intervening),G (call_Enqueue & (!return_Dequeue U call_Empty) -> F (call_Empty & F return_Empty_false)),G((call_Enqueue & F(!return_Dequeue)) -> F(call_Enqueue & F(call_Empty & (!return_Dequeue U call_Empty)))),False
BASIC,2,An enqueue without subsequent dequeue can only be followed by (An enqueue followed by a call to empty without an intervening),G (call_Enqueue & (!return_Dequeue U call_Empty) -> F (call_Empty & F return_Empty_false)),G((call_Enqueue & F(!return_Dequeue U call_Enqueue)) -> F(call_Enqueue & F(call_Empty & !return_Dequeue))),False
BASIC,2,An enqueue without subsequent dequeue can only be followed by (An enqueue followed by a call to empty without an intervening),G (call_Enqueue & (!return_Dequeue U call_Empty) -> F (call_Empty & F return_Empty_false)),G((call_Enqueue & F(!return_Dequeue)) -> F(call_Enqueue & F(call_Empty & (!return_Dequeue U call_Empty)))),False
BASIC,2,An enqueue without subsequent dequeue can only be followed by (An enqueue followed by a call to empty without an intervening),G (call_Enqueue & (!return_Dequeue U call_Empty) -> F (call_Empty & F return_Empty_false)),G((call_Enqueue & (!return_Dequeue U (call_Enqueue & (!return_Dequeue U call_Empty)))) -> X(call_Enqueue & (!return_Dequeue U call_Empty))),False
BASIC,2,An enqueue without subsequent dequeue can only be followed by (An enqueue followed by a call to empty without an intervening),G (call_Enqueue & (!return_Dequeue U call_Empty) -> F (call_Empty & F return_Empty_false)),G((call_Enqueue & F(!return_Dequeue)) -> F(call_Enqueue & F(call_Empty & (!return_Dequeue U call_Empty)))),False
BASIC,2,An enqueue without subsequent dequeue can only be followed by (An enqueue followed by a call to empty without an intervening),G (call_Enqueue & (!return_Dequeue U call_Empty) -> F (call_Empty & F return_Empty_false)),G((call_Enqueue & (!return_Dequeue U (call_Enqueue & (!return_Dequeue U call_Empty)))) -> X(call_Enqueue & (!return_Dequeue U call_Empty))),False
BASIC,2,An enqueue without subsequent dequeue can only be followed by (An enqueue followed by a call to empty without an intervening),G (call_Enqueue & (!return_Dequeue U call_Empty) -> F (call_Empty & F return_Empty_false)),G((call_Enqueue & F(!return_Dequeue)) -> F(call_Enqueue & F(call_Empty & (!return_Dequeue U call_Empty)))),False
BASIC,2,An enqueue without subsequent dequeue can only be followed by (An enqueue followed by a call to empty without an intervening),G (call_Enqueue & (!return_Dequeue U call_Empty) -> F (call_Empty & F return_Empty_false)),G((call_Enqueue & F(!return_Dequeue)) -> F(call_Enqueue & F(call_Empty & (!return_Dequeue U call_Empty)))),False
BASIC,2,An enqueue without subsequent dequeue can only be followed by (An enqueue followed by a call to empty without an intervening),G (call_Enqueue & (!return_Dequeue U call_Empty) -> F (call_Empty & F return_Empty_false)),G((call_Enqueue & F(!return_Dequeue)) -> F(call_Enqueue & F(call_Empty & (!return_Dequeue U call_Empty)))),False
BASIC,2,An enqueue without subsequent dequeue can only be followed by (An enqueue followed by a call to empty without an intervening),G (call_Enqueue & (!return_Dequeue U call_Empty) -> F (call_Empty & F return_Empty_false)),G((call_Enqueue & F(!return_Dequeue)) -> F(call_Enqueue & F(call_Empty & (!return_Dequeue U call_Empty)))),False
BASIC,2,An enqueue without subsequent dequeue can only be followed by (An enqueue followed by a call to empty without an intervening),G (call_Enqueue & (!return_Dequeue U call_Empty) -> F (call_Empty & F return_Empty_false)),G((call_Enqueue & F(!return_Dequeue)) -> F(call_Enqueue & F(call_Empty & (!return_Dequeue U call_Empty)))),False
BASIC,2,An enqueue without subsequent dequeue can only be followed by (An enqueue followed by a call to empty without an intervening),G (call_Enqueue & (!return_Dequeue U call_Empty) -> F (call_Empty & F return_Empty_false)),G((call_Enqueue & F(!return_Dequeue)) -> F(call_Enqueue & F(call_Empty & (!return_Dequeue U call_Empty)))),False
BASIC,2,An enqueue without subsequent dequeue can only be followed by (An enqueue followed by a call to empty without an intervening),G (call_Enqueue & (!return_Dequeue U call_Empty) -> F (call_Empty & F return_Empty_false)),G((call_Enqueue & F(!return_Dequeue U call_Enqueue)) -> F(call_Enqueue & F(call_Empty & (!return_Dequeue & !call_Enqueue U call_Empty)))),False
BASIC,2,An enqueue without subsequent dequeue can only be followed by (An enqueue followed by a call to empty without an intervening),G (call_Enqueue & (!return_Dequeue U call_Empty) -> F (call_Empty & F return_Empty_false)),G((call_Enqueue & F(!return_Dequeue)) -> F(call_Enqueue & F(call_Empty & (!return_Dequeue U call_Empty)))),False
BASIC,2,An enqueue without subsequent dequeue can only be followed by (An enqueue followed by a call to empty without an intervening),G (call_Enqueue & (!return_Dequeue U call_Empty) -> F (call_Empty & F return_Empty_false)),G((call_Enqueue & F(!return_Dequeue)) -> F(call_Enqueue & F(call_Empty & (!return_Dequeue U call_Empty)))),False
BASIC,2,An enqueue without subsequent dequeue can only be followed by (An enqueue followed by a call to empty without an intervening),G (call_Enqueue & (!return_Dequeue U call_Empty) -> F (call_Empty & F return_Empty_false)),G((call_Enqueue & (!return_Dequeue U (call_Enqueue & (!return_Dequeue U call_Empty)))) -> X(call_Enqueue & (!return_Dequeue U call_Empty))),False
BASIC,2,An enqueue without subsequent dequeue can only be followed by (An enqueue followed by a call to empty without an intervening),G (call_Enqueue & (!return_Dequeue U call_Empty) -> F (call_Empty & F return_Empty_false)),G((call_Enqueue & F(!return_Dequeue)) -> F(call_Enqueue & F(call_Empty & (!return_Dequeue U call_Empty)))),False
BASIC,2,An enqueue without subsequent dequeue can only be followed by (An enqueue followed by a call to empty without an intervening),G (call_Enqueue & (!return_Dequeue U call_Empty) -> F (call_Empty & F return_Empty_false)),G((call_Enqueue & F(!return_Dequeue)) -> F(call_Enqueue & F(call_Empty & (!return_Dequeue U call_Empty)))),False
BASIC,2,An enqueue without subsequent dequeue can only be followed by (An enqueue followed by a call to empty without an intervening),G (call_Enqueue & (!return_Dequeue U call_Empty) -> F (call_Empty & F return_Empty_false)),G((call_Enqueue & F(!return_Dequeue)) -> F(call_Enqueue & F(call_Empty & (!return_Dequeue U call_Empty)))),False
BASIC,2,An enqueue without subsequent dequeue can only be followed by (An enqueue followed by a call to empty without an intervening),G (call_Enqueue & (!return_Dequeue U call_Empty) -> F (call_Empty & F return_Empty_false)),G((call_Enqueue & (!return_Dequeue U (call_Enqueue & (!return_Dequeue U call_Empty)))) -> X(call_Enqueue & (!return_Dequeue U call_Empty))),False
BASIC,2,An enqueue without subsequent dequeue can only be followed by (An enqueue followed by a call to empty without an intervening),G (call_Enqueue & (!return_Dequeue U call_Empty) -> F (call_Empty & F return_Empty_false)),G((call_Enqueue & F(!return_Dequeue)) -> F(call_Enqueue & F(call_Empty & (!return_Dequeue U call_Empty)))),False
BASIC,2,An enqueue without subsequent dequeue can only be followed by (An enqueue followed by a call to empty without an intervening),G (call_Enqueue & (!return_Dequeue U call_Empty) -> F (call_Empty & F return_Empty_false)),G((call_Enqueue & F(!return_Dequeue)) -> F(call_Enqueue & F(call_Empty & (!return_Dequeue U call_Empty)))),False
BASIC,2,An enqueue without subsequent dequeue can only be followed by (An enqueue followed by a call to empty without an intervening),G (call_Enqueue & (!return_Dequeue U call_Empty) -> F (call_Empty & F return_Empty_false)),G((call_Enqueue & F(!return_Dequeue)) -> F(call_Enqueue & F(call_Empty & (!return_Dequeue U call_Empty)))),False
BASIC,2,An enqueue without subsequent dequeue can only be followed by (An enqueue followed by a call to empty without an intervening),G (call_Enqueue & (!return_Dequeue U call_Empty) -> F (call_Empty & F return_Empty_false)),G((call_Enqueue & F(!return_Dequeue)) -> F(call_Enqueue & F(call_Empty & (!return_Dequeue U call_Empty)))),False
BASIC,2,An enqueue without subsequent dequeue can only be followed by (An enqueue followed by a call to empty without an intervening),G (call_Enqueue & (!return_Dequeue U call_Empty) -> F (call_Empty & F return_Empty_false)),G((call_Enqueue & F(!return_Dequeue)) -> F(call_Enqueue & F(call_Empty & (!return_Dequeue U call_Empty)))),False
BASIC,2,An enqueue without subsequent dequeue can only be followed by (An enqueue followed by a call to empty without an intervening),G (call_Enqueue & (!return_Dequeue U call_Empty) -> F (call_Empty & F return_Empty_false)),G((call_Enqueue & F(!return_Dequeue)) -> F(call_Enqueue & F(call_Empty & (!return_Dequeue U call_Empty)))),False
BASIC,2,An enqueue without subsequent dequeue can only be followed by (An enqueue followed by a call to empty without an intervening),G (call_Enqueue & (!return_Dequeue U call_Empty) -> F (call_Empty & F return_Empty_false)),G((call_Enqueue & F(!return_Dequeue)) -> F(call_Enqueue & F(call_Empty & (!return_Dequeue U call_Empty)))),False
BASIC,2,An enqueue without subsequent dequeue can only be followed by (An enqueue followed by a call to empty without an intervening),G (call_Enqueue & (!return_Dequeue U call_Empty) -> F (call_Empty & F return_Empty_false)),G((call_Enqueue & F(!return_Dequeue)) -> F(call_Enqueue & F(call_Empty & (!return_Dequeue U call_Empty)))),False
BASIC,2,An enqueue without subsequent dequeue can only be followed by (An enqueue followed by a call to empty without an intervening),G (call_Enqueue & (!return_Dequeue U call_Empty) -> F (call_Empty & F return_Empty_false)),G((call_Enqueue & (!return_Dequeue U (call_Enqueue & (!return_Dequeue U call_Empty)))) -> (call_Enqueue & (!return_Dequeue U call_Empty))),False
BASIC,2,An enqueue without subsequent dequeue can only be followed by (An enqueue followed by a call to empty without an intervening),G (call_Enqueue & (!return_Dequeue U call_Empty) -> F (call_Empty & F return_Empty_false)),G((call_Enqueue & F(!return_Dequeue)) -> F(call_Enqueue & F(call_Empty & (!return_Dequeue U call_Empty)))),False
BASIC,2,An enqueue without subsequent dequeue can only be followed by (An enqueue followed by a call to empty without an intervening),G (call_Enqueue & (!return_Dequeue U call_Empty) -> F (call_Empty & F return_Empty_false)),G((call_Enqueue & F(!return_Dequeue)) -> F(call_Enqueue & F(call_Empty & (!return_Dequeue U call_Empty)))),False
BASIC,2,An enqueue without subsequent dequeue can only be followed by (An enqueue followed by a call to empty without an intervening),G (call_Enqueue & (!return_Dequeue U call_Empty) -> F (call_Empty & F return_Empty_false)),G((call_Enqueue & (!return_Dequeue U (call_Enqueue & (!return_Dequeue U call_Empty)))) -> X(call_Enqueue & (!return_Dequeue U call_Empty))),False
BASIC,2,An enqueue without subsequent dequeue can only be followed by (An enqueue followed by a call to empty without an intervening),G (call_Enqueue & (!return_Dequeue U call_Empty) -> F (call_Empty & F return_Empty_false)),G((call_Enqueue & F(!return_Dequeue)) -> F(call_Enqueue & F(call_Empty & (!return_Dequeue U call_Empty)))),False
BASIC,2,An enqueue without subsequent dequeue can only be followed by (An enqueue followed by a call to empty without an intervening),G (call_Enqueue & (!return_Dequeue U call_Empty) -> F (call_Empty & F return_Empty_false)),G((call_Enqueue & F(!return_Dequeue)) -> F(call_Enqueue & F(call_Empty & (!return_Dequeue U call_Empty)))),False
BASIC,2,An enqueue without subsequent dequeue can only be followed by (An enqueue followed by a call to empty without an intervening),G (call_Enqueue & (!return_Dequeue U call_Empty) -> F (call_Empty & F return_Empty_false)),G((call_Enqueue & F(!return_Dequeue)) -> F(call_Enqueue & F(call_Empty & (!return_Dequeue U call_Empty)))),False
BASIC,2,An enqueue without subsequent dequeue can only be followed by (An enqueue followed by a call to empty without an intervening),G (call_Enqueue & (!return_Dequeue U call_Empty) -> F (call_Empty & F return_Empty_false)),G((call_Enqueue & F(!return_Dequeue)) -> F(call_Enqueue & F(call_Empty & (!return_Dequeue U call_Empty)))),False
BASIC,2,An enqueue without subsequent dequeue can only be followed by (An enqueue followed by a call to empty without an intervening),G (call_Enqueue & (!return_Dequeue U call_Empty) -> F (call_Empty & F return_Empty_false)),G((call_Enqueue & F(!return_Dequeue)) -> F(call_Enqueue & F(call_Empty & (!return_Dequeue U call_Empty)))),False
BASIC,2,An enqueue without subsequent dequeue can only be followed by (An enqueue followed by a call to empty without an intervening),G (call_Enqueue & (!return_Dequeue U call_Empty) -> F (call_Empty & F return_Empty_false)),G((call_Enqueue & F(!return_Dequeue)) -> F(call_Enqueue & F(call_Empty & (!return_Dequeue U call_Empty)))),False
BASIC,2,An enqueue without subsequent dequeue can only be followed by (An enqueue followed by a call to empty without an intervening),G (call_Enqueue & (!return_Dequeue U call_Empty) -> F (call_Empty & F return_Empty_false)),G((call_Enqueue & (!return_Dequeue U (call_Enqueue & (!return_Dequeue U call_Empty)))) -> X(call_Enqueue & (!return_Dequeue U call_Empty))),False
BASIC,2,An enqueue without subsequent dequeue can only be followed by (An enqueue followed by a call to empty without an intervening),G (call_Enqueue & (!return_Dequeue U call_Empty) -> F (call_Empty & F return_Empty_false)),G((call_Enqueue & F(!return_Dequeue)) -> F(call_Enqueue & F(call_Empty & (!return_Dequeue U call_Empty)))),False
BASIC,2,An enqueue without subsequent dequeue can only be followed by (An enqueue followed by a call to empty without an intervening),G (call_Enqueue & (!return_Dequeue U call_Empty) -> F (call_Empty & F return_Empty_false)),G((call_Enqueue & (!return_Dequeue U (call_Enqueue & (!return_Dequeue U call_Empty)))) -> (call_Enqueue & (!return_Dequeue U call_Empty))),False
BASIC,2,An enqueue without subsequent dequeue can only be followed by (An enqueue followed by a call to empty without an intervening),G (call_Enqueue & (!return_Dequeue U call_Empty) -> F (call_Empty & F return_Empty_false)),G((call_Enqueue & F(!return_Dequeue)) -> F(call_Enqueue & F(call_Empty & (!return_Dequeue U call_Empty)))),False
BASIC,2,An enqueue without subsequent dequeue can only be followed by (An enqueue followed by a call to empty without an intervening),G (call_Enqueue & (!return_Dequeue U call_Empty) -> F (call_Empty & F return_Empty_false)),G((call_Enqueue & F(!return_Dequeue)) -> F(call_Enqueue & F(call_Empty & (!return_Dequeue U call_Empty)))),False
BASIC,2,An enqueue without subsequent dequeue can only be followed by (An enqueue followed by a call to empty without an intervening),G (call_Enqueue & (!return_Dequeue U call_Empty) -> F (call_Empty & F return_Empty_false)),G((call_Enqueue & F(!return_Dequeue)) -> F(call_Enqueue & F(call_Empty & (!return_Dequeue U call_Empty)))),False
BASIC,2,An enqueue without subsequent dequeue can only be followed by (An enqueue followed by a call to empty without an intervening),G (call_Enqueue & (!return_Dequeue U call_Empty) -> F (call_Empty & F return_Empty_false)),G((call_Enqueue & (!return_Dequeue U (call_Enqueue & (!return_Dequeue U call_Empty)))) -> X(call_Enqueue & (!return_Dequeue U call_Empty))),False
BASIC,2,An enqueue without subsequent dequeue can only be followed by (An enqueue followed by a call to empty without an intervening),G (call_Enqueue & (!return_Dequeue U call_Empty) -> F (call_Empty & F return_Empty_false)),G((call_Enqueue & F(!return_Dequeue)) -> F(call_Enqueue & F(call_Empty & (!return_Dequeue U call_Empty)))),False
BASIC,2,An enqueue without subsequent dequeue can only be followed by (An enqueue followed by a call to empty without an intervening),G (call_Enqueue & (!return_Dequeue U call_Empty) -> F (call_Empty & F return_Empty_false)),G((call_Enqueue & (!return_Dequeue U (call_Enqueue & (!return_Dequeue U call_Empty)))) -> X(call_Enqueue & (!return_Dequeue U call_Empty))),False
BASIC,2,An enqueue without subsequent dequeue can only be followed by (An enqueue followed by a call to empty without an intervening),G (call_Enqueue & (!return_Dequeue U call_Empty) -> F (call_Empty & F return_Empty_false)),G((call_Enqueue & (!return_Dequeue U (call_Enqueue & (!return_Dequeue U call_Empty)))) -> (call_Enqueue & (!return_Dequeue U call_Empty))),False
BASIC,2,An enqueue without subsequent dequeue can only be followed by (An enqueue followed by a call to empty without an intervening),G (call_Enqueue & (!return_Dequeue U call_Empty) -> F (call_Empty & F return_Empty_false)),G((call_Enqueue & F(!return_Dequeue)) -> F(call_Enqueue & F(call_Empty & (!return_Dequeue U call_Empty)))),False
BASIC,2,An enqueue without subsequent dequeue can only be followed by (An enqueue followed by a call to empty without an intervening),G (call_Enqueue & (!return_Dequeue U call_Empty) -> F (call_Empty & F return_Empty_false)),G((call_Enqueue & F(!return_Dequeue)) -> F(call_Enqueue & F(call_Empty & (!return_Dequeue U call_Empty)))),False
BASIC,2,An enqueue without subsequent dequeue can only be followed by (An enqueue followed by a call to empty without an intervening),G (call_Enqueue & (!return_Dequeue U call_Empty) -> F (call_Empty & F return_Empty_false)),G((call_Enqueue & F(!return_Dequeue)) -> F(call_Enqueue & F(call_Empty & (!return_Dequeue U call_Empty)))),False
BASIC,2,An enqueue without subsequent dequeue can only be followed by (An enqueue followed by a call to empty without an intervening),G (call_Enqueue & (!return_Dequeue U call_Empty) -> F (call_Empty & F return_Empty_false)),G((call_Enqueue & F(!return_Dequeue)) -> F(call_Enqueue & F(call_Empty & (!return_Dequeue U call_Empty)))),False
BASIC,2,An enqueue without subsequent dequeue can only be followed by (An enqueue followed by a call to empty without an intervening),G (call_Enqueue & (!return_Dequeue U call_Empty) -> F (call_Empty & F return_Empty_false)),G((call_Enqueue & F(!return_Dequeue U call_Enqueue)) -> F(call_Enqueue & F(call_Empty & !return_Dequeue))),False
BASIC,2,An enqueue without subsequent dequeue can only be followed by (An enqueue followed by a call to empty without an intervening),G (call_Enqueue & (!return_Dequeue U call_Empty) -> F (call_Empty & F return_Empty_false)),G((call_Enqueue & F(!return_Dequeue)) -> F(call_Enqueue & F(call_Empty & (!return_Dequeue U call_Empty)))),False
BASIC,2,An enqueue without subsequent dequeue can only be followed by (An enqueue followed by a call to empty without an intervening),G (call_Enqueue & (!return_Dequeue U call_Empty) -> F (call_Empty & F return_Empty_false)),G((call_Enqueue & F(!return_Dequeue)) -> F(call_Enqueue & F(call_Empty & (!return_Dequeue U call_Empty)))),False
BASIC,2,An enqueue without subsequent dequeue can only be followed by (An enqueue followed by a call to empty without an intervening),G (call_Enqueue & (!return_Dequeue U call_Empty) -> F (call_Empty & F return_Empty_false)),G((call_Enqueue & F(!return_Dequeue)) -> F(call_Enqueue & F(call_Empty & (!return_Dequeue U call_Empty)))),False
BASIC,4,Between the time an elevator is called at a floor,G ((call & F open) -> ((!atfloor & !open) U (open | ((atfloor & !open) U (open | ((!atfloor & !open) U (open | ((atfloor & !open) U (open | (!atfloor U open)))))))))),call,False
BASIC,4,Between the time an elevator is called at a floor,G ((call & F open) -> ((!atfloor & !open) U (open | ((atfloor & !open) U (open | ((!atfloor & !open) U (open | ((atfloor & !open) U (open | (!atfloor U open)))))))))),F(call & F(atfloor)),False
BASIC,4,Between the time an elevator is called at a floor,G ((call & F open) -> ((!atfloor & !open) U (open | ((atfloor & !open) U (open | ((!atfloor & !open) U (open | ((atfloor & !open) U (open | (!atfloor U open)))))))))),call,False
BASIC,4,Between the time an elevator is called at a floor,G ((call & F open) -> ((!atfloor & !open) U (open | ((atfloor & !open) U (open | ((!atfloor & !open) U (open | ((atfloor & !open) U (open | (!atfloor U open)))))))))),call,False
BASIC,4,Between the time an elevator is called at a floor,G ((call & F open) -> ((!atfloor & !open) U (open | ((atfloor & !open) U (open | ((!atfloor & !open) U (open | ((atfloor & !open) U (open | (!atfloor U open)))))))))),call,False
BASIC,4,Between the time an elevator is called at a floor,G ((call & F open) -> ((!atfloor & !open) U (open | ((atfloor & !open) U (open | ((!atfloor & !open) U (open | ((atfloor & !open) U (open | (!atfloor U open)))))))))),call,False
BASIC,4,Between the time an elevator is called at a floor,G ((call & F open) -> ((!atfloor & !open) U (open | ((atfloor & !open) U (open | ((!atfloor & !open) U (open | ((atfloor & !open) U (open | (!atfloor U open)))))))))),F(call & F(atfloor)),False
BASIC,4,Between the time an elevator is called at a floor,G ((call & F open) -> ((!atfloor & !open) U (open | ((atfloor & !open) U (open | ((!atfloor & !open) U (open | ((atfloor & !open) U (open | (!atfloor U open)))))))))),call,False
BASIC,4,Between the time an elevator is called at a floor,G ((call & F open) -> ((!atfloor & !open) U (open | ((atfloor & !open) U (open | ((!atfloor & !open) U (open | ((atfloor & !open) U (open | (!atfloor U open)))))))))),call,False
BASIC,4,Between the time an elevator is called at a floor,G ((call & F open) -> ((!atfloor & !open) U (open | ((atfloor & !open) U (open | ((!atfloor & !open) U (open | ((atfloor & !open) U (open | (!atfloor U open)))))))))),call,False
BASIC,4,Between the time an elevator is called at a floor,G ((call & F open) -> ((!atfloor & !open) U (open | ((atfloor & !open) U (open | ((!atfloor & !open) U (open | ((atfloor & !open) U (open | (!atfloor U open)))))))))),call,False
BASIC,4,Between the time an elevator is called at a floor,G ((call & F open) -> ((!atfloor & !open) U (open | ((atfloor & !open) U (open | ((!atfloor & !open) U (open | ((atfloor & !open) U (open | (!atfloor U open)))))))))),call,False
BASIC,4,Between the time an elevator is called at a floor,G ((call & F open) -> ((!atfloor & !open) U (open | ((atfloor & !open) U (open | ((!atfloor & !open) U (open | ((atfloor & !open) U (open | (!atfloor U open)))))))))),F(call & F(atfloor)),False
BASIC,4,Between the time an elevator is called at a floor,G ((call & F open) -> ((!atfloor & !open) U (open | ((atfloor & !open) U (open | ((!atfloor & !open) U (open | ((atfloor & !open) U (open | (!atfloor U open)))))))))),F(call & F atfloor),False
BASIC,4,Between the time an elevator is called at a floor,G ((call & F open) -> ((!atfloor & !open) U (open | ((atfloor & !open) U (open | ((!atfloor & !open) U (open | ((atfloor & !open) U (open | (!atfloor U open)))))))))),F(call & F(atfloor)),False
BASIC,4,Between the time an elevator is called at a floor,G ((call & F open) -> ((!atfloor & !open) U (open | ((atfloor & !open) U (open | ((!atfloor & !open) U (open | ((atfloor & !open) U (open | (!atfloor U open)))))))))),call,False
BASIC,4,Between the time an elevator is called at a floor,G ((call & F open) -> ((!atfloor & !open) U (open | ((atfloor & !open) U (open | ((!atfloor & !open) U (open | ((atfloor & !open) U (open | (!atfloor U open)))))))))),call,False
BASIC,4,Between the time an elevator is called at a floor,G ((call & F open) -> ((!atfloor & !open) U (open | ((atfloor & !open) U (open | ((!atfloor & !open) U (open | ((atfloor & !open) U (open | (!atfloor U open)))))))))),call,False
BASIC,4,Between the time an elevator is called at a floor,G ((call & F open) -> ((!atfloor & !open) U (open | ((atfloor & !open) U (open | ((!atfloor & !open) U (open | ((atfloor & !open) U (open | (!atfloor U open)))))))))),call,False
BASIC,4,Between the time an elevator is called at a floor,G ((call & F open) -> ((!atfloor & !open) U (open | ((atfloor & !open) U (open | ((!atfloor & !open) U (open | ((atfloor & !open) U (open | (!atfloor U open)))))))))),(call & atfloor),False
BASIC,4,Between the time an elevator is called at a floor,G ((call & F open) -> ((!atfloor & !open) U (open | ((atfloor & !open) U (open | ((!atfloor & !open) U (open | ((atfloor & !open) U (open | (!atfloor U open)))))))))),call,False
BASIC,4,Between the time an elevator is called at a floor,G ((call & F open) -> ((!atfloor & !open) U (open | ((atfloor & !open) U (open | ((!atfloor & !open) U (open | ((atfloor & !open) U (open | (!atfloor U open)))))))))),call,False
BASIC,4,Between the time an elevator is called at a floor,G ((call & F open) -> ((!atfloor & !open) U (open | ((atfloor & !open) U (open | ((!atfloor & !open) U (open | ((atfloor & !open) U (open | (!atfloor U open)))))))))),call,False
BASIC,4,Between the time an elevator is called at a floor,G ((call & F open) -> ((!atfloor & !open) U (open | ((atfloor & !open) U (open | ((!atfloor & !open) U (open | ((atfloor & !open) U (open | (!atfloor U open)))))))))),call,False
BASIC,4,Between the time an elevator is called at a floor,G ((call & F open) -> ((!atfloor & !open) U (open | ((atfloor & !open) U (open | ((!atfloor & !open) U (open | ((atfloor & !open) U (open | (!atfloor U open)))))))))),call,False
BASIC,4,Between the time an elevator is called at a floor,G ((call & F open) -> ((!atfloor & !open) U (open | ((atfloor & !open) U (open | ((!atfloor & !open) U (open | ((atfloor & !open) U (open | (!atfloor U open)))))))))),call,False
BASIC,4,Between the time an elevator is called at a floor,G ((call & F open) -> ((!atfloor & !open) U (open | ((atfloor & !open) U (open | ((!atfloor & !open) U (open | ((atfloor & !open) U (open | (!atfloor U open)))))))))),(call & atfloor),False
BASIC,4,Between the time an elevator is called at a floor,G ((call & F open) -> ((!atfloor & !open) U (open | ((atfloor & !open) U (open | ((!atfloor & !open) U (open | ((atfloor & !open) U (open | (!atfloor U open)))))))))),call,False
BASIC,4,Between the time an elevator is called at a floor,G ((call & F open) -> ((!atfloor & !open) U (open | ((atfloor & !open) U (open | ((!atfloor & !open) U (open | ((atfloor & !open) U (open | (!atfloor U open)))))))))),call,False
BASIC,4,Between the time an elevator is called at a floor,G ((call & F open) -> ((!atfloor & !open) U (open | ((atfloor & !open) U (open | ((!atfloor & !open) U (open | ((atfloor & !open) U (open | (!atfloor U open)))))))))),call,False
BASIC,4,Between the time an elevator is called at a floor,G ((call & F open) -> ((!atfloor & !open) U (open | ((atfloor & !open) U (open | ((!atfloor & !open) U (open | ((atfloor & !open) U (open | (!atfloor U open)))))))))),call,False
BASIC,4,Between the time an elevator is called at a floor,G ((call & F open) -> ((!atfloor & !open) U (open | ((atfloor & !open) U (open | ((!atfloor & !open) U (open | ((atfloor & !open) U (open | (!atfloor U open)))))))))),call,False
BASIC,4,Between the time an elevator is called at a floor,G ((call & F open) -> ((!atfloor & !open) U (open | ((atfloor & !open) U (open | ((!atfloor & !open) U (open | ((atfloor & !open) U (open | (!atfloor U open)))))))))),call,False
BASIC,4,Between the time an elevator is called at a floor,G ((call & F open) -> ((!atfloor & !open) U (open | ((atfloor & !open) U (open | ((!atfloor & !open) U (open | ((atfloor & !open) U (open | (!atfloor U open)))))))))),call,False
BASIC,4,Between the time an elevator is called at a floor,G ((call & F open) -> ((!atfloor & !open) U (open | ((atfloor & !open) U (open | ((!atfloor & !open) U (open | ((atfloor & !open) U (open | (!atfloor U open)))))))))),call,False
BASIC,4,Between the time an elevator is called at a floor,G ((call & F open) -> ((!atfloor & !open) U (open | ((atfloor & !open) U (open | ((!atfloor & !open) U (open | ((atfloor & !open) U (open | (!atfloor U open)))))))))),call,False
BASIC,4,Between the time an elevator is called at a floor,G ((call & F open) -> ((!atfloor & !open) U (open | ((atfloor & !open) U (open | ((!atfloor & !open) U (open | ((atfloor & !open) U (open | (!atfloor U open)))))))))),call,False
BASIC,4,Between the time an elevator is called at a floor,G ((call & F open) -> ((!atfloor & !open) U (open | ((atfloor & !open) U (open | ((!atfloor & !open) U (open | ((atfloor & !open) U (open | (!atfloor U open)))))))))),F(call & F(atfloor)),False
BASIC,4,Between the time an elevator is called at a floor,G ((call & F open) -> ((!atfloor & !open) U (open | ((atfloor & !open) U (open | ((!atfloor & !open) U (open | ((atfloor & !open) U (open | (!atfloor U open)))))))))),(call & atfloor),False
BASIC,4,Between the time an elevator is called at a floor,G ((call & F open) -> ((!atfloor & !open) U (open | ((atfloor & !open) U (open | ((!atfloor & !open) U (open | ((atfloor & !open) U (open | (!atfloor U open)))))))))),call,False
BASIC,4,Between the time an elevator is called at a floor,G ((call & F open) -> ((!atfloor & !open) U (open | ((atfloor & !open) U (open | ((!atfloor & !open) U (open | ((atfloor & !open) U (open | (!atfloor U open)))))))))),F(call & F(atfloor)),False
BASIC,4,Between the time an elevator is called at a floor,G ((call & F open) -> ((!atfloor & !open) U (open | ((atfloor & !open) U (open | ((!atfloor & !open) U (open | ((atfloor & !open) U (open | (!atfloor U open)))))))))),call,False
BASIC,4,Between the time an elevator is called at a floor,G ((call & F open) -> ((!atfloor & !open) U (open | ((atfloor & !open) U (open | ((!atfloor & !open) U (open | ((atfloor & !open) U (open | (!atfloor U open)))))))))),(call & atfloor),False
BASIC,4,Between the time an elevator is called at a floor,G ((call & F open) -> ((!atfloor & !open) U (open | ((atfloor & !open) U (open | ((!atfloor & !open) U (open | ((atfloor & !open) U (open | (!atfloor U open)))))))))),call,False
BASIC,4,Between the time an elevator is called at a floor,G ((call & F open) -> ((!atfloor & !open) U (open | ((atfloor & !open) U (open | ((!atfloor & !open) U (open | ((atfloor & !open) U (open | (!atfloor U open)))))))))),call,False
BASIC,4,Between the time an elevator is called at a floor,G ((call & F open) -> ((!atfloor & !open) U (open | ((atfloor & !open) U (open | ((!atfloor & !open) U (open | ((atfloor & !open) U (open | (!atfloor U open)))))))))),call,False
BASIC,4,Between the time an elevator is called at a floor,G ((call & F open) -> ((!atfloor & !open) U (open | ((atfloor & !open) U (open | ((!atfloor & !open) U (open | ((atfloor & !open) U (open | (!atfloor U open)))))))))),call,False
BASIC,4,Between the time an elevator is called at a floor,G ((call & F open) -> ((!atfloor & !open) U (open | ((atfloor & !open) U (open | ((!atfloor & !open) U (open | ((atfloor & !open) U (open | (!atfloor U open)))))))))),call,False
BASIC,4,Between the time an elevator is called at a floor,G ((call & F open) -> ((!atfloor & !open) U (open | ((atfloor & !open) U (open | ((!atfloor & !open) U (open | ((atfloor & !open) U (open | (!atfloor U open)))))))))),call,False
BASIC,4,Between the time an elevator is called at a floor,G ((call & F open) -> ((!atfloor & !open) U (open | ((atfloor & !open) U (open | ((!atfloor & !open) U (open | ((atfloor & !open) U (open | (!atfloor U open)))))))))),call,False
BASIC,4,Between the time an elevator is called at a floor,G ((call & F open) -> ((!atfloor & !open) U (open | ((atfloor & !open) U (open | ((!atfloor & !open) U (open | ((atfloor & !open) U (open | (!atfloor U open)))))))))),call,False
BASIC,4,Between the time an elevator is called at a floor,G ((call & F open) -> ((!atfloor & !open) U (open | ((atfloor & !open) U (open | ((!atfloor & !open) U (open | ((atfloor & !open) U (open | (!atfloor U open)))))))))),call,False
BASIC,4,Between the time an elevator is called at a floor,G ((call & F open) -> ((!atfloor & !open) U (open | ((atfloor & !open) U (open | ((!atfloor & !open) U (open | ((atfloor & !open) U (open | (!atfloor U open)))))))))),F(call & F(atfloor)),False
BASIC,4,Between the time an elevator is called at a floor,G ((call & F open) -> ((!atfloor & !open) U (open | ((atfloor & !open) U (open | ((!atfloor & !open) U (open | ((atfloor & !open) U (open | (!atfloor U open)))))))))),call,False
BASIC,4,Between the time an elevator is called at a floor,G ((call & F open) -> ((!atfloor & !open) U (open | ((atfloor & !open) U (open | ((!atfloor & !open) U (open | ((atfloor & !open) U (open | (!atfloor U open)))))))))),call,False
BASIC,4,Between the time an elevator is called at a floor,G ((call & F open) -> ((!atfloor & !open) U (open | ((atfloor & !open) U (open | ((!atfloor & !open) U (open | ((atfloor & !open) U (open | (!atfloor U open)))))))))),call,False
BASIC,4,Between the time an elevator is called at a floor,G ((call & F open) -> ((!atfloor & !open) U (open | ((atfloor & !open) U (open | ((!atfloor & !open) U (open | ((atfloor & !open) U (open | (!atfloor U open)))))))))),F(call & F(atfloor)),False
BASIC,4,Between the time an elevator is called at a floor,G ((call & F open) -> ((!atfloor & !open) U (open | ((atfloor & !open) U (open | ((!atfloor & !open) U (open | ((atfloor & !open) U (open | (!atfloor U open)))))))))),call,False
BASIC,4,Between the time an elevator is called at a floor,G ((call & F open) -> ((!atfloor & !open) U (open | ((atfloor & !open) U (open | ((!atfloor & !open) U (open | ((atfloor & !open) U (open | (!atfloor U open)))))))))),F(call & F(atfloor)),False
BASIC,4,Between the time an elevator is called at a floor,G ((call & F open) -> ((!atfloor & !open) U (open | ((atfloor & !open) U (open | ((!atfloor & !open) U (open | ((atfloor & !open) U (open | (!atfloor U open)))))))))),call,False
BASIC,4,Between the time an elevator is called at a floor,G ((call & F open) -> ((!atfloor & !open) U (open | ((atfloor & !open) U (open | ((!atfloor & !open) U (open | ((atfloor & !open) U (open | (!atfloor U open)))))))))),call,False
BASIC,4,Between the time an elevator is called at a floor,G ((call & F open) -> ((!atfloor & !open) U (open | ((atfloor & !open) U (open | ((!atfloor & !open) U (open | ((atfloor & !open) U (open | (!atfloor U open)))))))))),call,False
BASIC,4,Between the time an elevator is called at a floor,G ((call & F open) -> ((!atfloor & !open) U (open | ((atfloor & !open) U (open | ((!atfloor & !open) U (open | ((atfloor & !open) U (open | (!atfloor U open)))))))))),call,False
BASIC,4,Between the time an elevator is called at a floor,G ((call & F open) -> ((!atfloor & !open) U (open | ((atfloor & !open) U (open | ((!atfloor & !open) U (open | ((atfloor & !open) U (open | (!atfloor U open)))))))))),call,False
BASIC,4,Between the time an elevator is called at a floor,G ((call & F open) -> ((!atfloor & !open) U (open | ((atfloor & !open) U (open | ((!atfloor & !open) U (open | ((atfloor & !open) U (open | (!atfloor U open)))))))))),call,False
BASIC,4,Between the time an elevator is called at a floor,G ((call & F open) -> ((!atfloor & !open) U (open | ((atfloor & !open) U (open | ((!atfloor & !open) U (open | ((atfloor & !open) U (open | (!atfloor U open)))))))))),call,False
BASIC,4,Between the time an elevator is called at a floor,G ((call & F open) -> ((!atfloor & !open) U (open | ((atfloor & !open) U (open | ((!atfloor & !open) U (open | ((atfloor & !open) U (open | (!atfloor U open)))))))))),call,False
BASIC,4,Between the time an elevator is called at a floor,G ((call & F open) -> ((!atfloor & !open) U (open | ((atfloor & !open) U (open | ((!atfloor & !open) U (open | ((atfloor & !open) U (open | (!atfloor U open)))))))))),call,False
BASIC,4,Between the time an elevator is called at a floor,G ((call & F open) -> ((!atfloor & !open) U (open | ((atfloor & !open) U (open | ((!atfloor & !open) U (open | ((atfloor & !open) U (open | (!atfloor U open)))))))))),call,False
BASIC,4,Between the time an elevator is called at a floor,G ((call & F open) -> ((!atfloor & !open) U (open | ((atfloor & !open) U (open | ((!atfloor & !open) U (open | ((atfloor & !open) U (open | (!atfloor U open)))))))))),call,False
BASIC,4,Between the time an elevator is called at a floor,G ((call & F open) -> ((!atfloor & !open) U (open | ((atfloor & !open) U (open | ((!atfloor & !open) U (open | ((atfloor & !open) U (open | (!atfloor U open)))))))))),call,False
BASIC,4,Between the time an elevator is called at a floor,G ((call & F open) -> ((!atfloor & !open) U (open | ((atfloor & !open) U (open | ((!atfloor & !open) U (open | ((atfloor & !open) U (open | (!atfloor U open)))))))))),call,False
BASIC,4,Between the time an elevator is called at a floor,G ((call & F open) -> ((!atfloor & !open) U (open | ((atfloor & !open) U (open | ((!atfloor & !open) U (open | ((atfloor & !open) U (open | (!atfloor U open)))))))))),call,False
BASIC,4,Between the time an elevator is called at a floor,G ((call & F open) -> ((!atfloor & !open) U (open | ((atfloor & !open) U (open | ((!atfloor & !open) U (open | ((atfloor & !open) U (open | (!atfloor U open)))))))))),call,False
BASIC,4,Between the time an elevator is called at a floor,G ((call & F open) -> ((!atfloor & !open) U (open | ((atfloor & !open) U (open | ((!atfloor & !open) U (open | ((atfloor & !open) U (open | (!atfloor U open)))))))))),call,False
BASIC,4,Between the time an elevator is called at a floor,G ((call & F open) -> ((!atfloor & !open) U (open | ((atfloor & !open) U (open | ((!atfloor & !open) U (open | ((atfloor & !open) U (open | (!atfloor U open)))))))))),call,False
BASIC,4,Between the time an elevator is called at a floor,G ((call & F open) -> ((!atfloor & !open) U (open | ((atfloor & !open) U (open | ((!atfloor & !open) U (open | ((atfloor & !open) U (open | (!atfloor U open)))))))))),call,False
BASIC,4,Between the time an elevator is called at a floor,G ((call & F open) -> ((!atfloor & !open) U (open | ((atfloor & !open) U (open | ((!atfloor & !open) U (open | ((atfloor & !open) U (open | (!atfloor U open)))))))))),call,False
BASIC,4,Between the time an elevator is called at a floor,G ((call & F open) -> ((!atfloor & !open) U (open | ((atfloor & !open) U (open | ((!atfloor & !open) U (open | ((atfloor & !open) U (open | (!atfloor U open)))))))))),call,False
BASIC,4,Between the time an elevator is called at a floor,G ((call & F open) -> ((!atfloor & !open) U (open | ((atfloor & !open) U (open | ((!atfloor & !open) U (open | ((atfloor & !open) U (open | (!atfloor U open)))))))))),call,False
BASIC,4,Between the time an elevator is called at a floor,G ((call & F open) -> ((!atfloor & !open) U (open | ((atfloor & !open) U (open | ((!atfloor & !open) U (open | ((atfloor & !open) U (open | (!atfloor U open)))))))))),call,False
BASIC,4,Between the time an elevator is called at a floor,G ((call & F open) -> ((!atfloor & !open) U (open | ((atfloor & !open) U (open | ((!atfloor & !open) U (open | ((atfloor & !open) U (open | (!atfloor U open)))))))))),call,False
BASIC,4,Between the time an elevator is called at a floor,G ((call & F open) -> ((!atfloor & !open) U (open | ((atfloor & !open) U (open | ((!atfloor & !open) U (open | ((atfloor & !open) U (open | (!atfloor U open)))))))))),call,False
BASIC,4,Between the time an elevator is called at a floor,G ((call & F open) -> ((!atfloor & !open) U (open | ((atfloor & !open) U (open | ((!atfloor & !open) U (open | ((atfloor & !open) U (open | (!atfloor U open)))))))))),call,False
BASIC,4,Between the time an elevator is called at a floor,G ((call & F open) -> ((!atfloor & !open) U (open | ((atfloor & !open) U (open | ((!atfloor & !open) U (open | ((atfloor & !open) U (open | (!atfloor U open)))))))))),(call & atfloor),False
BASIC,4,Between the time an elevator is called at a floor,G ((call & F open) -> ((!atfloor & !open) U (open | ((atfloor & !open) U (open | ((!atfloor & !open) U (open | ((atfloor & !open) U (open | (!atfloor U open)))))))))),call,False
BASIC,4,Between the time an elevator is called at a floor,G ((call & F open) -> ((!atfloor & !open) U (open | ((atfloor & !open) U (open | ((!atfloor & !open) U (open | ((atfloor & !open) U (open | (!atfloor U open)))))))))),call,False
BASIC,4,Between the time an elevator is called at a floor,G ((call & F open) -> ((!atfloor & !open) U (open | ((atfloor & !open) U (open | ((!atfloor & !open) U (open | ((atfloor & !open) U (open | (!atfloor U open)))))))))),call,False
BASIC,4,Between the time an elevator is called at a floor,G ((call & F open) -> ((!atfloor & !open) U (open | ((atfloor & !open) U (open | ((!atfloor & !open) U (open | ((atfloor & !open) U (open | (!atfloor U open)))))))))),F(call & F atfloor),False
BASIC,4,Between the time an elevator is called at a floor,G ((call & F open) -> ((!atfloor & !open) U (open | ((atfloor & !open) U (open | ((!atfloor & !open) U (open | ((atfloor & !open) U (open | (!atfloor U open)))))))))),(call & atfloor),False
BASIC,4,Between the time an elevator is called at a floor,G ((call & F open) -> ((!atfloor & !open) U (open | ((atfloor & !open) U (open | ((!atfloor & !open) U (open | ((atfloor & !open) U (open | (!atfloor U open)))))))))),call,False
BASIC,4,Between the time an elevator is called at a floor,G ((call & F open) -> ((!atfloor & !open) U (open | ((atfloor & !open) U (open | ((!atfloor & !open) U (open | ((atfloor & !open) U (open | (!atfloor U open)))))))))),call,False
BASIC,4,Between the time an elevator is called at a floor,G ((call & F open) -> ((!atfloor & !open) U (open | ((atfloor & !open) U (open | ((!atfloor & !open) U (open | ((atfloor & !open) U (open | (!atfloor U open)))))))))),call,False
BASIC,4,Between the time an elevator is called at a floor,G ((call & F open) -> ((!atfloor & !open) U (open | ((atfloor & !open) U (open | ((!atfloor & !open) U (open | ((atfloor & !open) U (open | (!atfloor U open)))))))))),call,False
BASIC,4,Between the time an elevator is called at a floor,G ((call & F open) -> ((!atfloor & !open) U (open | ((atfloor & !open) U (open | ((!atfloor & !open) U (open | ((atfloor & !open) U (open | (!atfloor U open)))))))))),call,False
BASIC,4,Between the time an elevator is called at a floor,G ((call & F open) -> ((!atfloor & !open) U (open | ((atfloor & !open) U (open | ((!atfloor & !open) U (open | ((atfloor & !open) U (open | (!atfloor U open)))))))))),call,False
BASIC,4,Between the time an elevator is called at a floor,G ((call & F open) -> ((!atfloor & !open) U (open | ((atfloor & !open) U (open | ((!atfloor & !open) U (open | ((atfloor & !open) U (open | (!atfloor U open)))))))))),call,False
BASIC,4,Between the time an elevator is called at a floor,G ((call & F open) -> ((!atfloor & !open) U (open | ((atfloor & !open) U (open | ((!atfloor & !open) U (open | ((atfloor & !open) U (open | (!atfloor U open)))))))))),call,False
BASIC,4,Between the time an elevator is called at a floor,G ((call & F open) -> ((!atfloor & !open) U (open | ((atfloor & !open) U (open | ((!atfloor & !open) U (open | ((atfloor & !open) U (open | (!atfloor U open)))))))))),call,False
BASIC,4,Between the time an elevator is called at a floor,G ((call & F open) -> ((!atfloor & !open) U (open | ((atfloor & !open) U (open | ((!atfloor & !open) U (open | ((atfloor & !open) U (open | (!atfloor U open)))))))))),call,False
BASIC,7,"When a connection is made to the SMTP server, all queued (Before QueuedMailSent, SMTPServerConnected)",F QueuedMailSent -> (!QueuedMailSent U SMTPServerConnected),G(SMTPServerConnected -> !QueuedMailSent),False
BASIC,7,"When a connection is made to the SMTP server, all queued (Before QueuedMailSent, SMTPServerConnected)",F QueuedMailSent -> (!QueuedMailSent U SMTPServerConnected),G(SMTPServerConnected -> !QueuedMailSent),False
BASIC,7,"When a connection is made to the SMTP server, all queued (Before QueuedMailSent, SMTPServerConnected)",F QueuedMailSent -> (!QueuedMailSent U SMTPServerConnected),G(SMTPServerConnected -> !QueuedMailSent),False
BASIC,7,"When a connection is made to the SMTP server, all queued (Before QueuedMailSent, SMTPServerConnected)",F QueuedMailSent -> (!QueuedMailSent U SMTPServerConnected),G(SMTPServerConnected -> !QueuedMailSent),False
BASIC,7,"When a connection is made to the SMTP server, all queued (Before QueuedMailSent, SMTPServerConnected)",F QueuedMailSent -> (!QueuedMailSent U SMTPServerConnected),G(SMTPServerConnected -> !QueuedMailSent),False
BASIC,7,"When a connection is made to the SMTP server, all queued (Before QueuedMailSent, SMTPServerConnected)",F QueuedMailSent -> (!QueuedMailSent U SMTPServerConnected),G(SMTPServerConnected -> !QueuedMailSent),False
BASIC,7,"When a connection is made to the SMTP server, all queued (Before QueuedMailSent, SMTPServerConnected)",F QueuedMailSent -> (!QueuedMailSent U SMTPServerConnected),G(SMTPServerConnected -> !QueuedMailSent),False
BASIC,7,"When a connection is made to the SMTP server, all queued (Before QueuedMailSent, SMTPServerConnected)",F QueuedMailSent -> (!QueuedMailSent U SMTPServerConnected),G(SMTPServerConnected -> !QueuedMailSent),False
BASIC,7,"When a connection is made to the SMTP server, all queued (Before QueuedMailSent, SMTPServerConnected)",F QueuedMailSent -> (!QueuedMailSent U SMTPServerConnected),G(SMTPServerConnected -> !QueuedMailSent),False
BASIC,7,"When a connection is made to the SMTP server, all queued (Before QueuedMailSent, SMTPServerConnected)",F QueuedMailSent -> (!QueuedMailSent U SMTPServerConnected),G(SMTPServerConnected -> !QueuedMailSent),False
BASIC,7,"When a connection is made to the SMTP server, all queued (Before QueuedMailSent, SMTPServerConnected)",F QueuedMailSent -> (!QueuedMailSent U SMTPServerConnected),G(SMTPServerConnected -> !QueuedMailSent),False
BASIC,7,"When a connection is made to the SMTP server, all queued (Before QueuedMailSent, SMTPServerConnected)",F QueuedMailSent -> (!QueuedMailSent U SMTPServerConnected),G(SMTPServerConnected -> !QueuedMailSent),False
BASIC,7,"When a connection is made to the SMTP server, all queued (Before QueuedMailSent, SMTPServerConnected)",F QueuedMailSent -> (!QueuedMailSent U SMTPServerConnected),G(SMTPServerConnected -> !QueuedMailSent),False
BASIC,7,"When a connection is made to the SMTP server, all queued (Before QueuedMailSent, SMTPServerConnected)",F QueuedMailSent -> (!QueuedMailSent U SMTPServerConnected),G(SMTPServerConnected -> !QueuedMailSent),False
BASIC,7,"When a connection is made to the SMTP server, all queued (Before QueuedMailSent, SMTPServerConnected)",F QueuedMailSent -> (!QueuedMailSent U SMTPServerConnected),G(SMTPServerConnected -> !QueuedMailSent),False
BASIC,7,"When a connection is made to the SMTP server, all queued (Before QueuedMailSent, SMTPServerConnected)",F QueuedMailSent -> (!QueuedMailSent U SMTPServerConnected),G(SMTPServerConnected -> (QueuedMailSent U SMTPServerConnected)),False
BASIC,7,"When a connection is made to the SMTP server, all queued (Before QueuedMailSent, SMTPServerConnected)",F QueuedMailSent -> (!QueuedMailSent U SMTPServerConnected),G(SMTPServerConnected -> !QueuedMailSent),False
BASIC,7,"When a connection is made to the SMTP server, all queued (Before QueuedMailSent, SMTPServerConnected)",F QueuedMailSent -> (!QueuedMailSent U SMTPServerConnected),G(SMTPServerConnected -> !QueuedMailSent),False
BASIC,7,"When a connection is made to the SMTP server, all queued (Before QueuedMailSent, SMTPServerConnected)",F QueuedMailSent -> (!QueuedMailSent U SMTPServerConnected),G(SMTPServerConnected -> !QueuedMailSent),False
BASIC,7,"When a connection is made to the SMTP server, all queued (Before QueuedMailSent, SMTPServerConnected)",F QueuedMailSent -> (!QueuedMailSent U SMTPServerConnected),G(SMTPServerConnected -> !QueuedMailSent),False
BASIC,7,"When a connection is made to the SMTP server, all queued (Before QueuedMailSent, SMTPServerConnected)",F QueuedMailSent -> (!QueuedMailSent U SMTPServerConnected),G(SMTPServerConnected -> !QueuedMailSent),False
BASIC,7,"When a connection is made to the SMTP server, all queued (Before QueuedMailSent, SMTPServerConnected)",F QueuedMailSent -> (!QueuedMailSent U SMTPServerConnected),G(SMTPServerConnected -> !QueuedMailSent),False
BASIC,7,"When a connection is made to the SMTP server, all queued (Before QueuedMailSent, SMTPServerConnected)",F QueuedMailSent -> (!QueuedMailSent U SMTPServerConnected),G(SMTPServerConnected -> !QueuedMailSent),False
BASIC,7,"When a connection is made to the SMTP server, all queued (Before QueuedMailSent, SMTPServerConnected)",F QueuedMailSent -> (!QueuedMailSent U SMTPServerConnected),G(SMTPServerConnected -> !QueuedMailSent),False
BASIC,7,"When a connection is made to the SMTP server, all queued (Before QueuedMailSent, SMTPServerConnected)",F QueuedMailSent -> (!QueuedMailSent U SMTPServerConnected),G(SMTPServerConnected -> !QueuedMailSent),False
BASIC,7,"When a connection is made to the SMTP server, all queued (Before QueuedMailSent, SMTPServerConnected)",F QueuedMailSent -> (!QueuedMailSent U SMTPServerConnected),G(SMTPServerConnected -> !QueuedMailSent),False
BASIC,7,"When a connection is made to the SMTP server, all queued (Before QueuedMailSent, SMTPServerConnected)",F QueuedMailSent -> (!QueuedMailSent U SMTPServerConnected),G(SMTPServerConnected -> !QueuedMailSent),False
BASIC,7,"When a connection is made to the SMTP server, all queued (Before QueuedMailSent, SMTPServerConnected)",F QueuedMailSent -> (!QueuedMailSent U SMTPServerConnected),G(SMTPServerConnected -> !QueuedMailSent),False
BASIC,7,"When a connection is made to the SMTP server, all queued (Before QueuedMailSent, SMTPServerConnected)",F QueuedMailSent -> (!QueuedMailSent U SMTPServerConnected),G(SMTPServerConnected -> !QueuedMailSent),False
BASIC,7,"When a connection is made to the SMTP server, all queued (Before QueuedMailSent, SMTPServerConnected)",F QueuedMailSent -> (!QueuedMailSent U SMTPServerConnected),G(SMTPServerConnected -> !QueuedMailSent),False
BASIC,7,"When a connection is made to the SMTP server, all queued (Before QueuedMailSent, SMTPServerConnected)",F QueuedMailSent -> (!QueuedMailSent U SMTPServerConnected),G(SMTPServerConnected -> !QueuedMailSent),False
BASIC,7,"When a connection is made to the SMTP server, all queued (Before QueuedMailSent, SMTPServerConnected)",F QueuedMailSent -> (!QueuedMailSent U SMTPServerConnected),G(SMTPServerConnected -> !QueuedMailSent),False
BASIC,7,"When a connection is made to the SMTP server, all queued (Before QueuedMailSent, SMTPServerConnected)",F QueuedMailSent -> (!QueuedMailSent U SMTPServerConnected),G(SMTPServerConnected -> !QueuedMailSent),False
BASIC,7,"When a connection is made to the SMTP server, all queued (Before QueuedMailSent, SMTPServerConnected)",F QueuedMailSent -> (!QueuedMailSent U SMTPServerConnected),G(SMTPServerConnected -> !QueuedMailSent),False
BASIC,7,"When a connection is made to the SMTP server, all queued (Before QueuedMailSent, SMTPServerConnected)",F QueuedMailSent -> (!QueuedMailSent U SMTPServerConnected),G(SMTPServerConnected -> !QueuedMailSent),False
BASIC,7,"When a connection is made to the SMTP server, all queued (Before QueuedMailSent, SMTPServerConnected)",F QueuedMailSent -> (!QueuedMailSent U SMTPServerConnected),G(SMTPServerConnected -> !QueuedMailSent),False
BASIC,7,"When a connection is made to the SMTP server, all queued (Before QueuedMailSent, SMTPServerConnected)",F QueuedMailSent -> (!QueuedMailSent U SMTPServerConnected),G(SMTPServerConnected -> !QueuedMailSent),False
BASIC,7,"When a connection is made to the SMTP server, all queued (Before QueuedMailSent, SMTPServerConnected)",F QueuedMailSent -> (!QueuedMailSent U SMTPServerConnected),G(SMTPServerConnected -> !QueuedMailSent),False
BASIC,7,"When a connection is made to the SMTP server, all queued (Before QueuedMailSent, SMTPServerConnected)",F QueuedMailSent -> (!QueuedMailSent U SMTPServerConnected),G(SMTPServerConnected -> !QueuedMailSent),False
BASIC,7,"When a connection is made to the SMTP server, all queued (Before QueuedMailSent, SMTPServerConnected)",F QueuedMailSent -> (!QueuedMailSent U SMTPServerConnected),G(SMTPServerConnected -> !QueuedMailSent),False
BASIC,7,"When a connection is made to the SMTP server, all queued (Before QueuedMailSent, SMTPServerConnected)",F QueuedMailSent -> (!QueuedMailSent U SMTPServerConnected),G(SMTPServerConnected -> !QueuedMailSent),False
BASIC,7,"When a connection is made to the SMTP server, all queued (Before QueuedMailSent, SMTPServerConnected)",F QueuedMailSent -> (!QueuedMailSent U SMTPServerConnected),G(SMTPServerConnected -> !QueuedMailSent),False
BASIC,7,"When a connection is made to the SMTP server, all queued (Before QueuedMailSent, SMTPServerConnected)",F QueuedMailSent -> (!QueuedMailSent U SMTPServerConnected),G(SMTPServerConnected -> !QueuedMailSent),False
BASIC,7,"When a connection is made to the SMTP server, all queued (Before QueuedMailSent, SMTPServerConnected)",F QueuedMailSent -> (!QueuedMailSent U SMTPServerConnected),G(SMTPServerConnected -> !QueuedMailSent),False
BASIC,7,"When a connection is made to the SMTP server, all queued (Before QueuedMailSent, SMTPServerConnected)",F QueuedMailSent -> (!QueuedMailSent U SMTPServerConnected),G(SMTPServerConnected -> !QueuedMailSent),False
BASIC,7,"When a connection is made to the SMTP server, all queued (Before QueuedMailSent, SMTPServerConnected)",F QueuedMailSent -> (!QueuedMailSent U SMTPServerConnected),G(SMTPServerConnected -> !QueuedMailSent),False
BASIC,7,"When a connection is made to the SMTP server, all queued (Before QueuedMailSent, SMTPServerConnected)",F QueuedMailSent -> (!QueuedMailSent U SMTPServerConnected),G(SMTPServerConnected -> !QueuedMailSent),False
BASIC,7,"When a connection is made to the SMTP server, all queued (Before QueuedMailSent, SMTPServerConnected)",F QueuedMailSent -> (!QueuedMailSent U SMTPServerConnected),G(SMTPServerConnected -> !QueuedMailSent),False
BASIC,7,"When a connection is made to the SMTP server, all queued (Before QueuedMailSent, SMTPServerConnected)",F QueuedMailSent -> (!QueuedMailSent U SMTPServerConnected),G(SMTPServerConnected -> !QueuedMailSent),False
BASIC,7,"When a connection is made to the SMTP server, all queued (Before QueuedMailSent, SMTPServerConnected)",F QueuedMailSent -> (!QueuedMailSent U SMTPServerConnected),G(SMTPServerConnected -> !QueuedMailSent),False
BASIC,7,"When a connection is made to the SMTP server, all queued (Before QueuedMailSent, SMTPServerConnected)",F QueuedMailSent -> (!QueuedMailSent U SMTPServerConnected),G(SMTPServerConnected -> !QueuedMailSent),False
BASIC,7,"When a connection is made to the SMTP server, all queued (Before QueuedMailSent, SMTPServerConnected)",F QueuedMailSent -> (!QueuedMailSent U SMTPServerConnected),G(SMTPServerConnected -> !QueuedMailSent),False
BASIC,7,"When a connection is made to the SMTP server, all queued (Before QueuedMailSent, SMTPServerConnected)",F QueuedMailSent -> (!QueuedMailSent U SMTPServerConnected),G(SMTPServerConnected -> !QueuedMailSent),False
BASIC,7,"When a connection is made to the SMTP server, all queued (Before QueuedMailSent, SMTPServerConnected)",F QueuedMailSent -> (!QueuedMailSent U SMTPServerConnected),G(SMTPServerConnected -> !QueuedMailSent),False
BASIC,7,"When a connection is made to the SMTP server, all queued (Before QueuedMailSent, SMTPServerConnected)",F QueuedMailSent -> (!QueuedMailSent U SMTPServerConnected),G(SMTPServerConnected -> !QueuedMailSent),False
BASIC,7,"When a connection is made to the SMTP server, all queued (Before QueuedMailSent, SMTPServerConnected)",F QueuedMailSent -> (!QueuedMailSent U SMTPServerConnected),G(SMTPServerConnected -> !QueuedMailSent),False
BASIC,7,"When a connection is made to the SMTP server, all queued (Before QueuedMailSent, SMTPServerConnected)",F QueuedMailSent -> (!QueuedMailSent U SMTPServerConnected),G(SMTPServerConnected -> !QueuedMailSent),False
BASIC,7,"When a connection is made to the SMTP server, all queued (Before QueuedMailSent, SMTPServerConnected)",F QueuedMailSent -> (!QueuedMailSent U SMTPServerConnected),G(SMTPServerConnected -> !QueuedMailSent),False
BASIC,7,"When a connection is made to the SMTP server, all queued (Before QueuedMailSent, SMTPServerConnected)",F QueuedMailSent -> (!QueuedMailSent U SMTPServerConnected),G(SMTPServerConnected -> !QueuedMailSent),False
BASIC,7,"When a connection is made to the SMTP server, all queued (Before QueuedMailSent, SMTPServerConnected)",F QueuedMailSent -> (!QueuedMailSent U SMTPServerConnected),G(SMTPServerConnected -> !QueuedMailSent),False
BASIC,7,"When a connection is made to the SMTP server, all queued (Before QueuedMailSent, SMTPServerConnected)",F QueuedMailSent -> (!QueuedMailSent U SMTPServerConnected),G(SMTPServerConnected -> !QueuedMailSent),False
BASIC,7,"When a connection is made to the SMTP server, all queued (Before QueuedMailSent, SMTPServerConnected)",F QueuedMailSent -> (!QueuedMailSent U SMTPServerConnected),G(SMTPServerConnected -> !QueuedMailSent),False
BASIC,7,"When a connection is made to the SMTP server, all queued (Before QueuedMailSent, SMTPServerConnected)",F QueuedMailSent -> (!QueuedMailSent U SMTPServerConnected),G(SMTPServerConnected -> !QueuedMailSent),False
BASIC,7,"When a connection is made to the SMTP server, all queued (Before QueuedMailSent, SMTPServerConnected)",F QueuedMailSent -> (!QueuedMailSent U SMTPServerConnected),G(SMTPServerConnected -> !QueuedMailSent),False
BASIC,7,"When a connection is made to the SMTP server, all queued (Before QueuedMailSent, SMTPServerConnected)",F QueuedMailSent -> (!QueuedMailSent U SMTPServerConnected),G(SMTPServerConnected -> !QueuedMailSent),False
BASIC,7,"When a connection is made to the SMTP server, all queued (Before QueuedMailSent, SMTPServerConnected)",F QueuedMailSent -> (!QueuedMailSent U SMTPServerConnected),G(SMTPServerConnected -> !QueuedMailSent),False
BASIC,7,"When a connection is made to the SMTP server, all queued (Before QueuedMailSent, SMTPServerConnected)",F QueuedMailSent -> (!QueuedMailSent U SMTPServerConnected),G(SMTPServerConnected -> !QueuedMailSent),False
BASIC,7,"When a connection is made to the SMTP server, all queued (Before QueuedMailSent, SMTPServerConnected)",F QueuedMailSent -> (!QueuedMailSent U SMTPServerConnected),G(SMTPServerConnected -> !QueuedMailSent),False
BASIC,7,"When a connection is made to the SMTP server, all queued (Before QueuedMailSent, SMTPServerConnected)",F QueuedMailSent -> (!QueuedMailSent U SMTPServerConnected),G(SMTPServerConnected -> !QueuedMailSent),False
BASIC,7,"When a connection is made to the SMTP server, all queued (Before QueuedMailSent, SMTPServerConnected)",F QueuedMailSent -> (!QueuedMailSent U SMTPServerConnected),G(SMTPServerConnected -> !QueuedMailSent),False
BASIC,7,"When a connection is made to the SMTP server, all queued (Before QueuedMailSent, SMTPServerConnected)",F QueuedMailSent -> (!QueuedMailSent U SMTPServerConnected),G(SMTPServerConnected -> !QueuedMailSent),False
BASIC,7,"When a connection is made to the SMTP server, all queued (Before QueuedMailSent, SMTPServerConnected)",F QueuedMailSent -> (!QueuedMailSent U SMTPServerConnected),G(SMTPServerConnected -> !QueuedMailSent),False
BASIC,7,"When a connection is made to the SMTP server, all queued (Before QueuedMailSent, SMTPServerConnected)",F QueuedMailSent -> (!QueuedMailSent U SMTPServerConnected),G(SMTPServerConnected -> !QueuedMailSent),False
BASIC,7,"When a connection is made to the SMTP server, all queued (Before QueuedMailSent, SMTPServerConnected)",F QueuedMailSent -> (!QueuedMailSent U SMTPServerConnected),G(SMTPServerConnected -> !QueuedMailSent),False
BASIC,7,"When a connection is made to the SMTP server, all queued (Before QueuedMailSent, SMTPServerConnected)",F QueuedMailSent -> (!QueuedMailSent U SMTPServerConnected),G(SMTPServerConnected -> !QueuedMailSent),False
BASIC,7,"When a connection is made to the SMTP server, all queued (Before QueuedMailSent, SMTPServerConnected)",F QueuedMailSent -> (!QueuedMailSent U SMTPServerConnected),G(SMTPServerConnected -> !QueuedMailSent),False
BASIC,7,"When a connection is made to the SMTP server, all queued (Before QueuedMailSent, SMTPServerConnected)",F QueuedMailSent -> (!QueuedMailSent U SMTPServerConnected),G(SMTPServerConnected -> !QueuedMailSent),False
BASIC,7,"When a connection is made to the SMTP server, all queued (Before QueuedMailSent, SMTPServerConnected)",F QueuedMailSent -> (!QueuedMailSent U SMTPServerConnected),G(SMTPServerConnected -> !QueuedMailSent),False
BASIC,7,"When a connection is made to the SMTP server, all queued (Before QueuedMailSent, SMTPServerConnected)",F QueuedMailSent -> (!QueuedMailSent U SMTPServerConnected),G(SMTPServerConnected -> !QueuedMailSent),False
BASIC,7,"When a connection is made to the SMTP server, all queued (Before QueuedMailSent, SMTPServerConnected)",F QueuedMailSent -> (!QueuedMailSent U SMTPServerConnected),G(SMTPServerConnected -> !QueuedMailSent),False
BASIC,7,"When a connection is made to the SMTP server, all queued (Before QueuedMailSent, SMTPServerConnected)",F QueuedMailSent -> (!QueuedMailSent U SMTPServerConnected),G(SMTPServerConnected -> !QueuedMailSent),False
BASIC,7,"When a connection is made to the SMTP server, all queued (Before QueuedMailSent, SMTPServerConnected)",F QueuedMailSent -> (!QueuedMailSent U SMTPServerConnected),G(SMTPServerConnected -> !QueuedMailSent),False
BASIC,7,"When a connection is made to the SMTP server, all queued (Before QueuedMailSent, SMTPServerConnected)",F QueuedMailSent -> (!QueuedMailSent U SMTPServerConnected),G(SMTPServerConnected -> !QueuedMailSent),False
BASIC,7,"When a connection is made to the SMTP server, all queued (Before QueuedMailSent, SMTPServerConnected)",F QueuedMailSent -> (!QueuedMailSent U SMTPServerConnected),G(SMTPServerConnected -> !QueuedMailSent),False
BASIC,7,"When a connection is made to the SMTP server, all queued (Before QueuedMailSent, SMTPServerConnected)",F QueuedMailSent -> (!QueuedMailSent U SMTPServerConnected),G(SMTPServerConnected -> !QueuedMailSent),False
BASIC,7,"When a connection is made to the SMTP server, all queued (Before QueuedMailSent, SMTPServerConnected)",F QueuedMailSent -> (!QueuedMailSent U SMTPServerConnected),G(SMTPServerConnected -> !QueuedMailSent),False
BASIC,7,"When a connection is made to the SMTP server, all queued (Before QueuedMailSent, SMTPServerConnected)",F QueuedMailSent -> (!QueuedMailSent U SMTPServerConnected),G(SMTPServerConnected -> !QueuedMailSent),False
BASIC,7,"When a connection is made to the SMTP server, all queued (Before QueuedMailSent, SMTPServerConnected)",F QueuedMailSent -> (!QueuedMailSent U SMTPServerConnected),G(SMTPServerConnected -> !QueuedMailSent),False
BASIC,7,"When a connection is made to the SMTP server, all queued (Before QueuedMailSent, SMTPServerConnected)",F QueuedMailSent -> (!QueuedMailSent U SMTPServerConnected),G(SMTPServerConnected -> !QueuedMailSent),False
BASIC,7,"When a connection is made to the SMTP server, all queued (Before QueuedMailSent, SMTPServerConnected)",F QueuedMailSent -> (!QueuedMailSent U SMTPServerConnected),G(SMTPServerConnected -> !QueuedMailSent),False
BASIC,7,"When a connection is made to the SMTP server, all queued (Before QueuedMailSent, SMTPServerConnected)",F QueuedMailSent -> (!QueuedMailSent U SMTPServerConnected),G(SMTPServerConnected -> !QueuedMailSent),False
BASIC,7,"When a connection is made to the SMTP server, all queued (Before QueuedMailSent, SMTPServerConnected)",F QueuedMailSent -> (!QueuedMailSent U SMTPServerConnected),G(SMTPServerConnected -> !QueuedMailSent),False
BASIC,7,"When a connection is made to the SMTP server, all queued (Before QueuedMailSent, SMTPServerConnected)",F QueuedMailSent -> (!QueuedMailSent U SMTPServerConnected),G(SMTPServerConnected -> !QueuedMailSent),False
BASIC,7,"When a connection is made to the SMTP server, all queued (Before QueuedMailSent, SMTPServerConnected)",F QueuedMailSent -> (!QueuedMailSent U SMTPServerConnected),G(SMTPServerConnected -> !QueuedMailSent),False
BASIC,7,"When a connection is made to the SMTP server, all queued (Before QueuedMailSent, SMTPServerConnected)",F QueuedMailSent -> (!QueuedMailSent U SMTPServerConnected),G(SMTPServerConnected -> !QueuedMailSent),False
BASIC,7,"When a connection is made to the SMTP server, all queued (Before QueuedMailSent, SMTPServerConnected)",F QueuedMailSent -> (!QueuedMailSent U SMTPServerConnected),G(SMTPServerConnected -> !QueuedMailSent),False
BASIC,7,"When a connection is made to the SMTP server, all queued (Before QueuedMailSent, SMTPServerConnected)",F QueuedMailSent -> (!QueuedMailSent U SMTPServerConnected),G(SMTPServerConnected -> !QueuedMailSent),False
BASIC,7,"When a connection is made to the SMTP server, all queued (Before QueuedMailSent, SMTPServerConnected)",F QueuedMailSent -> (!QueuedMailSent U SMTPServerConnected),G(SMTPServerConnected -> !QueuedMailSent),False
BASIC,7,"When a connection is made to the SMTP server, all queued (Before QueuedMailSent, SMTPServerConnected)",F QueuedMailSent -> (!QueuedMailSent U SMTPServerConnected),G(SMTPServerConnected -> !QueuedMailSent),False
BASIC,7,"When a connection is made to the SMTP server, all queued (Before QueuedMailSent, SMTPServerConnected)",F QueuedMailSent -> (!QueuedMailSent U SMTPServerConnected),G(SMTPServerConnected -> !QueuedMailSent),False
BASIC,9,When a message has been created and the user is finished editing (After MessageReady MessageinOutbox will exist.),G (!MessageReady) | F (MessageReady & F MessageinOutbox),G((MessageReady & !MessageinOutbox) -> F MessageinOutbox),False
BASIC,9,When a message has been created and the user is finished editing (After MessageReady MessageinOutbox will exist.),G (!MessageReady) | F (MessageReady & F MessageinOutbox),G((MessageReady & !MessageinOutbox) -> F MessageinOutbox),False
BASIC,9,When a message has been created and the user is finished editing (After MessageReady MessageinOutbox will exist.),G (!MessageReady) | F (MessageReady & F MessageinOutbox),G((MessageReady & !MessageinOutbox) -> F MessageinOutbox),False
BASIC,9,When a message has been created and the user is finished editing (After MessageReady MessageinOutbox will exist.),G (!MessageReady) | F (MessageReady & F MessageinOutbox),G((MessageReady & !MessageinOutbox) -> F MessageinOutbox),False
BASIC,9,When a message has been created and the user is finished editing (After MessageReady MessageinOutbox will exist.),G (!MessageReady) | F (MessageReady & F MessageinOutbox),G((MessageReady & !MessageinOutbox) -> F MessageinOutbox),False
BASIC,9,When a message has been created and the user is finished editing (After MessageReady MessageinOutbox will exist.),G (!MessageReady) | F (MessageReady & F MessageinOutbox),G((MessageReady & !MessageinOutbox) -> F MessageinOutbox),False
BASIC,9,When a message has been created and the user is finished editing (After MessageReady MessageinOutbox will exist.),G (!MessageReady) | F (MessageReady & F MessageinOutbox),G((MessageReady & !MessageinOutbox) -> F MessageinOutbox),False
BASIC,9,When a message has been created and the user is finished editing (After MessageReady MessageinOutbox will exist.),G (!MessageReady) | F (MessageReady & F MessageinOutbox),G((MessageReady & !MessageinOutbox) -> F MessageinOutbox),False
BASIC,9,When a message has been created and the user is finished editing (After MessageReady MessageinOutbox will exist.),G (!MessageReady) | F (MessageReady & F MessageinOutbox),G((MessageReady & !MessageinOutbox) -> F MessageinOutbox),False
BASIC,9,When a message has been created and the user is finished editing (After MessageReady MessageinOutbox will exist.),G (!MessageReady) | F (MessageReady & F MessageinOutbox),G((MessageReady & !MessageinOutbox) -> F MessageinOutbox),False
BASIC,9,When a message has been created and the user is finished editing (After MessageReady MessageinOutbox will exist.),G (!MessageReady) | F (MessageReady & F MessageinOutbox),G((MessageReady & !MessageinOutbox) -> F MessageinOutbox),False
BASIC,9,When a message has been created and the user is finished editing (After MessageReady MessageinOutbox will exist.),G (!MessageReady) | F (MessageReady & F MessageinOutbox),G((MessageReady & !MessageinOutbox) -> F MessageinOutbox),False
BASIC,9,When a message has been created and the user is finished editing (After MessageReady MessageinOutbox will exist.),G (!MessageReady) | F (MessageReady & F MessageinOutbox),G((MessageReady & !MessageinOutbox) -> F MessageinOutbox),False
BASIC,9,When a message has been created and the user is finished editing (After MessageReady MessageinOutbox will exist.),G (!MessageReady) | F (MessageReady & F MessageinOutbox),G((MessageReady & !MessageinOutbox) -> F MessageinOutbox),False
BASIC,9,When a message has been created and the user is finished editing (After MessageReady MessageinOutbox will exist.),G (!MessageReady) | F (MessageReady & F MessageinOutbox),G((MessageReady & !MessageinOutbox) -> F MessageinOutbox),False
BASIC,9,When a message has been created and the user is finished editing (After MessageReady MessageinOutbox will exist.),G (!MessageReady) | F (MessageReady & F MessageinOutbox),G((MessageReady & !MessageinOutbox) -> F MessageinOutbox),False
BASIC,9,When a message has been created and the user is finished editing (After MessageReady MessageinOutbox will exist.),G (!MessageReady) | F (MessageReady & F MessageinOutbox),G((MessageReady & !MessageinOutbox) -> F MessageinOutbox),False
BASIC,9,When a message has been created and the user is finished editing (After MessageReady MessageinOutbox will exist.),G (!MessageReady) | F (MessageReady & F MessageinOutbox),G((MessageReady & !MessageinOutbox) -> F MessageinOutbox),False
BASIC,9,When a message has been created and the user is finished editing (After MessageReady MessageinOutbox will exist.),G (!MessageReady) | F (MessageReady & F MessageinOutbox),G((MessageReady & !MessageinOutbox) -> F MessageinOutbox),False
BASIC,9,When a message has been created and the user is finished editing (After MessageReady MessageinOutbox will exist.),G (!MessageReady) | F (MessageReady & F MessageinOutbox),G((MessageReady & !MessageinOutbox) -> F MessageinOutbox),False
BASIC,9,When a message has been created and the user is finished editing (After MessageReady MessageinOutbox will exist.),G (!MessageReady) | F (MessageReady & F MessageinOutbox),G((MessageReady & !MessageinOutbox) -> F MessageinOutbox),False
BASIC,9,When a message has been created and the user is finished editing (After MessageReady MessageinOutbox will exist.),G (!MessageReady) | F (MessageReady & F MessageinOutbox),G((MessageReady & !MessageinOutbox) -> F MessageinOutbox),False
BASIC,9,When a message has been created and the user is finished editing (After MessageReady MessageinOutbox will exist.),G (!MessageReady) | F (MessageReady & F MessageinOutbox),G((MessageReady & !MessageinOutbox) -> F MessageinOutbox),False
BASIC,9,When a message has been created and the user is finished editing (After MessageReady MessageinOutbox will exist.),G (!MessageReady) | F (MessageReady & F MessageinOutbox),G((MessageReady & !MessageinOutbox) -> F MessageinOutbox),False
BASIC,9,When a message has been created and the user is finished editing (After MessageReady MessageinOutbox will exist.),G (!MessageReady) | F (MessageReady & F MessageinOutbox),G((MessageReady & !MessageinOutbox) -> F MessageinOutbox),False
BASIC,9,When a message has been created and the user is finished editing (After MessageReady MessageinOutbox will exist.),G (!MessageReady) | F (MessageReady & F MessageinOutbox),G((MessageReady & !MessageinOutbox) -> F MessageinOutbox),False
BASIC,9,When a message has been created and the user is finished editing (After MessageReady MessageinOutbox will exist.),G (!MessageReady) | F (MessageReady & F MessageinOutbox),G((MessageReady & !MessageinOutbox) -> F MessageinOutbox),False
BASIC,9,When a message has been created and the user is finished editing (After MessageReady MessageinOutbox will exist.),G (!MessageReady) | F (MessageReady & F MessageinOutbox),G((MessageReady & !MessageinOutbox) -> F MessageinOutbox),False
BASIC,9,When a message has been created and the user is finished editing (After MessageReady MessageinOutbox will exist.),G (!MessageReady) | F (MessageReady & F MessageinOutbox),G((MessageReady & !MessageinOutbox) -> F MessageinOutbox),False
BASIC,9,When a message has been created and the user is finished editing (After MessageReady MessageinOutbox will exist.),G (!MessageReady) | F (MessageReady & F MessageinOutbox),G((MessageReady & !MessageinOutbox) -> F MessageinOutbox),False
BASIC,9,When a message has been created and the user is finished editing (After MessageReady MessageinOutbox will exist.),G (!MessageReady) | F (MessageReady & F MessageinOutbox),G((MessageReady & !MessageinOutbox) -> F MessageinOutbox),False
BASIC,9,When a message has been created and the user is finished editing (After MessageReady MessageinOutbox will exist.),G (!MessageReady) | F (MessageReady & F MessageinOutbox),G((MessageReady & !MessageinOutbox) -> F MessageinOutbox),False
BASIC,9,When a message has been created and the user is finished editing (After MessageReady MessageinOutbox will exist.),G (!MessageReady) | F (MessageReady & F MessageinOutbox),G((MessageReady & !MessageinOutbox) -> F MessageinOutbox),False
BASIC,9,When a message has been created and the user is finished editing (After MessageReady MessageinOutbox will exist.),G (!MessageReady) | F (MessageReady & F MessageinOutbox),G((MessageReady & !MessageinOutbox) -> F MessageinOutbox),False
BASIC,9,When a message has been created and the user is finished editing (After MessageReady MessageinOutbox will exist.),G (!MessageReady) | F (MessageReady & F MessageinOutbox),G((MessageReady & !MessageinOutbox) -> F MessageinOutbox),False
BASIC,9,When a message has been created and the user is finished editing (After MessageReady MessageinOutbox will exist.),G (!MessageReady) | F (MessageReady & F MessageinOutbox),G((MessageReady & !MessageinOutbox) -> F MessageinOutbox),False
BASIC,9,When a message has been created and the user is finished editing (After MessageReady MessageinOutbox will exist.),G (!MessageReady) | F (MessageReady & F MessageinOutbox),G((MessageReady & !MessageinOutbox) -> F MessageinOutbox),False
BASIC,9,When a message has been created and the user is finished editing (After MessageReady MessageinOutbox will exist.),G (!MessageReady) | F (MessageReady & F MessageinOutbox),G((MessageReady & !MessageinOutbox) -> F MessageinOutbox),False
BASIC,9,When a message has been created and the user is finished editing (After MessageReady MessageinOutbox will exist.),G (!MessageReady) | F (MessageReady & F MessageinOutbox),G((MessageReady & !MessageinOutbox) -> F MessageinOutbox),False
BASIC,9,When a message has been created and the user is finished editing (After MessageReady MessageinOutbox will exist.),G (!MessageReady) | F (MessageReady & F MessageinOutbox),G((MessageReady & !MessageinOutbox) -> F MessageinOutbox),False
BASIC,9,When a message has been created and the user is finished editing (After MessageReady MessageinOutbox will exist.),G (!MessageReady) | F (MessageReady & F MessageinOutbox),G((MessageReady & !MessageinOutbox) -> F MessageinOutbox),False
BASIC,9,When a message has been created and the user is finished editing (After MessageReady MessageinOutbox will exist.),G (!MessageReady) | F (MessageReady & F MessageinOutbox),G((MessageReady & !MessageinOutbox) -> F MessageinOutbox),False
BASIC,9,When a message has been created and the user is finished editing (After MessageReady MessageinOutbox will exist.),G (!MessageReady) | F (MessageReady & F MessageinOutbox),G((MessageReady & !MessageinOutbox) -> F MessageinOutbox),False
BASIC,9,When a message has been created and the user is finished editing (After MessageReady MessageinOutbox will exist.),G (!MessageReady) | F (MessageReady & F MessageinOutbox),G((MessageReady & !MessageinOutbox) -> F MessageinOutbox),False
BASIC,9,When a message has been created and the user is finished editing (After MessageReady MessageinOutbox will exist.),G (!MessageReady) | F (MessageReady & F MessageinOutbox),G((MessageReady & MessageinOutbox) -> F MessageinOutbox),False
BASIC,9,When a message has been created and the user is finished editing (After MessageReady MessageinOutbox will exist.),G (!MessageReady) | F (MessageReady & F MessageinOutbox),G((MessageReady & !MessageinOutbox) -> F MessageinOutbox),False
BASIC,9,When a message has been created and the user is finished editing (After MessageReady MessageinOutbox will exist.),G (!MessageReady) | F (MessageReady & F MessageinOutbox),G((MessageReady & !MessageinOutbox) -> F MessageinOutbox),False
BASIC,9,When a message has been created and the user is finished editing (After MessageReady MessageinOutbox will exist.),G (!MessageReady) | F (MessageReady & F MessageinOutbox),G((MessageReady & !MessageinOutbox) -> F MessageinOutbox),False
BASIC,9,When a message has been created and the user is finished editing (After MessageReady MessageinOutbox will exist.),G (!MessageReady) | F (MessageReady & F MessageinOutbox),G((MessageReady & !MessageinOutbox) -> F MessageinOutbox),False
BASIC,9,When a message has been created and the user is finished editing (After MessageReady MessageinOutbox will exist.),G (!MessageReady) | F (MessageReady & F MessageinOutbox),G((MessageReady & !MessageinOutbox) -> F MessageinOutbox),False
BASIC,9,When a message has been created and the user is finished editing (After MessageReady MessageinOutbox will exist.),G (!MessageReady) | F (MessageReady & F MessageinOutbox),G((MessageReady & !MessageinOutbox) -> F MessageinOutbox),False
BASIC,9,When a message has been created and the user is finished editing (After MessageReady MessageinOutbox will exist.),G (!MessageReady) | F (MessageReady & F MessageinOutbox),G((MessageReady & !MessageinOutbox) -> F MessageinOutbox),False
BASIC,9,When a message has been created and the user is finished editing (After MessageReady MessageinOutbox will exist.),G (!MessageReady) | F (MessageReady & F MessageinOutbox),G((MessageReady & !MessageinOutbox) -> F MessageinOutbox),False
BASIC,9,When a message has been created and the user is finished editing (After MessageReady MessageinOutbox will exist.),G (!MessageReady) | F (MessageReady & F MessageinOutbox),G((MessageReady & !MessageinOutbox) -> F MessageinOutbox),False
BASIC,9,When a message has been created and the user is finished editing (After MessageReady MessageinOutbox will exist.),G (!MessageReady) | F (MessageReady & F MessageinOutbox),G((MessageReady & !MessageinOutbox) -> F MessageinOutbox),False
BASIC,9,When a message has been created and the user is finished editing (After MessageReady MessageinOutbox will exist.),G (!MessageReady) | F (MessageReady & F MessageinOutbox),G((MessageReady & !MessageinOutbox) -> F MessageinOutbox),False
BASIC,9,When a message has been created and the user is finished editing (After MessageReady MessageinOutbox will exist.),G (!MessageReady) | F (MessageReady & F MessageinOutbox),G((MessageReady & MessageinOutbox) -> F MessageinOutbox),False
BASIC,9,When a message has been created and the user is finished editing (After MessageReady MessageinOutbox will exist.),G (!MessageReady) | F (MessageReady & F MessageinOutbox),G((MessageReady & !MessageinOutbox) -> F MessageinOutbox),False
BASIC,9,When a message has been created and the user is finished editing (After MessageReady MessageinOutbox will exist.),G (!MessageReady) | F (MessageReady & F MessageinOutbox),G((MessageReady & MessageinOutbox) -> F MessageinOutbox),False
BASIC,9,When a message has been created and the user is finished editing (After MessageReady MessageinOutbox will exist.),G (!MessageReady) | F (MessageReady & F MessageinOutbox),G((MessageReady & !MessageinOutbox) -> F MessageinOutbox),False
BASIC,9,When a message has been created and the user is finished editing (After MessageReady MessageinOutbox will exist.),G (!MessageReady) | F (MessageReady & F MessageinOutbox),G((MessageReady & !MessageinOutbox) -> F MessageinOutbox),False
BASIC,9,When a message has been created and the user is finished editing (After MessageReady MessageinOutbox will exist.),G (!MessageReady) | F (MessageReady & F MessageinOutbox),G((MessageReady & !MessageinOutbox) -> F MessageinOutbox),False
BASIC,9,When a message has been created and the user is finished editing (After MessageReady MessageinOutbox will exist.),G (!MessageReady) | F (MessageReady & F MessageinOutbox),G((MessageReady & !MessageinOutbox) -> F MessageinOutbox),False
BASIC,9,When a message has been created and the user is finished editing (After MessageReady MessageinOutbox will exist.),G (!MessageReady) | F (MessageReady & F MessageinOutbox),G((MessageReady & !MessageinOutbox) -> F MessageinOutbox),False
BASIC,9,When a message has been created and the user is finished editing (After MessageReady MessageinOutbox will exist.),G (!MessageReady) | F (MessageReady & F MessageinOutbox),G((MessageReady & !MessageinOutbox) -> F MessageinOutbox),False
BASIC,9,When a message has been created and the user is finished editing (After MessageReady MessageinOutbox will exist.),G (!MessageReady) | F (MessageReady & F MessageinOutbox),G((MessageReady & !MessageinOutbox) -> F MessageinOutbox),False
BASIC,9,When a message has been created and the user is finished editing (After MessageReady MessageinOutbox will exist.),G (!MessageReady) | F (MessageReady & F MessageinOutbox),G((MessageReady & !MessageinOutbox) -> F MessageinOutbox),False
BASIC,9,When a message has been created and the user is finished editing (After MessageReady MessageinOutbox will exist.),G (!MessageReady) | F (MessageReady & F MessageinOutbox),G((MessageReady & !MessageinOutbox) -> F MessageinOutbox),False
BASIC,9,When a message has been created and the user is finished editing (After MessageReady MessageinOutbox will exist.),G (!MessageReady) | F (MessageReady & F MessageinOutbox),G((MessageReady & !MessageinOutbox) -> F MessageinOutbox),False
BASIC,9,When a message has been created and the user is finished editing (After MessageReady MessageinOutbox will exist.),G (!MessageReady) | F (MessageReady & F MessageinOutbox),G((MessageReady & !MessageinOutbox) -> F MessageinOutbox),False
BASIC,9,When a message has been created and the user is finished editing (After MessageReady MessageinOutbox will exist.),G (!MessageReady) | F (MessageReady & F MessageinOutbox),G((MessageReady & !MessageinOutbox) -> F MessageinOutbox),False
BASIC,9,When a message has been created and the user is finished editing (After MessageReady MessageinOutbox will exist.),G (!MessageReady) | F (MessageReady & F MessageinOutbox),G((MessageReady & !MessageinOutbox) -> F MessageinOutbox),False
BASIC,9,When a message has been created and the user is finished editing (After MessageReady MessageinOutbox will exist.),G (!MessageReady) | F (MessageReady & F MessageinOutbox),G((MessageReady & !MessageinOutbox) -> F MessageinOutbox),False
BASIC,9,When a message has been created and the user is finished editing (After MessageReady MessageinOutbox will exist.),G (!MessageReady) | F (MessageReady & F MessageinOutbox),G((MessageReady & !MessageinOutbox) -> F MessageinOutbox),False
BASIC,9,When a message has been created and the user is finished editing (After MessageReady MessageinOutbox will exist.),G (!MessageReady) | F (MessageReady & F MessageinOutbox),G((MessageReady & !MessageinOutbox) -> F MessageinOutbox),False
BASIC,9,When a message has been created and the user is finished editing (After MessageReady MessageinOutbox will exist.),G (!MessageReady) | F (MessageReady & F MessageinOutbox),G((MessageReady & !MessageinOutbox) -> F MessageinOutbox),False
BASIC,9,When a message has been created and the user is finished editing (After MessageReady MessageinOutbox will exist.),G (!MessageReady) | F (MessageReady & F MessageinOutbox),G((MessageReady & !MessageinOutbox) -> F MessageinOutbox),False
BASIC,9,When a message has been created and the user is finished editing (After MessageReady MessageinOutbox will exist.),G (!MessageReady) | F (MessageReady & F MessageinOutbox),G((MessageReady & !MessageinOutbox) -> F MessageinOutbox),False
BASIC,9,When a message has been created and the user is finished editing (After MessageReady MessageinOutbox will exist.),G (!MessageReady) | F (MessageReady & F MessageinOutbox),G((MessageReady & !MessageinOutbox) -> F MessageinOutbox),False
BASIC,9,When a message has been created and the user is finished editing (After MessageReady MessageinOutbox will exist.),G (!MessageReady) | F (MessageReady & F MessageinOutbox),G((MessageReady & !MessageinOutbox) -> F MessageinOutbox),False
BASIC,9,When a message has been created and the user is finished editing (After MessageReady MessageinOutbox will exist.),G (!MessageReady) | F (MessageReady & F MessageinOutbox),G((MessageReady & !MessageinOutbox) -> F MessageinOutbox),False
BASIC,9,When a message has been created and the user is finished editing (After MessageReady MessageinOutbox will exist.),G (!MessageReady) | F (MessageReady & F MessageinOutbox),G((MessageReady & !MessageinOutbox) -> F MessageinOutbox),False
BASIC,9,When a message has been created and the user is finished editing (After MessageReady MessageinOutbox will exist.),G (!MessageReady) | F (MessageReady & F MessageinOutbox),G((MessageReady & !MessageinOutbox) -> F MessageinOutbox),False
BASIC,9,When a message has been created and the user is finished editing (After MessageReady MessageinOutbox will exist.),G (!MessageReady) | F (MessageReady & F MessageinOutbox),G((MessageReady & !MessageinOutbox) -> F MessageinOutbox),False
BASIC,9,When a message has been created and the user is finished editing (After MessageReady MessageinOutbox will exist.),G (!MessageReady) | F (MessageReady & F MessageinOutbox),G((MessageReady & !MessageinOutbox) -> F MessageinOutbox),False
BASIC,9,When a message has been created and the user is finished editing (After MessageReady MessageinOutbox will exist.),G (!MessageReady) | F (MessageReady & F MessageinOutbox),G((MessageReady & !MessageinOutbox) -> F MessageinOutbox),False
BASIC,9,When a message has been created and the user is finished editing (After MessageReady MessageinOutbox will exist.),G (!MessageReady) | F (MessageReady & F MessageinOutbox),G((MessageReady & !MessageinOutbox) -> F MessageinOutbox),False
BASIC,9,When a message has been created and the user is finished editing (After MessageReady MessageinOutbox will exist.),G (!MessageReady) | F (MessageReady & F MessageinOutbox),G((MessageReady & !MessageinOutbox) -> F MessageinOutbox),False
BASIC,9,When a message has been created and the user is finished editing (After MessageReady MessageinOutbox will exist.),G (!MessageReady) | F (MessageReady & F MessageinOutbox),G((MessageReady & !MessageinOutbox) -> F MessageinOutbox),False
BASIC,9,When a message has been created and the user is finished editing (After MessageReady MessageinOutbox will exist.),G (!MessageReady) | F (MessageReady & F MessageinOutbox),G((MessageReady & !MessageinOutbox) -> F MessageinOutbox),False
BASIC,9,When a message has been created and the user is finished editing (After MessageReady MessageinOutbox will exist.),G (!MessageReady) | F (MessageReady & F MessageinOutbox),G((MessageReady & !MessageinOutbox) -> F MessageinOutbox),False
BASIC,9,When a message has been created and the user is finished editing (After MessageReady MessageinOutbox will exist.),G (!MessageReady) | F (MessageReady & F MessageinOutbox),G((MessageReady & !MessageinOutbox) -> F MessageinOutbox),False
BASIC,9,When a message has been created and the user is finished editing (After MessageReady MessageinOutbox will exist.),G (!MessageReady) | F (MessageReady & F MessageinOutbox),G((MessageReady & !MessageinOutbox) -> F MessageinOutbox),False
BASIC,9,When a message has been created and the user is finished editing (After MessageReady MessageinOutbox will exist.),G (!MessageReady) | F (MessageReady & F MessageinOutbox),G((MessageReady & !MessageinOutbox) -> F MessageinOutbox),False
BASIC,9,When a message has been created and the user is finished editing (After MessageReady MessageinOutbox will exist.),G (!MessageReady) | F (MessageReady & F MessageinOutbox),G((MessageReady & !MessageinOutbox) -> F MessageinOutbox),False
BASIC,9,When a message has been created and the user is finished editing (After MessageReady MessageinOutbox will exist.),G (!MessageReady) | F (MessageReady & F MessageinOutbox),G((MessageReady & !MessageinOutbox) -> F MessageinOutbox),False
BASIC,9,When a message has been created and the user is finished editing (After MessageReady MessageinOutbox will exist.),G (!MessageReady) | F (MessageReady & F MessageinOutbox),G((MessageReady & !MessageinOutbox) -> F MessageinOutbox),False
BASIC,9,When a message has been created and the user is finished editing (After MessageReady MessageinOutbox will exist.),G (!MessageReady) | F (MessageReady & F MessageinOutbox),G((MessageReady & !MessageinOutbox) -> F MessageinOutbox),False
BASIC,9,When a message has been created and the user is finished editing (After MessageReady MessageinOutbox will exist.),G (!MessageReady) | F (MessageReady & F MessageinOutbox),G((MessageReady & !MessageinOutbox) -> F MessageinOutbox),False
BASIC,9,When a message has been created and the user is finished editing (After MessageReady MessageinOutbox will exist.),G (!MessageReady) | F (MessageReady & F MessageinOutbox),G((MessageReady & !MessageinOutbox) -> F MessageinOutbox),False
BASIC,11,A popup box that requires a response from the user will remain (ErrorPopup must be followed by ResponsetoPopup before more action.),G (Error -> G (ErrorPopup -> F ResponsetoPopup)),G(ErrorPopup -> (ErrorPopup U ResponsetoPopup)),False
BASIC,11,A popup box that requires a response from the user will remain (ErrorPopup must be followed by ResponsetoPopup before more action.),G (Error -> G (ErrorPopup -> F ResponsetoPopup)),G(ErrorPopup -> (ErrorPopup U ResponsetoPopup)),False
BASIC,11,A popup box that requires a response from the user will remain (ErrorPopup must be followed by ResponsetoPopup before more action.),G (Error -> G (ErrorPopup -> F ResponsetoPopup)),G(ErrorPopup -> (ErrorPopup U ResponsetoPopup)),False
BASIC,11,A popup box that requires a response from the user will remain (ErrorPopup must be followed by ResponsetoPopup before more action.),G (Error -> G (ErrorPopup -> F ResponsetoPopup)),G(ErrorPopup -> (ErrorPopup U ResponsetoPopup)),False
BASIC,11,A popup box that requires a response from the user will remain (ErrorPopup must be followed by ResponsetoPopup before more action.),G (Error -> G (ErrorPopup -> F ResponsetoPopup)),G(ErrorPopup -> (ErrorPopup U ResponsetoPopup)),False
BASIC,11,A popup box that requires a response from the user will remain (ErrorPopup must be followed by ResponsetoPopup before more action.),G (Error -> G (ErrorPopup -> F ResponsetoPopup)),G(ErrorPopup -> (ErrorPopup U ResponsetoPopup)),False
BASIC,11,A popup box that requires a response from the user will remain (ErrorPopup must be followed by ResponsetoPopup before more action.),G (Error -> G (ErrorPopup -> F ResponsetoPopup)),G(ErrorPopup -> (ErrorPopup U ResponsetoPopup)),False
BASIC,11,A popup box that requires a response from the user will remain (ErrorPopup must be followed by ResponsetoPopup before more action.),G (Error -> G (ErrorPopup -> F ResponsetoPopup)),G(ErrorPopup -> (!ErrorPopup U ResponsetoPopup)),False
BASIC,11,A popup box that requires a response from the user will remain (ErrorPopup must be followed by ResponsetoPopup before more action.),G (Error -> G (ErrorPopup -> F ResponsetoPopup)),G(ErrorPopup -> (ErrorPopup U ResponsetoPopup)),False
BASIC,11,A popup box that requires a response from the user will remain (ErrorPopup must be followed by ResponsetoPopup before more action.),G (Error -> G (ErrorPopup -> F ResponsetoPopup)),G(ErrorPopup -> (ErrorPopup U ResponsetoPopup)),False
BASIC,11,A popup box that requires a response from the user will remain (ErrorPopup must be followed by ResponsetoPopup before more action.),G (Error -> G (ErrorPopup -> F ResponsetoPopup)),G(ErrorPopup -> (ErrorPopup U ResponsetoPopup)),False
BASIC,11,A popup box that requires a response from the user will remain (ErrorPopup must be followed by ResponsetoPopup before more action.),G (Error -> G (ErrorPopup -> F ResponsetoPopup)),G(ErrorPopup -> (ErrorPopup U ResponsetoPopup)),False
BASIC,11,A popup box that requires a response from the user will remain (ErrorPopup must be followed by ResponsetoPopup before more action.),G (Error -> G (ErrorPopup -> F ResponsetoPopup)),G(ErrorPopup -> (ErrorPopup U ResponsetoPopup)),False
BASIC,11,A popup box that requires a response from the user will remain (ErrorPopup must be followed by ResponsetoPopup before more action.),G (Error -> G (ErrorPopup -> F ResponsetoPopup)),G(ErrorPopup -> (ErrorPopup U ResponsetoPopup)),False
BASIC,11,A popup box that requires a response from the user will remain (ErrorPopup must be followed by ResponsetoPopup before more action.),G (Error -> G (ErrorPopup -> F ResponsetoPopup)),G(ErrorPopup -> (ErrorPopup U ResponsetoPopup)),False
BASIC,11,A popup box that requires a response from the user will remain (ErrorPopup must be followed by ResponsetoPopup before more action.),G (Error -> G (ErrorPopup -> F ResponsetoPopup)),G(ErrorPopup -> (ErrorPopup U ResponsetoPopup)),False
BASIC,11,A popup box that requires a response from the user will remain (ErrorPopup must be followed by ResponsetoPopup before more action.),G (Error -> G (ErrorPopup -> F ResponsetoPopup)),G(ErrorPopup -> (ErrorPopup U ResponsetoPopup)),False
BASIC,11,A popup box that requires a response from the user will remain (ErrorPopup must be followed by ResponsetoPopup before more action.),G (Error -> G (ErrorPopup -> F ResponsetoPopup)),G(ErrorPopup -> (ErrorPopup U ResponsetoPopup)),False
BASIC,11,A popup box that requires a response from the user will remain (ErrorPopup must be followed by ResponsetoPopup before more action.),G (Error -> G (ErrorPopup -> F ResponsetoPopup)),G(ErrorPopup -> (ErrorPopup U ResponsetoPopup)),False
BASIC,11,A popup box that requires a response from the user will remain (ErrorPopup must be followed by ResponsetoPopup before more action.),G (Error -> G (ErrorPopup -> F ResponsetoPopup)),G(ErrorPopup -> (ErrorPopup U ResponsetoPopup)),False
BASIC,11,A popup box that requires a response from the user will remain (ErrorPopup must be followed by ResponsetoPopup before more action.),G (Error -> G (ErrorPopup -> F ResponsetoPopup)),G(ErrorPopup -> (ErrorPopup U ResponsetoPopup)),False
BASIC,11,A popup box that requires a response from the user will remain (ErrorPopup must be followed by ResponsetoPopup before more action.),G (Error -> G (ErrorPopup -> F ResponsetoPopup)),G(ErrorPopup -> (ErrorPopup U ResponsetoPopup)),False
BASIC,11,A popup box that requires a response from the user will remain (ErrorPopup must be followed by ResponsetoPopup before more action.),G (Error -> G (ErrorPopup -> F ResponsetoPopup)),G(ErrorPopup -> (ErrorPopup U ResponsetoPopup)),False
BASIC,11,A popup box that requires a response from the user will remain (ErrorPopup must be followed by ResponsetoPopup before more action.),G (Error -> G (ErrorPopup -> F ResponsetoPopup)),G(ErrorPopup -> (ErrorPopup U ResponsetoPopup)),False
BASIC,11,A popup box that requires a response from the user will remain (ErrorPopup must be followed by ResponsetoPopup before more action.),G (Error -> G (ErrorPopup -> F ResponsetoPopup)),G(ErrorPopup -> (ErrorPopup U ResponsetoPopup)),False
BASIC,11,A popup box that requires a response from the user will remain (ErrorPopup must be followed by ResponsetoPopup before more action.),G (Error -> G (ErrorPopup -> F ResponsetoPopup)),G(ErrorPopup -> (ErrorPopup U ResponsetoPopup)),False
BASIC,11,A popup box that requires a response from the user will remain (ErrorPopup must be followed by ResponsetoPopup before more action.),G (Error -> G (ErrorPopup -> F ResponsetoPopup)),G(ErrorPopup -> (ErrorPopup U ResponsetoPopup)),False
BASIC,11,A popup box that requires a response from the user will remain (ErrorPopup must be followed by ResponsetoPopup before more action.),G (Error -> G (ErrorPopup -> F ResponsetoPopup)),G(ErrorPopup -> (ErrorPopup U ResponsetoPopup)),False
BASIC,11,A popup box that requires a response from the user will remain (ErrorPopup must be followed by ResponsetoPopup before more action.),G (Error -> G (ErrorPopup -> F ResponsetoPopup)),G(ErrorPopup -> (!ErrorPopup U ResponsetoPopup)),False
BASIC,11,A popup box that requires a response from the user will remain (ErrorPopup must be followed by ResponsetoPopup before more action.),G (Error -> G (ErrorPopup -> F ResponsetoPopup)),G(ErrorPopup -> (ErrorPopup U ResponsetoPopup)),False
BASIC,11,A popup box that requires a response from the user will remain (ErrorPopup must be followed by ResponsetoPopup before more action.),G (Error -> G (ErrorPopup -> F ResponsetoPopup)),G(ErrorPopup -> (ErrorPopup U ResponsetoPopup)),False
BASIC,11,A popup box that requires a response from the user will remain (ErrorPopup must be followed by ResponsetoPopup before more action.),G (Error -> G (ErrorPopup -> F ResponsetoPopup)),G(ErrorPopup -> (ErrorPopup U ResponsetoPopup)),False
BASIC,11,A popup box that requires a response from the user will remain (ErrorPopup must be followed by ResponsetoPopup before more action.),G (Error -> G (ErrorPopup -> F ResponsetoPopup)),G(ErrorPopup -> (ErrorPopup U ResponsetoPopup)),False
BASIC,11,A popup box that requires a response from the user will remain (ErrorPopup must be followed by ResponsetoPopup before more action.),G (Error -> G (ErrorPopup -> F ResponsetoPopup)),G(ErrorPopup -> (ErrorPopup U ResponsetoPopup)),False
BASIC,11,A popup box that requires a response from the user will remain (ErrorPopup must be followed by ResponsetoPopup before more action.),G (Error -> G (ErrorPopup -> F ResponsetoPopup)),G(ErrorPopup -> (ErrorPopup U ResponsetoPopup)),False
BASIC,11,A popup box that requires a response from the user will remain (ErrorPopup must be followed by ResponsetoPopup before more action.),G (Error -> G (ErrorPopup -> F ResponsetoPopup)),G(ErrorPopup -> (!ErrorPopup U ResponsetoPopup)),False
BASIC,11,A popup box that requires a response from the user will remain (ErrorPopup must be followed by ResponsetoPopup before more action.),G (Error -> G (ErrorPopup -> F ResponsetoPopup)),G(ErrorPopup -> (ErrorPopup U ResponsetoPopup)),False
BASIC,11,A popup box that requires a response from the user will remain (ErrorPopup must be followed by ResponsetoPopup before more action.),G (Error -> G (ErrorPopup -> F ResponsetoPopup)),G(ErrorPopup -> (ErrorPopup U ResponsetoPopup)),False
BASIC,11,A popup box that requires a response from the user will remain (ErrorPopup must be followed by ResponsetoPopup before more action.),G (Error -> G (ErrorPopup -> F ResponsetoPopup)),G(ErrorPopup -> (ErrorPopup U ResponsetoPopup)),False
BASIC,11,A popup box that requires a response from the user will remain (ErrorPopup must be followed by ResponsetoPopup before more action.),G (Error -> G (ErrorPopup -> F ResponsetoPopup)),G(ErrorPopup -> (!ErrorPopup U ResponsetoPopup)),False
BASIC,11,A popup box that requires a response from the user will remain (ErrorPopup must be followed by ResponsetoPopup before more action.),G (Error -> G (ErrorPopup -> F ResponsetoPopup)),G(ErrorPopup -> (ErrorPopup U ResponsetoPopup)),False
BASIC,11,A popup box that requires a response from the user will remain (ErrorPopup must be followed by ResponsetoPopup before more action.),G (Error -> G (ErrorPopup -> F ResponsetoPopup)),G(ErrorPopup -> (!ErrorPopup U ResponsetoPopup)),False
BASIC,11,A popup box that requires a response from the user will remain (ErrorPopup must be followed by ResponsetoPopup before more action.),G (Error -> G (ErrorPopup -> F ResponsetoPopup)),G(ErrorPopup -> (ErrorPopup U ResponsetoPopup)),False
BASIC,11,A popup box that requires a response from the user will remain (ErrorPopup must be followed by ResponsetoPopup before more action.),G (Error -> G (ErrorPopup -> F ResponsetoPopup)),G(ErrorPopup -> (ErrorPopup U ResponsetoPopup)),False
BASIC,11,A popup box that requires a response from the user will remain (ErrorPopup must be followed by ResponsetoPopup before more action.),G (Error -> G (ErrorPopup -> F ResponsetoPopup)),G(ErrorPopup -> (ErrorPopup U ResponsetoPopup)),False
BASIC,11,A popup box that requires a response from the user will remain (ErrorPopup must be followed by ResponsetoPopup before more action.),G (Error -> G (ErrorPopup -> F ResponsetoPopup)),G(ErrorPopup -> (ErrorPopup U ResponsetoPopup)),False
BASIC,11,A popup box that requires a response from the user will remain (ErrorPopup must be followed by ResponsetoPopup before more action.),G (Error -> G (ErrorPopup -> F ResponsetoPopup)),G(ErrorPopup -> (ErrorPopup U ResponsetoPopup)),False
BASIC,11,A popup box that requires a response from the user will remain (ErrorPopup must be followed by ResponsetoPopup before more action.),G (Error -> G (ErrorPopup -> F ResponsetoPopup)),G(ErrorPopup -> (ErrorPopup U ResponsetoPopup)),False
BASIC,11,A popup box that requires a response from the user will remain (ErrorPopup must be followed by ResponsetoPopup before more action.),G (Error -> G (ErrorPopup -> F ResponsetoPopup)),G(ErrorPopup -> (ErrorPopup U ResponsetoPopup)),False
BASIC,11,A popup box that requires a response from the user will remain (ErrorPopup must be followed by ResponsetoPopup before more action.),G (Error -> G (ErrorPopup -> F ResponsetoPopup)),G(ErrorPopup -> (ErrorPopup U ResponsetoPopup)),False
BASIC,11,A popup box that requires a response from the user will remain (ErrorPopup must be followed by ResponsetoPopup before more action.),G (Error -> G (ErrorPopup -> F ResponsetoPopup)),G(ErrorPopup -> (ErrorPopup U ResponsetoPopup)),False
BASIC,11,A popup box that requires a response from the user will remain (ErrorPopup must be followed by ResponsetoPopup before more action.),G (Error -> G (ErrorPopup -> F ResponsetoPopup)),G(ErrorPopup -> (ErrorPopup U ResponsetoPopup)),False
BASIC,11,A popup box that requires a response from the user will remain (ErrorPopup must be followed by ResponsetoPopup before more action.),G (Error -> G (ErrorPopup -> F ResponsetoPopup)),G(ErrorPopup -> (ErrorPopup U ResponsetoPopup)),False
BASIC,11,A popup box that requires a response from the user will remain (ErrorPopup must be followed by ResponsetoPopup before more action.),G (Error -> G (ErrorPopup -> F ResponsetoPopup)),G(ErrorPopup -> (ErrorPopup U ResponsetoPopup)),False
BASIC,11,A popup box that requires a response from the user will remain (ErrorPopup must be followed by ResponsetoPopup before more action.),G (Error -> G (ErrorPopup -> F ResponsetoPopup)),G(ErrorPopup -> (ErrorPopup U ResponsetoPopup)),False
BASIC,11,A popup box that requires a response from the user will remain (ErrorPopup must be followed by ResponsetoPopup before more action.),G (Error -> G (ErrorPopup -> F ResponsetoPopup)),G(ErrorPopup -> (ErrorPopup U ResponsetoPopup)),False
BASIC,11,A popup box that requires a response from the user will remain (ErrorPopup must be followed by ResponsetoPopup before more action.),G (Error -> G (ErrorPopup -> F ResponsetoPopup)),G(ErrorPopup -> (ErrorPopup U ResponsetoPopup)),False
BASIC,11,A popup box that requires a response from the user will remain (ErrorPopup must be followed by ResponsetoPopup before more action.),G (Error -> G (ErrorPopup -> F ResponsetoPopup)),G(ErrorPopup -> (ErrorPopup U ResponsetoPopup)),False
BASIC,11,A popup box that requires a response from the user will remain (ErrorPopup must be followed by ResponsetoPopup before more action.),G (Error -> G (ErrorPopup -> F ResponsetoPopup)),G(ErrorPopup -> (!ErrorPopup U ResponsetoPopup)),False
BASIC,11,A popup box that requires a response from the user will remain (ErrorPopup must be followed by ResponsetoPopup before more action.),G (Error -> G (ErrorPopup -> F ResponsetoPopup)),G(ErrorPopup -> (ErrorPopup U ResponsetoPopup)),False
BASIC,11,A popup box that requires a response from the user will remain (ErrorPopup must be followed by ResponsetoPopup before more action.),G (Error -> G (ErrorPopup -> F ResponsetoPopup)),G(ErrorPopup -> (ErrorPopup U ResponsetoPopup)),False
BASIC,11,A popup box that requires a response from the user will remain (ErrorPopup must be followed by ResponsetoPopup before more action.),G (Error -> G (ErrorPopup -> F ResponsetoPopup)),G(ErrorPopup -> (ErrorPopup U ResponsetoPopup)),False
BASIC,11,A popup box that requires a response from the user will remain (ErrorPopup must be followed by ResponsetoPopup before more action.),G (Error -> G (ErrorPopup -> F ResponsetoPopup)),G(ErrorPopup -> (ErrorPopup U ResponsetoPopup)),False
BASIC,11,A popup box that requires a response from the user will remain (ErrorPopup must be followed by ResponsetoPopup before more action.),G (Error -> G (ErrorPopup -> F ResponsetoPopup)),G(ErrorPopup -> (ErrorPopup U ResponsetoPopup)),False
BASIC,11,A popup box that requires a response from the user will remain (ErrorPopup must be followed by ResponsetoPopup before more action.),G (Error -> G (ErrorPopup -> F ResponsetoPopup)),G(ErrorPopup -> (ErrorPopup U ResponsetoPopup)),False
BASIC,11,A popup box that requires a response from the user will remain (ErrorPopup must be followed by ResponsetoPopup before more action.),G (Error -> G (ErrorPopup -> F ResponsetoPopup)),G(ErrorPopup -> (ErrorPopup U ResponsetoPopup)),False
BASIC,11,A popup box that requires a response from the user will remain (ErrorPopup must be followed by ResponsetoPopup before more action.),G (Error -> G (ErrorPopup -> F ResponsetoPopup)),G(ErrorPopup -> (ErrorPopup U ResponsetoPopup)),False
BASIC,11,A popup box that requires a response from the user will remain (ErrorPopup must be followed by ResponsetoPopup before more action.),G (Error -> G (ErrorPopup -> F ResponsetoPopup)),G(ErrorPopup -> (ErrorPopup U ResponsetoPopup)),False
BASIC,11,A popup box that requires a response from the user will remain (ErrorPopup must be followed by ResponsetoPopup before more action.),G (Error -> G (ErrorPopup -> F ResponsetoPopup)),G(ErrorPopup -> (ErrorPopup U ResponsetoPopup)),False
BASIC,11,A popup box that requires a response from the user will remain (ErrorPopup must be followed by ResponsetoPopup before more action.),G (Error -> G (ErrorPopup -> F ResponsetoPopup)),G(ErrorPopup -> (ErrorPopup U ResponsetoPopup)),False
BASIC,11,A popup box that requires a response from the user will remain (ErrorPopup must be followed by ResponsetoPopup before more action.),G (Error -> G (ErrorPopup -> F ResponsetoPopup)),G(ErrorPopup -> (ErrorPopup U ResponsetoPopup)),False
BASIC,11,A popup box that requires a response from the user will remain (ErrorPopup must be followed by ResponsetoPopup before more action.),G (Error -> G (ErrorPopup -> F ResponsetoPopup)),G(ErrorPopup -> (ErrorPopup U ResponsetoPopup)),False
BASIC,11,A popup box that requires a response from the user will remain (ErrorPopup must be followed by ResponsetoPopup before more action.),G (Error -> G (ErrorPopup -> F ResponsetoPopup)),G(ErrorPopup -> (ErrorPopup U ResponsetoPopup)),False
BASIC,11,A popup box that requires a response from the user will remain (ErrorPopup must be followed by ResponsetoPopup before more action.),G (Error -> G (ErrorPopup -> F ResponsetoPopup)),G(ErrorPopup -> (ErrorPopup U ResponsetoPopup)),False
BASIC,11,A popup box that requires a response from the user will remain (ErrorPopup must be followed by ResponsetoPopup before more action.),G (Error -> G (ErrorPopup -> F ResponsetoPopup)),G(ErrorPopup -> (ErrorPopup U ResponsetoPopup)),False
BASIC,11,A popup box that requires a response from the user will remain (ErrorPopup must be followed by ResponsetoPopup before more action.),G (Error -> G (ErrorPopup -> F ResponsetoPopup)),G(ErrorPopup -> (ErrorPopup U ResponsetoPopup)),False
BASIC,11,A popup box that requires a response from the user will remain (ErrorPopup must be followed by ResponsetoPopup before more action.),G (Error -> G (ErrorPopup -> F ResponsetoPopup)),G(ErrorPopup -> (ErrorPopup U ResponsetoPopup)),False
BASIC,11,A popup box that requires a response from the user will remain (ErrorPopup must be followed by ResponsetoPopup before more action.),G (Error -> G (ErrorPopup -> F ResponsetoPopup)),G(ErrorPopup -> (ErrorPopup U ResponsetoPopup)),False
BASIC,11,A popup box that requires a response from the user will remain (ErrorPopup must be followed by ResponsetoPopup before more action.),G (Error -> G (ErrorPopup -> F ResponsetoPopup)),G(ErrorPopup -> (ErrorPopup U ResponsetoPopup)),False
BASIC,11,A popup box that requires a response from the user will remain (ErrorPopup must be followed by ResponsetoPopup before more action.),G (Error -> G (ErrorPopup -> F ResponsetoPopup)),G(ErrorPopup -> (!ErrorPopup U ResponsetoPopup)),False
BASIC,11,A popup box that requires a response from the user will remain (ErrorPopup must be followed by ResponsetoPopup before more action.),G (Error -> G (ErrorPopup -> F ResponsetoPopup)),G(ErrorPopup -> (ErrorPopup U ResponsetoPopup)),False
BASIC,11,A popup box that requires a response from the user will remain (ErrorPopup must be followed by ResponsetoPopup before more action.),G (Error -> G (ErrorPopup -> F ResponsetoPopup)),G(ErrorPopup -> (ErrorPopup U ResponsetoPopup)),False
BASIC,11,A popup box that requires a response from the user will remain (ErrorPopup must be followed by ResponsetoPopup before more action.),G (Error -> G (ErrorPopup -> F ResponsetoPopup)),G(ErrorPopup -> (ErrorPopup U ResponsetoPopup)),False
BASIC,11,A popup box that requires a response from the user will remain (ErrorPopup must be followed by ResponsetoPopup before more action.),G (Error -> G (ErrorPopup -> F ResponsetoPopup)),G(ErrorPopup -> (!ErrorPopup U ResponsetoPopup)),False
BASIC,11,A popup box that requires a response from the user will remain (ErrorPopup must be followed by ResponsetoPopup before more action.),G (Error -> G (ErrorPopup -> F ResponsetoPopup)),G(ErrorPopup -> (ErrorPopup U ResponsetoPopup)),False
BASIC,11,A popup box that requires a response from the user will remain (ErrorPopup must be followed by ResponsetoPopup before more action.),G (Error -> G (ErrorPopup -> F ResponsetoPopup)),G(ErrorPopup -> (ErrorPopup U ResponsetoPopup)),False
BASIC,11,A popup box that requires a response from the user will remain (ErrorPopup must be followed by ResponsetoPopup before more action.),G (Error -> G (ErrorPopup -> F ResponsetoPopup)),G(ErrorPopup -> (ErrorPopup U ResponsetoPopup)),False
BASIC,11,A popup box that requires a response from the user will remain (ErrorPopup must be followed by ResponsetoPopup before more action.),G (Error -> G (ErrorPopup -> F ResponsetoPopup)),G(ErrorPopup -> (ErrorPopup U ResponsetoPopup)),False
BASIC,11,A popup box that requires a response from the user will remain (ErrorPopup must be followed by ResponsetoPopup before more action.),G (Error -> G (ErrorPopup -> F ResponsetoPopup)),G(ErrorPopup -> (ErrorPopup U ResponsetoPopup)),False
BASIC,11,A popup box that requires a response from the user will remain (ErrorPopup must be followed by ResponsetoPopup before more action.),G (Error -> G (ErrorPopup -> F ResponsetoPopup)),G(ErrorPopup -> (ErrorPopup U ResponsetoPopup)),False
BASIC,11,A popup box that requires a response from the user will remain (ErrorPopup must be followed by ResponsetoPopup before more action.),G (Error -> G (ErrorPopup -> F ResponsetoPopup)),G(ErrorPopup -> (ErrorPopup U ResponsetoPopup)),False
BASIC,11,A popup box that requires a response from the user will remain (ErrorPopup must be followed by ResponsetoPopup before more action.),G (Error -> G (ErrorPopup -> F ResponsetoPopup)),G(ErrorPopup -> (ErrorPopup U ResponsetoPopup)),False
BASIC,11,A popup box that requires a response from the user will remain (ErrorPopup must be followed by ResponsetoPopup before more action.),G (Error -> G (ErrorPopup -> F ResponsetoPopup)),G(ErrorPopup -> (ErrorPopup U ResponsetoPopup)),False
BASIC,11,A popup box that requires a response from the user will remain (ErrorPopup must be followed by ResponsetoPopup before more action.),G (Error -> G (ErrorPopup -> F ResponsetoPopup)),G(ErrorPopup -> (ErrorPopup U ResponsetoPopup)),False
BASIC,11,A popup box that requires a response from the user will remain (ErrorPopup must be followed by ResponsetoPopup before more action.),G (Error -> G (ErrorPopup -> F ResponsetoPopup)),G(ErrorPopup -> (ErrorPopup U ResponsetoPopup)),False
BASIC,11,A popup box that requires a response from the user will remain (ErrorPopup must be followed by ResponsetoPopup before more action.),G (Error -> G (ErrorPopup -> F ResponsetoPopup)),G(ErrorPopup -> (!ErrorPopup U ResponsetoPopup)),False
BASIC,11,A popup box that requires a response from the user will remain (ErrorPopup must be followed by ResponsetoPopup before more action.),G (Error -> G (ErrorPopup -> F ResponsetoPopup)),G(ErrorPopup -> (ErrorPopup U ResponsetoPopup)),False
BASIC,11,A popup box that requires a response from the user will remain (ErrorPopup must be followed by ResponsetoPopup before more action.),G (Error -> G (ErrorPopup -> F ResponsetoPopup)),G(ErrorPopup -> (ErrorPopup U ResponsetoPopup)),False
BASIC,11,A popup box that requires a response from the user will remain (ErrorPopup must be followed by ResponsetoPopup before more action.),G (Error -> G (ErrorPopup -> F ResponsetoPopup)),G(ErrorPopup -> (ErrorPopup U ResponsetoPopup)),False
BASIC,11,A popup box that requires a response from the user will remain (ErrorPopup must be followed by ResponsetoPopup before more action.),G (Error -> G (ErrorPopup -> F ResponsetoPopup)),G(ErrorPopup -> (ErrorPopup U ResponsetoPopup)),False
BASIC,13,Messages should not be removed from the POP server until (POPServerMessageDelete after PlacedinMailboxes.),G (!POPServerMessageDelete) | F (POPServerMessageDelete & F PlacedinMailboxes),!POPServerMessageDelete U PlacedinMailboxes,False
BASIC,13,Messages should not be removed from the POP server until (POPServerMessageDelete after PlacedinMailboxes.),G (!POPServerMessageDelete) | F (POPServerMessageDelete & F PlacedinMailboxes),!POPServerMessageDelete U PlacedinMailboxes,False
BASIC,13,Messages should not be removed from the POP server until (POPServerMessageDelete after PlacedinMailboxes.),G (!POPServerMessageDelete) | F (POPServerMessageDelete & F PlacedinMailboxes),!POPServerMessageDelete U PlacedinMailboxes,False
BASIC,13,Messages should not be removed from the POP server until (POPServerMessageDelete after PlacedinMailboxes.),G (!POPServerMessageDelete) | F (POPServerMessageDelete & F PlacedinMailboxes),!POPServerMessageDelete U (PlacedinMailboxes & POPServerMessageDelete),False
BASIC,13,Messages should not be removed from the POP server until (POPServerMessageDelete after PlacedinMailboxes.),G (!POPServerMessageDelete) | F (POPServerMessageDelete & F PlacedinMailboxes),!POPServerMessageDelete U PlacedinMailboxes,False
BASIC,13,Messages should not be removed from the POP server until (POPServerMessageDelete after PlacedinMailboxes.),G (!POPServerMessageDelete) | F (POPServerMessageDelete & F PlacedinMailboxes),!POPServerMessageDelete U PlacedinMailboxes,False
BASIC,13,Messages should not be removed from the POP server until (POPServerMessageDelete after PlacedinMailboxes.),G (!POPServerMessageDelete) | F (POPServerMessageDelete & F PlacedinMailboxes),!POPServerMessageDelete U PlacedinMailboxes,False
BASIC,13,Messages should not be removed from the POP server until (POPServerMessageDelete after PlacedinMailboxes.),G (!POPServerMessageDelete) | F (POPServerMessageDelete & F PlacedinMailboxes),!POPServerMessageDelete U PlacedinMailboxes,False
BASIC,13,Messages should not be removed from the POP server until (POPServerMessageDelete after PlacedinMailboxes.),G (!POPServerMessageDelete) | F (POPServerMessageDelete & F PlacedinMailboxes),!POPServerMessageDelete U PlacedinMailboxes,False
BASIC,13,Messages should not be removed from the POP server until (POPServerMessageDelete after PlacedinMailboxes.),G (!POPServerMessageDelete) | F (POPServerMessageDelete & F PlacedinMailboxes),!POPServerMessageDelete U PlacedinMailboxes,False
BASIC,13,Messages should not be removed from the POP server until (POPServerMessageDelete after PlacedinMailboxes.),G (!POPServerMessageDelete) | F (POPServerMessageDelete & F PlacedinMailboxes),!POPServerMessageDelete U PlacedinMailboxes,False
BASIC,13,Messages should not be removed from the POP server until (POPServerMessageDelete after PlacedinMailboxes.),G (!POPServerMessageDelete) | F (POPServerMessageDelete & F PlacedinMailboxes),!POPServerMessageDelete U PlacedinMailboxes,False
BASIC,13,Messages should not be removed from the POP server until (POPServerMessageDelete after PlacedinMailboxes.),G (!POPServerMessageDelete) | F (POPServerMessageDelete & F PlacedinMailboxes),!POPServerMessageDelete U PlacedinMailboxes,False
BASIC,13,Messages should not be removed from the POP server until (POPServerMessageDelete after PlacedinMailboxes.),G (!POPServerMessageDelete) | F (POPServerMessageDelete & F PlacedinMailboxes),!POPServerMessageDelete U PlacedinMailboxes,False
BASIC,13,Messages should not be removed from the POP server until (POPServerMessageDelete after PlacedinMailboxes.),G (!POPServerMessageDelete) | F (POPServerMessageDelete & F PlacedinMailboxes),!POPServerMessageDelete U PlacedinMailboxes,False
BASIC,13,Messages should not be removed from the POP server until (POPServerMessageDelete after PlacedinMailboxes.),G (!POPServerMessageDelete) | F (POPServerMessageDelete & F PlacedinMailboxes),!POPServerMessageDelete U (PlacedinMailboxes & POPServerMessageDelete),False
BASIC,13,Messages should not be removed from the POP server until (POPServerMessageDelete after PlacedinMailboxes.),G (!POPServerMessageDelete) | F (POPServerMessageDelete & F PlacedinMailboxes),!POPServerMessageDelete U PlacedinMailboxes,False
BASIC,13,Messages should not be removed from the POP server until (POPServerMessageDelete after PlacedinMailboxes.),G (!POPServerMessageDelete) | F (POPServerMessageDelete & F PlacedinMailboxes),!POPServerMessageDelete U PlacedinMailboxes,False
BASIC,13,Messages should not be removed from the POP server until (POPServerMessageDelete after PlacedinMailboxes.),G (!POPServerMessageDelete) | F (POPServerMessageDelete & F PlacedinMailboxes),!POPServerMessageDelete U PlacedinMailboxes,False
BASIC,13,Messages should not be removed from the POP server until (POPServerMessageDelete after PlacedinMailboxes.),G (!POPServerMessageDelete) | F (POPServerMessageDelete & F PlacedinMailboxes),!POPServerMessageDelete U PlacedinMailboxes,False
BASIC,13,Messages should not be removed from the POP server until (POPServerMessageDelete after PlacedinMailboxes.),G (!POPServerMessageDelete) | F (POPServerMessageDelete & F PlacedinMailboxes),!POPServerMessageDelete U PlacedinMailboxes,False
BASIC,13,Messages should not be removed from the POP server until (POPServerMessageDelete after PlacedinMailboxes.),G (!POPServerMessageDelete) | F (POPServerMessageDelete & F PlacedinMailboxes),!POPServerMessageDelete U (PlacedinMailboxes & POPServerMessageDelete),False
BASIC,13,Messages should not be removed from the POP server until (POPServerMessageDelete after PlacedinMailboxes.),G (!POPServerMessageDelete) | F (POPServerMessageDelete & F PlacedinMailboxes),!POPServerMessageDelete U PlacedinMailboxes,False
BASIC,13,Messages should not be removed from the POP server until (POPServerMessageDelete after PlacedinMailboxes.),G (!POPServerMessageDelete) | F (POPServerMessageDelete & F PlacedinMailboxes),!POPServerMessageDelete U PlacedinMailboxes,False
BASIC,13,Messages should not be removed from the POP server until (POPServerMessageDelete after PlacedinMailboxes.),G (!POPServerMessageDelete) | F (POPServerMessageDelete & F PlacedinMailboxes),!POPServerMessageDelete U PlacedinMailboxes,False
BASIC,13,Messages should not be removed from the POP server until (POPServerMessageDelete after PlacedinMailboxes.),G (!POPServerMessageDelete) | F (POPServerMessageDelete & F PlacedinMailboxes),!POPServerMessageDelete U PlacedinMailboxes,False
BASIC,13,Messages should not be removed from the POP server until (POPServerMessageDelete after PlacedinMailboxes.),G (!POPServerMessageDelete) | F (POPServerMessageDelete & F PlacedinMailboxes),!POPServerMessageDelete U PlacedinMailboxes,False
BASIC,13,Messages should not be removed from the POP server until (POPServerMessageDelete after PlacedinMailboxes.),G (!POPServerMessageDelete) | F (POPServerMessageDelete & F PlacedinMailboxes),!POPServerMessageDelete U PlacedinMailboxes,False
BASIC,13,Messages should not be removed from the POP server until (POPServerMessageDelete after PlacedinMailboxes.),G (!POPServerMessageDelete) | F (POPServerMessageDelete & F PlacedinMailboxes),!POPServerMessageDelete U PlacedinMailboxes,False
BASIC,13,Messages should not be removed from the POP server until (POPServerMessageDelete after PlacedinMailboxes.),G (!POPServerMessageDelete) | F (POPServerMessageDelete & F PlacedinMailboxes),!POPServerMessageDelete U PlacedinMailboxes,False
BASIC,13,Messages should not be removed from the POP server until (POPServerMessageDelete after PlacedinMailboxes.),G (!POPServerMessageDelete) | F (POPServerMessageDelete & F PlacedinMailboxes),!POPServerMessageDelete U PlacedinMailboxes,False
BASIC,13,Messages should not be removed from the POP server until (POPServerMessageDelete after PlacedinMailboxes.),G (!POPServerMessageDelete) | F (POPServerMessageDelete & F PlacedinMailboxes),!POPServerMessageDelete U PlacedinMailboxes,False
BASIC,13,Messages should not be removed from the POP server until (POPServerMessageDelete after PlacedinMailboxes.),G (!POPServerMessageDelete) | F (POPServerMessageDelete & F PlacedinMailboxes),!POPServerMessageDelete U PlacedinMailboxes,False
BASIC,13,Messages should not be removed from the POP server until (POPServerMessageDelete after PlacedinMailboxes.),G (!POPServerMessageDelete) | F (POPServerMessageDelete & F PlacedinMailboxes),!POPServerMessageDelete U PlacedinMailboxes,False
BASIC,13,Messages should not be removed from the POP server until (POPServerMessageDelete after PlacedinMailboxes.),G (!POPServerMessageDelete) | F (POPServerMessageDelete & F PlacedinMailboxes),!POPServerMessageDelete U PlacedinMailboxes,False
BASIC,13,Messages should not be removed from the POP server until (POPServerMessageDelete after PlacedinMailboxes.),G (!POPServerMessageDelete) | F (POPServerMessageDelete & F PlacedinMailboxes),!POPServerMessageDelete U PlacedinMailboxes,False
BASIC,13,Messages should not be removed from the POP server until (POPServerMessageDelete after PlacedinMailboxes.),G (!POPServerMessageDelete) | F (POPServerMessageDelete & F PlacedinMailboxes),!POPServerMessageDelete U PlacedinMailboxes,False
BASIC,13,Messages should not be removed from the POP server until (POPServerMessageDelete after PlacedinMailboxes.),G (!POPServerMessageDelete) | F (POPServerMessageDelete & F PlacedinMailboxes),!POPServerMessageDelete U PlacedinMailboxes,False
BASIC,13,Messages should not be removed from the POP server until (POPServerMessageDelete after PlacedinMailboxes.),G (!POPServerMessageDelete) | F (POPServerMessageDelete & F PlacedinMailboxes),!POPServerMessageDelete U PlacedinMailboxes,False
BASIC,13,Messages should not be removed from the POP server until (POPServerMessageDelete after PlacedinMailboxes.),G (!POPServerMessageDelete) | F (POPServerMessageDelete & F PlacedinMailboxes),!POPServerMessageDelete U PlacedinMailboxes,False
BASIC,13,Messages should not be removed from the POP server until (POPServerMessageDelete after PlacedinMailboxes.),G (!POPServerMessageDelete) | F (POPServerMessageDelete & F PlacedinMailboxes),!POPServerMessageDelete U PlacedinMailboxes,False
BASIC,13,Messages should not be removed from the POP server until (POPServerMessageDelete after PlacedinMailboxes.),G (!POPServerMessageDelete) | F (POPServerMessageDelete & F PlacedinMailboxes),!POPServerMessageDelete U PlacedinMailboxes,False
BASIC,13,Messages should not be removed from the POP server until (POPServerMessageDelete after PlacedinMailboxes.),G (!POPServerMessageDelete) | F (POPServerMessageDelete & F PlacedinMailboxes),!POPServerMessageDelete U PlacedinMailboxes,False
BASIC,13,Messages should not be removed from the POP server until (POPServerMessageDelete after PlacedinMailboxes.),G (!POPServerMessageDelete) | F (POPServerMessageDelete & F PlacedinMailboxes),!POPServerMessageDelete U PlacedinMailboxes,False
BASIC,13,Messages should not be removed from the POP server until (POPServerMessageDelete after PlacedinMailboxes.),G (!POPServerMessageDelete) | F (POPServerMessageDelete & F PlacedinMailboxes),!POPServerMessageDelete U PlacedinMailboxes,False
BASIC,13,Messages should not be removed from the POP server until (POPServerMessageDelete after PlacedinMailboxes.),G (!POPServerMessageDelete) | F (POPServerMessageDelete & F PlacedinMailboxes),!POPServerMessageDelete U PlacedinMailboxes,False
BASIC,13,Messages should not be removed from the POP server until (POPServerMessageDelete after PlacedinMailboxes.),G (!POPServerMessageDelete) | F (POPServerMessageDelete & F PlacedinMailboxes),!POPServerMessageDelete U PlacedinMailboxes,False
BASIC,13,Messages should not be removed from the POP server until (POPServerMessageDelete after PlacedinMailboxes.),G (!POPServerMessageDelete) | F (POPServerMessageDelete & F PlacedinMailboxes),!POPServerMessageDelete U PlacedinMailboxes,False
BASIC,13,Messages should not be removed from the POP server until (POPServerMessageDelete after PlacedinMailboxes.),G (!POPServerMessageDelete) | F (POPServerMessageDelete & F PlacedinMailboxes),!POPServerMessageDelete U PlacedinMailboxes,False
BASIC,13,Messages should not be removed from the POP server until (POPServerMessageDelete after PlacedinMailboxes.),G (!POPServerMessageDelete) | F (POPServerMessageDelete & F PlacedinMailboxes),!POPServerMessageDelete U PlacedinMailboxes,False
BASIC,13,Messages should not be removed from the POP server until (POPServerMessageDelete after PlacedinMailboxes.),G (!POPServerMessageDelete) | F (POPServerMessageDelete & F PlacedinMailboxes),!POPServerMessageDelete U PlacedinMailboxes,False
BASIC,13,Messages should not be removed from the POP server until (POPServerMessageDelete after PlacedinMailboxes.),G (!POPServerMessageDelete) | F (POPServerMessageDelete & F PlacedinMailboxes),!POPServerMessageDelete U PlacedinMailboxes,False
BASIC,13,Messages should not be removed from the POP server until (POPServerMessageDelete after PlacedinMailboxes.),G (!POPServerMessageDelete) | F (POPServerMessageDelete & F PlacedinMailboxes),!POPServerMessageDelete U (PlacedinMailboxes & POPServerMessageDelete),False
BASIC,13,Messages should not be removed from the POP server until (POPServerMessageDelete after PlacedinMailboxes.),G (!POPServerMessageDelete) | F (POPServerMessageDelete & F PlacedinMailboxes),!POPServerMessageDelete U PlacedinMailboxes,False
BASIC,13,Messages should not be removed from the POP server until (POPServerMessageDelete after PlacedinMailboxes.),G (!POPServerMessageDelete) | F (POPServerMessageDelete & F PlacedinMailboxes),!POPServerMessageDelete U PlacedinMailboxes,False
BASIC,13,Messages should not be removed from the POP server until (POPServerMessageDelete after PlacedinMailboxes.),G (!POPServerMessageDelete) | F (POPServerMessageDelete & F PlacedinMailboxes),!POPServerMessageDelete U PlacedinMailboxes,False
BASIC,13,Messages should not be removed from the POP server until (POPServerMessageDelete after PlacedinMailboxes.),G (!POPServerMessageDelete) | F (POPServerMessageDelete & F PlacedinMailboxes),!POPServerMessageDelete U PlacedinMailboxes,False
BASIC,13,Messages should not be removed from the POP server until (POPServerMessageDelete after PlacedinMailboxes.),G (!POPServerMessageDelete) | F (POPServerMessageDelete & F PlacedinMailboxes),!POPServerMessageDelete U PlacedinMailboxes,False
BASIC,13,Messages should not be removed from the POP server until (POPServerMessageDelete after PlacedinMailboxes.),G (!POPServerMessageDelete) | F (POPServerMessageDelete & F PlacedinMailboxes),!POPServerMessageDelete U PlacedinMailboxes,False
BASIC,13,Messages should not be removed from the POP server until (POPServerMessageDelete after PlacedinMailboxes.),G (!POPServerMessageDelete) | F (POPServerMessageDelete & F PlacedinMailboxes),!POPServerMessageDelete U PlacedinMailboxes,False
BASIC,13,Messages should not be removed from the POP server until (POPServerMessageDelete after PlacedinMailboxes.),G (!POPServerMessageDelete) | F (POPServerMessageDelete & F PlacedinMailboxes),!POPServerMessageDelete U PlacedinMailboxes,False
BASIC,13,Messages should not be removed from the POP server until (POPServerMessageDelete after PlacedinMailboxes.),G (!POPServerMessageDelete) | F (POPServerMessageDelete & F PlacedinMailboxes),!POPServerMessageDelete U PlacedinMailboxes,False
BASIC,13,Messages should not be removed from the POP server until (POPServerMessageDelete after PlacedinMailboxes.),G (!POPServerMessageDelete) | F (POPServerMessageDelete & F PlacedinMailboxes),!POPServerMessageDelete U (PlacedinMailboxes & POPServerMessageDelete),False
BASIC,13,Messages should not be removed from the POP server until (POPServerMessageDelete after PlacedinMailboxes.),G (!POPServerMessageDelete) | F (POPServerMessageDelete & F PlacedinMailboxes),!POPServerMessageDelete U PlacedinMailboxes,False
BASIC,13,Messages should not be removed from the POP server until (POPServerMessageDelete after PlacedinMailboxes.),G (!POPServerMessageDelete) | F (POPServerMessageDelete & F PlacedinMailboxes),!POPServerMessageDelete U PlacedinMailboxes,False
BASIC,13,Messages should not be removed from the POP server until (POPServerMessageDelete after PlacedinMailboxes.),G (!POPServerMessageDelete) | F (POPServerMessageDelete & F PlacedinMailboxes),!POPServerMessageDelete U PlacedinMailboxes,False
BASIC,13,Messages should not be removed from the POP server until (POPServerMessageDelete after PlacedinMailboxes.),G (!POPServerMessageDelete) | F (POPServerMessageDelete & F PlacedinMailboxes),!POPServerMessageDelete U PlacedinMailboxes,False
BASIC,13,Messages should not be removed from the POP server until (POPServerMessageDelete after PlacedinMailboxes.),G (!POPServerMessageDelete) | F (POPServerMessageDelete & F PlacedinMailboxes),!POPServerMessageDelete U PlacedinMailboxes,False
BASIC,13,Messages should not be removed from the POP server until (POPServerMessageDelete after PlacedinMailboxes.),G (!POPServerMessageDelete) | F (POPServerMessageDelete & F PlacedinMailboxes),!POPServerMessageDelete U PlacedinMailboxes,False
BASIC,13,Messages should not be removed from the POP server until (POPServerMessageDelete after PlacedinMailboxes.),G (!POPServerMessageDelete) | F (POPServerMessageDelete & F PlacedinMailboxes),!POPServerMessageDelete U PlacedinMailboxes,False
BASIC,13,Messages should not be removed from the POP server until (POPServerMessageDelete after PlacedinMailboxes.),G (!POPServerMessageDelete) | F (POPServerMessageDelete & F PlacedinMailboxes),!POPServerMessageDelete U PlacedinMailboxes,False
BASIC,13,Messages should not be removed from the POP server until (POPServerMessageDelete after PlacedinMailboxes.),G (!POPServerMessageDelete) | F (POPServerMessageDelete & F PlacedinMailboxes),!POPServerMessageDelete U PlacedinMailboxes,False
BASIC,13,Messages should not be removed from the POP server until (POPServerMessageDelete after PlacedinMailboxes.),G (!POPServerMessageDelete) | F (POPServerMessageDelete & F PlacedinMailboxes),!POPServerMessageDelete U PlacedinMailboxes,False
BASIC,13,Messages should not be removed from the POP server until (POPServerMessageDelete after PlacedinMailboxes.),G (!POPServerMessageDelete) | F (POPServerMessageDelete & F PlacedinMailboxes),!POPServerMessageDelete U PlacedinMailboxes,False
BASIC,13,Messages should not be removed from the POP server until (POPServerMessageDelete after PlacedinMailboxes.),G (!POPServerMessageDelete) | F (POPServerMessageDelete & F PlacedinMailboxes),!POPServerMessageDelete U PlacedinMailboxes,False
BASIC,13,Messages should not be removed from the POP server until (POPServerMessageDelete after PlacedinMailboxes.),G (!POPServerMessageDelete) | F (POPServerMessageDelete & F PlacedinMailboxes),!POPServerMessageDelete U PlacedinMailboxes,False
BASIC,13,Messages should not be removed from the POP server until (POPServerMessageDelete after PlacedinMailboxes.),G (!POPServerMessageDelete) | F (POPServerMessageDelete & F PlacedinMailboxes),!POPServerMessageDelete U PlacedinMailboxes,False
BASIC,13,Messages should not be removed from the POP server until (POPServerMessageDelete after PlacedinMailboxes.),G (!POPServerMessageDelete) | F (POPServerMessageDelete & F PlacedinMailboxes),!POPServerMessageDelete U PlacedinMailboxes,False
BASIC,13,Messages should not be removed from the POP server until (POPServerMessageDelete after PlacedinMailboxes.),G (!POPServerMessageDelete) | F (POPServerMessageDelete & F PlacedinMailboxes),!POPServerMessageDelete U PlacedinMailboxes,False
BASIC,13,Messages should not be removed from the POP server until (POPServerMessageDelete after PlacedinMailboxes.),G (!POPServerMessageDelete) | F (POPServerMessageDelete & F PlacedinMailboxes),!POPServerMessageDelete U PlacedinMailboxes,False
BASIC,13,Messages should not be removed from the POP server until (POPServerMessageDelete after PlacedinMailboxes.),G (!POPServerMessageDelete) | F (POPServerMessageDelete & F PlacedinMailboxes),!POPServerMessageDelete U PlacedinMailboxes,False
BASIC,13,Messages should not be removed from the POP server until (POPServerMessageDelete after PlacedinMailboxes.),G (!POPServerMessageDelete) | F (POPServerMessageDelete & F PlacedinMailboxes),!POPServerMessageDelete U (PlacedinMailboxes & POPServerMessageDelete),False
BASIC,13,Messages should not be removed from the POP server until (POPServerMessageDelete after PlacedinMailboxes.),G (!POPServerMessageDelete) | F (POPServerMessageDelete & F PlacedinMailboxes),!POPServerMessageDelete U PlacedinMailboxes,False
BASIC,13,Messages should not be removed from the POP server until (POPServerMessageDelete after PlacedinMailboxes.),G (!POPServerMessageDelete) | F (POPServerMessageDelete & F PlacedinMailboxes),!POPServerMessageDelete U PlacedinMailboxes,False
BASIC,13,Messages should not be removed from the POP server until (POPServerMessageDelete after PlacedinMailboxes.),G (!POPServerMessageDelete) | F (POPServerMessageDelete & F PlacedinMailboxes),!POPServerMessageDelete U PlacedinMailboxes,False
BASIC,13,Messages should not be removed from the POP server until (POPServerMessageDelete after PlacedinMailboxes.),G (!POPServerMessageDelete) | F (POPServerMessageDelete & F PlacedinMailboxes),!POPServerMessageDelete U PlacedinMailboxes,False
BASIC,13,Messages should not be removed from the POP server until (POPServerMessageDelete after PlacedinMailboxes.),G (!POPServerMessageDelete) | F (POPServerMessageDelete & F PlacedinMailboxes),!POPServerMessageDelete U PlacedinMailboxes,False
BASIC,13,Messages should not be removed from the POP server until (POPServerMessageDelete after PlacedinMailboxes.),G (!POPServerMessageDelete) | F (POPServerMessageDelete & F PlacedinMailboxes),!POPServerMessageDelete U PlacedinMailboxes,False
BASIC,13,Messages should not be removed from the POP server until (POPServerMessageDelete after PlacedinMailboxes.),G (!POPServerMessageDelete) | F (POPServerMessageDelete & F PlacedinMailboxes),!POPServerMessageDelete U PlacedinMailboxes,False
BASIC,13,Messages should not be removed from the POP server until (POPServerMessageDelete after PlacedinMailboxes.),G (!POPServerMessageDelete) | F (POPServerMessageDelete & F PlacedinMailboxes),!POPServerMessageDelete U PlacedinMailboxes,False
BASIC,13,Messages should not be removed from the POP server until (POPServerMessageDelete after PlacedinMailboxes.),G (!POPServerMessageDelete) | F (POPServerMessageDelete & F PlacedinMailboxes),!POPServerMessageDelete U PlacedinMailboxes,False
BASIC,13,Messages should not be removed from the POP server until (POPServerMessageDelete after PlacedinMailboxes.),G (!POPServerMessageDelete) | F (POPServerMessageDelete & F PlacedinMailboxes),!POPServerMessageDelete U PlacedinMailboxes,False
BASIC,13,Messages should not be removed from the POP server until (POPServerMessageDelete after PlacedinMailboxes.),G (!POPServerMessageDelete) | F (POPServerMessageDelete & F PlacedinMailboxes),!POPServerMessageDelete U PlacedinMailboxes,False
BASIC,13,Messages should not be removed from the POP server until (POPServerMessageDelete after PlacedinMailboxes.),G (!POPServerMessageDelete) | F (POPServerMessageDelete & F PlacedinMailboxes),!POPServerMessageDelete U PlacedinMailboxes,False
BASIC,13,Messages should not be removed from the POP server until (POPServerMessageDelete after PlacedinMailboxes.),G (!POPServerMessageDelete) | F (POPServerMessageDelete & F PlacedinMailboxes),!POPServerMessageDelete U PlacedinMailboxes,False
BASIC,13,Messages should not be removed from the POP server until (POPServerMessageDelete after PlacedinMailboxes.),G (!POPServerMessageDelete) | F (POPServerMessageDelete & F PlacedinMailboxes),!POPServerMessageDelete U PlacedinMailboxes,False
BASIC,13,Messages should not be removed from the POP server until (POPServerMessageDelete after PlacedinMailboxes.),G (!POPServerMessageDelete) | F (POPServerMessageDelete & F PlacedinMailboxes),!POPServerMessageDelete U PlacedinMailboxes,False
BASIC,13,Messages should not be removed from the POP server until (POPServerMessageDelete after PlacedinMailboxes.),G (!POPServerMessageDelete) | F (POPServerMessageDelete & F PlacedinMailboxes),!POPServerMessageDelete U PlacedinMailboxes,False
BASIC,13,Messages should not be removed from the POP server until (POPServerMessageDelete after PlacedinMailboxes.),G (!POPServerMessageDelete) | F (POPServerMessageDelete & F PlacedinMailboxes),!POPServerMessageDelete U PlacedinMailboxes,False
BASIC,13,Messages should not be removed from the POP server until (POPServerMessageDelete after PlacedinMailboxes.),G (!POPServerMessageDelete) | F (POPServerMessageDelete & F PlacedinMailboxes),!POPServerMessageDelete U PlacedinMailboxes,False
BASIC,14,"No work will be scheduled before execution. (No ""doWork"" calls occur before the workers begin to ""Execute"".)",(F call_Execute) -> ((!call_doWork) U call_Execute),!(!call_Execute U call_doWork),False
BASIC,14,"No work will be scheduled before execution. (No ""doWork"" calls occur before the workers begin to ""Execute"".)",(F call_Execute) -> ((!call_doWork) U call_Execute),! (F (call_doWork & (!call_Execute U call_Execute))),False
BASIC,14,"No work will be scheduled before execution. (No ""doWork"" calls occur before the workers begin to ""Execute"".)",(F call_Execute) -> ((!call_doWork) U call_Execute),!(!call_Execute U call_doWork),False
BASIC,14,"No work will be scheduled before execution. (No ""doWork"" calls occur before the workers begin to ""Execute"".)",(F call_Execute) -> ((!call_doWork) U call_Execute),!(!call_Execute U call_doWork),False
BASIC,14,"No work will be scheduled before execution. (No ""doWork"" calls occur before the workers begin to ""Execute"".)",(F call_Execute) -> ((!call_doWork) U call_Execute),!(!call_Execute U call_doWork),False
BASIC,14,"No work will be scheduled before execution. (No ""doWork"" calls occur before the workers begin to ""Execute"".)",(F call_Execute) -> ((!call_doWork) U call_Execute),! (F (call_doWork & (!call_Execute U call_Execute))),False
BASIC,14,"No work will be scheduled before execution. (No ""doWork"" calls occur before the workers begin to ""Execute"".)",(F call_Execute) -> ((!call_doWork) U call_Execute),!(!call_Execute U call_doWork),False
BASIC,14,"No work will be scheduled before execution. (No ""doWork"" calls occur before the workers begin to ""Execute"".)",(F call_Execute) -> ((!call_doWork) U call_Execute),! (F (call_doWork & (!call_Execute U call_Execute))),False
BASIC,14,"No work will be scheduled before execution. (No ""doWork"" calls occur before the workers begin to ""Execute"".)",(F call_Execute) -> ((!call_doWork) U call_Execute),!(!call_Execute U call_doWork),False
BASIC,14,"No work will be scheduled before execution. (No ""doWork"" calls occur before the workers begin to ""Execute"".)",(F call_Execute) -> ((!call_doWork) U call_Execute),!(!call_Execute U call_doWork),False
BASIC,14,"No work will be scheduled before execution. (No ""doWork"" calls occur before the workers begin to ""Execute"".)",(F call_Execute) -> ((!call_doWork) U call_Execute),!(!call_Execute U call_doWork),False
BASIC,14,"No work will be scheduled before execution. (No ""doWork"" calls occur before the workers begin to ""Execute"".)",(F call_Execute) -> ((!call_doWork) U call_Execute),!(!call_Execute U call_doWork),False
BASIC,14,"No work will be scheduled before execution. (No ""doWork"" calls occur before the workers begin to ""Execute"".)",(F call_Execute) -> ((!call_doWork) U call_Execute),!(!call_Execute U call_doWork),False
BASIC,14,"No work will be scheduled before execution. (No ""doWork"" calls occur before the workers begin to ""Execute"".)",(F call_Execute) -> ((!call_doWork) U call_Execute),!(!call_Execute U call_doWork),False
BASIC,14,"No work will be scheduled before execution. (No ""doWork"" calls occur before the workers begin to ""Execute"".)",(F call_Execute) -> ((!call_doWork) U call_Execute),!(!call_Execute U call_doWork),False
BASIC,14,"No work will be scheduled before execution. (No ""doWork"" calls occur before the workers begin to ""Execute"".)",(F call_Execute) -> ((!call_doWork) U call_Execute),!(!call_Execute U call_doWork),False
BASIC,14,"No work will be scheduled before execution. (No ""doWork"" calls occur before the workers begin to ""Execute"".)",(F call_Execute) -> ((!call_doWork) U call_Execute),!(!call_Execute U call_doWork),False
BASIC,14,"No work will be scheduled before execution. (No ""doWork"" calls occur before the workers begin to ""Execute"".)",(F call_Execute) -> ((!call_doWork) U call_Execute),!(!call_Execute U call_doWork),False
BASIC,14,"No work will be scheduled before execution. (No ""doWork"" calls occur before the workers begin to ""Execute"".)",(F call_Execute) -> ((!call_doWork) U call_Execute),!(!call_Execute U call_doWork),False
BASIC,14,"No work will be scheduled before execution. (No ""doWork"" calls occur before the workers begin to ""Execute"".)",(F call_Execute) -> ((!call_doWork) U call_Execute),!(!call_Execute U call_doWork),False
BASIC,14,"No work will be scheduled before execution. (No ""doWork"" calls occur before the workers begin to ""Execute"".)",(F call_Execute) -> ((!call_doWork) U call_Execute),!(!call_Execute U call_doWork),False
BASIC,14,"No work will be scheduled before execution. (No ""doWork"" calls occur before the workers begin to ""Execute"".)",(F call_Execute) -> ((!call_doWork) U call_Execute),!(!call_Execute U call_doWork),False
BASIC,14,"No work will be scheduled before execution. (No ""doWork"" calls occur before the workers begin to ""Execute"".)",(F call_Execute) -> ((!call_doWork) U call_Execute),!(!call_Execute U call_doWork),False
BASIC,14,"No work will be scheduled before execution. (No ""doWork"" calls occur before the workers begin to ""Execute"".)",(F call_Execute) -> ((!call_doWork) U call_Execute),!(!call_Execute U call_doWork),False
BASIC,14,"No work will be scheduled before execution. (No ""doWork"" calls occur before the workers begin to ""Execute"".)",(F call_Execute) -> ((!call_doWork) U call_Execute),! (F (call_doWork & (!call_Execute U call_Execute))),False
BASIC,14,"No work will be scheduled before execution. (No ""doWork"" calls occur before the workers begin to ""Execute"".)",(F call_Execute) -> ((!call_doWork) U call_Execute),!(!call_Execute U call_doWork),False
BASIC,14,"No work will be scheduled before execution. (No ""doWork"" calls occur before the workers begin to ""Execute"".)",(F call_Execute) -> ((!call_doWork) U call_Execute),!(!call_Execute U call_doWork),False
BASIC,14,"No work will be scheduled before execution. (No ""doWork"" calls occur before the workers begin to ""Execute"".)",(F call_Execute) -> ((!call_doWork) U call_Execute),!(!call_Execute U call_doWork),False
BASIC,14,"No work will be scheduled before execution. (No ""doWork"" calls occur before the workers begin to ""Execute"".)",(F call_Execute) -> ((!call_doWork) U call_Execute),!(!call_Execute U call_doWork),False
BASIC,14,"No work will be scheduled before execution. (No ""doWork"" calls occur before the workers begin to ""Execute"".)",(F call_Execute) -> ((!call_doWork) U call_Execute),!(!call_Execute U call_doWork),False
BASIC,14,"No work will be scheduled before execution. (No ""doWork"" calls occur before the workers begin to ""Execute"".)",(F call_Execute) -> ((!call_doWork) U call_Execute),! (F (call_doWork & (!call_Execute U call_Execute))),False
BASIC,14,"No work will be scheduled before execution. (No ""doWork"" calls occur before the workers begin to ""Execute"".)",(F call_Execute) -> ((!call_doWork) U call_Execute),!(!call_Execute U call_doWork),False
BASIC,14,"No work will be scheduled before execution. (No ""doWork"" calls occur before the workers begin to ""Execute"".)",(F call_Execute) -> ((!call_doWork) U call_Execute),! (F (call_doWork & (!call_Execute U call_Execute))),False
BASIC,14,"No work will be scheduled before execution. (No ""doWork"" calls occur before the workers begin to ""Execute"".)",(F call_Execute) -> ((!call_doWork) U call_Execute),!(!call_Execute U call_doWork),False
BASIC,14,"No work will be scheduled before execution. (No ""doWork"" calls occur before the workers begin to ""Execute"".)",(F call_Execute) -> ((!call_doWork) U call_Execute),!(!call_Execute U call_doWork),False
BASIC,14,"No work will be scheduled before execution. (No ""doWork"" calls occur before the workers begin to ""Execute"".)",(F call_Execute) -> ((!call_doWork) U call_Execute),!(!call_Execute U call_doWork),False
BASIC,14,"No work will be scheduled before execution. (No ""doWork"" calls occur before the workers begin to ""Execute"".)",(F call_Execute) -> ((!call_doWork) U call_Execute),!(!call_Execute U call_doWork),False
BASIC,14,"No work will be scheduled before execution. (No ""doWork"" calls occur before the workers begin to ""Execute"".)",(F call_Execute) -> ((!call_doWork) U call_Execute),!(!call_Execute U call_doWork),False
BASIC,14,"No work will be scheduled before execution. (No ""doWork"" calls occur before the workers begin to ""Execute"".)",(F call_Execute) -> ((!call_doWork) U call_Execute),!(!call_Execute U call_doWork),False
BASIC,14,"No work will be scheduled before execution. (No ""doWork"" calls occur before the workers begin to ""Execute"".)",(F call_Execute) -> ((!call_doWork) U call_Execute),!(!call_Execute U call_doWork),False
BASIC,14,"No work will be scheduled before execution. (No ""doWork"" calls occur before the workers begin to ""Execute"".)",(F call_Execute) -> ((!call_doWork) U call_Execute),!(!call_Execute U call_doWork),False
BASIC,14,"No work will be scheduled before execution. (No ""doWork"" calls occur before the workers begin to ""Execute"".)",(F call_Execute) -> ((!call_doWork) U call_Execute),!(!call_Execute U call_doWork),False
BASIC,14,"No work will be scheduled before execution. (No ""doWork"" calls occur before the workers begin to ""Execute"".)",(F call_Execute) -> ((!call_doWork) U call_Execute),!(!call_Execute U call_doWork),False
BASIC,14,"No work will be scheduled before execution. (No ""doWork"" calls occur before the workers begin to ""Execute"".)",(F call_Execute) -> ((!call_doWork) U call_Execute),!(!call_Execute U call_doWork),False
BASIC,14,"No work will be scheduled before execution. (No ""doWork"" calls occur before the workers begin to ""Execute"".)",(F call_Execute) -> ((!call_doWork) U call_Execute),!(!call_Execute U call_doWork),False
BASIC,14,"No work will be scheduled before execution. (No ""doWork"" calls occur before the workers begin to ""Execute"".)",(F call_Execute) -> ((!call_doWork) U call_Execute),! (F (call_doWork & (!call_Execute U call_Execute))),False
BASIC,14,"No work will be scheduled before execution. (No ""doWork"" calls occur before the workers begin to ""Execute"".)",(F call_Execute) -> ((!call_doWork) U call_Execute),!(!call_Execute U call_doWork),False
BASIC,14,"No work will be scheduled before execution. (No ""doWork"" calls occur before the workers begin to ""Execute"".)",(F call_Execute) -> ((!call_doWork) U call_Execute),!(!call_Execute U call_doWork),False
BASIC,14,"No work will be scheduled before execution. (No ""doWork"" calls occur before the workers begin to ""Execute"".)",(F call_Execute) -> ((!call_doWork) U call_Execute),!(!call_Execute U call_doWork),False
BASIC,14,"No work will be scheduled before execution. (No ""doWork"" calls occur before the workers begin to ""Execute"".)",(F call_Execute) -> ((!call_doWork) U call_Execute),!(!call_Execute U call_doWork),False
BASIC,14,"No work will be scheduled before execution. (No ""doWork"" calls occur before the workers begin to ""Execute"".)",(F call_Execute) -> ((!call_doWork) U call_Execute),!(!call_Execute U call_doWork),False
BASIC,14,"No work will be scheduled before execution. (No ""doWork"" calls occur before the workers begin to ""Execute"".)",(F call_Execute) -> ((!call_doWork) U call_Execute),!(!call_Execute U call_doWork),False
BASIC,14,"No work will be scheduled before execution. (No ""doWork"" calls occur before the workers begin to ""Execute"".)",(F call_Execute) -> ((!call_doWork) U call_Execute),!(!call_Execute U call_doWork),False
BASIC,14,"No work will be scheduled before execution. (No ""doWork"" calls occur before the workers begin to ""Execute"".)",(F call_Execute) -> ((!call_doWork) U call_Execute),!(!call_Execute U call_doWork),False
BASIC,14,"No work will be scheduled before execution. (No ""doWork"" calls occur before the workers begin to ""Execute"".)",(F call_Execute) -> ((!call_doWork) U call_Execute),! (F (call_doWork & (!call_Execute U call_Execute))),False
BASIC,14,"No work will be scheduled before execution. (No ""doWork"" calls occur before the workers begin to ""Execute"".)",(F call_Execute) -> ((!call_doWork) U call_Execute),!(!call_Execute U call_doWork),False
BASIC,14,"No work will be scheduled before execution. (No ""doWork"" calls occur before the workers begin to ""Execute"".)",(F call_Execute) -> ((!call_doWork) U call_Execute),!(!call_Execute U call_doWork),False
BASIC,14,"No work will be scheduled before execution. (No ""doWork"" calls occur before the workers begin to ""Execute"".)",(F call_Execute) -> ((!call_doWork) U call_Execute),! (F (call_doWork & (!call_Execute U call_Execute))),False
BASIC,14,"No work will be scheduled before execution. (No ""doWork"" calls occur before the workers begin to ""Execute"".)",(F call_Execute) -> ((!call_doWork) U call_Execute),!(!call_Execute U call_doWork),False
BASIC,14,"No work will be scheduled before execution. (No ""doWork"" calls occur before the workers begin to ""Execute"".)",(F call_Execute) -> ((!call_doWork) U call_Execute),!(!call_Execute U call_doWork),False
BASIC,14,"No work will be scheduled before execution. (No ""doWork"" calls occur before the workers begin to ""Execute"".)",(F call_Execute) -> ((!call_doWork) U call_Execute),!(!call_Execute U call_doWork),False
BASIC,14,"No work will be scheduled before execution. (No ""doWork"" calls occur before the workers begin to ""Execute"".)",(F call_Execute) -> ((!call_doWork) U call_Execute),!(!call_Execute U call_doWork),False
BASIC,14,"No work will be scheduled before execution. (No ""doWork"" calls occur before the workers begin to ""Execute"".)",(F call_Execute) -> ((!call_doWork) U call_Execute),!(!call_Execute U call_doWork),False
BASIC,14,"No work will be scheduled before execution. (No ""doWork"" calls occur before the workers begin to ""Execute"".)",(F call_Execute) -> ((!call_doWork) U call_Execute),!(!call_Execute U call_doWork),False
BASIC,14,"No work will be scheduled before execution. (No ""doWork"" calls occur before the workers begin to ""Execute"".)",(F call_Execute) -> ((!call_doWork) U call_Execute),!(!call_Execute U call_doWork),False
BASIC,14,"No work will be scheduled before execution. (No ""doWork"" calls occur before the workers begin to ""Execute"".)",(F call_Execute) -> ((!call_doWork) U call_Execute),!(!call_Execute U call_doWork),False
BASIC,14,"No work will be scheduled before execution. (No ""doWork"" calls occur before the workers begin to ""Execute"".)",(F call_Execute) -> ((!call_doWork) U call_Execute),!(!call_Execute U call_doWork),False
BASIC,14,"No work will be scheduled before execution. (No ""doWork"" calls occur before the workers begin to ""Execute"".)",(F call_Execute) -> ((!call_doWork) U call_Execute),!(!call_Execute U call_doWork),False
BASIC,14,"No work will be scheduled before execution. (No ""doWork"" calls occur before the workers begin to ""Execute"".)",(F call_Execute) -> ((!call_doWork) U call_Execute),!(!call_Execute U call_doWork),False
BASIC,14,"No work will be scheduled before execution. (No ""doWork"" calls occur before the workers begin to ""Execute"".)",(F call_Execute) -> ((!call_doWork) U call_Execute),!(!call_Execute U call_doWork),False
BASIC,14,"No work will be scheduled before execution. (No ""doWork"" calls occur before the workers begin to ""Execute"".)",(F call_Execute) -> ((!call_doWork) U call_Execute),!(!call_Execute U call_doWork),False
BASIC,14,"No work will be scheduled before execution. (No ""doWork"" calls occur before the workers begin to ""Execute"".)",(F call_Execute) -> ((!call_doWork) U call_Execute),!(!call_Execute U call_doWork),False
BASIC,14,"No work will be scheduled before execution. (No ""doWork"" calls occur before the workers begin to ""Execute"".)",(F call_Execute) -> ((!call_doWork) U call_Execute),!(!call_Execute U call_doWork),False
BASIC,14,"No work will be scheduled before execution. (No ""doWork"" calls occur before the workers begin to ""Execute"".)",(F call_Execute) -> ((!call_doWork) U call_Execute),!(!call_Execute U call_doWork),False
BASIC,14,"No work will be scheduled before execution. (No ""doWork"" calls occur before the workers begin to ""Execute"".)",(F call_Execute) -> ((!call_doWork) U call_Execute),!(!call_Execute U call_doWork),False
BASIC,14,"No work will be scheduled before execution. (No ""doWork"" calls occur before the workers begin to ""Execute"".)",(F call_Execute) -> ((!call_doWork) U call_Execute),!(!call_Execute U call_doWork),False
BASIC,14,"No work will be scheduled before execution. (No ""doWork"" calls occur before the workers begin to ""Execute"".)",(F call_Execute) -> ((!call_doWork) U call_Execute),!(!call_Execute U call_doWork),False
BASIC,14,"No work will be scheduled before execution. (No ""doWork"" calls occur before the workers begin to ""Execute"".)",(F call_Execute) -> ((!call_doWork) U call_Execute),!(!call_Execute U call_doWork),False
BASIC,14,"No work will be scheduled before execution. (No ""doWork"" calls occur before the workers begin to ""Execute"".)",(F call_Execute) -> ((!call_doWork) U call_Execute),!(!call_Execute U call_doWork),False
BASIC,14,"No work will be scheduled before execution. (No ""doWork"" calls occur before the workers begin to ""Execute"".)",(F call_Execute) -> ((!call_doWork) U call_Execute),!(!call_Execute U call_doWork),False
BASIC,14,"No work will be scheduled before execution. (No ""doWork"" calls occur before the workers begin to ""Execute"".)",(F call_Execute) -> ((!call_doWork) U call_Execute),!(!call_Execute U call_doWork),False
BASIC,14,"No work will be scheduled before execution. (No ""doWork"" calls occur before the workers begin to ""Execute"".)",(F call_Execute) -> ((!call_doWork) U call_Execute),!(!call_Execute U call_doWork),False
BASIC,14,"No work will be scheduled before execution. (No ""doWork"" calls occur before the workers begin to ""Execute"".)",(F call_Execute) -> ((!call_doWork) U call_Execute),! (F (call_doWork & (!call_Execute U call_Execute))),False
BASIC,14,"No work will be scheduled before execution. (No ""doWork"" calls occur before the workers begin to ""Execute"".)",(F call_Execute) -> ((!call_doWork) U call_Execute),!(!call_Execute U call_doWork),False
BASIC,14,"No work will be scheduled before execution. (No ""doWork"" calls occur before the workers begin to ""Execute"".)",(F call_Execute) -> ((!call_doWork) U call_Execute),!(!call_Execute U call_doWork),False
BASIC,14,"No work will be scheduled before execution. (No ""doWork"" calls occur before the workers begin to ""Execute"".)",(F call_Execute) -> ((!call_doWork) U call_Execute),!(!call_Execute U call_doWork),False
BASIC,14,"No work will be scheduled before execution. (No ""doWork"" calls occur before the workers begin to ""Execute"".)",(F call_Execute) -> ((!call_doWork) U call_Execute),!(!call_Execute U call_doWork),False
BASIC,14,"No work will be scheduled before execution. (No ""doWork"" calls occur before the workers begin to ""Execute"".)",(F call_Execute) -> ((!call_doWork) U call_Execute),!(!call_Execute U call_doWork),False
BASIC,14,"No work will be scheduled before execution. (No ""doWork"" calls occur before the workers begin to ""Execute"".)",(F call_Execute) -> ((!call_doWork) U call_Execute),!(!call_Execute U call_doWork),False
BASIC,14,"No work will be scheduled before execution. (No ""doWork"" calls occur before the workers begin to ""Execute"".)",(F call_Execute) -> ((!call_doWork) U call_Execute),!(!call_Execute U call_doWork),False
BASIC,14,"No work will be scheduled before execution. (No ""doWork"" calls occur before the workers begin to ""Execute"".)",(F call_Execute) -> ((!call_doWork) U call_Execute),!(!call_Execute U call_doWork),False
BASIC,14,"No work will be scheduled before execution. (No ""doWork"" calls occur before the workers begin to ""Execute"".)",(F call_Execute) -> ((!call_doWork) U call_Execute),!(!call_Execute U call_doWork),False
BASIC,14,"No work will be scheduled before execution. (No ""doWork"" calls occur before the workers begin to ""Execute"".)",(F call_Execute) -> ((!call_doWork) U call_Execute),!(!call_Execute U call_doWork),False
BASIC,14,"No work will be scheduled before execution. (No ""doWork"" calls occur before the workers begin to ""Execute"".)",(F call_Execute) -> ((!call_doWork) U call_Execute),!(!call_Execute U call_doWork),False
BASIC,14,"No work will be scheduled before execution. (No ""doWork"" calls occur before the workers begin to ""Execute"".)",(F call_Execute) -> ((!call_doWork) U call_Execute),! (F (call_doWork & (!call_Execute U !call_Execute))),False
BASIC,14,"No work will be scheduled before execution. (No ""doWork"" calls occur before the workers begin to ""Execute"".)",(F call_Execute) -> ((!call_doWork) U call_Execute),!(!call_Execute U call_doWork),False
BASIC,14,"No work will be scheduled before execution. (No ""doWork"" calls occur before the workers begin to ""Execute"".)",(F call_Execute) -> ((!call_doWork) U call_Execute),!(!call_Execute U call_doWork),False
BASIC,14,"No work will be scheduled before execution. (No ""doWork"" calls occur before the workers begin to ""Execute"".)",(F call_Execute) -> ((!call_doWork) U call_Execute),!(!call_Execute U call_doWork),False
BASIC,14,"No work will be scheduled before execution. (No ""doWork"" calls occur before the workers begin to ""Execute"".)",(F call_Execute) -> ((!call_doWork) U call_Execute),! (F (call_doWork & (!call_Execute U call_Execute))),False
BASIC,14,"No work will be scheduled before execution. (No ""doWork"" calls occur before the workers begin to ""Execute"".)",(F call_Execute) -> ((!call_doWork) U call_Execute),!(!call_Execute U call_doWork),False
BASIC,19,Acquired locks are released assuming that callbacks return (If the ith worker succeeds in acquiring a lock it will eventually),G (call_doResult_i -> F return_doResult_i) -> G (return_resultlock_wait_i -> F call_resultlock_signal_i),G(call_resultlock_signal_i -> F return_resultlock_wait_i),False
BASIC,19,Acquired locks are released assuming that callbacks return (If the ith worker succeeds in acquiring a lock it will eventually),G (call_doResult_i -> F return_doResult_i) -> G (return_resultlock_wait_i -> F call_resultlock_signal_i),G(call_resultlock_signal_i -> F return_doResult_i),False
BASIC,19,Acquired locks are released assuming that callbacks return (If the ith worker succeeds in acquiring a lock it will eventually),G (call_doResult_i -> F return_doResult_i) -> G (return_resultlock_wait_i -> F call_resultlock_signal_i),G(call_resultlock_signal_i -> F return_doResult_i),False
BASIC,19,Acquired locks are released assuming that callbacks return (If the ith worker succeeds in acquiring a lock it will eventually),G (call_doResult_i -> F return_doResult_i) -> G (return_resultlock_wait_i -> F call_resultlock_signal_i),G(call_resultlock_signal_i -> F return_doResult_i),False
BASIC,19,Acquired locks are released assuming that callbacks return (If the ith worker succeeds in acquiring a lock it will eventually),G (call_doResult_i -> F return_doResult_i) -> G (return_resultlock_wait_i -> F call_resultlock_signal_i),G(call_resultlock_signal_i -> F return_doResult_i),False
BASIC,19,Acquired locks are released assuming that callbacks return (If the ith worker succeeds in acquiring a lock it will eventually),G (call_doResult_i -> F return_doResult_i) -> G (return_resultlock_wait_i -> F call_resultlock_signal_i),G(call_resultlock_signal_i -> F return_doResult_i),False
BASIC,19,Acquired locks are released assuming that callbacks return (If the ith worker succeeds in acquiring a lock it will eventually),G (call_doResult_i -> F return_doResult_i) -> G (return_resultlock_wait_i -> F call_resultlock_signal_i),G(call_resultlock_signal_i -> F return_resultlock_wait_i),False
BASIC,19,Acquired locks are released assuming that callbacks return (If the ith worker succeeds in acquiring a lock it will eventually),G (call_doResult_i -> F return_doResult_i) -> G (return_resultlock_wait_i -> F call_resultlock_signal_i),G(call_resultlock_signal_i -> F return_doResult_i),False
BASIC,19,Acquired locks are released assuming that callbacks return (If the ith worker succeeds in acquiring a lock it will eventually),G (call_doResult_i -> F return_doResult_i) -> G (return_resultlock_wait_i -> F call_resultlock_signal_i),G(call_resultlock_signal_i -> F return_doResult_i),False
BASIC,19,Acquired locks are released assuming that callbacks return (If the ith worker succeeds in acquiring a lock it will eventually),G (call_doResult_i -> F return_doResult_i) -> G (return_resultlock_wait_i -> F call_resultlock_signal_i),G(call_resultlock_signal_i -> F return_resultlock_wait_i),False
BASIC,19,Acquired locks are released assuming that callbacks return (If the ith worker succeeds in acquiring a lock it will eventually),G (call_doResult_i -> F return_doResult_i) -> G (return_resultlock_wait_i -> F call_resultlock_signal_i),G(call_resultlock_signal_i -> F return_resultlock_wait_i),False
BASIC,19,Acquired locks are released assuming that callbacks return (If the ith worker succeeds in acquiring a lock it will eventually),G (call_doResult_i -> F return_doResult_i) -> G (return_resultlock_wait_i -> F call_resultlock_signal_i),G(call_resultlock_signal_i -> F return_resultlock_wait_i),False
BASIC,19,Acquired locks are released assuming that callbacks return (If the ith worker succeeds in acquiring a lock it will eventually),G (call_doResult_i -> F return_doResult_i) -> G (return_resultlock_wait_i -> F call_resultlock_signal_i),G(call_resultlock_signal_i -> F return_doResult_i),False
BASIC,19,Acquired locks are released assuming that callbacks return (If the ith worker succeeds in acquiring a lock it will eventually),G (call_doResult_i -> F return_doResult_i) -> G (return_resultlock_wait_i -> F call_resultlock_signal_i),G(call_resultlock_signal_i -> F return_doResult_i),False
BASIC,19,Acquired locks are released assuming that callbacks return (If the ith worker succeeds in acquiring a lock it will eventually),G (call_doResult_i -> F return_doResult_i) -> G (return_resultlock_wait_i -> F call_resultlock_signal_i),G(call_resultlock_signal_i -> F return_doResult_i),False
BASIC,19,Acquired locks are released assuming that callbacks return (If the ith worker succeeds in acquiring a lock it will eventually),G (call_doResult_i -> F return_doResult_i) -> G (return_resultlock_wait_i -> F call_resultlock_signal_i),G(call_resultlock_signal_i -> F return_doResult_i),False
BASIC,19,Acquired locks are released assuming that callbacks return (If the ith worker succeeds in acquiring a lock it will eventually),G (call_doResult_i -> F return_doResult_i) -> G (return_resultlock_wait_i -> F call_resultlock_signal_i),G(call_resultlock_signal_i -> F return_doResult_i),False
BASIC,19,Acquired locks are released assuming that callbacks return (If the ith worker succeeds in acquiring a lock it will eventually),G (call_doResult_i -> F return_doResult_i) -> G (return_resultlock_wait_i -> F call_resultlock_signal_i),G(call_resultlock_signal_i -> F return_doResult_i),False
BASIC,19,Acquired locks are released assuming that callbacks return (If the ith worker succeeds in acquiring a lock it will eventually),G (call_doResult_i -> F return_doResult_i) -> G (return_resultlock_wait_i -> F call_resultlock_signal_i),G(call_resultlock_signal_i -> F return_doResult_i),False
BASIC,19,Acquired locks are released assuming that callbacks return (If the ith worker succeeds in acquiring a lock it will eventually),G (call_doResult_i -> F return_doResult_i) -> G (return_resultlock_wait_i -> F call_resultlock_signal_i),G(call_resultlock_signal_i -> F return_resultlock_wait_i),False
BASIC,19,Acquired locks are released assuming that callbacks return (If the ith worker succeeds in acquiring a lock it will eventually),G (call_doResult_i -> F return_doResult_i) -> G (return_resultlock_wait_i -> F call_resultlock_signal_i),G(call_resultlock_signal_i -> F return_doResult_i),False
BASIC,19,Acquired locks are released assuming that callbacks return (If the ith worker succeeds in acquiring a lock it will eventually),G (call_doResult_i -> F return_doResult_i) -> G (return_resultlock_wait_i -> F call_resultlock_signal_i),G(call_resultlock_signal_i -> F return_doResult_i),False
BASIC,19,Acquired locks are released assuming that callbacks return (If the ith worker succeeds in acquiring a lock it will eventually),G (call_doResult_i -> F return_doResult_i) -> G (return_resultlock_wait_i -> F call_resultlock_signal_i),G(call_resultlock_signal_i -> F return_doResult_i),False
BASIC,19,Acquired locks are released assuming that callbacks return (If the ith worker succeeds in acquiring a lock it will eventually),G (call_doResult_i -> F return_doResult_i) -> G (return_resultlock_wait_i -> F call_resultlock_signal_i),G(call_resultlock_signal_i -> F return_resultlock_wait_i),False
BASIC,19,Acquired locks are released assuming that callbacks return (If the ith worker succeeds in acquiring a lock it will eventually),G (call_doResult_i -> F return_doResult_i) -> G (return_resultlock_wait_i -> F call_resultlock_signal_i),G(call_resultlock_signal_i -> F return_doResult_i),False
BASIC,19,Acquired locks are released assuming that callbacks return (If the ith worker succeeds in acquiring a lock it will eventually),G (call_doResult_i -> F return_doResult_i) -> G (return_resultlock_wait_i -> F call_resultlock_signal_i),G(call_resultlock_signal_i -> F return_doResult_i),False
BASIC,19,Acquired locks are released assuming that callbacks return (If the ith worker succeeds in acquiring a lock it will eventually),G (call_doResult_i -> F return_doResult_i) -> G (return_resultlock_wait_i -> F call_resultlock_signal_i),G(call_resultlock_signal_i -> F return_doResult_i),False
BASIC,19,Acquired locks are released assuming that callbacks return (If the ith worker succeeds in acquiring a lock it will eventually),G (call_doResult_i -> F return_doResult_i) -> G (return_resultlock_wait_i -> F call_resultlock_signal_i),G(call_resultlock_signal_i -> F return_doResult_i),False
BASIC,19,Acquired locks are released assuming that callbacks return (If the ith worker succeeds in acquiring a lock it will eventually),G (call_doResult_i -> F return_doResult_i) -> G (return_resultlock_wait_i -> F call_resultlock_signal_i),G(call_resultlock_signal_i -> F return_resultlock_wait_i),False
BASIC,19,Acquired locks are released assuming that callbacks return (If the ith worker succeeds in acquiring a lock it will eventually),G (call_doResult_i -> F return_doResult_i) -> G (return_resultlock_wait_i -> F call_resultlock_signal_i),G(call_resultlock_signal_i -> F return_doResult_i),False
BASIC,19,Acquired locks are released assuming that callbacks return (If the ith worker succeeds in acquiring a lock it will eventually),G (call_doResult_i -> F return_doResult_i) -> G (return_resultlock_wait_i -> F call_resultlock_signal_i),G(call_resultlock_signal_i -> F return_resultlock_wait_i),False
BASIC,19,Acquired locks are released assuming that callbacks return (If the ith worker succeeds in acquiring a lock it will eventually),G (call_doResult_i -> F return_doResult_i) -> G (return_resultlock_wait_i -> F call_resultlock_signal_i),G(call_resultlock_signal_i -> F return_resultlock_wait_i),False
BASIC,19,Acquired locks are released assuming that callbacks return (If the ith worker succeeds in acquiring a lock it will eventually),G (call_doResult_i -> F return_doResult_i) -> G (return_resultlock_wait_i -> F call_resultlock_signal_i),G(call_resultlock_signal_i -> F return_resultlock_wait_i),False
BASIC,19,Acquired locks are released assuming that callbacks return (If the ith worker succeeds in acquiring a lock it will eventually),G (call_doResult_i -> F return_doResult_i) -> G (return_resultlock_wait_i -> F call_resultlock_signal_i),G(call_resultlock_signal_i -> F return_doResult_i),False
BASIC,19,Acquired locks are released assuming that callbacks return (If the ith worker succeeds in acquiring a lock it will eventually),G (call_doResult_i -> F return_doResult_i) -> G (return_resultlock_wait_i -> F call_resultlock_signal_i),G(call_resultlock_signal_i -> F return_doResult_i),False
BASIC,19,Acquired locks are released assuming that callbacks return (If the ith worker succeeds in acquiring a lock it will eventually),G (call_doResult_i -> F return_doResult_i) -> G (return_resultlock_wait_i -> F call_resultlock_signal_i),G(call_resultlock_signal_i -> F return_resultlock_wait_i),False
BASIC,19,Acquired locks are released assuming that callbacks return (If the ith worker succeeds in acquiring a lock it will eventually),G (call_doResult_i -> F return_doResult_i) -> G (return_resultlock_wait_i -> F call_resultlock_signal_i),G(call_resultlock_signal_i -> F return_doResult_i),False
BASIC,19,Acquired locks are released assuming that callbacks return (If the ith worker succeeds in acquiring a lock it will eventually),G (call_doResult_i -> F return_doResult_i) -> G (return_resultlock_wait_i -> F call_resultlock_signal_i),G(call_resultlock_signal_i -> F return_doResult_i),False
BASIC,19,Acquired locks are released assuming that callbacks return (If the ith worker succeeds in acquiring a lock it will eventually),G (call_doResult_i -> F return_doResult_i) -> G (return_resultlock_wait_i -> F call_resultlock_signal_i),G(call_resultlock_signal_i -> F return_resultlock_wait_i),False
BASIC,19,Acquired locks are released assuming that callbacks return (If the ith worker succeeds in acquiring a lock it will eventually),G (call_doResult_i -> F return_doResult_i) -> G (return_resultlock_wait_i -> F call_resultlock_signal_i),G(call_resultlock_signal_i -> F return_doResult_i),False
BASIC,19,Acquired locks are released assuming that callbacks return (If the ith worker succeeds in acquiring a lock it will eventually),G (call_doResult_i -> F return_doResult_i) -> G (return_resultlock_wait_i -> F call_resultlock_signal_i),G(call_resultlock_signal_i -> F return_doResult_i),False
BASIC,19,Acquired locks are released assuming that callbacks return (If the ith worker succeeds in acquiring a lock it will eventually),G (call_doResult_i -> F return_doResult_i) -> G (return_resultlock_wait_i -> F call_resultlock_signal_i),G(call_resultlock_signal_i -> F return_resultlock_wait_i),False
BASIC,19,Acquired locks are released assuming that callbacks return (If the ith worker succeeds in acquiring a lock it will eventually),G (call_doResult_i -> F return_doResult_i) -> G (return_resultlock_wait_i -> F call_resultlock_signal_i),G(call_resultlock_signal_i -> F return_doResult_i),False
BASIC,19,Acquired locks are released assuming that callbacks return (If the ith worker succeeds in acquiring a lock it will eventually),G (call_doResult_i -> F return_doResult_i) -> G (return_resultlock_wait_i -> F call_resultlock_signal_i),G(call_resultlock_signal_i -> F return_resultlock_wait_i),False
BASIC,19,Acquired locks are released assuming that callbacks return (If the ith worker succeeds in acquiring a lock it will eventually),G (call_doResult_i -> F return_doResult_i) -> G (return_resultlock_wait_i -> F call_resultlock_signal_i),G(call_resultlock_signal_i -> F return_doResult_i),False
BASIC,19,Acquired locks are released assuming that callbacks return (If the ith worker succeeds in acquiring a lock it will eventually),G (call_doResult_i -> F return_doResult_i) -> G (return_resultlock_wait_i -> F call_resultlock_signal_i),G(call_resultlock_signal_i -> F return_resultlock_wait_i),False
BASIC,19,Acquired locks are released assuming that callbacks return (If the ith worker succeeds in acquiring a lock it will eventually),G (call_doResult_i -> F return_doResult_i) -> G (return_resultlock_wait_i -> F call_resultlock_signal_i),G(call_resultlock_signal_i -> F return_resultlock_wait_i),False
BASIC,19,Acquired locks are released assuming that callbacks return (If the ith worker succeeds in acquiring a lock it will eventually),G (call_doResult_i -> F return_doResult_i) -> G (return_resultlock_wait_i -> F call_resultlock_signal_i),G(call_resultlock_signal_i -> F return_resultlock_wait_i),False
BASIC,19,Acquired locks are released assuming that callbacks return (If the ith worker succeeds in acquiring a lock it will eventually),G (call_doResult_i -> F return_doResult_i) -> G (return_resultlock_wait_i -> F call_resultlock_signal_i),G(call_resultlock_signal_i -> F return_doResult_i),False
BASIC,19,Acquired locks are released assuming that callbacks return (If the ith worker succeeds in acquiring a lock it will eventually),G (call_doResult_i -> F return_doResult_i) -> G (return_resultlock_wait_i -> F call_resultlock_signal_i),G(call_resultlock_signal_i -> F return_resultlock_wait_i),False
BASIC,19,Acquired locks are released assuming that callbacks return (If the ith worker succeeds in acquiring a lock it will eventually),G (call_doResult_i -> F return_doResult_i) -> G (return_resultlock_wait_i -> F call_resultlock_signal_i),G(call_resultlock_signal_i -> F return_doResult_i),False
BASIC,19,Acquired locks are released assuming that callbacks return (If the ith worker succeeds in acquiring a lock it will eventually),G (call_doResult_i -> F return_doResult_i) -> G (return_resultlock_wait_i -> F call_resultlock_signal_i),G(call_resultlock_signal_i -> F return_resultlock_wait_i),False
BASIC,19,Acquired locks are released assuming that callbacks return (If the ith worker succeeds in acquiring a lock it will eventually),G (call_doResult_i -> F return_doResult_i) -> G (return_resultlock_wait_i -> F call_resultlock_signal_i),G(call_resultlock_signal_i -> F return_doResult_i),False
BASIC,19,Acquired locks are released assuming that callbacks return (If the ith worker succeeds in acquiring a lock it will eventually),G (call_doResult_i -> F return_doResult_i) -> G (return_resultlock_wait_i -> F call_resultlock_signal_i),G(call_resultlock_signal_i -> F return_doResult_i),False
BASIC,19,Acquired locks are released assuming that callbacks return (If the ith worker succeeds in acquiring a lock it will eventually),G (call_doResult_i -> F return_doResult_i) -> G (return_resultlock_wait_i -> F call_resultlock_signal_i),G(call_resultlock_signal_i -> F return_doResult_i),False
BASIC,19,Acquired locks are released assuming that callbacks return (If the ith worker succeeds in acquiring a lock it will eventually),G (call_doResult_i -> F return_doResult_i) -> G (return_resultlock_wait_i -> F call_resultlock_signal_i),G(call_resultlock_signal_i -> F return_doResult_i),False
BASIC,19,Acquired locks are released assuming that callbacks return (If the ith worker succeeds in acquiring a lock it will eventually),G (call_doResult_i -> F return_doResult_i) -> G (return_resultlock_wait_i -> F call_resultlock_signal_i),G(call_resultlock_signal_i -> F return_resultlock_wait_i),False
BASIC,19,Acquired locks are released assuming that callbacks return (If the ith worker succeeds in acquiring a lock it will eventually),G (call_doResult_i -> F return_doResult_i) -> G (return_resultlock_wait_i -> F call_resultlock_signal_i),G(call_resultlock_signal_i -> F return_doResult_i),False
BASIC,19,Acquired locks are released assuming that callbacks return (If the ith worker succeeds in acquiring a lock it will eventually),G (call_doResult_i -> F return_doResult_i) -> G (return_resultlock_wait_i -> F call_resultlock_signal_i),G(call_resultlock_signal_i -> F return_resultlock_wait_i),False
BASIC,19,Acquired locks are released assuming that callbacks return (If the ith worker succeeds in acquiring a lock it will eventually),G (call_doResult_i -> F return_doResult_i) -> G (return_resultlock_wait_i -> F call_resultlock_signal_i),G(call_resultlock_signal_i -> F return_doResult_i),False
BASIC,19,Acquired locks are released assuming that callbacks return (If the ith worker succeeds in acquiring a lock it will eventually),G (call_doResult_i -> F return_doResult_i) -> G (return_resultlock_wait_i -> F call_resultlock_signal_i),G(call_resultlock_signal_i -> F return_doResult_i),False
BASIC,19,Acquired locks are released assuming that callbacks return (If the ith worker succeeds in acquiring a lock it will eventually),G (call_doResult_i -> F return_doResult_i) -> G (return_resultlock_wait_i -> F call_resultlock_signal_i),G(call_resultlock_signal_i -> F return_resultlock_wait_i),False
BASIC,19,Acquired locks are released assuming that callbacks return (If the ith worker succeeds in acquiring a lock it will eventually),G (call_doResult_i -> F return_doResult_i) -> G (return_resultlock_wait_i -> F call_resultlock_signal_i),G(call_resultlock_signal_i -> F return_resultlock_wait_i),False
BASIC,19,Acquired locks are released assuming that callbacks return (If the ith worker succeeds in acquiring a lock it will eventually),G (call_doResult_i -> F return_doResult_i) -> G (return_resultlock_wait_i -> F call_resultlock_signal_i),G(call_resultlock_signal_i -> F return_resultlock_wait_i),False
BASIC,19,Acquired locks are released assuming that callbacks return (If the ith worker succeeds in acquiring a lock it will eventually),G (call_doResult_i -> F return_doResult_i) -> G (return_resultlock_wait_i -> F call_resultlock_signal_i),G(call_resultlock_signal_i -> F return_doResult_i),False
BASIC,19,Acquired locks are released assuming that callbacks return (If the ith worker succeeds in acquiring a lock it will eventually),G (call_doResult_i -> F return_doResult_i) -> G (return_resultlock_wait_i -> F call_resultlock_signal_i),G(call_resultlock_signal_i -> F return_doResult_i),False
BASIC,19,Acquired locks are released assuming that callbacks return (If the ith worker succeeds in acquiring a lock it will eventually),G (call_doResult_i -> F return_doResult_i) -> G (return_resultlock_wait_i -> F call_resultlock_signal_i),G(call_resultlock_signal_i -> F return_doResult_i),False
BASIC,19,Acquired locks are released assuming that callbacks return (If the ith worker succeeds in acquiring a lock it will eventually),G (call_doResult_i -> F return_doResult_i) -> G (return_resultlock_wait_i -> F call_resultlock_signal_i),G(call_resultlock_signal_i -> F return_resultlock_wait_i),False
BASIC,19,Acquired locks are released assuming that callbacks return (If the ith worker succeeds in acquiring a lock it will eventually),G (call_doResult_i -> F return_doResult_i) -> G (return_resultlock_wait_i -> F call_resultlock_signal_i),G(call_resultlock_signal_i -> F return_resultlock_wait_i),False
BASIC,19,Acquired locks are released assuming that callbacks return (If the ith worker succeeds in acquiring a lock it will eventually),G (call_doResult_i -> F return_doResult_i) -> G (return_resultlock_wait_i -> F call_resultlock_signal_i),G(call_resultlock_signal_i -> F return_resultlock_wait_i),False
BASIC,19,Acquired locks are released assuming that callbacks return (If the ith worker succeeds in acquiring a lock it will eventually),G (call_doResult_i -> F return_doResult_i) -> G (return_resultlock_wait_i -> F call_resultlock_signal_i),G(call_resultlock_signal_i -> F return_doResult_i),False
BASIC,19,Acquired locks are released assuming that callbacks return (If the ith worker succeeds in acquiring a lock it will eventually),G (call_doResult_i -> F return_doResult_i) -> G (return_resultlock_wait_i -> F call_resultlock_signal_i),G(call_resultlock_signal_i -> F return_resultlock_wait_i),False
BASIC,19,Acquired locks are released assuming that callbacks return (If the ith worker succeeds in acquiring a lock it will eventually),G (call_doResult_i -> F return_doResult_i) -> G (return_resultlock_wait_i -> F call_resultlock_signal_i),G(call_resultlock_signal_i -> F return_doResult_i),False
BASIC,19,Acquired locks are released assuming that callbacks return (If the ith worker succeeds in acquiring a lock it will eventually),G (call_doResult_i -> F return_doResult_i) -> G (return_resultlock_wait_i -> F call_resultlock_signal_i),G(call_resultlock_signal_i -> F return_doResult_i),False
BASIC,19,Acquired locks are released assuming that callbacks return (If the ith worker succeeds in acquiring a lock it will eventually),G (call_doResult_i -> F return_doResult_i) -> G (return_resultlock_wait_i -> F call_resultlock_signal_i),G(call_resultlock_signal_i -> F return_doResult_i),False
BASIC,19,Acquired locks are released assuming that callbacks return (If the ith worker succeeds in acquiring a lock it will eventually),G (call_doResult_i -> F return_doResult_i) -> G (return_resultlock_wait_i -> F call_resultlock_signal_i),G(call_resultlock_signal_i -> F return_resultlock_wait_i),False
BASIC,19,Acquired locks are released assuming that callbacks return (If the ith worker succeeds in acquiring a lock it will eventually),G (call_doResult_i -> F return_doResult_i) -> G (return_resultlock_wait_i -> F call_resultlock_signal_i),G(call_resultlock_signal_i -> F return_doResult_i),False
BASIC,19,Acquired locks are released assuming that callbacks return (If the ith worker succeeds in acquiring a lock it will eventually),G (call_doResult_i -> F return_doResult_i) -> G (return_resultlock_wait_i -> F call_resultlock_signal_i),G(call_resultlock_signal_i -> F return_resultlock_wait_i),False
BASIC,19,Acquired locks are released assuming that callbacks return (If the ith worker succeeds in acquiring a lock it will eventually),G (call_doResult_i -> F return_doResult_i) -> G (return_resultlock_wait_i -> F call_resultlock_signal_i),G(call_resultlock_signal_i -> F return_doResult_i),False
BASIC,19,Acquired locks are released assuming that callbacks return (If the ith worker succeeds in acquiring a lock it will eventually),G (call_doResult_i -> F return_doResult_i) -> G (return_resultlock_wait_i -> F call_resultlock_signal_i),G(call_resultlock_signal_i -> F return_resultlock_wait_i),False
BASIC,19,Acquired locks are released assuming that callbacks return (If the ith worker succeeds in acquiring a lock it will eventually),G (call_doResult_i -> F return_doResult_i) -> G (return_resultlock_wait_i -> F call_resultlock_signal_i),G(call_resultlock_signal_i -> F return_doResult_i),False
BASIC,19,Acquired locks are released assuming that callbacks return (If the ith worker succeeds in acquiring a lock it will eventually),G (call_doResult_i -> F return_doResult_i) -> G (return_resultlock_wait_i -> F call_resultlock_signal_i),G(call_resultlock_signal_i -> F return_resultlock_wait_i),False
BASIC,19,Acquired locks are released assuming that callbacks return (If the ith worker succeeds in acquiring a lock it will eventually),G (call_doResult_i -> F return_doResult_i) -> G (return_resultlock_wait_i -> F call_resultlock_signal_i),G(call_resultlock_signal_i -> F return_doResult_i),False
BASIC,19,Acquired locks are released assuming that callbacks return (If the ith worker succeeds in acquiring a lock it will eventually),G (call_doResult_i -> F return_doResult_i) -> G (return_resultlock_wait_i -> F call_resultlock_signal_i),G(call_resultlock_signal_i -> F return_doResult_i),False
BASIC,19,Acquired locks are released assuming that callbacks return (If the ith worker succeeds in acquiring a lock it will eventually),G (call_doResult_i -> F return_doResult_i) -> G (return_resultlock_wait_i -> F call_resultlock_signal_i),G(call_resultlock_signal_i -> F return_resultlock_wait_i),False
BASIC,19,Acquired locks are released assuming that callbacks return (If the ith worker succeeds in acquiring a lock it will eventually),G (call_doResult_i -> F return_doResult_i) -> G (return_resultlock_wait_i -> F call_resultlock_signal_i),G(call_resultlock_signal_i -> F return_doResult_i),False
BASIC,19,Acquired locks are released assuming that callbacks return (If the ith worker succeeds in acquiring a lock it will eventually),G (call_doResult_i -> F return_doResult_i) -> G (return_resultlock_wait_i -> F call_resultlock_signal_i),G(call_resultlock_signal_i -> F return_doResult_i),False
BASIC,19,Acquired locks are released assuming that callbacks return (If the ith worker succeeds in acquiring a lock it will eventually),G (call_doResult_i -> F return_doResult_i) -> G (return_resultlock_wait_i -> F call_resultlock_signal_i),G(call_resultlock_signal_i -> F return_doResult_i),False
BASIC,19,Acquired locks are released assuming that callbacks return (If the ith worker succeeds in acquiring a lock it will eventually),G (call_doResult_i -> F return_doResult_i) -> G (return_resultlock_wait_i -> F call_resultlock_signal_i),G(call_resultlock_signal_i -> F return_resultlock_wait_i),False
BASIC,19,Acquired locks are released assuming that callbacks return (If the ith worker succeeds in acquiring a lock it will eventually),G (call_doResult_i -> F return_doResult_i) -> G (return_resultlock_wait_i -> F call_resultlock_signal_i),G(call_resultlock_signal_i -> F return_resultlock_wait_i),False
BASIC,19,Acquired locks are released assuming that callbacks return (If the ith worker succeeds in acquiring a lock it will eventually),G (call_doResult_i -> F return_doResult_i) -> G (return_resultlock_wait_i -> F call_resultlock_signal_i),G(call_resultlock_signal_i -> F return_resultlock_wait_i),False
BASIC,19,Acquired locks are released assuming that callbacks return (If the ith worker succeeds in acquiring a lock it will eventually),G (call_doResult_i -> F return_doResult_i) -> G (return_resultlock_wait_i -> F call_resultlock_signal_i),G(call_resultlock_signal_i -> F return_doResult_i),False
BASIC,19,Acquired locks are released assuming that callbacks return (If the ith worker succeeds in acquiring a lock it will eventually),G (call_doResult_i -> F return_doResult_i) -> G (return_resultlock_wait_i -> F call_resultlock_signal_i),G(call_resultlock_signal_i -> F return_resultlock_wait_i),False
BASIC,19,Acquired locks are released assuming that callbacks return (If the ith worker succeeds in acquiring a lock it will eventually),G (call_doResult_i -> F return_doResult_i) -> G (return_resultlock_wait_i -> F call_resultlock_signal_i),G(call_resultlock_signal_i -> F return_doResult_i),False
BASIC,19,Acquired locks are released assuming that callbacks return (If the ith worker succeeds in acquiring a lock it will eventually),G (call_doResult_i -> F return_doResult_i) -> G (return_resultlock_wait_i -> F call_resultlock_signal_i),G(call_resultlock_signal_i -> F return_doResult_i),False
BASIC,19,Acquired locks are released assuming that callbacks return (If the ith worker succeeds in acquiring a lock it will eventually),G (call_doResult_i -> F return_doResult_i) -> G (return_resultlock_wait_i -> F call_resultlock_signal_i),G(call_resultlock_signal_i -> F return_doResult_i),False
BASIC,19,Acquired locks are released assuming that callbacks return (If the ith worker succeeds in acquiring a lock it will eventually),G (call_doResult_i -> F return_doResult_i) -> G (return_resultlock_wait_i -> F call_resultlock_signal_i),G(call_resultlock_signal_i -> F return_resultlock_wait_i),False
BASIC,19,Acquired locks are released assuming that callbacks return (If the ith worker succeeds in acquiring a lock it will eventually),G (call_doResult_i -> F return_doResult_i) -> G (return_resultlock_wait_i -> F call_resultlock_signal_i),G(call_resultlock_signal_i -> F return_resultlock_wait_i),False
BASIC,19,Acquired locks are released assuming that callbacks return (If the ith worker succeeds in acquiring a lock it will eventually),G (call_doResult_i -> F return_doResult_i) -> G (return_resultlock_wait_i -> F call_resultlock_signal_i),G(call_resultlock_signal_i -> F return_doResult_i),False
BASIC,19,Acquired locks are released assuming that callbacks return (If the ith worker succeeds in acquiring a lock it will eventually),G (call_doResult_i -> F return_doResult_i) -> G (return_resultlock_wait_i -> F call_resultlock_signal_i),G(call_resultlock_signal_i -> F return_resultlock_wait_i),False
BASIC,20,Computation terminates when workpool is empty or worker signals (The Execute call returns only when the number of workitems),G (call_Execute -> ((!return_Execute) U (return_doWork_done_true_i |_| return_doResult_done_true_i |_| workCountEQzero | G (!return_Execute)))),G((workCountEQzero | return_doWork_done_true_i) -> return_Execute),False
BASIC,20,Computation terminates when workpool is empty or worker signals (The Execute call returns only when the number of workitems),G (call_Execute -> ((!return_Execute) U (return_doWork_done_true_i |_| return_doResult_done_true_i |_| workCountEQzero | G (!return_Execute)))),G((workCountEQzero | return_doWork_done_true_i) -> return_Execute),False
BASIC,20,Computation terminates when workpool is empty or worker signals (The Execute call returns only when the number of workitems),G (call_Execute -> ((!return_Execute) U (return_doWork_done_true_i |_| return_doResult_done_true_i |_| workCountEQzero | G (!return_Execute)))),G((workCountEQzero | return_doWork_done_true_i) -> return_Execute),False
BASIC,20,Computation terminates when workpool is empty or worker signals (The Execute call returns only when the number of workitems),G (call_Execute -> ((!return_Execute) U (return_doWork_done_true_i |_| return_doResult_done_true_i |_| workCountEQzero | G (!return_Execute)))),G((workCountEQzero | return_doWork_done_true_i) -> return_Execute),False
BASIC,20,Computation terminates when workpool is empty or worker signals (The Execute call returns only when the number of workitems),G (call_Execute -> ((!return_Execute) U (return_doWork_done_true_i |_| return_doResult_done_true_i |_| workCountEQzero | G (!return_Execute)))),G((workCountEQzero | return_doWork_done_true_i) -> return_Execute),False
BASIC,20,Computation terminates when workpool is empty or worker signals (The Execute call returns only when the number of workitems),G (call_Execute -> ((!return_Execute) U (return_doWork_done_true_i |_| return_doResult_done_true_i |_| workCountEQzero | G (!return_Execute)))),G((workCountEQzero | return_doWork_done_true_i) -> return_Execute),False
BASIC,20,Computation terminates when workpool is empty or worker signals (The Execute call returns only when the number of workitems),G (call_Execute -> ((!return_Execute) U (return_doWork_done_true_i |_| return_doResult_done_true_i |_| workCountEQzero | G (!return_Execute)))),G((workCountEQzero | return_doWork_done_true_i) -> return_Execute),False
BASIC,20,Computation terminates when workpool is empty or worker signals (The Execute call returns only when the number of workitems),G (call_Execute -> ((!return_Execute) U (return_doWork_done_true_i |_| return_doResult_done_true_i |_| workCountEQzero | G (!return_Execute)))),G((workCountEQzero | return_doWork_done_true_i) -> return_Execute),False
BASIC,20,Computation terminates when workpool is empty or worker signals (The Execute call returns only when the number of workitems),G (call_Execute -> ((!return_Execute) U (return_doWork_done_true_i |_| return_doResult_done_true_i |_| workCountEQzero | G (!return_Execute)))),G((workCountEQzero | return_doWork_done_true_i) -> return_Execute),False
BASIC,20,Computation terminates when workpool is empty or worker signals (The Execute call returns only when the number of workitems),G (call_Execute -> ((!return_Execute) U (return_doWork_done_true_i |_| return_doResult_done_true_i |_| workCountEQzero | G (!return_Execute)))),G((workCountEQzero | return_doWork_done_true_i) -> F return_Execute),False
BASIC,20,Computation terminates when workpool is empty or worker signals (The Execute call returns only when the number of workitems),G (call_Execute -> ((!return_Execute) U (return_doWork_done_true_i |_| return_doResult_done_true_i |_| workCountEQzero | G (!return_Execute)))),G((workCountEQzero | return_doWork_done_true_i) -> return_Execute),False
BASIC,20,Computation terminates when workpool is empty or worker signals (The Execute call returns only when the number of workitems),G (call_Execute -> ((!return_Execute) U (return_doWork_done_true_i |_| return_doResult_done_true_i |_| workCountEQzero | G (!return_Execute)))),G((workCountEQzero | return_doWork_done_true_i) -> return_Execute),False
BASIC,20,Computation terminates when workpool is empty or worker signals (The Execute call returns only when the number of workitems),G (call_Execute -> ((!return_Execute) U (return_doWork_done_true_i |_| return_doResult_done_true_i |_| workCountEQzero | G (!return_Execute)))),G((workCountEQzero | return_doWork_done_true_i) -> return_Execute),False
BASIC,20,Computation terminates when workpool is empty or worker signals (The Execute call returns only when the number of workitems),G (call_Execute -> ((!return_Execute) U (return_doWork_done_true_i |_| return_doResult_done_true_i |_| workCountEQzero | G (!return_Execute)))),G((workCountEQzero | return_doWork_done_true_i) -> return_Execute),False
BASIC,20,Computation terminates when workpool is empty or worker signals (The Execute call returns only when the number of workitems),G (call_Execute -> ((!return_Execute) U (return_doWork_done_true_i |_| return_doResult_done_true_i |_| workCountEQzero | G (!return_Execute)))),G((workCountEQzero | return_doWork_done_true_i) -> return_Execute),False
BASIC,20,Computation terminates when workpool is empty or worker signals (The Execute call returns only when the number of workitems),G (call_Execute -> ((!return_Execute) U (return_doWork_done_true_i |_| return_doResult_done_true_i |_| workCountEQzero | G (!return_Execute)))),G((workCountEQzero | return_doWork_done_true_i) -> return_Execute),False
BASIC,20,Computation terminates when workpool is empty or worker signals (The Execute call returns only when the number of workitems),G (call_Execute -> ((!return_Execute) U (return_doWork_done_true_i |_| return_doResult_done_true_i |_| workCountEQzero | G (!return_Execute)))),G((workCountEQzero | return_doWork_done_true_i) -> return_Execute),False
BASIC,20,Computation terminates when workpool is empty or worker signals (The Execute call returns only when the number of workitems),G (call_Execute -> ((!return_Execute) U (return_doWork_done_true_i |_| return_doResult_done_true_i |_| workCountEQzero | G (!return_Execute)))),G((workCountEQzero | return_doWork_done_true_i) -> return_Execute),False
BASIC,20,Computation terminates when workpool is empty or worker signals (The Execute call returns only when the number of workitems),G (call_Execute -> ((!return_Execute) U (return_doWork_done_true_i |_| return_doResult_done_true_i |_| workCountEQzero | G (!return_Execute)))),G((workCountEQzero | return_doWork_done_true_i) -> return_Execute),False
BASIC,20,Computation terminates when workpool is empty or worker signals (The Execute call returns only when the number of workitems),G (call_Execute -> ((!return_Execute) U (return_doWork_done_true_i |_| return_doResult_done_true_i |_| workCountEQzero | G (!return_Execute)))),G((workCountEQzero | return_doWork_done_true_i) -> return_Execute),False
BASIC,20,Computation terminates when workpool is empty or worker signals (The Execute call returns only when the number of workitems),G (call_Execute -> ((!return_Execute) U (return_doWork_done_true_i |_| return_doResult_done_true_i |_| workCountEQzero | G (!return_Execute)))),G((workCountEQzero | return_doWork_done_true_i) -> return_Execute),False
BASIC,20,Computation terminates when workpool is empty or worker signals (The Execute call returns only when the number of workitems),G (call_Execute -> ((!return_Execute) U (return_doWork_done_true_i |_| return_doResult_done_true_i |_| workCountEQzero | G (!return_Execute)))),G((workCountEQzero | return_doWork_done_true_i) -> F return_Execute),False
BASIC,20,Computation terminates when workpool is empty or worker signals (The Execute call returns only when the number of workitems),G (call_Execute -> ((!return_Execute) U (return_doWork_done_true_i |_| return_doResult_done_true_i |_| workCountEQzero | G (!return_Execute)))),G((workCountEQzero | return_doWork_done_true_i) -> return_Execute),False
BASIC,20,Computation terminates when workpool is empty or worker signals (The Execute call returns only when the number of workitems),G (call_Execute -> ((!return_Execute) U (return_doWork_done_true_i |_| return_doResult_done_true_i |_| workCountEQzero | G (!return_Execute)))),G((workCountEQzero | return_doWork_done_true_i) -> return_Execute),False
BASIC,20,Computation terminates when workpool is empty or worker signals (The Execute call returns only when the number of workitems),G (call_Execute -> ((!return_Execute) U (return_doWork_done_true_i |_| return_doResult_done_true_i |_| workCountEQzero | G (!return_Execute)))),G((workCountEQzero | return_doWork_done_true_i) -> F return_Execute),False
BASIC,20,Computation terminates when workpool is empty or worker signals (The Execute call returns only when the number of workitems),G (call_Execute -> ((!return_Execute) U (return_doWork_done_true_i |_| return_doResult_done_true_i |_| workCountEQzero | G (!return_Execute)))),G((workCountEQzero | return_doWork_done_true_i) -> return_Execute),False
BASIC,20,Computation terminates when workpool is empty or worker signals (The Execute call returns only when the number of workitems),G (call_Execute -> ((!return_Execute) U (return_doWork_done_true_i |_| return_doResult_done_true_i |_| workCountEQzero | G (!return_Execute)))),G((workCountEQzero | return_doWork_done_true_i) -> F return_Execute),False
BASIC,20,Computation terminates when workpool is empty or worker signals (The Execute call returns only when the number of workitems),G (call_Execute -> ((!return_Execute) U (return_doWork_done_true_i |_| return_doResult_done_true_i |_| workCountEQzero | G (!return_Execute)))),G((workCountEQzero | return_doWork_done_true_i) -> return_Execute),False
BASIC,20,Computation terminates when workpool is empty or worker signals (The Execute call returns only when the number of workitems),G (call_Execute -> ((!return_Execute) U (return_doWork_done_true_i |_| return_doResult_done_true_i |_| workCountEQzero | G (!return_Execute)))),G((workCountEQzero | return_doWork_done_true_i) -> return_Execute),False
BASIC,20,Computation terminates when workpool is empty or worker signals (The Execute call returns only when the number of workitems),G (call_Execute -> ((!return_Execute) U (return_doWork_done_true_i |_| return_doResult_done_true_i |_| workCountEQzero | G (!return_Execute)))),G((workCountEQzero | return_doWork_done_true_i) -> return_Execute),False
BASIC,20,Computation terminates when workpool is empty or worker signals (The Execute call returns only when the number of workitems),G (call_Execute -> ((!return_Execute) U (return_doWork_done_true_i |_| return_doResult_done_true_i |_| workCountEQzero | G (!return_Execute)))),G((workCountEQzero | return_doWork_done_true_i) -> return_Execute),False
BASIC,20,Computation terminates when workpool is empty or worker signals (The Execute call returns only when the number of workitems),G (call_Execute -> ((!return_Execute) U (return_doWork_done_true_i |_| return_doResult_done_true_i |_| workCountEQzero | G (!return_Execute)))),G((workCountEQzero | return_doWork_done_true_i) -> F return_Execute),False
BASIC,20,Computation terminates when workpool is empty or worker signals (The Execute call returns only when the number of workitems),G (call_Execute -> ((!return_Execute) U (return_doWork_done_true_i |_| return_doResult_done_true_i |_| workCountEQzero | G (!return_Execute)))),G((workCountEQzero | return_doWork_done_true_i) -> return_Execute),False
BASIC,20,Computation terminates when workpool is empty or worker signals (The Execute call returns only when the number of workitems),G (call_Execute -> ((!return_Execute) U (return_doWork_done_true_i |_| return_doResult_done_true_i |_| workCountEQzero | G (!return_Execute)))),G((workCountEQzero | return_doWork_done_true_i) -> return_Execute),False
BASIC,20,Computation terminates when workpool is empty or worker signals (The Execute call returns only when the number of workitems),G (call_Execute -> ((!return_Execute) U (return_doWork_done_true_i |_| return_doResult_done_true_i |_| workCountEQzero | G (!return_Execute)))),G((workCountEQzero | return_doWork_done_true_i) -> return_Execute),False
BASIC,20,Computation terminates when workpool is empty or worker signals (The Execute call returns only when the number of workitems),G (call_Execute -> ((!return_Execute) U (return_doWork_done_true_i |_| return_doResult_done_true_i |_| workCountEQzero | G (!return_Execute)))),G((workCountEQzero | return_doWork_done_true_i) -> return_Execute),False
BASIC,20,Computation terminates when workpool is empty or worker signals (The Execute call returns only when the number of workitems),G (call_Execute -> ((!return_Execute) U (return_doWork_done_true_i |_| return_doResult_done_true_i |_| workCountEQzero | G (!return_Execute)))),G((workCountEQzero | return_doWork_done_true_i) -> return_Execute),False
BASIC,20,Computation terminates when workpool is empty or worker signals (The Execute call returns only when the number of workitems),G (call_Execute -> ((!return_Execute) U (return_doWork_done_true_i |_| return_doResult_done_true_i |_| workCountEQzero | G (!return_Execute)))),G((workCountEQzero | return_doWork_done_true_i) -> return_Execute),False
BASIC,20,Computation terminates when workpool is empty or worker signals (The Execute call returns only when the number of workitems),G (call_Execute -> ((!return_Execute) U (return_doWork_done_true_i |_| return_doResult_done_true_i |_| workCountEQzero | G (!return_Execute)))),G((workCountEQzero | return_doWork_done_true_i) -> return_Execute),False
BASIC,20,Computation terminates when workpool is empty or worker signals (The Execute call returns only when the number of workitems),G (call_Execute -> ((!return_Execute) U (return_doWork_done_true_i |_| return_doResult_done_true_i |_| workCountEQzero | G (!return_Execute)))),G((workCountEQzero | return_doWork_done_true_i) -> return_Execute),False
BASIC,20,Computation terminates when workpool is empty or worker signals (The Execute call returns only when the number of workitems),G (call_Execute -> ((!return_Execute) U (return_doWork_done_true_i |_| return_doResult_done_true_i |_| workCountEQzero | G (!return_Execute)))),G((workCountEQzero | return_doWork_done_true_i) -> return_Execute),False
BASIC,20,Computation terminates when workpool is empty or worker signals (The Execute call returns only when the number of workitems),G (call_Execute -> ((!return_Execute) U (return_doWork_done_true_i |_| return_doResult_done_true_i |_| workCountEQzero | G (!return_Execute)))),G((workCountEQzero | return_doWork_done_true_i) -> return_Execute),False
BASIC,20,Computation terminates when workpool is empty or worker signals (The Execute call returns only when the number of workitems),G (call_Execute -> ((!return_Execute) U (return_doWork_done_true_i |_| return_doResult_done_true_i |_| workCountEQzero | G (!return_Execute)))),G((workCountEQzero | return_doWork_done_true_i) -> return_Execute),False
BASIC,20,Computation terminates when workpool is empty or worker signals (The Execute call returns only when the number of workitems),G (call_Execute -> ((!return_Execute) U (return_doWork_done_true_i |_| return_doResult_done_true_i |_| workCountEQzero | G (!return_Execute)))),G((workCountEQzero | return_doWork_done_true_i) -> F return_Execute),False
BASIC,20,Computation terminates when workpool is empty or worker signals (The Execute call returns only when the number of workitems),G (call_Execute -> ((!return_Execute) U (return_doWork_done_true_i |_| return_doResult_done_true_i |_| workCountEQzero | G (!return_Execute)))),G((workCountEQzero | return_doWork_done_true_i) -> return_Execute),False
BASIC,20,Computation terminates when workpool is empty or worker signals (The Execute call returns only when the number of workitems),G (call_Execute -> ((!return_Execute) U (return_doWork_done_true_i |_| return_doResult_done_true_i |_| workCountEQzero | G (!return_Execute)))),G((workCountEQzero | return_doWork_done_true_i) -> return_Execute),False
BASIC,20,Computation terminates when workpool is empty or worker signals (The Execute call returns only when the number of workitems),G (call_Execute -> ((!return_Execute) U (return_doWork_done_true_i |_| return_doResult_done_true_i |_| workCountEQzero | G (!return_Execute)))),G((workCountEQzero | return_doWork_done_true_i) -> return_Execute),False
BASIC,20,Computation terminates when workpool is empty or worker signals (The Execute call returns only when the number of workitems),G (call_Execute -> ((!return_Execute) U (return_doWork_done_true_i |_| return_doResult_done_true_i |_| workCountEQzero | G (!return_Execute)))),G((workCountEQzero | return_doWork_done_true_i) -> return_Execute),False
BASIC,20,Computation terminates when workpool is empty or worker signals (The Execute call returns only when the number of workitems),G (call_Execute -> ((!return_Execute) U (return_doWork_done_true_i |_| return_doResult_done_true_i |_| workCountEQzero | G (!return_Execute)))),G((workCountEQzero | return_doWork_done_true_i) -> return_Execute),False
BASIC,20,Computation terminates when workpool is empty or worker signals (The Execute call returns only when the number of workitems),G (call_Execute -> ((!return_Execute) U (return_doWork_done_true_i |_| return_doResult_done_true_i |_| workCountEQzero | G (!return_Execute)))),G((workCountEQzero | return_doWork_done_true_i) -> return_Execute),False
BASIC,20,Computation terminates when workpool is empty or worker signals (The Execute call returns only when the number of workitems),G (call_Execute -> ((!return_Execute) U (return_doWork_done_true_i |_| return_doResult_done_true_i |_| workCountEQzero | G (!return_Execute)))),G((workCountEQzero | return_doWork_done_true_i) -> return_Execute),False
BASIC,20,Computation terminates when workpool is empty or worker signals (The Execute call returns only when the number of workitems),G (call_Execute -> ((!return_Execute) U (return_doWork_done_true_i |_| return_doResult_done_true_i |_| workCountEQzero | G (!return_Execute)))),G((workCountEQzero | return_doWork_done_true_i) -> return_Execute),False
BASIC,20,Computation terminates when workpool is empty or worker signals (The Execute call returns only when the number of workitems),G (call_Execute -> ((!return_Execute) U (return_doWork_done_true_i |_| return_doResult_done_true_i |_| workCountEQzero | G (!return_Execute)))),G((workCountEQzero | return_doWork_done_true_i) -> return_Execute),False
BASIC,20,Computation terminates when workpool is empty or worker signals (The Execute call returns only when the number of workitems),G (call_Execute -> ((!return_Execute) U (return_doWork_done_true_i |_| return_doResult_done_true_i |_| workCountEQzero | G (!return_Execute)))),G((workCountEQzero | return_doWork_done_true_i) -> return_Execute),False
BASIC,20,Computation terminates when workpool is empty or worker signals (The Execute call returns only when the number of workitems),G (call_Execute -> ((!return_Execute) U (return_doWork_done_true_i |_| return_doResult_done_true_i |_| workCountEQzero | G (!return_Execute)))),G((workCountEQzero | return_doWork_done_true_i) -> return_Execute),False
BASIC,20,Computation terminates when workpool is empty or worker signals (The Execute call returns only when the number of workitems),G (call_Execute -> ((!return_Execute) U (return_doWork_done_true_i |_| return_doResult_done_true_i |_| workCountEQzero | G (!return_Execute)))),G((workCountEQzero | return_doWork_done_true_i) -> return_Execute),False
BASIC,20,Computation terminates when workpool is empty or worker signals (The Execute call returns only when the number of workitems),G (call_Execute -> ((!return_Execute) U (return_doWork_done_true_i |_| return_doResult_done_true_i |_| workCountEQzero | G (!return_Execute)))),G((workCountEQzero | return_doWork_done_true_i) -> return_Execute),False
BASIC,20,Computation terminates when workpool is empty or worker signals (The Execute call returns only when the number of workitems),G (call_Execute -> ((!return_Execute) U (return_doWork_done_true_i |_| return_doResult_done_true_i |_| workCountEQzero | G (!return_Execute)))),G((workCountEQzero | return_doWork_done_true_i) -> return_Execute),False
BASIC,20,Computation terminates when workpool is empty or worker signals (The Execute call returns only when the number of workitems),G (call_Execute -> ((!return_Execute) U (return_doWork_done_true_i |_| return_doResult_done_true_i |_| workCountEQzero | G (!return_Execute)))),G((workCountEQzero | return_doWork_done_true_i) -> return_Execute),False
BASIC,20,Computation terminates when workpool is empty or worker signals (The Execute call returns only when the number of workitems),G (call_Execute -> ((!return_Execute) U (return_doWork_done_true_i |_| return_doResult_done_true_i |_| workCountEQzero | G (!return_Execute)))),G((workCountEQzero | return_doWork_done_true_i) -> return_Execute),False
BASIC,20,Computation terminates when workpool is empty or worker signals (The Execute call returns only when the number of workitems),G (call_Execute -> ((!return_Execute) U (return_doWork_done_true_i |_| return_doResult_done_true_i |_| workCountEQzero | G (!return_Execute)))),G((workCountEQzero | return_doWork_done_true_i) -> return_Execute),False
BASIC,20,Computation terminates when workpool is empty or worker signals (The Execute call returns only when the number of workitems),G (call_Execute -> ((!return_Execute) U (return_doWork_done_true_i |_| return_doResult_done_true_i |_| workCountEQzero | G (!return_Execute)))),G((workCountEQzero | return_doWork_done_true_i) -> return_Execute),False
BASIC,20,Computation terminates when workpool is empty or worker signals (The Execute call returns only when the number of workitems),G (call_Execute -> ((!return_Execute) U (return_doWork_done_true_i |_| return_doResult_done_true_i |_| workCountEQzero | G (!return_Execute)))),G((workCountEQzero | return_doWork_done_true_i) -> F return_Execute),False
BASIC,20,Computation terminates when workpool is empty or worker signals (The Execute call returns only when the number of workitems),G (call_Execute -> ((!return_Execute) U (return_doWork_done_true_i |_| return_doResult_done_true_i |_| workCountEQzero | G (!return_Execute)))),G((workCountEQzero | return_doWork_done_true_i) -> return_Execute),False
BASIC,20,Computation terminates when workpool is empty or worker signals (The Execute call returns only when the number of workitems),G (call_Execute -> ((!return_Execute) U (return_doWork_done_true_i |_| return_doResult_done_true_i |_| workCountEQzero | G (!return_Execute)))),G((workCountEQzero | return_doWork_done_true_i) -> return_Execute),False
BASIC,20,Computation terminates when workpool is empty or worker signals (The Execute call returns only when the number of workitems),G (call_Execute -> ((!return_Execute) U (return_doWork_done_true_i |_| return_doResult_done_true_i |_| workCountEQzero | G (!return_Execute)))),G((workCountEQzero | return_doWork_done_true_i) -> return_Execute),False
BASIC,20,Computation terminates when workpool is empty or worker signals (The Execute call returns only when the number of workitems),G (call_Execute -> ((!return_Execute) U (return_doWork_done_true_i |_| return_doResult_done_true_i |_| workCountEQzero | G (!return_Execute)))),G((workCountEQzero | return_doWork_done_true_i) -> return_Execute),False
BASIC,20,Computation terminates when workpool is empty or worker signals (The Execute call returns only when the number of workitems),G (call_Execute -> ((!return_Execute) U (return_doWork_done_true_i |_| return_doResult_done_true_i |_| workCountEQzero | G (!return_Execute)))),G((workCountEQzero | return_doWork_done_true_i) -> F return_Execute),False
BASIC,20,Computation terminates when workpool is empty or worker signals (The Execute call returns only when the number of workitems),G (call_Execute -> ((!return_Execute) U (return_doWork_done_true_i |_| return_doResult_done_true_i |_| workCountEQzero | G (!return_Execute)))),G((workCountEQzero | return_doWork_done_true_i) -> return_Execute),False
BASIC,20,Computation terminates when workpool is empty or worker signals (The Execute call returns only when the number of workitems),G (call_Execute -> ((!return_Execute) U (return_doWork_done_true_i |_| return_doResult_done_true_i |_| workCountEQzero | G (!return_Execute)))),G((workCountEQzero | return_doWork_done_true_i) -> return_Execute),False
BASIC,20,Computation terminates when workpool is empty or worker signals (The Execute call returns only when the number of workitems),G (call_Execute -> ((!return_Execute) U (return_doWork_done_true_i |_| return_doResult_done_true_i |_| workCountEQzero | G (!return_Execute)))),G((workCountEQzero | return_doWork_done_true_i) -> return_Execute),False
BASIC,20,Computation terminates when workpool is empty or worker signals (The Execute call returns only when the number of workitems),G (call_Execute -> ((!return_Execute) U (return_doWork_done_true_i |_| return_doResult_done_true_i |_| workCountEQzero | G (!return_Execute)))),G((workCountEQzero | return_doWork_done_true_i) -> return_Execute),False
BASIC,20,Computation terminates when workpool is empty or worker signals (The Execute call returns only when the number of workitems),G (call_Execute -> ((!return_Execute) U (return_doWork_done_true_i |_| return_doResult_done_true_i |_| workCountEQzero | G (!return_Execute)))),G((workCountEQzero | return_doWork_done_true_i) -> return_Execute),False
BASIC,20,Computation terminates when workpool is empty or worker signals (The Execute call returns only when the number of workitems),G (call_Execute -> ((!return_Execute) U (return_doWork_done_true_i |_| return_doResult_done_true_i |_| workCountEQzero | G (!return_Execute)))),G((workCountEQzero | return_doWork_done_true_i) -> F return_Execute),False
BASIC,20,Computation terminates when workpool is empty or worker signals (The Execute call returns only when the number of workitems),G (call_Execute -> ((!return_Execute) U (return_doWork_done_true_i |_| return_doResult_done_true_i |_| workCountEQzero | G (!return_Execute)))),G((workCountEQzero | return_doWork_done_true_i) -> return_Execute),False
BASIC,20,Computation terminates when workpool is empty or worker signals (The Execute call returns only when the number of workitems),G (call_Execute -> ((!return_Execute) U (return_doWork_done_true_i |_| return_doResult_done_true_i |_| workCountEQzero | G (!return_Execute)))),G((workCountEQzero | return_doWork_done_true_i) -> return_Execute),False
BASIC,20,Computation terminates when workpool is empty or worker signals (The Execute call returns only when the number of workitems),G (call_Execute -> ((!return_Execute) U (return_doWork_done_true_i |_| return_doResult_done_true_i |_| workCountEQzero | G (!return_Execute)))),G((workCountEQzero | return_doWork_done_true_i) -> return_Execute),False
BASIC,20,Computation terminates when workpool is empty or worker signals (The Execute call returns only when the number of workitems),G (call_Execute -> ((!return_Execute) U (return_doWork_done_true_i |_| return_doResult_done_true_i |_| workCountEQzero | G (!return_Execute)))),G((workCountEQzero | return_doWork_done_true_i) -> return_Execute),False
BASIC,20,Computation terminates when workpool is empty or worker signals (The Execute call returns only when the number of workitems),G (call_Execute -> ((!return_Execute) U (return_doWork_done_true_i |_| return_doResult_done_true_i |_| workCountEQzero | G (!return_Execute)))),G((workCountEQzero | return_doWork_done_true_i) -> return_Execute),False
BASIC,20,Computation terminates when workpool is empty or worker signals (The Execute call returns only when the number of workitems),G (call_Execute -> ((!return_Execute) U (return_doWork_done_true_i |_| return_doResult_done_true_i |_| workCountEQzero | G (!return_Execute)))),G((workCountEQzero | return_doWork_done_true_i) -> return_Execute),False
BASIC,20,Computation terminates when workpool is empty or worker signals (The Execute call returns only when the number of workitems),G (call_Execute -> ((!return_Execute) U (return_doWork_done_true_i |_| return_doResult_done_true_i |_| workCountEQzero | G (!return_Execute)))),G((workCountEQzero | return_doWork_done_true_i) -> return_Execute),False
BASIC,20,Computation terminates when workpool is empty or worker signals (The Execute call returns only when the number of workitems),G (call_Execute -> ((!return_Execute) U (return_doWork_done_true_i |_| return_doResult_done_true_i |_| workCountEQzero | G (!return_Execute)))),G((workCountEQzero | return_doWork_done_true_i) -> return_Execute),False
BASIC,20,Computation terminates when workpool is empty or worker signals (The Execute call returns only when the number of workitems),G (call_Execute -> ((!return_Execute) U (return_doWork_done_true_i |_| return_doResult_done_true_i |_| workCountEQzero | G (!return_Execute)))),G((workCountEQzero | return_doWork_done_true_i) -> return_Execute),False
BASIC,20,Computation terminates when workpool is empty or worker signals (The Execute call returns only when the number of workitems),G (call_Execute -> ((!return_Execute) U (return_doWork_done_true_i |_| return_doResult_done_true_i |_| workCountEQzero | G (!return_Execute)))),G((workCountEQzero | return_doWork_done_true_i) -> return_Execute),False
BASIC,20,Computation terminates when workpool is empty or worker signals (The Execute call returns only when the number of workitems),G (call_Execute -> ((!return_Execute) U (return_doWork_done_true_i |_| return_doResult_done_true_i |_| workCountEQzero | G (!return_Execute)))),G((workCountEQzero | return_doWork_done_true_i) -> return_Execute),False
BASIC,20,Computation terminates when workpool is empty or worker signals (The Execute call returns only when the number of workitems),G (call_Execute -> ((!return_Execute) U (return_doWork_done_true_i |_| return_doResult_done_true_i |_| workCountEQzero | G (!return_Execute)))),G((workCountEQzero | return_doWork_done_true_i) -> F return_Execute),False
BASIC,20,Computation terminates when workpool is empty or worker signals (The Execute call returns only when the number of workitems),G (call_Execute -> ((!return_Execute) U (return_doWork_done_true_i |_| return_doResult_done_true_i |_| workCountEQzero | G (!return_Execute)))),G((workCountEQzero | return_doWork_done_true_i) -> return_Execute),False
BASIC,20,Computation terminates when workpool is empty or worker signals (The Execute call returns only when the number of workitems),G (call_Execute -> ((!return_Execute) U (return_doWork_done_true_i |_| return_doResult_done_true_i |_| workCountEQzero | G (!return_Execute)))),G((workCountEQzero | return_doWork_done_true_i) -> return_Execute),False
BASIC,20,Computation terminates when workpool is empty or worker signals (The Execute call returns only when the number of workitems),G (call_Execute -> ((!return_Execute) U (return_doWork_done_true_i |_| return_doResult_done_true_i |_| workCountEQzero | G (!return_Execute)))),G((workCountEQzero | return_doWork_done_true_i) -> return_Execute),False
BASIC,20,Computation terminates when workpool is empty or worker signals (The Execute call returns only when the number of workitems),G (call_Execute -> ((!return_Execute) U (return_doWork_done_true_i |_| return_doResult_done_true_i |_| workCountEQzero | G (!return_Execute)))),G((workCountEQzero | return_doWork_done_true_i) -> return_Execute),False
BASIC,20,Computation terminates when workpool is empty or worker signals (The Execute call returns only when the number of workitems),G (call_Execute -> ((!return_Execute) U (return_doWork_done_true_i |_| return_doResult_done_true_i |_| workCountEQzero | G (!return_Execute)))),G((workCountEQzero | return_doWork_done_true_i) -> return_Execute),False
BASIC,20,Computation terminates when workpool is empty or worker signals (The Execute call returns only when the number of workitems),G (call_Execute -> ((!return_Execute) U (return_doWork_done_true_i |_| return_doResult_done_true_i |_| workCountEQzero | G (!return_Execute)))),G((workCountEQzero | return_doWork_done_true_i) -> return_Execute),False
BASIC,20,Computation terminates when workpool is empty or worker signals (The Execute call returns only when the number of workitems),G (call_Execute -> ((!return_Execute) U (return_doWork_done_true_i |_| return_doResult_done_true_i |_| workCountEQzero | G (!return_Execute)))),G((workCountEQzero | return_doWork_done_true_i) -> return_Execute),False
BASIC,20,Computation terminates when workpool is empty or worker signals (The Execute call returns only when the number of workitems),G (call_Execute -> ((!return_Execute) U (return_doWork_done_true_i |_| return_doResult_done_true_i |_| workCountEQzero | G (!return_Execute)))),G((workCountEQzero | return_doWork_done_true_i) -> return_Execute),False
BASIC,20,Computation terminates when workpool is empty or worker signals (The Execute call returns only when the number of workitems),G (call_Execute -> ((!return_Execute) U (return_doWork_done_true_i |_| return_doResult_done_true_i |_| workCountEQzero | G (!return_Execute)))),G((workCountEQzero | return_doWork_done_true_i) -> F return_Execute),False
BASIC,20,Computation terminates when workpool is empty or worker signals (The Execute call returns only when the number of workitems),G (call_Execute -> ((!return_Execute) U (return_doWork_done_true_i |_| return_doResult_done_true_i |_| workCountEQzero | G (!return_Execute)))),G((workCountEQzero | return_doWork_done_true_i) -> return_Execute),False
BASIC,20,Computation terminates when workpool is empty or worker signals (The Execute call returns only when the number of workitems),G (call_Execute -> ((!return_Execute) U (return_doWork_done_true_i |_| return_doResult_done_true_i |_| workCountEQzero | G (!return_Execute)))),G((workCountEQzero | return_doWork_done_true_i) -> return_Execute),False
BASIC,20,Computation terminates when workpool is empty or worker signals (The Execute call returns only when the number of workitems),G (call_Execute -> ((!return_Execute) U (return_doWork_done_true_i |_| return_doResult_done_true_i |_| workCountEQzero | G (!return_Execute)))),G((workCountEQzero | return_doWork_done_true_i) -> return_Execute),False
BASIC,20,Computation terminates when workpool is empty or worker signals (The Execute call returns only when the number of workitems),G (call_Execute -> ((!return_Execute) U (return_doWork_done_true_i |_| return_doResult_done_true_i |_| workCountEQzero | G (!return_Execute)))),G((workCountEQzero | return_doWork_done_true_i) -> F return_Execute),False
BASIC,20,Computation terminates when workpool is empty or worker signals (The Execute call returns only when the number of workitems),G (call_Execute -> ((!return_Execute) U (return_doWork_done_true_i |_| return_doResult_done_true_i |_| workCountEQzero | G (!return_Execute)))),G((workCountEQzero | return_doWork_done_true_i) -> return_Execute),False
BASIC,22,"A worker signals done only if its local computation does so. (The ActivePool task accepts ""Finished"" only if ""done"" is true)",(!return_pool_Finished) U (return_doWork_done_true_i |_| return_doResult_done_true_i |_| G  (!return_pool_Finished)),G(return_pool_Finished -> return_doResult_done_true_i),False
BASIC,22,"A worker signals done only if its local computation does so. (The ActivePool task accepts ""Finished"" only if ""done"" is true)",(!return_pool_Finished) U (return_doWork_done_true_i |_| return_doResult_done_true_i |_| G  (!return_pool_Finished)),G(return_pool_Finished -> return_doResult_done_true_i),False
BASIC,22,"A worker signals done only if its local computation does so. (The ActivePool task accepts ""Finished"" only if ""done"" is true)",(!return_pool_Finished) U (return_doWork_done_true_i |_| return_doResult_done_true_i |_| G  (!return_pool_Finished)),G(return_pool_Finished -> return_doResult_done_true_i),False
BASIC,22,"A worker signals done only if its local computation does so. (The ActivePool task accepts ""Finished"" only if ""done"" is true)",(!return_pool_Finished) U (return_doWork_done_true_i |_| return_doResult_done_true_i |_| G  (!return_pool_Finished)),G(return_pool_Finished -> return_doWork_done_true_i),False
BASIC,22,"A worker signals done only if its local computation does so. (The ActivePool task accepts ""Finished"" only if ""done"" is true)",(!return_pool_Finished) U (return_doWork_done_true_i |_| return_doResult_done_true_i |_| G  (!return_pool_Finished)),G(return_pool_Finished -> return_doResult_done_true_i),False
BASIC,22,"A worker signals done only if its local computation does so. (The ActivePool task accepts ""Finished"" only if ""done"" is true)",(!return_pool_Finished) U (return_doWork_done_true_i |_| return_doResult_done_true_i |_| G  (!return_pool_Finished)),G(return_pool_Finished -> return_doResult_done_true_i),False
BASIC,22,"A worker signals done only if its local computation does so. (The ActivePool task accepts ""Finished"" only if ""done"" is true)",(!return_pool_Finished) U (return_doWork_done_true_i |_| return_doResult_done_true_i |_| G  (!return_pool_Finished)),G(return_pool_Finished -> return_doResult_done_true_i),False
BASIC,22,"A worker signals done only if its local computation does so. (The ActivePool task accepts ""Finished"" only if ""done"" is true)",(!return_pool_Finished) U (return_doWork_done_true_i |_| return_doResult_done_true_i |_| G  (!return_pool_Finished)),G(return_pool_Finished -> return_doResult_done_true_i),False
BASIC,22,"A worker signals done only if its local computation does so. (The ActivePool task accepts ""Finished"" only if ""done"" is true)",(!return_pool_Finished) U (return_doWork_done_true_i |_| return_doResult_done_true_i |_| G  (!return_pool_Finished)),G(return_pool_Finished -> return_doResult_done_true_i),False
BASIC,22,"A worker signals done only if its local computation does so. (The ActivePool task accepts ""Finished"" only if ""done"" is true)",(!return_pool_Finished) U (return_doWork_done_true_i |_| return_doResult_done_true_i |_| G  (!return_pool_Finished)),G(return_pool_Finished -> return_doResult_done_true_i),False
BASIC,22,"A worker signals done only if its local computation does so. (The ActivePool task accepts ""Finished"" only if ""done"" is true)",(!return_pool_Finished) U (return_doWork_done_true_i |_| return_doResult_done_true_i |_| G  (!return_pool_Finished)),G(return_pool_Finished -> return_doWork_done_true_i),False
BASIC,22,"A worker signals done only if its local computation does so. (The ActivePool task accepts ""Finished"" only if ""done"" is true)",(!return_pool_Finished) U (return_doWork_done_true_i |_| return_doResult_done_true_i |_| G  (!return_pool_Finished)),G(return_pool_Finished -> return_doResult_done_true_i),False
BASIC,22,"A worker signals done only if its local computation does so. (The ActivePool task accepts ""Finished"" only if ""done"" is true)",(!return_pool_Finished) U (return_doWork_done_true_i |_| return_doResult_done_true_i |_| G  (!return_pool_Finished)),G(return_pool_Finished -> return_doResult_done_true_i),False
BASIC,22,"A worker signals done only if its local computation does so. (The ActivePool task accepts ""Finished"" only if ""done"" is true)",(!return_pool_Finished) U (return_doWork_done_true_i |_| return_doResult_done_true_i |_| G  (!return_pool_Finished)),G(return_pool_Finished -> return_doResult_done_true_i),False
BASIC,22,"A worker signals done only if its local computation does so. (The ActivePool task accepts ""Finished"" only if ""done"" is true)",(!return_pool_Finished) U (return_doWork_done_true_i |_| return_doResult_done_true_i |_| G  (!return_pool_Finished)),G(return_pool_Finished -> return_doResult_done_true_i),False
BASIC,22,"A worker signals done only if its local computation does so. (The ActivePool task accepts ""Finished"" only if ""done"" is true)",(!return_pool_Finished) U (return_doWork_done_true_i |_| return_doResult_done_true_i |_| G  (!return_pool_Finished)),G(return_pool_Finished -> return_doResult_done_true_i),False
BASIC,22,"A worker signals done only if its local computation does so. (The ActivePool task accepts ""Finished"" only if ""done"" is true)",(!return_pool_Finished) U (return_doWork_done_true_i |_| return_doResult_done_true_i |_| G  (!return_pool_Finished)),G(return_pool_Finished -> return_doWork_done_true_i),False
BASIC,22,"A worker signals done only if its local computation does so. (The ActivePool task accepts ""Finished"" only if ""done"" is true)",(!return_pool_Finished) U (return_doWork_done_true_i |_| return_doResult_done_true_i |_| G  (!return_pool_Finished)),G(return_pool_Finished -> return_doResult_done_true_i),False
BASIC,22,"A worker signals done only if its local computation does so. (The ActivePool task accepts ""Finished"" only if ""done"" is true)",(!return_pool_Finished) U (return_doWork_done_true_i |_| return_doResult_done_true_i |_| G  (!return_pool_Finished)),G(return_pool_Finished -> return_doResult_done_true_i),False
BASIC,22,"A worker signals done only if its local computation does so. (The ActivePool task accepts ""Finished"" only if ""done"" is true)",(!return_pool_Finished) U (return_doWork_done_true_i |_| return_doResult_done_true_i |_| G  (!return_pool_Finished)),G(return_pool_Finished -> return_doResult_done_true_i),False
BASIC,22,"A worker signals done only if its local computation does so. (The ActivePool task accepts ""Finished"" only if ""done"" is true)",(!return_pool_Finished) U (return_doWork_done_true_i |_| return_doResult_done_true_i |_| G  (!return_pool_Finished)),G(return_pool_Finished -> return_doResult_done_true_i),False
BASIC,22,"A worker signals done only if its local computation does so. (The ActivePool task accepts ""Finished"" only if ""done"" is true)",(!return_pool_Finished) U (return_doWork_done_true_i |_| return_doResult_done_true_i |_| G  (!return_pool_Finished)),G(return_pool_Finished -> return_doResult_done_true_i),False
BASIC,22,"A worker signals done only if its local computation does so. (The ActivePool task accepts ""Finished"" only if ""done"" is true)",(!return_pool_Finished) U (return_doWork_done_true_i |_| return_doResult_done_true_i |_| G  (!return_pool_Finished)),G(return_pool_Finished -> return_doResult_done_true_i),False
BASIC,22,"A worker signals done only if its local computation does so. (The ActivePool task accepts ""Finished"" only if ""done"" is true)",(!return_pool_Finished) U (return_doWork_done_true_i |_| return_doResult_done_true_i |_| G  (!return_pool_Finished)),G(return_pool_Finished -> return_doWork_done_true_i),False
BASIC,22,"A worker signals done only if its local computation does so. (The ActivePool task accepts ""Finished"" only if ""done"" is true)",(!return_pool_Finished) U (return_doWork_done_true_i |_| return_doResult_done_true_i |_| G  (!return_pool_Finished)),G(return_pool_Finished -> return_doResult_done_true_i),False
BASIC,22,"A worker signals done only if its local computation does so. (The ActivePool task accepts ""Finished"" only if ""done"" is true)",(!return_pool_Finished) U (return_doWork_done_true_i |_| return_doResult_done_true_i |_| G  (!return_pool_Finished)),G(return_pool_Finished -> return_doResult_done_true_i),False
BASIC,22,"A worker signals done only if its local computation does so. (The ActivePool task accepts ""Finished"" only if ""done"" is true)",(!return_pool_Finished) U (return_doWork_done_true_i |_| return_doResult_done_true_i |_| G  (!return_pool_Finished)),G(return_pool_Finished -> return_doResult_done_true_i),False
BASIC,22,"A worker signals done only if its local computation does so. (The ActivePool task accepts ""Finished"" only if ""done"" is true)",(!return_pool_Finished) U (return_doWork_done_true_i |_| return_doResult_done_true_i |_| G  (!return_pool_Finished)),G(return_pool_Finished -> return_doResult_done_true_i),False
BASIC,22,"A worker signals done only if its local computation does so. (The ActivePool task accepts ""Finished"" only if ""done"" is true)",(!return_pool_Finished) U (return_doWork_done_true_i |_| return_doResult_done_true_i |_| G  (!return_pool_Finished)),G(return_pool_Finished -> return_doResult_done_true_i),False
BASIC,22,"A worker signals done only if its local computation does so. (The ActivePool task accepts ""Finished"" only if ""done"" is true)",(!return_pool_Finished) U (return_doWork_done_true_i |_| return_doResult_done_true_i |_| G  (!return_pool_Finished)),G(return_pool_Finished -> return_doResult_done_true_i),False
BASIC,22,"A worker signals done only if its local computation does so. (The ActivePool task accepts ""Finished"" only if ""done"" is true)",(!return_pool_Finished) U (return_doWork_done_true_i |_| return_doResult_done_true_i |_| G  (!return_pool_Finished)),G(return_pool_Finished -> return_doResult_done_true_i),False
BASIC,22,"A worker signals done only if its local computation does so. (The ActivePool task accepts ""Finished"" only if ""done"" is true)",(!return_pool_Finished) U (return_doWork_done_true_i |_| return_doResult_done_true_i |_| G  (!return_pool_Finished)),G(return_pool_Finished -> return_doResult_done_true_i),False
BASIC,22,"A worker signals done only if its local computation does so. (The ActivePool task accepts ""Finished"" only if ""done"" is true)",(!return_pool_Finished) U (return_doWork_done_true_i |_| return_doResult_done_true_i |_| G  (!return_pool_Finished)),G(return_pool_Finished -> return_doResult_done_true_i),False
BASIC,22,"A worker signals done only if its local computation does so. (The ActivePool task accepts ""Finished"" only if ""done"" is true)",(!return_pool_Finished) U (return_doWork_done_true_i |_| return_doResult_done_true_i |_| G  (!return_pool_Finished)),G(return_pool_Finished -> return_doResult_done_true_i),False
BASIC,22,"A worker signals done only if its local computation does so. (The ActivePool task accepts ""Finished"" only if ""done"" is true)",(!return_pool_Finished) U (return_doWork_done_true_i |_| return_doResult_done_true_i |_| G  (!return_pool_Finished)),G(return_pool_Finished -> return_doResult_done_true_i),False
BASIC,22,"A worker signals done only if its local computation does so. (The ActivePool task accepts ""Finished"" only if ""done"" is true)",(!return_pool_Finished) U (return_doWork_done_true_i |_| return_doResult_done_true_i |_| G  (!return_pool_Finished)),G(return_pool_Finished -> return_doResult_done_true_i),False
BASIC,22,"A worker signals done only if its local computation does so. (The ActivePool task accepts ""Finished"" only if ""done"" is true)",(!return_pool_Finished) U (return_doWork_done_true_i |_| return_doResult_done_true_i |_| G  (!return_pool_Finished)),G(return_pool_Finished -> return_doResult_done_true_i),False
BASIC,22,"A worker signals done only if its local computation does so. (The ActivePool task accepts ""Finished"" only if ""done"" is true)",(!return_pool_Finished) U (return_doWork_done_true_i |_| return_doResult_done_true_i |_| G  (!return_pool_Finished)),G(return_pool_Finished -> return_doResult_done_true_i),False
BASIC,22,"A worker signals done only if its local computation does so. (The ActivePool task accepts ""Finished"" only if ""done"" is true)",(!return_pool_Finished) U (return_doWork_done_true_i |_| return_doResult_done_true_i |_| G  (!return_pool_Finished)),G(return_pool_Finished -> return_doResult_done_true_i),False
BASIC,22,"A worker signals done only if its local computation does so. (The ActivePool task accepts ""Finished"" only if ""done"" is true)",(!return_pool_Finished) U (return_doWork_done_true_i |_| return_doResult_done_true_i |_| G  (!return_pool_Finished)),G(return_pool_Finished -> return_doResult_done_true_i),False
BASIC,22,"A worker signals done only if its local computation does so. (The ActivePool task accepts ""Finished"" only if ""done"" is true)",(!return_pool_Finished) U (return_doWork_done_true_i |_| return_doResult_done_true_i |_| G  (!return_pool_Finished)),G(return_pool_Finished -> return_doWork_done_true_i),False
BASIC,22,"A worker signals done only if its local computation does so. (The ActivePool task accepts ""Finished"" only if ""done"" is true)",(!return_pool_Finished) U (return_doWork_done_true_i |_| return_doResult_done_true_i |_| G  (!return_pool_Finished)),G(return_pool_Finished -> return_doResult_done_true_i),False
BASIC,22,"A worker signals done only if its local computation does so. (The ActivePool task accepts ""Finished"" only if ""done"" is true)",(!return_pool_Finished) U (return_doWork_done_true_i |_| return_doResult_done_true_i |_| G  (!return_pool_Finished)),G(return_pool_Finished -> return_doResult_done_true_i),False
BASIC,22,"A worker signals done only if its local computation does so. (The ActivePool task accepts ""Finished"" only if ""done"" is true)",(!return_pool_Finished) U (return_doWork_done_true_i |_| return_doResult_done_true_i |_| G  (!return_pool_Finished)),G(return_pool_Finished -> return_doResult_done_true_i),False
BASIC,22,"A worker signals done only if its local computation does so. (The ActivePool task accepts ""Finished"" only if ""done"" is true)",(!return_pool_Finished) U (return_doWork_done_true_i |_| return_doResult_done_true_i |_| G  (!return_pool_Finished)),G(return_pool_Finished -> return_doResult_done_true_i),False
BASIC,22,"A worker signals done only if its local computation does so. (The ActivePool task accepts ""Finished"" only if ""done"" is true)",(!return_pool_Finished) U (return_doWork_done_true_i |_| return_doResult_done_true_i |_| G  (!return_pool_Finished)),G(return_pool_Finished -> return_doWork_done_true_i),False
BASIC,22,"A worker signals done only if its local computation does so. (The ActivePool task accepts ""Finished"" only if ""done"" is true)",(!return_pool_Finished) U (return_doWork_done_true_i |_| return_doResult_done_true_i |_| G  (!return_pool_Finished)),G(return_pool_Finished -> return_doWork_done_true_i),False
BASIC,22,"A worker signals done only if its local computation does so. (The ActivePool task accepts ""Finished"" only if ""done"" is true)",(!return_pool_Finished) U (return_doWork_done_true_i |_| return_doResult_done_true_i |_| G  (!return_pool_Finished)),G(return_pool_Finished -> return_doResult_done_true_i),False
BASIC,22,"A worker signals done only if its local computation does so. (The ActivePool task accepts ""Finished"" only if ""done"" is true)",(!return_pool_Finished) U (return_doWork_done_true_i |_| return_doResult_done_true_i |_| G  (!return_pool_Finished)),G(return_pool_Finished -> return_doResult_done_true_i),False
BASIC,22,"A worker signals done only if its local computation does so. (The ActivePool task accepts ""Finished"" only if ""done"" is true)",(!return_pool_Finished) U (return_doWork_done_true_i |_| return_doResult_done_true_i |_| G  (!return_pool_Finished)),G(return_pool_Finished -> return_doResult_done_true_i),False
BASIC,22,"A worker signals done only if its local computation does so. (The ActivePool task accepts ""Finished"" only if ""done"" is true)",(!return_pool_Finished) U (return_doWork_done_true_i |_| return_doResult_done_true_i |_| G  (!return_pool_Finished)),G(return_pool_Finished -> return_doResult_done_true_i),False
BASIC,22,"A worker signals done only if its local computation does so. (The ActivePool task accepts ""Finished"" only if ""done"" is true)",(!return_pool_Finished) U (return_doWork_done_true_i |_| return_doResult_done_true_i |_| G  (!return_pool_Finished)),G(return_pool_Finished -> return_doWork_done_true_i),False
BASIC,22,"A worker signals done only if its local computation does so. (The ActivePool task accepts ""Finished"" only if ""done"" is true)",(!return_pool_Finished) U (return_doWork_done_true_i |_| return_doResult_done_true_i |_| G  (!return_pool_Finished)),G(return_pool_Finished -> return_doResult_done_true_i),False
BASIC,22,"A worker signals done only if its local computation does so. (The ActivePool task accepts ""Finished"" only if ""done"" is true)",(!return_pool_Finished) U (return_doWork_done_true_i |_| return_doResult_done_true_i |_| G  (!return_pool_Finished)),G(return_pool_Finished -> return_doResult_done_true_i),False
BASIC,22,"A worker signals done only if its local computation does so. (The ActivePool task accepts ""Finished"" only if ""done"" is true)",(!return_pool_Finished) U (return_doWork_done_true_i |_| return_doResult_done_true_i |_| G  (!return_pool_Finished)),G(return_pool_Finished -> return_doResult_done_true_i),False
BASIC,22,"A worker signals done only if its local computation does so. (The ActivePool task accepts ""Finished"" only if ""done"" is true)",(!return_pool_Finished) U (return_doWork_done_true_i |_| return_doResult_done_true_i |_| G  (!return_pool_Finished)),G(return_pool_Finished -> return_doResult_done_true_i),False
BASIC,22,"A worker signals done only if its local computation does so. (The ActivePool task accepts ""Finished"" only if ""done"" is true)",(!return_pool_Finished) U (return_doWork_done_true_i |_| return_doResult_done_true_i |_| G  (!return_pool_Finished)),G(return_pool_Finished -> return_doResult_done_true_i),False
BASIC,22,"A worker signals done only if its local computation does so. (The ActivePool task accepts ""Finished"" only if ""done"" is true)",(!return_pool_Finished) U (return_doWork_done_true_i |_| return_doResult_done_true_i |_| G  (!return_pool_Finished)),G(return_pool_Finished -> return_doResult_done_true_i),False
BASIC,22,"A worker signals done only if its local computation does so. (The ActivePool task accepts ""Finished"" only if ""done"" is true)",(!return_pool_Finished) U (return_doWork_done_true_i |_| return_doResult_done_true_i |_| G  (!return_pool_Finished)),G(return_pool_Finished -> return_doResult_done_true_i),False
BASIC,22,"A worker signals done only if its local computation does so. (The ActivePool task accepts ""Finished"" only if ""done"" is true)",(!return_pool_Finished) U (return_doWork_done_true_i |_| return_doResult_done_true_i |_| G  (!return_pool_Finished)),G(return_pool_Finished -> return_doWork_done_true_i),False
BASIC,22,"A worker signals done only if its local computation does so. (The ActivePool task accepts ""Finished"" only if ""done"" is true)",(!return_pool_Finished) U (return_doWork_done_true_i |_| return_doResult_done_true_i |_| G  (!return_pool_Finished)),G(return_pool_Finished -> return_doResult_done_true_i),False
BASIC,22,"A worker signals done only if its local computation does so. (The ActivePool task accepts ""Finished"" only if ""done"" is true)",(!return_pool_Finished) U (return_doWork_done_true_i |_| return_doResult_done_true_i |_| G  (!return_pool_Finished)),G(return_pool_Finished -> return_doResult_done_true_i),False
BASIC,22,"A worker signals done only if its local computation does so. (The ActivePool task accepts ""Finished"" only if ""done"" is true)",(!return_pool_Finished) U (return_doWork_done_true_i |_| return_doResult_done_true_i |_| G  (!return_pool_Finished)),G(return_pool_Finished -> return_doResult_done_true_i),False
BASIC,22,"A worker signals done only if its local computation does so. (The ActivePool task accepts ""Finished"" only if ""done"" is true)",(!return_pool_Finished) U (return_doWork_done_true_i |_| return_doResult_done_true_i |_| G  (!return_pool_Finished)),G(return_pool_Finished -> return_doResult_done_true_i),False
BASIC,22,"A worker signals done only if its local computation does so. (The ActivePool task accepts ""Finished"" only if ""done"" is true)",(!return_pool_Finished) U (return_doWork_done_true_i |_| return_doResult_done_true_i |_| G  (!return_pool_Finished)),G(return_pool_Finished -> return_doResult_done_true_i),False
BASIC,22,"A worker signals done only if its local computation does so. (The ActivePool task accepts ""Finished"" only if ""done"" is true)",(!return_pool_Finished) U (return_doWork_done_true_i |_| return_doResult_done_true_i |_| G  (!return_pool_Finished)),G(return_pool_Finished -> return_doResult_done_true_i),False
BASIC,22,"A worker signals done only if its local computation does so. (The ActivePool task accepts ""Finished"" only if ""done"" is true)",(!return_pool_Finished) U (return_doWork_done_true_i |_| return_doResult_done_true_i |_| G  (!return_pool_Finished)),G(return_pool_Finished -> return_doResult_done_true_i),False
BASIC,22,"A worker signals done only if its local computation does so. (The ActivePool task accepts ""Finished"" only if ""done"" is true)",(!return_pool_Finished) U (return_doWork_done_true_i |_| return_doResult_done_true_i |_| G  (!return_pool_Finished)),G(return_pool_Finished -> return_doResult_done_true_i),False
BASIC,22,"A worker signals done only if its local computation does so. (The ActivePool task accepts ""Finished"" only if ""done"" is true)",(!return_pool_Finished) U (return_doWork_done_true_i |_| return_doResult_done_true_i |_| G  (!return_pool_Finished)),G(return_pool_Finished -> return_doResult_done_true_i),False
BASIC,22,"A worker signals done only if its local computation does so. (The ActivePool task accepts ""Finished"" only if ""done"" is true)",(!return_pool_Finished) U (return_doWork_done_true_i |_| return_doResult_done_true_i |_| G  (!return_pool_Finished)),G(return_pool_Finished -> return_doResult_done_true_i),False
BASIC,22,"A worker signals done only if its local computation does so. (The ActivePool task accepts ""Finished"" only if ""done"" is true)",(!return_pool_Finished) U (return_doWork_done_true_i |_| return_doResult_done_true_i |_| G  (!return_pool_Finished)),G(return_pool_Finished -> return_doResult_done_true_i),False
BASIC,22,"A worker signals done only if its local computation does so. (The ActivePool task accepts ""Finished"" only if ""done"" is true)",(!return_pool_Finished) U (return_doWork_done_true_i |_| return_doResult_done_true_i |_| G  (!return_pool_Finished)),G(return_pool_Finished -> return_doResult_done_true_i),False
BASIC,22,"A worker signals done only if its local computation does so. (The ActivePool task accepts ""Finished"" only if ""done"" is true)",(!return_pool_Finished) U (return_doWork_done_true_i |_| return_doResult_done_true_i |_| G  (!return_pool_Finished)),G(return_pool_Finished -> return_doResult_done_true_i),False
BASIC,22,"A worker signals done only if its local computation does so. (The ActivePool task accepts ""Finished"" only if ""done"" is true)",(!return_pool_Finished) U (return_doWork_done_true_i |_| return_doResult_done_true_i |_| G  (!return_pool_Finished)),G(return_pool_Finished -> return_doWork_done_true_i),False
BASIC,22,"A worker signals done only if its local computation does so. (The ActivePool task accepts ""Finished"" only if ""done"" is true)",(!return_pool_Finished) U (return_doWork_done_true_i |_| return_doResult_done_true_i |_| G  (!return_pool_Finished)),G(return_pool_Finished -> return_doWork_done_true_i),False
BASIC,22,"A worker signals done only if its local computation does so. (The ActivePool task accepts ""Finished"" only if ""done"" is true)",(!return_pool_Finished) U (return_doWork_done_true_i |_| return_doResult_done_true_i |_| G  (!return_pool_Finished)),G(return_pool_Finished -> return_doResult_done_true_i),False
BASIC,22,"A worker signals done only if its local computation does so. (The ActivePool task accepts ""Finished"" only if ""done"" is true)",(!return_pool_Finished) U (return_doWork_done_true_i |_| return_doResult_done_true_i |_| G  (!return_pool_Finished)),G(return_pool_Finished -> return_doResult_done_true_i),False
BASIC,22,"A worker signals done only if its local computation does so. (The ActivePool task accepts ""Finished"" only if ""done"" is true)",(!return_pool_Finished) U (return_doWork_done_true_i |_| return_doResult_done_true_i |_| G  (!return_pool_Finished)),G(return_pool_Finished -> return_doResult_done_true_i),False
BASIC,22,"A worker signals done only if its local computation does so. (The ActivePool task accepts ""Finished"" only if ""done"" is true)",(!return_pool_Finished) U (return_doWork_done_true_i |_| return_doResult_done_true_i |_| G  (!return_pool_Finished)),G(return_pool_Finished -> return_doResult_done_true_i),False
BASIC,22,"A worker signals done only if its local computation does so. (The ActivePool task accepts ""Finished"" only if ""done"" is true)",(!return_pool_Finished) U (return_doWork_done_true_i |_| return_doResult_done_true_i |_| G  (!return_pool_Finished)),G(return_pool_Finished -> return_doWork_done_true_i),False
BASIC,22,"A worker signals done only if its local computation does so. (The ActivePool task accepts ""Finished"" only if ""done"" is true)",(!return_pool_Finished) U (return_doWork_done_true_i |_| return_doResult_done_true_i |_| G  (!return_pool_Finished)),G(return_pool_Finished -> return_doResult_done_true_i),False
BASIC,22,"A worker signals done only if its local computation does so. (The ActivePool task accepts ""Finished"" only if ""done"" is true)",(!return_pool_Finished) U (return_doWork_done_true_i |_| return_doResult_done_true_i |_| G  (!return_pool_Finished)),G(return_pool_Finished -> return_doResult_done_true_i),False
BASIC,22,"A worker signals done only if its local computation does so. (The ActivePool task accepts ""Finished"" only if ""done"" is true)",(!return_pool_Finished) U (return_doWork_done_true_i |_| return_doResult_done_true_i |_| G  (!return_pool_Finished)),G(return_pool_Finished -> return_doResult_done_true_i),False
BASIC,22,"A worker signals done only if its local computation does so. (The ActivePool task accepts ""Finished"" only if ""done"" is true)",(!return_pool_Finished) U (return_doWork_done_true_i |_| return_doResult_done_true_i |_| G  (!return_pool_Finished)),G(return_pool_Finished -> return_doResult_done_true_i),False
BASIC,22,"A worker signals done only if its local computation does so. (The ActivePool task accepts ""Finished"" only if ""done"" is true)",(!return_pool_Finished) U (return_doWork_done_true_i |_| return_doResult_done_true_i |_| G  (!return_pool_Finished)),G(return_pool_Finished -> return_doResult_done_true_i),False
BASIC,22,"A worker signals done only if its local computation does so. (The ActivePool task accepts ""Finished"" only if ""done"" is true)",(!return_pool_Finished) U (return_doWork_done_true_i |_| return_doResult_done_true_i |_| G  (!return_pool_Finished)),G(return_pool_Finished -> return_doResult_done_true_i),False
BASIC,22,"A worker signals done only if its local computation does so. (The ActivePool task accepts ""Finished"" only if ""done"" is true)",(!return_pool_Finished) U (return_doWork_done_true_i |_| return_doResult_done_true_i |_| G  (!return_pool_Finished)),G(return_pool_Finished -> return_doWork_done_true_i),False
BASIC,22,"A worker signals done only if its local computation does so. (The ActivePool task accepts ""Finished"" only if ""done"" is true)",(!return_pool_Finished) U (return_doWork_done_true_i |_| return_doResult_done_true_i |_| G  (!return_pool_Finished)),G(return_pool_Finished -> return_doResult_done_true_i),False
BASIC,22,"A worker signals done only if its local computation does so. (The ActivePool task accepts ""Finished"" only if ""done"" is true)",(!return_pool_Finished) U (return_doWork_done_true_i |_| return_doResult_done_true_i |_| G  (!return_pool_Finished)),G(return_pool_Finished -> return_doResult_done_true_i),False
BASIC,22,"A worker signals done only if its local computation does so. (The ActivePool task accepts ""Finished"" only if ""done"" is true)",(!return_pool_Finished) U (return_doWork_done_true_i |_| return_doResult_done_true_i |_| G  (!return_pool_Finished)),G(return_pool_Finished -> return_doResult_done_true_i),False
BASIC,22,"A worker signals done only if its local computation does so. (The ActivePool task accepts ""Finished"" only if ""done"" is true)",(!return_pool_Finished) U (return_doWork_done_true_i |_| return_doResult_done_true_i |_| G  (!return_pool_Finished)),G(return_pool_Finished -> return_doResult_done_true_i),False
BASIC,22,"A worker signals done only if its local computation does so. (The ActivePool task accepts ""Finished"" only if ""done"" is true)",(!return_pool_Finished) U (return_doWork_done_true_i |_| return_doResult_done_true_i |_| G  (!return_pool_Finished)),G(return_pool_Finished -> return_doResult_done_true_i),False
BASIC,22,"A worker signals done only if its local computation does so. (The ActivePool task accepts ""Finished"" only if ""done"" is true)",(!return_pool_Finished) U (return_doWork_done_true_i |_| return_doResult_done_true_i |_| G  (!return_pool_Finished)),G(return_pool_Finished -> return_doResult_done_true_i),False
BASIC,22,"A worker signals done only if its local computation does so. (The ActivePool task accepts ""Finished"" only if ""done"" is true)",(!return_pool_Finished) U (return_doWork_done_true_i |_| return_doResult_done_true_i |_| G  (!return_pool_Finished)),G(return_pool_Finished -> return_doResult_done_true_i),False
BASIC,22,"A worker signals done only if its local computation does so. (The ActivePool task accepts ""Finished"" only if ""done"" is true)",(!return_pool_Finished) U (return_doWork_done_true_i |_| return_doResult_done_true_i |_| G  (!return_pool_Finished)),G(return_pool_Finished -> return_doResult_done_true_i),False
BASIC,22,"A worker signals done only if its local computation does so. (The ActivePool task accepts ""Finished"" only if ""done"" is true)",(!return_pool_Finished) U (return_doWork_done_true_i |_| return_doResult_done_true_i |_| G  (!return_pool_Finished)),G(return_pool_Finished -> return_doResult_done_true_i),False
BASIC,22,"A worker signals done only if its local computation does so. (The ActivePool task accepts ""Finished"" only if ""done"" is true)",(!return_pool_Finished) U (return_doWork_done_true_i |_| return_doResult_done_true_i |_| G  (!return_pool_Finished)),G(return_pool_Finished -> return_doResult_done_true_i),False
BASIC,22,"A worker signals done only if its local computation does so. (The ActivePool task accepts ""Finished"" only if ""done"" is true)",(!return_pool_Finished) U (return_doWork_done_true_i |_| return_doResult_done_true_i |_| G  (!return_pool_Finished)),G(return_pool_Finished -> return_doResult_done_true_i),False
BASIC,22,"A worker signals done only if its local computation does so. (The ActivePool task accepts ""Finished"" only if ""done"" is true)",(!return_pool_Finished) U (return_doWork_done_true_i |_| return_doResult_done_true_i |_| G  (!return_pool_Finished)),G(return_pool_Finished -> return_doResult_done_true_i),False
BASIC,22,"A worker signals done only if its local computation does so. (The ActivePool task accepts ""Finished"" only if ""done"" is true)",(!return_pool_Finished) U (return_doWork_done_true_i |_| return_doResult_done_true_i |_| G  (!return_pool_Finished)),G(return_pool_Finished -> return_doResult_done_true_i),False
BASIC,28,"After connect is called, any method may be called",G ((connect & F disconnect) -> !connect U disconnect),G(connect -> F(true)),False
BASIC,28,"After connect is called, any method may be called",G ((connect & F disconnect) -> !connect U disconnect),G(connect -> F(true)),False
BASIC,28,"After connect is called, any method may be called",G ((connect & F disconnect) -> !connect U disconnect),G(connect -> F(true)),False
BASIC,28,"After connect is called, any method may be called",G ((connect & F disconnect) -> !connect U disconnect),G(connect -> F(true)),False
BASIC,28,"After connect is called, any method may be called",G ((connect & F disconnect) -> !connect U disconnect),G(connect -> F(true)),False
BASIC,28,"After connect is called, any method may be called",G ((connect & F disconnect) -> !connect U disconnect),G(connect -> F(true)),False
BASIC,28,"After connect is called, any method may be called",G ((connect & F disconnect) -> !connect U disconnect),G(connect -> F(true)),False
BASIC,28,"After connect is called, any method may be called",G ((connect & F disconnect) -> !connect U disconnect),G(connect -> F(true)),False
BASIC,28,"After connect is called, any method may be called",G ((connect & F disconnect) -> !connect U disconnect),G(connect -> F(true)),False
BASIC,28,"After connect is called, any method may be called",G ((connect & F disconnect) -> !connect U disconnect),G(connect -> F(true)),False
BASIC,28,"After connect is called, any method may be called",G ((connect & F disconnect) -> !connect U disconnect),G(connect -> F(true)),False
BASIC,28,"After connect is called, any method may be called",G ((connect & F disconnect) -> !connect U disconnect),G(connect -> F(connect | disconnect)),False
BASIC,28,"After connect is called, any method may be called",G ((connect & F disconnect) -> !connect U disconnect),G(connect -> F(true)),False
BASIC,28,"After connect is called, any method may be called",G ((connect & F disconnect) -> !connect U disconnect),G(connect -> F(true)),False
BASIC,28,"After connect is called, any method may be called",G ((connect & F disconnect) -> !connect U disconnect),G(connect -> F(true)),False
BASIC,28,"After connect is called, any method may be called",G ((connect & F disconnect) -> !connect U disconnect),G(connect -> F(true)),False
BASIC,28,"After connect is called, any method may be called",G ((connect & F disconnect) -> !connect U disconnect),G(connect -> F(true)),False
BASIC,28,"After connect is called, any method may be called",G ((connect & F disconnect) -> !connect U disconnect),G(connect -> F(true)),False
BASIC,28,"After connect is called, any method may be called",G ((connect & F disconnect) -> !connect U disconnect),G(connect -> F(true)),False
BASIC,28,"After connect is called, any method may be called",G ((connect & F disconnect) -> !connect U disconnect),G(connect -> F(true)),False
BASIC,28,"After connect is called, any method may be called",G ((connect & F disconnect) -> !connect U disconnect),G(connect -> F(connect | disconnect)),False
BASIC,28,"After connect is called, any method may be called",G ((connect & F disconnect) -> !connect U disconnect),G(connect -> F(true)),False
BASIC,28,"After connect is called, any method may be called",G ((connect & F disconnect) -> !connect U disconnect),G(connect -> F(true)),False
BASIC,28,"After connect is called, any method may be called",G ((connect & F disconnect) -> !connect U disconnect),G(connect -> F(true)),False
BASIC,28,"After connect is called, any method may be called",G ((connect & F disconnect) -> !connect U disconnect),G(connect -> F(true)),False
BASIC,28,"After connect is called, any method may be called",G ((connect & F disconnect) -> !connect U disconnect),G(connect -> F(true)),False
BASIC,28,"After connect is called, any method may be called",G ((connect & F disconnect) -> !connect U disconnect),G(connect -> F(true)),False
BASIC,28,"After connect is called, any method may be called",G ((connect & F disconnect) -> !connect U disconnect),G(connect -> F(true)),False
BASIC,28,"After connect is called, any method may be called",G ((connect & F disconnect) -> !connect U disconnect),G(connect -> F(true)),False
BASIC,28,"After connect is called, any method may be called",G ((connect & F disconnect) -> !connect U disconnect),G(connect -> F(true)),False
BASIC,28,"After connect is called, any method may be called",G ((connect & F disconnect) -> !connect U disconnect),G(connect -> F(true)),False
BASIC,28,"After connect is called, any method may be called",G ((connect & F disconnect) -> !connect U disconnect),G(connect -> F(true)),False
BASIC,28,"After connect is called, any method may be called",G ((connect & F disconnect) -> !connect U disconnect),G(connect -> F(true)),False
BASIC,28,"After connect is called, any method may be called",G ((connect & F disconnect) -> !connect U disconnect),G(connect -> F(true)),False
BASIC,28,"After connect is called, any method may be called",G ((connect & F disconnect) -> !connect U disconnect),G(connect -> F(true)),False
BASIC,28,"After connect is called, any method may be called",G ((connect & F disconnect) -> !connect U disconnect),G(connect -> F(true)),False
BASIC,28,"After connect is called, any method may be called",G ((connect & F disconnect) -> !connect U disconnect),G(connect -> F(true)),False
BASIC,28,"After connect is called, any method may be called",G ((connect & F disconnect) -> !connect U disconnect),G(connect -> F(true)),False
BASIC,28,"After connect is called, any method may be called",G ((connect & F disconnect) -> !connect U disconnect),G(connect -> F(true)),False
BASIC,28,"After connect is called, any method may be called",G ((connect & F disconnect) -> !connect U disconnect),G(connect -> F(true)),False
BASIC,28,"After connect is called, any method may be called",G ((connect & F disconnect) -> !connect U disconnect),G(connect -> F(true)),False
BASIC,28,"After connect is called, any method may be called",G ((connect & F disconnect) -> !connect U disconnect),G(connect -> F(true)),False
BASIC,28,"After connect is called, any method may be called",G ((connect & F disconnect) -> !connect U disconnect),G(connect -> F(true)),False
BASIC,28,"After connect is called, any method may be called",G ((connect & F disconnect) -> !connect U disconnect),G(connect -> F(true)),False
BASIC,28,"After connect is called, any method may be called",G ((connect & F disconnect) -> !connect U disconnect),G(connect -> F(true)),False
BASIC,28,"After connect is called, any method may be called",G ((connect & F disconnect) -> !connect U disconnect),G(connect -> F(true)),False
BASIC,28,"After connect is called, any method may be called",G ((connect & F disconnect) -> !connect U disconnect),G(connect -> F(true)),False
BASIC,28,"After connect is called, any method may be called",G ((connect & F disconnect) -> !connect U disconnect),G(connect -> F(true)),False
BASIC,28,"After connect is called, any method may be called",G ((connect & F disconnect) -> !connect U disconnect),G(connect -> F(true)),False
BASIC,28,"After connect is called, any method may be called",G ((connect & F disconnect) -> !connect U disconnect),G(connect -> F(true)),False
BASIC,28,"After connect is called, any method may be called",G ((connect & F disconnect) -> !connect U disconnect),G(connect -> F(true)),False
BASIC,28,"After connect is called, any method may be called",G ((connect & F disconnect) -> !connect U disconnect),G(connect -> F(true)),False
BASIC,28,"After connect is called, any method may be called",G ((connect & F disconnect) -> !connect U disconnect),G(connect -> F(true)),False
BASIC,28,"After connect is called, any method may be called",G ((connect & F disconnect) -> !connect U disconnect),G(connect -> F(true)),False
BASIC,28,"After connect is called, any method may be called",G ((connect & F disconnect) -> !connect U disconnect),G(connect -> F(true)),False
BASIC,28,"After connect is called, any method may be called",G ((connect & F disconnect) -> !connect U disconnect),G(connect -> F(true)),False
BASIC,28,"After connect is called, any method may be called",G ((connect & F disconnect) -> !connect U disconnect),G(connect -> F(true)),False
BASIC,28,"After connect is called, any method may be called",G ((connect & F disconnect) -> !connect U disconnect),G(connect -> F(true)),False
BASIC,28,"After connect is called, any method may be called",G ((connect & F disconnect) -> !connect U disconnect),G(connect -> F(connect | disconnect)),False
BASIC,28,"After connect is called, any method may be called",G ((connect & F disconnect) -> !connect U disconnect),G(connect -> F(true)),False
BASIC,28,"After connect is called, any method may be called",G ((connect & F disconnect) -> !connect U disconnect),G(connect -> F(true)),False
BASIC,28,"After connect is called, any method may be called",G ((connect & F disconnect) -> !connect U disconnect),G(connect -> F(true)),False
BASIC,28,"After connect is called, any method may be called",G ((connect & F disconnect) -> !connect U disconnect),G(connect -> F(true)),False
BASIC,28,"After connect is called, any method may be called",G ((connect & F disconnect) -> !connect U disconnect),G(connect -> F(true)),False
BASIC,28,"After connect is called, any method may be called",G ((connect & F disconnect) -> !connect U disconnect),G(connect -> F(true)),False
BASIC,28,"After connect is called, any method may be called",G ((connect & F disconnect) -> !connect U disconnect),G(connect -> F(true)),False
BASIC,28,"After connect is called, any method may be called",G ((connect & F disconnect) -> !connect U disconnect),G(connect -> F(true)),False
BASIC,28,"After connect is called, any method may be called",G ((connect & F disconnect) -> !connect U disconnect),G(connect -> F(true)),False
BASIC,28,"After connect is called, any method may be called",G ((connect & F disconnect) -> !connect U disconnect),G(connect -> F(true)),False
BASIC,28,"After connect is called, any method may be called",G ((connect & F disconnect) -> !connect U disconnect),G(connect -> F(true)),False
BASIC,28,"After connect is called, any method may be called",G ((connect & F disconnect) -> !connect U disconnect),G(connect -> F(true)),False
BASIC,28,"After connect is called, any method may be called",G ((connect & F disconnect) -> !connect U disconnect),G(connect -> F(true)),False
BASIC,28,"After connect is called, any method may be called",G ((connect & F disconnect) -> !connect U disconnect),G(connect -> F(true)),False
BASIC,28,"After connect is called, any method may be called",G ((connect & F disconnect) -> !connect U disconnect),G(connect -> F(true)),False
BASIC,28,"After connect is called, any method may be called",G ((connect & F disconnect) -> !connect U disconnect),G(connect -> F(true)),False
BASIC,28,"After connect is called, any method may be called",G ((connect & F disconnect) -> !connect U disconnect),G(connect -> F(true)),False
BASIC,28,"After connect is called, any method may be called",G ((connect & F disconnect) -> !connect U disconnect),G(connect -> F(true)),False
BASIC,28,"After connect is called, any method may be called",G ((connect & F disconnect) -> !connect U disconnect),G(connect -> F(true)),False
BASIC,28,"After connect is called, any method may be called",G ((connect & F disconnect) -> !connect U disconnect),G(connect -> F(true)),False
BASIC,28,"After connect is called, any method may be called",G ((connect & F disconnect) -> !connect U disconnect),G(connect -> F(true)),False
BASIC,28,"After connect is called, any method may be called",G ((connect & F disconnect) -> !connect U disconnect),G(connect -> F(true)),False
BASIC,28,"After connect is called, any method may be called",G ((connect & F disconnect) -> !connect U disconnect),G(connect -> F(true)),False
BASIC,28,"After connect is called, any method may be called",G ((connect & F disconnect) -> !connect U disconnect),G(connect -> F(true)),False
BASIC,28,"After connect is called, any method may be called",G ((connect & F disconnect) -> !connect U disconnect),G(connect -> F(true)),False
BASIC,28,"After connect is called, any method may be called",G ((connect & F disconnect) -> !connect U disconnect),G(connect -> F(true)),False
BASIC,28,"After connect is called, any method may be called",G ((connect & F disconnect) -> !connect U disconnect),G(connect -> F(true)),False
BASIC,28,"After connect is called, any method may be called",G ((connect & F disconnect) -> !connect U disconnect),G(connect -> F(true)),False
BASIC,28,"After connect is called, any method may be called",G ((connect & F disconnect) -> !connect U disconnect),G(connect -> F(true)),False
BASIC,28,"After connect is called, any method may be called",G ((connect & F disconnect) -> !connect U disconnect),G(connect -> F(true)),False
BASIC,28,"After connect is called, any method may be called",G ((connect & F disconnect) -> !connect U disconnect),G(connect -> F(true)),False
BASIC,28,"After connect is called, any method may be called",G ((connect & F disconnect) -> !connect U disconnect),G(connect -> F(true)),False
BASIC,28,"After connect is called, any method may be called",G ((connect & F disconnect) -> !connect U disconnect),G(connect -> F(true)),False
BASIC,28,"After connect is called, any method may be called",G ((connect & F disconnect) -> !connect U disconnect),G(connect -> F(true)),False
BASIC,28,"After connect is called, any method may be called",G ((connect & F disconnect) -> !connect U disconnect),G(connect -> F(true)),False
BASIC,28,"After connect is called, any method may be called",G ((connect & F disconnect) -> !connect U disconnect),G(connect -> F(true)),False
BASIC,28,"After connect is called, any method may be called",G ((connect & F disconnect) -> !connect U disconnect),G(connect -> F(true)),False
BASIC,28,"After connect is called, any method may be called",G ((connect & F disconnect) -> !connect U disconnect),G(connect -> F(true)),False
BASIC,28,"After connect is called, any method may be called",G ((connect & F disconnect) -> !connect U disconnect),G(connect -> F(true)),False
BASIC,28,"After connect is called, any method may be called",G ((connect & F disconnect) -> !connect U disconnect),G(connect -> F(true)),False
BASIC,28,"After connect is called, any method may be called",G ((connect & F disconnect) -> !connect U disconnect),G(connect -> F(true)),False
BASIC,29,"After disconnect is called, only the connect method may be called. (Between disconnect being called and connect being called,)",G ((disconnect & F connect) -> !(disconnect | poke | send | blockingSend | receive | blockingReceive) U connect),G(disconnect -> X(!(!connect))),False
BASIC,29,"After disconnect is called, only the connect method may be called. (Between disconnect being called and connect being called,)",G ((disconnect & F connect) -> !(disconnect | poke | send | blockingSend | receive | blockingReceive) U connect),G(disconnect -> X(!(!connect))),False
BASIC,29,"After disconnect is called, only the connect method may be called. (Between disconnect being called and connect being called,)",G ((disconnect & F connect) -> !(disconnect | poke | send | blockingSend | receive | blockingReceive) U connect),G(disconnect -> X(!(!connect))),False
BASIC,29,"After disconnect is called, only the connect method may be called. (Between disconnect being called and connect being called,)",G ((disconnect & F connect) -> !(disconnect | poke | send | blockingSend | receive | blockingReceive) U connect),G(disconnect -> X(!(!connect))),False
BASIC,29,"After disconnect is called, only the connect method may be called. (Between disconnect being called and connect being called,)",G ((disconnect & F connect) -> !(disconnect | poke | send | blockingSend | receive | blockingReceive) U connect),G(disconnect -> X(!(!connect))),False
BASIC,29,"After disconnect is called, only the connect method may be called. (Between disconnect being called and connect being called,)",G ((disconnect & F connect) -> !(disconnect | poke | send | blockingSend | receive | blockingReceive) U connect),G(disconnect -> X(!(!connect))),False
BASIC,29,"After disconnect is called, only the connect method may be called. (Between disconnect being called and connect being called,)",G ((disconnect & F connect) -> !(disconnect | poke | send | blockingSend | receive | blockingReceive) U connect),G(disconnect -> X(!(!connect))),False
BASIC,29,"After disconnect is called, only the connect method may be called. (Between disconnect being called and connect being called,)",G ((disconnect & F connect) -> !(disconnect | poke | send | blockingSend | receive | blockingReceive) U connect),G(disconnect -> X(!(!connect))),False
BASIC,29,"After disconnect is called, only the connect method may be called. (Between disconnect being called and connect being called,)",G ((disconnect & F connect) -> !(disconnect | poke | send | blockingSend | receive | blockingReceive) U connect),G(disconnect -> X(!(!connect))),False
BASIC,29,"After disconnect is called, only the connect method may be called. (Between disconnect being called and connect being called,)",G ((disconnect & F connect) -> !(disconnect | poke | send | blockingSend | receive | blockingReceive) U connect),G(disconnect -> X(!(!connect))),False
BASIC,29,"After disconnect is called, only the connect method may be called. (Between disconnect being called and connect being called,)",G ((disconnect & F connect) -> !(disconnect | poke | send | blockingSend | receive | blockingReceive) U connect),G(disconnect -> X(!(!connect))),False
BASIC,29,"After disconnect is called, only the connect method may be called. (Between disconnect being called and connect being called,)",G ((disconnect & F connect) -> !(disconnect | poke | send | blockingSend | receive | blockingReceive) U connect),G(disconnect -> X(!(!connect))),False
BASIC,29,"After disconnect is called, only the connect method may be called. (Between disconnect being called and connect being called,)",G ((disconnect & F connect) -> !(disconnect | poke | send | blockingSend | receive | blockingReceive) U connect),G(disconnect -> X(!(!connect))),False
BASIC,29,"After disconnect is called, only the connect method may be called. (Between disconnect being called and connect being called,)",G ((disconnect & F connect) -> !(disconnect | poke | send | blockingSend | receive | blockingReceive) U connect),G(disconnect -> X(!(!connect))),False
BASIC,29,"After disconnect is called, only the connect method may be called. (Between disconnect being called and connect being called,)",G ((disconnect & F connect) -> !(disconnect | poke | send | blockingSend | receive | blockingReceive) U connect),G(disconnect -> X(!(!connect))),False
BASIC,29,"After disconnect is called, only the connect method may be called. (Between disconnect being called and connect being called,)",G ((disconnect & F connect) -> !(disconnect | poke | send | blockingSend | receive | blockingReceive) U connect),G(disconnect -> X(!(!connect))),False
BASIC,29,"After disconnect is called, only the connect method may be called. (Between disconnect being called and connect being called,)",G ((disconnect & F connect) -> !(disconnect | poke | send | blockingSend | receive | blockingReceive) U connect),G(disconnect -> X(!(!connect))),False
BASIC,29,"After disconnect is called, only the connect method may be called. (Between disconnect being called and connect being called,)",G ((disconnect & F connect) -> !(disconnect | poke | send | blockingSend | receive | blockingReceive) U connect),G(disconnect -> X(!(!connect))),False
BASIC,29,"After disconnect is called, only the connect method may be called. (Between disconnect being called and connect being called,)",G ((disconnect & F connect) -> !(disconnect | poke | send | blockingSend | receive | blockingReceive) U connect),G(disconnect -> X(!(!connect))),False
BASIC,29,"After disconnect is called, only the connect method may be called. (Between disconnect being called and connect being called,)",G ((disconnect & F connect) -> !(disconnect | poke | send | blockingSend | receive | blockingReceive) U connect),G(disconnect -> X(!(!connect))),False
BASIC,29,"After disconnect is called, only the connect method may be called. (Between disconnect being called and connect being called,)",G ((disconnect & F connect) -> !(disconnect | poke | send | blockingSend | receive | blockingReceive) U connect),G(disconnect -> X(!(!connect))),False
BASIC,29,"After disconnect is called, only the connect method may be called. (Between disconnect being called and connect being called,)",G ((disconnect & F connect) -> !(disconnect | poke | send | blockingSend | receive | blockingReceive) U connect),G(disconnect -> X(!(!connect))),False
BASIC,29,"After disconnect is called, only the connect method may be called. (Between disconnect being called and connect being called,)",G ((disconnect & F connect) -> !(disconnect | poke | send | blockingSend | receive | blockingReceive) U connect),G(disconnect -> X(!(!connect) U connect)),False
BASIC,29,"After disconnect is called, only the connect method may be called. (Between disconnect being called and connect being called,)",G ((disconnect & F connect) -> !(disconnect | poke | send | blockingSend | receive | blockingReceive) U connect),G(disconnect -> X(!(!connect))),False
BASIC,29,"After disconnect is called, only the connect method may be called. (Between disconnect being called and connect being called,)",G ((disconnect & F connect) -> !(disconnect | poke | send | blockingSend | receive | blockingReceive) U connect),G(disconnect -> X(!(!connect))),False
BASIC,29,"After disconnect is called, only the connect method may be called. (Between disconnect being called and connect being called,)",G ((disconnect & F connect) -> !(disconnect | poke | send | blockingSend | receive | blockingReceive) U connect),G(disconnect -> X(!(!connect))),False
BASIC,29,"After disconnect is called, only the connect method may be called. (Between disconnect being called and connect being called,)",G ((disconnect & F connect) -> !(disconnect | poke | send | blockingSend | receive | blockingReceive) U connect),G(disconnect -> X(!(!connect))),False
BASIC,29,"After disconnect is called, only the connect method may be called. (Between disconnect being called and connect being called,)",G ((disconnect & F connect) -> !(disconnect | poke | send | blockingSend | receive | blockingReceive) U connect),G(disconnect -> X(!(!connect))),False
BASIC,29,"After disconnect is called, only the connect method may be called. (Between disconnect being called and connect being called,)",G ((disconnect & F connect) -> !(disconnect | poke | send | blockingSend | receive | blockingReceive) U connect),G(disconnect -> X(!(!connect))),False
BASIC,29,"After disconnect is called, only the connect method may be called. (Between disconnect being called and connect being called,)",G ((disconnect & F connect) -> !(disconnect | poke | send | blockingSend | receive | blockingReceive) U connect),G(disconnect -> X(!(!connect))),False
BASIC,29,"After disconnect is called, only the connect method may be called. (Between disconnect being called and connect being called,)",G ((disconnect & F connect) -> !(disconnect | poke | send | blockingSend | receive | blockingReceive) U connect),G(disconnect -> X(!(!connect))),False
BASIC,29,"After disconnect is called, only the connect method may be called. (Between disconnect being called and connect being called,)",G ((disconnect & F connect) -> !(disconnect | poke | send | blockingSend | receive | blockingReceive) U connect),G(disconnect -> X(!(!connect))),False
BASIC,29,"After disconnect is called, only the connect method may be called. (Between disconnect being called and connect being called,)",G ((disconnect & F connect) -> !(disconnect | poke | send | blockingSend | receive | blockingReceive) U connect),G(disconnect -> X(!(!connect))),False
BASIC,29,"After disconnect is called, only the connect method may be called. (Between disconnect being called and connect being called,)",G ((disconnect & F connect) -> !(disconnect | poke | send | blockingSend | receive | blockingReceive) U connect),G(disconnect -> X(!(!connect))),False
BASIC,29,"After disconnect is called, only the connect method may be called. (Between disconnect being called and connect being called,)",G ((disconnect & F connect) -> !(disconnect | poke | send | blockingSend | receive | blockingReceive) U connect),G(disconnect -> X(!connect U connect)),False
BASIC,29,"After disconnect is called, only the connect method may be called. (Between disconnect being called and connect being called,)",G ((disconnect & F connect) -> !(disconnect | poke | send | blockingSend | receive | blockingReceive) U connect),G(disconnect -> X(!(!connect))),False
BASIC,29,"After disconnect is called, only the connect method may be called. (Between disconnect being called and connect being called,)",G ((disconnect & F connect) -> !(disconnect | poke | send | blockingSend | receive | blockingReceive) U connect),G(disconnect -> X(!(!connect) U connect)),False
BASIC,29,"After disconnect is called, only the connect method may be called. (Between disconnect being called and connect being called,)",G ((disconnect & F connect) -> !(disconnect | poke | send | blockingSend | receive | blockingReceive) U connect),G(disconnect -> X(!(!connect))),False
BASIC,29,"After disconnect is called, only the connect method may be called. (Between disconnect being called and connect being called,)",G ((disconnect & F connect) -> !(disconnect | poke | send | blockingSend | receive | blockingReceive) U connect),G(disconnect -> X(!(!connect))),False
BASIC,29,"After disconnect is called, only the connect method may be called. (Between disconnect being called and connect being called,)",G ((disconnect & F connect) -> !(disconnect | poke | send | blockingSend | receive | blockingReceive) U connect),G(disconnect -> X(!(!connect))),False
BASIC,29,"After disconnect is called, only the connect method may be called. (Between disconnect being called and connect being called,)",G ((disconnect & F connect) -> !(disconnect | poke | send | blockingSend | receive | blockingReceive) U connect),G(disconnect -> X(!(!connect))),False
BASIC,29,"After disconnect is called, only the connect method may be called. (Between disconnect being called and connect being called,)",G ((disconnect & F connect) -> !(disconnect | poke | send | blockingSend | receive | blockingReceive) U connect),G(disconnect -> X(!(!connect))),False
BASIC,29,"After disconnect is called, only the connect method may be called. (Between disconnect being called and connect being called,)",G ((disconnect & F connect) -> !(disconnect | poke | send | blockingSend | receive | blockingReceive) U connect),G(disconnect -> X(!(!connect))),False
BASIC,29,"After disconnect is called, only the connect method may be called. (Between disconnect being called and connect being called,)",G ((disconnect & F connect) -> !(disconnect | poke | send | blockingSend | receive | blockingReceive) U connect),G(disconnect -> X(!(!connect) U connect)),False
BASIC,29,"After disconnect is called, only the connect method may be called. (Between disconnect being called and connect being called,)",G ((disconnect & F connect) -> !(disconnect | poke | send | blockingSend | receive | blockingReceive) U connect),G(disconnect -> X(!(!connect))),False
BASIC,29,"After disconnect is called, only the connect method may be called. (Between disconnect being called and connect being called,)",G ((disconnect & F connect) -> !(disconnect | poke | send | blockingSend | receive | blockingReceive) U connect),G(disconnect -> X(!(!connect) U connect)),False
BASIC,29,"After disconnect is called, only the connect method may be called. (Between disconnect being called and connect being called,)",G ((disconnect & F connect) -> !(disconnect | poke | send | blockingSend | receive | blockingReceive) U connect),G(disconnect -> X(!(!connect) U connect)),False
BASIC,29,"After disconnect is called, only the connect method may be called. (Between disconnect being called and connect being called,)",G ((disconnect & F connect) -> !(disconnect | poke | send | blockingSend | receive | blockingReceive) U connect),G(disconnect -> X(!(!connect))),False
BASIC,29,"After disconnect is called, only the connect method may be called. (Between disconnect being called and connect being called,)",G ((disconnect & F connect) -> !(disconnect | poke | send | blockingSend | receive | blockingReceive) U connect),G(disconnect -> X(!(!connect))),False
BASIC,29,"After disconnect is called, only the connect method may be called. (Between disconnect being called and connect being called,)",G ((disconnect & F connect) -> !(disconnect | poke | send | blockingSend | receive | blockingReceive) U connect),G(disconnect -> X(!(!connect))),False
BASIC,29,"After disconnect is called, only the connect method may be called. (Between disconnect being called and connect being called,)",G ((disconnect & F connect) -> !(disconnect | poke | send | blockingSend | receive | blockingReceive) U connect),G(disconnect -> X(!(!connect))),False
BASIC,29,"After disconnect is called, only the connect method may be called. (Between disconnect being called and connect being called,)",G ((disconnect & F connect) -> !(disconnect | poke | send | blockingSend | receive | blockingReceive) U connect),G(disconnect -> X(!(!connect))),False
BASIC,29,"After disconnect is called, only the connect method may be called. (Between disconnect being called and connect being called,)",G ((disconnect & F connect) -> !(disconnect | poke | send | blockingSend | receive | blockingReceive) U connect),G(disconnect -> X(!connect U connect)),False
BASIC,29,"After disconnect is called, only the connect method may be called. (Between disconnect being called and connect being called,)",G ((disconnect & F connect) -> !(disconnect | poke | send | blockingSend | receive | blockingReceive) U connect),G(disconnect -> X(!connect -> (!connect U connect))),False
BASIC,29,"After disconnect is called, only the connect method may be called. (Between disconnect being called and connect being called,)",G ((disconnect & F connect) -> !(disconnect | poke | send | blockingSend | receive | blockingReceive) U connect),G(disconnect -> X(!(!connect))),False
BASIC,29,"After disconnect is called, only the connect method may be called. (Between disconnect being called and connect being called,)",G ((disconnect & F connect) -> !(disconnect | poke | send | blockingSend | receive | blockingReceive) U connect),G(disconnect -> X(!(!connect))),False
BASIC,29,"After disconnect is called, only the connect method may be called. (Between disconnect being called and connect being called,)",G ((disconnect & F connect) -> !(disconnect | poke | send | blockingSend | receive | blockingReceive) U connect),G(disconnect -> X(!(!connect) U connect)),False
BASIC,29,"After disconnect is called, only the connect method may be called. (Between disconnect being called and connect being called,)",G ((disconnect & F connect) -> !(disconnect | poke | send | blockingSend | receive | blockingReceive) U connect),G(disconnect -> X(!(!connect))),False
BASIC,29,"After disconnect is called, only the connect method may be called. (Between disconnect being called and connect being called,)",G ((disconnect & F connect) -> !(disconnect | poke | send | blockingSend | receive | blockingReceive) U connect),G(disconnect -> X(!(!connect))),False
BASIC,29,"After disconnect is called, only the connect method may be called. (Between disconnect being called and connect being called,)",G ((disconnect & F connect) -> !(disconnect | poke | send | blockingSend | receive | blockingReceive) U connect),G(disconnect -> X(!(!connect))),False
BASIC,29,"After disconnect is called, only the connect method may be called. (Between disconnect being called and connect being called,)",G ((disconnect & F connect) -> !(disconnect | poke | send | blockingSend | receive | blockingReceive) U connect),G(disconnect -> X(!(!connect))),False
BASIC,29,"After disconnect is called, only the connect method may be called. (Between disconnect being called and connect being called,)",G ((disconnect & F connect) -> !(disconnect | poke | send | blockingSend | receive | blockingReceive) U connect),G(disconnect -> X(!(!connect))),False
BASIC,29,"After disconnect is called, only the connect method may be called. (Between disconnect being called and connect being called,)",G ((disconnect & F connect) -> !(disconnect | poke | send | blockingSend | receive | blockingReceive) U connect),G(disconnect -> X(!(!connect) U connect)),False
BASIC,29,"After disconnect is called, only the connect method may be called. (Between disconnect being called and connect being called,)",G ((disconnect & F connect) -> !(disconnect | poke | send | blockingSend | receive | blockingReceive) U connect),G(disconnect -> X(!(!connect))),False
BASIC,29,"After disconnect is called, only the connect method may be called. (Between disconnect being called and connect being called,)",G ((disconnect & F connect) -> !(disconnect | poke | send | blockingSend | receive | blockingReceive) U connect),G(disconnect -> X(!(!connect))),False
BASIC,29,"After disconnect is called, only the connect method may be called. (Between disconnect being called and connect being called,)",G ((disconnect & F connect) -> !(disconnect | poke | send | blockingSend | receive | blockingReceive) U connect),G(disconnect -> X(!(!connect))),False
BASIC,29,"After disconnect is called, only the connect method may be called. (Between disconnect being called and connect being called,)",G ((disconnect & F connect) -> !(disconnect | poke | send | blockingSend | receive | blockingReceive) U connect),G(disconnect -> X(!connect U connect)),False
BASIC,29,"After disconnect is called, only the connect method may be called. (Between disconnect being called and connect being called,)",G ((disconnect & F connect) -> !(disconnect | poke | send | blockingSend | receive | blockingReceive) U connect),G(disconnect -> X(!(!connect))),False
BASIC,29,"After disconnect is called, only the connect method may be called. (Between disconnect being called and connect being called,)",G ((disconnect & F connect) -> !(disconnect | poke | send | blockingSend | receive | blockingReceive) U connect),G(disconnect -> X(!(!connect))),False
BASIC,29,"After disconnect is called, only the connect method may be called. (Between disconnect being called and connect being called,)",G ((disconnect & F connect) -> !(disconnect | poke | send | blockingSend | receive | blockingReceive) U connect),G(disconnect -> X(!(!connect))),False
BASIC,29,"After disconnect is called, only the connect method may be called. (Between disconnect being called and connect being called,)",G ((disconnect & F connect) -> !(disconnect | poke | send | blockingSend | receive | blockingReceive) U connect),G(disconnect -> X(!(!connect))),False
BASIC,29,"After disconnect is called, only the connect method may be called. (Between disconnect being called and connect being called,)",G ((disconnect & F connect) -> !(disconnect | poke | send | blockingSend | receive | blockingReceive) U connect),G(disconnect -> X(!(!connect))),False
BASIC,29,"After disconnect is called, only the connect method may be called. (Between disconnect being called and connect being called,)",G ((disconnect & F connect) -> !(disconnect | poke | send | blockingSend | receive | blockingReceive) U connect),G(disconnect -> X(!(!connect))),False
BASIC,29,"After disconnect is called, only the connect method may be called. (Between disconnect being called and connect being called,)",G ((disconnect & F connect) -> !(disconnect | poke | send | blockingSend | receive | blockingReceive) U connect),G(disconnect -> X(!(!connect))),False
BASIC,29,"After disconnect is called, only the connect method may be called. (Between disconnect being called and connect being called,)",G ((disconnect & F connect) -> !(disconnect | poke | send | blockingSend | receive | blockingReceive) U connect),G(disconnect -> X(!(!connect))),False
BASIC,29,"After disconnect is called, only the connect method may be called. (Between disconnect being called and connect being called,)",G ((disconnect & F connect) -> !(disconnect | poke | send | blockingSend | receive | blockingReceive) U connect),G(disconnect -> X(!(!connect))),False
BASIC,29,"After disconnect is called, only the connect method may be called. (Between disconnect being called and connect being called,)",G ((disconnect & F connect) -> !(disconnect | poke | send | blockingSend | receive | blockingReceive) U connect),G(disconnect -> X(!(!connect))),False
BASIC,29,"After disconnect is called, only the connect method may be called. (Between disconnect being called and connect being called,)",G ((disconnect & F connect) -> !(disconnect | poke | send | blockingSend | receive | blockingReceive) U connect),G(disconnect -> X(!(!connect) U connect)),False
BASIC,29,"After disconnect is called, only the connect method may be called. (Between disconnect being called and connect being called,)",G ((disconnect & F connect) -> !(disconnect | poke | send | blockingSend | receive | blockingReceive) U connect),G(disconnect -> X(!(!connect))),False
BASIC,29,"After disconnect is called, only the connect method may be called. (Between disconnect being called and connect being called,)",G ((disconnect & F connect) -> !(disconnect | poke | send | blockingSend | receive | blockingReceive) U connect),G(disconnect -> X(!(!connect))),False
BASIC,29,"After disconnect is called, only the connect method may be called. (Between disconnect being called and connect being called,)",G ((disconnect & F connect) -> !(disconnect | poke | send | blockingSend | receive | blockingReceive) U connect),G(disconnect -> X(!(!connect))),False
BASIC,29,"After disconnect is called, only the connect method may be called. (Between disconnect being called and connect being called,)",G ((disconnect & F connect) -> !(disconnect | poke | send | blockingSend | receive | blockingReceive) U connect),G(disconnect -> X(!(!connect))),False
BASIC,29,"After disconnect is called, only the connect method may be called. (Between disconnect being called and connect being called,)",G ((disconnect & F connect) -> !(disconnect | poke | send | blockingSend | receive | blockingReceive) U connect),G(disconnect -> X(!(!connect))),False
BASIC,29,"After disconnect is called, only the connect method may be called. (Between disconnect being called and connect being called,)",G ((disconnect & F connect) -> !(disconnect | poke | send | blockingSend | receive | blockingReceive) U connect),G(disconnect -> X(!(!connect))),False
BASIC,29,"After disconnect is called, only the connect method may be called. (Between disconnect being called and connect being called,)",G ((disconnect & F connect) -> !(disconnect | poke | send | blockingSend | receive | blockingReceive) U connect),G(disconnect -> X(!(!connect))),False
BASIC,29,"After disconnect is called, only the connect method may be called. (Between disconnect being called and connect being called,)",G ((disconnect & F connect) -> !(disconnect | poke | send | blockingSend | receive | blockingReceive) U connect),G(disconnect -> X(!(!connect))),False
BASIC,29,"After disconnect is called, only the connect method may be called. (Between disconnect being called and connect being called,)",G ((disconnect & F connect) -> !(disconnect | poke | send | blockingSend | receive | blockingReceive) U connect),G(disconnect -> X(!(!connect))),False
BASIC,29,"After disconnect is called, only the connect method may be called. (Between disconnect being called and connect being called,)",G ((disconnect & F connect) -> !(disconnect | poke | send | blockingSend | receive | blockingReceive) U connect),G(disconnect -> X(!(!connect))),False
BASIC,29,"After disconnect is called, only the connect method may be called. (Between disconnect being called and connect being called,)",G ((disconnect & F connect) -> !(disconnect | poke | send | blockingSend | receive | blockingReceive) U connect),G(disconnect -> X(!(!connect))),False
BASIC,29,"After disconnect is called, only the connect method may be called. (Between disconnect being called and connect being called,)",G ((disconnect & F connect) -> !(disconnect | poke | send | blockingSend | receive | blockingReceive) U connect),G(disconnect -> X(!(!connect) U connect)),False
BASIC,29,"After disconnect is called, only the connect method may be called. (Between disconnect being called and connect being called,)",G ((disconnect & F connect) -> !(disconnect | poke | send | blockingSend | receive | blockingReceive) U connect),G(disconnect -> X(!(!connect))),False
BASIC,29,"After disconnect is called, only the connect method may be called. (Between disconnect being called and connect being called,)",G ((disconnect & F connect) -> !(disconnect | poke | send | blockingSend | receive | blockingReceive) U connect),G(disconnect -> X(!(!connect))),False
BASIC,29,"After disconnect is called, only the connect method may be called. (Between disconnect being called and connect being called,)",G ((disconnect & F connect) -> !(disconnect | poke | send | blockingSend | receive | blockingReceive) U connect),G(disconnect -> X(!(!connect))),False
BASIC,29,"After disconnect is called, only the connect method may be called. (Between disconnect being called and connect being called,)",G ((disconnect & F connect) -> !(disconnect | poke | send | blockingSend | receive | blockingReceive) U connect),G(disconnect -> X(!(!connect))),False
BASIC,29,"After disconnect is called, only the connect method may be called. (Between disconnect being called and connect being called,)",G ((disconnect & F connect) -> !(disconnect | poke | send | blockingSend | receive | blockingReceive) U connect),G(disconnect -> X(!(!connect))),False
BASIC,29,"After disconnect is called, only the connect method may be called. (Between disconnect being called and connect being called,)",G ((disconnect & F connect) -> !(disconnect | poke | send | blockingSend | receive | blockingReceive) U connect),G(disconnect -> X(!(!connect))),False
BASIC,29,"After disconnect is called, only the connect method may be called. (Between disconnect being called and connect being called,)",G ((disconnect & F connect) -> !(disconnect | poke | send | blockingSend | receive | blockingReceive) U connect),G(disconnect -> X(!(!connect))),False
BASIC,29,"After disconnect is called, only the connect method may be called. (Between disconnect being called and connect being called,)",G ((disconnect & F connect) -> !(disconnect | poke | send | blockingSend | receive | blockingReceive) U connect),G(disconnect -> X(!(!connect))),False
BASIC,29,"After disconnect is called, only the connect method may be called. (Between disconnect being called and connect being called,)",G ((disconnect & F connect) -> !(disconnect | poke | send | blockingSend | receive | blockingReceive) U connect),G(disconnect -> X(!(!connect))),False
BASIC,29,"After disconnect is called, only the connect method may be called. (Between disconnect being called and connect being called,)",G ((disconnect & F connect) -> !(disconnect | poke | send | blockingSend | receive | blockingReceive) U connect),G(disconnect -> X(!(!connect))),False
BASIC,30,A send of data from the blockingSend() call may be performed (Sending data from blockingSend() implies that connected is false),G (blockingSendBeforeSendPlace -> !Connected),G(blockingSendBeforeSendPlace -> !Connected),True
BASIC,30,A send of data from the blockingSend() call may be performed (Sending data from blockingSend() implies that connected is false),G (blockingSendBeforeSendPlace -> !Connected),G(blockingSendBeforeSendPlace -> !Connected),True
BASIC,30,A send of data from the blockingSend() call may be performed (Sending data from blockingSend() implies that connected is false),G (blockingSendBeforeSendPlace -> !Connected),G(blockingSendBeforeSendPlace -> !Connected),True
BASIC,30,A send of data from the blockingSend() call may be performed (Sending data from blockingSend() implies that connected is false),G (blockingSendBeforeSendPlace -> !Connected),G(blockingSendBeforeSendPlace -> !Connected),True
BASIC,30,A send of data from the blockingSend() call may be performed (Sending data from blockingSend() implies that connected is false),G (blockingSendBeforeSendPlace -> !Connected),G(blockingSendBeforeSendPlace -> !Connected),True
BASIC,30,A send of data from the blockingSend() call may be performed (Sending data from blockingSend() implies that connected is false),G (blockingSendBeforeSendPlace -> !Connected),G(blockingSendBeforeSendPlace -> !Connected),True
BASIC,30,A send of data from the blockingSend() call may be performed (Sending data from blockingSend() implies that connected is false),G (blockingSendBeforeSendPlace -> !Connected),G(blockingSendBeforeSendPlace -> !Connected),True
BASIC,30,A send of data from the blockingSend() call may be performed (Sending data from blockingSend() implies that connected is false),G (blockingSendBeforeSendPlace -> !Connected),G(blockingSendBeforeSendPlace -> !Connected),True
BASIC,30,A send of data from the blockingSend() call may be performed (Sending data from blockingSend() implies that connected is false),G (blockingSendBeforeSendPlace -> !Connected),G(blockingSendBeforeSendPlace -> !Connected),True
BASIC,30,A send of data from the blockingSend() call may be performed (Sending data from blockingSend() implies that connected is false),G (blockingSendBeforeSendPlace -> !Connected),F(blockingSendBeforeSendPlace -> !Connected),False
BASIC,30,A send of data from the blockingSend() call may be performed (Sending data from blockingSend() implies that connected is false),G (blockingSendBeforeSendPlace -> !Connected),G(blockingSendBeforeSendPlace -> !Connected),True
BASIC,30,A send of data from the blockingSend() call may be performed (Sending data from blockingSend() implies that connected is false),G (blockingSendBeforeSendPlace -> !Connected),F(blockingSendBeforeSendPlace -> !Connected),False
BASIC,30,A send of data from the blockingSend() call may be performed (Sending data from blockingSend() implies that connected is false),G (blockingSendBeforeSendPlace -> !Connected),G(blockingSendBeforeSendPlace -> !Connected),True
BASIC,30,A send of data from the blockingSend() call may be performed (Sending data from blockingSend() implies that connected is false),G (blockingSendBeforeSendPlace -> !Connected),G(blockingSendBeforeSendPlace -> !Connected),True
BASIC,30,A send of data from the blockingSend() call may be performed (Sending data from blockingSend() implies that connected is false),G (blockingSendBeforeSendPlace -> !Connected),G(blockingSendBeforeSendPlace -> !Connected),True
BASIC,30,A send of data from the blockingSend() call may be performed (Sending data from blockingSend() implies that connected is false),G (blockingSendBeforeSendPlace -> !Connected),G(blockingSendBeforeSendPlace -> !Connected),True
BASIC,30,A send of data from the blockingSend() call may be performed (Sending data from blockingSend() implies that connected is false),G (blockingSendBeforeSendPlace -> !Connected),G(blockingSendBeforeSendPlace -> !Connected),True
BASIC,30,A send of data from the blockingSend() call may be performed (Sending data from blockingSend() implies that connected is false),G (blockingSendBeforeSendPlace -> !Connected),F(blockingSendBeforeSendPlace -> !Connected),False
BASIC,30,A send of data from the blockingSend() call may be performed (Sending data from blockingSend() implies that connected is false),G (blockingSendBeforeSendPlace -> !Connected),F(blockingSendBeforeSendPlace -> !Connected),False
BASIC,30,A send of data from the blockingSend() call may be performed (Sending data from blockingSend() implies that connected is false),G (blockingSendBeforeSendPlace -> !Connected),F(blockingSendBeforeSendPlace -> !Connected),False
BASIC,30,A send of data from the blockingSend() call may be performed (Sending data from blockingSend() implies that connected is false),G (blockingSendBeforeSendPlace -> !Connected),G(blockingSendBeforeSendPlace -> !Connected),True
BASIC,30,A send of data from the blockingSend() call may be performed (Sending data from blockingSend() implies that connected is false),G (blockingSendBeforeSendPlace -> !Connected),F(blockingSendBeforeSendPlace -> !Connected),False
BASIC,30,A send of data from the blockingSend() call may be performed (Sending data from blockingSend() implies that connected is false),G (blockingSendBeforeSendPlace -> !Connected),F(blockingSendBeforeSendPlace -> !Connected),False
BASIC,30,A send of data from the blockingSend() call may be performed (Sending data from blockingSend() implies that connected is false),G (blockingSendBeforeSendPlace -> !Connected),F(blockingSendBeforeSendPlace -> !Connected),False
BASIC,30,A send of data from the blockingSend() call may be performed (Sending data from blockingSend() implies that connected is false),G (blockingSendBeforeSendPlace -> !Connected),G(blockingSendBeforeSendPlace -> !Connected),True
BASIC,30,A send of data from the blockingSend() call may be performed (Sending data from blockingSend() implies that connected is false),G (blockingSendBeforeSendPlace -> !Connected),F(blockingSendBeforeSendPlace -> !Connected),False
BASIC,30,A send of data from the blockingSend() call may be performed (Sending data from blockingSend() implies that connected is false),G (blockingSendBeforeSendPlace -> !Connected),F(blockingSendBeforeSendPlace -> !Connected),False
BASIC,30,A send of data from the blockingSend() call may be performed (Sending data from blockingSend() implies that connected is false),G (blockingSendBeforeSendPlace -> !Connected),F(blockingSendBeforeSendPlace -> !Connected),False
BASIC,30,A send of data from the blockingSend() call may be performed (Sending data from blockingSend() implies that connected is false),G (blockingSendBeforeSendPlace -> !Connected),G(blockingSendBeforeSendPlace -> !Connected),True
BASIC,30,A send of data from the blockingSend() call may be performed (Sending data from blockingSend() implies that connected is false),G (blockingSendBeforeSendPlace -> !Connected),F(blockingSendBeforeSendPlace -> !Connected),False
BASIC,30,A send of data from the blockingSend() call may be performed (Sending data from blockingSend() implies that connected is false),G (blockingSendBeforeSendPlace -> !Connected),G(blockingSendBeforeSendPlace -> !Connected),True
BASIC,30,A send of data from the blockingSend() call may be performed (Sending data from blockingSend() implies that connected is false),G (blockingSendBeforeSendPlace -> !Connected),G(blockingSendBeforeSendPlace -> !Connected),True
BASIC,30,A send of data from the blockingSend() call may be performed (Sending data from blockingSend() implies that connected is false),G (blockingSendBeforeSendPlace -> !Connected),G(blockingSendBeforeSendPlace -> !Connected),True
BASIC,30,A send of data from the blockingSend() call may be performed (Sending data from blockingSend() implies that connected is false),G (blockingSendBeforeSendPlace -> !Connected),G(blockingSendBeforeSendPlace -> !Connected),True
BASIC,30,A send of data from the blockingSend() call may be performed (Sending data from blockingSend() implies that connected is false),G (blockingSendBeforeSendPlace -> !Connected),G(blockingSendBeforeSendPlace -> !Connected),True
BASIC,30,A send of data from the blockingSend() call may be performed (Sending data from blockingSend() implies that connected is false),G (blockingSendBeforeSendPlace -> !Connected),G(blockingSendBeforeSendPlace -> !Connected),True
BASIC,30,A send of data from the blockingSend() call may be performed (Sending data from blockingSend() implies that connected is false),G (blockingSendBeforeSendPlace -> !Connected),G(blockingSendBeforeSendPlace -> !Connected),True
BASIC,30,A send of data from the blockingSend() call may be performed (Sending data from blockingSend() implies that connected is false),G (blockingSendBeforeSendPlace -> !Connected),G(blockingSendBeforeSendPlace -> !Connected),True
BASIC,30,A send of data from the blockingSend() call may be performed (Sending data from blockingSend() implies that connected is false),G (blockingSendBeforeSendPlace -> !Connected),G(blockingSendBeforeSendPlace -> !Connected),True
BASIC,30,A send of data from the blockingSend() call may be performed (Sending data from blockingSend() implies that connected is false),G (blockingSendBeforeSendPlace -> !Connected),F(blockingSendBeforeSendPlace -> !Connected),False
BASIC,30,A send of data from the blockingSend() call may be performed (Sending data from blockingSend() implies that connected is false),G (blockingSendBeforeSendPlace -> !Connected),G(blockingSendBeforeSendPlace -> !Connected),True
BASIC,30,A send of data from the blockingSend() call may be performed (Sending data from blockingSend() implies that connected is false),G (blockingSendBeforeSendPlace -> !Connected),F(blockingSendBeforeSendPlace -> !Connected),False
BASIC,30,A send of data from the blockingSend() call may be performed (Sending data from blockingSend() implies that connected is false),G (blockingSendBeforeSendPlace -> !Connected),F(blockingSendBeforeSendPlace -> !Connected),False
BASIC,30,A send of data from the blockingSend() call may be performed (Sending data from blockingSend() implies that connected is false),G (blockingSendBeforeSendPlace -> !Connected),F(blockingSendBeforeSendPlace -> !Connected),False
BASIC,30,A send of data from the blockingSend() call may be performed (Sending data from blockingSend() implies that connected is false),G (blockingSendBeforeSendPlace -> !Connected),F(blockingSendBeforeSendPlace -> !Connected),False
BASIC,30,A send of data from the blockingSend() call may be performed (Sending data from blockingSend() implies that connected is false),G (blockingSendBeforeSendPlace -> !Connected),G(blockingSendBeforeSendPlace -> !Connected),True
BASIC,30,A send of data from the blockingSend() call may be performed (Sending data from blockingSend() implies that connected is false),G (blockingSendBeforeSendPlace -> !Connected),G(blockingSendBeforeSendPlace -> !Connected),True
BASIC,30,A send of data from the blockingSend() call may be performed (Sending data from blockingSend() implies that connected is false),G (blockingSendBeforeSendPlace -> !Connected),G(blockingSendBeforeSendPlace -> !Connected),True
BASIC,30,A send of data from the blockingSend() call may be performed (Sending data from blockingSend() implies that connected is false),G (blockingSendBeforeSendPlace -> !Connected),F(blockingSendBeforeSendPlace -> !Connected),False
BASIC,30,A send of data from the blockingSend() call may be performed (Sending data from blockingSend() implies that connected is false),G (blockingSendBeforeSendPlace -> !Connected),G(blockingSendBeforeSendPlace -> !Connected),True
BASIC,30,A send of data from the blockingSend() call may be performed (Sending data from blockingSend() implies that connected is false),G (blockingSendBeforeSendPlace -> !Connected),G(blockingSendBeforeSendPlace -> !Connected),True
BASIC,30,A send of data from the blockingSend() call may be performed (Sending data from blockingSend() implies that connected is false),G (blockingSendBeforeSendPlace -> !Connected),G(blockingSendBeforeSendPlace -> !Connected),True
BASIC,30,A send of data from the blockingSend() call may be performed (Sending data from blockingSend() implies that connected is false),G (blockingSendBeforeSendPlace -> !Connected),G(blockingSendBeforeSendPlace -> !Connected),True
BASIC,30,A send of data from the blockingSend() call may be performed (Sending data from blockingSend() implies that connected is false),G (blockingSendBeforeSendPlace -> !Connected),G(blockingSendBeforeSendPlace -> !Connected),True
BASIC,30,A send of data from the blockingSend() call may be performed (Sending data from blockingSend() implies that connected is false),G (blockingSendBeforeSendPlace -> !Connected),F(blockingSendBeforeSendPlace -> !Connected),False
BASIC,30,A send of data from the blockingSend() call may be performed (Sending data from blockingSend() implies that connected is false),G (blockingSendBeforeSendPlace -> !Connected),G(blockingSendBeforeSendPlace -> !Connected),True
BASIC,30,A send of data from the blockingSend() call may be performed (Sending data from blockingSend() implies that connected is false),G (blockingSendBeforeSendPlace -> !Connected),G(blockingSendBeforeSendPlace -> !Connected),True
BASIC,30,A send of data from the blockingSend() call may be performed (Sending data from blockingSend() implies that connected is false),G (blockingSendBeforeSendPlace -> !Connected),G(blockingSendBeforeSendPlace -> !Connected),True
BASIC,30,A send of data from the blockingSend() call may be performed (Sending data from blockingSend() implies that connected is false),G (blockingSendBeforeSendPlace -> !Connected),G(blockingSendBeforeSendPlace -> !Connected),True
BASIC,30,A send of data from the blockingSend() call may be performed (Sending data from blockingSend() implies that connected is false),G (blockingSendBeforeSendPlace -> !Connected),F(blockingSendBeforeSendPlace -> !Connected),False
BASIC,30,A send of data from the blockingSend() call may be performed (Sending data from blockingSend() implies that connected is false),G (blockingSendBeforeSendPlace -> !Connected),G(blockingSendBeforeSendPlace -> !Connected),True
BASIC,30,A send of data from the blockingSend() call may be performed (Sending data from blockingSend() implies that connected is false),G (blockingSendBeforeSendPlace -> !Connected),F(blockingSendBeforeSendPlace -> !Connected),False
BASIC,30,A send of data from the blockingSend() call may be performed (Sending data from blockingSend() implies that connected is false),G (blockingSendBeforeSendPlace -> !Connected),F(blockingSendBeforeSendPlace -> !Connected),False
BASIC,30,A send of data from the blockingSend() call may be performed (Sending data from blockingSend() implies that connected is false),G (blockingSendBeforeSendPlace -> !Connected),G(blockingSendBeforeSendPlace -> !Connected),True
BASIC,30,A send of data from the blockingSend() call may be performed (Sending data from blockingSend() implies that connected is false),G (blockingSendBeforeSendPlace -> !Connected),F(blockingSendBeforeSendPlace -> !Connected),False
BASIC,30,A send of data from the blockingSend() call may be performed (Sending data from blockingSend() implies that connected is false),G (blockingSendBeforeSendPlace -> !Connected),G(blockingSendBeforeSendPlace -> !Connected),True
BASIC,30,A send of data from the blockingSend() call may be performed (Sending data from blockingSend() implies that connected is false),G (blockingSendBeforeSendPlace -> !Connected),G(blockingSendBeforeSendPlace -> !Connected),True
BASIC,30,A send of data from the blockingSend() call may be performed (Sending data from blockingSend() implies that connected is false),G (blockingSendBeforeSendPlace -> !Connected),F(blockingSendBeforeSendPlace -> !Connected),False
BASIC,30,A send of data from the blockingSend() call may be performed (Sending data from blockingSend() implies that connected is false),G (blockingSendBeforeSendPlace -> !Connected),F(blockingSendBeforeSendPlace -> !Connected),False
BASIC,30,A send of data from the blockingSend() call may be performed (Sending data from blockingSend() implies that connected is false),G (blockingSendBeforeSendPlace -> !Connected),G(blockingSendBeforeSendPlace -> !Connected),True
BASIC,30,A send of data from the blockingSend() call may be performed (Sending data from blockingSend() implies that connected is false),G (blockingSendBeforeSendPlace -> !Connected),G(blockingSendBeforeSendPlace -> !Connected),True
BASIC,30,A send of data from the blockingSend() call may be performed (Sending data from blockingSend() implies that connected is false),G (blockingSendBeforeSendPlace -> !Connected),F(blockingSendBeforeSendPlace -> !Connected),False
BASIC,30,A send of data from the blockingSend() call may be performed (Sending data from blockingSend() implies that connected is false),G (blockingSendBeforeSendPlace -> !Connected),G(blockingSendBeforeSendPlace -> !Connected),True
BASIC,30,A send of data from the blockingSend() call may be performed (Sending data from blockingSend() implies that connected is false),G (blockingSendBeforeSendPlace -> !Connected),G(blockingSendBeforeSendPlace -> !Connected),True
BASIC,30,A send of data from the blockingSend() call may be performed (Sending data from blockingSend() implies that connected is false),G (blockingSendBeforeSendPlace -> !Connected),G(blockingSendBeforeSendPlace -> !Connected),True
BASIC,30,A send of data from the blockingSend() call may be performed (Sending data from blockingSend() implies that connected is false),G (blockingSendBeforeSendPlace -> !Connected),G(blockingSendBeforeSendPlace -> !Connected),True
BASIC,30,A send of data from the blockingSend() call may be performed (Sending data from blockingSend() implies that connected is false),G (blockingSendBeforeSendPlace -> !Connected),G(blockingSendBeforeSendPlace -> !Connected),True
BASIC,30,A send of data from the blockingSend() call may be performed (Sending data from blockingSend() implies that connected is false),G (blockingSendBeforeSendPlace -> !Connected),G(blockingSendBeforeSendPlace -> !Connected),True
BASIC,30,A send of data from the blockingSend() call may be performed (Sending data from blockingSend() implies that connected is false),G (blockingSendBeforeSendPlace -> !Connected),F(blockingSendBeforeSendPlace -> !Connected),False
BASIC,30,A send of data from the blockingSend() call may be performed (Sending data from blockingSend() implies that connected is false),G (blockingSendBeforeSendPlace -> !Connected),G(blockingSendBeforeSendPlace -> !Connected),True
BASIC,30,A send of data from the blockingSend() call may be performed (Sending data from blockingSend() implies that connected is false),G (blockingSendBeforeSendPlace -> !Connected),F(blockingSendBeforeSendPlace -> !Connected),False
BASIC,30,A send of data from the blockingSend() call may be performed (Sending data from blockingSend() implies that connected is false),G (blockingSendBeforeSendPlace -> !Connected),G(blockingSendBeforeSendPlace -> !Connected),True
BASIC,30,A send of data from the blockingSend() call may be performed (Sending data from blockingSend() implies that connected is false),G (blockingSendBeforeSendPlace -> !Connected),F(blockingSendBeforeSendPlace -> !Connected),False
BASIC,30,A send of data from the blockingSend() call may be performed (Sending data from blockingSend() implies that connected is false),G (blockingSendBeforeSendPlace -> !Connected),G(blockingSendBeforeSendPlace -> !Connected),True
BASIC,30,A send of data from the blockingSend() call may be performed (Sending data from blockingSend() implies that connected is false),G (blockingSendBeforeSendPlace -> !Connected),G(blockingSendBeforeSendPlace -> !Connected),True
BASIC,30,A send of data from the blockingSend() call may be performed (Sending data from blockingSend() implies that connected is false),G (blockingSendBeforeSendPlace -> !Connected),G(blockingSendBeforeSendPlace -> !Connected),True
BASIC,30,A send of data from the blockingSend() call may be performed (Sending data from blockingSend() implies that connected is false),G (blockingSendBeforeSendPlace -> !Connected),G(blockingSendBeforeSendPlace -> !Connected),True
BASIC,30,A send of data from the blockingSend() call may be performed (Sending data from blockingSend() implies that connected is false),G (blockingSendBeforeSendPlace -> !Connected),G(blockingSendBeforeSendPlace -> !Connected),True
BASIC,30,A send of data from the blockingSend() call may be performed (Sending data from blockingSend() implies that connected is false),G (blockingSendBeforeSendPlace -> !Connected),G(blockingSendBeforeSendPlace -> !Connected),True
BASIC,30,A send of data from the blockingSend() call may be performed (Sending data from blockingSend() implies that connected is false),G (blockingSendBeforeSendPlace -> !Connected),G(blockingSendBeforeSendPlace -> !Connected),True
BASIC,30,A send of data from the blockingSend() call may be performed (Sending data from blockingSend() implies that connected is false),G (blockingSendBeforeSendPlace -> !Connected),G(blockingSendBeforeSendPlace -> !Connected),True
BASIC,30,A send of data from the blockingSend() call may be performed (Sending data from blockingSend() implies that connected is false),G (blockingSendBeforeSendPlace -> !Connected),F(blockingSendBeforeSendPlace -> !Connected),False
BASIC,30,A send of data from the blockingSend() call may be performed (Sending data from blockingSend() implies that connected is false),G (blockingSendBeforeSendPlace -> !Connected),G(blockingSendBeforeSendPlace -> !Connected),True
BASIC,30,A send of data from the blockingSend() call may be performed (Sending data from blockingSend() implies that connected is false),G (blockingSendBeforeSendPlace -> !Connected),F(blockingSendBeforeSendPlace -> !Connected),False
BASIC,30,A send of data from the blockingSend() call may be performed (Sending data from blockingSend() implies that connected is false),G (blockingSendBeforeSendPlace -> !Connected),F(blockingSendBeforeSendPlace -> !Connected),False
BASIC,30,A send of data from the blockingSend() call may be performed (Sending data from blockingSend() implies that connected is false),G (blockingSendBeforeSendPlace -> !Connected),G(blockingSendBeforeSendPlace -> !Connected),True
BASIC,30,A send of data from the blockingSend() call may be performed (Sending data from blockingSend() implies that connected is false),G (blockingSendBeforeSendPlace -> !Connected),G(blockingSendBeforeSendPlace -> !Connected),True
BASIC,30,A send of data from the blockingSend() call may be performed (Sending data from blockingSend() implies that connected is false),G (blockingSendBeforeSendPlace -> !Connected),G(blockingSendBeforeSendPlace -> !Connected),True
BASIC,30,A send of data from the blockingSend() call may be performed (Sending data from blockingSend() implies that connected is false),G (blockingSendBeforeSendPlace -> !Connected),G(blockingSendBeforeSendPlace -> !Connected),True
BASIC,30,A send of data from the blockingSend() call may be performed (Sending data from blockingSend() implies that connected is false),G (blockingSendBeforeSendPlace -> !Connected),G(blockingSendBeforeSendPlace -> !Connected),True
BASIC,31,(2) If an artist is registered for an event and dispatcher,G ((register_a1_e1 & F  unregister_a1_e1) -> (after_notify_artists_e1 -> ((!(notify_artists_e1 | notify_artists_e2) & !unregister_a1_e1) U notify_client_event_a1_e1)) U unregister_a1_e1),G(register_a1_e1 & notify_artists_e1),False
BASIC,31,(2) If an artist is registered for an event and dispatcher,G ((register_a1_e1 & F  unregister_a1_e1) -> (after_notify_artists_e1 -> ((!(notify_artists_e1 | notify_artists_e2) & !unregister_a1_e1) U notify_client_event_a1_e1)) U unregister_a1_e1),G(register_a1_e1 & notify_artists_e1),False
BASIC,31,(2) If an artist is registered for an event and dispatcher,G ((register_a1_e1 & F  unregister_a1_e1) -> (after_notify_artists_e1 -> ((!(notify_artists_e1 | notify_artists_e2) & !unregister_a1_e1) U notify_client_event_a1_e1)) U unregister_a1_e1),G(register_a1_e1 & notify_artists_e1),False
BASIC,31,(2) If an artist is registered for an event and dispatcher,G ((register_a1_e1 & F  unregister_a1_e1) -> (after_notify_artists_e1 -> ((!(notify_artists_e1 | notify_artists_e2) & !unregister_a1_e1) U notify_client_event_a1_e1)) U unregister_a1_e1),G(register_a1_e1 & notify_artists_e1),False
BASIC,31,(2) If an artist is registered for an event and dispatcher,G ((register_a1_e1 & F  unregister_a1_e1) -> (after_notify_artists_e1 -> ((!(notify_artists_e1 | notify_artists_e2) & !unregister_a1_e1) U notify_client_event_a1_e1)) U unregister_a1_e1),G(register_a1_e1 & notify_artists_e1),False
BASIC,31,(2) If an artist is registered for an event and dispatcher,G ((register_a1_e1 & F  unregister_a1_e1) -> (after_notify_artists_e1 -> ((!(notify_artists_e1 | notify_artists_e2) & !unregister_a1_e1) U notify_client_event_a1_e1)) U unregister_a1_e1),G(register_a1_e1 & notify_artists_e1),False
BASIC,31,(2) If an artist is registered for an event and dispatcher,G ((register_a1_e1 & F  unregister_a1_e1) -> (after_notify_artists_e1 -> ((!(notify_artists_e1 | notify_artists_e2) & !unregister_a1_e1) U notify_client_event_a1_e1)) U unregister_a1_e1),G(register_a1_e1 & notify_artists_e1),False
BASIC,31,(2) If an artist is registered for an event and dispatcher,G ((register_a1_e1 & F  unregister_a1_e1) -> (after_notify_artists_e1 -> ((!(notify_artists_e1 | notify_artists_e2) & !unregister_a1_e1) U notify_client_event_a1_e1)) U unregister_a1_e1),G(register_a1_e1 & notify_artists_e1),False
BASIC,31,(2) If an artist is registered for an event and dispatcher,G ((register_a1_e1 & F  unregister_a1_e1) -> (after_notify_artists_e1 -> ((!(notify_artists_e1 | notify_artists_e2) & !unregister_a1_e1) U notify_client_event_a1_e1)) U unregister_a1_e1),G(register_a1_e1 & notify_artists_e1),False
BASIC,31,(2) If an artist is registered for an event and dispatcher,G ((register_a1_e1 & F  unregister_a1_e1) -> (after_notify_artists_e1 -> ((!(notify_artists_e1 | notify_artists_e2) & !unregister_a1_e1) U notify_client_event_a1_e1)) U unregister_a1_e1),(register_a1_e1 & notify_artists_e1),False
BASIC,31,(2) If an artist is registered for an event and dispatcher,G ((register_a1_e1 & F  unregister_a1_e1) -> (after_notify_artists_e1 -> ((!(notify_artists_e1 | notify_artists_e2) & !unregister_a1_e1) U notify_client_event_a1_e1)) U unregister_a1_e1),G(register_a1_e1 & notify_artists_e1),False
BASIC,31,(2) If an artist is registered for an event and dispatcher,G ((register_a1_e1 & F  unregister_a1_e1) -> (after_notify_artists_e1 -> ((!(notify_artists_e1 | notify_artists_e2) & !unregister_a1_e1) U notify_client_event_a1_e1)) U unregister_a1_e1),(register_a1_e1 & notify_artists_e1),False
BASIC,31,(2) If an artist is registered for an event and dispatcher,G ((register_a1_e1 & F  unregister_a1_e1) -> (after_notify_artists_e1 -> ((!(notify_artists_e1 | notify_artists_e2) & !unregister_a1_e1) U notify_client_event_a1_e1)) U unregister_a1_e1),G(register_a1_e1 & notify_artists_e1),False
BASIC,31,(2) If an artist is registered for an event and dispatcher,G ((register_a1_e1 & F  unregister_a1_e1) -> (after_notify_artists_e1 -> ((!(notify_artists_e1 | notify_artists_e2) & !unregister_a1_e1) U notify_client_event_a1_e1)) U unregister_a1_e1),G(register_a1_e1 & notify_artists_e1),False
BASIC,31,(2) If an artist is registered for an event and dispatcher,G ((register_a1_e1 & F  unregister_a1_e1) -> (after_notify_artists_e1 -> ((!(notify_artists_e1 | notify_artists_e2) & !unregister_a1_e1) U notify_client_event_a1_e1)) U unregister_a1_e1),(register_a1_e1 & notify_artists_e1),False
BASIC,31,(2) If an artist is registered for an event and dispatcher,G ((register_a1_e1 & F  unregister_a1_e1) -> (after_notify_artists_e1 -> ((!(notify_artists_e1 | notify_artists_e2) & !unregister_a1_e1) U notify_client_event_a1_e1)) U unregister_a1_e1),(register_a1_e1 & notify_artists_e1),False
BASIC,31,(2) If an artist is registered for an event and dispatcher,G ((register_a1_e1 & F  unregister_a1_e1) -> (after_notify_artists_e1 -> ((!(notify_artists_e1 | notify_artists_e2) & !unregister_a1_e1) U notify_client_event_a1_e1)) U unregister_a1_e1),G(register_a1_e1 & notify_artists_e1),False
BASIC,31,(2) If an artist is registered for an event and dispatcher,G ((register_a1_e1 & F  unregister_a1_e1) -> (after_notify_artists_e1 -> ((!(notify_artists_e1 | notify_artists_e2) & !unregister_a1_e1) U notify_client_event_a1_e1)) U unregister_a1_e1),G(register_a1_e1 & notify_artists_e1),False
BASIC,31,(2) If an artist is registered for an event and dispatcher,G ((register_a1_e1 & F  unregister_a1_e1) -> (after_notify_artists_e1 -> ((!(notify_artists_e1 | notify_artists_e2) & !unregister_a1_e1) U notify_client_event_a1_e1)) U unregister_a1_e1),G(register_a1_e1 & notify_artists_e1),False
BASIC,31,(2) If an artist is registered for an event and dispatcher,G ((register_a1_e1 & F  unregister_a1_e1) -> (after_notify_artists_e1 -> ((!(notify_artists_e1 | notify_artists_e2) & !unregister_a1_e1) U notify_client_event_a1_e1)) U unregister_a1_e1),G(register_a1_e1 & notify_artists_e1),False
BASIC,31,(2) If an artist is registered for an event and dispatcher,G ((register_a1_e1 & F  unregister_a1_e1) -> (after_notify_artists_e1 -> ((!(notify_artists_e1 | notify_artists_e2) & !unregister_a1_e1) U notify_client_event_a1_e1)) U unregister_a1_e1),G(register_a1_e1 & notify_artists_e1),False
BASIC,31,(2) If an artist is registered for an event and dispatcher,G ((register_a1_e1 & F  unregister_a1_e1) -> (after_notify_artists_e1 -> ((!(notify_artists_e1 | notify_artists_e2) & !unregister_a1_e1) U notify_client_event_a1_e1)) U unregister_a1_e1),G(register_a1_e1 & notify_artists_e1),False
BASIC,31,(2) If an artist is registered for an event and dispatcher,G ((register_a1_e1 & F  unregister_a1_e1) -> (after_notify_artists_e1 -> ((!(notify_artists_e1 | notify_artists_e2) & !unregister_a1_e1) U notify_client_event_a1_e1)) U unregister_a1_e1),G(register_a1_e1 & notify_artists_e1),False
BASIC,31,(2) If an artist is registered for an event and dispatcher,G ((register_a1_e1 & F  unregister_a1_e1) -> (after_notify_artists_e1 -> ((!(notify_artists_e1 | notify_artists_e2) & !unregister_a1_e1) U notify_client_event_a1_e1)) U unregister_a1_e1),G(register_a1_e1 & notify_artists_e1),False
BASIC,31,(2) If an artist is registered for an event and dispatcher,G ((register_a1_e1 & F  unregister_a1_e1) -> (after_notify_artists_e1 -> ((!(notify_artists_e1 | notify_artists_e2) & !unregister_a1_e1) U notify_client_event_a1_e1)) U unregister_a1_e1),G(register_a1_e1 & notify_artists_e1),False
BASIC,31,(2) If an artist is registered for an event and dispatcher,G ((register_a1_e1 & F  unregister_a1_e1) -> (after_notify_artists_e1 -> ((!(notify_artists_e1 | notify_artists_e2) & !unregister_a1_e1) U notify_client_event_a1_e1)) U unregister_a1_e1),G(register_a1_e1 & notify_artists_e1),False
BASIC,31,(2) If an artist is registered for an event and dispatcher,G ((register_a1_e1 & F  unregister_a1_e1) -> (after_notify_artists_e1 -> ((!(notify_artists_e1 | notify_artists_e2) & !unregister_a1_e1) U notify_client_event_a1_e1)) U unregister_a1_e1),(register_a1_e1 & notify_artists_e1),False
BASIC,31,(2) If an artist is registered for an event and dispatcher,G ((register_a1_e1 & F  unregister_a1_e1) -> (after_notify_artists_e1 -> ((!(notify_artists_e1 | notify_artists_e2) & !unregister_a1_e1) U notify_client_event_a1_e1)) U unregister_a1_e1),G(register_a1_e1 & notify_artists_e1),False
BASIC,31,(2) If an artist is registered for an event and dispatcher,G ((register_a1_e1 & F  unregister_a1_e1) -> (after_notify_artists_e1 -> ((!(notify_artists_e1 | notify_artists_e2) & !unregister_a1_e1) U notify_client_event_a1_e1)) U unregister_a1_e1),(register_a1_e1 & notify_artists_e1),False
BASIC,31,(2) If an artist is registered for an event and dispatcher,G ((register_a1_e1 & F  unregister_a1_e1) -> (after_notify_artists_e1 -> ((!(notify_artists_e1 | notify_artists_e2) & !unregister_a1_e1) U notify_client_event_a1_e1)) U unregister_a1_e1),(register_a1_e1 & notify_artists_e1),False
BASIC,31,(2) If an artist is registered for an event and dispatcher,G ((register_a1_e1 & F  unregister_a1_e1) -> (after_notify_artists_e1 -> ((!(notify_artists_e1 | notify_artists_e2) & !unregister_a1_e1) U notify_client_event_a1_e1)) U unregister_a1_e1),(register_a1_e1 & notify_artists_e1),False
BASIC,31,(2) If an artist is registered for an event and dispatcher,G ((register_a1_e1 & F  unregister_a1_e1) -> (after_notify_artists_e1 -> ((!(notify_artists_e1 | notify_artists_e2) & !unregister_a1_e1) U notify_client_event_a1_e1)) U unregister_a1_e1),G(register_a1_e1 & notify_artists_e1),False
BASIC,31,(2) If an artist is registered for an event and dispatcher,G ((register_a1_e1 & F  unregister_a1_e1) -> (after_notify_artists_e1 -> ((!(notify_artists_e1 | notify_artists_e2) & !unregister_a1_e1) U notify_client_event_a1_e1)) U unregister_a1_e1),G(register_a1_e1 & notify_artists_e1),False
BASIC,31,(2) If an artist is registered for an event and dispatcher,G ((register_a1_e1 & F  unregister_a1_e1) -> (after_notify_artists_e1 -> ((!(notify_artists_e1 | notify_artists_e2) & !unregister_a1_e1) U notify_client_event_a1_e1)) U unregister_a1_e1),G(register_a1_e1 & notify_artists_e1),False
BASIC,31,(2) If an artist is registered for an event and dispatcher,G ((register_a1_e1 & F  unregister_a1_e1) -> (after_notify_artists_e1 -> ((!(notify_artists_e1 | notify_artists_e2) & !unregister_a1_e1) U notify_client_event_a1_e1)) U unregister_a1_e1),G(register_a1_e1 & notify_artists_e1),False
BASIC,31,(2) If an artist is registered for an event and dispatcher,G ((register_a1_e1 & F  unregister_a1_e1) -> (after_notify_artists_e1 -> ((!(notify_artists_e1 | notify_artists_e2) & !unregister_a1_e1) U notify_client_event_a1_e1)) U unregister_a1_e1),(register_a1_e1 & notify_artists_e1),False
BASIC,31,(2) If an artist is registered for an event and dispatcher,G ((register_a1_e1 & F  unregister_a1_e1) -> (after_notify_artists_e1 -> ((!(notify_artists_e1 | notify_artists_e2) & !unregister_a1_e1) U notify_client_event_a1_e1)) U unregister_a1_e1),(register_a1_e1 & notify_artists_e1),False
BASIC,31,(2) If an artist is registered for an event and dispatcher,G ((register_a1_e1 & F  unregister_a1_e1) -> (after_notify_artists_e1 -> ((!(notify_artists_e1 | notify_artists_e2) & !unregister_a1_e1) U notify_client_event_a1_e1)) U unregister_a1_e1),(register_a1_e1 & notify_artists_e1),False
BASIC,31,(2) If an artist is registered for an event and dispatcher,G ((register_a1_e1 & F  unregister_a1_e1) -> (after_notify_artists_e1 -> ((!(notify_artists_e1 | notify_artists_e2) & !unregister_a1_e1) U notify_client_event_a1_e1)) U unregister_a1_e1),G(register_a1_e1 & notify_artists_e1),False
BASIC,31,(2) If an artist is registered for an event and dispatcher,G ((register_a1_e1 & F  unregister_a1_e1) -> (after_notify_artists_e1 -> ((!(notify_artists_e1 | notify_artists_e2) & !unregister_a1_e1) U notify_client_event_a1_e1)) U unregister_a1_e1),G(register_a1_e1 & notify_artists_e1),False
BASIC,31,(2) If an artist is registered for an event and dispatcher,G ((register_a1_e1 & F  unregister_a1_e1) -> (after_notify_artists_e1 -> ((!(notify_artists_e1 | notify_artists_e2) & !unregister_a1_e1) U notify_client_event_a1_e1)) U unregister_a1_e1),(register_a1_e1 & notify_artists_e1),False
BASIC,31,(2) If an artist is registered for an event and dispatcher,G ((register_a1_e1 & F  unregister_a1_e1) -> (after_notify_artists_e1 -> ((!(notify_artists_e1 | notify_artists_e2) & !unregister_a1_e1) U notify_client_event_a1_e1)) U unregister_a1_e1),G(register_a1_e1 & notify_artists_e1),False
BASIC,31,(2) If an artist is registered for an event and dispatcher,G ((register_a1_e1 & F  unregister_a1_e1) -> (after_notify_artists_e1 -> ((!(notify_artists_e1 | notify_artists_e2) & !unregister_a1_e1) U notify_client_event_a1_e1)) U unregister_a1_e1),G(register_a1_e1 & notify_artists_e1),False
BASIC,31,(2) If an artist is registered for an event and dispatcher,G ((register_a1_e1 & F  unregister_a1_e1) -> (after_notify_artists_e1 -> ((!(notify_artists_e1 | notify_artists_e2) & !unregister_a1_e1) U notify_client_event_a1_e1)) U unregister_a1_e1),G(register_a1_e1 & notify_artists_e1),False
BASIC,31,(2) If an artist is registered for an event and dispatcher,G ((register_a1_e1 & F  unregister_a1_e1) -> (after_notify_artists_e1 -> ((!(notify_artists_e1 | notify_artists_e2) & !unregister_a1_e1) U notify_client_event_a1_e1)) U unregister_a1_e1),(register_a1_e1 & notify_artists_e1),False
BASIC,31,(2) If an artist is registered for an event and dispatcher,G ((register_a1_e1 & F  unregister_a1_e1) -> (after_notify_artists_e1 -> ((!(notify_artists_e1 | notify_artists_e2) & !unregister_a1_e1) U notify_client_event_a1_e1)) U unregister_a1_e1),G(register_a1_e1 & notify_artists_e1),False
BASIC,31,(2) If an artist is registered for an event and dispatcher,G ((register_a1_e1 & F  unregister_a1_e1) -> (after_notify_artists_e1 -> ((!(notify_artists_e1 | notify_artists_e2) & !unregister_a1_e1) U notify_client_event_a1_e1)) U unregister_a1_e1),G(register_a1_e1 & notify_artists_e1),False
BASIC,31,(2) If an artist is registered for an event and dispatcher,G ((register_a1_e1 & F  unregister_a1_e1) -> (after_notify_artists_e1 -> ((!(notify_artists_e1 | notify_artists_e2) & !unregister_a1_e1) U notify_client_event_a1_e1)) U unregister_a1_e1),G(register_a1_e1 & notify_artists_e1),False
BASIC,31,(2) If an artist is registered for an event and dispatcher,G ((register_a1_e1 & F  unregister_a1_e1) -> (after_notify_artists_e1 -> ((!(notify_artists_e1 | notify_artists_e2) & !unregister_a1_e1) U notify_client_event_a1_e1)) U unregister_a1_e1),G(register_a1_e1 & notify_artists_e1),False
BASIC,31,(2) If an artist is registered for an event and dispatcher,G ((register_a1_e1 & F  unregister_a1_e1) -> (after_notify_artists_e1 -> ((!(notify_artists_e1 | notify_artists_e2) & !unregister_a1_e1) U notify_client_event_a1_e1)) U unregister_a1_e1),G(register_a1_e1 & notify_artists_e1),False
BASIC,31,(2) If an artist is registered for an event and dispatcher,G ((register_a1_e1 & F  unregister_a1_e1) -> (after_notify_artists_e1 -> ((!(notify_artists_e1 | notify_artists_e2) & !unregister_a1_e1) U notify_client_event_a1_e1)) U unregister_a1_e1),(register_a1_e1 & notify_artists_e1),False
BASIC,31,(2) If an artist is registered for an event and dispatcher,G ((register_a1_e1 & F  unregister_a1_e1) -> (after_notify_artists_e1 -> ((!(notify_artists_e1 | notify_artists_e2) & !unregister_a1_e1) U notify_client_event_a1_e1)) U unregister_a1_e1),G(register_a1_e1 & notify_artists_e1),False
BASIC,31,(2) If an artist is registered for an event and dispatcher,G ((register_a1_e1 & F  unregister_a1_e1) -> (after_notify_artists_e1 -> ((!(notify_artists_e1 | notify_artists_e2) & !unregister_a1_e1) U notify_client_event_a1_e1)) U unregister_a1_e1),(register_a1_e1 & notify_artists_e1),False
BASIC,31,(2) If an artist is registered for an event and dispatcher,G ((register_a1_e1 & F  unregister_a1_e1) -> (after_notify_artists_e1 -> ((!(notify_artists_e1 | notify_artists_e2) & !unregister_a1_e1) U notify_client_event_a1_e1)) U unregister_a1_e1),(register_a1_e1 & notify_artists_e1),False
BASIC,31,(2) If an artist is registered for an event and dispatcher,G ((register_a1_e1 & F  unregister_a1_e1) -> (after_notify_artists_e1 -> ((!(notify_artists_e1 | notify_artists_e2) & !unregister_a1_e1) U notify_client_event_a1_e1)) U unregister_a1_e1),G(register_a1_e1 & notify_artists_e1),False
BASIC,31,(2) If an artist is registered for an event and dispatcher,G ((register_a1_e1 & F  unregister_a1_e1) -> (after_notify_artists_e1 -> ((!(notify_artists_e1 | notify_artists_e2) & !unregister_a1_e1) U notify_client_event_a1_e1)) U unregister_a1_e1),G(register_a1_e1 & notify_artists_e1),False
BASIC,31,(2) If an artist is registered for an event and dispatcher,G ((register_a1_e1 & F  unregister_a1_e1) -> (after_notify_artists_e1 -> ((!(notify_artists_e1 | notify_artists_e2) & !unregister_a1_e1) U notify_client_event_a1_e1)) U unregister_a1_e1),(register_a1_e1 & notify_artists_e1),False
BASIC,31,(2) If an artist is registered for an event and dispatcher,G ((register_a1_e1 & F  unregister_a1_e1) -> (after_notify_artists_e1 -> ((!(notify_artists_e1 | notify_artists_e2) & !unregister_a1_e1) U notify_client_event_a1_e1)) U unregister_a1_e1),G(register_a1_e1 & notify_artists_e1),False
BASIC,31,(2) If an artist is registered for an event and dispatcher,G ((register_a1_e1 & F  unregister_a1_e1) -> (after_notify_artists_e1 -> ((!(notify_artists_e1 | notify_artists_e2) & !unregister_a1_e1) U notify_client_event_a1_e1)) U unregister_a1_e1),G(register_a1_e1 & notify_artists_e1),False
BASIC,31,(2) If an artist is registered for an event and dispatcher,G ((register_a1_e1 & F  unregister_a1_e1) -> (after_notify_artists_e1 -> ((!(notify_artists_e1 | notify_artists_e2) & !unregister_a1_e1) U notify_client_event_a1_e1)) U unregister_a1_e1),G(register_a1_e1 & notify_artists_e1),False
BASIC,31,(2) If an artist is registered for an event and dispatcher,G ((register_a1_e1 & F  unregister_a1_e1) -> (after_notify_artists_e1 -> ((!(notify_artists_e1 | notify_artists_e2) & !unregister_a1_e1) U notify_client_event_a1_e1)) U unregister_a1_e1),G(register_a1_e1 & notify_artists_e1),False
BASIC,31,(2) If an artist is registered for an event and dispatcher,G ((register_a1_e1 & F  unregister_a1_e1) -> (after_notify_artists_e1 -> ((!(notify_artists_e1 | notify_artists_e2) & !unregister_a1_e1) U notify_client_event_a1_e1)) U unregister_a1_e1),G(register_a1_e1 & notify_artists_e1),False
BASIC,31,(2) If an artist is registered for an event and dispatcher,G ((register_a1_e1 & F  unregister_a1_e1) -> (after_notify_artists_e1 -> ((!(notify_artists_e1 | notify_artists_e2) & !unregister_a1_e1) U notify_client_event_a1_e1)) U unregister_a1_e1),G(register_a1_e1 & notify_artists_e1),False
BASIC,31,(2) If an artist is registered for an event and dispatcher,G ((register_a1_e1 & F  unregister_a1_e1) -> (after_notify_artists_e1 -> ((!(notify_artists_e1 | notify_artists_e2) & !unregister_a1_e1) U notify_client_event_a1_e1)) U unregister_a1_e1),G(register_a1_e1 & notify_artists_e1),False
BASIC,31,(2) If an artist is registered for an event and dispatcher,G ((register_a1_e1 & F  unregister_a1_e1) -> (after_notify_artists_e1 -> ((!(notify_artists_e1 | notify_artists_e2) & !unregister_a1_e1) U notify_client_event_a1_e1)) U unregister_a1_e1),G(register_a1_e1 & notify_artists_e1),False
BASIC,31,(2) If an artist is registered for an event and dispatcher,G ((register_a1_e1 & F  unregister_a1_e1) -> (after_notify_artists_e1 -> ((!(notify_artists_e1 | notify_artists_e2) & !unregister_a1_e1) U notify_client_event_a1_e1)) U unregister_a1_e1),G(register_a1_e1 & notify_artists_e1),False
BASIC,31,(2) If an artist is registered for an event and dispatcher,G ((register_a1_e1 & F  unregister_a1_e1) -> (after_notify_artists_e1 -> ((!(notify_artists_e1 | notify_artists_e2) & !unregister_a1_e1) U notify_client_event_a1_e1)) U unregister_a1_e1),G(register_a1_e1 & notify_artists_e1),False
BASIC,31,(2) If an artist is registered for an event and dispatcher,G ((register_a1_e1 & F  unregister_a1_e1) -> (after_notify_artists_e1 -> ((!(notify_artists_e1 | notify_artists_e2) & !unregister_a1_e1) U notify_client_event_a1_e1)) U unregister_a1_e1),(register_a1_e1 & notify_artists_e1),False
BASIC,31,(2) If an artist is registered for an event and dispatcher,G ((register_a1_e1 & F  unregister_a1_e1) -> (after_notify_artists_e1 -> ((!(notify_artists_e1 | notify_artists_e2) & !unregister_a1_e1) U notify_client_event_a1_e1)) U unregister_a1_e1),G(register_a1_e1 & notify_artists_e1),False
BASIC,31,(2) If an artist is registered for an event and dispatcher,G ((register_a1_e1 & F  unregister_a1_e1) -> (after_notify_artists_e1 -> ((!(notify_artists_e1 | notify_artists_e2) & !unregister_a1_e1) U notify_client_event_a1_e1)) U unregister_a1_e1),G(register_a1_e1 & notify_artists_e1),False
BASIC,31,(2) If an artist is registered for an event and dispatcher,G ((register_a1_e1 & F  unregister_a1_e1) -> (after_notify_artists_e1 -> ((!(notify_artists_e1 | notify_artists_e2) & !unregister_a1_e1) U notify_client_event_a1_e1)) U unregister_a1_e1),G(register_a1_e1 & notify_artists_e1),False
BASIC,31,(2) If an artist is registered for an event and dispatcher,G ((register_a1_e1 & F  unregister_a1_e1) -> (after_notify_artists_e1 -> ((!(notify_artists_e1 | notify_artists_e2) & !unregister_a1_e1) U notify_client_event_a1_e1)) U unregister_a1_e1),G(register_a1_e1 & notify_artists_e1),False
BASIC,31,(2) If an artist is registered for an event and dispatcher,G ((register_a1_e1 & F  unregister_a1_e1) -> (after_notify_artists_e1 -> ((!(notify_artists_e1 | notify_artists_e2) & !unregister_a1_e1) U notify_client_event_a1_e1)) U unregister_a1_e1),G(register_a1_e1 & notify_artists_e1),False
BASIC,31,(2) If an artist is registered for an event and dispatcher,G ((register_a1_e1 & F  unregister_a1_e1) -> (after_notify_artists_e1 -> ((!(notify_artists_e1 | notify_artists_e2) & !unregister_a1_e1) U notify_client_event_a1_e1)) U unregister_a1_e1),G(register_a1_e1 & notify_artists_e1),False
BASIC,31,(2) If an artist is registered for an event and dispatcher,G ((register_a1_e1 & F  unregister_a1_e1) -> (after_notify_artists_e1 -> ((!(notify_artists_e1 | notify_artists_e2) & !unregister_a1_e1) U notify_client_event_a1_e1)) U unregister_a1_e1),(register_a1_e1 & notify_artists_e1),False
BASIC,31,(2) If an artist is registered for an event and dispatcher,G ((register_a1_e1 & F  unregister_a1_e1) -> (after_notify_artists_e1 -> ((!(notify_artists_e1 | notify_artists_e2) & !unregister_a1_e1) U notify_client_event_a1_e1)) U unregister_a1_e1),G(register_a1_e1 & notify_artists_e1),False
BASIC,31,(2) If an artist is registered for an event and dispatcher,G ((register_a1_e1 & F  unregister_a1_e1) -> (after_notify_artists_e1 -> ((!(notify_artists_e1 | notify_artists_e2) & !unregister_a1_e1) U notify_client_event_a1_e1)) U unregister_a1_e1),G(register_a1_e1 & notify_artists_e1),False
BASIC,31,(2) If an artist is registered for an event and dispatcher,G ((register_a1_e1 & F  unregister_a1_e1) -> (after_notify_artists_e1 -> ((!(notify_artists_e1 | notify_artists_e2) & !unregister_a1_e1) U notify_client_event_a1_e1)) U unregister_a1_e1),G(register_a1_e1 & notify_artists_e1),False
BASIC,31,(2) If an artist is registered for an event and dispatcher,G ((register_a1_e1 & F  unregister_a1_e1) -> (after_notify_artists_e1 -> ((!(notify_artists_e1 | notify_artists_e2) & !unregister_a1_e1) U notify_client_event_a1_e1)) U unregister_a1_e1),(register_a1_e1 & notify_artists_e1),False
BASIC,31,(2) If an artist is registered for an event and dispatcher,G ((register_a1_e1 & F  unregister_a1_e1) -> (after_notify_artists_e1 -> ((!(notify_artists_e1 | notify_artists_e2) & !unregister_a1_e1) U notify_client_event_a1_e1)) U unregister_a1_e1),(register_a1_e1 & notify_artists_e1),False
BASIC,31,(2) If an artist is registered for an event and dispatcher,G ((register_a1_e1 & F  unregister_a1_e1) -> (after_notify_artists_e1 -> ((!(notify_artists_e1 | notify_artists_e2) & !unregister_a1_e1) U notify_client_event_a1_e1)) U unregister_a1_e1),(register_a1_e1 & notify_artists_e1),False
BASIC,31,(2) If an artist is registered for an event and dispatcher,G ((register_a1_e1 & F  unregister_a1_e1) -> (after_notify_artists_e1 -> ((!(notify_artists_e1 | notify_artists_e2) & !unregister_a1_e1) U notify_client_event_a1_e1)) U unregister_a1_e1),(register_a1_e1 & notify_artists_e1),False
BASIC,31,(2) If an artist is registered for an event and dispatcher,G ((register_a1_e1 & F  unregister_a1_e1) -> (after_notify_artists_e1 -> ((!(notify_artists_e1 | notify_artists_e2) & !unregister_a1_e1) U notify_client_event_a1_e1)) U unregister_a1_e1),G(register_a1_e1 & notify_artists_e1),False
BASIC,31,(2) If an artist is registered for an event and dispatcher,G ((register_a1_e1 & F  unregister_a1_e1) -> (after_notify_artists_e1 -> ((!(notify_artists_e1 | notify_artists_e2) & !unregister_a1_e1) U notify_client_event_a1_e1)) U unregister_a1_e1),G(register_a1_e1 & notify_artists_e1),False
BASIC,31,(2) If an artist is registered for an event and dispatcher,G ((register_a1_e1 & F  unregister_a1_e1) -> (after_notify_artists_e1 -> ((!(notify_artists_e1 | notify_artists_e2) & !unregister_a1_e1) U notify_client_event_a1_e1)) U unregister_a1_e1),(register_a1_e1 & notify_artists_e1),False
BASIC,31,(2) If an artist is registered for an event and dispatcher,G ((register_a1_e1 & F  unregister_a1_e1) -> (after_notify_artists_e1 -> ((!(notify_artists_e1 | notify_artists_e2) & !unregister_a1_e1) U notify_client_event_a1_e1)) U unregister_a1_e1),G(register_a1_e1 & notify_artists_e1),False
BASIC,31,(2) If an artist is registered for an event and dispatcher,G ((register_a1_e1 & F  unregister_a1_e1) -> (after_notify_artists_e1 -> ((!(notify_artists_e1 | notify_artists_e2) & !unregister_a1_e1) U notify_client_event_a1_e1)) U unregister_a1_e1),(register_a1_e1 & notify_artists_e1),False
BASIC,31,(2) If an artist is registered for an event and dispatcher,G ((register_a1_e1 & F  unregister_a1_e1) -> (after_notify_artists_e1 -> ((!(notify_artists_e1 | notify_artists_e2) & !unregister_a1_e1) U notify_client_event_a1_e1)) U unregister_a1_e1),G(register_a1_e1 & notify_artists_e1),False
BASIC,31,(2) If an artist is registered for an event and dispatcher,G ((register_a1_e1 & F  unregister_a1_e1) -> (after_notify_artists_e1 -> ((!(notify_artists_e1 | notify_artists_e2) & !unregister_a1_e1) U notify_client_event_a1_e1)) U unregister_a1_e1),G(register_a1_e1 & notify_artists_e1),False
BASIC,31,(2) If an artist is registered for an event and dispatcher,G ((register_a1_e1 & F  unregister_a1_e1) -> (after_notify_artists_e1 -> ((!(notify_artists_e1 | notify_artists_e2) & !unregister_a1_e1) U notify_client_event_a1_e1)) U unregister_a1_e1),(register_a1_e1 & notify_artists_e1),False
BASIC,31,(2) If an artist is registered for an event and dispatcher,G ((register_a1_e1 & F  unregister_a1_e1) -> (after_notify_artists_e1 -> ((!(notify_artists_e1 | notify_artists_e2) & !unregister_a1_e1) U notify_client_event_a1_e1)) U unregister_a1_e1),(register_a1_e1 & notify_artists_e1),False
BASIC,31,(2) If an artist is registered for an event and dispatcher,G ((register_a1_e1 & F  unregister_a1_e1) -> (after_notify_artists_e1 -> ((!(notify_artists_e1 | notify_artists_e2) & !unregister_a1_e1) U notify_client_event_a1_e1)) U unregister_a1_e1),G(register_a1_e1 & notify_artists_e1),False
BASIC,31,(2) If an artist is registered for an event and dispatcher,G ((register_a1_e1 & F  unregister_a1_e1) -> (after_notify_artists_e1 -> ((!(notify_artists_e1 | notify_artists_e2) & !unregister_a1_e1) U notify_client_event_a1_e1)) U unregister_a1_e1),G(register_a1_e1 & notify_artists_e1),False
BASIC,31,(2) If an artist is registered for an event and dispatcher,G ((register_a1_e1 & F  unregister_a1_e1) -> (after_notify_artists_e1 -> ((!(notify_artists_e1 | notify_artists_e2) & !unregister_a1_e1) U notify_client_event_a1_e1)) U unregister_a1_e1),G(register_a1_e1 & notify_artists_e1),False
BASIC,31,(2) If an artist is registered for an event and dispatcher,G ((register_a1_e1 & F  unregister_a1_e1) -> (after_notify_artists_e1 -> ((!(notify_artists_e1 | notify_artists_e2) & !unregister_a1_e1) U notify_client_event_a1_e1)) U unregister_a1_e1),(register_a1_e1 & notify_artists_e1),False
BASIC,31,(2) If an artist is registered for an event and dispatcher,G ((register_a1_e1 & F  unregister_a1_e1) -> (after_notify_artists_e1 -> ((!(notify_artists_e1 | notify_artists_e2) & !unregister_a1_e1) U notify_client_event_a1_e1)) U unregister_a1_e1),G(register_a1_e1 & notify_artists_e1),False
BASIC,31,(2) If an artist is registered for an event and dispatcher,G ((register_a1_e1 & F  unregister_a1_e1) -> (after_notify_artists_e1 -> ((!(notify_artists_e1 | notify_artists_e2) & !unregister_a1_e1) U notify_client_event_a1_e1)) U unregister_a1_e1),G(register_a1_e1 & notify_artists_e1),False
BASIC,31,(2) If an artist is registered for an event and dispatcher,G ((register_a1_e1 & F  unregister_a1_e1) -> (after_notify_artists_e1 -> ((!(notify_artists_e1 | notify_artists_e2) & !unregister_a1_e1) U notify_client_event_a1_e1)) U unregister_a1_e1),G(register_a1_e1 & notify_artists_e1),False
BASIC,31,(2) If an artist is registered for an event and dispatcher,G ((register_a1_e1 & F  unregister_a1_e1) -> (after_notify_artists_e1 -> ((!(notify_artists_e1 | notify_artists_e2) & !unregister_a1_e1) U notify_client_event_a1_e1)) U unregister_a1_e1),G(register_a1_e1 & notify_artists_e1),False
BASIC,31,(2) If an artist is registered for an event and dispatcher,G ((register_a1_e1 & F  unregister_a1_e1) -> (after_notify_artists_e1 -> ((!(notify_artists_e1 | notify_artists_e2) & !unregister_a1_e1) U notify_client_event_a1_e1)) U unregister_a1_e1),G(register_a1_e1 & notify_artists_e1),False
BASIC,32,(3) Dispatcher does not notify any artists of an event until it,!(notify_client_event_a1_e1 | notify_client_event_a2_e1)  U (notify_artists_e1 | G !(notify_client_event_a1_e1 | notify_client_event_a2_e1)),!(notify_artists_e1) U notify_client_event_a1_e1,False
BASIC,32,(3) Dispatcher does not notify any artists of an event until it,!(notify_client_event_a1_e1 | notify_client_event_a2_e1)  U (notify_artists_e1 | G !(notify_client_event_a1_e1 | notify_client_event_a2_e1)),(!notify_artists_e1) U (notify_artists_e1),False
BASIC,32,(3) Dispatcher does not notify any artists of an event until it,!(notify_client_event_a1_e1 | notify_client_event_a2_e1)  U (notify_artists_e1 | G !(notify_client_event_a1_e1 | notify_client_event_a2_e1)),!(notify_artists_e1) U (notify_artists_e1),False
BASIC,32,(3) Dispatcher does not notify any artists of an event until it,!(notify_client_event_a1_e1 | notify_client_event_a2_e1)  U (notify_artists_e1 | G !(notify_client_event_a1_e1 | notify_client_event_a2_e1)),(!notify_artists_e1) U notify_artists_e1,False
BASIC,32,(3) Dispatcher does not notify any artists of an event until it,!(notify_client_event_a1_e1 | notify_client_event_a2_e1)  U (notify_artists_e1 | G !(notify_client_event_a1_e1 | notify_client_event_a2_e1)),(!notify_artists_e1) U notify_artists_e1,False
BASIC,32,(3) Dispatcher does not notify any artists of an event until it,!(notify_client_event_a1_e1 | notify_client_event_a2_e1)  U (notify_artists_e1 | G !(notify_client_event_a1_e1 | notify_client_event_a2_e1)),(!notify_artists_e1) U (notify_artists_e1),False
BASIC,32,(3) Dispatcher does not notify any artists of an event until it,!(notify_client_event_a1_e1 | notify_client_event_a2_e1)  U (notify_artists_e1 | G !(notify_client_event_a1_e1 | notify_client_event_a2_e1)),!(notify_artists_e1) U (notify_artists_e1),False
BASIC,32,(3) Dispatcher does not notify any artists of an event until it,!(notify_client_event_a1_e1 | notify_client_event_a2_e1)  U (notify_artists_e1 | G !(notify_client_event_a1_e1 | notify_client_event_a2_e1)),(!notify_artists_e1) U (notify_artists_e1),False
BASIC,32,(3) Dispatcher does not notify any artists of an event until it,!(notify_client_event_a1_e1 | notify_client_event_a2_e1)  U (notify_artists_e1 | G !(notify_client_event_a1_e1 | notify_client_event_a2_e1)),(!notify_artists_e1) U (notify_artists_e1),False
BASIC,32,(3) Dispatcher does not notify any artists of an event until it,!(notify_client_event_a1_e1 | notify_client_event_a2_e1)  U (notify_artists_e1 | G !(notify_client_event_a1_e1 | notify_client_event_a2_e1)),(!notify_artists_e1) U notify_artists_e1,False
BASIC,32,(3) Dispatcher does not notify any artists of an event until it,!(notify_client_event_a1_e1 | notify_client_event_a2_e1)  U (notify_artists_e1 | G !(notify_client_event_a1_e1 | notify_client_event_a2_e1)),(!notify_artists_e1) U notify_artists_e1,False
BASIC,32,(3) Dispatcher does not notify any artists of an event until it,!(notify_client_event_a1_e1 | notify_client_event_a2_e1)  U (notify_artists_e1 | G !(notify_client_event_a1_e1 | notify_client_event_a2_e1)),(!notify_artists_e1) U notify_artists_e1,False
BASIC,32,(3) Dispatcher does not notify any artists of an event until it,!(notify_client_event_a1_e1 | notify_client_event_a2_e1)  U (notify_artists_e1 | G !(notify_client_event_a1_e1 | notify_client_event_a2_e1)),(!notify_artists_e1) U notify_artists_e1,False
BASIC,32,(3) Dispatcher does not notify any artists of an event until it,!(notify_client_event_a1_e1 | notify_client_event_a2_e1)  U (notify_artists_e1 | G !(notify_client_event_a1_e1 | notify_client_event_a2_e1)),(!notify_artists_e1) U notify_artists_e1,False
BASIC,32,(3) Dispatcher does not notify any artists of an event until it,!(notify_client_event_a1_e1 | notify_client_event_a2_e1)  U (notify_artists_e1 | G !(notify_client_event_a1_e1 | notify_client_event_a2_e1)),(!notify_artists_e1) U (notify_artists_e1),False
BASIC,32,(3) Dispatcher does not notify any artists of an event until it,!(notify_client_event_a1_e1 | notify_client_event_a2_e1)  U (notify_artists_e1 | G !(notify_client_event_a1_e1 | notify_client_event_a2_e1)),(!notify_artists_e1) U notify_artists_e1,False
BASIC,32,(3) Dispatcher does not notify any artists of an event until it,!(notify_client_event_a1_e1 | notify_client_event_a2_e1)  U (notify_artists_e1 | G !(notify_client_event_a1_e1 | notify_client_event_a2_e1)),!(notify_artists_e1) U (notify_artists_e1),False
BASIC,32,(3) Dispatcher does not notify any artists of an event until it,!(notify_client_event_a1_e1 | notify_client_event_a2_e1)  U (notify_artists_e1 | G !(notify_client_event_a1_e1 | notify_client_event_a2_e1)),(!notify_artists_e1) U notify_artists_e1,False
BASIC,32,(3) Dispatcher does not notify any artists of an event until it,!(notify_client_event_a1_e1 | notify_client_event_a2_e1)  U (notify_artists_e1 | G !(notify_client_event_a1_e1 | notify_client_event_a2_e1)),(!notify_artists_e1) U notify_artists_e1,False
BASIC,32,(3) Dispatcher does not notify any artists of an event until it,!(notify_client_event_a1_e1 | notify_client_event_a2_e1)  U (notify_artists_e1 | G !(notify_client_event_a1_e1 | notify_client_event_a2_e1)),(!notify_artists_e1) U notify_artists_e1,False
BASIC,32,(3) Dispatcher does not notify any artists of an event until it,!(notify_client_event_a1_e1 | notify_client_event_a2_e1)  U (notify_artists_e1 | G !(notify_client_event_a1_e1 | notify_client_event_a2_e1)),!(notify_artists_e1) U (notify_artists_e1),False
BASIC,32,(3) Dispatcher does not notify any artists of an event until it,!(notify_client_event_a1_e1 | notify_client_event_a2_e1)  U (notify_artists_e1 | G !(notify_client_event_a1_e1 | notify_client_event_a2_e1)),(!notify_artists_e1) U notify_artists_e1,False
BASIC,32,(3) Dispatcher does not notify any artists of an event until it,!(notify_client_event_a1_e1 | notify_client_event_a2_e1)  U (notify_artists_e1 | G !(notify_client_event_a1_e1 | notify_client_event_a2_e1)),(!notify_artists_e1) U (notify_artists_e1),False
BASIC,32,(3) Dispatcher does not notify any artists of an event until it,!(notify_client_event_a1_e1 | notify_client_event_a2_e1)  U (notify_artists_e1 | G !(notify_client_event_a1_e1 | notify_client_event_a2_e1)),!(notify_artists_e1) U notify_client_event_a1_e1,False
BASIC,32,(3) Dispatcher does not notify any artists of an event until it,!(notify_client_event_a1_e1 | notify_client_event_a2_e1)  U (notify_artists_e1 | G !(notify_client_event_a1_e1 | notify_client_event_a2_e1)),!(notify_artists_e1) U (notify_artists_e1),False
BASIC,32,(3) Dispatcher does not notify any artists of an event until it,!(notify_client_event_a1_e1 | notify_client_event_a2_e1)  U (notify_artists_e1 | G !(notify_client_event_a1_e1 | notify_client_event_a2_e1)),(!notify_artists_e1) U (notify_artists_e1),False
BASIC,32,(3) Dispatcher does not notify any artists of an event until it,!(notify_client_event_a1_e1 | notify_client_event_a2_e1)  U (notify_artists_e1 | G !(notify_client_event_a1_e1 | notify_client_event_a2_e1)),(!notify_artists_e1) U notify_artists_e1,False
BASIC,32,(3) Dispatcher does not notify any artists of an event until it,!(notify_client_event_a1_e1 | notify_client_event_a2_e1)  U (notify_artists_e1 | G !(notify_client_event_a1_e1 | notify_client_event_a2_e1)),!(notify_artists_e1) U (notify_artists_e1),False
BASIC,32,(3) Dispatcher does not notify any artists of an event until it,!(notify_client_event_a1_e1 | notify_client_event_a2_e1)  U (notify_artists_e1 | G !(notify_client_event_a1_e1 | notify_client_event_a2_e1)),!(notify_artists_e1) U (notify_artists_e1),False
BASIC,32,(3) Dispatcher does not notify any artists of an event until it,!(notify_client_event_a1_e1 | notify_client_event_a2_e1)  U (notify_artists_e1 | G !(notify_client_event_a1_e1 | notify_client_event_a2_e1)),(!notify_artists_e1) U (notify_artists_e1),False
BASIC,32,(3) Dispatcher does not notify any artists of an event until it,!(notify_client_event_a1_e1 | notify_client_event_a2_e1)  U (notify_artists_e1 | G !(notify_client_event_a1_e1 | notify_client_event_a2_e1)),(!notify_artists_e1) U (notify_artists_e1),False
BASIC,32,(3) Dispatcher does not notify any artists of an event until it,!(notify_client_event_a1_e1 | notify_client_event_a2_e1)  U (notify_artists_e1 | G !(notify_client_event_a1_e1 | notify_client_event_a2_e1)),(!notify_artists_e1) U notify_artists_e1,False
BASIC,32,(3) Dispatcher does not notify any artists of an event until it,!(notify_client_event_a1_e1 | notify_client_event_a2_e1)  U (notify_artists_e1 | G !(notify_client_event_a1_e1 | notify_client_event_a2_e1)),(!notify_artists_e1) U notify_artists_e1,False
BASIC,32,(3) Dispatcher does not notify any artists of an event until it,!(notify_client_event_a1_e1 | notify_client_event_a2_e1)  U (notify_artists_e1 | G !(notify_client_event_a1_e1 | notify_client_event_a2_e1)),(!notify_artists_e1) U (notify_artists_e1),False
BASIC,32,(3) Dispatcher does not notify any artists of an event until it,!(notify_client_event_a1_e1 | notify_client_event_a2_e1)  U (notify_artists_e1 | G !(notify_client_event_a1_e1 | notify_client_event_a2_e1)),(!notify_artists_e1) U (notify_artists_e1),False
BASIC,32,(3) Dispatcher does not notify any artists of an event until it,!(notify_client_event_a1_e1 | notify_client_event_a2_e1)  U (notify_artists_e1 | G !(notify_client_event_a1_e1 | notify_client_event_a2_e1)),(!notify_artists_e1) U (notify_artists_e1),False
BASIC,32,(3) Dispatcher does not notify any artists of an event until it,!(notify_client_event_a1_e1 | notify_client_event_a2_e1)  U (notify_artists_e1 | G !(notify_client_event_a1_e1 | notify_client_event_a2_e1)),(!notify_artists_e1) U notify_artists_e1,False
BASIC,32,(3) Dispatcher does not notify any artists of an event until it,!(notify_client_event_a1_e1 | notify_client_event_a2_e1)  U (notify_artists_e1 | G !(notify_client_event_a1_e1 | notify_client_event_a2_e1)),(!notify_artists_e1) U (notify_artists_e1),False
BASIC,32,(3) Dispatcher does not notify any artists of an event until it,!(notify_client_event_a1_e1 | notify_client_event_a2_e1)  U (notify_artists_e1 | G !(notify_client_event_a1_e1 | notify_client_event_a2_e1)),(!notify_artists_e1) U notify_artists_e1,False
BASIC,32,(3) Dispatcher does not notify any artists of an event until it,!(notify_client_event_a1_e1 | notify_client_event_a2_e1)  U (notify_artists_e1 | G !(notify_client_event_a1_e1 | notify_client_event_a2_e1)),(!notify_artists_e1) U (notify_artists_e1),False
BASIC,32,(3) Dispatcher does not notify any artists of an event until it,!(notify_client_event_a1_e1 | notify_client_event_a2_e1)  U (notify_artists_e1 | G !(notify_client_event_a1_e1 | notify_client_event_a2_e1)),!(notify_artists_e1) U (notify_artists_e1),False
BASIC,32,(3) Dispatcher does not notify any artists of an event until it,!(notify_client_event_a1_e1 | notify_client_event_a2_e1)  U (notify_artists_e1 | G !(notify_client_event_a1_e1 | notify_client_event_a2_e1)),(!notify_artists_e1) U notify_artists_e1,False
BASIC,32,(3) Dispatcher does not notify any artists of an event until it,!(notify_client_event_a1_e1 | notify_client_event_a2_e1)  U (notify_artists_e1 | G !(notify_client_event_a1_e1 | notify_client_event_a2_e1)),(!notify_artists_e1) U notify_artists_e1,False
BASIC,32,(3) Dispatcher does not notify any artists of an event until it,!(notify_client_event_a1_e1 | notify_client_event_a2_e1)  U (notify_artists_e1 | G !(notify_client_event_a1_e1 | notify_client_event_a2_e1)),(!notify_artists_e1) U (notify_artists_e1),False
BASIC,32,(3) Dispatcher does not notify any artists of an event until it,!(notify_client_event_a1_e1 | notify_client_event_a2_e1)  U (notify_artists_e1 | G !(notify_client_event_a1_e1 | notify_client_event_a2_e1)),!(notify_artists_e1) U (notify_artists_e1),False
BASIC,32,(3) Dispatcher does not notify any artists of an event until it,!(notify_client_event_a1_e1 | notify_client_event_a2_e1)  U (notify_artists_e1 | G !(notify_client_event_a1_e1 | notify_client_event_a2_e1)),!(notify_artists_e1) U (notify_artists_e1),False
BASIC,32,(3) Dispatcher does not notify any artists of an event until it,!(notify_client_event_a1_e1 | notify_client_event_a2_e1)  U (notify_artists_e1 | G !(notify_client_event_a1_e1 | notify_client_event_a2_e1)),(!notify_artists_e1) U (notify_artists_e1),False
BASIC,32,(3) Dispatcher does not notify any artists of an event until it,!(notify_client_event_a1_e1 | notify_client_event_a2_e1)  U (notify_artists_e1 | G !(notify_client_event_a1_e1 | notify_client_event_a2_e1)),(!notify_artists_e1) U (notify_artists_e1),False
BASIC,32,(3) Dispatcher does not notify any artists of an event until it,!(notify_client_event_a1_e1 | notify_client_event_a2_e1)  U (notify_artists_e1 | G !(notify_client_event_a1_e1 | notify_client_event_a2_e1)),(!notify_artists_e1) U (notify_artists_e1),False
BASIC,32,(3) Dispatcher does not notify any artists of an event until it,!(notify_client_event_a1_e1 | notify_client_event_a2_e1)  U (notify_artists_e1 | G !(notify_client_event_a1_e1 | notify_client_event_a2_e1)),!(notify_artists_e1) U (notify_artists_e1),False
BASIC,32,(3) Dispatcher does not notify any artists of an event until it,!(notify_client_event_a1_e1 | notify_client_event_a2_e1)  U (notify_artists_e1 | G !(notify_client_event_a1_e1 | notify_client_event_a2_e1)),!(notify_artists_e1) U (notify_artists_e1),False
BASIC,32,(3) Dispatcher does not notify any artists of an event until it,!(notify_client_event_a1_e1 | notify_client_event_a2_e1)  U (notify_artists_e1 | G !(notify_client_event_a1_e1 | notify_client_event_a2_e1)),!(notify_artists_e1) U (notify_artists_e1),False
BASIC,32,(3) Dispatcher does not notify any artists of an event until it,!(notify_client_event_a1_e1 | notify_client_event_a2_e1)  U (notify_artists_e1 | G !(notify_client_event_a1_e1 | notify_client_event_a2_e1)),(!notify_artists_e1) U notify_artists_e1,False
BASIC,32,(3) Dispatcher does not notify any artists of an event until it,!(notify_client_event_a1_e1 | notify_client_event_a2_e1)  U (notify_artists_e1 | G !(notify_client_event_a1_e1 | notify_client_event_a2_e1)),!(notify_artists_e1) U notify_artists_e1,False
BASIC,32,(3) Dispatcher does not notify any artists of an event until it,!(notify_client_event_a1_e1 | notify_client_event_a2_e1)  U (notify_artists_e1 | G !(notify_client_event_a1_e1 | notify_client_event_a2_e1)),(!notify_artists_e1) U notify_artists_e1,False
BASIC,32,(3) Dispatcher does not notify any artists of an event until it,!(notify_client_event_a1_e1 | notify_client_event_a2_e1)  U (notify_artists_e1 | G !(notify_client_event_a1_e1 | notify_client_event_a2_e1)),!(notify_artists_e1) U notify_client_event_a1_e1,False
BASIC,32,(3) Dispatcher does not notify any artists of an event until it,!(notify_client_event_a1_e1 | notify_client_event_a2_e1)  U (notify_artists_e1 | G !(notify_client_event_a1_e1 | notify_client_event_a2_e1)),!(notify_artists_e1) U notify_artists_e1,False
BASIC,32,(3) Dispatcher does not notify any artists of an event until it,!(notify_client_event_a1_e1 | notify_client_event_a2_e1)  U (notify_artists_e1 | G !(notify_client_event_a1_e1 | notify_client_event_a2_e1)),!(notify_artists_e1) U (notify_artists_e1),False
BASIC,32,(3) Dispatcher does not notify any artists of an event until it,!(notify_client_event_a1_e1 | notify_client_event_a2_e1)  U (notify_artists_e1 | G !(notify_client_event_a1_e1 | notify_client_event_a2_e1)),(!notify_artists_e1) U (notify_artists_e1),False
BASIC,32,(3) Dispatcher does not notify any artists of an event until it,!(notify_client_event_a1_e1 | notify_client_event_a2_e1)  U (notify_artists_e1 | G !(notify_client_event_a1_e1 | notify_client_event_a2_e1)),(!notify_artists_e1) U (notify_artists_e1),False
BASIC,32,(3) Dispatcher does not notify any artists of an event until it,!(notify_client_event_a1_e1 | notify_client_event_a2_e1)  U (notify_artists_e1 | G !(notify_client_event_a1_e1 | notify_client_event_a2_e1)),!(notify_artists_e1) U (notify_artists_e1),False
BASIC,32,(3) Dispatcher does not notify any artists of an event until it,!(notify_client_event_a1_e1 | notify_client_event_a2_e1)  U (notify_artists_e1 | G !(notify_client_event_a1_e1 | notify_client_event_a2_e1)),!(notify_artists_e1) U (notify_artists_e1),False
BASIC,32,(3) Dispatcher does not notify any artists of an event until it,!(notify_client_event_a1_e1 | notify_client_event_a2_e1)  U (notify_artists_e1 | G !(notify_client_event_a1_e1 | notify_client_event_a2_e1)),(!notify_artists_e1) U (notify_artists_e1),False
BASIC,32,(3) Dispatcher does not notify any artists of an event until it,!(notify_client_event_a1_e1 | notify_client_event_a2_e1)  U (notify_artists_e1 | G !(notify_client_event_a1_e1 | notify_client_event_a2_e1)),(!notify_artists_e1) U notify_artists_e1,False
BASIC,32,(3) Dispatcher does not notify any artists of an event until it,!(notify_client_event_a1_e1 | notify_client_event_a2_e1)  U (notify_artists_e1 | G !(notify_client_event_a1_e1 | notify_client_event_a2_e1)),!(notify_artists_e1) U (notify_artists_e1),False
BASIC,32,(3) Dispatcher does not notify any artists of an event until it,!(notify_client_event_a1_e1 | notify_client_event_a2_e1)  U (notify_artists_e1 | G !(notify_client_event_a1_e1 | notify_client_event_a2_e1)),(!notify_artists_e1) U notify_artists_e1,False
BASIC,32,(3) Dispatcher does not notify any artists of an event until it,!(notify_client_event_a1_e1 | notify_client_event_a2_e1)  U (notify_artists_e1 | G !(notify_client_event_a1_e1 | notify_client_event_a2_e1)),!(notify_artists_e1) U notify_artists_e1,False
BASIC,32,(3) Dispatcher does not notify any artists of an event until it,!(notify_client_event_a1_e1 | notify_client_event_a2_e1)  U (notify_artists_e1 | G !(notify_client_event_a1_e1 | notify_client_event_a2_e1)),(!notify_artists_e1) U notify_artists_e1,False
BASIC,32,(3) Dispatcher does not notify any artists of an event until it,!(notify_client_event_a1_e1 | notify_client_event_a2_e1)  U (notify_artists_e1 | G !(notify_client_event_a1_e1 | notify_client_event_a2_e1)),!(notify_artists_e1) U (notify_artists_e1),False
BASIC,32,(3) Dispatcher does not notify any artists of an event until it,!(notify_client_event_a1_e1 | notify_client_event_a2_e1)  U (notify_artists_e1 | G !(notify_client_event_a1_e1 | notify_client_event_a2_e1)),(!notify_artists_e1) U (notify_artists_e1),False
BASIC,32,(3) Dispatcher does not notify any artists of an event until it,!(notify_client_event_a1_e1 | notify_client_event_a2_e1)  U (notify_artists_e1 | G !(notify_client_event_a1_e1 | notify_client_event_a2_e1)),(!notify_artists_e1) U (notify_artists_e1),False
BASIC,32,(3) Dispatcher does not notify any artists of an event until it,!(notify_client_event_a1_e1 | notify_client_event_a2_e1)  U (notify_artists_e1 | G !(notify_client_event_a1_e1 | notify_client_event_a2_e1)),(!notify_artists_e1) U notify_artists_e1,False
BASIC,32,(3) Dispatcher does not notify any artists of an event until it,!(notify_client_event_a1_e1 | notify_client_event_a2_e1)  U (notify_artists_e1 | G !(notify_client_event_a1_e1 | notify_client_event_a2_e1)),!(notify_artists_e1) U (notify_artists_e1),False
BASIC,32,(3) Dispatcher does not notify any artists of an event until it,!(notify_client_event_a1_e1 | notify_client_event_a2_e1)  U (notify_artists_e1 | G !(notify_client_event_a1_e1 | notify_client_event_a2_e1)),!(notify_artists_e1) U (notify_artists_e1),False
BASIC,32,(3) Dispatcher does not notify any artists of an event until it,!(notify_client_event_a1_e1 | notify_client_event_a2_e1)  U (notify_artists_e1 | G !(notify_client_event_a1_e1 | notify_client_event_a2_e1)),(!notify_artists_e1) U notify_artists_e1,False
BASIC,32,(3) Dispatcher does not notify any artists of an event until it,!(notify_client_event_a1_e1 | notify_client_event_a2_e1)  U (notify_artists_e1 | G !(notify_client_event_a1_e1 | notify_client_event_a2_e1)),!(notify_artists_e1) U (notify_artists_e1),False
BASIC,32,(3) Dispatcher does not notify any artists of an event until it,!(notify_client_event_a1_e1 | notify_client_event_a2_e1)  U (notify_artists_e1 | G !(notify_client_event_a1_e1 | notify_client_event_a2_e1)),(!notify_artists_e1) U notify_artists_e1,False
BASIC,32,(3) Dispatcher does not notify any artists of an event until it,!(notify_client_event_a1_e1 | notify_client_event_a2_e1)  U (notify_artists_e1 | G !(notify_client_event_a1_e1 | notify_client_event_a2_e1)),(!notify_artists_e1) U notify_artists_e1,False
BASIC,32,(3) Dispatcher does not notify any artists of an event until it,!(notify_client_event_a1_e1 | notify_client_event_a2_e1)  U (notify_artists_e1 | G !(notify_client_event_a1_e1 | notify_client_event_a2_e1)),(!notify_artists_e1) U notify_artists_e1,False
BASIC,32,(3) Dispatcher does not notify any artists of an event until it,!(notify_client_event_a1_e1 | notify_client_event_a2_e1)  U (notify_artists_e1 | G !(notify_client_event_a1_e1 | notify_client_event_a2_e1)),!(notify_artists_e1) U notify_client_event_a1_e1,False
BASIC,32,(3) Dispatcher does not notify any artists of an event until it,!(notify_client_event_a1_e1 | notify_client_event_a2_e1)  U (notify_artists_e1 | G !(notify_client_event_a1_e1 | notify_client_event_a2_e1)),(!notify_artists_e1) U (notify_artists_e1),False
BASIC,32,(3) Dispatcher does not notify any artists of an event until it,!(notify_client_event_a1_e1 | notify_client_event_a2_e1)  U (notify_artists_e1 | G !(notify_client_event_a1_e1 | notify_client_event_a2_e1)),!(notify_artists_e1) U (notify_artists_e1),False
BASIC,32,(3) Dispatcher does not notify any artists of an event until it,!(notify_client_event_a1_e1 | notify_client_event_a2_e1)  U (notify_artists_e1 | G !(notify_client_event_a1_e1 | notify_client_event_a2_e1)),(!notify_artists_e1) U notify_artists_e1,False
BASIC,32,(3) Dispatcher does not notify any artists of an event until it,!(notify_client_event_a1_e1 | notify_client_event_a2_e1)  U (notify_artists_e1 | G !(notify_client_event_a1_e1 | notify_client_event_a2_e1)),(!notify_artists_e1) U notify_artists_e1,False
BASIC,32,(3) Dispatcher does not notify any artists of an event until it,!(notify_client_event_a1_e1 | notify_client_event_a2_e1)  U (notify_artists_e1 | G !(notify_client_event_a1_e1 | notify_client_event_a2_e1)),(!notify_artists_e1) U notify_artists_e1,False
BASIC,32,(3) Dispatcher does not notify any artists of an event until it,!(notify_client_event_a1_e1 | notify_client_event_a2_e1)  U (notify_artists_e1 | G !(notify_client_event_a1_e1 | notify_client_event_a2_e1)),(!notify_artists_e1) U notify_artists_e1,False
BASIC,32,(3) Dispatcher does not notify any artists of an event until it,!(notify_client_event_a1_e1 | notify_client_event_a2_e1)  U (notify_artists_e1 | G !(notify_client_event_a1_e1 | notify_client_event_a2_e1)),(!notify_artists_e1) U (notify_artists_e1),False
BASIC,32,(3) Dispatcher does not notify any artists of an event until it,!(notify_client_event_a1_e1 | notify_client_event_a2_e1)  U (notify_artists_e1 | G !(notify_client_event_a1_e1 | notify_client_event_a2_e1)),(!notify_artists_e1) U notify_artists_e1,False
BASIC,32,(3) Dispatcher does not notify any artists of an event until it,!(notify_client_event_a1_e1 | notify_client_event_a2_e1)  U (notify_artists_e1 | G !(notify_client_event_a1_e1 | notify_client_event_a2_e1)),(!notify_artists_e1) U notify_artists_e1,False
BASIC,32,(3) Dispatcher does not notify any artists of an event until it,!(notify_client_event_a1_e1 | notify_client_event_a2_e1)  U (notify_artists_e1 | G !(notify_client_event_a1_e1 | notify_client_event_a2_e1)),(!notify_artists_e1) U notify_artists_e1,False
BASIC,32,(3) Dispatcher does not notify any artists of an event until it,!(notify_client_event_a1_e1 | notify_client_event_a2_e1)  U (notify_artists_e1 | G !(notify_client_event_a1_e1 | notify_client_event_a2_e1)),(!notify_artists_e1) U notify_artists_e1,False
BASIC,32,(3) Dispatcher does not notify any artists of an event until it,!(notify_client_event_a1_e1 | notify_client_event_a2_e1)  U (notify_artists_e1 | G !(notify_client_event_a1_e1 | notify_client_event_a2_e1)),(!notify_artists_e1) U (notify_artists_e1),False
BASIC,32,(3) Dispatcher does not notify any artists of an event until it,!(notify_client_event_a1_e1 | notify_client_event_a2_e1)  U (notify_artists_e1 | G !(notify_client_event_a1_e1 | notify_client_event_a2_e1)),(!notify_artists_e1) U notify_artists_e1,False
BASIC,32,(3) Dispatcher does not notify any artists of an event until it,!(notify_client_event_a1_e1 | notify_client_event_a2_e1)  U (notify_artists_e1 | G !(notify_client_event_a1_e1 | notify_client_event_a2_e1)),!(notify_artists_e1) U notify_artists_e1,False
BASIC,32,(3) Dispatcher does not notify any artists of an event until it,!(notify_client_event_a1_e1 | notify_client_event_a2_e1)  U (notify_artists_e1 | G !(notify_client_event_a1_e1 | notify_client_event_a2_e1)),(!notify_artists_e1) U notify_artists_e1,False
BASIC,32,(3) Dispatcher does not notify any artists of an event until it,!(notify_client_event_a1_e1 | notify_client_event_a2_e1)  U (notify_artists_e1 | G !(notify_client_event_a1_e1 | notify_client_event_a2_e1)),!(notify_artists_e1) U (notify_artists_e1),False
BASIC,32,(3) Dispatcher does not notify any artists of an event until it,!(notify_client_event_a1_e1 | notify_client_event_a2_e1)  U (notify_artists_e1 | G !(notify_client_event_a1_e1 | notify_client_event_a2_e1)),(!notify_artists_e1) U notify_artists_e1,False
BASIC,32,(3) Dispatcher does not notify any artists of an event until it,!(notify_client_event_a1_e1 | notify_client_event_a2_e1)  U (notify_artists_e1 | G !(notify_client_event_a1_e1 | notify_client_event_a2_e1)),(!notify_artists_e1) U (notify_artists_e1),False
BASIC,32,(3) Dispatcher does not notify any artists of an event until it,!(notify_client_event_a1_e1 | notify_client_event_a2_e1)  U (notify_artists_e1 | G !(notify_client_event_a1_e1 | notify_client_event_a2_e1)),!(notify_artists_e1) U (notify_artists_e1),False
BASIC,32,(3) Dispatcher does not notify any artists of an event until it,!(notify_client_event_a1_e1 | notify_client_event_a2_e1)  U (notify_artists_e1 | G !(notify_client_event_a1_e1 | notify_client_event_a2_e1)),(!notify_artists_e1) U notify_artists_e1,False
BASIC,37,(7) The order in which artists register for events of kind 1 is,F term -> G ((register_a1_e1 & (!unregister_a1_e1 U (register_a2_e1 & (!unregister_a1_e1 & !unregister_a2_e1) U notify_artists_e1))) -> F (notify_artist_e1 & (!notify_client_event_a2_e1 U notify_client_event_a1_e1))),G(register_a1_e1 -> F register_a2_e1),False
BASIC,37,(7) The order in which artists register for events of kind 1 is,F term -> G ((register_a1_e1 & (!unregister_a1_e1 U (register_a2_e1 & (!unregister_a1_e1 & !unregister_a2_e1) U notify_artists_e1))) -> F (notify_artist_e1 & (!notify_client_event_a2_e1 U notify_client_event_a1_e1))),G(register_a1_e1 -> F register_a2_e1),False
BASIC,37,(7) The order in which artists register for events of kind 1 is,F term -> G ((register_a1_e1 & (!unregister_a1_e1 U (register_a2_e1 & (!unregister_a1_e1 & !unregister_a2_e1) U notify_artists_e1))) -> F (notify_artist_e1 & (!notify_client_event_a2_e1 U notify_client_event_a1_e1))),"The provided natural language statement ""(7) The order in which artists register for events of kind 1 is"" is an incomplete sentence and does not specify a logical condition or a required sequence. However, based on common LTL patterns for ""ordering"" (e.g., artist 1 must register before artist 2), the most likely intended formula for a registration sequence is:",None
BASIC,37,(7) The order in which artists register for events of kind 1 is,F term -> G ((register_a1_e1 & (!unregister_a1_e1 U (register_a2_e1 & (!unregister_a1_e1 & !unregister_a2_e1) U notify_artists_e1))) -> F (notify_artist_e1 & (!notify_client_event_a2_e1 U notify_client_event_a1_e1))),G(register_a1_e1 -> F register_a2_e1),False
BASIC,37,(7) The order in which artists register for events of kind 1 is,F term -> G ((register_a1_e1 & (!unregister_a1_e1 U (register_a2_e1 & (!unregister_a1_e1 & !unregister_a2_e1) U notify_artists_e1))) -> F (notify_artist_e1 & (!notify_client_event_a2_e1 U notify_client_event_a1_e1))),G(register_a1_e1 -> F register_a2_e1),False
BASIC,37,(7) The order in which artists register for events of kind 1 is,F term -> G ((register_a1_e1 & (!unregister_a1_e1 U (register_a2_e1 & (!unregister_a1_e1 & !unregister_a2_e1) U notify_artists_e1))) -> F (notify_artist_e1 & (!notify_client_event_a2_e1 U notify_client_event_a1_e1))),G(register_a1_e1 -> F register_a2_e1),False
BASIC,37,(7) The order in which artists register for events of kind 1 is,F term -> G ((register_a1_e1 & (!unregister_a1_e1 U (register_a2_e1 & (!unregister_a1_e1 & !unregister_a2_e1) U notify_artists_e1))) -> F (notify_artist_e1 & (!notify_client_event_a2_e1 U notify_client_event_a1_e1))),G(register_a1_e1 -> F register_a2_e1),False
BASIC,37,(7) The order in which artists register for events of kind 1 is,F term -> G ((register_a1_e1 & (!unregister_a1_e1 U (register_a2_e1 & (!unregister_a1_e1 & !unregister_a2_e1) U notify_artists_e1))) -> F (notify_artist_e1 & (!notify_client_event_a2_e1 U notify_client_event_a1_e1))),G(register_a1_e1 -> F register_a2_e1),False
BASIC,37,(7) The order in which artists register for events of kind 1 is,F term -> G ((register_a1_e1 & (!unregister_a1_e1 U (register_a2_e1 & (!unregister_a1_e1 & !unregister_a2_e1) U notify_artists_e1))) -> F (notify_artist_e1 & (!notify_client_event_a2_e1 U notify_client_event_a1_e1))),"The provided natural language statement ""(7) The order in which artists register for events of kind 1 is"" is an incomplete sentence and does not specify a logical condition or a required sequence. However, based on the atomic propositions provided, if the intended meaning is that artist a1 must register before artist a2 for event e1, the formula is:",None
BASIC,37,(7) The order in which artists register for events of kind 1 is,F term -> G ((register_a1_e1 & (!unregister_a1_e1 U (register_a2_e1 & (!unregister_a1_e1 & !unregister_a2_e1) U notify_artists_e1))) -> F (notify_artist_e1 & (!notify_client_event_a2_e1 U notify_client_event_a1_e1))),G(register_a1_e1 -> F register_a2_e1),False
BASIC,37,(7) The order in which artists register for events of kind 1 is,F term -> G ((register_a1_e1 & (!unregister_a1_e1 U (register_a2_e1 & (!unregister_a1_e1 & !unregister_a2_e1) U notify_artists_e1))) -> F (notify_artist_e1 & (!notify_client_event_a2_e1 U notify_client_event_a1_e1))),"The provided natural language statement ""(7) The order in which artists register for events of kind 1 is"" is an incomplete sentence and does not specify a logical condition or a required sequence. However, based on the atomic propositions provided, if the intended meaning is that artist 1 must register before artist 2 for event 1, the formula is:",None
BASIC,37,(7) The order in which artists register for events of kind 1 is,F term -> G ((register_a1_e1 & (!unregister_a1_e1 U (register_a2_e1 & (!unregister_a1_e1 & !unregister_a2_e1) U notify_artists_e1))) -> F (notify_artist_e1 & (!notify_client_event_a2_e1 U notify_client_event_a1_e1))),G(register_a1_e1 -> F register_a2_e1),False
BASIC,37,(7) The order in which artists register for events of kind 1 is,F term -> G ((register_a1_e1 & (!unregister_a1_e1 U (register_a2_e1 & (!unregister_a1_e1 & !unregister_a2_e1) U notify_artists_e1))) -> F (notify_artist_e1 & (!notify_client_event_a2_e1 U notify_client_event_a1_e1))),G(register_a1_e1 -> F register_a2_e1),False
BASIC,37,(7) The order in which artists register for events of kind 1 is,F term -> G ((register_a1_e1 & (!unregister_a1_e1 U (register_a2_e1 & (!unregister_a1_e1 & !unregister_a2_e1) U notify_artists_e1))) -> F (notify_artist_e1 & (!notify_client_event_a2_e1 U notify_client_event_a1_e1))),G(register_a1_e1 -> F register_a2_e1),False
BASIC,37,(7) The order in which artists register for events of kind 1 is,F term -> G ((register_a1_e1 & (!unregister_a1_e1 U (register_a2_e1 & (!unregister_a1_e1 & !unregister_a2_e1) U notify_artists_e1))) -> F (notify_artist_e1 & (!notify_client_event_a2_e1 U notify_client_event_a1_e1))),G(register_a1_e1 -> F register_a2_e1),False
BASIC,37,(7) The order in which artists register for events of kind 1 is,F term -> G ((register_a1_e1 & (!unregister_a1_e1 U (register_a2_e1 & (!unregister_a1_e1 & !unregister_a2_e1) U notify_artists_e1))) -> F (notify_artist_e1 & (!notify_client_event_a2_e1 U notify_client_event_a1_e1))),G(register_a1_e1 -> F register_a2_e1),False
BASIC,37,(7) The order in which artists register for events of kind 1 is,F term -> G ((register_a1_e1 & (!unregister_a1_e1 U (register_a2_e1 & (!unregister_a1_e1 & !unregister_a2_e1) U notify_artists_e1))) -> F (notify_artist_e1 & (!notify_client_event_a2_e1 U notify_client_event_a1_e1))),G(register_a1_e1 -> F register_a2_e1),False
BASIC,37,(7) The order in which artists register for events of kind 1 is,F term -> G ((register_a1_e1 & (!unregister_a1_e1 U (register_a2_e1 & (!unregister_a1_e1 & !unregister_a2_e1) U notify_artists_e1))) -> F (notify_artist_e1 & (!notify_client_event_a2_e1 U notify_client_event_a1_e1))),G(register_a1_e1 -> F register_a2_e1),False
BASIC,37,(7) The order in which artists register for events of kind 1 is,F term -> G ((register_a1_e1 & (!unregister_a1_e1 U (register_a2_e1 & (!unregister_a1_e1 & !unregister_a2_e1) U notify_artists_e1))) -> F (notify_artist_e1 & (!notify_client_event_a2_e1 U notify_client_event_a1_e1))),G(register_a1_e1 -> F register_a2_e1),False
BASIC,37,(7) The order in which artists register for events of kind 1 is,F term -> G ((register_a1_e1 & (!unregister_a1_e1 U (register_a2_e1 & (!unregister_a1_e1 & !unregister_a2_e1) U notify_artists_e1))) -> F (notify_artist_e1 & (!notify_client_event_a2_e1 U notify_client_event_a1_e1))),G(register_a1_e1 -> F register_a2_e1),False
BASIC,37,(7) The order in which artists register for events of kind 1 is,F term -> G ((register_a1_e1 & (!unregister_a1_e1 U (register_a2_e1 & (!unregister_a1_e1 & !unregister_a2_e1) U notify_artists_e1))) -> F (notify_artist_e1 & (!notify_client_event_a2_e1 U notify_client_event_a1_e1))),G(register_a1_e1 -> F register_a2_e1),False
BASIC,37,(7) The order in which artists register for events of kind 1 is,F term -> G ((register_a1_e1 & (!unregister_a1_e1 U (register_a2_e1 & (!unregister_a1_e1 & !unregister_a2_e1) U notify_artists_e1))) -> F (notify_artist_e1 & (!notify_client_event_a2_e1 U notify_client_event_a1_e1))),G(register_a1_e1 -> F register_a2_e1),False
BASIC,37,(7) The order in which artists register for events of kind 1 is,F term -> G ((register_a1_e1 & (!unregister_a1_e1 U (register_a2_e1 & (!unregister_a1_e1 & !unregister_a2_e1) U notify_artists_e1))) -> F (notify_artist_e1 & (!notify_client_event_a2_e1 U notify_client_event_a1_e1))),G(register_a1_e1 -> F register_a2_e1),False
BASIC,37,(7) The order in which artists register for events of kind 1 is,F term -> G ((register_a1_e1 & (!unregister_a1_e1 U (register_a2_e1 & (!unregister_a1_e1 & !unregister_a2_e1) U notify_artists_e1))) -> F (notify_artist_e1 & (!notify_client_event_a2_e1 U notify_client_event_a1_e1))),G(register_a1_e1 -> F register_a2_e1),False
BASIC,37,(7) The order in which artists register for events of kind 1 is,F term -> G ((register_a1_e1 & (!unregister_a1_e1 U (register_a2_e1 & (!unregister_a1_e1 & !unregister_a2_e1) U notify_artists_e1))) -> F (notify_artist_e1 & (!notify_client_event_a2_e1 U notify_client_event_a1_e1))),G(register_a1_e1 -> F register_a2_e1),False
BASIC,37,(7) The order in which artists register for events of kind 1 is,F term -> G ((register_a1_e1 & (!unregister_a1_e1 U (register_a2_e1 & (!unregister_a1_e1 & !unregister_a2_e1) U notify_artists_e1))) -> F (notify_artist_e1 & (!notify_client_event_a2_e1 U notify_client_event_a1_e1))),"The provided natural language statement ""(7) The order in which artists register for events of kind 1 is"" is an incomplete sentence and does not specify a temporal property or a required sequence. However, based on the provided atomic propositions, if the intended meaning is that artist 1 must register before artist 2 for event 1, the formula is:",None
BASIC,37,(7) The order in which artists register for events of kind 1 is,F term -> G ((register_a1_e1 & (!unregister_a1_e1 U (register_a2_e1 & (!unregister_a1_e1 & !unregister_a2_e1) U notify_artists_e1))) -> F (notify_artist_e1 & (!notify_client_event_a2_e1 U notify_client_event_a1_e1))),G(register_a1_e1 -> F register_a2_e1),False
BASIC,37,(7) The order in which artists register for events of kind 1 is,F term -> G ((register_a1_e1 & (!unregister_a1_e1 U (register_a2_e1 & (!unregister_a1_e1 & !unregister_a2_e1) U notify_artists_e1))) -> F (notify_artist_e1 & (!notify_client_event_a2_e1 U notify_client_event_a1_e1))),G(register_a1_e1 -> F register_a2_e1),False
BASIC,37,(7) The order in which artists register for events of kind 1 is,F term -> G ((register_a1_e1 & (!unregister_a1_e1 U (register_a2_e1 & (!unregister_a1_e1 & !unregister_a2_e1) U notify_artists_e1))) -> F (notify_artist_e1 & (!notify_client_event_a2_e1 U notify_client_event_a1_e1))),G(register_a1_e1 -> F register_a2_e1),False
BASIC,37,(7) The order in which artists register for events of kind 1 is,F term -> G ((register_a1_e1 & (!unregister_a1_e1 U (register_a2_e1 & (!unregister_a1_e1 & !unregister_a2_e1) U notify_artists_e1))) -> F (notify_artist_e1 & (!notify_client_event_a2_e1 U notify_client_event_a1_e1))),G(register_a1_e1 -> F register_a2_e1),False
BASIC,37,(7) The order in which artists register for events of kind 1 is,F term -> G ((register_a1_e1 & (!unregister_a1_e1 U (register_a2_e1 & (!unregister_a1_e1 & !unregister_a2_e1) U notify_artists_e1))) -> F (notify_artist_e1 & (!notify_client_event_a2_e1 U notify_client_event_a1_e1))),G(register_a1_e1 -> F register_a2_e1),False
BASIC,37,(7) The order in which artists register for events of kind 1 is,F term -> G ((register_a1_e1 & (!unregister_a1_e1 U (register_a2_e1 & (!unregister_a1_e1 & !unregister_a2_e1) U notify_artists_e1))) -> F (notify_artist_e1 & (!notify_client_event_a2_e1 U notify_client_event_a1_e1))),G(register_a1_e1 -> F register_a2_e1),False
BASIC,37,(7) The order in which artists register for events of kind 1 is,F term -> G ((register_a1_e1 & (!unregister_a1_e1 U (register_a2_e1 & (!unregister_a1_e1 & !unregister_a2_e1) U notify_artists_e1))) -> F (notify_artist_e1 & (!notify_client_event_a2_e1 U notify_client_event_a1_e1))),"The provided natural language statement ""(7) The order in which artists register for events of kind 1 is"" is an incomplete sentence and does not specify a logical condition or a required sequence. However, based on the provided atomic propositions (specifically `register_a1_e1` and `register_a2_e1`), such requirements typically specify that one artist must register before another. Without the completion of the sentence, a valid LTL formula cannot be logically derived.",None
BASIC,37,(7) The order in which artists register for events of kind 1 is,F term -> G ((register_a1_e1 & (!unregister_a1_e1 U (register_a2_e1 & (!unregister_a1_e1 & !unregister_a2_e1) U notify_artists_e1))) -> F (notify_artist_e1 & (!notify_client_event_a2_e1 U notify_client_event_a1_e1))),G(register_a1_e1 -> F register_a2_e1),False
BASIC,37,(7) The order in which artists register for events of kind 1 is,F term -> G ((register_a1_e1 & (!unregister_a1_e1 U (register_a2_e1 & (!unregister_a1_e1 & !unregister_a2_e1) U notify_artists_e1))) -> F (notify_artist_e1 & (!notify_client_event_a2_e1 U notify_client_event_a1_e1))),G(register_a1_e1 -> F register_a2_e1),False
BASIC,37,(7) The order in which artists register for events of kind 1 is,F term -> G ((register_a1_e1 & (!unregister_a1_e1 U (register_a2_e1 & (!unregister_a1_e1 & !unregister_a2_e1) U notify_artists_e1))) -> F (notify_artist_e1 & (!notify_client_event_a2_e1 U notify_client_event_a1_e1))),G(register_a1_e1 -> F register_a2_e1),False
BASIC,37,(7) The order in which artists register for events of kind 1 is,F term -> G ((register_a1_e1 & (!unregister_a1_e1 U (register_a2_e1 & (!unregister_a1_e1 & !unregister_a2_e1) U notify_artists_e1))) -> F (notify_artist_e1 & (!notify_client_event_a2_e1 U notify_client_event_a1_e1))),"The provided natural language statement ""(7) The order in which artists register for events of kind 1 is"" is an incomplete sentence and does not specify a logical condition or a required ordering (e.g., ""Artist 1 must register before Artist 2""). Without a predicate or a specified sequence, it is impossible to derive a meaningful LTL formula. However, if this is intended to represent a safety property regarding the sequence of registration for artists a1 and a2, a common interpretation of ""ordering"" in this context is that a1 registers before a2.",None
BASIC,37,(7) The order in which artists register for events of kind 1 is,F term -> G ((register_a1_e1 & (!unregister_a1_e1 U (register_a2_e1 & (!unregister_a1_e1 & !unregister_a2_e1) U notify_artists_e1))) -> F (notify_artist_e1 & (!notify_client_event_a2_e1 U notify_client_event_a1_e1))),G(register_a1_e1 -> F register_a2_e1),False
BASIC,37,(7) The order in which artists register for events of kind 1 is,F term -> G ((register_a1_e1 & (!unregister_a1_e1 U (register_a2_e1 & (!unregister_a1_e1 & !unregister_a2_e1) U notify_artists_e1))) -> F (notify_artist_e1 & (!notify_client_event_a2_e1 U notify_client_event_a1_e1))),G(register_a1_e1 -> F register_a2_e1),False
BASIC,37,(7) The order in which artists register for events of kind 1 is,F term -> G ((register_a1_e1 & (!unregister_a1_e1 U (register_a2_e1 & (!unregister_a1_e1 & !unregister_a2_e1) U notify_artists_e1))) -> F (notify_artist_e1 & (!notify_client_event_a2_e1 U notify_client_event_a1_e1))),G(register_a1_e1 -> F register_a2_e1),False
BASIC,37,(7) The order in which artists register for events of kind 1 is,F term -> G ((register_a1_e1 & (!unregister_a1_e1 U (register_a2_e1 & (!unregister_a1_e1 & !unregister_a2_e1) U notify_artists_e1))) -> F (notify_artist_e1 & (!notify_client_event_a2_e1 U notify_client_event_a1_e1))),G(register_a1_e1 -> F register_a2_e1),False
BASIC,37,(7) The order in which artists register for events of kind 1 is,F term -> G ((register_a1_e1 & (!unregister_a1_e1 U (register_a2_e1 & (!unregister_a1_e1 & !unregister_a2_e1) U notify_artists_e1))) -> F (notify_artist_e1 & (!notify_client_event_a2_e1 U notify_client_event_a1_e1))),G(register_a1_e1 -> F register_a2_e1),False
BASIC,37,(7) The order in which artists register for events of kind 1 is,F term -> G ((register_a1_e1 & (!unregister_a1_e1 U (register_a2_e1 & (!unregister_a1_e1 & !unregister_a2_e1) U notify_artists_e1))) -> F (notify_artist_e1 & (!notify_client_event_a2_e1 U notify_client_event_a1_e1))),G(register_a1_e1 -> F register_a2_e1),False
BASIC,37,(7) The order in which artists register for events of kind 1 is,F term -> G ((register_a1_e1 & (!unregister_a1_e1 U (register_a2_e1 & (!unregister_a1_e1 & !unregister_a2_e1) U notify_artists_e1))) -> F (notify_artist_e1 & (!notify_client_event_a2_e1 U notify_client_event_a1_e1))),G(register_a1_e1 -> F register_a2_e1),False
BASIC,37,(7) The order in which artists register for events of kind 1 is,F term -> G ((register_a1_e1 & (!unregister_a1_e1 U (register_a2_e1 & (!unregister_a1_e1 & !unregister_a2_e1) U notify_artists_e1))) -> F (notify_artist_e1 & (!notify_client_event_a2_e1 U notify_client_event_a1_e1))),"The provided natural language statement ""(7) The order in which artists register for events of kind 1 is"" is an incomplete sentence and does not specify a logical condition or a required ordering (e.g., ""artist 1 must register before artist 2""). Without a specified constraint, it is impossible to derive a meaningful LTL formula. However, if this is intended to represent a safety property regarding the sequence of registration (e.g., artist 1 registers, then eventually artist 2 registers), a common interpretation for ""ordering"" in this context is:",None
BASIC,37,(7) The order in which artists register for events of kind 1 is,F term -> G ((register_a1_e1 & (!unregister_a1_e1 U (register_a2_e1 & (!unregister_a1_e1 & !unregister_a2_e1) U notify_artists_e1))) -> F (notify_artist_e1 & (!notify_client_event_a2_e1 U notify_client_event_a1_e1))),"The provided natural language statement ""(7) The order in which artists register for events of kind 1 is"" is an incomplete sentence and does not specify a logical condition or a required sequence. However, based on common LTL patterns for ""order"" in registration scenarios (typically implying that one event must happen before another), but lacking the specific order, it is impossible to derive a logical formula.",None
BASIC,37,(7) The order in which artists register for events of kind 1 is,F term -> G ((register_a1_e1 & (!unregister_a1_e1 U (register_a2_e1 & (!unregister_a1_e1 & !unregister_a2_e1) U notify_artists_e1))) -> F (notify_artist_e1 & (!notify_client_event_a2_e1 U notify_client_event_a1_e1))),G(register_a1_e1 -> F register_a2_e1),False
BASIC,37,(7) The order in which artists register for events of kind 1 is,F term -> G ((register_a1_e1 & (!unregister_a1_e1 U (register_a2_e1 & (!unregister_a1_e1 & !unregister_a2_e1) U notify_artists_e1))) -> F (notify_artist_e1 & (!notify_client_event_a2_e1 U notify_client_event_a1_e1))),G(register_a1_e1 -> F register_a2_e1),False
BASIC,37,(7) The order in which artists register for events of kind 1 is,F term -> G ((register_a1_e1 & (!unregister_a1_e1 U (register_a2_e1 & (!unregister_a1_e1 & !unregister_a2_e1) U notify_artists_e1))) -> F (notify_artist_e1 & (!notify_client_event_a2_e1 U notify_client_event_a1_e1))),"The provided natural language statement ""(7) The order in which artists register for events of kind 1 is"" is an incomplete sentence and does not specify a logical condition or a required sequence (e.g., ""artist 1 must register before artist 2""). Without a predicate or a specified order, it is impossible to derive a meaningful LTL formula. However, if this is intended to represent a safety or liveness property regarding the registration sequence of artists $a1$ and $a2$ for event $e1$, a common interpretation of ""order"" in this context is that $a1$ registers before $a2$.",None
BASIC,37,(7) The order in which artists register for events of kind 1 is,F term -> G ((register_a1_e1 & (!unregister_a1_e1 U (register_a2_e1 & (!unregister_a1_e1 & !unregister_a2_e1) U notify_artists_e1))) -> F (notify_artist_e1 & (!notify_client_event_a2_e1 U notify_client_event_a1_e1))),G(register_a1_e1 -> F register_a2_e1),False
BASIC,37,(7) The order in which artists register for events of kind 1 is,F term -> G ((register_a1_e1 & (!unregister_a1_e1 U (register_a2_e1 & (!unregister_a1_e1 & !unregister_a2_e1) U notify_artists_e1))) -> F (notify_artist_e1 & (!notify_client_event_a2_e1 U notify_client_event_a1_e1))),G(register_a1_e1 -> F register_a2_e1),False
BASIC,37,(7) The order in which artists register for events of kind 1 is,F term -> G ((register_a1_e1 & (!unregister_a1_e1 U (register_a2_e1 & (!unregister_a1_e1 & !unregister_a2_e1) U notify_artists_e1))) -> F (notify_artist_e1 & (!notify_client_event_a2_e1 U notify_client_event_a1_e1))),G(register_a1_e1 -> F register_a2_e1),False
BASIC,37,(7) The order in which artists register for events of kind 1 is,F term -> G ((register_a1_e1 & (!unregister_a1_e1 U (register_a2_e1 & (!unregister_a1_e1 & !unregister_a2_e1) U notify_artists_e1))) -> F (notify_artist_e1 & (!notify_client_event_a2_e1 U notify_client_event_a1_e1))),G(register_a1_e1 -> F register_a2_e1),False
BASIC,37,(7) The order in which artists register for events of kind 1 is,F term -> G ((register_a1_e1 & (!unregister_a1_e1 U (register_a2_e1 & (!unregister_a1_e1 & !unregister_a2_e1) U notify_artists_e1))) -> F (notify_artist_e1 & (!notify_client_event_a2_e1 U notify_client_event_a1_e1))),G(register_a1_e1 -> F register_a2_e1),False
BASIC,37,(7) The order in which artists register for events of kind 1 is,F term -> G ((register_a1_e1 & (!unregister_a1_e1 U (register_a2_e1 & (!unregister_a1_e1 & !unregister_a2_e1) U notify_artists_e1))) -> F (notify_artist_e1 & (!notify_client_event_a2_e1 U notify_client_event_a1_e1))),G(register_a1_e1 -> F register_a2_e1),False
BASIC,37,(7) The order in which artists register for events of kind 1 is,F term -> G ((register_a1_e1 & (!unregister_a1_e1 U (register_a2_e1 & (!unregister_a1_e1 & !unregister_a2_e1) U notify_artists_e1))) -> F (notify_artist_e1 & (!notify_client_event_a2_e1 U notify_client_event_a1_e1))),G(register_a1_e1 -> F register_a2_e1),False
BASIC,37,(7) The order in which artists register for events of kind 1 is,F term -> G ((register_a1_e1 & (!unregister_a1_e1 U (register_a2_e1 & (!unregister_a1_e1 & !unregister_a2_e1) U notify_artists_e1))) -> F (notify_artist_e1 & (!notify_client_event_a2_e1 U notify_client_event_a1_e1))),G(register_a1_e1 -> F register_a2_e1),False
BASIC,37,(7) The order in which artists register for events of kind 1 is,F term -> G ((register_a1_e1 & (!unregister_a1_e1 U (register_a2_e1 & (!unregister_a1_e1 & !unregister_a2_e1) U notify_artists_e1))) -> F (notify_artist_e1 & (!notify_client_event_a2_e1 U notify_client_event_a1_e1))),"The provided natural language statement ""(7) The order in which artists register for events of kind 1 is"" is an incomplete sentence and does not specify a logical condition or a required sequence. However, based on the atomic propositions provided, if the intended meaning is that artist 1 must register before artist 2 for event 1, the formula is:",None
BASIC,37,(7) The order in which artists register for events of kind 1 is,F term -> G ((register_a1_e1 & (!unregister_a1_e1 U (register_a2_e1 & (!unregister_a1_e1 & !unregister_a2_e1) U notify_artists_e1))) -> F (notify_artist_e1 & (!notify_client_event_a2_e1 U notify_client_event_a1_e1))),G(register_a1_e1 -> F register_a2_e1),False
BASIC,37,(7) The order in which artists register for events of kind 1 is,F term -> G ((register_a1_e1 & (!unregister_a1_e1 U (register_a2_e1 & (!unregister_a1_e1 & !unregister_a2_e1) U notify_artists_e1))) -> F (notify_artist_e1 & (!notify_client_event_a2_e1 U notify_client_event_a1_e1))),G(register_a1_e1 -> F register_a2_e1),False
BASIC,37,(7) The order in which artists register for events of kind 1 is,F term -> G ((register_a1_e1 & (!unregister_a1_e1 U (register_a2_e1 & (!unregister_a1_e1 & !unregister_a2_e1) U notify_artists_e1))) -> F (notify_artist_e1 & (!notify_client_event_a2_e1 U notify_client_event_a1_e1))),G(register_a1_e1 -> F register_a2_e1),False
BASIC,37,(7) The order in which artists register for events of kind 1 is,F term -> G ((register_a1_e1 & (!unregister_a1_e1 U (register_a2_e1 & (!unregister_a1_e1 & !unregister_a2_e1) U notify_artists_e1))) -> F (notify_artist_e1 & (!notify_client_event_a2_e1 U notify_client_event_a1_e1))),G(register_a1_e1 -> F register_a2_e1),False
BASIC,37,(7) The order in which artists register for events of kind 1 is,F term -> G ((register_a1_e1 & (!unregister_a1_e1 U (register_a2_e1 & (!unregister_a1_e1 & !unregister_a2_e1) U notify_artists_e1))) -> F (notify_artist_e1 & (!notify_client_event_a2_e1 U notify_client_event_a1_e1))),"The provided natural language statement ""(7) The order in which artists register for events of kind 1 is"" is an incomplete sentence and does not specify a logical condition or a required sequence. However, based on the provided atomic propositions, if the intent is to specify that artist 1 must register before artist 2 for event 1, the formula is:",None
BASIC,37,(7) The order in which artists register for events of kind 1 is,F term -> G ((register_a1_e1 & (!unregister_a1_e1 U (register_a2_e1 & (!unregister_a1_e1 & !unregister_a2_e1) U notify_artists_e1))) -> F (notify_artist_e1 & (!notify_client_event_a2_e1 U notify_client_event_a1_e1))),G(register_a1_e1 -> F register_a2_e1),False
BASIC,37,(7) The order in which artists register for events of kind 1 is,F term -> G ((register_a1_e1 & (!unregister_a1_e1 U (register_a2_e1 & (!unregister_a1_e1 & !unregister_a2_e1) U notify_artists_e1))) -> F (notify_artist_e1 & (!notify_client_event_a2_e1 U notify_client_event_a1_e1))),G(register_a1_e1 -> F register_a2_e1),False
BASIC,37,(7) The order in which artists register for events of kind 1 is,F term -> G ((register_a1_e1 & (!unregister_a1_e1 U (register_a2_e1 & (!unregister_a1_e1 & !unregister_a2_e1) U notify_artists_e1))) -> F (notify_artist_e1 & (!notify_client_event_a2_e1 U notify_client_event_a1_e1))),G(register_a1_e1 -> F register_a2_e1),False
BASIC,37,(7) The order in which artists register for events of kind 1 is,F term -> G ((register_a1_e1 & (!unregister_a1_e1 U (register_a2_e1 & (!unregister_a1_e1 & !unregister_a2_e1) U notify_artists_e1))) -> F (notify_artist_e1 & (!notify_client_event_a2_e1 U notify_client_event_a1_e1))),G(register_a1_e1 -> F register_a2_e1),False
BASIC,37,(7) The order in which artists register for events of kind 1 is,F term -> G ((register_a1_e1 & (!unregister_a1_e1 U (register_a2_e1 & (!unregister_a1_e1 & !unregister_a2_e1) U notify_artists_e1))) -> F (notify_artist_e1 & (!notify_client_event_a2_e1 U notify_client_event_a1_e1))),G(register_a1_e1 -> F register_a2_e1),False
BASIC,37,(7) The order in which artists register for events of kind 1 is,F term -> G ((register_a1_e1 & (!unregister_a1_e1 U (register_a2_e1 & (!unregister_a1_e1 & !unregister_a2_e1) U notify_artists_e1))) -> F (notify_artist_e1 & (!notify_client_event_a2_e1 U notify_client_event_a1_e1))),G(register_a1_e1 -> F register_a2_e1),False
BASIC,37,(7) The order in which artists register for events of kind 1 is,F term -> G ((register_a1_e1 & (!unregister_a1_e1 U (register_a2_e1 & (!unregister_a1_e1 & !unregister_a2_e1) U notify_artists_e1))) -> F (notify_artist_e1 & (!notify_client_event_a2_e1 U notify_client_event_a1_e1))),G(register_a1_e1 -> F register_a2_e1),False
BASIC,37,(7) The order in which artists register for events of kind 1 is,F term -> G ((register_a1_e1 & (!unregister_a1_e1 U (register_a2_e1 & (!unregister_a1_e1 & !unregister_a2_e1) U notify_artists_e1))) -> F (notify_artist_e1 & (!notify_client_event_a2_e1 U notify_client_event_a1_e1))),G(register_a1_e1 -> F register_a2_e1),False
BASIC,37,(7) The order in which artists register for events of kind 1 is,F term -> G ((register_a1_e1 & (!unregister_a1_e1 U (register_a2_e1 & (!unregister_a1_e1 & !unregister_a2_e1) U notify_artists_e1))) -> F (notify_artist_e1 & (!notify_client_event_a2_e1 U notify_client_event_a1_e1))),G(register_a1_e1 -> F register_a2_e1),False
BASIC,37,(7) The order in which artists register for events of kind 1 is,F term -> G ((register_a1_e1 & (!unregister_a1_e1 U (register_a2_e1 & (!unregister_a1_e1 & !unregister_a2_e1) U notify_artists_e1))) -> F (notify_artist_e1 & (!notify_client_event_a2_e1 U notify_client_event_a1_e1))),G(register_a1_e1 -> F register_a2_e1),False
BASIC,37,(7) The order in which artists register for events of kind 1 is,F term -> G ((register_a1_e1 & (!unregister_a1_e1 U (register_a2_e1 & (!unregister_a1_e1 & !unregister_a2_e1) U notify_artists_e1))) -> F (notify_artist_e1 & (!notify_client_event_a2_e1 U notify_client_event_a1_e1))),G(register_a1_e1 -> F register_a2_e1),False
BASIC,37,(7) The order in which artists register for events of kind 1 is,F term -> G ((register_a1_e1 & (!unregister_a1_e1 U (register_a2_e1 & (!unregister_a1_e1 & !unregister_a2_e1) U notify_artists_e1))) -> F (notify_artist_e1 & (!notify_client_event_a2_e1 U notify_client_event_a1_e1))),G(register_a1_e1 -> F register_a2_e1),False
BASIC,37,(7) The order in which artists register for events of kind 1 is,F term -> G ((register_a1_e1 & (!unregister_a1_e1 U (register_a2_e1 & (!unregister_a1_e1 & !unregister_a2_e1) U notify_artists_e1))) -> F (notify_artist_e1 & (!notify_client_event_a2_e1 U notify_client_event_a1_e1))),G(register_a1_e1 -> F register_a2_e1),False
BASIC,37,(7) The order in which artists register for events of kind 1 is,F term -> G ((register_a1_e1 & (!unregister_a1_e1 U (register_a2_e1 & (!unregister_a1_e1 & !unregister_a2_e1) U notify_artists_e1))) -> F (notify_artist_e1 & (!notify_client_event_a2_e1 U notify_client_event_a1_e1))),G(register_a1_e1 -> F register_a2_e1),False
BASIC,37,(7) The order in which artists register for events of kind 1 is,F term -> G ((register_a1_e1 & (!unregister_a1_e1 U (register_a2_e1 & (!unregister_a1_e1 & !unregister_a2_e1) U notify_artists_e1))) -> F (notify_artist_e1 & (!notify_client_event_a2_e1 U notify_client_event_a1_e1))),G(register_a1_e1 -> F register_a2_e1),False
BASIC,37,(7) The order in which artists register for events of kind 1 is,F term -> G ((register_a1_e1 & (!unregister_a1_e1 U (register_a2_e1 & (!unregister_a1_e1 & !unregister_a2_e1) U notify_artists_e1))) -> F (notify_artist_e1 & (!notify_client_event_a2_e1 U notify_client_event_a1_e1))),G(register_a1_e1 -> F register_a2_e1),False
BASIC,37,(7) The order in which artists register for events of kind 1 is,F term -> G ((register_a1_e1 & (!unregister_a1_e1 U (register_a2_e1 & (!unregister_a1_e1 & !unregister_a2_e1) U notify_artists_e1))) -> F (notify_artist_e1 & (!notify_client_event_a2_e1 U notify_client_event_a1_e1))),G(register_a1_e1 -> F register_a2_e1),False
BASIC,37,(7) The order in which artists register for events of kind 1 is,F term -> G ((register_a1_e1 & (!unregister_a1_e1 U (register_a2_e1 & (!unregister_a1_e1 & !unregister_a2_e1) U notify_artists_e1))) -> F (notify_artist_e1 & (!notify_client_event_a2_e1 U notify_client_event_a1_e1))),"The provided natural language statement ""(7) The order in which artists register for events of kind 1 is"" is an incomplete sentence and does not specify a temporal property or a required order. However, based on the atomic propositions provided, it typically refers to a safety or liveness property regarding the sequence of registrations (e.g., artist 1 before artist 2). Since the statement is truncated and provides no logical condition to map, it cannot be translated into a valid LTL formula.",None
BASIC,37,(7) The order in which artists register for events of kind 1 is,F term -> G ((register_a1_e1 & (!unregister_a1_e1 U (register_a2_e1 & (!unregister_a1_e1 & !unregister_a2_e1) U notify_artists_e1))) -> F (notify_artist_e1 & (!notify_client_event_a2_e1 U notify_client_event_a1_e1))),G(register_a1_e1 -> F register_a2_e1),False
BASIC,37,(7) The order in which artists register for events of kind 1 is,F term -> G ((register_a1_e1 & (!unregister_a1_e1 U (register_a2_e1 & (!unregister_a1_e1 & !unregister_a2_e1) U notify_artists_e1))) -> F (notify_artist_e1 & (!notify_client_event_a2_e1 U notify_client_event_a1_e1))),G(register_a1_e1 -> F register_a2_e1),False
BASIC,37,(7) The order in which artists register for events of kind 1 is,F term -> G ((register_a1_e1 & (!unregister_a1_e1 U (register_a2_e1 & (!unregister_a1_e1 & !unregister_a2_e1) U notify_artists_e1))) -> F (notify_artist_e1 & (!notify_client_event_a2_e1 U notify_client_event_a1_e1))),G(register_a1_e1 -> F register_a2_e1),False
BASIC,37,(7) The order in which artists register for events of kind 1 is,F term -> G ((register_a1_e1 & (!unregister_a1_e1 U (register_a2_e1 & (!unregister_a1_e1 & !unregister_a2_e1) U notify_artists_e1))) -> F (notify_artist_e1 & (!notify_client_event_a2_e1 U notify_client_event_a1_e1))),G(register_a1_e1 -> F register_a2_e1),False
BASIC,37,(7) The order in which artists register for events of kind 1 is,F term -> G ((register_a1_e1 & (!unregister_a1_e1 U (register_a2_e1 & (!unregister_a1_e1 & !unregister_a2_e1) U notify_artists_e1))) -> F (notify_artist_e1 & (!notify_client_event_a2_e1 U notify_client_event_a1_e1))),G(register_a1_e1 -> F register_a2_e1),False
BASIC,37,(7) The order in which artists register for events of kind 1 is,F term -> G ((register_a1_e1 & (!unregister_a1_e1 U (register_a2_e1 & (!unregister_a1_e1 & !unregister_a2_e1) U notify_artists_e1))) -> F (notify_artist_e1 & (!notify_client_event_a2_e1 U notify_client_event_a1_e1))),G(register_a1_e1 -> F register_a2_e1),False
BASIC,37,(7) The order in which artists register for events of kind 1 is,F term -> G ((register_a1_e1 & (!unregister_a1_e1 U (register_a2_e1 & (!unregister_a1_e1 & !unregister_a2_e1) U notify_artists_e1))) -> F (notify_artist_e1 & (!notify_client_event_a2_e1 U notify_client_event_a1_e1))),G(register_a1_e1 -> F register_a2_e1),False
BASIC,37,(7) The order in which artists register for events of kind 1 is,F term -> G ((register_a1_e1 & (!unregister_a1_e1 U (register_a2_e1 & (!unregister_a1_e1 & !unregister_a2_e1) U notify_artists_e1))) -> F (notify_artist_e1 & (!notify_client_event_a2_e1 U notify_client_event_a1_e1))),G(register_a1_e1 -> F register_a2_e1),False
BASIC,37,(7) The order in which artists register for events of kind 1 is,F term -> G ((register_a1_e1 & (!unregister_a1_e1 U (register_a2_e1 & (!unregister_a1_e1 & !unregister_a2_e1) U notify_artists_e1))) -> F (notify_artist_e1 & (!notify_client_event_a2_e1 U notify_client_event_a1_e1))),G(register_a1_e1 -> F register_a2_e1),False
BASIC,37,(7) The order in which artists register for events of kind 1 is,F term -> G ((register_a1_e1 & (!unregister_a1_e1 U (register_a2_e1 & (!unregister_a1_e1 & !unregister_a2_e1) U notify_artists_e1))) -> F (notify_artist_e1 & (!notify_client_event_a2_e1 U notify_client_event_a1_e1))),G(register_a1_e1 -> F register_a2_e1),False
BASIC,37,(7) The order in which artists register for events of kind 1 is,F term -> G ((register_a1_e1 & (!unregister_a1_e1 U (register_a2_e1 & (!unregister_a1_e1 & !unregister_a2_e1) U notify_artists_e1))) -> F (notify_artist_e1 & (!notify_client_event_a2_e1 U notify_client_event_a1_e1))),G(register_a1_e1 -> F register_a2_e1),False
BASIC,37,(7) The order in which artists register for events of kind 1 is,F term -> G ((register_a1_e1 & (!unregister_a1_e1 U (register_a2_e1 & (!unregister_a1_e1 & !unregister_a2_e1) U notify_artists_e1))) -> F (notify_artist_e1 & (!notify_client_event_a2_e1 U notify_client_event_a1_e1))),"The provided natural language statement ""(7) The order in which artists register for events of kind 1 is"" is an incomplete sentence and does not specify a logical condition or a required order (e.g., ""artist 1 must register before artist 2""). Without a predicate or a specified sequence, it is impossible to derive a meaningful LTL formula.",None
BASIC,37,(7) The order in which artists register for events of kind 1 is,F term -> G ((register_a1_e1 & (!unregister_a1_e1 U (register_a2_e1 & (!unregister_a1_e1 & !unregister_a2_e1) U notify_artists_e1))) -> F (notify_artist_e1 & (!notify_client_event_a2_e1 U notify_client_event_a1_e1))),G(register_a1_e1 -> F register_a2_e1),False
BASIC,37,(7) The order in which artists register for events of kind 1 is,F term -> G ((register_a1_e1 & (!unregister_a1_e1 U (register_a2_e1 & (!unregister_a1_e1 & !unregister_a2_e1) U notify_artists_e1))) -> F (notify_artist_e1 & (!notify_client_event_a2_e1 U notify_client_event_a1_e1))),G(register_a1_e1 -> F register_a2_e1),False
BASIC,37,(7) The order in which artists register for events of kind 1 is,F term -> G ((register_a1_e1 & (!unregister_a1_e1 U (register_a2_e1 & (!unregister_a1_e1 & !unregister_a2_e1) U notify_artists_e1))) -> F (notify_artist_e1 & (!notify_client_event_a2_e1 U notify_client_event_a1_e1))),G(register_a1_e1 -> F register_a2_e1),False
BASIC,37,(7) The order in which artists register for events of kind 1 is,F term -> G ((register_a1_e1 & (!unregister_a1_e1 U (register_a2_e1 & (!unregister_a1_e1 & !unregister_a2_e1) U notify_artists_e1))) -> F (notify_artist_e1 & (!notify_client_event_a2_e1 U notify_client_event_a1_e1))),G(register_a1_e1 -> F register_a2_e1),False
BASIC,37,(7) The order in which artists register for events of kind 1 is,F term -> G ((register_a1_e1 & (!unregister_a1_e1 U (register_a2_e1 & (!unregister_a1_e1 & !unregister_a2_e1) U notify_artists_e1))) -> F (notify_artist_e1 & (!notify_client_event_a2_e1 U notify_client_event_a1_e1))),G(register_a1_e1 -> F register_a2_e1),False
BASIC,37,(7) The order in which artists register for events of kind 1 is,F term -> G ((register_a1_e1 & (!unregister_a1_e1 U (register_a2_e1 & (!unregister_a1_e1 & !unregister_a2_e1) U notify_artists_e1))) -> F (notify_artist_e1 & (!notify_client_event_a2_e1 U notify_client_event_a1_e1))),G(register_a1_e1 -> F register_a2_e1),False
BASIC,37,(7) The order in which artists register for events of kind 1 is,F term -> G ((register_a1_e1 & (!unregister_a1_e1 U (register_a2_e1 & (!unregister_a1_e1 & !unregister_a2_e1) U notify_artists_e1))) -> F (notify_artist_e1 & (!notify_client_event_a2_e1 U notify_client_event_a1_e1))),G(register_a1_e1 -> F register_a2_e1),False
BASIC,38,(8) Size of the linked list used to store IDs of artists,G (e1_szEQ2 & (after_register_a1_e1 | after_register_a2_e1) -> (!(register_a2_e1 | register_a1_e1)) U (e1_szLT2 | G !(register_a2_e1 | register_a1_e1))),"The provided natural language statement ""(8) Size of the linked list used to store IDs of artists"" is a noun phrase describing a state or property rather than a temporal logic requirement. However, based on the provided atomic propositions, this refers to the size of the list `e1`. Since no specific condition (like ""is equal to 2"" or ""is less than 2"") is specified in the statement, but the propositions `e1_szEQ2` and `e1_szLT2` are provided, the statement refers to the general state of the size of `e1`. In the context of LTL parsing for verification, a descriptive property without a quantifier or operator is typically represented by its corresponding atomic proposition. Given the options, the most general representation of the ""size"" property is:",None
BASIC,38,(8) Size of the linked list used to store IDs of artists,G (e1_szEQ2 & (after_register_a1_e1 | after_register_a2_e1) -> (!(register_a2_e1 | register_a1_e1)) U (e1_szLT2 | G !(register_a2_e1 | register_a1_e1))),"The provided natural language statement ""(8) Size of the linked list used to store IDs of artists"" is a noun phrase describing a property/state rather than a temporal logic assertion. Based on the provided atomic propositions, this refers to the size of `e1`. However, without a specified condition (e.g., ""is equal to 2""), it cannot be mapped to a full LTL formula. Assuming the intent is to represent the state of the size of the list as defined by the available propositions:",None
BASIC,38,(8) Size of the linked list used to store IDs of artists,G (e1_szEQ2 & (after_register_a1_e1 | after_register_a2_e1) -> (!(register_a2_e1 | register_a1_e1)) U (e1_szLT2 | G !(register_a2_e1 | register_a1_e1))),"The provided natural language statement ""(8) Size of the linked list used to store IDs of artists"" is a noun phrase describing a state or property rather than a temporal logic assertion. However, based on the provided atomic propositions, this refers to the size of the list `e1`. Since no specific condition (like ""is equal to 2"") is specified in the statement, but the propositions `e1_szEQ2` and `e1_szLT2` are provided, it is impossible to determine a logical truth value.",None
BASIC,38,(8) Size of the linked list used to store IDs of artists,G (e1_szEQ2 & (after_register_a1_e1 | after_register_a2_e1) -> (!(register_a2_e1 | register_a1_e1)) U (e1_szLT2 | G !(register_a2_e1 | register_a1_e1))),"Since the provided natural language statement ""(8) Size of the linked list used to store IDs of artists"" is a noun phrase describing a state/property rather than a temporal logic assertion, and the atomic propositions provided include size-related predicates (`e1_szEQ2`, `e1_szLT2`), the statement refers to the state of the list size. However, without a specific condition (e.g., ""is equal to 2""), it cannot be mapped to a full LTL formula. Assuming the intent is to represent the property of the list size as a general state:",None
BASIC,38,(8) Size of the linked list used to store IDs of artists,G (e1_szEQ2 & (after_register_a1_e1 | after_register_a2_e1) -> (!(register_a2_e1 | register_a1_e1)) U (e1_szLT2 | G !(register_a2_e1 | register_a1_e1))),"The provided natural language statement ""(8) Size of the linked list used to store IDs of artists"" is a noun phrase describing a state or property rather than a temporal logic assertion. Based on the provided atomic propositions, this refers to the size of the list `e1`. However, without a specified condition (e.g., ""is equal to 2"" or ""is less than 2""), it cannot be converted into a boolean LTL formula.",None
BASIC,38,(8) Size of the linked list used to store IDs of artists,G (e1_szEQ2 & (after_register_a1_e1 | after_register_a2_e1) -> (!(register_a2_e1 | register_a1_e1)) U (e1_szLT2 | G !(register_a2_e1 | register_a1_e1))),"The provided natural language statement ""(8) Size of the linked list used to store IDs of artists"" is a fragment/description of a property rather than a logical assertion. However, based on the provided atomic propositions, it refers to the state of `e1_sz`. Since no condition (like ""is equal to 2"") is specified in the statement itself, but the propositions `e1_szEQ2` and `e1_szLT2` are provided, this typically maps to the state of the variable. Without a predicate, a property cannot be formed. Assuming the intent is to represent the existence/state of the size variable as defined in the propositions:",None
BASIC,38,(8) Size of the linked list used to store IDs of artists,G (e1_szEQ2 & (after_register_a1_e1 | after_register_a2_e1) -> (!(register_a2_e1 | register_a1_e1)) U (e1_szLT2 | G !(register_a2_e1 | register_a1_e1))),"The provided natural language statement ""(8) Size of the linked list used to store IDs of artists"" is a noun phrase describing a state or property rather than a temporal logic assertion. Based on the provided atomic propositions, this refers to the size of `e1`. Since no specific condition (like ""is equal to 2"" or ""is less than 2"") is specified in the statement, but the propositions `e1_szEQ2` and `e1_szLT2` are available, the statement identifies the variable being tracked. However, as a standalone LTL formula representing the existence/state of this property:",None
BASIC,38,(8) Size of the linked list used to store IDs of artists,G (e1_szEQ2 & (after_register_a1_e1 | after_register_a2_e1) -> (!(register_a2_e1 | register_a1_e1)) U (e1_szLT2 | G !(register_a2_e1 | register_a1_e1))),"The provided natural language statement ""(8) Size of the linked list used to store IDs of artists"" is a noun phrase describing a state/property rather than a temporal logic assertion. Based on the provided atomic propositions, this refers to the size of `e1`. Since no specific condition (like ""is equal to 2"") is specified in the statement, but the propositions `e1_szEQ2` and `e1_szLT2` are available, this is an underspecified request. However, in the context of LTL parsing for verification, such a phrase typically refers to the property itself. Given the constraints, the most representative atomic proposition for the ""size of the linked list"" is:",None
BASIC,38,(8) Size of the linked list used to store IDs of artists,G (e1_szEQ2 & (after_register_a1_e1 | after_register_a2_e1) -> (!(register_a2_e1 | register_a1_e1)) U (e1_szLT2 | G !(register_a2_e1 | register_a1_e1))),"The provided natural language statement ""(8) Size of the linked list used to store IDs of artists"" is a noun phrase describing a property/variable rather than a logical assertion or temporal requirement. However, based on the provided atomic propositions, this refers to the size of `e1`. Since no specific condition (like ""is equal to 2"") is specified in the statement, but the propositions `e1_szEQ2` and `e1_szLT2` are provided, it is impossible to derive a logical formula without a predicate.",None
BASIC,38,(8) Size of the linked list used to store IDs of artists,G (e1_szEQ2 & (after_register_a1_e1 | after_register_a2_e1) -> (!(register_a2_e1 | register_a1_e1)) U (e1_szLT2 | G !(register_a2_e1 | register_a1_e1))),"The provided natural language statement ""(8) Size of the linked list used to store IDs of artists"" is a noun phrase describing a state or property rather than a temporal logic assertion. Based on the provided atomic propositions, this refers to the size of the list `e1`. However, without a specified condition (e.g., ""is equal to 2"" or ""is less than 2""), it cannot be converted into a boolean LTL formula.",None
BASIC,38,(8) Size of the linked list used to store IDs of artists,G (e1_szEQ2 & (after_register_a1_e1 | after_register_a2_e1) -> (!(register_a2_e1 | register_a1_e1)) U (e1_szLT2 | G !(register_a2_e1 | register_a1_e1))),"The provided natural language statement ""(8) Size of the linked list used to store IDs of artists"" is a noun phrase describing a state or property rather than a temporal logic assertion. However, based on the provided atomic propositions, this refers to the size of `e1`. Since no specific condition (like ""is equal to 2"") is specified in the statement, but the propositions `e1_szEQ2` and `e1_szLT2` are available, this statement typically serves as a label for a property. In the absence of a logical operator or condition, it cannot be mapped to a formula.",None
BASIC,38,(8) Size of the linked list used to store IDs of artists,G (e1_szEQ2 & (after_register_a1_e1 | after_register_a2_e1) -> (!(register_a2_e1 | register_a1_e1)) U (e1_szLT2 | G !(register_a2_e1 | register_a1_e1))),"Since the provided natural language statement ""(8) Size of the linked list used to store IDs of artists"" is a noun phrase describing a state/property rather than a temporal logic assertion, and based on the provided atomic propositions, it refers to the size of the list `e1`. However, without a specific condition (like ""is equal to 2"" or ""is less than 2""), it cannot be mapped to a full LTL formula. Assuming the intent is to represent the state of the size of the list as defined in the propositions:",None
BASIC,38,(8) Size of the linked list used to store IDs of artists,G (e1_szEQ2 & (after_register_a1_e1 | after_register_a2_e1) -> (!(register_a2_e1 | register_a1_e1)) U (e1_szLT2 | G !(register_a2_e1 | register_a1_e1))),"The provided natural language statement ""(8) Size of the linked list used to store IDs of artists"" is a fragment/description of a property rather than a logical assertion. However, based on the provided atomic propositions, it refers to the size of the list `e1`. Since no condition (like ""is equal to 2"") is specified in the statement, but the propositions `e1_szEQ2` and `e1_szLT2` are available, this is typically a request to represent the state of that variable. Without a specific predicate, it cannot be converted to a valid LTL formula.",None
BASIC,38,(8) Size of the linked list used to store IDs of artists,G (e1_szEQ2 & (after_register_a1_e1 | after_register_a2_e1) -> (!(register_a2_e1 | register_a1_e1)) U (e1_szLT2 | G !(register_a2_e1 | register_a1_e1))),"The provided natural language statement ""(8) Size of the linked list used to store IDs of artists"" is a noun phrase describing a state/property rather than a temporal logic assertion. Based on the provided atomic propositions, this refers to the size of `e1`. However, without a specified condition (e.g., ""is equal to 2""), it cannot be mapped to a full LTL formula. Assuming the intent is to represent the state of the size of `e1` as defined in the propositions:",None
BASIC,38,(8) Size of the linked list used to store IDs of artists,G (e1_szEQ2 & (after_register_a1_e1 | after_register_a2_e1) -> (!(register_a2_e1 | register_a1_e1)) U (e1_szLT2 | G !(register_a2_e1 | register_a1_e1))),"The provided natural language statement ""(8) Size of the linked list used to store IDs of artists"" is a noun phrase describing a state or property rather than a temporal logic assertion. Based on the provided atomic propositions, this refers to the size of `e1`. However, without a specific condition (e.g., ""is equal to 2"" or ""is less than 2""), it cannot be mapped to a complete LTL formula.",None
BASIC,38,(8) Size of the linked list used to store IDs of artists,G (e1_szEQ2 & (after_register_a1_e1 | after_register_a2_e1) -> (!(register_a2_e1 | register_a1_e1)) U (e1_szLT2 | G !(register_a2_e1 | register_a1_e1))),"The provided natural language statement ""(8) Size of the linked list used to store IDs of artists"" is a noun phrase describing a property/variable rather than a logical assertion or a temporal requirement. However, based on the provided atomic propositions, this phrase refers to the state of the size of the list `e1`. Since no specific condition (like ""is equal to 2"") is specified in the statement, but the atomic propositions `e1_szEQ2` and `e1_szLT2` are provided, it is impossible to derive a logical formula without a predicate.",None
BASIC,38,(8) Size of the linked list used to store IDs of artists,G (e1_szEQ2 & (after_register_a1_e1 | after_register_a2_e1) -> (!(register_a2_e1 | register_a1_e1)) U (e1_szLT2 | G !(register_a2_e1 | register_a1_e1))),"Since the natural language statement ""(8) Size of the linked list used to store IDs of artists"" is a noun phrase describing a state/property rather than a temporal requirement or a logical assertion, and based on the provided atomic propositions, it refers to the size of `e1`. However, without a specific condition (like ""is equal to 2"" or ""is less than 2""), it cannot be mapped to a full LTL formula. Assuming the intent is to represent the state of the size of the list as defined by the available propositions:",None
BASIC,38,(8) Size of the linked list used to store IDs of artists,G (e1_szEQ2 & (after_register_a1_e1 | after_register_a2_e1) -> (!(register_a2_e1 | register_a1_e1)) U (e1_szLT2 | G !(register_a2_e1 | register_a1_e1))),"The provided natural language statement ""(8) Size of the linked list used to store IDs of artists"" is a noun phrase describing a state/property rather than a temporal logic assertion. Based on the provided atomic propositions, this refers to the size of the list `e1`. However, without a specified condition (e.g., ""is equal to 2"" or ""is less than 2""), it cannot be mapped to a single proposition. Assuming the intent is to represent the state of the list size as defined in the propositions:",None
BASIC,38,(8) Size of the linked list used to store IDs of artists,G (e1_szEQ2 & (after_register_a1_e1 | after_register_a2_e1) -> (!(register_a2_e1 | register_a1_e1)) U (e1_szLT2 | G !(register_a2_e1 | register_a1_e1))),"The provided natural language statement ""(8) Size of the linked list used to store IDs of artists"" is a noun phrase describing a state or property rather than a temporal logic requirement. Based on the provided atomic propositions, this refers to the size of `e1`. However, without a specified condition (e.g., ""is equal to 2"" or ""is less than 2""), it cannot be converted into a boolean LTL formula.",None
BASIC,38,(8) Size of the linked list used to store IDs of artists,G (e1_szEQ2 & (after_register_a1_e1 | after_register_a2_e1) -> (!(register_a2_e1 | register_a1_e1)) U (e1_szLT2 | G !(register_a2_e1 | register_a1_e1))),"The provided natural language statement ""(8) Size of the linked list used to store IDs of artists"" is a noun phrase describing a property/variable rather than a logical assertion or temporal requirement. However, based on the provided atomic propositions, it refers to the size of `e1`. Since no specific condition (like ""is equal to 2"") is specified in the statement, but the propositions `e1_szEQ2` and `e1_szLT2` are provided, this input is underspecified.",None
BASIC,38,(8) Size of the linked list used to store IDs of artists,G (e1_szEQ2 & (after_register_a1_e1 | after_register_a2_e1) -> (!(register_a2_e1 | register_a1_e1)) U (e1_szLT2 | G !(register_a2_e1 | register_a1_e1))),"The provided natural language statement ""(8) Size of the linked list used to store IDs of artists"" is a noun phrase describing a state or property rather than a temporal logic requirement. Based on the provided atomic propositions, this refers to the size of the list `e1`. Since no specific condition (like ""is equal to 2"") is specified in the statement, but the propositions `e1_szEQ2` and `e1_szLT2` are available, this statement typically serves as a label for a property. However, as an LTL parser, I must map this to the most relevant proposition. Given the context of such datasets, this usually refers to the state of the variable.",None
BASIC,38,(8) Size of the linked list used to store IDs of artists,G (e1_szEQ2 & (after_register_a1_e1 | after_register_a2_e1) -> (!(register_a2_e1 | register_a1_e1)) U (e1_szLT2 | G !(register_a2_e1 | register_a1_e1))),"The provided natural language statement ""(8) Size of the linked list used to store IDs of artists"" is a noun phrase describing a state or property rather than a temporal logic assertion. However, based on the provided atomic propositions, this refers to the size of `e1`. Since no specific condition (like ""is equal to 2"") is specified in the statement itself, but the propositions `e1_szEQ2` and `e1_szLT2` are provided, this typically maps to the state of that variable. Without a predicate, it cannot be a formula.",None
BASIC,38,(8) Size of the linked list used to store IDs of artists,G (e1_szEQ2 & (after_register_a1_e1 | after_register_a2_e1) -> (!(register_a2_e1 | register_a1_e1)) U (e1_szLT2 | G !(register_a2_e1 | register_a1_e1))),"Since the natural language statement ""(8) Size of the linked list used to store IDs of artists"" is a noun phrase describing a state/property rather than a temporal logic requirement, and based on the provided atomic propositions, it refers to the size of the list `e1`. Without a specific condition (like ""is equal to 2"" or ""is less than 2""), it cannot be mapped to a full LTL formula. However, in the context of mapping such labels to propositions for verification, it typically refers to the state of the variable. Given the options, this is a descriptive label for the properties `e1_szEQ2` or `e1_szLT2`.",None
BASIC,38,(8) Size of the linked list used to store IDs of artists,G (e1_szEQ2 & (after_register_a1_e1 | after_register_a2_e1) -> (!(register_a2_e1 | register_a1_e1)) U (e1_szLT2 | G !(register_a2_e1 | register_a1_e1))),"The provided natural language statement ""(8) Size of the linked list used to store IDs of artists"" is a noun phrase describing a state or property rather than a temporal logic assertion. Based on the provided atomic propositions, this refers to the size of `e1`. However, without a specified condition (e.g., ""is equal to 2"" or ""is less than 2""), it cannot be mapped to a specific proposition. Assuming the intent is to represent the state of the size of `e1` as defined in the propositions:",None
BASIC,38,(8) Size of the linked list used to store IDs of artists,G (e1_szEQ2 & (after_register_a1_e1 | after_register_a2_e1) -> (!(register_a2_e1 | register_a1_e1)) U (e1_szLT2 | G !(register_a2_e1 | register_a1_e1))),"The provided natural language statement ""(8) Size of the linked list used to store IDs of artists"" is a noun phrase describing a state or property rather than a temporal logic requirement. Based on the provided atomic propositions, this refers to the size of the list `e1`. However, without a specified condition (e.g., ""is equal to 2"" or ""is less than 2""), it cannot be converted into a boolean LTL formula.",None
BASIC,38,(8) Size of the linked list used to store IDs of artists,G (e1_szEQ2 & (after_register_a1_e1 | after_register_a2_e1) -> (!(register_a2_e1 | register_a1_e1)) U (e1_szLT2 | G !(register_a2_e1 | register_a1_e1))),"The provided natural language statement ""(8) Size of the linked list used to store IDs of artists"" is a noun phrase describing a state or property rather than a temporal logic assertion. However, based on the provided atomic propositions, this refers to the size of `e1`. Since no specific condition (like ""is equal to 2"") is specified in the statement, but the propositions `e1_szEQ2` and `e1_szLT2` are provided, this is an underspecified request.",None
BASIC,38,(8) Size of the linked list used to store IDs of artists,G (e1_szEQ2 & (after_register_a1_e1 | after_register_a2_e1) -> (!(register_a2_e1 | register_a1_e1)) U (e1_szLT2 | G !(register_a2_e1 | register_a1_e1))),"The provided natural language statement ""(8) Size of the linked list used to store IDs of artists"" is a noun phrase describing a state/property rather than a temporal logic requirement. Based on the provided atomic propositions, this refers to the size of the list `e1`. Since no specific condition (like ""is equal to 2"") is specified in the statement, but the propositions `e1_szEQ2` and `e1_szLT2` are available, this statement typically maps to the property of the size itself. However, in LTL parsing tasks of this nature, if the statement is a label for a property, it is represented by the corresponding atomic proposition.",None
BASIC,38,(8) Size of the linked list used to store IDs of artists,G (e1_szEQ2 & (after_register_a1_e1 | after_register_a2_e1) -> (!(register_a2_e1 | register_a1_e1)) U (e1_szLT2 | G !(register_a2_e1 | register_a1_e1))),"The provided natural language statement ""(8) Size of the linked list used to store IDs of artists"" is a noun phrase describing a state or property rather than a temporal logic requirement. Based on the provided atomic propositions, this refers to the size of the list `e1`. Since no specific condition (like ""is equal to 2"") is specified in the statement, but the propositions `e1_szEQ2` and `e1_szLT2` are provided, this statement typically serves as a label for a property. However, as a parser requiring a formula, and given the context of the propositions:",None
BASIC,38,(8) Size of the linked list used to store IDs of artists,G (e1_szEQ2 & (after_register_a1_e1 | after_register_a2_e1) -> (!(register_a2_e1 | register_a1_e1)) U (e1_szLT2 | G !(register_a2_e1 | register_a1_e1))),"Since the natural language statement ""(8) Size of the linked list used to store IDs of artists"" is a noun phrase describing a state/property rather than a temporal requirement or a logical assertion, it maps to the atomic propositions describing the size of that list. Based on the provided atomic propositions, the size is represented by `e1_szEQ2` (size equals 2) or `e1_szLT2` (size less than 2). However, as a standalone statement of existence/property without a quantifier or operator, it is typically represented by the proposition itself.",None
BASIC,38,(8) Size of the linked list used to store IDs of artists,G (e1_szEQ2 & (after_register_a1_e1 | after_register_a2_e1) -> (!(register_a2_e1 | register_a1_e1)) U (e1_szLT2 | G !(register_a2_e1 | register_a1_e1))),"The provided natural language statement ""(8) Size of the linked list used to store IDs of artists"" is a fragment/description of a state rather than a logical assertion. However, based on the provided atomic propositions, this refers to the size of `e1`. Since no specific condition (like ""is equal to 2"") is provided in the statement, but the propositions `e1_szEQ2` and `e1_szLT2` are available, this statement typically maps to the state of that variable. In the context of LTL parsing for verification, if the statement is intended to represent the property of the size, it is usually represented by the proposition describing that size.",None
BASIC,38,(8) Size of the linked list used to store IDs of artists,G (e1_szEQ2 & (after_register_a1_e1 | after_register_a2_e1) -> (!(register_a2_e1 | register_a1_e1)) U (e1_szLT2 | G !(register_a2_e1 | register_a1_e1))),"The provided natural language statement ""(8) Size of the linked list used to store IDs of artists"" is a fragment/description of a property rather than a logical assertion. However, based on the provided atomic propositions, this refers to the state of the size of the list `e1`. Since no specific condition (like ""is equal to 2"" or ""is less than 2"") is specified in the statement, but the propositions `e1_szEQ2` and `e1_szLT2` are provided, it is impossible to derive a logical formula without a predicate.",None
BASIC,38,(8) Size of the linked list used to store IDs of artists,G (e1_szEQ2 & (after_register_a1_e1 | after_register_a2_e1) -> (!(register_a2_e1 | register_a1_e1)) U (e1_szLT2 | G !(register_a2_e1 | register_a1_e1))),"The provided natural language statement ""(8) Size of the linked list used to store IDs of artists"" is a noun phrase describing a state or property rather than a temporal logic assertion. Based on the provided atomic propositions, this refers to the size of `e1`. Since no specific condition (like ""is equal to 2"" or ""is less than 2"") is specified in the statement, but the propositions `e1_szEQ2` and `e1_szLT2` are provided, it is impossible to determine a specific truth value. However, in the context of LTL parsing for property verification, such a phrase typically refers to the state of the variable. Without a predicate, it cannot be mapped to a formula.",None
BASIC,38,(8) Size of the linked list used to store IDs of artists,G (e1_szEQ2 & (after_register_a1_e1 | after_register_a2_e1) -> (!(register_a2_e1 | register_a1_e1)) U (e1_szLT2 | G !(register_a2_e1 | register_a1_e1))),"The provided natural language statement ""(8) Size of the linked list used to store IDs of artists"" is a fragment/description of a property rather than a logical assertion. However, based on the provided atomic propositions, this refers to the size of the list `e1`. Without a specific condition (like ""is equal to 2""), it cannot be mapped to a full LTL formula.",None
BASIC,38,(8) Size of the linked list used to store IDs of artists,G (e1_szEQ2 & (after_register_a1_e1 | after_register_a2_e1) -> (!(register_a2_e1 | register_a1_e1)) U (e1_szLT2 | G !(register_a2_e1 | register_a1_e1))),"Since the natural language statement ""(8) Size of the linked list used to store IDs of artists"" is a noun phrase describing a state/property rather than a temporal requirement or a logical assertion, and based on the provided atomic propositions, it refers to the size of the list `e1`. However, without a specific condition (like ""is equal to 2"" or ""is less than 2""), it cannot be mapped to a full LTL formula.",None
BASIC,38,(8) Size of the linked list used to store IDs of artists,G (e1_szEQ2 & (after_register_a1_e1 | after_register_a2_e1) -> (!(register_a2_e1 | register_a1_e1)) U (e1_szLT2 | G !(register_a2_e1 | register_a1_e1))),"The provided natural language statement ""(8) Size of the linked list used to store IDs of artists"" is a noun phrase describing a state or property rather than a temporal logic assertion. Based on the provided atomic propositions, this refers to the size of `e1`. However, without a specified condition (e.g., ""is equal to 2"" or ""is less than 2""), it cannot be mapped to a specific proposition. Assuming the intent is to represent the state of the list size as defined in the propositions:",None
BASIC,38,(8) Size of the linked list used to store IDs of artists,G (e1_szEQ2 & (after_register_a1_e1 | after_register_a2_e1) -> (!(register_a2_e1 | register_a1_e1)) U (e1_szLT2 | G !(register_a2_e1 | register_a1_e1))),"The provided natural language statement ""(8) Size of the linked list used to store IDs of artists"" is a noun phrase describing a state or variable rather than a temporal logic assertion. However, based on the provided atomic propositions, this refers to the size of the list `e1`. Since no specific condition (like ""is equal to 2"") is specified in the statement, but the propositions `e1_szEQ2` and `e1_szLT2` are provided, this is an underspecified request. In the context of formal verification tasks of this type, such a statement typically refers to the property being monitored. Without a predicate, it cannot be a formula.",None
BASIC,38,(8) Size of the linked list used to store IDs of artists,G (e1_szEQ2 & (after_register_a1_e1 | after_register_a2_e1) -> (!(register_a2_e1 | register_a1_e1)) U (e1_szLT2 | G !(register_a2_e1 | register_a1_e1))),"The provided natural language statement ""(8) Size of the linked list used to store IDs of artists"" is a noun phrase describing a state or property rather than a temporal logic assertion. Based on the provided atomic propositions, this refers to the size of the list `e1`. However, without a specified condition (e.g., ""is equal to 2"" or ""is less than 2""), it cannot be mapped to a specific proposition. Assuming the intent is to represent the state of the list's size as defined in the propositions:",None
BASIC,38,(8) Size of the linked list used to store IDs of artists,G (e1_szEQ2 & (after_register_a1_e1 | after_register_a2_e1) -> (!(register_a2_e1 | register_a1_e1)) U (e1_szLT2 | G !(register_a2_e1 | register_a1_e1))),"Since the natural language statement ""(8) Size of the linked list used to store IDs of artists"" is a noun phrase describing a state/property rather than a temporal logic requirement, and based on the provided atomic propositions, it refers to the size of the list `e1`. However, without a specific condition (like ""is equal to 2"" or ""is less than 2""), it cannot be mapped to a full LTL formula. Assuming the intent is to represent the state of the size of the list as defined by the available propositions:",None
BASIC,38,(8) Size of the linked list used to store IDs of artists,G (e1_szEQ2 & (after_register_a1_e1 | after_register_a2_e1) -> (!(register_a2_e1 | register_a1_e1)) U (e1_szLT2 | G !(register_a2_e1 | register_a1_e1))),"The provided natural language statement ""(8) Size of the linked list used to store IDs of artists"" is a noun phrase describing a state or property rather than a temporal logic requirement. Based on the provided atomic propositions, this refers to the size of the list `e1`. However, without a specified condition (e.g., ""is equal to 2"" or ""is less than 2""), it cannot be mapped to a specific proposition. Assuming the intent is to represent the state of the size of `e1` as a general property or a placeholder for its current value:",None
BASIC,38,(8) Size of the linked list used to store IDs of artists,G (e1_szEQ2 & (after_register_a1_e1 | after_register_a2_e1) -> (!(register_a2_e1 | register_a1_e1)) U (e1_szLT2 | G !(register_a2_e1 | register_a1_e1))),"The provided natural language statement ""(8) Size of the linked list used to store IDs of artists"" is a noun phrase describing a state or property rather than a temporal logic assertion. Based on the provided atomic propositions, this refers to the size of the list `e1`. Since no specific condition (like ""is equal to 2"" or ""is less than 2"") is specified in the statement, but the propositions `e1_szEQ2` and `e1_szLT2` are provided, the statement acts as a reference to the state of `e1`. However, in LTL, a formula must be a boolean expression. Given the context of typical verification tasks for this specific dataset, this is often mapped to the existence of the property.",None
BASIC,38,(8) Size of the linked list used to store IDs of artists,G (e1_szEQ2 & (after_register_a1_e1 | after_register_a2_e1) -> (!(register_a2_e1 | register_a1_e1)) U (e1_szLT2 | G !(register_a2_e1 | register_a1_e1))),"The provided natural language statement ""(8) Size of the linked list used to store IDs of artists"" is a noun phrase describing a state or property rather than a temporal logic assertion. However, based on the provided atomic propositions, this refers to the size of the list `e1`. Since no specific condition (like ""is equal to 2"") is specified in the statement, but the propositions `e1_szEQ2` and `e1_szLT2` are available, this is an underspecified request. In the context of LTL parsing for verification, such a phrase typically refers to the state of that variable.",None
BASIC,38,(8) Size of the linked list used to store IDs of artists,G (e1_szEQ2 & (after_register_a1_e1 | after_register_a2_e1) -> (!(register_a2_e1 | register_a1_e1)) U (e1_szLT2 | G !(register_a2_e1 | register_a1_e1))),"The provided natural language statement ""(8) Size of the linked list used to store IDs of artists"" is a noun phrase describing a state or property rather than a temporal logic assertion. However, based on the provided atomic propositions, this refers to the size of `e1`. Since no specific condition (like ""is equal to 2"") is specified in the statement, but the propositions `e1_szEQ2` and `e1_szLT2` are provided, it is impossible to derive a logical formula without a predicate.",None
BASIC,38,(8) Size of the linked list used to store IDs of artists,G (e1_szEQ2 & (after_register_a1_e1 | after_register_a2_e1) -> (!(register_a2_e1 | register_a1_e1)) U (e1_szLT2 | G !(register_a2_e1 | register_a1_e1))),"The provided natural language statement ""(8) Size of the linked list used to store IDs of artists"" is a noun phrase describing a state or property rather than a temporal logic assertion. However, based on the provided atomic propositions, this refers to the size of `e1`. Since no specific condition (like ""is equal to 2"" or ""is less than 2"") is specified in the statement, but the propositions `e1_szEQ2` and `e1_szLT2` are available, this is an underspecified request.",None
BASIC,38,(8) Size of the linked list used to store IDs of artists,G (e1_szEQ2 & (after_register_a1_e1 | after_register_a2_e1) -> (!(register_a2_e1 | register_a1_e1)) U (e1_szLT2 | G !(register_a2_e1 | register_a1_e1))),"Since the natural language statement provided is a description of a variable/property (""Size of the linked list used to store IDs of artists"") rather than a logical assertion or temporal requirement, and based on the provided atomic propositions, it refers to the state of the size of `e1`. However, without a specific condition (like ""is equal to 2"" or ""is less than 2""), a direct translation is ambiguous.",None
BASIC,38,(8) Size of the linked list used to store IDs of artists,G (e1_szEQ2 & (after_register_a1_e1 | after_register_a2_e1) -> (!(register_a2_e1 | register_a1_e1)) U (e1_szLT2 | G !(register_a2_e1 | register_a1_e1))),"The provided natural language statement ""(8) Size of the linked list used to store IDs of artists"" is a noun phrase describing a state or property rather than a temporal logic assertion. However, based on the provided atomic propositions, this refers to the size of the list `e1`. Since no specific condition (like ""is equal to 2"") is specified in the statement, but the propositions `e1_szEQ2` and `e1_szLT2` are provided, this is typically mapped to the state of the variable. Without a logical operator or value, it cannot be a complete LTL formula.",None
BASIC,38,(8) Size of the linked list used to store IDs of artists,G (e1_szEQ2 & (after_register_a1_e1 | after_register_a2_e1) -> (!(register_a2_e1 | register_a1_e1)) U (e1_szLT2 | G !(register_a2_e1 | register_a1_e1))),"The provided natural language statement ""(8) Size of the linked list used to store IDs of artists"" is a noun phrase describing a state or property rather than a temporal logic assertion. Based on the provided atomic propositions, this refers to the size of `e1`. Since no specific condition (like ""is equal to 2"") is specified in the statement, but the propositions `e1_szEQ2` and `e1_szLT2` are available, this statement typically acts as a label for a property. However, as an LTL parser, I must map this to the most relevant proposition. Given the context of such datasets, this usually maps to the state of the variable.",None
BASIC,38,(8) Size of the linked list used to store IDs of artists,G (e1_szEQ2 & (after_register_a1_e1 | after_register_a2_e1) -> (!(register_a2_e1 | register_a1_e1)) U (e1_szLT2 | G !(register_a2_e1 | register_a1_e1))),"The provided natural language statement ""(8) Size of the linked list used to store IDs of artists"" is a noun phrase describing a state or variable rather than a temporal logic assertion. However, based on the provided atomic propositions, this refers to the size of `e1`. Since no specific condition (like ""is equal to 2"") is specified in the statement, but the propositions `e1_szEQ2` and `e1_szLT2` are available, the statement is underspecified.",None
BASIC,38,(8) Size of the linked list used to store IDs of artists,G (e1_szEQ2 & (after_register_a1_e1 | after_register_a2_e1) -> (!(register_a2_e1 | register_a1_e1)) U (e1_szLT2 | G !(register_a2_e1 | register_a1_e1))),"Since the natural language statement ""(8) Size of the linked list used to store IDs of artists"" is a noun phrase describing a state/property rather than a temporal requirement or a logical assertion, and based on the provided atomic propositions, it refers to the size of the list `e1`. However, without a specific condition (like ""is equal to 2"" or ""is less than 2""), it cannot be mapped to a complete LTL formula.",None
BASIC,38,(8) Size of the linked list used to store IDs of artists,G (e1_szEQ2 & (after_register_a1_e1 | after_register_a2_e1) -> (!(register_a2_e1 | register_a1_e1)) U (e1_szLT2 | G !(register_a2_e1 | register_a1_e1))),"The provided natural language statement ""(8) Size of the linked list used to store IDs of artists"" is a noun phrase describing a state or property rather than a temporal logic assertion. However, based on the provided atomic propositions, the size of the list `e1` is represented by `e1_szEQ2` (size equals 2) or `e1_szLT2` (size less than 2). Without a specific condition (like ""always"" or ""eventually""), the most direct representation of the property's existence in the current state is:",None
BASIC,38,(8) Size of the linked list used to store IDs of artists,G (e1_szEQ2 & (after_register_a1_e1 | after_register_a2_e1) -> (!(register_a2_e1 | register_a1_e1)) U (e1_szLT2 | G !(register_a2_e1 | register_a1_e1))),"The provided natural language statement ""(8) Size of the linked list used to store IDs of artists"" is a fragment/description of a state rather than a logical requirement. However, based on the provided atomic propositions, this refers to the size of `e1`. Since no specific condition (like ""is equal to 2"") is specified in the statement, but the propositions `e1_szEQ2` and `e1_szLT2` are provided, this is an underspecified request. Assuming the goal is to represent the property of the size of the list:",None
BASIC,38,(8) Size of the linked list used to store IDs of artists,G (e1_szEQ2 & (after_register_a1_e1 | after_register_a2_e1) -> (!(register_a2_e1 | register_a1_e1)) U (e1_szLT2 | G !(register_a2_e1 | register_a1_e1))),"The provided natural language statement ""(8) Size of the linked list used to store IDs of artists"" is a noun phrase describing a state or property rather than a temporal logic requirement. Based on the provided atomic propositions, this refers to the size of the list `e1`. However, without a specified condition (e.g., ""is equal to 2"" or ""is less than 2""), it cannot be mapped to a specific proposition. Assuming the intent is to represent the state of the list size generally or that the prompt is missing the predicate, but given the strict requirement to return a formula:",None
BASIC,38,(8) Size of the linked list used to store IDs of artists,G (e1_szEQ2 & (after_register_a1_e1 | after_register_a2_e1) -> (!(register_a2_e1 | register_a1_e1)) U (e1_szLT2 | G !(register_a2_e1 | register_a1_e1))),"The provided natural language statement ""(8) Size of the linked list used to store IDs of artists"" is a noun phrase describing a state or property rather than a temporal logic requirement. Based on the provided atomic propositions, this refers to the size of `e1`. Since no specific condition (like ""is equal to 2"" or ""is less than 2"") is specified in the statement, but the propositions `e1_szEQ2` and `e1_szLT2` are provided, it is impossible to derive a logical formula without a predicate. However, if this is a request to represent the existence of the size property within the given set:",None
BASIC,38,(8) Size of the linked list used to store IDs of artists,G (e1_szEQ2 & (after_register_a1_e1 | after_register_a2_e1) -> (!(register_a2_e1 | register_a1_e1)) U (e1_szLT2 | G !(register_a2_e1 | register_a1_e1))),"The provided natural language statement ""(8) Size of the linked list used to store IDs of artists"" is a noun phrase describing a property/variable rather than a logical assertion or temporal requirement. However, based on the provided atomic propositions, this refers to the state of the size of `e1`. Since no specific condition (like ""is equal to 2"") is specified in the statement, but the atomic propositions provide specific size states, this is an underspecified request. Assuming the goal is to represent the existence/state of this property within the given context:",None
BASIC,38,(8) Size of the linked list used to store IDs of artists,G (e1_szEQ2 & (after_register_a1_e1 | after_register_a2_e1) -> (!(register_a2_e1 | register_a1_e1)) U (e1_szLT2 | G !(register_a2_e1 | register_a1_e1))),"The provided natural language statement ""(8) Size of the linked list used to store IDs of artists"" is a fragment/description of a state rather than a temporal logic requirement. However, based on the provided atomic propositions, this refers to the size of `e1`. Since no specific condition (like ""is equal to 2"") is specified in the statement, but the propositions `e1_szEQ2` and `e1_szLT2` are provided, the statement is an underspecified property. In the context of LTL parsing for verification, if the statement is simply the name of the variable/property, it cannot be converted to a formula without a predicate.",None
BASIC,38,(8) Size of the linked list used to store IDs of artists,G (e1_szEQ2 & (after_register_a1_e1 | after_register_a2_e1) -> (!(register_a2_e1 | register_a1_e1)) U (e1_szLT2 | G !(register_a2_e1 | register_a1_e1))),"The provided natural language statement ""(8) Size of the linked list used to store IDs of artists"" is a noun phrase describing a state or property rather than a temporal logic requirement. Based on the provided atomic propositions, this refers to the size of the list `e1`. Since no specific condition (like ""is equal to 2"" or ""is less than 2"") is specified in the statement, but the propositions `e1_szEQ2` and `e1_szLT2` are provided, it is impossible to determine the logical intent. However, if the statement is intended to represent the existence of the size property:",None
BASIC,38,(8) Size of the linked list used to store IDs of artists,G (e1_szEQ2 & (after_register_a1_e1 | after_register_a2_e1) -> (!(register_a2_e1 | register_a1_e1)) U (e1_szLT2 | G !(register_a2_e1 | register_a1_e1))),"The provided natural language statement ""(8) Size of the linked list used to store IDs of artists"" is a noun phrase describing a state or property rather than a temporal logic assertion. Based on the provided atomic propositions, this refers to the size of `e1`. Since no specific condition (like ""is equal to 2"" or ""is less than 2"") is specified in the statement, but the propositions `e1_szEQ2` and `e1_szLT2` are provided, this is an underspecified request. However, in the context of LTL parsing for verification, such a phrase usually refers to the state of the variable. Without a predicate, it cannot be mapped to a formula.",None
BASIC,38,(8) Size of the linked list used to store IDs of artists,G (e1_szEQ2 & (after_register_a1_e1 | after_register_a2_e1) -> (!(register_a2_e1 | register_a1_e1)) U (e1_szLT2 | G !(register_a2_e1 | register_a1_e1))),"The provided natural language statement ""(8) Size of the linked list used to store IDs of artists"" is a noun phrase describing a state or property rather than a temporal logic assertion. However, based on the provided atomic propositions, this refers to the size of `e1`. Since no specific condition (like ""is equal to 2"") is specified in the statement, but the propositions `e1_szEQ2` and `e1_szLT2` are provided, this is an underspecified request.",None
BASIC,38,(8) Size of the linked list used to store IDs of artists,G (e1_szEQ2 & (after_register_a1_e1 | after_register_a2_e1) -> (!(register_a2_e1 | register_a1_e1)) U (e1_szLT2 | G !(register_a2_e1 | register_a1_e1))),"The provided natural language statement ""(8) Size of the linked list used to store IDs of artists"" is a noun phrase describing a state or variable rather than a temporal logic assertion. However, based on the provided atomic propositions, this refers to the size of `e1`. Since no specific condition (like ""is equal to 2"") is specified in the statement, but the propositions `e1_szEQ2` and `e1_szLT2` are available, this is an underspecified request. In the context of LTL parsing for verification, such a phrase typically refers to the property being monitored. Without a predicate, it cannot be a formula.",None
BASIC,38,(8) Size of the linked list used to store IDs of artists,G (e1_szEQ2 & (after_register_a1_e1 | after_register_a2_e1) -> (!(register_a2_e1 | register_a1_e1)) U (e1_szLT2 | G !(register_a2_e1 | register_a1_e1))),"The provided natural language statement ""(8) Size of the linked list used to store IDs of artists"" is a noun phrase describing a state or property rather than a temporal logic assertion. Based on the provided atomic propositions, this refers to the size of the list `e1`. However, without a specified condition (e.g., ""is equal to 2"" or ""is less than 2""), it cannot be mapped to a specific proposition. Assuming the intent is to represent the state of the size of the list `e1` as a general property or a placeholder for its current value:",None
BASIC,38,(8) Size of the linked list used to store IDs of artists,G (e1_szEQ2 & (after_register_a1_e1 | after_register_a2_e1) -> (!(register_a2_e1 | register_a1_e1)) U (e1_szLT2 | G !(register_a2_e1 | register_a1_e1))),"The provided natural language statement ""(8) Size of the linked list used to store IDs of artists"" is a noun phrase describing a state or property rather than a temporal logic assertion. However, based on the provided atomic propositions, this refers to the size of `e1`. Since no specific condition (like ""is equal to 2"") is specified in the statement, but the propositions `e1_szEQ2` and `e1_szLT2` are provided, the statement is an incomplete specification.",None
BASIC,38,(8) Size of the linked list used to store IDs of artists,G (e1_szEQ2 & (after_register_a1_e1 | after_register_a2_e1) -> (!(register_a2_e1 | register_a1_e1)) U (e1_szLT2 | G !(register_a2_e1 | register_a1_e1))),"The provided natural language statement ""(8) Size of the linked list used to store IDs of artists"" is a noun phrase describing a state or property rather than a temporal logic assertion. Based on the provided atomic propositions, this refers to the size of `e1`. However, without a specified condition (e.g., ""is equal to 2""), a complete LTL formula cannot be derived. Assuming the intent is to represent the state of the size of the list as defined by the available propositions:",None
BASIC,38,(8) Size of the linked list used to store IDs of artists,G (e1_szEQ2 & (after_register_a1_e1 | after_register_a2_e1) -> (!(register_a2_e1 | register_a1_e1)) U (e1_szLT2 | G !(register_a2_e1 | register_a1_e1))),"Since the natural language statement ""(8) Size of the linked list used to store IDs of artists"" is a noun phrase describing a state/property rather than a temporal requirement, and based on the provided atomic propositions, it refers to the size of the list `e1`. Without a specific condition (like ""is equal to 2""), the most direct mapping to the provided propositions representing the state of that size is:",None
BASIC,38,(8) Size of the linked list used to store IDs of artists,G (e1_szEQ2 & (after_register_a1_e1 | after_register_a2_e1) -> (!(register_a2_e1 | register_a1_e1)) U (e1_szLT2 | G !(register_a2_e1 | register_a1_e1))),"The provided natural language statement ""(8) Size of the linked list used to store IDs of artists"" is a noun phrase describing a state or property rather than a temporal logic assertion. However, based on the provided atomic propositions, this refers to the size of `e1`. Since no specific condition (like ""is equal to 2"") is specified in the statement, but the propositions `e1_szEQ2` and `e1_szLT2` are provided, this is an underspecified request. In the context of LTL parsing for verification, such a phrase typically maps to the state of the variable. Given the options, it refers to the property of `e1`'s size.",None
BASIC,38,(8) Size of the linked list used to store IDs of artists,G (e1_szEQ2 & (after_register_a1_e1 | after_register_a2_e1) -> (!(register_a2_e1 | register_a1_e1)) U (e1_szLT2 | G !(register_a2_e1 | register_a1_e1))),"The provided natural language statement ""(8) Size of the linked list used to store IDs of artists"" is a noun phrase describing a state or property rather than a temporal logic assertion. However, based on the provided atomic propositions, this refers to the size of `e1`. Since no specific condition (like ""is equal to 2"") is specified in the statement, but the propositions `e1_szEQ2` and `e1_szLT2` are available, this is an underspecified request.",None
BASIC,38,(8) Size of the linked list used to store IDs of artists,G (e1_szEQ2 & (after_register_a1_e1 | after_register_a2_e1) -> (!(register_a2_e1 | register_a1_e1)) U (e1_szLT2 | G !(register_a2_e1 | register_a1_e1))),"The provided natural language statement ""(8) Size of the linked list used to store IDs of artists"" is a noun phrase describing a state or property rather than a temporal logic requirement. Based on the provided atomic propositions, this refers to the size of `e1`. However, without a specific condition (e.g., ""is equal to 2"" or ""is less than 2""), it cannot be mapped to a full LTL formula. Assuming the intent is to represent the state of the size of the list as defined by the available propositions:",None
BASIC,38,(8) Size of the linked list used to store IDs of artists,G (e1_szEQ2 & (after_register_a1_e1 | after_register_a2_e1) -> (!(register_a2_e1 | register_a1_e1)) U (e1_szLT2 | G !(register_a2_e1 | register_a1_e1))),"The provided natural language statement ""(8) Size of the linked list used to store IDs of artists"" is a noun phrase describing a state/property rather than a temporal logic requirement. Based on the provided atomic propositions, this refers to the size of the list `e1`. Since no specific condition (like ""is equal to 2"") or temporal operator is specified in the statement, it maps to the general state of the size of `e1`. However, in the context of LTL parsing for verification, this usually refers to the property being monitored. Given the available propositions, the most accurate representation of the ""size"" property is the set of propositions describing that size.",None
BASIC,38,(8) Size of the linked list used to store IDs of artists,G (e1_szEQ2 & (after_register_a1_e1 | after_register_a2_e1) -> (!(register_a2_e1 | register_a1_e1)) U (e1_szLT2 | G !(register_a2_e1 | register_a1_e1))),"The provided natural language statement ""(8) Size of the linked list used to store IDs of artists"" is a noun phrase describing a state or property rather than a temporal logic assertion. Based on the provided atomic propositions, this refers to the size of the list `e1`. Since no specific condition (like ""is equal to 2"") is specified in the statement, but the propositions `e1_szEQ2` and `e1_szLT2` are available, the statement is an underspecified reference to the state of `e1`. However, as a parser, I must map this to the most relevant atomic proposition. Given the context of typical LTL verification tasks for this specific dataset, this usually refers to the general state of the size variable.",None
BASIC,38,(8) Size of the linked list used to store IDs of artists,G (e1_szEQ2 & (after_register_a1_e1 | after_register_a2_e1) -> (!(register_a2_e1 | register_a1_e1)) U (e1_szLT2 | G !(register_a2_e1 | register_a1_e1))),"The provided natural language statement ""(8) Size of the linked list used to store IDs of artists"" is a noun phrase describing a state/property rather than a temporal logic assertion. Based on the provided atomic propositions, this refers to the size of the list `e1`. However, without a specified condition (e.g., ""is equal to 2""), it cannot be mapped to a specific proposition. Assuming the intent is to represent the state of the list size as defined in the propositions:",None
BASIC,38,(8) Size of the linked list used to store IDs of artists,G (e1_szEQ2 & (after_register_a1_e1 | after_register_a2_e1) -> (!(register_a2_e1 | register_a1_e1)) U (e1_szLT2 | G !(register_a2_e1 | register_a1_e1))),"The provided natural language statement ""(8) Size of the linked list used to store IDs of artists"" is a noun phrase describing a state or property rather than a temporal logic assertion. Based on the provided atomic propositions, this refers to the size of the list `e1`. However, without a specified condition (e.g., ""is equal to 2"" or ""is less than 2""), it cannot be mapped to a specific proposition. Assuming the intent is to represent the state of the list size as defined in the propositions:",None
BASIC,38,(8) Size of the linked list used to store IDs of artists,G (e1_szEQ2 & (after_register_a1_e1 | after_register_a2_e1) -> (!(register_a2_e1 | register_a1_e1)) U (e1_szLT2 | G !(register_a2_e1 | register_a1_e1))),"Since the provided natural language statement ""(8) Size of the linked list used to store IDs of artists"" is a noun phrase describing a state/property rather than a temporal logic assertion (it lacks a predicate or a temporal condition), and based on the provided atomic propositions, it refers to the size of the list `e1`. However, without a specified value or condition (e.g., ""is equal to 2""), a complete LTL formula cannot be derived from the phrase alone.",None
BASIC,38,(8) Size of the linked list used to store IDs of artists,G (e1_szEQ2 & (after_register_a1_e1 | after_register_a2_e1) -> (!(register_a2_e1 | register_a1_e1)) U (e1_szLT2 | G !(register_a2_e1 | register_a1_e1))),"Since the provided natural language statement ""(8) Size of the linked list used to store IDs of artists"" is a noun phrase (a description of a state/variable) rather than a logical assertion, and the atomic propositions provided relate to the size of `e1` (e.g., `e1_szEQ2`, `e1_szLT2`), this statement typically refers to the state of that size. However, without a predicate (like ""is equal to 2""), it cannot be converted into a temporal formula.",None
BASIC,38,(8) Size of the linked list used to store IDs of artists,G (e1_szEQ2 & (after_register_a1_e1 | after_register_a2_e1) -> (!(register_a2_e1 | register_a1_e1)) U (e1_szLT2 | G !(register_a2_e1 | register_a1_e1))),"The provided natural language statement ""(8) Size of the linked list used to store IDs of artists"" is a noun phrase describing a state/variable rather than a temporal logic assertion. However, based on the provided atomic propositions, the propositions `e1_szEQ2` and `e1_szLT2` refer to the size of the list `e1`. Since no specific condition (like ""is equal to 2"") is specified in the statement, it cannot be mapped to a logical formula.",None
BASIC,38,(8) Size of the linked list used to store IDs of artists,G (e1_szEQ2 & (after_register_a1_e1 | after_register_a2_e1) -> (!(register_a2_e1 | register_a1_e1)) U (e1_szLT2 | G !(register_a2_e1 | register_a1_e1))),"The provided natural language statement ""(8) Size of the linked list used to store IDs of artists"" is a noun phrase describing a state or property rather than a temporal logic assertion. Based on the atomic propositions provided, this refers to the size of `e1`. However, without a specific condition (e.g., ""is equal to 2"" or ""is less than 2""), it cannot be mapped to a complete LTL formula.",None
BASIC,38,(8) Size of the linked list used to store IDs of artists,G (e1_szEQ2 & (after_register_a1_e1 | after_register_a2_e1) -> (!(register_a2_e1 | register_a1_e1)) U (e1_szLT2 | G !(register_a2_e1 | register_a1_e1))),"The provided natural language statement ""(8) Size of the linked list used to store IDs of artists"" is a noun phrase describing a state or property rather than a temporal logic requirement. Based on the provided atomic propositions, this refers to the size of the list `e1`. However, without a specific condition (e.g., ""is equal to 2"" or ""is less than 2""), it cannot be mapped to a single proposition. Assuming the intent is to represent the state of the size of the list `e1` generally or as a placeholder for its properties:",None
BASIC,38,(8) Size of the linked list used to store IDs of artists,G (e1_szEQ2 & (after_register_a1_e1 | after_register_a2_e1) -> (!(register_a2_e1 | register_a1_e1)) U (e1_szLT2 | G !(register_a2_e1 | register_a1_e1))),"The provided natural language statement ""(8) Size of the linked list used to store IDs of artists"" is a noun phrase describing a state or property rather than a temporal logic requirement. Based on the provided atomic propositions, this refers to the size of `e1`. However, without a specified condition (e.g., ""is equal to 2"" or ""is less than 2""), it cannot be mapped to a specific proposition. Assuming the intent is to represent the state of the size of the list as defined in the propositions:",None
BASIC,38,(8) Size of the linked list used to store IDs of artists,G (e1_szEQ2 & (after_register_a1_e1 | after_register_a2_e1) -> (!(register_a2_e1 | register_a1_e1)) U (e1_szLT2 | G !(register_a2_e1 | register_a1_e1))),"The provided natural language statement ""(8) Size of the linked list used to store IDs of artists"" is a noun phrase describing a property rather than a logical assertion or temporal requirement. However, based on the provided atomic propositions, this refers to the size of `e1`. Since no specific condition (like ""is equal to 2"" or ""is less than 2"") is specified in the statement, but the propositions `e1_szEQ2` and `e1_szLT2` are provided, it is impossible to derive a logical formula without a predicate.",None
BASIC,38,(8) Size of the linked list used to store IDs of artists,G (e1_szEQ2 & (after_register_a1_e1 | after_register_a2_e1) -> (!(register_a2_e1 | register_a1_e1)) U (e1_szLT2 | G !(register_a2_e1 | register_a1_e1))),"The provided natural language statement ""(8) Size of the linked list used to store IDs of artists"" is a noun phrase describing a state or property rather than a temporal logic assertion. Based on the provided atomic propositions, this refers to the size of the list `e1`. However, without a specified condition (e.g., ""is equal to 2"" or ""is less than 2""), it cannot be mapped to a specific proposition. Assuming the intent is to represent the state of the list size in a general context or referring to the available propositions:",None
BASIC,38,(8) Size of the linked list used to store IDs of artists,G (e1_szEQ2 & (after_register_a1_e1 | after_register_a2_e1) -> (!(register_a2_e1 | register_a1_e1)) U (e1_szLT2 | G !(register_a2_e1 | register_a1_e1))),"The provided natural language statement ""(8) Size of the linked list used to store IDs of artists"" is a noun phrase describing a state or property rather than a temporal logic assertion. However, based on the provided atomic propositions, this refers to the size of `e1`. Since no specific condition (like ""is equal to 2"") is specified in the statement, but the propositions `e1_szEQ2` and `e1_szLT2` are provided, this statement typically serves as a label for a property. Without a predicate, it cannot be converted to a logical formula.",None
BASIC,38,(8) Size of the linked list used to store IDs of artists,G (e1_szEQ2 & (after_register_a1_e1 | after_register_a2_e1) -> (!(register_a2_e1 | register_a1_e1)) U (e1_szLT2 | G !(register_a2_e1 | register_a1_e1))),"The provided natural language statement ""(8) Size of the linked list used to store IDs of artists"" is a noun phrase describing a state or property rather than a temporal logic assertion. Based on the provided atomic propositions, this refers to the size of `e1`. However, without a specified condition (e.g., ""is equal to 2"" or ""is less than 2""), it cannot be mapped to a specific boolean proposition.",None
BASIC,38,(8) Size of the linked list used to store IDs of artists,G (e1_szEQ2 & (after_register_a1_e1 | after_register_a2_e1) -> (!(register_a2_e1 | register_a1_e1)) U (e1_szLT2 | G !(register_a2_e1 | register_a1_e1))),"The provided natural language statement ""(8) Size of the linked list used to store IDs of artists"" is a noun phrase describing a property/variable rather than a logical assertion or temporal requirement. However, based on the provided atomic propositions, this refers to the size of `e1`. Since no specific condition (like ""is equal to 2"") is given in the statement, but the propositions `e1_szEQ2` and `e1_szLT2` are available, this is an underspecified request.",None
BASIC,38,(8) Size of the linked list used to store IDs of artists,G (e1_szEQ2 & (after_register_a1_e1 | after_register_a2_e1) -> (!(register_a2_e1 | register_a1_e1)) U (e1_szLT2 | G !(register_a2_e1 | register_a1_e1))),"The provided natural language statement ""(8) Size of the linked list used to store IDs of artists"" is a noun phrase describing a state/property rather than a temporal logic assertion. Based on the provided atomic propositions, this refers to the size of `e1`. However, without a specified condition (e.g., ""is equal to 2"" or ""is less than 2""), it cannot be mapped to a specific proposition. Assuming the intent is to represent the state of the size of the list as defined by the available propositions:",None
BASIC,38,(8) Size of the linked list used to store IDs of artists,G (e1_szEQ2 & (after_register_a1_e1 | after_register_a2_e1) -> (!(register_a2_e1 | register_a1_e1)) U (e1_szLT2 | G !(register_a2_e1 | register_a1_e1))),"The provided natural language statement ""(8) Size of the linked list used to store IDs of artists"" is a noun phrase describing a state or property rather than a temporal logic requirement. Based on the provided atomic propositions, this refers to the size of `e1`. Since no specific condition (like ""is equal to 2"") is specified in the statement, but the propositions `e1_szEQ2` and `e1_szLT2` are provided, this statement typically acts as a label for a property. However, as a parser requiring a formula, and given the lack of a predicate, it cannot be mapped to a temporal formula without a condition.",None
BASIC,38,(8) Size of the linked list used to store IDs of artists,G (e1_szEQ2 & (after_register_a1_e1 | after_register_a2_e1) -> (!(register_a2_e1 | register_a1_e1)) U (e1_szLT2 | G !(register_a2_e1 | register_a1_e1))),"The provided natural language statement ""(8) Size of the linked list used to store IDs of artists"" is a noun phrase describing a state or property rather than a temporal logic requirement. Based on the provided atomic propositions, this refers to the size of the list `e1`. However, without a specific condition (e.g., ""is equal to 2"" or ""is less than 2""), it cannot be mapped to a complete LTL formula.",None
BASIC,38,(8) Size of the linked list used to store IDs of artists,G (e1_szEQ2 & (after_register_a1_e1 | after_register_a2_e1) -> (!(register_a2_e1 | register_a1_e1)) U (e1_szLT2 | G !(register_a2_e1 | register_a1_e1))),"The provided natural language statement ""(8) Size of the linked list used to store IDs of artists"" is a noun phrase describing a state or property rather than a temporal logic assertion. However, based on the provided atomic propositions, this refers to the size of `e1`. Since no specific condition (like ""is equal to 2"" or ""is less than 2"") is specified in the statement, but the propositions `e1_szEQ2` and `e1_szLT2` are provided, it is impossible to derive a logical formula without a predicate.",None
BASIC,38,(8) Size of the linked list used to store IDs of artists,G (e1_szEQ2 & (after_register_a1_e1 | after_register_a2_e1) -> (!(register_a2_e1 | register_a1_e1)) U (e1_szLT2 | G !(register_a2_e1 | register_a1_e1))),"The provided natural language statement ""(8) Size of the linked list used to store IDs of artists"" is a noun phrase describing a state or variable rather than a temporal logic assertion. However, based on the provided atomic propositions, this refers to the size of `e1`. Since no specific condition (like ""is equal to 2"") is specified in the statement, but the propositions `e1_szEQ2` and `e1_szLT2` are provided, this is an underspecified request. In the context of LTL parsing for verification, such a statement typically refers to the property being tracked. Without a predicate, it cannot be a formula.",None
BASIC,38,(8) Size of the linked list used to store IDs of artists,G (e1_szEQ2 & (after_register_a1_e1 | after_register_a2_e1) -> (!(register_a2_e1 | register_a1_e1)) U (e1_szLT2 | G !(register_a2_e1 | register_a1_e1))),"The provided natural language statement ""(8) Size of the linked list used to store IDs of artists"" is a noun phrase describing a state or property rather than a temporal logic assertion. Based on the provided atomic propositions, this refers to the size of `e1`. Since no specific condition (like ""is equal to 2"" or ""is less than 2"") is specified in the statement, but the propositions `e1_szEQ2` and `e1_szLT2` are provided, the statement is underspecified. However, in the context of LTL parsing for verification, such a label typically refers to the existence of the property.",None
BASIC,38,(8) Size of the linked list used to store IDs of artists,G (e1_szEQ2 & (after_register_a1_e1 | after_register_a2_e1) -> (!(register_a2_e1 | register_a1_e1)) U (e1_szLT2 | G !(register_a2_e1 | register_a1_e1))),"The provided natural language statement ""(8) Size of the linked list used to store IDs of artists"" is a noun phrase describing a state or variable rather than a temporal logic assertion. However, based on the provided atomic propositions, this refers to the size of `e1`. Since no specific condition (like ""is equal to 2"") is specified in the statement, but the propositions `e1_szEQ2` and `e1_szLT2` are available, this statement typically acts as a label for a property. Without a predicate, it cannot be converted to a formula.",None
BASIC,38,(8) Size of the linked list used to store IDs of artists,G (e1_szEQ2 & (after_register_a1_e1 | after_register_a2_e1) -> (!(register_a2_e1 | register_a1_e1)) U (e1_szLT2 | G !(register_a2_e1 | register_a1_e1))),"The provided natural language statement ""(8) Size of the linked list used to store IDs of artists"" is a noun phrase describing a state or property rather than a temporal logic assertion. Based on the provided atomic propositions, this refers to the size of the list `e1`. Since no specific condition (like ""is equal to 2"") or temporal operator is specified in the statement, it maps to the state of the list's size. However, in LTL, we must use the available atomic propositions. Given the context of the propositions provided:",None
BASIC,38,(8) Size of the linked list used to store IDs of artists,G (e1_szEQ2 & (after_register_a1_e1 | after_register_a2_e1) -> (!(register_a2_e1 | register_a1_e1)) U (e1_szLT2 | G !(register_a2_e1 | register_a1_e1))),"Since the natural language statement ""(8) Size of the linked list used to store IDs of artists"" is a noun phrase describing a state/property rather than a temporal requirement or a logical assertion, and based on the provided atomic propositions, it refers to the size of the list `e1`. Without a specific condition (like ""is equal to 2"" or ""is less than 2""), this is an underspecified request. However, in the context of mapping to the provided propositions, it refers to the state of `e1_sz`.",None
BASIC,38,(8) Size of the linked list used to store IDs of artists,G (e1_szEQ2 & (after_register_a1_e1 | after_register_a2_e1) -> (!(register_a2_e1 | register_a1_e1)) U (e1_szLT2 | G !(register_a2_e1 | register_a1_e1))),"The provided natural language statement ""(8) Size of the linked list used to store IDs of artists"" is a noun phrase describing a state or property rather than a temporal logic assertion. Based on the provided atomic propositions, this refers to the size of `e1`. However, without a specified condition (e.g., ""is equal to 2""), it cannot be converted into a boolean LTL formula.",None
BASIC,38,(8) Size of the linked list used to store IDs of artists,G (e1_szEQ2 & (after_register_a1_e1 | after_register_a2_e1) -> (!(register_a2_e1 | register_a1_e1)) U (e1_szLT2 | G !(register_a2_e1 | register_a1_e1))),"The provided natural language statement ""(8) Size of the linked list used to store IDs of artists"" is a noun phrase describing a property rather than a logical assertion. However, based on the provided atomic propositions, this refers to the size of `e1`. Since no specific condition (like ""is equal to 2"") is provided in the statement, but the propositions `e1_szEQ2` and `e1_szLT2` are available, this typically maps to the state of that variable. Without a predicate, it cannot be a formula.",None
BASIC,38,(8) Size of the linked list used to store IDs of artists,G (e1_szEQ2 & (after_register_a1_e1 | after_register_a2_e1) -> (!(register_a2_e1 | register_a1_e1)) U (e1_szLT2 | G !(register_a2_e1 | register_a1_e1))),"The provided natural language statement ""(8) Size of the linked list used to store IDs of artists"" is a noun phrase describing a state or property rather than a temporal logic assertion. Based on the provided atomic propositions, this refers to the size of `e1`. Since no specific condition (like ""is equal to 2"") is specified in the statement, but the propositions `e1_szEQ2` and `e1_szLT2` are available, this statement typically serves as a label for a property. However, as a parser requiring a formula, and given the lack of a predicate, it cannot be mapped to a temporal logic formula without a condition.",None
BASIC,38,(8) Size of the linked list used to store IDs of artists,G (e1_szEQ2 & (after_register_a1_e1 | after_register_a2_e1) -> (!(register_a2_e1 | register_a1_e1)) U (e1_szLT2 | G !(register_a2_e1 | register_a1_e1))),"The provided natural language statement ""(8) Size of the linked list used to store IDs of artists"" is a noun phrase describing a state or property rather than a temporal logic assertion. However, based on the provided atomic propositions, this refers to the size of the list `e1`. Since no specific condition (like ""is equal to 2"") is specified in the statement itself, but the propositions `e1_szEQ2` and `e1_szLT2` are provided, this is an underspecified request.",None
BASIC,38,(8) Size of the linked list used to store IDs of artists,G (e1_szEQ2 & (after_register_a1_e1 | after_register_a2_e1) -> (!(register_a2_e1 | register_a1_e1)) U (e1_szLT2 | G !(register_a2_e1 | register_a1_e1))),"The provided natural language statement ""(8) Size of the linked list used to store IDs of artists"" is a noun phrase describing a state or property rather than a temporal logic assertion. Based on the provided atomic propositions, this refers to the size of the list `e1`. Since no specific condition (like ""is equal to 2"") is specified in the statement, but the propositions `e1_szEQ2` and `e1_szLT2` are available, this is an underspecified request. However, typically in these datasets, such a phrase refers to the general property of the size. Without a predicate, it cannot be mapped to a boolean LTL formula.",None
BASIC,38,(8) Size of the linked list used to store IDs of artists,G (e1_szEQ2 & (after_register_a1_e1 | after_register_a2_e1) -> (!(register_a2_e1 | register_a1_e1)) U (e1_szLT2 | G !(register_a2_e1 | register_a1_e1))),"The provided natural language statement ""(8) Size of the linked list used to store IDs of artists"" is a fragment/description of a state rather than a temporal logic assertion. However, based on the provided atomic propositions, this refers to the size of `e1`. Since no specific condition (like ""is equal to 2"") is provided in the statement, but the propositions `e1_szEQ2` and `e1_szLT2` are available, this is likely a request to represent the state of the size. Without a predicate, it cannot be a valid LTL formula.",None
BASIC,38,(8) Size of the linked list used to store IDs of artists,G (e1_szEQ2 & (after_register_a1_e1 | after_register_a2_e1) -> (!(register_a2_e1 | register_a1_e1)) U (e1_szLT2 | G !(register_a2_e1 | register_a1_e1))),"The provided natural language statement ""(8) Size of the linked list used to store IDs of artists"" is a noun phrase describing a state or property rather than a temporal logic assertion. Based on the provided atomic propositions, this refers to the size of `e1`. Since no specific condition (like ""is equal to 2"") is specified in the statement, but the propositions `e1_szEQ2` and `e1_szLT2` are available, it is impossible to derive a logical formula without a predicate. However, if this is a request to represent the property of the size of e1 generally, it cannot be done.",None
BASIC,38,(8) Size of the linked list used to store IDs of artists,G (e1_szEQ2 & (after_register_a1_e1 | after_register_a2_e1) -> (!(register_a2_e1 | register_a1_e1)) U (e1_szLT2 | G !(register_a2_e1 | register_a1_e1))),"Since the natural language statement ""(8) Size of the linked list used to store IDs of artists"" is a noun phrase describing a state/property rather than a temporal requirement or a logical assertion, and based on the provided atomic propositions, it refers to the size of the list `e1`. However, without a specific condition (e.g., ""is equal to 2""), a direct mapping to a boolean LTL formula is ambiguous. Given the available propositions `e1_szEQ2` and `e1_szLT2`, and the lack of a predicate in the input, this typically maps to the state of the variable being discussed. In the context of formal verification tasks of this type, if the statement is a label for a property, it usually refers to the existence or the current state of that property.",None
BASIC,38,(8) Size of the linked list used to store IDs of artists,G (e1_szEQ2 & (after_register_a1_e1 | after_register_a2_e1) -> (!(register_a2_e1 | register_a1_e1)) U (e1_szLT2 | G !(register_a2_e1 | register_a1_e1))),"The provided natural language statement ""(8) Size of the linked list used to store IDs of artists"" is a noun phrase describing a state or property rather than a temporal logic assertion. Based on the provided atomic propositions, this refers to the size of the list `e1`. However, without a specified condition (e.g., ""is equal to 2"" or ""is less than 2""), it cannot be mapped to a specific boolean proposition.",None
BASIC,38,(8) Size of the linked list used to store IDs of artists,G (e1_szEQ2 & (after_register_a1_e1 | after_register_a2_e1) -> (!(register_a2_e1 | register_a1_e1)) U (e1_szLT2 | G !(register_a2_e1 | register_a1_e1))),"The provided natural language statement ""(8) Size of the linked list used to store IDs of artists"" is a noun phrase describing a property/variable rather than a logical assertion or temporal requirement. However, based on the provided atomic propositions, the properties referring to the size of the list `e1` are `e1_szEQ2` and `e1_szLT2`. Without a specific condition (e.g., ""is equal to 2""), a descriptive phrase cannot be mapped to a boolean LTL formula.",None
BASIC,38,(8) Size of the linked list used to store IDs of artists,G (e1_szEQ2 & (after_register_a1_e1 | after_register_a2_e1) -> (!(register_a2_e1 | register_a1_e1)) U (e1_szLT2 | G !(register_a2_e1 | register_a1_e1))),"The provided natural language statement ""(8) Size of the linked list used to store IDs of artists"" is a fragment/description of a state rather than a temporal logic assertion. However, based on the provided atomic propositions, this refers to the size of `e1`. Since no specific condition (like ""is equal to 2"") is specified in the statement, but the propositions `e1_szEQ2` and `e1_szLT2` are provided, the statement is an underspecified property. In the context of mapping a property name to its corresponding proposition:",None
BASIC,41,(15a) An artist always unregisters before the program terminates. (The program never terminates with an artist registered.),G ( term -> (e1_szEQ0 & e2_szEQ0)),G(term -> !e1_szEQ0 & !e2_szEQ0),False
BASIC,41,(15a) An artist always unregisters before the program terminates. (The program never terminates with an artist registered.),G ( term -> (e1_szEQ0 & e2_szEQ0)),G(!term U !e1_szEQ0 & !e2_szEQ0),False
BASIC,41,(15a) An artist always unregisters before the program terminates. (The program never terminates with an artist registered.),G ( term -> (e1_szEQ0 & e2_szEQ0)),G(!term | F(e1_szEQ0 & e2_szEQ0)),False
BASIC,41,(15a) An artist always unregisters before the program terminates. (The program never terminates with an artist registered.),G ( term -> (e1_szEQ0 & e2_szEQ0)),G(!term U !e1_szEQ0 & !e2_szEQ0),False
BASIC,41,(15a) An artist always unregisters before the program terminates. (The program never terminates with an artist registered.),G ( term -> (e1_szEQ0 & e2_szEQ0)),G(term -> !e1_szEQ0 & !e2_szEQ0),False
BASIC,41,(15a) An artist always unregisters before the program terminates. (The program never terminates with an artist registered.),G ( term -> (e1_szEQ0 & e2_szEQ0)),G(term -> !e1_szEQ0 & !e2_szEQ0),False
BASIC,41,(15a) An artist always unregisters before the program terminates. (The program never terminates with an artist registered.),G ( term -> (e1_szEQ0 & e2_szEQ0)),G(!term U !e1_szEQ0 & !e2_szEQ0),False
BASIC,41,(15a) An artist always unregisters before the program terminates. (The program never terminates with an artist registered.),G ( term -> (e1_szEQ0 & e2_szEQ0)),G(term -> !e1_szEQ0 & !e2_szEQ0),False
BASIC,41,(15a) An artist always unregisters before the program terminates. (The program never terminates with an artist registered.),G ( term -> (e1_szEQ0 & e2_szEQ0)),G(!term | F(e1_szEQ0 & e2_szEQ0)),False
BASIC,41,(15a) An artist always unregisters before the program terminates. (The program never terminates with an artist registered.),G ( term -> (e1_szEQ0 & e2_szEQ0)),G(!term | F e1_szEQ0),False
BASIC,41,(15a) An artist always unregisters before the program terminates. (The program never terminates with an artist registered.),G ( term -> (e1_szEQ0 & e2_szEQ0)),G(term -> !e1_szEQ0 & !e2_szEQ0),False
BASIC,41,(15a) An artist always unregisters before the program terminates. (The program never terminates with an artist registered.),G ( term -> (e1_szEQ0 & e2_szEQ0)),G(!term U !e1_szEQ0 & !e2_szEQ0),False
BASIC,41,(15a) An artist always unregisters before the program terminates. (The program never terminates with an artist registered.),G ( term -> (e1_szEQ0 & e2_szEQ0)),G(!term U !e1_szEQ0 & !e2_szEQ0),False
BASIC,41,(15a) An artist always unregisters before the program terminates. (The program never terminates with an artist registered.),G ( term -> (e1_szEQ0 & e2_szEQ0)),G(!term | F !e1_szEQ0) & G(!term | F !e2_szEQ0),False
BASIC,41,(15a) An artist always unregisters before the program terminates. (The program never terminates with an artist registered.),G ( term -> (e1_szEQ0 & e2_szEQ0)),G(term -> !e1_szEQ0 & !e2_szEQ0),False
BASIC,41,(15a) An artist always unregisters before the program terminates. (The program never terminates with an artist registered.),G ( term -> (e1_szEQ0 & e2_szEQ0)),G(!term U !e1_szEQ0 & !e2_szEQ0),False
BASIC,41,(15a) An artist always unregisters before the program terminates. (The program never terminates with an artist registered.),G ( term -> (e1_szEQ0 & e2_szEQ0)),G(term -> !e1_szEQ0 & !e2_szEQ0),False
BASIC,41,(15a) An artist always unregisters before the program terminates. (The program never terminates with an artist registered.),G ( term -> (e1_szEQ0 & e2_szEQ0)),G(!term | F e1_szEQ0),False
BASIC,41,(15a) An artist always unregisters before the program terminates. (The program never terminates with an artist registered.),G ( term -> (e1_szEQ0 & e2_szEQ0)),G(term -> !e1_szEQ0 & !e2_szEQ0),False
BASIC,41,(15a) An artist always unregisters before the program terminates. (The program never terminates with an artist registered.),G ( term -> (e1_szEQ0 & e2_szEQ0)),G(!term | F e1_szEQ0),False
BASIC,41,(15a) An artist always unregisters before the program terminates. (The program never terminates with an artist registered.),G ( term -> (e1_szEQ0 & e2_szEQ0)),G(!term | F(e1_szEQ0 & e2_szEQ0)),False
BASIC,41,(15a) An artist always unregisters before the program terminates. (The program never terminates with an artist registered.),G ( term -> (e1_szEQ0 & e2_szEQ0)),G(term -> !e1_szEQ0 & !e2_szEQ0),False
BASIC,41,(15a) An artist always unregisters before the program terminates. (The program never terminates with an artist registered.),G ( term -> (e1_szEQ0 & e2_szEQ0)),G(!term U !e1_szEQ0 & !e2_szEQ0),False
BASIC,41,(15a) An artist always unregisters before the program terminates. (The program never terminates with an artist registered.),G ( term -> (e1_szEQ0 & e2_szEQ0)),G(!term U !e1_szEQ0 & !e2_szEQ0),False
BASIC,41,(15a) An artist always unregisters before the program terminates. (The program never terminates with an artist registered.),G ( term -> (e1_szEQ0 & e2_szEQ0)),G(!term | F e1_szEQ0),False
BASIC,41,(15a) An artist always unregisters before the program terminates. (The program never terminates with an artist registered.),G ( term -> (e1_szEQ0 & e2_szEQ0)),G(term -> !e1_szEQ0 & !e2_szEQ0),False
BASIC,41,(15a) An artist always unregisters before the program terminates. (The program never terminates with an artist registered.),G ( term -> (e1_szEQ0 & e2_szEQ0)),G(!term U !e1_szEQ0 & !e2_szEQ0),False
BASIC,41,(15a) An artist always unregisters before the program terminates. (The program never terminates with an artist registered.),G ( term -> (e1_szEQ0 & e2_szEQ0)),G(term -> !e1_szEQ0 & !e2_szEQ0),False
BASIC,41,(15a) An artist always unregisters before the program terminates. (The program never terminates with an artist registered.),G ( term -> (e1_szEQ0 & e2_szEQ0)),G(!term U !e1_szEQ0 & !e2_szEQ0),False
BASIC,41,(15a) An artist always unregisters before the program terminates. (The program never terminates with an artist registered.),G ( term -> (e1_szEQ0 & e2_szEQ0)),G(term -> !e1_szEQ0 & !e2_szEQ0),False
BASIC,41,(15a) An artist always unregisters before the program terminates. (The program never terminates with an artist registered.),G ( term -> (e1_szEQ0 & e2_szEQ0)),G(!term U !e1_szEQ0 & !e2_szEQ0),False
BASIC,41,(15a) An artist always unregisters before the program terminates. (The program never terminates with an artist registered.),G ( term -> (e1_szEQ0 & e2_szEQ0)),G(!term U !e1_szEQ0 & !e2_szEQ0),False
BASIC,41,(15a) An artist always unregisters before the program terminates. (The program never terminates with an artist registered.),G ( term -> (e1_szEQ0 & e2_szEQ0)),G(!term | F e1_szEQ0),False
BASIC,41,(15a) An artist always unregisters before the program terminates. (The program never terminates with an artist registered.),G ( term -> (e1_szEQ0 & e2_szEQ0)),G(!term | F(e1_szEQ0 & e2_szEQ0)),False
BASIC,41,(15a) An artist always unregisters before the program terminates. (The program never terminates with an artist registered.),G ( term -> (e1_szEQ0 & e2_szEQ0)),G(!term | F(e1_szEQ0 & e2_szEQ0)),False
BASIC,41,(15a) An artist always unregisters before the program terminates. (The program never terminates with an artist registered.),G ( term -> (e1_szEQ0 & e2_szEQ0)),G(term -> !e1_szEQ0 & !e2_szEQ0),False
BASIC,41,(15a) An artist always unregisters before the program terminates. (The program never terminates with an artist registered.),G ( term -> (e1_szEQ0 & e2_szEQ0)),G(term -> !e1_szEQ0 & !e2_szEQ0),False
BASIC,41,(15a) An artist always unregisters before the program terminates. (The program never terminates with an artist registered.),G ( term -> (e1_szEQ0 & e2_szEQ0)),G(!term U !e1_szEQ0 & !e2_szEQ0),False
BASIC,41,(15a) An artist always unregisters before the program terminates. (The program never terminates with an artist registered.),G ( term -> (e1_szEQ0 & e2_szEQ0)),G(!term U !e1_szEQ0 & !e2_szEQ0),False
BASIC,41,(15a) An artist always unregisters before the program terminates. (The program never terminates with an artist registered.),G ( term -> (e1_szEQ0 & e2_szEQ0)),G(!term U !e1_szEQ0 & !e2_szEQ0),False
BASIC,41,(15a) An artist always unregisters before the program terminates. (The program never terminates with an artist registered.),G ( term -> (e1_szEQ0 & e2_szEQ0)),G(term -> !e1_szEQ0 & !e2_szEQ0),False
BASIC,41,(15a) An artist always unregisters before the program terminates. (The program never terminates with an artist registered.),G ( term -> (e1_szEQ0 & e2_szEQ0)),G(term -> !e1_szEQ0 & !e2_szEQ0),False
BASIC,41,(15a) An artist always unregisters before the program terminates. (The program never terminates with an artist registered.),G ( term -> (e1_szEQ0 & e2_szEQ0)),G(!term | F e1_szEQ0),False
BASIC,41,(15a) An artist always unregisters before the program terminates. (The program never terminates with an artist registered.),G ( term -> (e1_szEQ0 & e2_szEQ0)),G(term -> !e1_szEQ0 & !e2_szEQ0),False
BASIC,41,(15a) An artist always unregisters before the program terminates. (The program never terminates with an artist registered.),G ( term -> (e1_szEQ0 & e2_szEQ0)),G(!term | F !e1_szEQ0) & G(!term | F !e2_szEQ0),False
BASIC,41,(15a) An artist always unregisters before the program terminates. (The program never terminates with an artist registered.),G ( term -> (e1_szEQ0 & e2_szEQ0)),G(term -> !e1_szEQ0 & !e2_szEQ0),False
BASIC,41,(15a) An artist always unregisters before the program terminates. (The program never terminates with an artist registered.),G ( term -> (e1_szEQ0 & e2_szEQ0)),G(!term U !e1_szEQ0 & !e2_szEQ0),False
BASIC,41,(15a) An artist always unregisters before the program terminates. (The program never terminates with an artist registered.),G ( term -> (e1_szEQ0 & e2_szEQ0)),G(!term | F e1_szEQ0),False
BASIC,41,(15a) An artist always unregisters before the program terminates. (The program never terminates with an artist registered.),G ( term -> (e1_szEQ0 & e2_szEQ0)),G(!term U !e1_szEQ0 & !e2_szEQ0),False
BASIC,41,(15a) An artist always unregisters before the program terminates. (The program never terminates with an artist registered.),G ( term -> (e1_szEQ0 & e2_szEQ0)),G(!term U !e1_szEQ0 & !e2_szEQ0),False
BASIC,41,(15a) An artist always unregisters before the program terminates. (The program never terminates with an artist registered.),G ( term -> (e1_szEQ0 & e2_szEQ0)),G(!term | F(e1_szEQ0 & e2_szEQ0)),False
BASIC,41,(15a) An artist always unregisters before the program terminates. (The program never terminates with an artist registered.),G ( term -> (e1_szEQ0 & e2_szEQ0)),G(!term U !e1_szEQ0 & !e2_szEQ0),False
BASIC,41,(15a) An artist always unregisters before the program terminates. (The program never terminates with an artist registered.),G ( term -> (e1_szEQ0 & e2_szEQ0)),G(term -> !e1_szEQ0 & !e2_szEQ0),False
BASIC,41,(15a) An artist always unregisters before the program terminates. (The program never terminates with an artist registered.),G ( term -> (e1_szEQ0 & e2_szEQ0)),G(!term U !e1_szEQ0 & !e2_szEQ0),False
BASIC,41,(15a) An artist always unregisters before the program terminates. (The program never terminates with an artist registered.),G ( term -> (e1_szEQ0 & e2_szEQ0)),G(term -> !e1_szEQ0 & !e2_szEQ0),False
BASIC,41,(15a) An artist always unregisters before the program terminates. (The program never terminates with an artist registered.),G ( term -> (e1_szEQ0 & e2_szEQ0)),G(term -> !e1_szEQ0 & !e2_szEQ0),False
BASIC,41,(15a) An artist always unregisters before the program terminates. (The program never terminates with an artist registered.),G ( term -> (e1_szEQ0 & e2_szEQ0)),G(!term | F e1_szEQ0),False
BASIC,41,(15a) An artist always unregisters before the program terminates. (The program never terminates with an artist registered.),G ( term -> (e1_szEQ0 & e2_szEQ0)),G(!term U !e1_szEQ0 & !e2_szEQ0),False
BASIC,41,(15a) An artist always unregisters before the program terminates. (The program never terminates with an artist registered.),G ( term -> (e1_szEQ0 & e2_szEQ0)),G(term -> !e1_szEQ0 & !e2_szEQ0),False
BASIC,41,(15a) An artist always unregisters before the program terminates. (The program never terminates with an artist registered.),G ( term -> (e1_szEQ0 & e2_szEQ0)),G(!term U !e1_szEQ0 & !e2_szEQ0),False
BASIC,41,(15a) An artist always unregisters before the program terminates. (The program never terminates with an artist registered.),G ( term -> (e1_szEQ0 & e2_szEQ0)),G(term -> !e1_szEQ0 & !e2_szEQ0),False
BASIC,41,(15a) An artist always unregisters before the program terminates. (The program never terminates with an artist registered.),G ( term -> (e1_szEQ0 & e2_szEQ0)),G(term -> !e1_szEQ0 & !e2_szEQ0),False
BASIC,41,(15a) An artist always unregisters before the program terminates. (The program never terminates with an artist registered.),G ( term -> (e1_szEQ0 & e2_szEQ0)),G(term -> !e1_szEQ0 & !e2_szEQ0),False
BASIC,41,(15a) An artist always unregisters before the program terminates. (The program never terminates with an artist registered.),G ( term -> (e1_szEQ0 & e2_szEQ0)),G(!term | F(e1_szEQ0 & e2_szEQ0)),False
BASIC,41,(15a) An artist always unregisters before the program terminates. (The program never terminates with an artist registered.),G ( term -> (e1_szEQ0 & e2_szEQ0)),G(term -> !e1_szEQ0 & !e2_szEQ0),False
BASIC,41,(15a) An artist always unregisters before the program terminates. (The program never terminates with an artist registered.),G ( term -> (e1_szEQ0 & e2_szEQ0)),G(term -> !e1_szEQ0 & !e2_szEQ0),False
BASIC,41,(15a) An artist always unregisters before the program terminates. (The program never terminates with an artist registered.),G ( term -> (e1_szEQ0 & e2_szEQ0)),G(!term | F(e1_szEQ0 & e2_szEQ0)),False
BASIC,41,(15a) An artist always unregisters before the program terminates. (The program never terminates with an artist registered.),G ( term -> (e1_szEQ0 & e2_szEQ0)),G(term -> !e1_szEQ0 & !e2_szEQ0),False
BASIC,41,(15a) An artist always unregisters before the program terminates. (The program never terminates with an artist registered.),G ( term -> (e1_szEQ0 & e2_szEQ0)),G(!term U !e1_szEQ0 & !e2_szEQ0),False
BASIC,41,(15a) An artist always unregisters before the program terminates. (The program never terminates with an artist registered.),G ( term -> (e1_szEQ0 & e2_szEQ0)),G(term -> !e1_szEQ0 & !e2_szEQ0),False
BASIC,41,(15a) An artist always unregisters before the program terminates. (The program never terminates with an artist registered.),G ( term -> (e1_szEQ0 & e2_szEQ0)),G(!term | F(e1_szEQ0 & e2_szEQ0)),False
BASIC,41,(15a) An artist always unregisters before the program terminates. (The program never terminates with an artist registered.),G ( term -> (e1_szEQ0 & e2_szEQ0)),G(term -> !e1_szEQ0 & !e2_szEQ0),False
BASIC,41,(15a) An artist always unregisters before the program terminates. (The program never terminates with an artist registered.),G ( term -> (e1_szEQ0 & e2_szEQ0)),G(term -> !e1_szEQ0 & !e2_szEQ0),False
BASIC,41,(15a) An artist always unregisters before the program terminates. (The program never terminates with an artist registered.),G ( term -> (e1_szEQ0 & e2_szEQ0)),G(term -> !e1_szEQ0 & !e2_szEQ0),False
BASIC,41,(15a) An artist always unregisters before the program terminates. (The program never terminates with an artist registered.),G ( term -> (e1_szEQ0 & e2_szEQ0)),G(!term | F(e1_szEQ0 & e2_szEQ0)),False
BASIC,41,(15a) An artist always unregisters before the program terminates. (The program never terminates with an artist registered.),G ( term -> (e1_szEQ0 & e2_szEQ0)),G(!term | F(e1_szEQ0 & e2_szEQ0)),False
BASIC,41,(15a) An artist always unregisters before the program terminates. (The program never terminates with an artist registered.),G ( term -> (e1_szEQ0 & e2_szEQ0)),G(!term | F(e1_szEQ0 & e2_szEQ0)),False
BASIC,41,(15a) An artist always unregisters before the program terminates. (The program never terminates with an artist registered.),G ( term -> (e1_szEQ0 & e2_szEQ0)),G(!term | F(e1_szEQ0 & e2_szEQ0)),False
BASIC,41,(15a) An artist always unregisters before the program terminates. (The program never terminates with an artist registered.),G ( term -> (e1_szEQ0 & e2_szEQ0)),G(term -> !e1_szEQ0 & !e2_szEQ0),False
BASIC,41,(15a) An artist always unregisters before the program terminates. (The program never terminates with an artist registered.),G ( term -> (e1_szEQ0 & e2_szEQ0)),G(!term | F(e1_szEQ0 & e2_szEQ0)),False
BASIC,41,(15a) An artist always unregisters before the program terminates. (The program never terminates with an artist registered.),G ( term -> (e1_szEQ0 & e2_szEQ0)),G(term -> !e1_szEQ0 & !e2_szEQ0),False
BASIC,41,(15a) An artist always unregisters before the program terminates. (The program never terminates with an artist registered.),G ( term -> (e1_szEQ0 & e2_szEQ0)),G(!term U !e1_szEQ0 & !e2_szEQ0),False
BASIC,41,(15a) An artist always unregisters before the program terminates. (The program never terminates with an artist registered.),G ( term -> (e1_szEQ0 & e2_szEQ0)),G(!term U !e1_szEQ0 & !e2_szEQ0),False
BASIC,41,(15a) An artist always unregisters before the program terminates. (The program never terminates with an artist registered.),G ( term -> (e1_szEQ0 & e2_szEQ0)),G(term -> !e1_szEQ0 & !e2_szEQ0),False
BASIC,41,(15a) An artist always unregisters before the program terminates. (The program never terminates with an artist registered.),G ( term -> (e1_szEQ0 & e2_szEQ0)),G(term -> !e1_szEQ0 & !e2_szEQ0),False
BASIC,41,(15a) An artist always unregisters before the program terminates. (The program never terminates with an artist registered.),G ( term -> (e1_szEQ0 & e2_szEQ0)),G(!term U !e1_szEQ0 & !e2_szEQ0),False
BASIC,41,(15a) An artist always unregisters before the program terminates. (The program never terminates with an artist registered.),G ( term -> (e1_szEQ0 & e2_szEQ0)),G(!term | F(e1_szEQ0 & e2_szEQ0)),False
BASIC,41,(15a) An artist always unregisters before the program terminates. (The program never terminates with an artist registered.),G ( term -> (e1_szEQ0 & e2_szEQ0)),G(!term U !e1_szEQ0 & !e2_szEQ0),False
BASIC,41,(15a) An artist always unregisters before the program terminates. (The program never terminates with an artist registered.),G ( term -> (e1_szEQ0 & e2_szEQ0)),G(term -> !e1_szEQ0 & !e2_szEQ0),False
BASIC,41,(15a) An artist always unregisters before the program terminates. (The program never terminates with an artist registered.),G ( term -> (e1_szEQ0 & e2_szEQ0)),G(term -> !e1_szEQ0 & !e2_szEQ0),False
BASIC,41,(15a) An artist always unregisters before the program terminates. (The program never terminates with an artist registered.),G ( term -> (e1_szEQ0 & e2_szEQ0)),G(!term | F(e1_szEQ0 & e2_szEQ0)),False
BASIC,41,(15a) An artist always unregisters before the program terminates. (The program never terminates with an artist registered.),G ( term -> (e1_szEQ0 & e2_szEQ0)),G(!term U !e1_szEQ0 & !e2_szEQ0),False
BASIC,41,(15a) An artist always unregisters before the program terminates. (The program never terminates with an artist registered.),G ( term -> (e1_szEQ0 & e2_szEQ0)),G(!term | F e1_szEQ0),False
BASIC,41,(15a) An artist always unregisters before the program terminates. (The program never terminates with an artist registered.),G ( term -> (e1_szEQ0 & e2_szEQ0)),G(!term U !e1_szEQ0 & !e2_szEQ0),False
BASIC,41,(15a) An artist always unregisters before the program terminates. (The program never terminates with an artist registered.),G ( term -> (e1_szEQ0 & e2_szEQ0)),G(term -> !e1_szEQ0 & !e2_szEQ0),False
BASIC,41,(15a) An artist always unregisters before the program terminates. (The program never terminates with an artist registered.),G ( term -> (e1_szEQ0 & e2_szEQ0)),G(!term | F(e1_szEQ0 & e2_szEQ0)),False
BASIC,41,(15a) An artist always unregisters before the program terminates. (The program never terminates with an artist registered.),G ( term -> (e1_szEQ0 & e2_szEQ0)),G(term -> !e1_szEQ0 & !e2_szEQ0),False
BASIC,41,(15a) An artist always unregisters before the program terminates. (The program never terminates with an artist registered.),G ( term -> (e1_szEQ0 & e2_szEQ0)),G(!term U !e1_szEQ0 & !e2_szEQ0),False
BASIC,41,(15a) An artist always unregisters before the program terminates. (The program never terminates with an artist registered.),G ( term -> (e1_szEQ0 & e2_szEQ0)),G(!term U !e1_szEQ0 & !e2_szEQ0),False
BASIC,41,(15a) An artist always unregisters before the program terminates. (The program never terminates with an artist registered.),G ( term -> (e1_szEQ0 & e2_szEQ0)),G(!term | F e1_szEQ0),False
BASIC,46,An elevator can remain idle on the third floor with its,G (floor_3 & idle & door_closed -> G (floor_3 & door_closed)),G(floor_3 & idle & door_closed),False
BASIC,46,An elevator can remain idle on the third floor with its,G (floor_3 & idle & door_closed -> G (floor_3 & door_closed)),G(floor_3 & idle & door_closed),False
BASIC,46,An elevator can remain idle on the third floor with its,G (floor_3 & idle & door_closed -> G (floor_3 & door_closed)),G(floor_3 & idle & door_closed),False
BASIC,46,An elevator can remain idle on the third floor with its,G (floor_3 & idle & door_closed -> G (floor_3 & door_closed)),G(floor_3 & idle & door_closed),False
BASIC,46,An elevator can remain idle on the third floor with its,G (floor_3 & idle & door_closed -> G (floor_3 & door_closed)),G(floor_3 & idle & door_closed),False
BASIC,46,An elevator can remain idle on the third floor with its,G (floor_3 & idle & door_closed -> G (floor_3 & door_closed)),G(floor_3 & idle & door_closed),False
BASIC,46,An elevator can remain idle on the third floor with its,G (floor_3 & idle & door_closed -> G (floor_3 & door_closed)),G(floor_3 & idle & door_closed),False
BASIC,46,An elevator can remain idle on the third floor with its,G (floor_3 & idle & door_closed -> G (floor_3 & door_closed)),G(floor_3 & idle & door_closed),False
BASIC,46,An elevator can remain idle on the third floor with its,G (floor_3 & idle & door_closed -> G (floor_3 & door_closed)),G(floor_3 & idle & door_closed),False
BASIC,46,An elevator can remain idle on the third floor with its,G (floor_3 & idle & door_closed -> G (floor_3 & door_closed)),G(floor_3 & idle & door_closed),False
BASIC,46,An elevator can remain idle on the third floor with its,G (floor_3 & idle & door_closed -> G (floor_3 & door_closed)),G(floor_3 & idle & door_closed),False
BASIC,46,An elevator can remain idle on the third floor with its,G (floor_3 & idle & door_closed -> G (floor_3 & door_closed)),G(floor_3 & idle & door_closed),False
BASIC,46,An elevator can remain idle on the third floor with its,G (floor_3 & idle & door_closed -> G (floor_3 & door_closed)),G(floor_3 & idle & door_closed),False
BASIC,46,An elevator can remain idle on the third floor with its,G (floor_3 & idle & door_closed -> G (floor_3 & door_closed)),G(floor_3 & idle & door_closed),False
BASIC,46,An elevator can remain idle on the third floor with its,G (floor_3 & idle & door_closed -> G (floor_3 & door_closed)),G(floor_3 & idle & door_closed),False
BASIC,46,An elevator can remain idle on the third floor with its,G (floor_3 & idle & door_closed -> G (floor_3 & door_closed)),G(floor_3 & idle & door_closed),False
BASIC,46,An elevator can remain idle on the third floor with its,G (floor_3 & idle & door_closed -> G (floor_3 & door_closed)),G(floor_3 & idle & door_closed),False
BASIC,46,An elevator can remain idle on the third floor with its,G (floor_3 & idle & door_closed -> G (floor_3 & door_closed)),G(floor_3 & idle & door_closed),False
BASIC,46,An elevator can remain idle on the third floor with its,G (floor_3 & idle & door_closed -> G (floor_3 & door_closed)),G(floor_3 & idle & door_closed),False
BASIC,46,An elevator can remain idle on the third floor with its,G (floor_3 & idle & door_closed -> G (floor_3 & door_closed)),G(floor_3 & idle & door_closed),False
BASIC,46,An elevator can remain idle on the third floor with its,G (floor_3 & idle & door_closed -> G (floor_3 & door_closed)),G(floor_3 & idle & door_closed),False
BASIC,46,An elevator can remain idle on the third floor with its,G (floor_3 & idle & door_closed -> G (floor_3 & door_closed)),G(floor_3 & idle & door_closed),False
BASIC,46,An elevator can remain idle on the third floor with its,G (floor_3 & idle & door_closed -> G (floor_3 & door_closed)),G(floor_3 & idle & door_closed),False
BASIC,46,An elevator can remain idle on the third floor with its,G (floor_3 & idle & door_closed -> G (floor_3 & door_closed)),G(floor_3 & idle & door_closed),False
BASIC,46,An elevator can remain idle on the third floor with its,G (floor_3 & idle & door_closed -> G (floor_3 & door_closed)),G(floor_3 & idle & door_closed),False
BASIC,46,An elevator can remain idle on the third floor with its,G (floor_3 & idle & door_closed -> G (floor_3 & door_closed)),G(floor_3 & idle & door_closed),False
BASIC,46,An elevator can remain idle on the third floor with its,G (floor_3 & idle & door_closed -> G (floor_3 & door_closed)),G(floor_3 & idle & door_closed),False
BASIC,46,An elevator can remain idle on the third floor with its,G (floor_3 & idle & door_closed -> G (floor_3 & door_closed)),G(floor_3 & idle & door_closed),False
BASIC,46,An elevator can remain idle on the third floor with its,G (floor_3 & idle & door_closed -> G (floor_3 & door_closed)),G(floor_3 & idle & door_closed),False
BASIC,46,An elevator can remain idle on the third floor with its,G (floor_3 & idle & door_closed -> G (floor_3 & door_closed)),G(floor_3 & idle & door_closed),False
BASIC,46,An elevator can remain idle on the third floor with its,G (floor_3 & idle & door_closed -> G (floor_3 & door_closed)),G(floor_3 & idle & door_closed),False
BASIC,46,An elevator can remain idle on the third floor with its,G (floor_3 & idle & door_closed -> G (floor_3 & door_closed)),G(floor_3 & idle & door_closed),False
BASIC,46,An elevator can remain idle on the third floor with its,G (floor_3 & idle & door_closed -> G (floor_3 & door_closed)),G(floor_3 & idle & door_closed),False
BASIC,46,An elevator can remain idle on the third floor with its,G (floor_3 & idle & door_closed -> G (floor_3 & door_closed)),G(floor_3 & idle & door_closed),False
BASIC,46,An elevator can remain idle on the third floor with its,G (floor_3 & idle & door_closed -> G (floor_3 & door_closed)),G(floor_3 & idle & door_closed),False
BASIC,46,An elevator can remain idle on the third floor with its,G (floor_3 & idle & door_closed -> G (floor_3 & door_closed)),G(floor_3 & idle & door_closed),False
BASIC,46,An elevator can remain idle on the third floor with its,G (floor_3 & idle & door_closed -> G (floor_3 & door_closed)),G(floor_3 & idle & door_closed),False
BASIC,46,An elevator can remain idle on the third floor with its,G (floor_3 & idle & door_closed -> G (floor_3 & door_closed)),G(floor_3 & idle),False
BASIC,46,An elevator can remain idle on the third floor with its,G (floor_3 & idle & door_closed -> G (floor_3 & door_closed)),G(floor_3 & idle & door_closed),False
BASIC,46,An elevator can remain idle on the third floor with its,G (floor_3 & idle & door_closed -> G (floor_3 & door_closed)),G(floor_3 & idle & door_closed),False
BASIC,46,An elevator can remain idle on the third floor with its,G (floor_3 & idle & door_closed -> G (floor_3 & door_closed)),G(floor_3 & idle & door_closed),False
BASIC,46,An elevator can remain idle on the third floor with its,G (floor_3 & idle & door_closed -> G (floor_3 & door_closed)),G(floor_3 & idle & door_closed),False
BASIC,46,An elevator can remain idle on the third floor with its,G (floor_3 & idle & door_closed -> G (floor_3 & door_closed)),G(floor_3 & idle & door_closed),False
BASIC,46,An elevator can remain idle on the third floor with its,G (floor_3 & idle & door_closed -> G (floor_3 & door_closed)),G(floor_3 & idle & door_closed),False
BASIC,46,An elevator can remain idle on the third floor with its,G (floor_3 & idle & door_closed -> G (floor_3 & door_closed)),G(floor_3 & idle),False
BASIC,46,An elevator can remain idle on the third floor with its,G (floor_3 & idle & door_closed -> G (floor_3 & door_closed)),G(floor_3 & idle),False
BASIC,46,An elevator can remain idle on the third floor with its,G (floor_3 & idle & door_closed -> G (floor_3 & door_closed)),G(floor_3 & idle & door_closed),False
BASIC,46,An elevator can remain idle on the third floor with its,G (floor_3 & idle & door_closed -> G (floor_3 & door_closed)),G(floor_3 & idle),False
BASIC,46,An elevator can remain idle on the third floor with its,G (floor_3 & idle & door_closed -> G (floor_3 & door_closed)),G(floor_3 & idle & door_closed),False
BASIC,46,An elevator can remain idle on the third floor with its,G (floor_3 & idle & door_closed -> G (floor_3 & door_closed)),G(floor_3 & idle & door_closed),False
BASIC,46,An elevator can remain idle on the third floor with its,G (floor_3 & idle & door_closed -> G (floor_3 & door_closed)),G(floor_3 & idle & door_closed),False
BASIC,46,An elevator can remain idle on the third floor with its,G (floor_3 & idle & door_closed -> G (floor_3 & door_closed)),G(floor_3 & idle & door_closed),False
BASIC,46,An elevator can remain idle on the third floor with its,G (floor_3 & idle & door_closed -> G (floor_3 & door_closed)),G(floor_3 & idle & door_closed),False
BASIC,46,An elevator can remain idle on the third floor with its,G (floor_3 & idle & door_closed -> G (floor_3 & door_closed)),G(floor_3 & idle & door_closed),False
BASIC,46,An elevator can remain idle on the third floor with its,G (floor_3 & idle & door_closed -> G (floor_3 & door_closed)),G(floor_3 & idle & door_closed),False
BASIC,46,An elevator can remain idle on the third floor with its,G (floor_3 & idle & door_closed -> G (floor_3 & door_closed)),G(floor_3 & idle & door_closed),False
BASIC,46,An elevator can remain idle on the third floor with its,G (floor_3 & idle & door_closed -> G (floor_3 & door_closed)),G(floor_3 & idle & door_closed),False
BASIC,46,An elevator can remain idle on the third floor with its,G (floor_3 & idle & door_closed -> G (floor_3 & door_closed)),G(floor_3 & idle & door_closed),False
BASIC,46,An elevator can remain idle on the third floor with its,G (floor_3 & idle & door_closed -> G (floor_3 & door_closed)),G(floor_3 & idle & door_closed),False
BASIC,46,An elevator can remain idle on the third floor with its,G (floor_3 & idle & door_closed -> G (floor_3 & door_closed)),G(floor_3 & idle),False
BASIC,46,An elevator can remain idle on the third floor with its,G (floor_3 & idle & door_closed -> G (floor_3 & door_closed)),G(floor_3 & idle & door_closed),False
BASIC,46,An elevator can remain idle on the third floor with its,G (floor_3 & idle & door_closed -> G (floor_3 & door_closed)),G(floor_3 & idle & door_closed),False
BASIC,46,An elevator can remain idle on the third floor with its,G (floor_3 & idle & door_closed -> G (floor_3 & door_closed)),G(floor_3 & idle & door_closed),False
BASIC,46,An elevator can remain idle on the third floor with its,G (floor_3 & idle & door_closed -> G (floor_3 & door_closed)),G(floor_3 & idle),False
BASIC,46,An elevator can remain idle on the third floor with its,G (floor_3 & idle & door_closed -> G (floor_3 & door_closed)),G(floor_3 & idle & door_closed),False
BASIC,46,An elevator can remain idle on the third floor with its,G (floor_3 & idle & door_closed -> G (floor_3 & door_closed)),G(floor_3 & idle & door_closed),False
BASIC,46,An elevator can remain idle on the third floor with its,G (floor_3 & idle & door_closed -> G (floor_3 & door_closed)),G(floor_3 & idle & door_closed),False
BASIC,46,An elevator can remain idle on the third floor with its,G (floor_3 & idle & door_closed -> G (floor_3 & door_closed)),G(floor_3 & idle & door_closed),False
BASIC,46,An elevator can remain idle on the third floor with its,G (floor_3 & idle & door_closed -> G (floor_3 & door_closed)),G(floor_3 & idle & door_closed),False
BASIC,46,An elevator can remain idle on the third floor with its,G (floor_3 & idle & door_closed -> G (floor_3 & door_closed)),G(floor_3 & idle & door_closed),False
BASIC,46,An elevator can remain idle on the third floor with its,G (floor_3 & idle & door_closed -> G (floor_3 & door_closed)),G(floor_3 & idle),False
BASIC,46,An elevator can remain idle on the third floor with its,G (floor_3 & idle & door_closed -> G (floor_3 & door_closed)),G(floor_3 & idle & door_closed),False
BASIC,46,An elevator can remain idle on the third floor with its,G (floor_3 & idle & door_closed -> G (floor_3 & door_closed)),G(floor_3 & idle & door_closed),False
BASIC,46,An elevator can remain idle on the third floor with its,G (floor_3 & idle & door_closed -> G (floor_3 & door_closed)),G(floor_3 & idle & door_closed),False
BASIC,46,An elevator can remain idle on the third floor with its,G (floor_3 & idle & door_closed -> G (floor_3 & door_closed)),G(floor_3 & idle),False
BASIC,46,An elevator can remain idle on the third floor with its,G (floor_3 & idle & door_closed -> G (floor_3 & door_closed)),G(floor_3 & idle & door_closed),False
BASIC,46,An elevator can remain idle on the third floor with its,G (floor_3 & idle & door_closed -> G (floor_3 & door_closed)),G(floor_3 & idle & door_closed),False
BASIC,46,An elevator can remain idle on the third floor with its,G (floor_3 & idle & door_closed -> G (floor_3 & door_closed)),G(floor_3 & idle & door_closed),False
BASIC,46,An elevator can remain idle on the third floor with its,G (floor_3 & idle & door_closed -> G (floor_3 & door_closed)),G(floor_3 & idle & door_closed),False
BASIC,46,An elevator can remain idle on the third floor with its,G (floor_3 & idle & door_closed -> G (floor_3 & door_closed)),G(floor_3 & idle),False
BASIC,46,An elevator can remain idle on the third floor with its,G (floor_3 & idle & door_closed -> G (floor_3 & door_closed)),G(floor_3 & idle),False
BASIC,46,An elevator can remain idle on the third floor with its,G (floor_3 & idle & door_closed -> G (floor_3 & door_closed)),G(floor_3 & idle & door_closed),False
BASIC,46,An elevator can remain idle on the third floor with its,G (floor_3 & idle & door_closed -> G (floor_3 & door_closed)),G(floor_3 & idle),False
BASIC,46,An elevator can remain idle on the third floor with its,G (floor_3 & idle & door_closed -> G (floor_3 & door_closed)),G(floor_3 & idle),False
BASIC,46,An elevator can remain idle on the third floor with its,G (floor_3 & idle & door_closed -> G (floor_3 & door_closed)),G(floor_3 & idle),False
BASIC,46,An elevator can remain idle on the third floor with its,G (floor_3 & idle & door_closed -> G (floor_3 & door_closed)),G(floor_3 & idle & door_closed),False
BASIC,46,An elevator can remain idle on the third floor with its,G (floor_3 & idle & door_closed -> G (floor_3 & door_closed)),G(floor_3 & idle),False
BASIC,46,An elevator can remain idle on the third floor with its,G (floor_3 & idle & door_closed -> G (floor_3 & door_closed)),G(floor_3 & idle & door_closed),False
BASIC,46,An elevator can remain idle on the third floor with its,G (floor_3 & idle & door_closed -> G (floor_3 & door_closed)),G(floor_3 & idle & door_closed),False
BASIC,46,An elevator can remain idle on the third floor with its,G (floor_3 & idle & door_closed -> G (floor_3 & door_closed)),G(floor_3 & idle),False
BASIC,46,An elevator can remain idle on the third floor with its,G (floor_3 & idle & door_closed -> G (floor_3 & door_closed)),G(floor_3 & idle & door_closed),False
BASIC,46,An elevator can remain idle on the third floor with its,G (floor_3 & idle & door_closed -> G (floor_3 & door_closed)),G(floor_3 & idle & door_closed),False
BASIC,46,An elevator can remain idle on the third floor with its,G (floor_3 & idle & door_closed -> G (floor_3 & door_closed)),G(floor_3 & idle & door_closed),False
BASIC,46,An elevator can remain idle on the third floor with its,G (floor_3 & idle & door_closed -> G (floor_3 & door_closed)),G(floor_3 & idle & door_closed),False
BASIC,46,An elevator can remain idle on the third floor with its,G (floor_3 & idle & door_closed -> G (floor_3 & door_closed)),G(floor_3 & idle & door_closed),False
BASIC,46,An elevator can remain idle on the third floor with its,G (floor_3 & idle & door_closed -> G (floor_3 & door_closed)),G(floor_3 & idle & door_closed),False
BASIC,46,An elevator can remain idle on the third floor with its,G (floor_3 & idle & door_closed -> G (floor_3 & door_closed)),G(floor_3 & idle & door_closed),False
BASIC,46,An elevator can remain idle on the third floor with its,G (floor_3 & idle & door_closed -> G (floor_3 & door_closed)),G(floor_3 & idle & door_closed),False
BASIC,46,An elevator can remain idle on the third floor with its,G (floor_3 & idle & door_closed -> G (floor_3 & door_closed)),G(floor_3 & idle & door_closed),False
BASIC,46,An elevator can remain idle on the third floor with its,G (floor_3 & idle & door_closed -> G (floor_3 & door_closed)),G(floor_3 & idle & door_closed),False
BASIC,48,Service guaranteed for passengers inside lift if not empty,G (liftBut3_pressed & !lift_empty -> F ((floor_3 & dor_open) | lift_empty)),(!lift_empty) -> G(service_guaranteed),False
BASIC,48,Service guaranteed for passengers inside lift if not empty,G (liftBut3_pressed & !lift_empty -> F ((floor_3 & dor_open) | lift_empty)),(!lift_empty) -> G(service_guaranteed),False
BASIC,48,Service guaranteed for passengers inside lift if not empty,G (liftBut3_pressed & !lift_empty -> F ((floor_3 & dor_open) | lift_empty)),(!lift_empty) -> G(dor_open),False
BASIC,48,Service guaranteed for passengers inside lift if not empty,G (liftBut3_pressed & !lift_empty -> F ((floor_3 & dor_open) | lift_empty)),(!lift_empty) -> G(dor_open),False
BASIC,48,Service guaranteed for passengers inside lift if not empty,G (liftBut3_pressed & !lift_empty -> F ((floor_3 & dor_open) | lift_empty)),(!lift_empty) -> G(service_guaranteed),False
BASIC,48,Service guaranteed for passengers inside lift if not empty,G (liftBut3_pressed & !lift_empty -> F ((floor_3 & dor_open) | lift_empty)),(!lift_empty) -> G(service_guaranteed),False
BASIC,48,Service guaranteed for passengers inside lift if not empty,G (liftBut3_pressed & !lift_empty -> F ((floor_3 & dor_open) | lift_empty)),(!lift_empty) -> G(service_guaranteed),False
BASIC,48,Service guaranteed for passengers inside lift if not empty,G (liftBut3_pressed & !lift_empty -> F ((floor_3 & dor_open) | lift_empty)),!lift_empty -> G(dor_open),False
BASIC,48,Service guaranteed for passengers inside lift if not empty,G (liftBut3_pressed & !lift_empty -> F ((floor_3 & dor_open) | lift_empty)),(!lift_empty) -> G(service_guaranteed),False
BASIC,48,Service guaranteed for passengers inside lift if not empty,G (liftBut3_pressed & !lift_empty -> F ((floor_3 & dor_open) | lift_empty)),(!lift_empty) -> G(service_guaranteed),False
BASIC,48,Service guaranteed for passengers inside lift if not empty,G (liftBut3_pressed & !lift_empty -> F ((floor_3 & dor_open) | lift_empty)),(!lift_empty) -> G(service_guaranteed),False
BASIC,48,Service guaranteed for passengers inside lift if not empty,G (liftBut3_pressed & !lift_empty -> F ((floor_3 & dor_open) | lift_empty)),(!lift_empty) -> G(service_guaranteed),False
BASIC,48,Service guaranteed for passengers inside lift if not empty,G (liftBut3_pressed & !lift_empty -> F ((floor_3 & dor_open) | lift_empty)),(!lift_empty) -> G(service_guaranteed),False
BASIC,48,Service guaranteed for passengers inside lift if not empty,G (liftBut3_pressed & !lift_empty -> F ((floor_3 & dor_open) | lift_empty)),(!lift_empty) -> G(service_guaranteed),False
BASIC,48,Service guaranteed for passengers inside lift if not empty,G (liftBut3_pressed & !lift_empty -> F ((floor_3 & dor_open) | lift_empty)),(!lift_empty) -> G(dor_open),False
BASIC,48,Service guaranteed for passengers inside lift if not empty,G (liftBut3_pressed & !lift_empty -> F ((floor_3 & dor_open) | lift_empty)),(!lift_empty) -> G(service_guaranteed),False
BASIC,48,Service guaranteed for passengers inside lift if not empty,G (liftBut3_pressed & !lift_empty -> F ((floor_3 & dor_open) | lift_empty)),(!lift_empty) -> G(service_guaranteed),False
BASIC,48,Service guaranteed for passengers inside lift if not empty,G (liftBut3_pressed & !lift_empty -> F ((floor_3 & dor_open) | lift_empty)),(!lift_empty) -> G(service_guaranteed),False
BASIC,48,Service guaranteed for passengers inside lift if not empty,G (liftBut3_pressed & !lift_empty -> F ((floor_3 & dor_open) | lift_empty)),(!lift_empty) -> G(service_guaranteed),False
BASIC,48,Service guaranteed for passengers inside lift if not empty,G (liftBut3_pressed & !lift_empty -> F ((floor_3 & dor_open) | lift_empty)),(!lift_empty) -> G(dor_open),False
BASIC,48,Service guaranteed for passengers inside lift if not empty,G (liftBut3_pressed & !lift_empty -> F ((floor_3 & dor_open) | lift_empty)),!lift_empty -> G(dor_open),False
BASIC,48,Service guaranteed for passengers inside lift if not empty,G (liftBut3_pressed & !lift_empty -> F ((floor_3 & dor_open) | lift_empty)),(!lift_empty) -> G(service_guaranteed),False
BASIC,48,Service guaranteed for passengers inside lift if not empty,G (liftBut3_pressed & !lift_empty -> F ((floor_3 & dor_open) | lift_empty)),!lift_empty -> G(service_guaranteed),False
BASIC,48,Service guaranteed for passengers inside lift if not empty,G (liftBut3_pressed & !lift_empty -> F ((floor_3 & dor_open) | lift_empty)),(!lift_empty) -> G(service_guaranteed),False
BASIC,48,Service guaranteed for passengers inside lift if not empty,G (liftBut3_pressed & !lift_empty -> F ((floor_3 & dor_open) | lift_empty)),(!lift_empty) -> G(service_guaranteed),False
BASIC,48,Service guaranteed for passengers inside lift if not empty,G (liftBut3_pressed & !lift_empty -> F ((floor_3 & dor_open) | lift_empty)),!lift_empty -> G(dor_open),False
BASIC,48,Service guaranteed for passengers inside lift if not empty,G (liftBut3_pressed & !lift_empty -> F ((floor_3 & dor_open) | lift_empty)),(!lift_empty) -> G(service_guaranteed),False
BASIC,48,Service guaranteed for passengers inside lift if not empty,G (liftBut3_pressed & !lift_empty -> F ((floor_3 & dor_open) | lift_empty)),(!lift_empty) -> G(service_guaranteed),False
BASIC,48,Service guaranteed for passengers inside lift if not empty,G (liftBut3_pressed & !lift_empty -> F ((floor_3 & dor_open) | lift_empty)),(!lift_empty) -> G(service_guaranteed),False
BASIC,48,Service guaranteed for passengers inside lift if not empty,G (liftBut3_pressed & !lift_empty -> F ((floor_3 & dor_open) | lift_empty)),(!lift_empty) -> G(dor_open),False
BASIC,48,Service guaranteed for passengers inside lift if not empty,G (liftBut3_pressed & !lift_empty -> F ((floor_3 & dor_open) | lift_empty)),(!lift_empty) -> G(service_guaranteed),False
BASIC,48,Service guaranteed for passengers inside lift if not empty,G (liftBut3_pressed & !lift_empty -> F ((floor_3 & dor_open) | lift_empty)),(!lift_empty) -> G(service_guaranteed),False
BASIC,48,Service guaranteed for passengers inside lift if not empty,G (liftBut3_pressed & !lift_empty -> F ((floor_3 & dor_open) | lift_empty)),(!lift_empty) -> G(service_guaranteed),False
BASIC,48,Service guaranteed for passengers inside lift if not empty,G (liftBut3_pressed & !lift_empty -> F ((floor_3 & dor_open) | lift_empty)),(!lift_empty) -> G(service_guaranteed),False
BASIC,48,Service guaranteed for passengers inside lift if not empty,G (liftBut3_pressed & !lift_empty -> F ((floor_3 & dor_open) | lift_empty)),!lift_empty -> G(dor_open),False
BASIC,48,Service guaranteed for passengers inside lift if not empty,G (liftBut3_pressed & !lift_empty -> F ((floor_3 & dor_open) | lift_empty)),(!lift_empty) -> G(service_guaranteed),False
BASIC,48,Service guaranteed for passengers inside lift if not empty,G (liftBut3_pressed & !lift_empty -> F ((floor_3 & dor_open) | lift_empty)),(!lift_empty) -> G(dor_open),False
BASIC,48,Service guaranteed for passengers inside lift if not empty,G (liftBut3_pressed & !lift_empty -> F ((floor_3 & dor_open) | lift_empty)),!lift_empty -> G(dor_open),False
BASIC,48,Service guaranteed for passengers inside lift if not empty,G (liftBut3_pressed & !lift_empty -> F ((floor_3 & dor_open) | lift_empty)),(!lift_empty) -> G(dor_open),False
BASIC,48,Service guaranteed for passengers inside lift if not empty,G (liftBut3_pressed & !lift_empty -> F ((floor_3 & dor_open) | lift_empty)),(!lift_empty) -> G(service_guaranteed),False
BASIC,48,Service guaranteed for passengers inside lift if not empty,G (liftBut3_pressed & !lift_empty -> F ((floor_3 & dor_open) | lift_empty)),(!lift_empty) -> G(service_guaranteed),False
BASIC,48,Service guaranteed for passengers inside lift if not empty,G (liftBut3_pressed & !lift_empty -> F ((floor_3 & dor_open) | lift_empty)),(!lift_empty) -> G(service_guaranteed),False
BASIC,48,Service guaranteed for passengers inside lift if not empty,G (liftBut3_pressed & !lift_empty -> F ((floor_3 & dor_open) | lift_empty)),(!lift_empty) -> G(service_guaranteed),False
BASIC,48,Service guaranteed for passengers inside lift if not empty,G (liftBut3_pressed & !lift_empty -> F ((floor_3 & dor_open) | lift_empty)),(!lift_empty) -> G(service_guaranteed),False
BASIC,48,Service guaranteed for passengers inside lift if not empty,G (liftBut3_pressed & !lift_empty -> F ((floor_3 & dor_open) | lift_empty)),(!lift_empty) -> G(service_guaranteed),False
BASIC,48,Service guaranteed for passengers inside lift if not empty,G (liftBut3_pressed & !lift_empty -> F ((floor_3 & dor_open) | lift_empty)),(!lift_empty) -> G(service_guaranteed),False
BASIC,48,Service guaranteed for passengers inside lift if not empty,G (liftBut3_pressed & !lift_empty -> F ((floor_3 & dor_open) | lift_empty)),(!lift_empty) -> G(service_guaranteed),False
BASIC,48,Service guaranteed for passengers inside lift if not empty,G (liftBut3_pressed & !lift_empty -> F ((floor_3 & dor_open) | lift_empty)),(!lift_empty) -> G(service_guaranteed),False
BASIC,48,Service guaranteed for passengers inside lift if not empty,G (liftBut3_pressed & !lift_empty -> F ((floor_3 & dor_open) | lift_empty)),(!lift_empty) -> G(service_guaranteed),False
BASIC,48,Service guaranteed for passengers inside lift if not empty,G (liftBut3_pressed & !lift_empty -> F ((floor_3 & dor_open) | lift_empty)),(!lift_empty) -> G(service_guaranteed),False
BASIC,48,Service guaranteed for passengers inside lift if not empty,G (liftBut3_pressed & !lift_empty -> F ((floor_3 & dor_open) | lift_empty)),(!lift_empty) -> G(service_guaranteed),False
BASIC,48,Service guaranteed for passengers inside lift if not empty,G (liftBut3_pressed & !lift_empty -> F ((floor_3 & dor_open) | lift_empty)),(!lift_empty) -> G(service_guaranteed),False
BASIC,48,Service guaranteed for passengers inside lift if not empty,G (liftBut3_pressed & !lift_empty -> F ((floor_3 & dor_open) | lift_empty)),(!lift_empty) -> G(service_guaranteed),False
BASIC,48,Service guaranteed for passengers inside lift if not empty,G (liftBut3_pressed & !lift_empty -> F ((floor_3 & dor_open) | lift_empty)),(!lift_empty) -> G(service_guaranteed),False
BASIC,48,Service guaranteed for passengers inside lift if not empty,G (liftBut3_pressed & !lift_empty -> F ((floor_3 & dor_open) | lift_empty)),(!lift_empty) -> G(service_guaranteed),False
BASIC,48,Service guaranteed for passengers inside lift if not empty,G (liftBut3_pressed & !lift_empty -> F ((floor_3 & dor_open) | lift_empty)),(!lift_empty) -> G(service_guaranteed),False
BASIC,48,Service guaranteed for passengers inside lift if not empty,G (liftBut3_pressed & !lift_empty -> F ((floor_3 & dor_open) | lift_empty)),!lift_empty -> G(dor_open),False
BASIC,48,Service guaranteed for passengers inside lift if not empty,G (liftBut3_pressed & !lift_empty -> F ((floor_3 & dor_open) | lift_empty)),(!lift_empty) -> G(service_guaranteed),False
BASIC,48,Service guaranteed for passengers inside lift if not empty,G (liftBut3_pressed & !lift_empty -> F ((floor_3 & dor_open) | lift_empty)),(!lift_empty) -> G(service_guaranteed),False
BASIC,48,Service guaranteed for passengers inside lift if not empty,G (liftBut3_pressed & !lift_empty -> F ((floor_3 & dor_open) | lift_empty)),(!lift_empty) -> G(service_guaranteed),False
BASIC,48,Service guaranteed for passengers inside lift if not empty,G (liftBut3_pressed & !lift_empty -> F ((floor_3 & dor_open) | lift_empty)),(!lift_empty) -> G(service_guaranteed),False
BASIC,48,Service guaranteed for passengers inside lift if not empty,G (liftBut3_pressed & !lift_empty -> F ((floor_3 & dor_open) | lift_empty)),(!lift_empty) -> G(service_guaranteed),False
BASIC,48,Service guaranteed for passengers inside lift if not empty,G (liftBut3_pressed & !lift_empty -> F ((floor_3 & dor_open) | lift_empty)),(!lift_empty) -> G(service_guaranteed),False
BASIC,48,Service guaranteed for passengers inside lift if not empty,G (liftBut3_pressed & !lift_empty -> F ((floor_3 & dor_open) | lift_empty)),!lift_empty -> G(service_guaranteed),False
BASIC,48,Service guaranteed for passengers inside lift if not empty,G (liftBut3_pressed & !lift_empty -> F ((floor_3 & dor_open) | lift_empty)),(!lift_empty) -> G(service_guaranteed),False
BASIC,48,Service guaranteed for passengers inside lift if not empty,G (liftBut3_pressed & !lift_empty -> F ((floor_3 & dor_open) | lift_empty)),(!lift_empty) -> G(service_guaranteed),False
BASIC,48,Service guaranteed for passengers inside lift if not empty,G (liftBut3_pressed & !lift_empty -> F ((floor_3 & dor_open) | lift_empty)),(!lift_empty) -> G(service_guaranteed),False
BASIC,48,Service guaranteed for passengers inside lift if not empty,G (liftBut3_pressed & !lift_empty -> F ((floor_3 & dor_open) | lift_empty)),(!lift_empty) -> G(service_guaranteed),False
BASIC,48,Service guaranteed for passengers inside lift if not empty,G (liftBut3_pressed & !lift_empty -> F ((floor_3 & dor_open) | lift_empty)),(!lift_empty) -> G(service_guaranteed),False
BASIC,48,Service guaranteed for passengers inside lift if not empty,G (liftBut3_pressed & !lift_empty -> F ((floor_3 & dor_open) | lift_empty)),(!lift_empty) -> G(service_guaranteed),False
BASIC,48,Service guaranteed for passengers inside lift if not empty,G (liftBut3_pressed & !lift_empty -> F ((floor_3 & dor_open) | lift_empty)),(!lift_empty) -> G(service_guaranteed),False
BASIC,48,Service guaranteed for passengers inside lift if not empty,G (liftBut3_pressed & !lift_empty -> F ((floor_3 & dor_open) | lift_empty)),(!lift_empty) -> G(service_guaranteed),False
BASIC,48,Service guaranteed for passengers inside lift if not empty,G (liftBut3_pressed & !lift_empty -> F ((floor_3 & dor_open) | lift_empty)),(!lift_empty) -> G(service_guaranteed),False
BASIC,48,Service guaranteed for passengers inside lift if not empty,G (liftBut3_pressed & !lift_empty -> F ((floor_3 & dor_open) | lift_empty)),!lift_empty -> G(dor_open),False
BASIC,48,Service guaranteed for passengers inside lift if not empty,G (liftBut3_pressed & !lift_empty -> F ((floor_3 & dor_open) | lift_empty)),(!lift_empty) -> G(service_guaranteed),False
BASIC,48,Service guaranteed for passengers inside lift if not empty,G (liftBut3_pressed & !lift_empty -> F ((floor_3 & dor_open) | lift_empty)),(!lift_empty) -> G(dor_open),False
BASIC,48,Service guaranteed for passengers inside lift if not empty,G (liftBut3_pressed & !lift_empty -> F ((floor_3 & dor_open) | lift_empty)),(!lift_empty) -> G(service_guaranteed),False
BASIC,48,Service guaranteed for passengers inside lift if not empty,G (liftBut3_pressed & !lift_empty -> F ((floor_3 & dor_open) | lift_empty)),(!lift_empty) -> G(service_guaranteed),False
BASIC,48,Service guaranteed for passengers inside lift if not empty,G (liftBut3_pressed & !lift_empty -> F ((floor_3 & dor_open) | lift_empty)),(!lift_empty) -> G(service_guaranteed),False
BASIC,48,Service guaranteed for passengers inside lift if not empty,G (liftBut3_pressed & !lift_empty -> F ((floor_3 & dor_open) | lift_empty)),(!lift_empty) -> G(service_guaranteed),False
BASIC,48,Service guaranteed for passengers inside lift if not empty,G (liftBut3_pressed & !lift_empty -> F ((floor_3 & dor_open) | lift_empty)),(!lift_empty) -> G(service_guaranteed),False
BASIC,48,Service guaranteed for passengers inside lift if not empty,G (liftBut3_pressed & !lift_empty -> F ((floor_3 & dor_open) | lift_empty)),!lift_empty -> G(dor_open),False
BASIC,48,Service guaranteed for passengers inside lift if not empty,G (liftBut3_pressed & !lift_empty -> F ((floor_3 & dor_open) | lift_empty)),(!lift_empty) -> G(service_guaranteed),False
BASIC,48,Service guaranteed for passengers inside lift if not empty,G (liftBut3_pressed & !lift_empty -> F ((floor_3 & dor_open) | lift_empty)),(!lift_empty) -> G(service_guaranteed),False
BASIC,48,Service guaranteed for passengers inside lift if not empty,G (liftBut3_pressed & !lift_empty -> F ((floor_3 & dor_open) | lift_empty)),(!lift_empty) -> G(dor_open),False
BASIC,48,Service guaranteed for passengers inside lift if not empty,G (liftBut3_pressed & !lift_empty -> F ((floor_3 & dor_open) | lift_empty)),(!lift_empty) -> G(service_guaranteed),False
BASIC,48,Service guaranteed for passengers inside lift if not empty,G (liftBut3_pressed & !lift_empty -> F ((floor_3 & dor_open) | lift_empty)),(!lift_empty) -> G(service_guaranteed),False
BASIC,48,Service guaranteed for passengers inside lift if not empty,G (liftBut3_pressed & !lift_empty -> F ((floor_3 & dor_open) | lift_empty)),!lift_empty -> G(dor_open),False
BASIC,48,Service guaranteed for passengers inside lift if not empty,G (liftBut3_pressed & !lift_empty -> F ((floor_3 & dor_open) | lift_empty)),!lift_empty -> G(dor_open),False
BASIC,48,Service guaranteed for passengers inside lift if not empty,G (liftBut3_pressed & !lift_empty -> F ((floor_3 & dor_open) | lift_empty)),(!lift_empty) -> G(service_guaranteed),False
BASIC,48,Service guaranteed for passengers inside lift if not empty,G (liftBut3_pressed & !lift_empty -> F ((floor_3 & dor_open) | lift_empty)),!lift_empty -> G(dor_open),False
BASIC,48,Service guaranteed for passengers inside lift if not empty,G (liftBut3_pressed & !lift_empty -> F ((floor_3 & dor_open) | lift_empty)),(!lift_empty) -> G(service_guaranteed),False
BASIC,48,Service guaranteed for passengers inside lift if not empty,G (liftBut3_pressed & !lift_empty -> F ((floor_3 & dor_open) | lift_empty)),(!lift_empty) -> G(service_guaranteed),False
BASIC,48,Service guaranteed for passengers inside lift if not empty,G (liftBut3_pressed & !lift_empty -> F ((floor_3 & dor_open) | lift_empty)),(!lift_empty) -> G(dor_open),False
BASIC,48,Service guaranteed for passengers inside lift if not empty,G (liftBut3_pressed & !lift_empty -> F ((floor_3 & dor_open) | lift_empty)),(!lift_empty) -> G(service_guaranteed),False
BASIC,48,Service guaranteed for passengers inside lift if not empty,G (liftBut3_pressed & !lift_empty -> F ((floor_3 & dor_open) | lift_empty)),(!lift_empty) -> G(service_guaranteed),False
BASIC,48,Service guaranteed for passengers inside lift if not empty,G (liftBut3_pressed & !lift_empty -> F ((floor_3 & dor_open) | lift_empty)),(!lift_empty) -> G(dor_open),False
BASIC,48,Service guaranteed for passengers inside lift if not empty,G (liftBut3_pressed & !lift_empty -> F ((floor_3 & dor_open) | lift_empty)),(!lift_empty) -> G(dor_open),False
BASIC,48,Service guaranteed for passengers inside lift if not empty,G (liftBut3_pressed & !lift_empty -> F ((floor_3 & dor_open) | lift_empty)),(!lift_empty) -> G(service_guaranteed),False
BASIC,48,Service guaranteed for passengers inside lift if not empty,G (liftBut3_pressed & !lift_empty -> F ((floor_3 & dor_open) | lift_empty)),(!lift_empty) -> G(service_guaranteed),False
BASIC,50,Lift calls have preference,G (up & liftBut2_pressed & !liftBut3_pressed -> !(floor_3 & doors_open) U ((floor_2 & door_open) | !up)),G(liftBut2_pressed -> F floor_2) & G(liftBut3_pressed -> F floor_3),False
BASIC,50,Lift calls have preference,G (up & liftBut2_pressed & !liftBut3_pressed -> !(floor_3 & doors_open) U ((floor_2 & door_open) | !up)),G((liftBut2_pressed | liftBut3_pressed) -> F(floor_2 | floor_3)),False
BASIC,50,Lift calls have preference,G (up & liftBut2_pressed & !liftBut3_pressed -> !(floor_3 & doors_open) U ((floor_2 & door_open) | !up)),G(liftBut2_pressed -> F floor_2) & G(liftBut3_pressed -> F floor_3),False
BASIC,50,Lift calls have preference,G (up & liftBut2_pressed & !liftBut3_pressed -> !(floor_3 & doors_open) U ((floor_2 & door_open) | !up)),G(liftBut2_pressed -> F floor_2) & G(liftBut3_pressed -> F floor_3),False
BASIC,50,Lift calls have preference,G (up & liftBut2_pressed & !liftBut3_pressed -> !(floor_3 & doors_open) U ((floor_2 & door_open) | !up)),G(liftBut2_pressed -> F floor_2) & G(liftBut3_pressed -> F floor_3),False
BASIC,50,Lift calls have preference,G (up & liftBut2_pressed & !liftBut3_pressed -> !(floor_3 & doors_open) U ((floor_2 & door_open) | !up)),G(liftBut2_pressed -> F floor_2) & G(liftBut3_pressed -> F floor_3),False
BASIC,50,Lift calls have preference,G (up & liftBut2_pressed & !liftBut3_pressed -> !(floor_3 & doors_open) U ((floor_2 & door_open) | !up)),G((liftBut2_pressed | liftBut3_pressed) -> F(floor_2 | floor_3)),False
BASIC,50,Lift calls have preference,G (up & liftBut2_pressed & !liftBut3_pressed -> !(floor_3 & doors_open) U ((floor_2 & door_open) | !up)),G(liftBut2_pressed -> F floor_2) & G(liftBut3_pressed -> F floor_3),False
BASIC,50,Lift calls have preference,G (up & liftBut2_pressed & !liftBut3_pressed -> !(floor_3 & doors_open) U ((floor_2 & door_open) | !up)),G(liftBut2_pressed -> F floor_2) & G(liftBut3_pressed -> F floor_3),False
BASIC,50,Lift calls have preference,G (up & liftBut2_pressed & !liftBut3_pressed -> !(floor_3 & doors_open) U ((floor_2 & door_open) | !up)),G((liftBut2_pressed | liftBut3_pressed) -> F(floor_2 | floor_3)),False
BASIC,50,Lift calls have preference,G (up & liftBut2_pressed & !liftBut3_pressed -> !(floor_3 & doors_open) U ((floor_2 & door_open) | !up)),G(liftBut2_pressed -> F floor_2) & G(liftBut3_pressed -> F floor_3),False
BASIC,50,Lift calls have preference,G (up & liftBut2_pressed & !liftBut3_pressed -> !(floor_3 & doors_open) U ((floor_2 & door_open) | !up)),G(liftBut2_pressed -> F floor_2) & G(liftBut3_pressed -> F floor_3),False
BASIC,50,Lift calls have preference,G (up & liftBut2_pressed & !liftBut3_pressed -> !(floor_3 & doors_open) U ((floor_2 & door_open) | !up)),G((liftBut2_pressed | liftBut3_pressed) -> F(floor_2 | floor_3)),False
BASIC,50,Lift calls have preference,G (up & liftBut2_pressed & !liftBut3_pressed -> !(floor_3 & doors_open) U ((floor_2 & door_open) | !up)),G(liftBut2_pressed -> F floor_2) & G(liftBut3_pressed -> F floor_3),False
BASIC,50,Lift calls have preference,G (up & liftBut2_pressed & !liftBut3_pressed -> !(floor_3 & doors_open) U ((floor_2 & door_open) | !up)),G(liftBut2_pressed -> F floor_2) & G(liftBut3_pressed -> F floor_3),False
BASIC,50,Lift calls have preference,G (up & liftBut2_pressed & !liftBut3_pressed -> !(floor_3 & doors_open) U ((floor_2 & door_open) | !up)),G(liftBut2_pressed -> F floor_2) & G(liftBut3_pressed -> F floor_3),False
BASIC,50,Lift calls have preference,G (up & liftBut2_pressed & !liftBut3_pressed -> !(floor_3 & doors_open) U ((floor_2 & door_open) | !up)),G((liftBut2_pressed | liftBut3_pressed) -> F(floor_2 | floor_3)),False
BASIC,50,Lift calls have preference,G (up & liftBut2_pressed & !liftBut3_pressed -> !(floor_3 & doors_open) U ((floor_2 & door_open) | !up)),G(liftBut2_pressed -> F floor_2) & G(liftBut3_pressed -> F floor_3),False
BASIC,50,Lift calls have preference,G (up & liftBut2_pressed & !liftBut3_pressed -> !(floor_3 & doors_open) U ((floor_2 & door_open) | !up)),G(liftBut2_pressed -> F floor_2) & G(liftBut3_pressed -> F floor_3),False
BASIC,50,Lift calls have preference,G (up & liftBut2_pressed & !liftBut3_pressed -> !(floor_3 & doors_open) U ((floor_2 & door_open) | !up)),G(liftBut2_pressed -> F floor_2) & G(liftBut3_pressed -> F floor_3),False
BASIC,50,Lift calls have preference,G (up & liftBut2_pressed & !liftBut3_pressed -> !(floor_3 & doors_open) U ((floor_2 & door_open) | !up)),G((liftBut2_pressed | liftBut3_pressed) -> F(floor_2 | floor_3)),False
BASIC,50,Lift calls have preference,G (up & liftBut2_pressed & !liftBut3_pressed -> !(floor_3 & doors_open) U ((floor_2 & door_open) | !up)),G((liftBut2_pressed | liftBut3_pressed) -> F(floor_2 | floor_3)),False
BASIC,50,Lift calls have preference,G (up & liftBut2_pressed & !liftBut3_pressed -> !(floor_3 & doors_open) U ((floor_2 & door_open) | !up)),G((liftBut2_pressed | liftBut3_pressed) -> F(floor_2 | floor_3)),False
BASIC,50,Lift calls have preference,G (up & liftBut2_pressed & !liftBut3_pressed -> !(floor_3 & doors_open) U ((floor_2 & door_open) | !up)),G(liftBut2_pressed -> F floor_2) & G(liftBut3_pressed -> F floor_3),False
BASIC,50,Lift calls have preference,G (up & liftBut2_pressed & !liftBut3_pressed -> !(floor_3 & doors_open) U ((floor_2 & door_open) | !up)),G(liftBut2_pressed -> F floor_2) & G(liftBut3_pressed -> F floor_3),False
BASIC,50,Lift calls have preference,G (up & liftBut2_pressed & !liftBut3_pressed -> !(floor_3 & doors_open) U ((floor_2 & door_open) | !up)),G(liftBut2_pressed -> F floor_2) & G(liftBut3_pressed -> F floor_3),False
BASIC,50,Lift calls have preference,G (up & liftBut2_pressed & !liftBut3_pressed -> !(floor_3 & doors_open) U ((floor_2 & door_open) | !up)),G((liftBut2_pressed | liftBut3_pressed) -> F(floor_2 | floor_3)),False
BASIC,50,Lift calls have preference,G (up & liftBut2_pressed & !liftBut3_pressed -> !(floor_3 & doors_open) U ((floor_2 & door_open) | !up)),G(liftBut2_pressed -> F floor_2) & G(liftBut3_pressed -> F floor_3),False
BASIC,50,Lift calls have preference,G (up & liftBut2_pressed & !liftBut3_pressed -> !(floor_3 & doors_open) U ((floor_2 & door_open) | !up)),G(liftBut2_pressed -> F floor_2) & G(liftBut3_pressed -> F floor_3),False
BASIC,50,Lift calls have preference,G (up & liftBut2_pressed & !liftBut3_pressed -> !(floor_3 & doors_open) U ((floor_2 & door_open) | !up)),G((liftBut2_pressed | liftBut3_pressed) -> F(floor_2 | floor_3)),False
BASIC,50,Lift calls have preference,G (up & liftBut2_pressed & !liftBut3_pressed -> !(floor_3 & doors_open) U ((floor_2 & door_open) | !up)),G((liftBut2_pressed | liftBut3_pressed) -> F(floor_2 | floor_3)),False
BASIC,50,Lift calls have preference,G (up & liftBut2_pressed & !liftBut3_pressed -> !(floor_3 & doors_open) U ((floor_2 & door_open) | !up)),G(liftBut2_pressed -> F floor_2) & G(liftBut3_pressed -> F floor_3),False
BASIC,50,Lift calls have preference,G (up & liftBut2_pressed & !liftBut3_pressed -> !(floor_3 & doors_open) U ((floor_2 & door_open) | !up)),G((liftBut2_pressed | liftBut3_pressed) -> F(floor_2 | floor_3)),False
BASIC,50,Lift calls have preference,G (up & liftBut2_pressed & !liftBut3_pressed -> !(floor_3 & doors_open) U ((floor_2 & door_open) | !up)),G((liftBut2_pressed | liftBut3_pressed) -> F(floor_2 | floor_3)),False
BASIC,50,Lift calls have preference,G (up & liftBut2_pressed & !liftBut3_pressed -> !(floor_3 & doors_open) U ((floor_2 & door_open) | !up)),G((liftBut2_pressed | liftBut3_pressed) -> F(floor_2 | floor_3)),False
BASIC,50,Lift calls have preference,G (up & liftBut2_pressed & !liftBut3_pressed -> !(floor_3 & doors_open) U ((floor_2 & door_open) | !up)),G(liftBut2_pressed -> F floor_2) & G(liftBut3_pressed -> F floor_3),False
BASIC,50,Lift calls have preference,G (up & liftBut2_pressed & !liftBut3_pressed -> !(floor_3 & doors_open) U ((floor_2 & door_open) | !up)),G((liftBut2_pressed | liftBut3_pressed) -> F(floor_2 | floor_3)),False
BASIC,50,Lift calls have preference,G (up & liftBut2_pressed & !liftBut3_pressed -> !(floor_3 & doors_open) U ((floor_2 & door_open) | !up)),G(liftBut2_pressed -> F floor_2) & G(liftBut3_pressed -> F floor_3),False
BASIC,50,Lift calls have preference,G (up & liftBut2_pressed & !liftBut3_pressed -> !(floor_3 & doors_open) U ((floor_2 & door_open) | !up)),G(liftBut2_pressed -> F floor_2) & G(liftBut3_pressed -> F floor_3),False
BASIC,50,Lift calls have preference,G (up & liftBut2_pressed & !liftBut3_pressed -> !(floor_3 & doors_open) U ((floor_2 & door_open) | !up)),G(liftBut2_pressed -> F floor_2) & G(liftBut3_pressed -> F floor_3),False
BASIC,50,Lift calls have preference,G (up & liftBut2_pressed & !liftBut3_pressed -> !(floor_3 & doors_open) U ((floor_2 & door_open) | !up)),G(liftBut2_pressed -> F floor_2) & G(liftBut3_pressed -> F floor_3),False
BASIC,50,Lift calls have preference,G (up & liftBut2_pressed & !liftBut3_pressed -> !(floor_3 & doors_open) U ((floor_2 & door_open) | !up)),G((liftBut2_pressed | liftBut3_pressed) -> F(floor_2 | floor_3)),False
BASIC,50,Lift calls have preference,G (up & liftBut2_pressed & !liftBut3_pressed -> !(floor_3 & doors_open) U ((floor_2 & door_open) | !up)),G((liftBut2_pressed | liftBut3_pressed) -> F(floor_2 | floor_3)),False
BASIC,50,Lift calls have preference,G (up & liftBut2_pressed & !liftBut3_pressed -> !(floor_3 & doors_open) U ((floor_2 & door_open) | !up)),G(liftBut2_pressed -> F floor_2) & G(liftBut3_pressed -> F floor_3),False
BASIC,50,Lift calls have preference,G (up & liftBut2_pressed & !liftBut3_pressed -> !(floor_3 & doors_open) U ((floor_2 & door_open) | !up)),G(liftBut2_pressed -> F floor_2) & G(liftBut3_pressed -> F floor_3),False
BASIC,50,Lift calls have preference,G (up & liftBut2_pressed & !liftBut3_pressed -> !(floor_3 & doors_open) U ((floor_2 & door_open) | !up)),G(liftBut2_pressed -> F floor_2) & G(liftBut3_pressed -> F floor_3),False
BASIC,50,Lift calls have preference,G (up & liftBut2_pressed & !liftBut3_pressed -> !(floor_3 & doors_open) U ((floor_2 & door_open) | !up)),G(liftBut2_pressed -> F floor_2) & G(liftBut3_pressed -> F floor_3),False
BASIC,50,Lift calls have preference,G (up & liftBut2_pressed & !liftBut3_pressed -> !(floor_3 & doors_open) U ((floor_2 & door_open) | !up)),G((liftBut2_pressed | liftBut3_pressed) -> F(floor_2 | floor_3)),False
BASIC,50,Lift calls have preference,G (up & liftBut2_pressed & !liftBut3_pressed -> !(floor_3 & doors_open) U ((floor_2 & door_open) | !up)),G(liftBut2_pressed -> F floor_2) & G(liftBut3_pressed -> F floor_3),False
BASIC,50,Lift calls have preference,G (up & liftBut2_pressed & !liftBut3_pressed -> !(floor_3 & doors_open) U ((floor_2 & door_open) | !up)),G(liftBut2_pressed -> F floor_2) & G(liftBut3_pressed -> F floor_3),False
BASIC,50,Lift calls have preference,G (up & liftBut2_pressed & !liftBut3_pressed -> !(floor_3 & doors_open) U ((floor_2 & door_open) | !up)),G((liftBut2_pressed | liftBut3_pressed) -> F(floor_2 | floor_3)),False
BASIC,50,Lift calls have preference,G (up & liftBut2_pressed & !liftBut3_pressed -> !(floor_3 & doors_open) U ((floor_2 & door_open) | !up)),G((liftBut2_pressed | liftBut3_pressed) -> F(floor_2 | floor_3)),False
BASIC,50,Lift calls have preference,G (up & liftBut2_pressed & !liftBut3_pressed -> !(floor_3 & doors_open) U ((floor_2 & door_open) | !up)),G(liftBut2_pressed -> F floor_2) & G(liftBut3_pressed -> F floor_3),False
BASIC,50,Lift calls have preference,G (up & liftBut2_pressed & !liftBut3_pressed -> !(floor_3 & doors_open) U ((floor_2 & door_open) | !up)),G((liftBut2_pressed | liftBut3_pressed) -> F(floor_2 | floor_3)),False
BASIC,50,Lift calls have preference,G (up & liftBut2_pressed & !liftBut3_pressed -> !(floor_3 & doors_open) U ((floor_2 & door_open) | !up)),G((liftBut2_pressed | liftBut3_pressed) -> F(floor_2 | floor_3)),False
BASIC,50,Lift calls have preference,G (up & liftBut2_pressed & !liftBut3_pressed -> !(floor_3 & doors_open) U ((floor_2 & door_open) | !up)),G(liftBut2_pressed -> F floor_2) & G(liftBut3_pressed -> F floor_3),False
BASIC,50,Lift calls have preference,G (up & liftBut2_pressed & !liftBut3_pressed -> !(floor_3 & doors_open) U ((floor_2 & door_open) | !up)),G((liftBut2_pressed | liftBut3_pressed) -> F(floor_2 | floor_3)),False
BASIC,50,Lift calls have preference,G (up & liftBut2_pressed & !liftBut3_pressed -> !(floor_3 & doors_open) U ((floor_2 & door_open) | !up)),G((liftBut2_pressed | liftBut3_pressed) -> F(floor_2 | floor_3)),False
BASIC,50,Lift calls have preference,G (up & liftBut2_pressed & !liftBut3_pressed -> !(floor_3 & doors_open) U ((floor_2 & door_open) | !up)),G(liftBut2_pressed -> F floor_2) & G(liftBut3_pressed -> F floor_3),False
BASIC,50,Lift calls have preference,G (up & liftBut2_pressed & !liftBut3_pressed -> !(floor_3 & doors_open) U ((floor_2 & door_open) | !up)),G(liftBut2_pressed -> F floor_2) & G(liftBut3_pressed -> F floor_3),False
BASIC,50,Lift calls have preference,G (up & liftBut2_pressed & !liftBut3_pressed -> !(floor_3 & doors_open) U ((floor_2 & door_open) | !up)),G((liftBut2_pressed | liftBut3_pressed) -> F(floor_2 | floor_3)),False
BASIC,50,Lift calls have preference,G (up & liftBut2_pressed & !liftBut3_pressed -> !(floor_3 & doors_open) U ((floor_2 & door_open) | !up)),G(liftBut2_pressed -> F floor_2) & G(liftBut3_pressed -> F floor_3),False
BASIC,50,Lift calls have preference,G (up & liftBut2_pressed & !liftBut3_pressed -> !(floor_3 & doors_open) U ((floor_2 & door_open) | !up)),G(liftBut2_pressed -> F floor_2) & G(liftBut3_pressed -> F floor_3),False
BASIC,50,Lift calls have preference,G (up & liftBut2_pressed & !liftBut3_pressed -> !(floor_3 & doors_open) U ((floor_2 & door_open) | !up)),G(liftBut2_pressed -> F floor_2) & G(liftBut3_pressed -> F floor_3),False
BASIC,50,Lift calls have preference,G (up & liftBut2_pressed & !liftBut3_pressed -> !(floor_3 & doors_open) U ((floor_2 & door_open) | !up)),G(liftBut2_pressed -> F floor_2) & G(liftBut3_pressed -> F floor_3),False
BASIC,50,Lift calls have preference,G (up & liftBut2_pressed & !liftBut3_pressed -> !(floor_3 & doors_open) U ((floor_2 & door_open) | !up)),G((liftBut2_pressed | liftBut3_pressed) -> F(floor_2 | floor_3)),False
BASIC,50,Lift calls have preference,G (up & liftBut2_pressed & !liftBut3_pressed -> !(floor_3 & doors_open) U ((floor_2 & door_open) | !up)),G(liftBut2_pressed -> F floor_2) & G(liftBut3_pressed -> F floor_3),False
BASIC,50,Lift calls have preference,G (up & liftBut2_pressed & !liftBut3_pressed -> !(floor_3 & doors_open) U ((floor_2 & door_open) | !up)),G((liftBut2_pressed | liftBut3_pressed) -> F(floor_2 | floor_3)),False
BASIC,50,Lift calls have preference,G (up & liftBut2_pressed & !liftBut3_pressed -> !(floor_3 & doors_open) U ((floor_2 & door_open) | !up)),G((liftBut2_pressed | liftBut3_pressed) -> F(floor_2 | floor_3)),False
BASIC,50,Lift calls have preference,G (up & liftBut2_pressed & !liftBut3_pressed -> !(floor_3 & doors_open) U ((floor_2 & door_open) | !up)),G(liftBut2_pressed -> F floor_2) & G(liftBut3_pressed -> F floor_3),False
BASIC,50,Lift calls have preference,G (up & liftBut2_pressed & !liftBut3_pressed -> !(floor_3 & doors_open) U ((floor_2 & door_open) | !up)),G((liftBut2_pressed | liftBut3_pressed) -> F(floor_2 | floor_3)),False
BASIC,50,Lift calls have preference,G (up & liftBut2_pressed & !liftBut3_pressed -> !(floor_3 & doors_open) U ((floor_2 & door_open) | !up)),G(liftBut2_pressed -> F floor_2) & G(liftBut3_pressed -> F floor_3),False
BASIC,50,Lift calls have preference,G (up & liftBut2_pressed & !liftBut3_pressed -> !(floor_3 & doors_open) U ((floor_2 & door_open) | !up)),G(liftBut2_pressed -> F floor_2) & G(liftBut3_pressed -> F floor_3),False
BASIC,50,Lift calls have preference,G (up & liftBut2_pressed & !liftBut3_pressed -> !(floor_3 & doors_open) U ((floor_2 & door_open) | !up)),G(liftBut2_pressed -> F floor_2) & G(liftBut3_pressed -> F floor_3),False
BASIC,50,Lift calls have preference,G (up & liftBut2_pressed & !liftBut3_pressed -> !(floor_3 & doors_open) U ((floor_2 & door_open) | !up)),G((liftBut2_pressed | liftBut3_pressed) -> F(floor_2 | floor_3)),False
BASIC,50,Lift calls have preference,G (up & liftBut2_pressed & !liftBut3_pressed -> !(floor_3 & doors_open) U ((floor_2 & door_open) | !up)),G((liftBut2_pressed | liftBut3_pressed) -> F(floor_2 | floor_3)),False
BASIC,50,Lift calls have preference,G (up & liftBut2_pressed & !liftBut3_pressed -> !(floor_3 & doors_open) U ((floor_2 & door_open) | !up)),G((liftBut2_pressed | liftBut3_pressed) -> F(floor_2 | floor_3)),False
BASIC,50,Lift calls have preference,G (up & liftBut2_pressed & !liftBut3_pressed -> !(floor_3 & doors_open) U ((floor_2 & door_open) | !up)),G((liftBut2_pressed | liftBut3_pressed) -> F(floor_2 | floor_3)),False
BASIC,50,Lift calls have preference,G (up & liftBut2_pressed & !liftBut3_pressed -> !(floor_3 & doors_open) U ((floor_2 & door_open) | !up)),G((liftBut2_pressed | liftBut3_pressed) -> F(floor_2 | floor_3)),False
BASIC,50,Lift calls have preference,G (up & liftBut2_pressed & !liftBut3_pressed -> !(floor_3 & doors_open) U ((floor_2 & door_open) | !up)),G((liftBut2_pressed | liftBut3_pressed) -> F(floor_2 | floor_3)),False
BASIC,50,Lift calls have preference,G (up & liftBut2_pressed & !liftBut3_pressed -> !(floor_3 & doors_open) U ((floor_2 & door_open) | !up)),G(liftBut2_pressed -> F floor_2) & G(liftBut3_pressed -> F floor_3),False
BASIC,50,Lift calls have preference,G (up & liftBut2_pressed & !liftBut3_pressed -> !(floor_3 & doors_open) U ((floor_2 & door_open) | !up)),G((liftBut2_pressed | liftBut3_pressed) -> F(floor_2 | floor_3)),False
BASIC,50,Lift calls have preference,G (up & liftBut2_pressed & !liftBut3_pressed -> !(floor_3 & doors_open) U ((floor_2 & door_open) | !up)),G(liftBut2_pressed -> F floor_2) & G(liftBut3_pressed -> F floor_3),False
BASIC,50,Lift calls have preference,G (up & liftBut2_pressed & !liftBut3_pressed -> !(floor_3 & doors_open) U ((floor_2 & door_open) | !up)),G((liftBut2_pressed | liftBut3_pressed) -> F(floor_2 | floor_3)),False
BASIC,50,Lift calls have preference,G (up & liftBut2_pressed & !liftBut3_pressed -> !(floor_3 & doors_open) U ((floor_2 & door_open) | !up)),G(liftBut2_pressed -> F floor_2) & G(liftBut3_pressed -> F floor_3),False
BASIC,50,Lift calls have preference,G (up & liftBut2_pressed & !liftBut3_pressed -> !(floor_3 & doors_open) U ((floor_2 & door_open) | !up)),G((liftBut2_pressed | liftBut3_pressed) -> F(floor_2 | floor_3)),False
BASIC,50,Lift calls have preference,G (up & liftBut2_pressed & !liftBut3_pressed -> !(floor_3 & doors_open) U ((floor_2 & door_open) | !up)),G(liftBut2_pressed -> F floor_2) & G(liftBut3_pressed -> F floor_3),False
BASIC,50,Lift calls have preference,G (up & liftBut2_pressed & !liftBut3_pressed -> !(floor_3 & doors_open) U ((floor_2 & door_open) | !up)),G(liftBut2_pressed -> F floor_2) & G(liftBut3_pressed -> F floor_3),False
BASIC,50,Lift calls have preference,G (up & liftBut2_pressed & !liftBut3_pressed -> !(floor_3 & doors_open) U ((floor_2 & door_open) | !up)),G(liftBut2_pressed -> F floor_2) & G(liftBut3_pressed -> F floor_3),False
BASIC,50,Lift calls have preference,G (up & liftBut2_pressed & !liftBut3_pressed -> !(floor_3 & doors_open) U ((floor_2 & door_open) | !up)),G(liftBut2_pressed -> F floor_2) & G(liftBut3_pressed -> F floor_3),False
BASIC,50,Lift calls have preference,G (up & liftBut2_pressed & !liftBut3_pressed -> !(floor_3 & doors_open) U ((floor_2 & door_open) | !up)),G(liftBut2_pressed -> F floor_2) & G(liftBut3_pressed -> F floor_3),False
BASIC,50,Lift calls have preference,G (up & liftBut2_pressed & !liftBut3_pressed -> !(floor_3 & doors_open) U ((floor_2 & door_open) | !up)),G((liftBut2_pressed | liftBut3_pressed) -> F(floor_2 | floor_3)),False
BASIC,50,Lift calls have preference,G (up & liftBut2_pressed & !liftBut3_pressed -> !(floor_3 & doors_open) U ((floor_2 & door_open) | !up)),G(liftBut2_pressed -> F floor_2) & G(liftBut3_pressed -> F floor_3),False
BASIC,50,Lift calls have preference,G (up & liftBut2_pressed & !liftBut3_pressed -> !(floor_3 & doors_open) U ((floor_2 & door_open) | !up)),G(liftBut2_pressed -> F floor_2) & G(liftBut3_pressed -> F floor_3),False
BASIC,50,Lift calls have preference,G (up & liftBut2_pressed & !liftBut3_pressed -> !(floor_3 & doors_open) U ((floor_2 & door_open) | !up)),G((liftBut2_pressed | liftBut3_pressed) -> F(floor_2 | floor_3)),False
BASIC,50,Lift calls have preference,G (up & liftBut2_pressed & !liftBut3_pressed -> !(floor_3 & doors_open) U ((floor_2 & door_open) | !up)),G((liftBut2_pressed | liftBut3_pressed) -> F(floor_2 | floor_3)),False
BASIC,50,Lift calls have preference,G (up & liftBut2_pressed & !liftBut3_pressed -> !(floor_3 & doors_open) U ((floor_2 & door_open) | !up)),G(liftBut2_pressed -> F floor_2) & G(liftBut3_pressed -> F floor_3),False
BASIC,50,Lift calls have preference,G (up & liftBut2_pressed & !liftBut3_pressed -> !(floor_3 & doors_open) U ((floor_2 & door_open) | !up)),G(liftBut2_pressed -> F floor_2) & G(liftBut3_pressed -> F floor_3),False
BASIC,50,Lift calls have preference,G (up & liftBut2_pressed & !liftBut3_pressed -> !(floor_3 & doors_open) U ((floor_2 & door_open) | !up)),G(liftBut2_pressed -> F floor_2) & G(liftBut3_pressed -> F floor_3),False
BASIC,50,Lift calls have preference,G (up & liftBut2_pressed & !liftBut3_pressed -> !(floor_3 & doors_open) U ((floor_2 & door_open) | !up)),G(liftBut2_pressed -> F floor_2) & G(liftBut3_pressed -> F floor_3),False
BASIC,82,No pair of synchronizations on channel to_medium can occur,G (Synch_to_medium -> !Synch_to_medium U (Broadcast | G !Synch_to_medium)),G(!Synch_to_medium | G(!Synch_to_medium)),False
BASIC,82,No pair of synchronizations on channel to_medium can occur,G (Synch_to_medium -> !Synch_to_medium U (Broadcast | G !Synch_to_medium)),G(!Synch_to_medium | G(!Synch_to_medium)),False
BASIC,82,No pair of synchronizations on channel to_medium can occur,G (Synch_to_medium -> !Synch_to_medium U (Broadcast | G !Synch_to_medium)),G(!Synch_to_medium | G(!Synch_to_medium)),False
BASIC,82,No pair of synchronizations on channel to_medium can occur,G (Synch_to_medium -> !Synch_to_medium U (Broadcast | G !Synch_to_medium)),G(!Synch_to_medium | G(!Synch_to_medium)),False
BASIC,82,No pair of synchronizations on channel to_medium can occur,G (Synch_to_medium -> !Synch_to_medium U (Broadcast | G !Synch_to_medium)),G(!Synch_to_medium | G(!Synch_to_medium)),False
BASIC,82,No pair of synchronizations on channel to_medium can occur,G (Synch_to_medium -> !Synch_to_medium U (Broadcast | G !Synch_to_medium)),G(!Synch_to_medium | G(!Synch_to_medium)),False
BASIC,82,No pair of synchronizations on channel to_medium can occur,G (Synch_to_medium -> !Synch_to_medium U (Broadcast | G !Synch_to_medium)),G(!Synch_to_medium | G(!Synch_to_medium)),False
BASIC,82,No pair of synchronizations on channel to_medium can occur,G (Synch_to_medium -> !Synch_to_medium U (Broadcast | G !Synch_to_medium)),G(!Synch_to_medium | G(!Synch_to_medium)),False
BASIC,82,No pair of synchronizations on channel to_medium can occur,G (Synch_to_medium -> !Synch_to_medium U (Broadcast | G !Synch_to_medium)),G(!Synch_to_medium | G(!Synch_to_medium)),False
BASIC,82,No pair of synchronizations on channel to_medium can occur,G (Synch_to_medium -> !Synch_to_medium U (Broadcast | G !Synch_to_medium)),G(!Synch_to_medium | G(!Synch_to_medium)),False
BASIC,82,No pair of synchronizations on channel to_medium can occur,G (Synch_to_medium -> !Synch_to_medium U (Broadcast | G !Synch_to_medium)),G(!Synch_to_medium | G(!Synch_to_medium)),False
BASIC,82,No pair of synchronizations on channel to_medium can occur,G (Synch_to_medium -> !Synch_to_medium U (Broadcast | G !Synch_to_medium)),G(!Synch_to_medium | G(!Synch_to_medium)),False
BASIC,82,No pair of synchronizations on channel to_medium can occur,G (Synch_to_medium -> !Synch_to_medium U (Broadcast | G !Synch_to_medium)),G(!Synch_to_medium | G(!Synch_to_medium)),False
BASIC,82,No pair of synchronizations on channel to_medium can occur,G (Synch_to_medium -> !Synch_to_medium U (Broadcast | G !Synch_to_medium)),G(!Synch_to_medium | G(!Synch_to_medium)),False
BASIC,82,No pair of synchronizations on channel to_medium can occur,G (Synch_to_medium -> !Synch_to_medium U (Broadcast | G !Synch_to_medium)),G(!Synch_to_medium | G(!Synch_to_medium)),False
BASIC,82,No pair of synchronizations on channel to_medium can occur,G (Synch_to_medium -> !Synch_to_medium U (Broadcast | G !Synch_to_medium)),G(!Synch_to_medium | G(!Synch_to_medium)),False
BASIC,82,No pair of synchronizations on channel to_medium can occur,G (Synch_to_medium -> !Synch_to_medium U (Broadcast | G !Synch_to_medium)),G(!Synch_to_medium | G(!Synch_to_medium)),False
BASIC,82,No pair of synchronizations on channel to_medium can occur,G (Synch_to_medium -> !Synch_to_medium U (Broadcast | G !Synch_to_medium)),G(!Synch_to_medium | G(!Synch_to_medium)),False
BASIC,82,No pair of synchronizations on channel to_medium can occur,G (Synch_to_medium -> !Synch_to_medium U (Broadcast | G !Synch_to_medium)),G(!Synch_to_medium | G(!Synch_to_medium)),False
BASIC,82,No pair of synchronizations on channel to_medium can occur,G (Synch_to_medium -> !Synch_to_medium U (Broadcast | G !Synch_to_medium)),G(!Synch_to_medium | G(!Synch_to_medium)),False
BASIC,82,No pair of synchronizations on channel to_medium can occur,G (Synch_to_medium -> !Synch_to_medium U (Broadcast | G !Synch_to_medium)),G(!Synch_to_medium | G(!Synch_to_medium)),False
BASIC,82,No pair of synchronizations on channel to_medium can occur,G (Synch_to_medium -> !Synch_to_medium U (Broadcast | G !Synch_to_medium)),G(!Synch_to_medium | G(!Synch_to_medium)),False
BASIC,82,No pair of synchronizations on channel to_medium can occur,G (Synch_to_medium -> !Synch_to_medium U (Broadcast | G !Synch_to_medium)),G(!Synch_to_medium | G(!Synch_to_medium)),False
BASIC,82,No pair of synchronizations on channel to_medium can occur,G (Synch_to_medium -> !Synch_to_medium U (Broadcast | G !Synch_to_medium)),G(!Synch_to_medium | G(!Synch_to_medium)),False
BASIC,82,No pair of synchronizations on channel to_medium can occur,G (Synch_to_medium -> !Synch_to_medium U (Broadcast | G !Synch_to_medium)),G(!Synch_to_medium | G(!Synch_to_medium)),False
BASIC,82,No pair of synchronizations on channel to_medium can occur,G (Synch_to_medium -> !Synch_to_medium U (Broadcast | G !Synch_to_medium)),G(!Synch_to_medium | G(!Synch_to_medium)),False
BASIC,82,No pair of synchronizations on channel to_medium can occur,G (Synch_to_medium -> !Synch_to_medium U (Broadcast | G !Synch_to_medium)),G(!Synch_to_medium | G(!Synch_to_medium)),False
BASIC,82,No pair of synchronizations on channel to_medium can occur,G (Synch_to_medium -> !Synch_to_medium U (Broadcast | G !Synch_to_medium)),G(!Synch_to_medium | G(!Synch_to_medium)),False
BASIC,82,No pair of synchronizations on channel to_medium can occur,G (Synch_to_medium -> !Synch_to_medium U (Broadcast | G !Synch_to_medium)),G(!Synch_to_medium | G(!Synch_to_medium)),False
BASIC,82,No pair of synchronizations on channel to_medium can occur,G (Synch_to_medium -> !Synch_to_medium U (Broadcast | G !Synch_to_medium)),G(!Synch_to_medium | G(!Synch_to_medium)),False
BASIC,82,No pair of synchronizations on channel to_medium can occur,G (Synch_to_medium -> !Synch_to_medium U (Broadcast | G !Synch_to_medium)),G(!Synch_to_medium | G(!Synch_to_medium)),False
BASIC,82,No pair of synchronizations on channel to_medium can occur,G (Synch_to_medium -> !Synch_to_medium U (Broadcast | G !Synch_to_medium)),G(!Synch_to_medium | G(!Synch_to_medium)),False
BASIC,82,No pair of synchronizations on channel to_medium can occur,G (Synch_to_medium -> !Synch_to_medium U (Broadcast | G !Synch_to_medium)),G(!Synch_to_medium | G(!Synch_to_medium)),False
BASIC,82,No pair of synchronizations on channel to_medium can occur,G (Synch_to_medium -> !Synch_to_medium U (Broadcast | G !Synch_to_medium)),G(!Synch_to_medium | G(!Synch_to_medium)),False
BASIC,82,No pair of synchronizations on channel to_medium can occur,G (Synch_to_medium -> !Synch_to_medium U (Broadcast | G !Synch_to_medium)),G(!Synch_to_medium | G(!Synch_to_medium)),False
BASIC,82,No pair of synchronizations on channel to_medium can occur,G (Synch_to_medium -> !Synch_to_medium U (Broadcast | G !Synch_to_medium)),G(!Synch_to_medium | G(!Synch_to_medium)),False
BASIC,82,No pair of synchronizations on channel to_medium can occur,G (Synch_to_medium -> !Synch_to_medium U (Broadcast | G !Synch_to_medium)),G(!Synch_to_medium | G(!Synch_to_medium)),False
BASIC,82,No pair of synchronizations on channel to_medium can occur,G (Synch_to_medium -> !Synch_to_medium U (Broadcast | G !Synch_to_medium)),G(!Synch_to_medium | G(!Synch_to_medium)),False
BASIC,82,No pair of synchronizations on channel to_medium can occur,G (Synch_to_medium -> !Synch_to_medium U (Broadcast | G !Synch_to_medium)),G(!Synch_to_medium | G(!Synch_to_medium)),False
BASIC,82,No pair of synchronizations on channel to_medium can occur,G (Synch_to_medium -> !Synch_to_medium U (Broadcast | G !Synch_to_medium)),G(!Synch_to_medium | G(!Synch_to_medium)),False
BASIC,82,No pair of synchronizations on channel to_medium can occur,G (Synch_to_medium -> !Synch_to_medium U (Broadcast | G !Synch_to_medium)),G(!Synch_to_medium | G(!Synch_to_medium)),False
BASIC,82,No pair of synchronizations on channel to_medium can occur,G (Synch_to_medium -> !Synch_to_medium U (Broadcast | G !Synch_to_medium)),G(!Synch_to_medium | G(!Synch_to_medium)),False
BASIC,82,No pair of synchronizations on channel to_medium can occur,G (Synch_to_medium -> !Synch_to_medium U (Broadcast | G !Synch_to_medium)),G(!Synch_to_medium | G(!Synch_to_medium)),False
BASIC,82,No pair of synchronizations on channel to_medium can occur,G (Synch_to_medium -> !Synch_to_medium U (Broadcast | G !Synch_to_medium)),G(!Synch_to_medium | G(!Synch_to_medium)),False
BASIC,82,No pair of synchronizations on channel to_medium can occur,G (Synch_to_medium -> !Synch_to_medium U (Broadcast | G !Synch_to_medium)),G(!Synch_to_medium | G(!Synch_to_medium)),False
BASIC,82,No pair of synchronizations on channel to_medium can occur,G (Synch_to_medium -> !Synch_to_medium U (Broadcast | G !Synch_to_medium)),G(!Synch_to_medium | G(!Synch_to_medium)),False
BASIC,82,No pair of synchronizations on channel to_medium can occur,G (Synch_to_medium -> !Synch_to_medium U (Broadcast | G !Synch_to_medium)),G(!Synch_to_medium | G(!Synch_to_medium)),False
BASIC,82,No pair of synchronizations on channel to_medium can occur,G (Synch_to_medium -> !Synch_to_medium U (Broadcast | G !Synch_to_medium)),G(!Synch_to_medium | G(!Synch_to_medium)),False
BASIC,82,No pair of synchronizations on channel to_medium can occur,G (Synch_to_medium -> !Synch_to_medium U (Broadcast | G !Synch_to_medium)),G(!Synch_to_medium | G(!Synch_to_medium)),False
BASIC,82,No pair of synchronizations on channel to_medium can occur,G (Synch_to_medium -> !Synch_to_medium U (Broadcast | G !Synch_to_medium)),G(!Synch_to_medium | G(!Synch_to_medium)),False
BASIC,82,No pair of synchronizations on channel to_medium can occur,G (Synch_to_medium -> !Synch_to_medium U (Broadcast | G !Synch_to_medium)),G(!Synch_to_medium | G(!Synch_to_medium)),False
BASIC,82,No pair of synchronizations on channel to_medium can occur,G (Synch_to_medium -> !Synch_to_medium U (Broadcast | G !Synch_to_medium)),G(!Synch_to_medium | G(!Synch_to_medium)),False
BASIC,82,No pair of synchronizations on channel to_medium can occur,G (Synch_to_medium -> !Synch_to_medium U (Broadcast | G !Synch_to_medium)),G(!Synch_to_medium | G(!Synch_to_medium)),False
BASIC,82,No pair of synchronizations on channel to_medium can occur,G (Synch_to_medium -> !Synch_to_medium U (Broadcast | G !Synch_to_medium)),G(!Synch_to_medium | G(!Synch_to_medium)),False
BASIC,82,No pair of synchronizations on channel to_medium can occur,G (Synch_to_medium -> !Synch_to_medium U (Broadcast | G !Synch_to_medium)),G(!Synch_to_medium | G(!Synch_to_medium)),False
BASIC,82,No pair of synchronizations on channel to_medium can occur,G (Synch_to_medium -> !Synch_to_medium U (Broadcast | G !Synch_to_medium)),G(!Synch_to_medium | G(!Synch_to_medium)),False
BASIC,82,No pair of synchronizations on channel to_medium can occur,G (Synch_to_medium -> !Synch_to_medium U (Broadcast | G !Synch_to_medium)),G(!Synch_to_medium | G(!Synch_to_medium)),False
BASIC,82,No pair of synchronizations on channel to_medium can occur,G (Synch_to_medium -> !Synch_to_medium U (Broadcast | G !Synch_to_medium)),G(!Synch_to_medium | G(!Synch_to_medium)),False
BASIC,82,No pair of synchronizations on channel to_medium can occur,G (Synch_to_medium -> !Synch_to_medium U (Broadcast | G !Synch_to_medium)),G(!Synch_to_medium | G(!Synch_to_medium)),False
BASIC,82,No pair of synchronizations on channel to_medium can occur,G (Synch_to_medium -> !Synch_to_medium U (Broadcast | G !Synch_to_medium)),G(!Synch_to_medium | G(!Synch_to_medium)),False
BASIC,82,No pair of synchronizations on channel to_medium can occur,G (Synch_to_medium -> !Synch_to_medium U (Broadcast | G !Synch_to_medium)),G(!Synch_to_medium | G(!Synch_to_medium)),False
BASIC,82,No pair of synchronizations on channel to_medium can occur,G (Synch_to_medium -> !Synch_to_medium U (Broadcast | G !Synch_to_medium)),G(!Synch_to_medium | G(!Synch_to_medium)),False
BASIC,82,No pair of synchronizations on channel to_medium can occur,G (Synch_to_medium -> !Synch_to_medium U (Broadcast | G !Synch_to_medium)),G(!Synch_to_medium | G(!Synch_to_medium)),False
BASIC,82,No pair of synchronizations on channel to_medium can occur,G (Synch_to_medium -> !Synch_to_medium U (Broadcast | G !Synch_to_medium)),G(!Synch_to_medium | G(!Synch_to_medium)),False
BASIC,82,No pair of synchronizations on channel to_medium can occur,G (Synch_to_medium -> !Synch_to_medium U (Broadcast | G !Synch_to_medium)),G(!Synch_to_medium | G(!Synch_to_medium)),False
BASIC,82,No pair of synchronizations on channel to_medium can occur,G (Synch_to_medium -> !Synch_to_medium U (Broadcast | G !Synch_to_medium)),G(!Synch_to_medium | G(!Synch_to_medium)),False
BASIC,82,No pair of synchronizations on channel to_medium can occur,G (Synch_to_medium -> !Synch_to_medium U (Broadcast | G !Synch_to_medium)),G(!Synch_to_medium | G(!Synch_to_medium)),False
BASIC,82,No pair of synchronizations on channel to_medium can occur,G (Synch_to_medium -> !Synch_to_medium U (Broadcast | G !Synch_to_medium)),G(!Synch_to_medium | G(!Synch_to_medium)),False
BASIC,82,No pair of synchronizations on channel to_medium can occur,G (Synch_to_medium -> !Synch_to_medium U (Broadcast | G !Synch_to_medium)),G(!Synch_to_medium | G(!Synch_to_medium)),False
BASIC,82,No pair of synchronizations on channel to_medium can occur,G (Synch_to_medium -> !Synch_to_medium U (Broadcast | G !Synch_to_medium)),G(!Synch_to_medium | G(!Synch_to_medium)),False
BASIC,82,No pair of synchronizations on channel to_medium can occur,G (Synch_to_medium -> !Synch_to_medium U (Broadcast | G !Synch_to_medium)),G(!Synch_to_medium | G(!Synch_to_medium)),False
BASIC,82,No pair of synchronizations on channel to_medium can occur,G (Synch_to_medium -> !Synch_to_medium U (Broadcast | G !Synch_to_medium)),G(!Synch_to_medium | G(!Synch_to_medium)),False
BASIC,82,No pair of synchronizations on channel to_medium can occur,G (Synch_to_medium -> !Synch_to_medium U (Broadcast | G !Synch_to_medium)),G(!Synch_to_medium | G(!Synch_to_medium)),False
BASIC,82,No pair of synchronizations on channel to_medium can occur,G (Synch_to_medium -> !Synch_to_medium U (Broadcast | G !Synch_to_medium)),G(!Synch_to_medium | G(!Synch_to_medium)),False
BASIC,82,No pair of synchronizations on channel to_medium can occur,G (Synch_to_medium -> !Synch_to_medium U (Broadcast | G !Synch_to_medium)),G(!Synch_to_medium | G(!Synch_to_medium)),False
BASIC,82,No pair of synchronizations on channel to_medium can occur,G (Synch_to_medium -> !Synch_to_medium U (Broadcast | G !Synch_to_medium)),G(!Synch_to_medium | G(!Synch_to_medium)),False
BASIC,82,No pair of synchronizations on channel to_medium can occur,G (Synch_to_medium -> !Synch_to_medium U (Broadcast | G !Synch_to_medium)),G(!Synch_to_medium | G(!Synch_to_medium)),False
BASIC,82,No pair of synchronizations on channel to_medium can occur,G (Synch_to_medium -> !Synch_to_medium U (Broadcast | G !Synch_to_medium)),G(!Synch_to_medium | G(!Synch_to_medium)),False
BASIC,82,No pair of synchronizations on channel to_medium can occur,G (Synch_to_medium -> !Synch_to_medium U (Broadcast | G !Synch_to_medium)),G(!Synch_to_medium | G(!Synch_to_medium)),False
BASIC,82,No pair of synchronizations on channel to_medium can occur,G (Synch_to_medium -> !Synch_to_medium U (Broadcast | G !Synch_to_medium)),G(!Synch_to_medium | G(!Synch_to_medium)),False
BASIC,82,No pair of synchronizations on channel to_medium can occur,G (Synch_to_medium -> !Synch_to_medium U (Broadcast | G !Synch_to_medium)),G(!Synch_to_medium | G(!Synch_to_medium)),False
BASIC,82,No pair of synchronizations on channel to_medium can occur,G (Synch_to_medium -> !Synch_to_medium U (Broadcast | G !Synch_to_medium)),G(!Synch_to_medium | G(!Synch_to_medium)),False
BASIC,82,No pair of synchronizations on channel to_medium can occur,G (Synch_to_medium -> !Synch_to_medium U (Broadcast | G !Synch_to_medium)),G(!Synch_to_medium | G(!Synch_to_medium)),False
BASIC,82,No pair of synchronizations on channel to_medium can occur,G (Synch_to_medium -> !Synch_to_medium U (Broadcast | G !Synch_to_medium)),G(!Synch_to_medium | G(!Synch_to_medium)),False
BASIC,82,No pair of synchronizations on channel to_medium can occur,G (Synch_to_medium -> !Synch_to_medium U (Broadcast | G !Synch_to_medium)),G(!Synch_to_medium | G(!Synch_to_medium)),False
BASIC,82,No pair of synchronizations on channel to_medium can occur,G (Synch_to_medium -> !Synch_to_medium U (Broadcast | G !Synch_to_medium)),G(!Synch_to_medium | G(!Synch_to_medium)),False
BASIC,82,No pair of synchronizations on channel to_medium can occur,G (Synch_to_medium -> !Synch_to_medium U (Broadcast | G !Synch_to_medium)),G(!Synch_to_medium | G(!Synch_to_medium)),False
BASIC,82,No pair of synchronizations on channel to_medium can occur,G (Synch_to_medium -> !Synch_to_medium U (Broadcast | G !Synch_to_medium)),G(!Synch_to_medium | G(!Synch_to_medium)),False
BASIC,82,No pair of synchronizations on channel to_medium can occur,G (Synch_to_medium -> !Synch_to_medium U (Broadcast | G !Synch_to_medium)),G(!Synch_to_medium | G(!Synch_to_medium)),False
BASIC,82,No pair of synchronizations on channel to_medium can occur,G (Synch_to_medium -> !Synch_to_medium U (Broadcast | G !Synch_to_medium)),G(!Synch_to_medium | G(!Synch_to_medium)),False
BASIC,82,No pair of synchronizations on channel to_medium can occur,G (Synch_to_medium -> !Synch_to_medium U (Broadcast | G !Synch_to_medium)),G(!Synch_to_medium | G(!Synch_to_medium)),False
BASIC,82,No pair of synchronizations on channel to_medium can occur,G (Synch_to_medium -> !Synch_to_medium U (Broadcast | G !Synch_to_medium)),G(!Synch_to_medium | G(!Synch_to_medium)),False
BASIC,82,No pair of synchronizations on channel to_medium can occur,G (Synch_to_medium -> !Synch_to_medium U (Broadcast | G !Synch_to_medium)),G(!Synch_to_medium | G(!Synch_to_medium)),False
BASIC,82,No pair of synchronizations on channel to_medium can occur,G (Synch_to_medium -> !Synch_to_medium U (Broadcast | G !Synch_to_medium)),G(!Synch_to_medium | G(!Synch_to_medium)),False
BASIC,82,No pair of synchronizations on channel to_medium can occur,G (Synch_to_medium -> !Synch_to_medium U (Broadcast | G !Synch_to_medium)),G(!Synch_to_medium | G(!Synch_to_medium)),False
BASIC,82,No pair of synchronizations on channel to_medium can occur,G (Synch_to_medium -> !Synch_to_medium U (Broadcast | G !Synch_to_medium)),G(!Synch_to_medium | G(!Synch_to_medium)),False
BASIC,82,No pair of synchronizations on channel to_medium can occur,G (Synch_to_medium -> !Synch_to_medium U (Broadcast | G !Synch_to_medium)),G(!Synch_to_medium | G(!Synch_to_medium)),False
BASIC,82,No pair of synchronizations on channel to_medium can occur,G (Synch_to_medium -> !Synch_to_medium U (Broadcast | G !Synch_to_medium)),G(!Synch_to_medium | G(!Synch_to_medium)),False
BASIC,82,No pair of synchronizations on channel to_medium can occur,G (Synch_to_medium -> !Synch_to_medium U (Broadcast | G !Synch_to_medium)),G(!Synch_to_medium | G(!Synch_to_medium)),False
BASIC,82,No pair of synchronizations on channel to_medium can occur,G (Synch_to_medium -> !Synch_to_medium U (Broadcast | G !Synch_to_medium)),G(!Synch_to_medium | X G !Synch_to_medium),False
BASIC,91,A task releases all its locks before it terminates,G (return_Achieving_Task -> not_subscriber_this_p_memory_property),F(return_Achieving_Task) -> F(!not_subscriber_this_p_memory_property),False
BASIC,91,A task releases all its locks before it terminates,G (return_Achieving_Task -> not_subscriber_this_p_memory_property),F(return_Achieving_Task) -> F(!not_subscriber_this_p_memory_property),False
BASIC,91,A task releases all its locks before it terminates,G (return_Achieving_Task -> not_subscriber_this_p_memory_property),F(return_Achieving_Task) -> F(!not_subscriber_this_p_memory_property),False
BASIC,91,A task releases all its locks before it terminates,G (return_Achieving_Task -> not_subscriber_this_p_memory_property),F(return_Achieving_Task) -> F(!not_subscriber_this_p_memory_property),False
BASIC,91,A task releases all its locks before it terminates,G (return_Achieving_Task -> not_subscriber_this_p_memory_property),F(return_Achieving_Task) -> F(!not_subscriber_this_p_memory_property),False
BASIC,91,A task releases all its locks before it terminates,G (return_Achieving_Task -> not_subscriber_this_p_memory_property),F(return_Achieving_Task) -> F(!not_subscriber_this_p_memory_property),False
BASIC,91,A task releases all its locks before it terminates,G (return_Achieving_Task -> not_subscriber_this_p_memory_property),F(return_Achieving_Task) -> F(!not_subscriber_this_p_memory_property),False
BASIC,91,A task releases all its locks before it terminates,G (return_Achieving_Task -> not_subscriber_this_p_memory_property),F(return_Achieving_Task) -> F(!not_subscriber_this_p_memory_property),False
BASIC,91,A task releases all its locks before it terminates,G (return_Achieving_Task -> not_subscriber_this_p_memory_property),F(return_Achieving_Task) -> F(!not_subscriber_this_p_memory_property U return_Achieving_Task),False
BASIC,91,A task releases all its locks before it terminates,G (return_Achieving_Task -> not_subscriber_this_p_memory_property),F(return_Achieving_Task) -> F(!not_subscriber_this_p_memory_property),False
BASIC,91,A task releases all its locks before it terminates,G (return_Achieving_Task -> not_subscriber_this_p_memory_property),F(return_Achieving_Task) -> F(!not_subscriber_this_p_memory_property),False
BASIC,91,A task releases all its locks before it terminates,G (return_Achieving_Task -> not_subscriber_this_p_memory_property),F(return_Achieving_Task) -> F(!not_subscriber_this_p_memory_property),False
BASIC,91,A task releases all its locks before it terminates,G (return_Achieving_Task -> not_subscriber_this_p_memory_property),F(return_Achieving_Task) -> F(!not_subscriber_this_p_memory_property),False
BASIC,91,A task releases all its locks before it terminates,G (return_Achieving_Task -> not_subscriber_this_p_memory_property),F(return_Achieving_Task) -> F(!not_subscriber_this_p_memory_property U return_Achieving_Task),False
BASIC,91,A task releases all its locks before it terminates,G (return_Achieving_Task -> not_subscriber_this_p_memory_property),F(return_Achieving_Task) -> F(!not_subscriber_this_p_memory_property U return_Achieving_Task),False
BASIC,91,A task releases all its locks before it terminates,G (return_Achieving_Task -> not_subscriber_this_p_memory_property),F(return_Achieving_Task) -> F(!not_subscriber_this_p_memory_property),False
BASIC,91,A task releases all its locks before it terminates,G (return_Achieving_Task -> not_subscriber_this_p_memory_property),F(return_Achieving_Task) -> F(!not_subscriber_this_p_memory_property),False
BASIC,91,A task releases all its locks before it terminates,G (return_Achieving_Task -> not_subscriber_this_p_memory_property),F(return_Achieving_Task) -> F(!not_subscriber_this_p_memory_property),False
BASIC,91,A task releases all its locks before it terminates,G (return_Achieving_Task -> not_subscriber_this_p_memory_property),F(return_Achieving_Task) -> F(!not_subscriber_this_p_memory_property),False
BASIC,91,A task releases all its locks before it terminates,G (return_Achieving_Task -> not_subscriber_this_p_memory_property),F(return_Achieving_Task) -> F(!not_subscriber_this_p_memory_property),False
BASIC,91,A task releases all its locks before it terminates,G (return_Achieving_Task -> not_subscriber_this_p_memory_property),F(return_Achieving_Task) -> F(!not_subscriber_this_p_memory_property),False
BASIC,91,A task releases all its locks before it terminates,G (return_Achieving_Task -> not_subscriber_this_p_memory_property),F(return_Achieving_Task) -> F(!not_subscriber_this_p_memory_property U return_Achieving_Task),False
BASIC,91,A task releases all its locks before it terminates,G (return_Achieving_Task -> not_subscriber_this_p_memory_property),F(return_Achieving_Task) -> F(!not_subscriber_this_p_memory_property),False
BASIC,91,A task releases all its locks before it terminates,G (return_Achieving_Task -> not_subscriber_this_p_memory_property),F(return_Achieving_Task) -> F(!not_subscriber_this_p_memory_property),False
BASIC,91,A task releases all its locks before it terminates,G (return_Achieving_Task -> not_subscriber_this_p_memory_property),F(return_Achieving_Task) -> F(!not_subscriber_this_p_memory_property),False
BASIC,91,A task releases all its locks before it terminates,G (return_Achieving_Task -> not_subscriber_this_p_memory_property),F(return_Achieving_Task) -> F(!not_subscriber_this_p_memory_property U return_Achieving_Task),False
BASIC,91,A task releases all its locks before it terminates,G (return_Achieving_Task -> not_subscriber_this_p_memory_property),F(return_Achieving_Task) -> F(!not_subscriber_this_p_memory_property),False
BASIC,91,A task releases all its locks before it terminates,G (return_Achieving_Task -> not_subscriber_this_p_memory_property),F(return_Achieving_Task) -> F(!not_subscriber_this_p_memory_property),False
BASIC,91,A task releases all its locks before it terminates,G (return_Achieving_Task -> not_subscriber_this_p_memory_property),F(return_Achieving_Task) -> F(!not_subscriber_this_p_memory_property),False
BASIC,91,A task releases all its locks before it terminates,G (return_Achieving_Task -> not_subscriber_this_p_memory_property),F(return_Achieving_Task) -> F(!not_subscriber_this_p_memory_property),False
BASIC,91,A task releases all its locks before it terminates,G (return_Achieving_Task -> not_subscriber_this_p_memory_property),F(return_Achieving_Task) -> F(!not_subscriber_this_p_memory_property),False
BASIC,91,A task releases all its locks before it terminates,G (return_Achieving_Task -> not_subscriber_this_p_memory_property),F(return_Achieving_Task) -> F(!not_subscriber_this_p_memory_property),False
BASIC,91,A task releases all its locks before it terminates,G (return_Achieving_Task -> not_subscriber_this_p_memory_property),F(return_Achieving_Task) -> F(!not_subscriber_this_p_memory_property),False
BASIC,91,A task releases all its locks before it terminates,G (return_Achieving_Task -> not_subscriber_this_p_memory_property),F(return_Achieving_Task) -> F(!not_subscriber_this_p_memory_property),False
BASIC,91,A task releases all its locks before it terminates,G (return_Achieving_Task -> not_subscriber_this_p_memory_property),F(return_Achieving_Task) -> F(!not_subscriber_this_p_memory_property),False
BASIC,91,A task releases all its locks before it terminates,G (return_Achieving_Task -> not_subscriber_this_p_memory_property),F(return_Achieving_Task) -> F(!not_subscriber_this_p_memory_property),False
BASIC,91,A task releases all its locks before it terminates,G (return_Achieving_Task -> not_subscriber_this_p_memory_property),F(return_Achieving_Task) -> F(!not_subscriber_this_p_memory_property),False
BASIC,91,A task releases all its locks before it terminates,G (return_Achieving_Task -> not_subscriber_this_p_memory_property),F(return_Achieving_Task) -> F(!not_subscriber_this_p_memory_property),False
BASIC,91,A task releases all its locks before it terminates,G (return_Achieving_Task -> not_subscriber_this_p_memory_property),F(return_Achieving_Task) -> F(!not_subscriber_this_p_memory_property),False
BASIC,91,A task releases all its locks before it terminates,G (return_Achieving_Task -> not_subscriber_this_p_memory_property),F(return_Achieving_Task) -> F(!not_subscriber_this_p_memory_property),False
BASIC,91,A task releases all its locks before it terminates,G (return_Achieving_Task -> not_subscriber_this_p_memory_property),F(return_Achieving_Task) -> F(!not_subscriber_this_p_memory_property),False
BASIC,91,A task releases all its locks before it terminates,G (return_Achieving_Task -> not_subscriber_this_p_memory_property),F(return_Achieving_Task) -> F(!not_subscriber_this_p_memory_property),False
BASIC,91,A task releases all its locks before it terminates,G (return_Achieving_Task -> not_subscriber_this_p_memory_property),F(return_Achieving_Task) -> F(!not_subscriber_this_p_memory_property),False
BASIC,91,A task releases all its locks before it terminates,G (return_Achieving_Task -> not_subscriber_this_p_memory_property),F(return_Achieving_Task) -> F(!not_subscriber_this_p_memory_property),False
BASIC,91,A task releases all its locks before it terminates,G (return_Achieving_Task -> not_subscriber_this_p_memory_property),F(return_Achieving_Task) -> F(!not_subscriber_this_p_memory_property),False
BASIC,91,A task releases all its locks before it terminates,G (return_Achieving_Task -> not_subscriber_this_p_memory_property),F(return_Achieving_Task) -> F(!not_subscriber_this_p_memory_property),False
BASIC,91,A task releases all its locks before it terminates,G (return_Achieving_Task -> not_subscriber_this_p_memory_property),F(return_Achieving_Task) -> F(!not_subscriber_this_p_memory_property),False
BASIC,91,A task releases all its locks before it terminates,G (return_Achieving_Task -> not_subscriber_this_p_memory_property),F(return_Achieving_Task) -> F(!not_subscriber_this_p_memory_property),False
BASIC,91,A task releases all its locks before it terminates,G (return_Achieving_Task -> not_subscriber_this_p_memory_property),F(return_Achieving_Task) -> F(!not_subscriber_this_p_memory_property),False
BASIC,91,A task releases all its locks before it terminates,G (return_Achieving_Task -> not_subscriber_this_p_memory_property),F(return_Achieving_Task) -> F(!not_subscriber_this_p_memory_property),False
BASIC,91,A task releases all its locks before it terminates,G (return_Achieving_Task -> not_subscriber_this_p_memory_property),F(return_Achieving_Task) -> F(!not_subscriber_this_p_memory_property),False
BASIC,91,A task releases all its locks before it terminates,G (return_Achieving_Task -> not_subscriber_this_p_memory_property),F(return_Achieving_Task) -> F(!not_subscriber_this_p_memory_property),False
BASIC,91,A task releases all its locks before it terminates,G (return_Achieving_Task -> not_subscriber_this_p_memory_property),F(return_Achieving_Task) -> F(!not_subscriber_this_p_memory_property),False
BASIC,91,A task releases all its locks before it terminates,G (return_Achieving_Task -> not_subscriber_this_p_memory_property),F(return_Achieving_Task) -> F(!not_subscriber_this_p_memory_property U return_Achieving_Task),False
BASIC,91,A task releases all its locks before it terminates,G (return_Achieving_Task -> not_subscriber_this_p_memory_property),F(return_Achieving_Task) -> F(!not_subscriber_this_p_memory_property),False
BASIC,91,A task releases all its locks before it terminates,G (return_Achieving_Task -> not_subscriber_this_p_memory_property),F(return_Achieving_Task) -> F(!not_subscriber_this_p_memory_property U return_Achieving_Task),False
BASIC,91,A task releases all its locks before it terminates,G (return_Achieving_Task -> not_subscriber_this_p_memory_property),F(return_Achieving_Task) -> F(!not_subscriber_this_p_memory_property),False
BASIC,91,A task releases all its locks before it terminates,G (return_Achieving_Task -> not_subscriber_this_p_memory_property),F(return_Achieving_Task) -> F(!not_subscriber_this_p_memory_property),False
BASIC,91,A task releases all its locks before it terminates,G (return_Achieving_Task -> not_subscriber_this_p_memory_property),F(return_Achieving_Task) -> F(!not_subscriber_this_p_memory_property),False
BASIC,91,A task releases all its locks before it terminates,G (return_Achieving_Task -> not_subscriber_this_p_memory_property),F(return_Achieving_Task) -> F(!not_subscriber_this_p_memory_property),False
BASIC,91,A task releases all its locks before it terminates,G (return_Achieving_Task -> not_subscriber_this_p_memory_property),F(return_Achieving_Task) -> F(!not_subscriber_this_p_memory_property),False
BASIC,91,A task releases all its locks before it terminates,G (return_Achieving_Task -> not_subscriber_this_p_memory_property),F(return_Achieving_Task) -> F(!not_subscriber_this_p_memory_property),False
BASIC,91,A task releases all its locks before it terminates,G (return_Achieving_Task -> not_subscriber_this_p_memory_property),F(return_Achieving_Task) -> F(!not_subscriber_this_p_memory_property),False
BASIC,91,A task releases all its locks before it terminates,G (return_Achieving_Task -> not_subscriber_this_p_memory_property),F(return_Achieving_Task) -> F(!not_subscriber_this_p_memory_property),False
BASIC,91,A task releases all its locks before it terminates,G (return_Achieving_Task -> not_subscriber_this_p_memory_property),F(return_Achieving_Task) -> F(!not_subscriber_this_p_memory_property),False
BASIC,91,A task releases all its locks before it terminates,G (return_Achieving_Task -> not_subscriber_this_p_memory_property),F(return_Achieving_Task) -> F(!not_subscriber_this_p_memory_property),False
BASIC,91,A task releases all its locks before it terminates,G (return_Achieving_Task -> not_subscriber_this_p_memory_property),F(return_Achieving_Task) -> F(!not_subscriber_this_p_memory_property),False
BASIC,91,A task releases all its locks before it terminates,G (return_Achieving_Task -> not_subscriber_this_p_memory_property),F(return_Achieving_Task) -> F(!not_subscriber_this_p_memory_property),False
BASIC,91,A task releases all its locks before it terminates,G (return_Achieving_Task -> not_subscriber_this_p_memory_property),F(return_Achieving_Task) -> F(!not_subscriber_this_p_memory_property),False
BASIC,91,A task releases all its locks before it terminates,G (return_Achieving_Task -> not_subscriber_this_p_memory_property),F(return_Achieving_Task) -> F(!not_subscriber_this_p_memory_property),False
BASIC,91,A task releases all its locks before it terminates,G (return_Achieving_Task -> not_subscriber_this_p_memory_property),F(return_Achieving_Task) -> F(!not_subscriber_this_p_memory_property),False
BASIC,91,A task releases all its locks before it terminates,G (return_Achieving_Task -> not_subscriber_this_p_memory_property),F(return_Achieving_Task) -> F(!not_subscriber_this_p_memory_property),False
BASIC,91,A task releases all its locks before it terminates,G (return_Achieving_Task -> not_subscriber_this_p_memory_property),F(return_Achieving_Task) -> F(!not_subscriber_this_p_memory_property),False
BASIC,91,A task releases all its locks before it terminates,G (return_Achieving_Task -> not_subscriber_this_p_memory_property),F(return_Achieving_Task) -> F(!not_subscriber_this_p_memory_property),False
BASIC,91,A task releases all its locks before it terminates,G (return_Achieving_Task -> not_subscriber_this_p_memory_property),F(return_Achieving_Task) -> F(!not_subscriber_this_p_memory_property),False
BASIC,91,A task releases all its locks before it terminates,G (return_Achieving_Task -> not_subscriber_this_p_memory_property),F(return_Achieving_Task) -> F(!not_subscriber_this_p_memory_property),False
BASIC,91,A task releases all its locks before it terminates,G (return_Achieving_Task -> not_subscriber_this_p_memory_property),F(return_Achieving_Task) -> F(!not_subscriber_this_p_memory_property),False
BASIC,91,A task releases all its locks before it terminates,G (return_Achieving_Task -> not_subscriber_this_p_memory_property),F(return_Achieving_Task) -> F(!not_subscriber_this_p_memory_property),False
BASIC,91,A task releases all its locks before it terminates,G (return_Achieving_Task -> not_subscriber_this_p_memory_property),F(return_Achieving_Task) -> F(!not_subscriber_this_p_memory_property),False
BASIC,91,A task releases all its locks before it terminates,G (return_Achieving_Task -> not_subscriber_this_p_memory_property),F(return_Achieving_Task) -> F(!not_subscriber_this_p_memory_property),False
BASIC,91,A task releases all its locks before it terminates,G (return_Achieving_Task -> not_subscriber_this_p_memory_property),F(return_Achieving_Task) -> F(!not_subscriber_this_p_memory_property),False
BASIC,91,A task releases all its locks before it terminates,G (return_Achieving_Task -> not_subscriber_this_p_memory_property),F(return_Achieving_Task) -> F(!not_subscriber_this_p_memory_property),False
BASIC,91,A task releases all its locks before it terminates,G (return_Achieving_Task -> not_subscriber_this_p_memory_property),F(return_Achieving_Task) -> F(!not_subscriber_this_p_memory_property),False
BASIC,91,A task releases all its locks before it terminates,G (return_Achieving_Task -> not_subscriber_this_p_memory_property),F(return_Achieving_Task) -> F(!not_subscriber_this_p_memory_property),False
BASIC,91,A task releases all its locks before it terminates,G (return_Achieving_Task -> not_subscriber_this_p_memory_property),F(return_Achieving_Task) -> F(!not_subscriber_this_p_memory_property),False
BASIC,91,A task releases all its locks before it terminates,G (return_Achieving_Task -> not_subscriber_this_p_memory_property),F(return_Achieving_Task) -> F(!not_subscriber_this_p_memory_property),False
BASIC,91,A task releases all its locks before it terminates,G (return_Achieving_Task -> not_subscriber_this_p_memory_property),F(return_Achieving_Task) -> F(!not_subscriber_this_p_memory_property),False
BASIC,91,A task releases all its locks before it terminates,G (return_Achieving_Task -> not_subscriber_this_p_memory_property),F(return_Achieving_Task) -> F(!not_subscriber_this_p_memory_property),False
BASIC,91,A task releases all its locks before it terminates,G (return_Achieving_Task -> not_subscriber_this_p_memory_property),F(return_Achieving_Task) -> F(!not_subscriber_this_p_memory_property),False
BASIC,91,A task releases all its locks before it terminates,G (return_Achieving_Task -> not_subscriber_this_p_memory_property),F(return_Achieving_Task) -> F(!not_subscriber_this_p_memory_property),False
BASIC,91,A task releases all its locks before it terminates,G (return_Achieving_Task -> not_subscriber_this_p_memory_property),F(return_Achieving_Task) -> F(!not_subscriber_this_p_memory_property),False
BASIC,91,A task releases all its locks before it terminates,G (return_Achieving_Task -> not_subscriber_this_p_memory_property),F(return_Achieving_Task) -> F(!not_subscriber_this_p_memory_property),False
BASIC,91,A task releases all its locks before it terminates,G (return_Achieving_Task -> not_subscriber_this_p_memory_property),F(return_Achieving_Task) -> F(!not_subscriber_this_p_memory_property),False
BASIC,91,A task releases all its locks before it terminates,G (return_Achieving_Task -> not_subscriber_this_p_memory_property),F(return_Achieving_Task) -> F(!not_subscriber_this_p_memory_property),False
BASIC,91,A task releases all its locks before it terminates,G (return_Achieving_Task -> not_subscriber_this_p_memory_property),F(return_Achieving_Task) -> F(!not_subscriber_this_p_memory_property),False
BASIC,91,A task releases all its locks before it terminates,G (return_Achieving_Task -> not_subscriber_this_p_memory_property),F(return_Achieving_Task) -> F(!not_subscriber_this_p_memory_property U return_Achieving_Task),False
BASIC,91,A task releases all its locks before it terminates,G (return_Achieving_Task -> not_subscriber_this_p_memory_property),F(return_Achieving_Task) -> F(!not_subscriber_this_p_memory_property),False
BASIC,91,A task releases all its locks before it terminates,G (return_Achieving_Task -> not_subscriber_this_p_memory_property),F(return_Achieving_Task) -> F(!not_subscriber_this_p_memory_property),False
BASIC,91,A task releases all its locks before it terminates,G (return_Achieving_Task -> not_subscriber_this_p_memory_property),F(return_Achieving_Task) -> F(!not_subscriber_this_p_memory_property),False
BASIC,91,A task releases all its locks before it terminates,G (return_Achieving_Task -> not_subscriber_this_p_memory_property),F(return_Achieving_Task) -> F(!not_subscriber_this_p_memory_property),False
