PROMPTTYPE,Index,Requirement,Ground Truth,Response,Equivalent
BASIC,8,"Parity Error, ESC Error, gotFCT, gotN-Char and gotBC are only enabled after the first Null has been received (i.e. gotNull asserted)",G((first_Null_received) -> X((Parity_Error_enable) & (ESC_Error_enable) & (gotFCT_enable) & (gotNChar_enable) & (gotBC_enable))),G ( (ESC_Error_enable | Parity_Error_enable | gotFCT_enable | gotNChar_enable | gotBC_enable) -> F first_Null_received ),False
BASIC,8,"Parity Error, ESC Error, gotFCT, gotN-Char and gotBC are only enabled after the first Null has been received (i.e. gotNull asserted)",G((first_Null_received) -> X((Parity_Error_enable) & (ESC_Error_enable) & (gotFCT_enable) & (gotNChar_enable) & (gotBC_enable))),G ( (ESC_Error_enable | Parity_Error_enable | gotFCT_enable | gotNChar_enable | gotBC_enable) -> F first_Null_received ) & G ( !first_Null_received -> !(ESC_Error_enable | Parity_Error_enable | gotFCT_enable | gotNChar_enable | gotBC_enable),None
BASIC,8,"Parity Error, ESC Error, gotFCT, gotN-Char and gotBC are only enabled after the first Null has been received (i.e. gotNull asserted)",G((first_Null_received) -> X((Parity_Error_enable) & (ESC_Error_enable) & (gotFCT_enable) & (gotNChar_enable) & (gotBC_enable))),G (!first_Null_received -> (!ESC_Error_enable & !Parity_Error_enable & !gotFCT_enable & !gotNChar_enable & !gotBC_enable)),False
BASIC,8,"Parity Error, ESC Error, gotFCT, gotN-Char and gotBC are only enabled after the first Null has been received (i.e. gotNull asserted)",G((first_Null_received) -> X((Parity_Error_enable) & (ESC_Error_enable) & (gotFCT_enable) & (gotNChar_enable) & (gotBC_enable))),G ( (ESC_Error_enable | Parity_Error_enable | gotFCT_enable | gotNChar_enable | gotBC_enable) -> F first_Null_received ),False
BASIC,8,"Parity Error, ESC Error, gotFCT, gotN-Char and gotBC are only enabled after the first Null has been received (i.e. gotNull asserted)",G((first_Null_received) -> X((Parity_Error_enable) & (ESC_Error_enable) & (gotFCT_enable) & (gotNChar_enable) & (gotBC_enable))),G ( (ESC_Error_enable | Parity_Error_enable | gotFCT_enable | gotNChar_enable | gotBC_enable) -> F first_Null_received ) & G ( !first_Null_received -> !(ESC_Error_enable | Parity_Error_enable | gotFCT_enable | gotNChar_enable | gotBC_enable),None
BASIC,8,"Parity Error, ESC Error, gotFCT, gotN-Char and gotBC are only enabled after the first Null has been received (i.e. gotNull asserted)",G((first_Null_received) -> X((Parity_Error_enable) & (ESC_Error_enable) & (gotFCT_enable) & (gotNChar_enable) & (gotBC_enable))),G (!first_Null_received -> (!ESC_Error_enable & !Parity_Error_enable & !gotBC_enable & !gotFCT_enable & !gotNChar_enable)),False
BASIC,8,"Parity Error, ESC Error, gotFCT, gotN-Char and gotBC are only enabled after the first Null has been received (i.e. gotNull asserted)",G((first_Null_received) -> X((Parity_Error_enable) & (ESC_Error_enable) & (gotFCT_enable) & (gotNChar_enable) & (gotBC_enable))),G (!first_Null_received -> (!ESC_Error_enable & !Parity_Error_enable & !gotFCT_enable & !gotNChar_enable & !gotBC_enable)),False
BASIC,8,"Parity Error, ESC Error, gotFCT, gotN-Char and gotBC are only enabled after the first Null has been received (i.e. gotNull asserted)",G((first_Null_received) -> X((Parity_Error_enable) & (ESC_Error_enable) & (gotFCT_enable) & (gotNChar_enable) & (gotBC_enable))),G ( (ESC_Error_enable | Parity_Error_enable | gotFCT_enable | gotNChar_enable | gotBC_enable) -> F first_Null_received ),False
BASIC,8,"Parity Error, ESC Error, gotFCT, gotN-Char and gotBC are only enabled after the first Null has been received (i.e. gotNull asserted)",G((first_Null_received) -> X((Parity_Error_enable) & (ESC_Error_enable) & (gotFCT_enable) & (gotNChar_enable) & (gotBC_enable))),G ( (ESC_Error_enable | Parity_Error_enable | gotFCT_enable | gotNChar_enable | gotBC_enable) -> F first_Null_received ),False
BASIC,8,"Parity Error, ESC Error, gotFCT, gotN-Char and gotBC are only enabled after the first Null has been received (i.e. gotNull asserted)",G((first_Null_received) -> X((Parity_Error_enable) & (ESC_Error_enable) & (gotFCT_enable) & (gotNChar_enable) & (gotBC_enable))),G ( (ESC_Error_enable | Parity_Error_enable | gotFCT_enable | gotNChar_enable | gotBC_enable) -> F first_Null_received ),False
BASIC,8,"Parity Error, ESC Error, gotFCT, gotN-Char and gotBC are only enabled after the first Null has been received (i.e. gotNull asserted)",G((first_Null_received) -> X((Parity_Error_enable) & (ESC_Error_enable) & (gotFCT_enable) & (gotNChar_enable) & (gotBC_enable))),G (!first_Null_received -> (!ESC_Error_enable & !Parity_Error_enable & !gotFCT_enable & !gotNChar_enable & !gotBC_enable)),False
BASIC,8,"Parity Error, ESC Error, gotFCT, gotN-Char and gotBC are only enabled after the first Null has been received (i.e. gotNull asserted)",G((first_Null_received) -> X((Parity_Error_enable) & (ESC_Error_enable) & (gotFCT_enable) & (gotNChar_enable) & (gotBC_enable))),G ( (ESC_Error_enable | Parity_Error_enable | gotFCT_enable | gotNChar_enable | gotBC_enable) -> F first_Null_received ) & G ( !first_Null_received -> !(ESC_Error_enable | Parity_Error_enable | gotFCT_enable | gotNChar_enable | gotBC_enable),None
BASIC,8,"Parity Error, ESC Error, gotFCT, gotN-Char and gotBC are only enabled after the first Null has been received (i.e. gotNull asserted)",G((first_Null_received) -> X((Parity_Error_enable) & (ESC_Error_enable) & (gotFCT_enable) & (gotNChar_enable) & (gotBC_enable))),G ( (ESC_Error_enable | Parity_Error_enable | gotFCT_enable | gotNChar_enable | gotBC_enable) -> F first_Null_received ),False
BASIC,8,"Parity Error, ESC Error, gotFCT, gotN-Char and gotBC are only enabled after the first Null has been received (i.e. gotNull asserted)",G((first_Null_received) -> X((Parity_Error_enable) & (ESC_Error_enable) & (gotFCT_enable) & (gotNChar_enable) & (gotBC_enable))),G ( (ESC_Error_enable | Parity_Error_enable | gotFCT_enable | gotNChar_enable | gotBC_enable) -> F first_Null_received ),False
BASIC,8,"Parity Error, ESC Error, gotFCT, gotN-Char and gotBC are only enabled after the first Null has been received (i.e. gotNull asserted)",G((first_Null_received) -> X((Parity_Error_enable) & (ESC_Error_enable) & (gotFCT_enable) & (gotNChar_enable) & (gotBC_enable))),G ( (ESC_Error_enable | Parity_Error_enable | gotFCT_enable | gotNChar_enable | gotBC_enable) -> F first_Null_received ) & G ( !first_Null_received -> !(ESC_Error_enable | Parity_Error_enable | gotFCT_enable | gotNChar_enable | gotBC_enable),None
BASIC,8,"Parity Error, ESC Error, gotFCT, gotN-Char and gotBC are only enabled after the first Null has been received (i.e. gotNull asserted)",G((first_Null_received) -> X((Parity_Error_enable) & (ESC_Error_enable) & (gotFCT_enable) & (gotNChar_enable) & (gotBC_enable))),G ( (ESC_Error_enable | Parity_Error_enable | gotFCT_enable | gotNChar_enable | gotBC_enable) -> F first_Null_received ) & G ( !first_Null_received -> !(ESC_Error_enable | Parity_Error_enable | gotFCT_enable | gotNChar_enable | gotBC_enable),None
BASIC,8,"Parity Error, ESC Error, gotFCT, gotN-Char and gotBC are only enabled after the first Null has been received (i.e. gotNull asserted)",G((first_Null_received) -> X((Parity_Error_enable) & (ESC_Error_enable) & (gotFCT_enable) & (gotNChar_enable) & (gotBC_enable))),G (!first_Null_received -> (!ESC_Error_enable & !Parity_Error_enable & !gotBC_enable & !gotFCT_enable & !gotNChar_enable)),False
BASIC,8,"Parity Error, ESC Error, gotFCT, gotN-Char and gotBC are only enabled after the first Null has been received (i.e. gotNull asserted)",G((first_Null_received) -> X((Parity_Error_enable) & (ESC_Error_enable) & (gotFCT_enable) & (gotNChar_enable) & (gotBC_enable))),G ( (ESC_Error_enable | Parity_Error_enable | gotFCT_enable | gotNChar_enable | gotBC_enable) -> F first_Null_received ) & G ( !first_Null_received -> !(ESC_Error_enable | Parity_Error_enable | gotFCT_enable | gotNChar_enable | gotBC_enable),None
BASIC,8,"Parity Error, ESC Error, gotFCT, gotN-Char and gotBC are only enabled after the first Null has been received (i.e. gotNull asserted)",G((first_Null_received) -> X((Parity_Error_enable) & (ESC_Error_enable) & (gotFCT_enable) & (gotNChar_enable) & (gotBC_enable))),G (!first_Null_received -> (!Parity_Error_enable & !ESC_Error_enable & !gotFCT_enable & !gotNChar_enable & !gotBC_enable)),False
BASIC,8,"Parity Error, ESC Error, gotFCT, gotN-Char and gotBC are only enabled after the first Null has been received (i.e. gotNull asserted)",G((first_Null_received) -> X((Parity_Error_enable) & (ESC_Error_enable) & (gotFCT_enable) & (gotNChar_enable) & (gotBC_enable))),G ( (ESC_Error_enable | Parity_Error_enable | gotFCT_enable | gotNChar_enable | gotBC_enable) -> F first_Null_received ),False
BASIC,8,"Parity Error, ESC Error, gotFCT, gotN-Char and gotBC are only enabled after the first Null has been received (i.e. gotNull asserted)",G((first_Null_received) -> X((Parity_Error_enable) & (ESC_Error_enable) & (gotFCT_enable) & (gotNChar_enable) & (gotBC_enable))),G ( (ESC_Error_enable | Parity_Error_enable | gotFCT_enable | gotNChar_enable | gotBC_enable) -> F first_Null_received ),False
BASIC,8,"Parity Error, ESC Error, gotFCT, gotN-Char and gotBC are only enabled after the first Null has been received (i.e. gotNull asserted)",G((first_Null_received) -> X((Parity_Error_enable) & (ESC_Error_enable) & (gotFCT_enable) & (gotNChar_enable) & (gotBC_enable))),G ( (ESC_Error_enable | Parity_Error_enable | gotFCT_enable | gotNChar_enable | gotBC_enable) -> F first_Null_received ),False
BASIC,8,"Parity Error, ESC Error, gotFCT, gotN-Char and gotBC are only enabled after the first Null has been received (i.e. gotNull asserted)",G((first_Null_received) -> X((Parity_Error_enable) & (ESC_Error_enable) & (gotFCT_enable) & (gotNChar_enable) & (gotBC_enable))),G ( (ESC_Error_enable | Parity_Error_enable | gotFCT_enable | gotNChar_enable | gotBC_enable) -> F first_Null_received ),False
BASIC,8,"Parity Error, ESC Error, gotFCT, gotN-Char and gotBC are only enabled after the first Null has been received (i.e. gotNull asserted)",G((first_Null_received) -> X((Parity_Error_enable) & (ESC_Error_enable) & (gotFCT_enable) & (gotNChar_enable) & (gotBC_enable))),G ( (ESC_Error_enable | Parity_Error_enable | gotFCT_enable | gotNChar_enable | gotBC_enable) -> F first_Null_received ),False
BASIC,8,"Parity Error, ESC Error, gotFCT, gotN-Char and gotBC are only enabled after the first Null has been received (i.e. gotNull asserted)",G((first_Null_received) -> X((Parity_Error_enable) & (ESC_Error_enable) & (gotFCT_enable) & (gotNChar_enable) & (gotBC_enable))),G ( (ESC_Error_enable | Parity_Error_enable | gotFCT_enable | gotNChar_enable | gotBC_enable) -> F first_Null_received ) & G ( !first_Null_received -> !(ESC_Error_enable | Parity_Error_enable | gotFCT_enable | gotNChar_enable | gotBC_enable),None
BASIC,8,"Parity Error, ESC Error, gotFCT, gotN-Char and gotBC are only enabled after the first Null has been received (i.e. gotNull asserted)",G((first_Null_received) -> X((Parity_Error_enable) & (ESC_Error_enable) & (gotFCT_enable) & (gotNChar_enable) & (gotBC_enable))),G ( (ESC_Error_enable | Parity_Error_enable | gotFCT_enable | gotNChar_enable | gotBC_enable) -> F first_Null_received ) & G ( !first_Null_received -> !(ESC_Error_enable | Parity_Error_enable | gotFCT_enable | gotNChar_enable | gotBC_enable),None
BASIC,8,"Parity Error, ESC Error, gotFCT, gotN-Char and gotBC are only enabled after the first Null has been received (i.e. gotNull asserted)",G((first_Null_received) -> X((Parity_Error_enable) & (ESC_Error_enable) & (gotFCT_enable) & (gotNChar_enable) & (gotBC_enable))),G ( (ESC_Error_enable | Parity_Error_enable | gotFCT_enable | gotNChar_enable | gotBC_enable) -> F first_Null_received ),False
BASIC,8,"Parity Error, ESC Error, gotFCT, gotN-Char and gotBC are only enabled after the first Null has been received (i.e. gotNull asserted)",G((first_Null_received) -> X((Parity_Error_enable) & (ESC_Error_enable) & (gotFCT_enable) & (gotNChar_enable) & (gotBC_enable))),G ( (ESC_Error_enable | Parity_Error_enable | gotFCT_enable | gotNChar_enable | gotBC_enable) -> F first_Null_received ),False
BASIC,8,"Parity Error, ESC Error, gotFCT, gotN-Char and gotBC are only enabled after the first Null has been received (i.e. gotNull asserted)",G((first_Null_received) -> X((Parity_Error_enable) & (ESC_Error_enable) & (gotFCT_enable) & (gotNChar_enable) & (gotBC_enable))),G ( (ESC_Error_enable | Parity_Error_enable | gotFCT_enable | gotNChar_enable | gotBC_enable) -> F first_Null_received ) & G ( !first_Null_received -> !(ESC_Error_enable | Parity_Error_enable | gotFCT_enable | gotNChar_enable | gotBC_enable),None
BASIC,8,"Parity Error, ESC Error, gotFCT, gotN-Char and gotBC are only enabled after the first Null has been received (i.e. gotNull asserted)",G((first_Null_received) -> X((Parity_Error_enable) & (ESC_Error_enable) & (gotFCT_enable) & (gotNChar_enable) & (gotBC_enable))),G ( (ESC_Error_enable | Parity_Error_enable | gotFCT_enable | gotNChar_enable | gotBC_enable) -> F first_Null_received ),False
BASIC,8,"Parity Error, ESC Error, gotFCT, gotN-Char and gotBC are only enabled after the first Null has been received (i.e. gotNull asserted)",G((first_Null_received) -> X((Parity_Error_enable) & (ESC_Error_enable) & (gotFCT_enable) & (gotNChar_enable) & (gotBC_enable))),G ( (ESC_Error_enable | Parity_Error_enable | gotFCT_enable | gotNChar_enable | gotBC_enable) -> F first_Null_received ),False
BASIC,8,"Parity Error, ESC Error, gotFCT, gotN-Char and gotBC are only enabled after the first Null has been received (i.e. gotNull asserted)",G((first_Null_received) -> X((Parity_Error_enable) & (ESC_Error_enable) & (gotFCT_enable) & (gotNChar_enable) & (gotBC_enable))),G ( (ESC_Error_enable | Parity_Error_enable | gotFCT_enable | gotNChar_enable | gotBC_enable) -> F first_Null_received ),False
BASIC,8,"Parity Error, ESC Error, gotFCT, gotN-Char and gotBC are only enabled after the first Null has been received (i.e. gotNull asserted)",G((first_Null_received) -> X((Parity_Error_enable) & (ESC_Error_enable) & (gotFCT_enable) & (gotNChar_enable) & (gotBC_enable))),G (!first_Null_received -> (!ESC_Error_enable & !Parity_Error_enable & !gotFCT_enable & !gotNChar_enable & !gotBC_enable)),False
BASIC,8,"Parity Error, ESC Error, gotFCT, gotN-Char and gotBC are only enabled after the first Null has been received (i.e. gotNull asserted)",G((first_Null_received) -> X((Parity_Error_enable) & (ESC_Error_enable) & (gotFCT_enable) & (gotNChar_enable) & (gotBC_enable))),G (!first_Null_received -> (!ESC_Error_enable & !Parity_Error_enable & !gotFCT_enable & !gotNChar_enable & !gotBC_enable)),False
BASIC,8,"Parity Error, ESC Error, gotFCT, gotN-Char and gotBC are only enabled after the first Null has been received (i.e. gotNull asserted)",G((first_Null_received) -> X((Parity_Error_enable) & (ESC_Error_enable) & (gotFCT_enable) & (gotNChar_enable) & (gotBC_enable))),G ( (ESC_Error_enable | Parity_Error_enable | gotFCT_enable | gotNChar_enable | gotBC_enable) -> F first_Null_received ),False
BASIC,8,"Parity Error, ESC Error, gotFCT, gotN-Char and gotBC are only enabled after the first Null has been received (i.e. gotNull asserted)",G((first_Null_received) -> X((Parity_Error_enable) & (ESC_Error_enable) & (gotFCT_enable) & (gotNChar_enable) & (gotBC_enable))),G ( (ESC_Error_enable | Parity_Error_enable | gotFCT_enable | gotNChar_enable | gotBC_enable) -> F first_Null_received ),False
BASIC,8,"Parity Error, ESC Error, gotFCT, gotN-Char and gotBC are only enabled after the first Null has been received (i.e. gotNull asserted)",G((first_Null_received) -> X((Parity_Error_enable) & (ESC_Error_enable) & (gotFCT_enable) & (gotNChar_enable) & (gotBC_enable))),G (!first_Null_received -> (!ESC_Error_enable & !Parity_Error_enable & !gotFCT_enable & !gotNChar_enable & !gotBC_enable)),False
BASIC,8,"Parity Error, ESC Error, gotFCT, gotN-Char and gotBC are only enabled after the first Null has been received (i.e. gotNull asserted)",G((first_Null_received) -> X((Parity_Error_enable) & (ESC_Error_enable) & (gotFCT_enable) & (gotNChar_enable) & (gotBC_enable))),G ( (ESC_Error_enable | Parity_Error_enable | gotFCT_enable | gotNChar_enable | gotBC_enable) -> F first_Null_received ),False
BASIC,8,"Parity Error, ESC Error, gotFCT, gotN-Char and gotBC are only enabled after the first Null has been received (i.e. gotNull asserted)",G((first_Null_received) -> X((Parity_Error_enable) & (ESC_Error_enable) & (gotFCT_enable) & (gotNChar_enable) & (gotBC_enable))),G ( (ESC_Error_enable | Parity_Error_enable | gotFCT_enable | gotNChar_enable | gotBC_enable) -> F first_Null_received ),False
BASIC,8,"Parity Error, ESC Error, gotFCT, gotN-Char and gotBC are only enabled after the first Null has been received (i.e. gotNull asserted)",G((first_Null_received) -> X((Parity_Error_enable) & (ESC_Error_enable) & (gotFCT_enable) & (gotNChar_enable) & (gotBC_enable))),G ( (ESC_Error_enable | Parity_Error_enable | gotFCT_enable | gotNChar_enable | gotBC_enable) -> F first_Null_received ),False
BASIC,8,"Parity Error, ESC Error, gotFCT, gotN-Char and gotBC are only enabled after the first Null has been received (i.e. gotNull asserted)",G((first_Null_received) -> X((Parity_Error_enable) & (ESC_Error_enable) & (gotFCT_enable) & (gotNChar_enable) & (gotBC_enable))),G ( (ESC_Error_enable | Parity_Error_enable | gotFCT_enable | gotNChar_enable | gotBC_enable) -> F first_Null_received ),False
BASIC,8,"Parity Error, ESC Error, gotFCT, gotN-Char and gotBC are only enabled after the first Null has been received (i.e. gotNull asserted)",G((first_Null_received) -> X((Parity_Error_enable) & (ESC_Error_enable) & (gotFCT_enable) & (gotNChar_enable) & (gotBC_enable))),G (!first_Null_received -> (!Parity_Error_enable & !ESC_Error_enable & !gotFCT_enable & !gotNChar_enable & !gotBC_enable)),False
BASIC,8,"Parity Error, ESC Error, gotFCT, gotN-Char and gotBC are only enabled after the first Null has been received (i.e. gotNull asserted)",G((first_Null_received) -> X((Parity_Error_enable) & (ESC_Error_enable) & (gotFCT_enable) & (gotNChar_enable) & (gotBC_enable))),G ( (ESC_Error_enable | Parity_Error_enable | gotFCT_enable | gotNChar_enable | gotBC_enable) -> F first_Null_received ) & G ( !first_Null_received -> !(ESC_Error_enable | Parity_Error_enable | gotFCT_enable | gotNChar_enable | gotBC_enable),None
BASIC,8,"Parity Error, ESC Error, gotFCT, gotN-Char and gotBC are only enabled after the first Null has been received (i.e. gotNull asserted)",G((first_Null_received) -> X((Parity_Error_enable) & (ESC_Error_enable) & (gotFCT_enable) & (gotNChar_enable) & (gotBC_enable))),G (!first_Null_received -> (!ESC_Error_enable & !Parity_Error_enable & !gotFCT_enable & !gotNChar_enable & !gotBC_enable)),False
BASIC,8,"Parity Error, ESC Error, gotFCT, gotN-Char and gotBC are only enabled after the first Null has been received (i.e. gotNull asserted)",G((first_Null_received) -> X((Parity_Error_enable) & (ESC_Error_enable) & (gotFCT_enable) & (gotNChar_enable) & (gotBC_enable))),G ( (ESC_Error_enable | Parity_Error_enable | gotFCT_enable | gotNChar_enable | gotBC_enable) -> F first_Null_received ),False
BASIC,8,"Parity Error, ESC Error, gotFCT, gotN-Char and gotBC are only enabled after the first Null has been received (i.e. gotNull asserted)",G((first_Null_received) -> X((Parity_Error_enable) & (ESC_Error_enable) & (gotFCT_enable) & (gotNChar_enable) & (gotBC_enable))),G ( (ESC_Error_enable | Parity_Error_enable | gotFCT_enable | gotNChar_enable | gotBC_enable) -> F first_Null_received ) & G ( !first_Null_received -> !(ESC_Error_enable | Parity_Error_enable | gotFCT_enable | gotNChar_enable | gotBC_enable),None
BASIC,8,"Parity Error, ESC Error, gotFCT, gotN-Char and gotBC are only enabled after the first Null has been received (i.e. gotNull asserted)",G((first_Null_received) -> X((Parity_Error_enable) & (ESC_Error_enable) & (gotFCT_enable) & (gotNChar_enable) & (gotBC_enable))),G ( (ESC_Error_enable | Parity_Error_enable | gotFCT_enable | gotNChar_enable | gotBC_enable) -> F first_Null_received ),False
BASIC,8,"Parity Error, ESC Error, gotFCT, gotN-Char and gotBC are only enabled after the first Null has been received (i.e. gotNull asserted)",G((first_Null_received) -> X((Parity_Error_enable) & (ESC_Error_enable) & (gotFCT_enable) & (gotNChar_enable) & (gotBC_enable))),G ( (ESC_Error_enable | Parity_Error_enable | gotFCT_enable | gotNChar_enable | gotBC_enable) -> F first_Null_received ) & G ( !first_Null_received -> !(ESC_Error_enable | Parity_Error_enable | gotFCT_enable | gotNChar_enable | gotBC_enable),None
BASIC,8,"Parity Error, ESC Error, gotFCT, gotN-Char and gotBC are only enabled after the first Null has been received (i.e. gotNull asserted)",G((first_Null_received) -> X((Parity_Error_enable) & (ESC_Error_enable) & (gotFCT_enable) & (gotNChar_enable) & (gotBC_enable))),G ( (ESC_Error_enable | Parity_Error_enable | gotFCT_enable | gotNChar_enable | gotBC_enable) -> F first_Null_received ),False
BASIC,8,"Parity Error, ESC Error, gotFCT, gotN-Char and gotBC are only enabled after the first Null has been received (i.e. gotNull asserted)",G((first_Null_received) -> X((Parity_Error_enable) & (ESC_Error_enable) & (gotFCT_enable) & (gotNChar_enable) & (gotBC_enable))),G ( (ESC_Error_enable | Parity_Error_enable | gotFCT_enable | gotNChar_enable | gotBC_enable) -> F first_Null_received ),False
BASIC,8,"Parity Error, ESC Error, gotFCT, gotN-Char and gotBC are only enabled after the first Null has been received (i.e. gotNull asserted)",G((first_Null_received) -> X((Parity_Error_enable) & (ESC_Error_enable) & (gotFCT_enable) & (gotNChar_enable) & (gotBC_enable))),G ( (ESC_Error_enable | Parity_Error_enable | gotFCT_enable | gotNChar_enable | gotBC_enable) -> F first_Null_received ),False
BASIC,8,"Parity Error, ESC Error, gotFCT, gotN-Char and gotBC are only enabled after the first Null has been received (i.e. gotNull asserted)",G((first_Null_received) -> X((Parity_Error_enable) & (ESC_Error_enable) & (gotFCT_enable) & (gotNChar_enable) & (gotBC_enable))),G (!first_Null_received -> (!Parity_Error_enable & !ESC_Error_enable & !gotFCT_enable & !gotNChar_enable & !gotBC_enable)),False
BASIC,8,"Parity Error, ESC Error, gotFCT, gotN-Char and gotBC are only enabled after the first Null has been received (i.e. gotNull asserted)",G((first_Null_received) -> X((Parity_Error_enable) & (ESC_Error_enable) & (gotFCT_enable) & (gotNChar_enable) & (gotBC_enable))),G ( (ESC_Error_enable | Parity_Error_enable | gotFCT_enable | gotNChar_enable | gotBC_enable) -> F first_Null_received ),False
BASIC,8,"Parity Error, ESC Error, gotFCT, gotN-Char and gotBC are only enabled after the first Null has been received (i.e. gotNull asserted)",G((first_Null_received) -> X((Parity_Error_enable) & (ESC_Error_enable) & (gotFCT_enable) & (gotNChar_enable) & (gotBC_enable))),G ( (ESC_Error_enable | Parity_Error_enable | gotFCT_enable | gotNChar_enable | gotBC_enable) -> F first_Null_received ) & G ( !first_Null_received -> !(ESC_Error_enable | Parity_Error_enable | gotFCT_enable | gotNChar_enable | gotBC_enable),None
BASIC,8,"Parity Error, ESC Error, gotFCT, gotN-Char and gotBC are only enabled after the first Null has been received (i.e. gotNull asserted)",G((first_Null_received) -> X((Parity_Error_enable) & (ESC_Error_enable) & (gotFCT_enable) & (gotNChar_enable) & (gotBC_enable))),G ( (ESC_Error_enable | Parity_Error_enable | gotFCT_enable | gotNChar_enable | gotBC_enable) -> F first_Null_received ),False
BASIC,8,"Parity Error, ESC Error, gotFCT, gotN-Char and gotBC are only enabled after the first Null has been received (i.e. gotNull asserted)",G((first_Null_received) -> X((Parity_Error_enable) & (ESC_Error_enable) & (gotFCT_enable) & (gotNChar_enable) & (gotBC_enable))),G ( (ESC_Error_enable | Parity_Error_enable | gotFCT_enable | gotNChar_enable | gotBC_enable) -> F first_Null_received ),False
BASIC,8,"Parity Error, ESC Error, gotFCT, gotN-Char and gotBC are only enabled after the first Null has been received (i.e. gotNull asserted)",G((first_Null_received) -> X((Parity_Error_enable) & (ESC_Error_enable) & (gotFCT_enable) & (gotNChar_enable) & (gotBC_enable))),G ( (ESC_Error_enable | Parity_Error_enable | gotFCT_enable | gotNChar_enable | gotBC_enable) -> F first_Null_received ),False
BASIC,8,"Parity Error, ESC Error, gotFCT, gotN-Char and gotBC are only enabled after the first Null has been received (i.e. gotNull asserted)",G((first_Null_received) -> X((Parity_Error_enable) & (ESC_Error_enable) & (gotFCT_enable) & (gotNChar_enable) & (gotBC_enable))),G ( (ESC_Error_enable | Parity_Error_enable | gotFCT_enable | gotNChar_enable | gotBC_enable) -> F first_Null_received ),False
BASIC,8,"Parity Error, ESC Error, gotFCT, gotN-Char and gotBC are only enabled after the first Null has been received (i.e. gotNull asserted)",G((first_Null_received) -> X((Parity_Error_enable) & (ESC_Error_enable) & (gotFCT_enable) & (gotNChar_enable) & (gotBC_enable))),G ( (ESC_Error_enable | Parity_Error_enable | gotFCT_enable | gotNChar_enable | gotBC_enable) -> F first_Null_received ) & G ( !first_Null_received -> !(ESC_Error_enable | Parity_Error_enable | gotFCT_enable | gotNChar_enable | gotBC_enable),None
BASIC,8,"Parity Error, ESC Error, gotFCT, gotN-Char and gotBC are only enabled after the first Null has been received (i.e. gotNull asserted)",G((first_Null_received) -> X((Parity_Error_enable) & (ESC_Error_enable) & (gotFCT_enable) & (gotNChar_enable) & (gotBC_enable))),G ( (ESC_Error_enable | Parity_Error_enable | gotFCT_enable | gotNChar_enable | gotBC_enable) -> F first_Null_received ),False
BASIC,8,"Parity Error, ESC Error, gotFCT, gotN-Char and gotBC are only enabled after the first Null has been received (i.e. gotNull asserted)",G((first_Null_received) -> X((Parity_Error_enable) & (ESC_Error_enable) & (gotFCT_enable) & (gotNChar_enable) & (gotBC_enable))),G (!first_Null_received -> (!ESC_Error_enable & !Parity_Error_enable & !gotBC_enable & !gotFCT_enable & !gotNChar_enable)),False
BASIC,8,"Parity Error, ESC Error, gotFCT, gotN-Char and gotBC are only enabled after the first Null has been received (i.e. gotNull asserted)",G((first_Null_received) -> X((Parity_Error_enable) & (ESC_Error_enable) & (gotFCT_enable) & (gotNChar_enable) & (gotBC_enable))),G (!first_Null_received -> (!ESC_Error_enable & !Parity_Error_enable & !gotFCT_enable & !gotNChar_enable & !gotBC_enable)),False
BASIC,8,"Parity Error, ESC Error, gotFCT, gotN-Char and gotBC are only enabled after the first Null has been received (i.e. gotNull asserted)",G((first_Null_received) -> X((Parity_Error_enable) & (ESC_Error_enable) & (gotFCT_enable) & (gotNChar_enable) & (gotBC_enable))),G (!first_Null_received -> (!ESC_Error_enable & !Parity_Error_enable & !gotFCT_enable & !gotNChar_enable & !gotBC_enable)),False
BASIC,8,"Parity Error, ESC Error, gotFCT, gotN-Char and gotBC are only enabled after the first Null has been received (i.e. gotNull asserted)",G((first_Null_received) -> X((Parity_Error_enable) & (ESC_Error_enable) & (gotFCT_enable) & (gotNChar_enable) & (gotBC_enable))),G ( (ESC_Error_enable | Parity_Error_enable | gotFCT_enable | gotNChar_enable | gotBC_enable) -> F first_Null_received ),False
BASIC,8,"Parity Error, ESC Error, gotFCT, gotN-Char and gotBC are only enabled after the first Null has been received (i.e. gotNull asserted)",G((first_Null_received) -> X((Parity_Error_enable) & (ESC_Error_enable) & (gotFCT_enable) & (gotNChar_enable) & (gotBC_enable))),G ( (ESC_Error_enable | Parity_Error_enable | gotFCT_enable | gotNChar_enable | gotBC_enable) -> F first_Null_received ) & G ( !first_Null_received -> !(ESC_Error_enable | Parity_Error_enable | gotFCT_enable | gotNChar_enable | gotBC_enable),None
BASIC,8,"Parity Error, ESC Error, gotFCT, gotN-Char and gotBC are only enabled after the first Null has been received (i.e. gotNull asserted)",G((first_Null_received) -> X((Parity_Error_enable) & (ESC_Error_enable) & (gotFCT_enable) & (gotNChar_enable) & (gotBC_enable))),G ( (ESC_Error_enable | Parity_Error_enable | gotFCT_enable | gotNChar_enable | gotBC_enable) -> F first_Null_received ),False
BASIC,8,"Parity Error, ESC Error, gotFCT, gotN-Char and gotBC are only enabled after the first Null has been received (i.e. gotNull asserted)",G((first_Null_received) -> X((Parity_Error_enable) & (ESC_Error_enable) & (gotFCT_enable) & (gotNChar_enable) & (gotBC_enable))),G (!first_Null_received -> (!ESC_Error_enable & !Parity_Error_enable & !gotFCT_enable & !gotNChar_enable & !gotBC_enable)),False
BASIC,8,"Parity Error, ESC Error, gotFCT, gotN-Char and gotBC are only enabled after the first Null has been received (i.e. gotNull asserted)",G((first_Null_received) -> X((Parity_Error_enable) & (ESC_Error_enable) & (gotFCT_enable) & (gotNChar_enable) & (gotBC_enable))),G ( (ESC_Error_enable | Parity_Error_enable | gotFCT_enable | gotNChar_enable | gotBC_enable) -> F first_Null_received ) & G ( !first_Null_received -> !(ESC_Error_enable | Parity_Error_enable | gotFCT_enable | gotNChar_enable | gotBC_enable),None
BASIC,8,"Parity Error, ESC Error, gotFCT, gotN-Char and gotBC are only enabled after the first Null has been received (i.e. gotNull asserted)",G((first_Null_received) -> X((Parity_Error_enable) & (ESC_Error_enable) & (gotFCT_enable) & (gotNChar_enable) & (gotBC_enable))),G (!first_Null_received -> (!ESC_Error_enable & !Parity_Error_enable & !gotFCT_enable & !gotNChar_enable & !gotBC_enable)),False
BASIC,8,"Parity Error, ESC Error, gotFCT, gotN-Char and gotBC are only enabled after the first Null has been received (i.e. gotNull asserted)",G((first_Null_received) -> X((Parity_Error_enable) & (ESC_Error_enable) & (gotFCT_enable) & (gotNChar_enable) & (gotBC_enable))),G ( (ESC_Error_enable | Parity_Error_enable | gotFCT_enable | gotNChar_enable | gotBC_enable) -> F first_Null_received ),False
BASIC,8,"Parity Error, ESC Error, gotFCT, gotN-Char and gotBC are only enabled after the first Null has been received (i.e. gotNull asserted)",G((first_Null_received) -> X((Parity_Error_enable) & (ESC_Error_enable) & (gotFCT_enable) & (gotNChar_enable) & (gotBC_enable))),G ( (ESC_Error_enable | Parity_Error_enable | gotFCT_enable | gotNChar_enable | gotBC_enable) -> F first_Null_received ) & G ( !first_Null_received -> !(ESC_Error_enable | Parity_Error_enable | gotFCT_enable | gotNChar_enable | gotBC_enable),None
BASIC,8,"Parity Error, ESC Error, gotFCT, gotN-Char and gotBC are only enabled after the first Null has been received (i.e. gotNull asserted)",G((first_Null_received) -> X((Parity_Error_enable) & (ESC_Error_enable) & (gotFCT_enable) & (gotNChar_enable) & (gotBC_enable))),G ( (ESC_Error_enable | Parity_Error_enable | gotFCT_enable | gotNChar_enable | gotBC_enable) -> F first_Null_received ) & G ( !first_Null_received -> !(ESC_Error_enable | Parity_Error_enable | gotFCT_enable | gotNChar_enable | gotBC_enable),None
BASIC,8,"Parity Error, ESC Error, gotFCT, gotN-Char and gotBC are only enabled after the first Null has been received (i.e. gotNull asserted)",G((first_Null_received) -> X((Parity_Error_enable) & (ESC_Error_enable) & (gotFCT_enable) & (gotNChar_enable) & (gotBC_enable))),G (!first_Null_received -> (!Parity_Error_enable & !ESC_Error_enable & !gotFCT_enable & !gotNChar_enable & !gotBC_enable)),False
BASIC,8,"Parity Error, ESC Error, gotFCT, gotN-Char and gotBC are only enabled after the first Null has been received (i.e. gotNull asserted)",G((first_Null_received) -> X((Parity_Error_enable) & (ESC_Error_enable) & (gotFCT_enable) & (gotNChar_enable) & (gotBC_enable))),G ( (ESC_Error_enable | Parity_Error_enable | gotFCT_enable | gotNChar_enable | gotBC_enable) -> F first_Null_received ),False
BASIC,8,"Parity Error, ESC Error, gotFCT, gotN-Char and gotBC are only enabled after the first Null has been received (i.e. gotNull asserted)",G((first_Null_received) -> X((Parity_Error_enable) & (ESC_Error_enable) & (gotFCT_enable) & (gotNChar_enable) & (gotBC_enable))),G ( (ESC_Error_enable | Parity_Error_enable | gotFCT_enable | gotNChar_enable | gotBC_enable) -> F first_Null_received ),False
BASIC,8,"Parity Error, ESC Error, gotFCT, gotN-Char and gotBC are only enabled after the first Null has been received (i.e. gotNull asserted)",G((first_Null_received) -> X((Parity_Error_enable) & (ESC_Error_enable) & (gotFCT_enable) & (gotNChar_enable) & (gotBC_enable))),G (!first_Null_received -> (!ESC_Error_enable & !Parity_Error_enable & !gotFCT_enable & !gotNChar_enable & !gotBC_enable)),False
BASIC,8,"Parity Error, ESC Error, gotFCT, gotN-Char and gotBC are only enabled after the first Null has been received (i.e. gotNull asserted)",G((first_Null_received) -> X((Parity_Error_enable) & (ESC_Error_enable) & (gotFCT_enable) & (gotNChar_enable) & (gotBC_enable))),G ( (ESC_Error_enable | Parity_Error_enable | gotFCT_enable | gotNChar_enable | gotBC_enable) -> F first_Null_received ),False
BASIC,8,"Parity Error, ESC Error, gotFCT, gotN-Char and gotBC are only enabled after the first Null has been received (i.e. gotNull asserted)",G((first_Null_received) -> X((Parity_Error_enable) & (ESC_Error_enable) & (gotFCT_enable) & (gotNChar_enable) & (gotBC_enable))),G ( (ESC_Error_enable | Parity_Error_enable | gotFCT_enable | gotNChar_enable | gotBC_enable) -> F first_Null_received ),False
BASIC,8,"Parity Error, ESC Error, gotFCT, gotN-Char and gotBC are only enabled after the first Null has been received (i.e. gotNull asserted)",G((first_Null_received) -> X((Parity_Error_enable) & (ESC_Error_enable) & (gotFCT_enable) & (gotNChar_enable) & (gotBC_enable))),G (!first_Null_received -> (!Parity_Error_enable & !ESC_Error_enable & !gotFCT_enable & !gotNChar_enable & !gotBC_enable)),False
BASIC,8,"Parity Error, ESC Error, gotFCT, gotN-Char and gotBC are only enabled after the first Null has been received (i.e. gotNull asserted)",G((first_Null_received) -> X((Parity_Error_enable) & (ESC_Error_enable) & (gotFCT_enable) & (gotNChar_enable) & (gotBC_enable))),G ( (ESC_Error_enable | Parity_Error_enable | gotFCT_enable | gotNChar_enable | gotBC_enable) -> F first_Null_received ),False
BASIC,8,"Parity Error, ESC Error, gotFCT, gotN-Char and gotBC are only enabled after the first Null has been received (i.e. gotNull asserted)",G((first_Null_received) -> X((Parity_Error_enable) & (ESC_Error_enable) & (gotFCT_enable) & (gotNChar_enable) & (gotBC_enable))),G ( (ESC_Error_enable | Parity_Error_enable | gotFCT_enable | gotNChar_enable | gotBC_enable) -> F first_Null_received ),False
BASIC,8,"Parity Error, ESC Error, gotFCT, gotN-Char and gotBC are only enabled after the first Null has been received (i.e. gotNull asserted)",G((first_Null_received) -> X((Parity_Error_enable) & (ESC_Error_enable) & (gotFCT_enable) & (gotNChar_enable) & (gotBC_enable))),G (!first_Null_received -> (!Parity_Error_enable & !ESC_Error_enable & !gotFCT_enable & !gotNChar_enable & !gotBC_enable)),False
BASIC,8,"Parity Error, ESC Error, gotFCT, gotN-Char and gotBC are only enabled after the first Null has been received (i.e. gotNull asserted)",G((first_Null_received) -> X((Parity_Error_enable) & (ESC_Error_enable) & (gotFCT_enable) & (gotNChar_enable) & (gotBC_enable))),G ( (ESC_Error_enable | Parity_Error_enable | gotFCT_enable | gotNChar_enable | gotBC_enable) -> F first_Null_received ),False
BASIC,8,"Parity Error, ESC Error, gotFCT, gotN-Char and gotBC are only enabled after the first Null has been received (i.e. gotNull asserted)",G((first_Null_received) -> X((Parity_Error_enable) & (ESC_Error_enable) & (gotFCT_enable) & (gotNChar_enable) & (gotBC_enable))),G ( (ESC_Error_enable | Parity_Error_enable | gotFCT_enable | gotNChar_enable | gotBC_enable) -> F first_Null_received ),False
BASIC,8,"Parity Error, ESC Error, gotFCT, gotN-Char and gotBC are only enabled after the first Null has been received (i.e. gotNull asserted)",G((first_Null_received) -> X((Parity_Error_enable) & (ESC_Error_enable) & (gotFCT_enable) & (gotNChar_enable) & (gotBC_enable))),G ( (ESC_Error_enable | Parity_Error_enable | gotFCT_enable | gotNChar_enable | gotBC_enable) -> F first_Null_received ),False
BASIC,8,"Parity Error, ESC Error, gotFCT, gotN-Char and gotBC are only enabled after the first Null has been received (i.e. gotNull asserted)",G((first_Null_received) -> X((Parity_Error_enable) & (ESC_Error_enable) & (gotFCT_enable) & (gotNChar_enable) & (gotBC_enable))),G ( (ESC_Error_enable | Parity_Error_enable | gotFCT_enable | gotNChar_enable | gotBC_enable) -> F first_Null_received ) & G ( !first_Null_received -> !(ESC_Error_enable | Parity_Error_enable | gotFCT_enable | gotNChar_enable | gotBC_enable),None
BASIC,8,"Parity Error, ESC Error, gotFCT, gotN-Char and gotBC are only enabled after the first Null has been received (i.e. gotNull asserted)",G((first_Null_received) -> X((Parity_Error_enable) & (ESC_Error_enable) & (gotFCT_enable) & (gotNChar_enable) & (gotBC_enable))),G ( (ESC_Error_enable | Parity_Error_enable | gotFCT_enable | gotNChar_enable | gotBC_enable) -> F first_Null_received ),False
BASIC,8,"Parity Error, ESC Error, gotFCT, gotN-Char and gotBC are only enabled after the first Null has been received (i.e. gotNull asserted)",G((first_Null_received) -> X((Parity_Error_enable) & (ESC_Error_enable) & (gotFCT_enable) & (gotNChar_enable) & (gotBC_enable))),G ( (ESC_Error_enable | Parity_Error_enable | gotFCT_enable | gotNChar_enable | gotBC_enable) -> F first_Null_received ),False
BASIC,8,"Parity Error, ESC Error, gotFCT, gotN-Char and gotBC are only enabled after the first Null has been received (i.e. gotNull asserted)",G((first_Null_received) -> X((Parity_Error_enable) & (ESC_Error_enable) & (gotFCT_enable) & (gotNChar_enable) & (gotBC_enable))),G (!first_Null_received -> (!ESC_Error_enable & !Parity_Error_enable & !gotFCT_enable & !gotNChar_enable & !gotBC_enable)),False
BASIC,8,"Parity Error, ESC Error, gotFCT, gotN-Char and gotBC are only enabled after the first Null has been received (i.e. gotNull asserted)",G((first_Null_received) -> X((Parity_Error_enable) & (ESC_Error_enable) & (gotFCT_enable) & (gotNChar_enable) & (gotBC_enable))),G ( (ESC_Error_enable | Parity_Error_enable | gotFCT_enable | gotNChar_enable | gotBC_enable) -> F first_Null_received ),False
BASIC,8,"Parity Error, ESC Error, gotFCT, gotN-Char and gotBC are only enabled after the first Null has been received (i.e. gotNull asserted)",G((first_Null_received) -> X((Parity_Error_enable) & (ESC_Error_enable) & (gotFCT_enable) & (gotNChar_enable) & (gotBC_enable))),G ( (ESC_Error_enable | Parity_Error_enable | gotFCT_enable | gotNChar_enable | gotBC_enable) -> F first_Null_received ),False
BASIC,8,"Parity Error, ESC Error, gotFCT, gotN-Char and gotBC are only enabled after the first Null has been received (i.e. gotNull asserted)",G((first_Null_received) -> X((Parity_Error_enable) & (ESC_Error_enable) & (gotFCT_enable) & (gotNChar_enable) & (gotBC_enable))),G ( (ESC_Error_enable | Parity_Error_enable | gotFCT_enable | gotNChar_enable | gotBC_enable) -> F first_Null_received ),False
BASIC,8,"Parity Error, ESC Error, gotFCT, gotN-Char and gotBC are only enabled after the first Null has been received (i.e. gotNull asserted)",G((first_Null_received) -> X((Parity_Error_enable) & (ESC_Error_enable) & (gotFCT_enable) & (gotNChar_enable) & (gotBC_enable))),G ( (ESC_Error_enable | Parity_Error_enable | gotFCT_enable | gotNChar_enable | gotBC_enable) -> F first_Null_received ),False
BASIC,8,"Parity Error, ESC Error, gotFCT, gotN-Char and gotBC are only enabled after the first Null has been received (i.e. gotNull asserted)",G((first_Null_received) -> X((Parity_Error_enable) & (ESC_Error_enable) & (gotFCT_enable) & (gotNChar_enable) & (gotBC_enable))),G ( (ESC_Error_enable | Parity_Error_enable | gotFCT_enable | gotNChar_enable | gotBC_enable) -> F first_Null_received ) & G ( !first_Null_received -> !(ESC_Error_enable | Parity_Error_enable | gotFCT_enable | gotNChar_enable | gotBC_enable),None
BASIC,8,"Parity Error, ESC Error, gotFCT, gotN-Char and gotBC are only enabled after the first Null has been received (i.e. gotNull asserted)",G((first_Null_received) -> X((Parity_Error_enable) & (ESC_Error_enable) & (gotFCT_enable) & (gotNChar_enable) & (gotBC_enable))),G ( (ESC_Error_enable | Parity_Error_enable | gotFCT_enable | gotNChar_enable | gotBC_enable) -> F first_Null_received ),False
BASIC,8,"Parity Error, ESC Error, gotFCT, gotN-Char and gotBC are only enabled after the first Null has been received (i.e. gotNull asserted)",G((first_Null_received) -> X((Parity_Error_enable) & (ESC_Error_enable) & (gotFCT_enable) & (gotNChar_enable) & (gotBC_enable))),G ( (ESC_Error_enable | Parity_Error_enable | gotFCT_enable | gotNChar_enable | gotBC_enable) -> F first_Null_received ) & G ( !first_Null_received -> !(ESC_Error_enable | Parity_Error_enable | gotFCT_enable | gotNChar_enable | gotBC_enable),None
BASIC,8,"Parity Error, ESC Error, gotFCT, gotN-Char and gotBC are only enabled after the first Null has been received (i.e. gotNull asserted)",G((first_Null_received) -> X((Parity_Error_enable) & (ESC_Error_enable) & (gotFCT_enable) & (gotNChar_enable) & (gotBC_enable))),G ( (ESC_Error_enable | Parity_Error_enable | gotFCT_enable | gotNChar_enable | gotBC_enable) -> F first_Null_received ),False
BASIC,8,"Parity Error, ESC Error, gotFCT, gotN-Char and gotBC are only enabled after the first Null has been received (i.e. gotNull asserted)",G((first_Null_received) -> X((Parity_Error_enable) & (ESC_Error_enable) & (gotFCT_enable) & (gotNChar_enable) & (gotBC_enable))),G (!first_Null_received -> (!ESC_Error_enable & !Parity_Error_enable & !gotFCT_enable & !gotNChar_enable & !gotBC_enable)),False
BASIC,8,"Parity Error, ESC Error, gotFCT, gotN-Char and gotBC are only enabled after the first Null has been received (i.e. gotNull asserted)",G((first_Null_received) -> X((Parity_Error_enable) & (ESC_Error_enable) & (gotFCT_enable) & (gotNChar_enable) & (gotBC_enable))),G (!first_Null_received -> (!Parity_Error_enable & !ESC_Error_enable & !gotFCT_enable & !gotNChar_enable & !gotBC_enable)),False
BASIC,8,"Parity Error, ESC Error, gotFCT, gotN-Char and gotBC are only enabled after the first Null has been received (i.e. gotNull asserted)",G((first_Null_received) -> X((Parity_Error_enable) & (ESC_Error_enable) & (gotFCT_enable) & (gotNChar_enable) & (gotBC_enable))),G ( (ESC_Error_enable | Parity_Error_enable | gotFCT_enable | gotNChar_enable | gotBC_enable) -> F first_Null_received ),False
BASIC,9,Disconnect Error is only enabled after the first transition on the data or strobe line,G(((first_data_transition) & (first_strobe_line_transition )) -> X (Disconnect_Error_enable) ),G(Disconnect_Error_enable -> (first_data_transition | first_strobe_line_transition)) & G((first_data_transition | first_strobe_line_transition) -> X(Disconnect_Error_enable | G(!Disconnect_Error_enable))),False
BASIC,9,Disconnect Error is only enabled after the first transition on the data or strobe line,G(((first_data_transition) & (first_strobe_line_transition )) -> X (Disconnect_Error_enable) ),G(Disconnect_Error_enable -> (first_data_transition | first_strobe_line_transition)) & G((first_data_transition | first_strobe_line_transition) -> X(Disconnect_Error_enable)),False
BASIC,9,Disconnect Error is only enabled after the first transition on the data or strobe line,G(((first_data_transition) & (first_strobe_line_transition )) -> X (Disconnect_Error_enable) ),G(Disconnect_Error_enable -> (first_data_transition | first_strobe_line_transition)) & G((first_data_transition | first_strobe_line_transition) -> X(Disconnect_Error_enable)),False
BASIC,9,Disconnect Error is only enabled after the first transition on the data or strobe line,G(((first_data_transition) & (first_strobe_line_transition )) -> X (Disconnect_Error_enable) ),G(Disconnect_Error_enable -> (first_data_transition | first_strobe_line_transition)) & G((first_data_transition | first_strobe_line_transition) -> X(F Disconnect_Error_enable)),False
BASIC,9,Disconnect Error is only enabled after the first transition on the data or strobe line,G(((first_data_transition) & (first_strobe_line_transition )) -> X (Disconnect_Error_enable) ),G (Disconnect_Error_enable -> (first_data_transition | first_strobe_line_transition)) & G (first_data_transition | first_strobe_line_transition) -> G (Disconnect_Error_enable -> X (first_data_transition | first_strobe_line_transition)),False
BASIC,9,Disconnect Error is only enabled after the first transition on the data or strobe line,G(((first_data_transition) & (first_strobe_line_transition )) -> X (Disconnect_Error_enable) ),G (Disconnect_Error_enable -> (first_data_transition | first_strobe_line_transition)) & G (X (first_data_transition | first_strobe_line_transition) -> F Disconnect_Error_enable),False
BASIC,9,Disconnect Error is only enabled after the first transition on the data or strobe line,G(((first_data_transition) & (first_strobe_line_transition )) -> X (Disconnect_Error_enable) ),G(Disconnect_Error_enable -> (first_data_transition | first_strobe_line_transition)) & G((first_data_transition | first_strobe_line_transition) -> X(Disconnect_Error_enable)),False
BASIC,9,Disconnect Error is only enabled after the first transition on the data or strobe line,G(((first_data_transition) & (first_strobe_line_transition )) -> X (Disconnect_Error_enable) ),G(Disconnect_Error_enable -> (first_data_transition | first_strobe_line_transition)) & G((first_data_transition | first_strobe_line_transition) -> X(Disconnect_Error_enable)),False
BASIC,9,Disconnect Error is only enabled after the first transition on the data or strobe line,G(((first_data_transition) & (first_strobe_line_transition )) -> X (Disconnect_Error_enable) ),G (Disconnect_Error_enable -> (first_data_transition | first_strobe_line_transition)) & G ((first_data_transition | first_strobe_line_transition) -> X (G (Disconnect_Error_enable | !Disconnect_Error_enable))),False
BASIC,9,Disconnect Error is only enabled after the first transition on the data or strobe line,G(((first_data_transition) & (first_strobe_line_transition )) -> X (Disconnect_Error_enable) ),G (Disconnect_Error_enable -> (first_data_transition | first_strobe_line_transition)) & G ((first_data_transition | first_strobe_line_transition) -> X (G (Disconnect_Error_enable -> (first_data_transition | first_strobe_line_transition)))),False
BASIC,9,Disconnect Error is only enabled after the first transition on the data or strobe line,G(((first_data_transition) & (first_strobe_line_transition )) -> X (Disconnect_Error_enable) ),G (Disconnect_Error_enable -> (first_data_transition | first_strobe_line_transition)) & G (!Disconnect_Error_enable U (first_data_transition | first_strobe_line_transition)),False
BASIC,9,Disconnect Error is only enabled after the first transition on the data or strobe line,G(((first_data_transition) & (first_strobe_line_transition )) -> X (Disconnect_Error_enable) ),G(Disconnect_Error_enable -> (first_data_transition | first_strobe_line_transition)) & G((first_data_transition | first_strobe_line_transition) -> X(Disconnect_Error_enable)),False
BASIC,9,Disconnect Error is only enabled after the first transition on the data or strobe line,G(((first_data_transition) & (first_strobe_line_transition )) -> X (Disconnect_Error_enable) ),G (Disconnect_Error_enable -> (first_data_transition | first_strobe_line_transition)) & G (!Disconnect_Error_enable -> G (!first_data_transition & !first_strobe_line_transition)),False
BASIC,9,Disconnect Error is only enabled after the first transition on the data or strobe line,G(((first_data_transition) & (first_strobe_line_transition )) -> X (Disconnect_Error_enable) ),G(Disconnect_Error_enable -> (first_data_transition | first_strobe_line_transition)) & G((first_data_transition | first_strobe_line_transition) -> X(Disconnect_Error_enable)),False
BASIC,9,Disconnect Error is only enabled after the first transition on the data or strobe line,G(((first_data_transition) & (first_strobe_line_transition )) -> X (Disconnect_Error_enable) ),G(Disconnect_Error_enable -> (first_data_transition | first_strobe_line_transition)) & G((first_data_transition | first_strobe_line_transition) -> X(Disconnect_Error_enable | !Disconnect_Error_enable)) & G(!Disconnect_Error_enable U (first_data_transition | first_strobe_line_transition)),False
BASIC,9,Disconnect Error is only enabled after the first transition on the data or strobe line,G(((first_data_transition) & (first_strobe_line_transition )) -> X (Disconnect_Error_enable) ),G (Disconnect_Error_enable -> (X (first_data_transition | first_strobe_line_transition) U (first_data_transition | first_strobe_line_transition))),False
BASIC,9,Disconnect Error is only enabled after the first transition on the data or strobe line,G(((first_data_transition) & (first_strobe_line_transition )) -> X (Disconnect_Error_enable) ),G (Disconnect_Error_enable -> (first_data_transition | first_strobe_line_transition)) & G (!Disconnect_Error_enable U (first_data_transition | first_strobe_line_transition)),False
BASIC,9,Disconnect Error is only enabled after the first transition on the data or strobe line,G(((first_data_transition) & (first_strobe_line_transition )) -> X (Disconnect_Error_enable) ),G(Disconnect_Error_enable -> (first_data_transition | first_strobe_line_transition)) & G((first_data_transition | first_strobe_line_transition) -> X(Disconnect_Error_enable)),False
BASIC,9,Disconnect Error is only enabled after the first transition on the data or strobe line,G(((first_data_transition) & (first_strobe_line_transition )) -> X (Disconnect_Error_enable) ),G(Disconnect_Error_enable -> (first_data_transition | first_strobe_line_transition)) & G((first_data_transition | first_strobe_line_transition) -> X(Disconnect_Error_enable)),False
BASIC,9,Disconnect Error is only enabled after the first transition on the data or strobe line,G(((first_data_transition) & (first_strobe_line_transition )) -> X (Disconnect_Error_enable) ),G (Disconnect_Error_enable -> (first_data_transition | first_strobe_line_transition)) & G (X (first_data_transition | first_strobe_line_transition) -> F Disconnect_Error_enable),False
BASIC,9,Disconnect Error is only enabled after the first transition on the data or strobe line,G(((first_data_transition) & (first_strobe_line_transition )) -> X (Disconnect_Error_enable) ),G (Disconnect_Error_enable -> (first_data_transition | first_strobe_line_transition)) & G ((first_data_transition | first_strobe_line_transition) -> X (G (Disconnect_Error_enable -> (first_data_transition | first_strobe_line_transition)))),False
BASIC,9,Disconnect Error is only enabled after the first transition on the data or strobe line,G(((first_data_transition) & (first_strobe_line_transition )) -> X (Disconnect_Error_enable) ),G (Disconnect_Error_enable -> (first_data_transition | first_strobe_line_transition)) & G ((first_data_transition | first_strobe_line_transition) -> X (G (Disconnect_Error_enable -> (first_data_transition | first_strobe_line_transition)))),False
BASIC,9,Disconnect Error is only enabled after the first transition on the data or strobe line,G(((first_data_transition) & (first_strobe_line_transition )) -> X (Disconnect_Error_enable) ),G(Disconnect_Error_enable -> (first_data_transition | first_strobe_line_transition)) & G((first_data_transition | first_strobe_line_transition) -> X(Disconnect_Error_enable)),False
BASIC,9,Disconnect Error is only enabled after the first transition on the data or strobe line,G(((first_data_transition) & (first_strobe_line_transition )) -> X (Disconnect_Error_enable) ),G (Disconnect_Error_enable -> (X (first_data_transition | first_strobe_line_transition) | (first_data_transition | first_strobe_line_transition) U Disconnect_Error_enable)),False
BASIC,9,Disconnect Error is only enabled after the first transition on the data or strobe line,G(((first_data_transition) & (first_strobe_line_transition )) -> X (Disconnect_Error_enable) ),G(Disconnect_Error_enable -> (first_data_transition | first_strobe_line_transition)) & G((first_data_transition | first_strobe_line_transition) -> X(Disconnect_Error_enable)),False
BASIC,9,Disconnect Error is only enabled after the first transition on the data or strobe line,G(((first_data_transition) & (first_strobe_line_transition )) -> X (Disconnect_Error_enable) ),G(Disconnect_Error_enable -> (first_data_transition | first_strobe_line_transition)) & G((first_data_transition | first_strobe_line_transition) -> X(Disconnect_Error_enable)),False
BASIC,9,Disconnect Error is only enabled after the first transition on the data or strobe line,G(((first_data_transition) & (first_strobe_line_transition )) -> X (Disconnect_Error_enable) ),G(Disconnect_Error_enable -> (first_data_transition | first_strobe_line_transition)) & G((first_data_transition | first_strobe_line_transition) -> X(Disconnect_Error_enable)),False
BASIC,9,Disconnect Error is only enabled after the first transition on the data or strobe line,G(((first_data_transition) & (first_strobe_line_transition )) -> X (Disconnect_Error_enable) ),G(Disconnect_Error_enable -> (first_data_transition | first_strobe_line_transition)) & G((first_data_transition | first_strobe_line_transition) -> X(Disconnect_Error_enable)),False
BASIC,9,Disconnect Error is only enabled after the first transition on the data or strobe line,G(((first_data_transition) & (first_strobe_line_transition )) -> X (Disconnect_Error_enable) ),G (Disconnect_Error_enable -> (first_data_transition | first_strobe_line_transition)) & G (!Disconnect_Error_enable U (first_data_transition | first_strobe_line_transition)),False
BASIC,9,Disconnect Error is only enabled after the first transition on the data or strobe line,G(((first_data_transition) & (first_strobe_line_transition )) -> X (Disconnect_Error_enable) ),G(Disconnect_Error_enable -> (first_data_transition | first_strobe_line_transition)) & G((first_data_transition | first_strobe_line_transition) -> X(Disconnect_Error_enable)),False
BASIC,9,Disconnect Error is only enabled after the first transition on the data or strobe line,G(((first_data_transition) & (first_strobe_line_transition )) -> X (Disconnect_Error_enable) ),G(Disconnect_Error_enable -> (first_data_transition | first_strobe_line_transition)) & G((first_data_transition | first_strobe_line_transition) -> X(Disconnect_Error_enable | G(!Disconnect_Error_enable))),False
BASIC,9,Disconnect Error is only enabled after the first transition on the data or strobe line,G(((first_data_transition) & (first_strobe_line_transition )) -> X (Disconnect_Error_enable) ),G(Disconnect_Error_enable -> (first_data_transition | first_strobe_line_transition)) & G((first_data_transition | first_strobe_line_transition) -> X(Disconnect_Error_enable)),False
BASIC,9,Disconnect Error is only enabled after the first transition on the data or strobe line,G(((first_data_transition) & (first_strobe_line_transition )) -> X (Disconnect_Error_enable) ),G (Disconnect_Error_enable -> (first_data_transition | first_strobe_line_transition)) & G ((first_data_transition | first_strobe_line_transition) -> X (G (Disconnect_Error_enable -> (first_data_transition | first_strobe_line_transition)))),False
BASIC,9,Disconnect Error is only enabled after the first transition on the data or strobe line,G(((first_data_transition) & (first_strobe_line_transition )) -> X (Disconnect_Error_enable) ),G (Disconnect_Error_enable -> (first_data_transition | first_strobe_line_transition)) & G (X (first_data_transition | first_strobe_line_transition) -> F Disconnect_Error_enable),False
BASIC,9,Disconnect Error is only enabled after the first transition on the data or strobe line,G(((first_data_transition) & (first_strobe_line_transition )) -> X (Disconnect_Error_enable) ),G (Disconnect_Error_enable -> (first_data_transition | first_strobe_line_transition)) & G (X (first_data_transition | first_strobe_line_transition) -> F Disconnect_Error_enable),False
BASIC,9,Disconnect Error is only enabled after the first transition on the data or strobe line,G(((first_data_transition) & (first_strobe_line_transition )) -> X (Disconnect_Error_enable) ),G (Disconnect_Error_enable -> (X (first_data_transition | first_strobe_line_transition) U (first_data_transition | first_strobe_line_transition))),False
BASIC,9,Disconnect Error is only enabled after the first transition on the data or strobe line,G(((first_data_transition) & (first_strobe_line_transition )) -> X (Disconnect_Error_enable) ),G(Disconnect_Error_enable -> (first_data_transition | first_strobe_line_transition)) & G((first_data_transition | first_strobe_line_transition) -> X(F Disconnect_Error_enable)),False
BASIC,9,Disconnect Error is only enabled after the first transition on the data or strobe line,G(((first_data_transition) & (first_strobe_line_transition )) -> X (Disconnect_Error_enable) ),G(Disconnect_Error_enable -> (first_data_transition | first_strobe_line_transition)) & G((first_data_transition | first_strobe_line_transition) -> X(Disconnect_Error_enable)),False
BASIC,9,Disconnect Error is only enabled after the first transition on the data or strobe line,G(((first_data_transition) & (first_strobe_line_transition )) -> X (Disconnect_Error_enable) ),G(Disconnect_Error_enable -> (first_data_transition | first_strobe_line_transition)) & G((first_data_transition | first_strobe_line_transition) -> X(Disconnect_Error_enable)),False
BASIC,9,Disconnect Error is only enabled after the first transition on the data or strobe line,G(((first_data_transition) & (first_strobe_line_transition )) -> X (Disconnect_Error_enable) ),G(Disconnect_Error_enable -> (first_data_transition | first_strobe_line_transition)) & G((first_data_transition | first_strobe_line_transition) -> X(Disconnect_Error_enable)),False
BASIC,9,Disconnect Error is only enabled after the first transition on the data or strobe line,G(((first_data_transition) & (first_strobe_line_transition )) -> X (Disconnect_Error_enable) ),G (Disconnect_Error_enable -> (first_data_transition | first_strobe_line_transition)) & G ((first_data_transition | first_strobe_line_transition) -> X (G (Disconnect_Error_enable -> (first_data_transition | first_strobe_line_transition)))),False
BASIC,9,Disconnect Error is only enabled after the first transition on the data or strobe line,G(((first_data_transition) & (first_strobe_line_transition )) -> X (Disconnect_Error_enable) ),G (Disconnect_Error_enable -> (first_data_transition | first_strobe_line_transition)) & G (!Disconnect_Error_enable U (first_data_transition | first_strobe_line_transition)),False
BASIC,9,Disconnect Error is only enabled after the first transition on the data or strobe line,G(((first_data_transition) & (first_strobe_line_transition )) -> X (Disconnect_Error_enable) ),G(Disconnect_Error_enable -> (first_data_transition | first_strobe_line_transition)) & G((first_data_transition | first_strobe_line_transition) -> X(Disconnect_Error_enable)),False
BASIC,9,Disconnect Error is only enabled after the first transition on the data or strobe line,G(((first_data_transition) & (first_strobe_line_transition )) -> X (Disconnect_Error_enable) ),G(Disconnect_Error_enable -> (first_data_transition | first_strobe_line_transition)) & G((first_data_transition | first_strobe_line_transition) -> X(Disconnect_Error_enable)),False
BASIC,9,Disconnect Error is only enabled after the first transition on the data or strobe line,G(((first_data_transition) & (first_strobe_line_transition )) -> X (Disconnect_Error_enable) ),G (Disconnect_Error_enable -> (first_data_transition | first_strobe_line_transition)) & G ((first_data_transition | first_strobe_line_transition) -> X (G (Disconnect_Error_enable -> (first_data_transition | first_strobe_line_transition)))),False
BASIC,9,Disconnect Error is only enabled after the first transition on the data or strobe line,G(((first_data_transition) & (first_strobe_line_transition )) -> X (Disconnect_Error_enable) ),G (Disconnect_Error_enable -> (first_data_transition | first_strobe_line_transition)) & G ((first_data_transition | first_strobe_line_transition) -> X (G (Disconnect_Error_enable -> (first_data_transition | first_strobe_line_transition)))),False
BASIC,9,Disconnect Error is only enabled after the first transition on the data or strobe line,G(((first_data_transition) & (first_strobe_line_transition )) -> X (Disconnect_Error_enable) ),G(Disconnect_Error_enable -> (first_data_transition | first_strobe_line_transition)) & G((first_data_transition | first_strobe_line_transition) -> X(Disconnect_Error_enable)),False
BASIC,9,Disconnect Error is only enabled after the first transition on the data or strobe line,G(((first_data_transition) & (first_strobe_line_transition )) -> X (Disconnect_Error_enable) ),G(Disconnect_Error_enable -> (first_data_transition | first_strobe_line_transition)) & G((first_data_transition | first_strobe_line_transition) -> X(F Disconnect_Error_enable)),False
BASIC,9,Disconnect Error is only enabled after the first transition on the data or strobe line,G(((first_data_transition) & (first_strobe_line_transition )) -> X (Disconnect_Error_enable) ),G(Disconnect_Error_enable -> (first_data_transition | first_strobe_line_transition)) & G((first_data_transition | first_strobe_line_transition) -> X(Disconnect_Error_enable | !Disconnect_Error_enable)) & G(!Disconnect_Error_enable -> X(!Disconnect_Error_enable)) & G((first_data_transition | first_st,None
BASIC,9,Disconnect Error is only enabled after the first transition on the data or strobe line,G(((first_data_transition) & (first_strobe_line_transition )) -> X (Disconnect_Error_enable) ),G (Disconnect_Error_enable -> (first_data_transition | first_strobe_line_transition)) & G ((first_data_transition | first_strobe_line_transition) -> X (G !Disconnect_Error_enable U (first_data_transition | first_strobe_line_transition))),False
BASIC,9,Disconnect Error is only enabled after the first transition on the data or strobe line,G(((first_data_transition) & (first_strobe_line_transition )) -> X (Disconnect_Error_enable) ),G(Disconnect_Error_enable -> (first_data_transition | first_strobe_line_transition)) & G((first_data_transition | first_strobe_line_transition) -> X(F Disconnect_Error_enable)),False
BASIC,9,Disconnect Error is only enabled after the first transition on the data or strobe line,G(((first_data_transition) & (first_strobe_line_transition )) -> X (Disconnect_Error_enable) ),G(Disconnect_Error_enable -> (first_data_transition | first_strobe_line_transition)) & G((first_data_transition | first_strobe_line_transition) -> X(Disconnect_Error_enable)),False
BASIC,9,Disconnect Error is only enabled after the first transition on the data or strobe line,G(((first_data_transition) & (first_strobe_line_transition )) -> X (Disconnect_Error_enable) ),G(Disconnect_Error_enable -> (first_data_transition | first_strobe_line_transition)) & G((first_data_transition | first_strobe_line_transition) -> X(Disconnect_Error_enable)),False
BASIC,9,Disconnect Error is only enabled after the first transition on the data or strobe line,G(((first_data_transition) & (first_strobe_line_transition )) -> X (Disconnect_Error_enable) ),G (Disconnect_Error_enable -> (first_data_transition | first_strobe_line_transition)) & G (!Disconnect_Error_enable -> G (!Disconnect_Error_enable)) & G ((first_data_transition | first_strobe_line_transition) -> X (G (!Disconnect_Error_enable) | F Disconnect_Error_enable)),False
BASIC,9,Disconnect Error is only enabled after the first transition on the data or strobe line,G(((first_data_transition) & (first_strobe_line_transition )) -> X (Disconnect_Error_enable) ),G(Disconnect_Error_enable -> (first_data_transition | first_strobe_line_transition)) & G((first_data_transition | first_strobe_line_transition) -> X(Disconnect_Error_enable)),False
BASIC,9,Disconnect Error is only enabled after the first transition on the data or strobe line,G(((first_data_transition) & (first_strobe_line_transition )) -> X (Disconnect_Error_enable) ),G(Disconnect_Error_enable -> (first_data_transition | first_strobe_line_transition)) & G((first_data_transition | first_strobe_line_transition) -> X(Disconnect_Error_enable)),False
BASIC,9,Disconnect Error is only enabled after the first transition on the data or strobe line,G(((first_data_transition) & (first_strobe_line_transition )) -> X (Disconnect_Error_enable) ),G(Disconnect_Error_enable -> (first_data_transition | first_strobe_line_transition)) & G((first_data_transition | first_strobe_line_transition) -> X(Disconnect_Error_enable)),False
BASIC,9,Disconnect Error is only enabled after the first transition on the data or strobe line,G(((first_data_transition) & (first_strobe_line_transition )) -> X (Disconnect_Error_enable) ),G(Disconnect_Error_enable -> (first_data_transition | first_strobe_line_transition)) & G((first_data_transition | first_strobe_line_transition) -> X(Disconnect_Error_enable)),False
BASIC,9,Disconnect Error is only enabled after the first transition on the data or strobe line,G(((first_data_transition) & (first_strobe_line_transition )) -> X (Disconnect_Error_enable) ),G (Disconnect_Error_enable -> (first_data_transition | first_strobe_line_transition)) & G (!Disconnect_Error_enable U (first_data_transition | first_strobe_line_transition)),False
BASIC,9,Disconnect Error is only enabled after the first transition on the data or strobe line,G(((first_data_transition) & (first_strobe_line_transition )) -> X (Disconnect_Error_enable) ),G(Disconnect_Error_enable -> (first_data_transition | first_strobe_line_transition)) & G((first_data_transition | first_strobe_line_transition) -> X(F Disconnect_Error_enable)),False
BASIC,9,Disconnect Error is only enabled after the first transition on the data or strobe line,G(((first_data_transition) & (first_strobe_line_transition )) -> X (Disconnect_Error_enable) ),G(Disconnect_Error_enable -> (first_data_transition | first_strobe_line_transition)) & G((first_data_transition | first_strobe_line_transition) -> X(Disconnect_Error_enable)),False
BASIC,9,Disconnect Error is only enabled after the first transition on the data or strobe line,G(((first_data_transition) & (first_strobe_line_transition )) -> X (Disconnect_Error_enable) ),G (Disconnect_Error_enable -> (X (first_data_transition | first_strobe_line_transition) | (first_data_transition | first_strobe_line_transition))) & G ((first_data_transition | first_strobe_line_transition) -> X (!Disconnect_Error_enable U (first_data_transition | first_strobe_line_transition))),False
BASIC,9,Disconnect Error is only enabled after the first transition on the data or strobe line,G(((first_data_transition) & (first_strobe_line_transition )) -> X (Disconnect_Error_enable) ),G(Disconnect_Error_enable -> (first_data_transition | first_strobe_line_transition)) & G((first_data_transition | first_strobe_line_transition) -> X(Disconnect_Error_enable)),False
BASIC,9,Disconnect Error is only enabled after the first transition on the data or strobe line,G(((first_data_transition) & (first_strobe_line_transition )) -> X (Disconnect_Error_enable) ),G (Disconnect_Error_enable -> (first_data_transition | first_strobe_line_transition)) & G (!Disconnect_Error_enable U (first_data_transition | first_strobe_line_transition)),False
BASIC,9,Disconnect Error is only enabled after the first transition on the data or strobe line,G(((first_data_transition) & (first_strobe_line_transition )) -> X (Disconnect_Error_enable) ),G (Disconnect_Error_enable -> (first_data_transition | first_strobe_line_transition)) & G (!Disconnect_Error_enable U (first_data_transition | first_strobe_line_transition)),False
BASIC,9,Disconnect Error is only enabled after the first transition on the data or strobe line,G(((first_data_transition) & (first_strobe_line_transition )) -> X (Disconnect_Error_enable) ),G (Disconnect_Error_enable -> (first_data_transition | first_strobe_line_transition)) & G (!Disconnect_Error_enable U (first_data_transition | first_strobe_line_transition)),False
BASIC,9,Disconnect Error is only enabled after the first transition on the data or strobe line,G(((first_data_transition) & (first_strobe_line_transition )) -> X (Disconnect_Error_enable) ),G(Disconnect_Error_enable -> (first_data_transition | first_strobe_line_transition)) & G((first_data_transition | first_strobe_line_transition) -> X(Disconnect_Error_enable)),False
BASIC,9,Disconnect Error is only enabled after the first transition on the data or strobe line,G(((first_data_transition) & (first_strobe_line_transition )) -> X (Disconnect_Error_enable) ),G (Disconnect_Error_enable -> (first_data_transition | first_strobe_line_transition)) & G (first_data_transition | first_strobe_line_transition) -> F Disconnect_Error_enable,False
BASIC,9,Disconnect Error is only enabled after the first transition on the data or strobe line,G(((first_data_transition) & (first_strobe_line_transition )) -> X (Disconnect_Error_enable) ),G(Disconnect_Error_enable -> (first_data_transition | first_strobe_line_transition)) & G((first_data_transition | first_strobe_line_transition) -> X(Disconnect_Error_enable)),False
BASIC,9,Disconnect Error is only enabled after the first transition on the data or strobe line,G(((first_data_transition) & (first_strobe_line_transition )) -> X (Disconnect_Error_enable) ),G(Disconnect_Error_enable -> (first_data_transition | first_strobe_line_transition)) & G((first_data_transition | first_strobe_line_transition) -> X(Disconnect_Error_enable)),False
BASIC,9,Disconnect Error is only enabled after the first transition on the data or strobe line,G(((first_data_transition) & (first_strobe_line_transition )) -> X (Disconnect_Error_enable) ),G(Disconnect_Error_enable -> (first_data_transition | first_strobe_line_transition)) & G((first_data_transition | first_strobe_line_transition) -> X(F Disconnect_Error_enable)),False
BASIC,9,Disconnect Error is only enabled after the first transition on the data or strobe line,G(((first_data_transition) & (first_strobe_line_transition )) -> X (Disconnect_Error_enable) ),G(Disconnect_Error_enable -> (first_data_transition | first_strobe_line_transition)) & G((first_data_transition | first_strobe_line_transition) -> X(Disconnect_Error_enable)),False
BASIC,9,Disconnect Error is only enabled after the first transition on the data or strobe line,G(((first_data_transition) & (first_strobe_line_transition )) -> X (Disconnect_Error_enable) ),G (Disconnect_Error_enable -> (X (first_data_transition | first_strobe_line_transition) | (first_data_transition | first_strobe_line_transition))) & G ((first_data_transition | first_strobe_line_transition) -> X (!Disconnect_Error_enable U (first_data_transition | first_strobe_line_transition))),False
BASIC,9,Disconnect Error is only enabled after the first transition on the data or strobe line,G(((first_data_transition) & (first_strobe_line_transition )) -> X (Disconnect_Error_enable) ),G(Disconnect_Error_enable -> (first_data_transition | first_strobe_line_transition)) & G((first_data_transition | first_strobe_line_transition) -> X(Disconnect_Error_enable)),False
BASIC,9,Disconnect Error is only enabled after the first transition on the data or strobe line,G(((first_data_transition) & (first_strobe_line_transition )) -> X (Disconnect_Error_enable) ),G(Disconnect_Error_enable -> (first_data_transition | first_strobe_line_transition)) & G((first_data_transition | first_strobe_line_transition) -> X(Disconnect_Error_enable | !Disconnect_Error_enable)) & G(!Disconnect_Error_enable -> X(!Disconnect_Error_enable)) & G((first_data_transition | first_st,None
BASIC,9,Disconnect Error is only enabled after the first transition on the data or strobe line,G(((first_data_transition) & (first_strobe_line_transition )) -> X (Disconnect_Error_enable) ),G(Disconnect_Error_enable -> (first_data_transition | first_strobe_line_transition)) & G((first_data_transition | first_strobe_line_transition) -> X(Disconnect_Error_enable)),False
BASIC,9,Disconnect Error is only enabled after the first transition on the data or strobe line,G(((first_data_transition) & (first_strobe_line_transition )) -> X (Disconnect_Error_enable) ),G(Disconnect_Error_enable -> (first_data_transition | first_strobe_line_transition)) & G((first_data_transition | first_strobe_line_transition) -> X(Disconnect_Error_enable)),False
BASIC,9,Disconnect Error is only enabled after the first transition on the data or strobe line,G(((first_data_transition) & (first_strobe_line_transition )) -> X (Disconnect_Error_enable) ),G (Disconnect_Error_enable -> (first_data_transition | first_strobe_line_transition)) & G (!Disconnect_Error_enable U (first_data_transition | first_strobe_line_transition)),False
BASIC,9,Disconnect Error is only enabled after the first transition on the data or strobe line,G(((first_data_transition) & (first_strobe_line_transition )) -> X (Disconnect_Error_enable) ),G (Disconnect_Error_enable -> (first_data_transition | first_strobe_line_transition)) & G ((first_data_transition | first_strobe_line_transition) -> X (G (!Disconnect_Error_enable) U Disconnect_Error_enable)),False
BASIC,9,Disconnect Error is only enabled after the first transition on the data or strobe line,G(((first_data_transition) & (first_strobe_line_transition )) -> X (Disconnect_Error_enable) ),G(Disconnect_Error_enable -> (first_data_transition | first_strobe_line_transition)) & G((first_data_transition | first_strobe_line_transition) -> X(Disconnect_Error_enable)),False
BASIC,9,Disconnect Error is only enabled after the first transition on the data or strobe line,G(((first_data_transition) & (first_strobe_line_transition )) -> X (Disconnect_Error_enable) ),G(Disconnect_Error_enable -> (first_data_transition | first_strobe_line_transition)) & G((first_data_transition | first_strobe_line_transition) -> X(F Disconnect_Error_enable)),False
BASIC,9,Disconnect Error is only enabled after the first transition on the data or strobe line,G(((first_data_transition) & (first_strobe_line_transition )) -> X (Disconnect_Error_enable) ),G (Disconnect_Error_enable -> (first_data_transition | first_strobe_line_transition)) & G (X (first_data_transition | first_strobe_line_transition) -> F Disconnect_Error_enable),False
BASIC,9,Disconnect Error is only enabled after the first transition on the data or strobe line,G(((first_data_transition) & (first_strobe_line_transition )) -> X (Disconnect_Error_enable) ),G(Disconnect_Error_enable -> (first_data_transition | first_strobe_line_transition)) & G((first_data_transition | first_strobe_line_transition) -> X(Disconnect_Error_enable)),False
BASIC,9,Disconnect Error is only enabled after the first transition on the data or strobe line,G(((first_data_transition) & (first_strobe_line_transition )) -> X (Disconnect_Error_enable) ),G(Disconnect_Error_enable -> (first_data_transition | first_strobe_line_transition)) & G((first_data_transition | first_strobe_line_transition) -> X(Disconnect_Error_enable)),False
BASIC,9,Disconnect Error is only enabled after the first transition on the data or strobe line,G(((first_data_transition) & (first_strobe_line_transition )) -> X (Disconnect_Error_enable) ),G(Disconnect_Error_enable -> (first_data_transition | first_strobe_line_transition)) & G((first_data_transition | first_strobe_line_transition) -> X(Disconnect_Error_enable)),False
BASIC,9,Disconnect Error is only enabled after the first transition on the data or strobe line,G(((first_data_transition) & (first_strobe_line_transition )) -> X (Disconnect_Error_enable) ),G(Disconnect_Error_enable -> (first_data_transition | first_strobe_line_transition)) & G((first_data_transition | first_strobe_line_transition) -> X(Disconnect_Error_enable)),False
BASIC,9,Disconnect Error is only enabled after the first transition on the data or strobe line,G(((first_data_transition) & (first_strobe_line_transition )) -> X (Disconnect_Error_enable) ),G(Disconnect_Error_enable -> (first_data_transition | first_strobe_line_transition)) & G((first_data_transition | first_strobe_line_transition) -> X(Disconnect_Error_enable)),False
BASIC,9,Disconnect Error is only enabled after the first transition on the data or strobe line,G(((first_data_transition) & (first_strobe_line_transition )) -> X (Disconnect_Error_enable) ),G (Disconnect_Error_enable -> (X (first_data_transition | first_strobe_line_transition) U (first_data_transition | first_strobe_line_transition))),False
BASIC,9,Disconnect Error is only enabled after the first transition on the data or strobe line,G(((first_data_transition) & (first_strobe_line_transition )) -> X (Disconnect_Error_enable) ),G (Disconnect_Error_enable -> (first_data_transition | first_strobe_line_transition)) & G (first_data_transition | first_strobe_line_transition) -> G (Disconnect_Error_enable -> X (first_data_transition | first_strobe_line_transition)),False
BASIC,9,Disconnect Error is only enabled after the first transition on the data or strobe line,G(((first_data_transition) & (first_strobe_line_transition )) -> X (Disconnect_Error_enable) ),G (Disconnect_Error_enable -> (first_data_transition | first_strobe_line_transition)) & G (!Disconnect_Error_enable U (first_data_transition | first_strobe_line_transition)),False
BASIC,9,Disconnect Error is only enabled after the first transition on the data or strobe line,G(((first_data_transition) & (first_strobe_line_transition )) -> X (Disconnect_Error_enable) ),G(Disconnect_Error_enable -> (first_data_transition | first_strobe_line_transition)) & G((first_data_transition | first_strobe_line_transition) -> X(Disconnect_Error_enable)),False
BASIC,9,Disconnect Error is only enabled after the first transition on the data or strobe line,G(((first_data_transition) & (first_strobe_line_transition )) -> X (Disconnect_Error_enable) ),G(Disconnect_Error_enable -> (first_data_transition | first_strobe_line_transition)) & G((first_data_transition | first_strobe_line_transition) -> X(Disconnect_Error_enable)),False
BASIC,9,Disconnect Error is only enabled after the first transition on the data or strobe line,G(((first_data_transition) & (first_strobe_line_transition )) -> X (Disconnect_Error_enable) ),G(Disconnect_Error_enable -> (first_data_transition | first_strobe_line_transition)) & G((first_data_transition | first_strobe_line_transition) -> X(Disconnect_Error_enable)),False
BASIC,9,Disconnect Error is only enabled after the first transition on the data or strobe line,G(((first_data_transition) & (first_strobe_line_transition )) -> X (Disconnect_Error_enable) ),G (Disconnect_Error_enable -> (first_data_transition | first_strobe_line_transition)) & G (!Disconnect_Error_enable U (first_data_transition | first_strobe_line_transition)),False
BASIC,9,Disconnect Error is only enabled after the first transition on the data or strobe line,G(((first_data_transition) & (first_strobe_line_transition )) -> X (Disconnect_Error_enable) ),G (Disconnect_Error_enable -> (X (first_data_transition | first_strobe_line_transition) | (first_data_transition | first_strobe_line_transition))) & G ((first_data_transition | first_strobe_line_transition) -> X (!Disconnect_Error_enable U (first_data_transition | first_strobe_line_transition))),False
BASIC,9,Disconnect Error is only enabled after the first transition on the data or strobe line,G(((first_data_transition) & (first_strobe_line_transition )) -> X (Disconnect_Error_enable) ),G (Disconnect_Error_enable -> (X (first_data_transition | first_strobe_line_transition))),False
BASIC,9,Disconnect Error is only enabled after the first transition on the data or strobe line,G(((first_data_transition) & (first_strobe_line_transition )) -> X (Disconnect_Error_enable) ),G(Disconnect_Error_enable -> (first_data_transition | first_strobe_line_transition)) & G((first_data_transition | first_strobe_line_transition) -> X(Disconnect_Error_enable)),False
BASIC,9,Disconnect Error is only enabled after the first transition on the data or strobe line,G(((first_data_transition) & (first_strobe_line_transition )) -> X (Disconnect_Error_enable) ),G (Disconnect_Error_enable -> (first_data_transition | first_strobe_line_transition)) & G (first_data_transition | first_strobe_line_transition) -> G (Disconnect_Error_enable -> X (first_data_transition | first_strobe_line_transition)),False
BASIC,9,Disconnect Error is only enabled after the first transition on the data or strobe line,G(((first_data_transition) & (first_strobe_line_transition )) -> X (Disconnect_Error_enable) ),G(Disconnect_Error_enable -> (first_data_transition | first_strobe_line_transition)) & G((first_data_transition | first_strobe_line_transition) -> X(Disconnect_Error_enable)),False
BASIC,9,Disconnect Error is only enabled after the first transition on the data or strobe line,G(((first_data_transition) & (first_strobe_line_transition )) -> X (Disconnect_Error_enable) ),G(Disconnect_Error_enable -> (first_data_transition | first_strobe_line_transition)) & G((first_data_transition | first_strobe_line_transition) -> X(Disconnect_Error_enable)),False
BASIC,10,"When Port Reset is asserted, the following actions shall occur: 1.The TX FIFO and RX FIFO are cleared 2.The link state machine enters the ErrorReset state",G((Port_Reset_asserted) -> ((TX_FIFO_cleared) & (RX_FIFO_cleared) & X (ErrorReset_state))),G(Port_Reset_asserted -> (X(TX_FIFO_cleared & RX_FIFO_cleared) & X(ErrorReset_state))),False
BASIC,10,"When Port Reset is asserted, the following actions shall occur: 1.The TX FIFO and RX FIFO are cleared 2.The link state machine enters the ErrorReset state",G((Port_Reset_asserted) -> ((TX_FIFO_cleared) & (RX_FIFO_cleared) & X (ErrorReset_state))),G(Port_Reset_asserted -> (X(TX_FIFO_cleared & RX_FIFO_cleared) & X(ErrorReset_state))),False
BASIC,10,"When Port Reset is asserted, the following actions shall occur: 1.The TX FIFO and RX FIFO are cleared 2.The link state machine enters the ErrorReset state",G((Port_Reset_asserted) -> ((TX_FIFO_cleared) & (RX_FIFO_cleared) & X (ErrorReset_state))),G(Port_Reset_asserted -> (X(TX_FIFO_cleared & RX_FIFO_cleared) & X(ErrorReset_state))),False
BASIC,10,"When Port Reset is asserted, the following actions shall occur: 1.The TX FIFO and RX FIFO are cleared 2.The link state machine enters the ErrorReset state",G((Port_Reset_asserted) -> ((TX_FIFO_cleared) & (RX_FIFO_cleared) & X (ErrorReset_state))),G(Port_Reset_asserted -> (X(TX_FIFO_cleared & RX_FIFO_cleared) & X(ErrorReset_state))),False
BASIC,10,"When Port Reset is asserted, the following actions shall occur: 1.The TX FIFO and RX FIFO are cleared 2.The link state machine enters the ErrorReset state",G((Port_Reset_asserted) -> ((TX_FIFO_cleared) & (RX_FIFO_cleared) & X (ErrorReset_state))),G(Port_Reset_asserted -> (X(TX_FIFO_cleared & RX_FIFO_cleared) & X(ErrorReset_state))),False
BASIC,10,"When Port Reset is asserted, the following actions shall occur: 1.The TX FIFO and RX FIFO are cleared 2.The link state machine enters the ErrorReset state",G((Port_Reset_asserted) -> ((TX_FIFO_cleared) & (RX_FIFO_cleared) & X (ErrorReset_state))),G(Port_Reset_asserted -> (X(TX_FIFO_cleared & RX_FIFO_cleared) & X(ErrorReset_state))),False
BASIC,10,"When Port Reset is asserted, the following actions shall occur: 1.The TX FIFO and RX FIFO are cleared 2.The link state machine enters the ErrorReset state",G((Port_Reset_asserted) -> ((TX_FIFO_cleared) & (RX_FIFO_cleared) & X (ErrorReset_state))),G(Port_Reset_asserted -> (X(TX_FIFO_cleared & RX_FIFO_cleared) & X(ErrorReset_state))),False
BASIC,10,"When Port Reset is asserted, the following actions shall occur: 1.The TX FIFO and RX FIFO are cleared 2.The link state machine enters the ErrorReset state",G((Port_Reset_asserted) -> ((TX_FIFO_cleared) & (RX_FIFO_cleared) & X (ErrorReset_state))),G(Port_Reset_asserted -> (X(TX_FIFO_cleared & RX_FIFO_cleared & ErrorReset_state))),False
BASIC,10,"When Port Reset is asserted, the following actions shall occur: 1.The TX FIFO and RX FIFO are cleared 2.The link state machine enters the ErrorReset state",G((Port_Reset_asserted) -> ((TX_FIFO_cleared) & (RX_FIFO_cleared) & X (ErrorReset_state))),G(Port_Reset_asserted -> (X(TX_FIFO_cleared & RX_FIFO_cleared) & X(ErrorReset_state))),False
BASIC,10,"When Port Reset is asserted, the following actions shall occur: 1.The TX FIFO and RX FIFO are cleared 2.The link state machine enters the ErrorReset state",G((Port_Reset_asserted) -> ((TX_FIFO_cleared) & (RX_FIFO_cleared) & X (ErrorReset_state))),G(Port_Reset_asserted -> (X(TX_FIFO_cleared & RX_FIFO_cleared & ErrorReset_state))),False
BASIC,10,"When Port Reset is asserted, the following actions shall occur: 1.The TX FIFO and RX FIFO are cleared 2.The link state machine enters the ErrorReset state",G((Port_Reset_asserted) -> ((TX_FIFO_cleared) & (RX_FIFO_cleared) & X (ErrorReset_state))),G(Port_Reset_asserted -> (X(TX_FIFO_cleared & RX_FIFO_cleared) & X(ErrorReset_state))),False
BASIC,10,"When Port Reset is asserted, the following actions shall occur: 1.The TX FIFO and RX FIFO are cleared 2.The link state machine enters the ErrorReset state",G((Port_Reset_asserted) -> ((TX_FIFO_cleared) & (RX_FIFO_cleared) & X (ErrorReset_state))),G(Port_Reset_asserted -> (X(TX_FIFO_cleared & RX_FIFO_cleared) & X(ErrorReset_state))),False
BASIC,10,"When Port Reset is asserted, the following actions shall occur: 1.The TX FIFO and RX FIFO are cleared 2.The link state machine enters the ErrorReset state",G((Port_Reset_asserted) -> ((TX_FIFO_cleared) & (RX_FIFO_cleared) & X (ErrorReset_state))),G(Port_Reset_asserted -> (X(TX_FIFO_cleared & RX_FIFO_cleared) & X(ErrorReset_state))),False
BASIC,10,"When Port Reset is asserted, the following actions shall occur: 1.The TX FIFO and RX FIFO are cleared 2.The link state machine enters the ErrorReset state",G((Port_Reset_asserted) -> ((TX_FIFO_cleared) & (RX_FIFO_cleared) & X (ErrorReset_state))),G(Port_Reset_asserted -> (X(TX_FIFO_cleared & RX_FIFO_cleared) & X(ErrorReset_state))),False
BASIC,10,"When Port Reset is asserted, the following actions shall occur: 1.The TX FIFO and RX FIFO are cleared 2.The link state machine enters the ErrorReset state",G((Port_Reset_asserted) -> ((TX_FIFO_cleared) & (RX_FIFO_cleared) & X (ErrorReset_state))),G(Port_Reset_asserted -> (X(TX_FIFO_cleared & RX_FIFO_cleared) & X(ErrorReset_state))),False
BASIC,10,"When Port Reset is asserted, the following actions shall occur: 1.The TX FIFO and RX FIFO are cleared 2.The link state machine enters the ErrorReset state",G((Port_Reset_asserted) -> ((TX_FIFO_cleared) & (RX_FIFO_cleared) & X (ErrorReset_state))),G(Port_Reset_asserted -> (X(TX_FIFO_cleared & RX_FIFO_cleared) & X(ErrorReset_state))),False
BASIC,10,"When Port Reset is asserted, the following actions shall occur: 1.The TX FIFO and RX FIFO are cleared 2.The link state machine enters the ErrorReset state",G((Port_Reset_asserted) -> ((TX_FIFO_cleared) & (RX_FIFO_cleared) & X (ErrorReset_state))),G(Port_Reset_asserted -> (X(TX_FIFO_cleared & RX_FIFO_cleared) & X(ErrorReset_state))),False
BASIC,10,"When Port Reset is asserted, the following actions shall occur: 1.The TX FIFO and RX FIFO are cleared 2.The link state machine enters the ErrorReset state",G((Port_Reset_asserted) -> ((TX_FIFO_cleared) & (RX_FIFO_cleared) & X (ErrorReset_state))),G(Port_Reset_asserted -> (X(TX_FIFO_cleared & RX_FIFO_cleared) & X(ErrorReset_state))),False
BASIC,10,"When Port Reset is asserted, the following actions shall occur: 1.The TX FIFO and RX FIFO are cleared 2.The link state machine enters the ErrorReset state",G((Port_Reset_asserted) -> ((TX_FIFO_cleared) & (RX_FIFO_cleared) & X (ErrorReset_state))),G(Port_Reset_asserted -> (X(TX_FIFO_cleared & RX_FIFO_cleared) & X(ErrorReset_state))),False
BASIC,10,"When Port Reset is asserted, the following actions shall occur: 1.The TX FIFO and RX FIFO are cleared 2.The link state machine enters the ErrorReset state",G((Port_Reset_asserted) -> ((TX_FIFO_cleared) & (RX_FIFO_cleared) & X (ErrorReset_state))),G(Port_Reset_asserted -> (X(TX_FIFO_cleared & RX_FIFO_cleared) & X(ErrorReset_state))),False
BASIC,10,"When Port Reset is asserted, the following actions shall occur: 1.The TX FIFO and RX FIFO are cleared 2.The link state machine enters the ErrorReset state",G((Port_Reset_asserted) -> ((TX_FIFO_cleared) & (RX_FIFO_cleared) & X (ErrorReset_state))),G(Port_Reset_asserted -> (X(TX_FIFO_cleared & RX_FIFO_cleared) & X(ErrorReset_state))),False
BASIC,10,"When Port Reset is asserted, the following actions shall occur: 1.The TX FIFO and RX FIFO are cleared 2.The link state machine enters the ErrorReset state",G((Port_Reset_asserted) -> ((TX_FIFO_cleared) & (RX_FIFO_cleared) & X (ErrorReset_state))),G(Port_Reset_asserted -> (X(TX_FIFO_cleared & RX_FIFO_cleared) & X(ErrorReset_state))),False
BASIC,10,"When Port Reset is asserted, the following actions shall occur: 1.The TX FIFO and RX FIFO are cleared 2.The link state machine enters the ErrorReset state",G((Port_Reset_asserted) -> ((TX_FIFO_cleared) & (RX_FIFO_cleared) & X (ErrorReset_state))),G(Port_Reset_asserted -> (X(TX_FIFO_cleared & RX_FIFO_cleared) & X(ErrorReset_state))),False
BASIC,10,"When Port Reset is asserted, the following actions shall occur: 1.The TX FIFO and RX FIFO are cleared 2.The link state machine enters the ErrorReset state",G((Port_Reset_asserted) -> ((TX_FIFO_cleared) & (RX_FIFO_cleared) & X (ErrorReset_state))),G(Port_Reset_asserted -> (X(TX_FIFO_cleared & RX_FIFO_cleared) & X(ErrorReset_state))),False
BASIC,10,"When Port Reset is asserted, the following actions shall occur: 1.The TX FIFO and RX FIFO are cleared 2.The link state machine enters the ErrorReset state",G((Port_Reset_asserted) -> ((TX_FIFO_cleared) & (RX_FIFO_cleared) & X (ErrorReset_state))),G(Port_Reset_asserted -> (X(TX_FIFO_cleared & RX_FIFO_cleared) & X(ErrorReset_state))),False
BASIC,10,"When Port Reset is asserted, the following actions shall occur: 1.The TX FIFO and RX FIFO are cleared 2.The link state machine enters the ErrorReset state",G((Port_Reset_asserted) -> ((TX_FIFO_cleared) & (RX_FIFO_cleared) & X (ErrorReset_state))),G(Port_Reset_asserted -> (X(TX_FIFO_cleared & RX_FIFO_cleared) & X(ErrorReset_state))),False
BASIC,10,"When Port Reset is asserted, the following actions shall occur: 1.The TX FIFO and RX FIFO are cleared 2.The link state machine enters the ErrorReset state",G((Port_Reset_asserted) -> ((TX_FIFO_cleared) & (RX_FIFO_cleared) & X (ErrorReset_state))),G(Port_Reset_asserted -> (X(TX_FIFO_cleared & RX_FIFO_cleared) & X(ErrorReset_state))),False
BASIC,10,"When Port Reset is asserted, the following actions shall occur: 1.The TX FIFO and RX FIFO are cleared 2.The link state machine enters the ErrorReset state",G((Port_Reset_asserted) -> ((TX_FIFO_cleared) & (RX_FIFO_cleared) & X (ErrorReset_state))),G(Port_Reset_asserted -> (X(TX_FIFO_cleared & RX_FIFO_cleared) & X(ErrorReset_state))),False
BASIC,10,"When Port Reset is asserted, the following actions shall occur: 1.The TX FIFO and RX FIFO are cleared 2.The link state machine enters the ErrorReset state",G((Port_Reset_asserted) -> ((TX_FIFO_cleared) & (RX_FIFO_cleared) & X (ErrorReset_state))),G(Port_Reset_asserted -> (X(TX_FIFO_cleared & RX_FIFO_cleared) & X(ErrorReset_state))),False
BASIC,10,"When Port Reset is asserted, the following actions shall occur: 1.The TX FIFO and RX FIFO are cleared 2.The link state machine enters the ErrorReset state",G((Port_Reset_asserted) -> ((TX_FIFO_cleared) & (RX_FIFO_cleared) & X (ErrorReset_state))),G(Port_Reset_asserted -> (X(TX_FIFO_cleared & RX_FIFO_cleared) & X(ErrorReset_state))),False
BASIC,10,"When Port Reset is asserted, the following actions shall occur: 1.The TX FIFO and RX FIFO are cleared 2.The link state machine enters the ErrorReset state",G((Port_Reset_asserted) -> ((TX_FIFO_cleared) & (RX_FIFO_cleared) & X (ErrorReset_state))),G(Port_Reset_asserted -> (X(TX_FIFO_cleared & RX_FIFO_cleared) & X(ErrorReset_state))),False
BASIC,10,"When Port Reset is asserted, the following actions shall occur: 1.The TX FIFO and RX FIFO are cleared 2.The link state machine enters the ErrorReset state",G((Port_Reset_asserted) -> ((TX_FIFO_cleared) & (RX_FIFO_cleared) & X (ErrorReset_state))),G(Port_Reset_asserted -> (X(TX_FIFO_cleared & RX_FIFO_cleared) & X(ErrorReset_state))),False
BASIC,10,"When Port Reset is asserted, the following actions shall occur: 1.The TX FIFO and RX FIFO are cleared 2.The link state machine enters the ErrorReset state",G((Port_Reset_asserted) -> ((TX_FIFO_cleared) & (RX_FIFO_cleared) & X (ErrorReset_state))),G(Port_Reset_asserted -> (X(TX_FIFO_cleared & RX_FIFO_cleared) & X(ErrorReset_state))),False
BASIC,10,"When Port Reset is asserted, the following actions shall occur: 1.The TX FIFO and RX FIFO are cleared 2.The link state machine enters the ErrorReset state",G((Port_Reset_asserted) -> ((TX_FIFO_cleared) & (RX_FIFO_cleared) & X (ErrorReset_state))),G(Port_Reset_asserted -> (X(TX_FIFO_cleared & RX_FIFO_cleared) & X(ErrorReset_state))),False
BASIC,10,"When Port Reset is asserted, the following actions shall occur: 1.The TX FIFO and RX FIFO are cleared 2.The link state machine enters the ErrorReset state",G((Port_Reset_asserted) -> ((TX_FIFO_cleared) & (RX_FIFO_cleared) & X (ErrorReset_state))),G(Port_Reset_asserted -> (X(TX_FIFO_cleared & RX_FIFO_cleared) & X(ErrorReset_state))),False
BASIC,10,"When Port Reset is asserted, the following actions shall occur: 1.The TX FIFO and RX FIFO are cleared 2.The link state machine enters the ErrorReset state",G((Port_Reset_asserted) -> ((TX_FIFO_cleared) & (RX_FIFO_cleared) & X (ErrorReset_state))),G(Port_Reset_asserted -> (X(TX_FIFO_cleared & RX_FIFO_cleared) & X(ErrorReset_state))),False
BASIC,10,"When Port Reset is asserted, the following actions shall occur: 1.The TX FIFO and RX FIFO are cleared 2.The link state machine enters the ErrorReset state",G((Port_Reset_asserted) -> ((TX_FIFO_cleared) & (RX_FIFO_cleared) & X (ErrorReset_state))),G(Port_Reset_asserted -> (X(TX_FIFO_cleared & RX_FIFO_cleared) & X(ErrorReset_state))),False
BASIC,10,"When Port Reset is asserted, the following actions shall occur: 1.The TX FIFO and RX FIFO are cleared 2.The link state machine enters the ErrorReset state",G((Port_Reset_asserted) -> ((TX_FIFO_cleared) & (RX_FIFO_cleared) & X (ErrorReset_state))),G(Port_Reset_asserted -> (X(TX_FIFO_cleared & RX_FIFO_cleared) & X(ErrorReset_state))),False
BASIC,10,"When Port Reset is asserted, the following actions shall occur: 1.The TX FIFO and RX FIFO are cleared 2.The link state machine enters the ErrorReset state",G((Port_Reset_asserted) -> ((TX_FIFO_cleared) & (RX_FIFO_cleared) & X (ErrorReset_state))),G(Port_Reset_asserted -> (X(TX_FIFO_cleared & RX_FIFO_cleared) & X(ErrorReset_state))),False
BASIC,10,"When Port Reset is asserted, the following actions shall occur: 1.The TX FIFO and RX FIFO are cleared 2.The link state machine enters the ErrorReset state",G((Port_Reset_asserted) -> ((TX_FIFO_cleared) & (RX_FIFO_cleared) & X (ErrorReset_state))),G(Port_Reset_asserted -> (X(TX_FIFO_cleared & RX_FIFO_cleared) & X(ErrorReset_state))),False
BASIC,10,"When Port Reset is asserted, the following actions shall occur: 1.The TX FIFO and RX FIFO are cleared 2.The link state machine enters the ErrorReset state",G((Port_Reset_asserted) -> ((TX_FIFO_cleared) & (RX_FIFO_cleared) & X (ErrorReset_state))),G(Port_Reset_asserted -> (X(TX_FIFO_cleared & RX_FIFO_cleared) & X(ErrorReset_state))),False
BASIC,10,"When Port Reset is asserted, the following actions shall occur: 1.The TX FIFO and RX FIFO are cleared 2.The link state machine enters the ErrorReset state",G((Port_Reset_asserted) -> ((TX_FIFO_cleared) & (RX_FIFO_cleared) & X (ErrorReset_state))),G(Port_Reset_asserted -> (X(TX_FIFO_cleared & RX_FIFO_cleared) & X(ErrorReset_state))),False
BASIC,10,"When Port Reset is asserted, the following actions shall occur: 1.The TX FIFO and RX FIFO are cleared 2.The link state machine enters the ErrorReset state",G((Port_Reset_asserted) -> ((TX_FIFO_cleared) & (RX_FIFO_cleared) & X (ErrorReset_state))),G(Port_Reset_asserted -> (X(TX_FIFO_cleared & RX_FIFO_cleared) & X(ErrorReset_state))),False
BASIC,10,"When Port Reset is asserted, the following actions shall occur: 1.The TX FIFO and RX FIFO are cleared 2.The link state machine enters the ErrorReset state",G((Port_Reset_asserted) -> ((TX_FIFO_cleared) & (RX_FIFO_cleared) & X (ErrorReset_state))),G(Port_Reset_asserted -> (X(TX_FIFO_cleared & RX_FIFO_cleared) & X(ErrorReset_state))),False
BASIC,10,"When Port Reset is asserted, the following actions shall occur: 1.The TX FIFO and RX FIFO are cleared 2.The link state machine enters the ErrorReset state",G((Port_Reset_asserted) -> ((TX_FIFO_cleared) & (RX_FIFO_cleared) & X (ErrorReset_state))),G(Port_Reset_asserted -> (X(TX_FIFO_cleared & RX_FIFO_cleared) & X(ErrorReset_state))),False
BASIC,10,"When Port Reset is asserted, the following actions shall occur: 1.The TX FIFO and RX FIFO are cleared 2.The link state machine enters the ErrorReset state",G((Port_Reset_asserted) -> ((TX_FIFO_cleared) & (RX_FIFO_cleared) & X (ErrorReset_state))),G(Port_Reset_asserted -> (X(TX_FIFO_cleared & RX_FIFO_cleared) & X(ErrorReset_state))),False
BASIC,10,"When Port Reset is asserted, the following actions shall occur: 1.The TX FIFO and RX FIFO are cleared 2.The link state machine enters the ErrorReset state",G((Port_Reset_asserted) -> ((TX_FIFO_cleared) & (RX_FIFO_cleared) & X (ErrorReset_state))),G(Port_Reset_asserted -> (X(TX_FIFO_cleared & RX_FIFO_cleared) & X(ErrorReset_state))),False
BASIC,10,"When Port Reset is asserted, the following actions shall occur: 1.The TX FIFO and RX FIFO are cleared 2.The link state machine enters the ErrorReset state",G((Port_Reset_asserted) -> ((TX_FIFO_cleared) & (RX_FIFO_cleared) & X (ErrorReset_state))),G(Port_Reset_asserted -> (X(TX_FIFO_cleared & RX_FIFO_cleared) & X(ErrorReset_state))),False
BASIC,10,"When Port Reset is asserted, the following actions shall occur: 1.The TX FIFO and RX FIFO are cleared 2.The link state machine enters the ErrorReset state",G((Port_Reset_asserted) -> ((TX_FIFO_cleared) & (RX_FIFO_cleared) & X (ErrorReset_state))),G(Port_Reset_asserted -> (X(TX_FIFO_cleared & RX_FIFO_cleared) & X(ErrorReset_state))),False
BASIC,10,"When Port Reset is asserted, the following actions shall occur: 1.The TX FIFO and RX FIFO are cleared 2.The link state machine enters the ErrorReset state",G((Port_Reset_asserted) -> ((TX_FIFO_cleared) & (RX_FIFO_cleared) & X (ErrorReset_state))),G(Port_Reset_asserted -> (X(TX_FIFO_cleared & RX_FIFO_cleared) & X(ErrorReset_state))),False
BASIC,10,"When Port Reset is asserted, the following actions shall occur: 1.The TX FIFO and RX FIFO are cleared 2.The link state machine enters the ErrorReset state",G((Port_Reset_asserted) -> ((TX_FIFO_cleared) & (RX_FIFO_cleared) & X (ErrorReset_state))),G(Port_Reset_asserted -> (X(TX_FIFO_cleared & RX_FIFO_cleared) & X(ErrorReset_state))),False
BASIC,10,"When Port Reset is asserted, the following actions shall occur: 1.The TX FIFO and RX FIFO are cleared 2.The link state machine enters the ErrorReset state",G((Port_Reset_asserted) -> ((TX_FIFO_cleared) & (RX_FIFO_cleared) & X (ErrorReset_state))),G(Port_Reset_asserted -> (X(TX_FIFO_cleared & RX_FIFO_cleared) & X(ErrorReset_state))),False
BASIC,10,"When Port Reset is asserted, the following actions shall occur: 1.The TX FIFO and RX FIFO are cleared 2.The link state machine enters the ErrorReset state",G((Port_Reset_asserted) -> ((TX_FIFO_cleared) & (RX_FIFO_cleared) & X (ErrorReset_state))),G(Port_Reset_asserted -> (X(TX_FIFO_cleared & RX_FIFO_cleared) & X(ErrorReset_state))),False
BASIC,10,"When Port Reset is asserted, the following actions shall occur: 1.The TX FIFO and RX FIFO are cleared 2.The link state machine enters the ErrorReset state",G((Port_Reset_asserted) -> ((TX_FIFO_cleared) & (RX_FIFO_cleared) & X (ErrorReset_state))),G(Port_Reset_asserted -> (X(TX_FIFO_cleared & RX_FIFO_cleared) & X(ErrorReset_state))),False
BASIC,10,"When Port Reset is asserted, the following actions shall occur: 1.The TX FIFO and RX FIFO are cleared 2.The link state machine enters the ErrorReset state",G((Port_Reset_asserted) -> ((TX_FIFO_cleared) & (RX_FIFO_cleared) & X (ErrorReset_state))),G(Port_Reset_asserted -> (X(TX_FIFO_cleared & RX_FIFO_cleared) & X(ErrorReset_state))),False
BASIC,10,"When Port Reset is asserted, the following actions shall occur: 1.The TX FIFO and RX FIFO are cleared 2.The link state machine enters the ErrorReset state",G((Port_Reset_asserted) -> ((TX_FIFO_cleared) & (RX_FIFO_cleared) & X (ErrorReset_state))),G(Port_Reset_asserted -> (X(TX_FIFO_cleared & RX_FIFO_cleared) & X(ErrorReset_state))),False
BASIC,10,"When Port Reset is asserted, the following actions shall occur: 1.The TX FIFO and RX FIFO are cleared 2.The link state machine enters the ErrorReset state",G((Port_Reset_asserted) -> ((TX_FIFO_cleared) & (RX_FIFO_cleared) & X (ErrorReset_state))),G(Port_Reset_asserted -> (X(TX_FIFO_cleared & RX_FIFO_cleared) & X(ErrorReset_state))),False
BASIC,10,"When Port Reset is asserted, the following actions shall occur: 1.The TX FIFO and RX FIFO are cleared 2.The link state machine enters the ErrorReset state",G((Port_Reset_asserted) -> ((TX_FIFO_cleared) & (RX_FIFO_cleared) & X (ErrorReset_state))),G(Port_Reset_asserted -> (X(TX_FIFO_cleared & RX_FIFO_cleared) & X(ErrorReset_state))),False
BASIC,10,"When Port Reset is asserted, the following actions shall occur: 1.The TX FIFO and RX FIFO are cleared 2.The link state machine enters the ErrorReset state",G((Port_Reset_asserted) -> ((TX_FIFO_cleared) & (RX_FIFO_cleared) & X (ErrorReset_state))),G(Port_Reset_asserted -> (X(TX_FIFO_cleared & RX_FIFO_cleared) & X(ErrorReset_state))),False
BASIC,10,"When Port Reset is asserted, the following actions shall occur: 1.The TX FIFO and RX FIFO are cleared 2.The link state machine enters the ErrorReset state",G((Port_Reset_asserted) -> ((TX_FIFO_cleared) & (RX_FIFO_cleared) & X (ErrorReset_state))),G(Port_Reset_asserted -> (X(TX_FIFO_cleared & RX_FIFO_cleared) & X(ErrorReset_state))),False
BASIC,10,"When Port Reset is asserted, the following actions shall occur: 1.The TX FIFO and RX FIFO are cleared 2.The link state machine enters the ErrorReset state",G((Port_Reset_asserted) -> ((TX_FIFO_cleared) & (RX_FIFO_cleared) & X (ErrorReset_state))),G(Port_Reset_asserted -> (X(TX_FIFO_cleared & RX_FIFO_cleared) & X(ErrorReset_state))),False
BASIC,10,"When Port Reset is asserted, the following actions shall occur: 1.The TX FIFO and RX FIFO are cleared 2.The link state machine enters the ErrorReset state",G((Port_Reset_asserted) -> ((TX_FIFO_cleared) & (RX_FIFO_cleared) & X (ErrorReset_state))),G(Port_Reset_asserted -> (X(TX_FIFO_cleared & RX_FIFO_cleared) & X(ErrorReset_state))),False
BASIC,10,"When Port Reset is asserted, the following actions shall occur: 1.The TX FIFO and RX FIFO are cleared 2.The link state machine enters the ErrorReset state",G((Port_Reset_asserted) -> ((TX_FIFO_cleared) & (RX_FIFO_cleared) & X (ErrorReset_state))),G(Port_Reset_asserted -> (X(TX_FIFO_cleared & RX_FIFO_cleared) & X(ErrorReset_state))),False
BASIC,10,"When Port Reset is asserted, the following actions shall occur: 1.The TX FIFO and RX FIFO are cleared 2.The link state machine enters the ErrorReset state",G((Port_Reset_asserted) -> ((TX_FIFO_cleared) & (RX_FIFO_cleared) & X (ErrorReset_state))),G(Port_Reset_asserted -> (X(TX_FIFO_cleared & RX_FIFO_cleared) & X(ErrorReset_state))),False
BASIC,10,"When Port Reset is asserted, the following actions shall occur: 1.The TX FIFO and RX FIFO are cleared 2.The link state machine enters the ErrorReset state",G((Port_Reset_asserted) -> ((TX_FIFO_cleared) & (RX_FIFO_cleared) & X (ErrorReset_state))),G(Port_Reset_asserted -> (X(TX_FIFO_cleared & RX_FIFO_cleared) & X(ErrorReset_state))),False
BASIC,10,"When Port Reset is asserted, the following actions shall occur: 1.The TX FIFO and RX FIFO are cleared 2.The link state machine enters the ErrorReset state",G((Port_Reset_asserted) -> ((TX_FIFO_cleared) & (RX_FIFO_cleared) & X (ErrorReset_state))),G(Port_Reset_asserted -> (X(TX_FIFO_cleared & RX_FIFO_cleared) & X(ErrorReset_state))),False
BASIC,10,"When Port Reset is asserted, the following actions shall occur: 1.The TX FIFO and RX FIFO are cleared 2.The link state machine enters the ErrorReset state",G((Port_Reset_asserted) -> ((TX_FIFO_cleared) & (RX_FIFO_cleared) & X (ErrorReset_state))),G(Port_Reset_asserted -> (X(TX_FIFO_cleared & RX_FIFO_cleared) & X(ErrorReset_state))),False
BASIC,10,"When Port Reset is asserted, the following actions shall occur: 1.The TX FIFO and RX FIFO are cleared 2.The link state machine enters the ErrorReset state",G((Port_Reset_asserted) -> ((TX_FIFO_cleared) & (RX_FIFO_cleared) & X (ErrorReset_state))),G(Port_Reset_asserted -> (X(TX_FIFO_cleared & RX_FIFO_cleared & ErrorReset_state))),False
BASIC,10,"When Port Reset is asserted, the following actions shall occur: 1.The TX FIFO and RX FIFO are cleared 2.The link state machine enters the ErrorReset state",G((Port_Reset_asserted) -> ((TX_FIFO_cleared) & (RX_FIFO_cleared) & X (ErrorReset_state))),G(Port_Reset_asserted -> (X(TX_FIFO_cleared & RX_FIFO_cleared) & X(ErrorReset_state))),False
BASIC,10,"When Port Reset is asserted, the following actions shall occur: 1.The TX FIFO and RX FIFO are cleared 2.The link state machine enters the ErrorReset state",G((Port_Reset_asserted) -> ((TX_FIFO_cleared) & (RX_FIFO_cleared) & X (ErrorReset_state))),G(Port_Reset_asserted -> (X(TX_FIFO_cleared & RX_FIFO_cleared) & X(ErrorReset_state))),False
BASIC,10,"When Port Reset is asserted, the following actions shall occur: 1.The TX FIFO and RX FIFO are cleared 2.The link state machine enters the ErrorReset state",G((Port_Reset_asserted) -> ((TX_FIFO_cleared) & (RX_FIFO_cleared) & X (ErrorReset_state))),G(Port_Reset_asserted -> (X(TX_FIFO_cleared & RX_FIFO_cleared) & X(ErrorReset_state))),False
BASIC,10,"When Port Reset is asserted, the following actions shall occur: 1.The TX FIFO and RX FIFO are cleared 2.The link state machine enters the ErrorReset state",G((Port_Reset_asserted) -> ((TX_FIFO_cleared) & (RX_FIFO_cleared) & X (ErrorReset_state))),G(Port_Reset_asserted -> (X(TX_FIFO_cleared & RX_FIFO_cleared) & X(ErrorReset_state))),False
BASIC,10,"When Port Reset is asserted, the following actions shall occur: 1.The TX FIFO and RX FIFO are cleared 2.The link state machine enters the ErrorReset state",G((Port_Reset_asserted) -> ((TX_FIFO_cleared) & (RX_FIFO_cleared) & X (ErrorReset_state))),G(Port_Reset_asserted -> (X(TX_FIFO_cleared & RX_FIFO_cleared) & X(ErrorReset_state))),False
BASIC,10,"When Port Reset is asserted, the following actions shall occur: 1.The TX FIFO and RX FIFO are cleared 2.The link state machine enters the ErrorReset state",G((Port_Reset_asserted) -> ((TX_FIFO_cleared) & (RX_FIFO_cleared) & X (ErrorReset_state))),G(Port_Reset_asserted -> (X(TX_FIFO_cleared & RX_FIFO_cleared) & X(ErrorReset_state))),False
BASIC,10,"When Port Reset is asserted, the following actions shall occur: 1.The TX FIFO and RX FIFO are cleared 2.The link state machine enters the ErrorReset state",G((Port_Reset_asserted) -> ((TX_FIFO_cleared) & (RX_FIFO_cleared) & X (ErrorReset_state))),G(Port_Reset_asserted -> (X(TX_FIFO_cleared & RX_FIFO_cleared) & X(ErrorReset_state))),False
BASIC,10,"When Port Reset is asserted, the following actions shall occur: 1.The TX FIFO and RX FIFO are cleared 2.The link state machine enters the ErrorReset state",G((Port_Reset_asserted) -> ((TX_FIFO_cleared) & (RX_FIFO_cleared) & X (ErrorReset_state))),G(Port_Reset_asserted -> (X(TX_FIFO_cleared & RX_FIFO_cleared) & X(ErrorReset_state))),False
BASIC,10,"When Port Reset is asserted, the following actions shall occur: 1.The TX FIFO and RX FIFO are cleared 2.The link state machine enters the ErrorReset state",G((Port_Reset_asserted) -> ((TX_FIFO_cleared) & (RX_FIFO_cleared) & X (ErrorReset_state))),G(Port_Reset_asserted -> (X(TX_FIFO_cleared & RX_FIFO_cleared) & X(ErrorReset_state))),False
BASIC,10,"When Port Reset is asserted, the following actions shall occur: 1.The TX FIFO and RX FIFO are cleared 2.The link state machine enters the ErrorReset state",G((Port_Reset_asserted) -> ((TX_FIFO_cleared) & (RX_FIFO_cleared) & X (ErrorReset_state))),G(Port_Reset_asserted -> (X(TX_FIFO_cleared & RX_FIFO_cleared) & X(ErrorReset_state))),False
BASIC,10,"When Port Reset is asserted, the following actions shall occur: 1.The TX FIFO and RX FIFO are cleared 2.The link state machine enters the ErrorReset state",G((Port_Reset_asserted) -> ((TX_FIFO_cleared) & (RX_FIFO_cleared) & X (ErrorReset_state))),G(Port_Reset_asserted -> (X(TX_FIFO_cleared & RX_FIFO_cleared) & X(ErrorReset_state))),False
BASIC,10,"When Port Reset is asserted, the following actions shall occur: 1.The TX FIFO and RX FIFO are cleared 2.The link state machine enters the ErrorReset state",G((Port_Reset_asserted) -> ((TX_FIFO_cleared) & (RX_FIFO_cleared) & X (ErrorReset_state))),G(Port_Reset_asserted -> (X(TX_FIFO_cleared & RX_FIFO_cleared & ErrorReset_state))),False
BASIC,10,"When Port Reset is asserted, the following actions shall occur: 1.The TX FIFO and RX FIFO are cleared 2.The link state machine enters the ErrorReset state",G((Port_Reset_asserted) -> ((TX_FIFO_cleared) & (RX_FIFO_cleared) & X (ErrorReset_state))),G(Port_Reset_asserted -> (X(TX_FIFO_cleared & RX_FIFO_cleared) & X(ErrorReset_state))),False
BASIC,10,"When Port Reset is asserted, the following actions shall occur: 1.The TX FIFO and RX FIFO are cleared 2.The link state machine enters the ErrorReset state",G((Port_Reset_asserted) -> ((TX_FIFO_cleared) & (RX_FIFO_cleared) & X (ErrorReset_state))),G(Port_Reset_asserted -> (X(TX_FIFO_cleared & RX_FIFO_cleared) & X(ErrorReset_state))),False
BASIC,10,"When Port Reset is asserted, the following actions shall occur: 1.The TX FIFO and RX FIFO are cleared 2.The link state machine enters the ErrorReset state",G((Port_Reset_asserted) -> ((TX_FIFO_cleared) & (RX_FIFO_cleared) & X (ErrorReset_state))),G(Port_Reset_asserted -> (X(TX_FIFO_cleared & RX_FIFO_cleared) & X(ErrorReset_state))),False
BASIC,10,"When Port Reset is asserted, the following actions shall occur: 1.The TX FIFO and RX FIFO are cleared 2.The link state machine enters the ErrorReset state",G((Port_Reset_asserted) -> ((TX_FIFO_cleared) & (RX_FIFO_cleared) & X (ErrorReset_state))),G(Port_Reset_asserted -> (X(TX_FIFO_cleared & RX_FIFO_cleared) & X(ErrorReset_state))),False
BASIC,10,"When Port Reset is asserted, the following actions shall occur: 1.The TX FIFO and RX FIFO are cleared 2.The link state machine enters the ErrorReset state",G((Port_Reset_asserted) -> ((TX_FIFO_cleared) & (RX_FIFO_cleared) & X (ErrorReset_state))),G(Port_Reset_asserted -> (X(TX_FIFO_cleared & RX_FIFO_cleared) & X(ErrorReset_state))),False
BASIC,10,"When Port Reset is asserted, the following actions shall occur: 1.The TX FIFO and RX FIFO are cleared 2.The link state machine enters the ErrorReset state",G((Port_Reset_asserted) -> ((TX_FIFO_cleared) & (RX_FIFO_cleared) & X (ErrorReset_state))),G(Port_Reset_asserted -> (X(TX_FIFO_cleared & RX_FIFO_cleared) & X(ErrorReset_state))),False
BASIC,10,"When Port Reset is asserted, the following actions shall occur: 1.The TX FIFO and RX FIFO are cleared 2.The link state machine enters the ErrorReset state",G((Port_Reset_asserted) -> ((TX_FIFO_cleared) & (RX_FIFO_cleared) & X (ErrorReset_state))),G(Port_Reset_asserted -> (X(TX_FIFO_cleared & RX_FIFO_cleared) & X(ErrorReset_state))),False
BASIC,10,"When Port Reset is asserted, the following actions shall occur: 1.The TX FIFO and RX FIFO are cleared 2.The link state machine enters the ErrorReset state",G((Port_Reset_asserted) -> ((TX_FIFO_cleared) & (RX_FIFO_cleared) & X (ErrorReset_state))),G(Port_Reset_asserted -> (X(TX_FIFO_cleared & RX_FIFO_cleared & ErrorReset_state))),False
BASIC,10,"When Port Reset is asserted, the following actions shall occur: 1.The TX FIFO and RX FIFO are cleared 2.The link state machine enters the ErrorReset state",G((Port_Reset_asserted) -> ((TX_FIFO_cleared) & (RX_FIFO_cleared) & X (ErrorReset_state))),G(Port_Reset_asserted -> (X(TX_FIFO_cleared & RX_FIFO_cleared) & X(ErrorReset_state))),False
BASIC,10,"When Port Reset is asserted, the following actions shall occur: 1.The TX FIFO and RX FIFO are cleared 2.The link state machine enters the ErrorReset state",G((Port_Reset_asserted) -> ((TX_FIFO_cleared) & (RX_FIFO_cleared) & X (ErrorReset_state))),G(Port_Reset_asserted -> (X(TX_FIFO_cleared & RX_FIFO_cleared) & X(ErrorReset_state))),False
BASIC,10,"When Port Reset is asserted, the following actions shall occur: 1.The TX FIFO and RX FIFO are cleared 2.The link state machine enters the ErrorReset state",G((Port_Reset_asserted) -> ((TX_FIFO_cleared) & (RX_FIFO_cleared) & X (ErrorReset_state))),G(Port_Reset_asserted -> (X(TX_FIFO_cleared & RX_FIFO_cleared) & X(ErrorReset_state))),False
BASIC,10,"When Port Reset is asserted, the following actions shall occur: 1.The TX FIFO and RX FIFO are cleared 2.The link state machine enters the ErrorReset state",G((Port_Reset_asserted) -> ((TX_FIFO_cleared) & (RX_FIFO_cleared) & X (ErrorReset_state))),G(Port_Reset_asserted -> (X(TX_FIFO_cleared & RX_FIFO_cleared) & X(ErrorReset_state))),False
BASIC,10,"When Port Reset is asserted, the following actions shall occur: 1.The TX FIFO and RX FIFO are cleared 2.The link state machine enters the ErrorReset state",G((Port_Reset_asserted) -> ((TX_FIFO_cleared) & (RX_FIFO_cleared) & X (ErrorReset_state))),G(Port_Reset_asserted -> (X(TX_FIFO_cleared & RX_FIFO_cleared) & X(ErrorReset_state))),False
BASIC,10,"When Port Reset is asserted, the following actions shall occur: 1.The TX FIFO and RX FIFO are cleared 2.The link state machine enters the ErrorReset state",G((Port_Reset_asserted) -> ((TX_FIFO_cleared) & (RX_FIFO_cleared) & X (ErrorReset_state))),G(Port_Reset_asserted -> (X(TX_FIFO_cleared & RX_FIFO_cleared) & X(ErrorReset_state))),False
BASIC,10,"When Port Reset is asserted, the following actions shall occur: 1.The TX FIFO and RX FIFO are cleared 2.The link state machine enters the ErrorReset state",G((Port_Reset_asserted) -> ((TX_FIFO_cleared) & (RX_FIFO_cleared) & X (ErrorReset_state))),G(Port_Reset_asserted -> (X(TX_FIFO_cleared & RX_FIFO_cleared) & X(ErrorReset_state))),False
BASIC,10,"When Port Reset is asserted, the following actions shall occur: 1.The TX FIFO and RX FIFO are cleared 2.The link state machine enters the ErrorReset state",G((Port_Reset_asserted) -> ((TX_FIFO_cleared) & (RX_FIFO_cleared) & X (ErrorReset_state))),G(Port_Reset_asserted -> (X(TX_FIFO_cleared & RX_FIFO_cleared) & X(ErrorReset_state))),False
BASIC,10,"When Port Reset is asserted, the following actions shall occur: 1.The TX FIFO and RX FIFO are cleared 2.The link state machine enters the ErrorReset state",G((Port_Reset_asserted) -> ((TX_FIFO_cleared) & (RX_FIFO_cleared) & X (ErrorReset_state))),G(Port_Reset_asserted -> (X(TX_FIFO_cleared & RX_FIFO_cleared) & X(ErrorReset_state))),False
BASIC,10,"When Port Reset is asserted, the following actions shall occur: 1.The TX FIFO and RX FIFO are cleared 2.The link state machine enters the ErrorReset state",G((Port_Reset_asserted) -> ((TX_FIFO_cleared) & (RX_FIFO_cleared) & X (ErrorReset_state))),G(Port_Reset_asserted -> (X(TX_FIFO_cleared & RX_FIFO_cleared) & X(ErrorReset_state))),False
BASIC,10,"When Port Reset is asserted, the following actions shall occur: 1.The TX FIFO and RX FIFO are cleared 2.The link state machine enters the ErrorReset state",G((Port_Reset_asserted) -> ((TX_FIFO_cleared) & (RX_FIFO_cleared) & X (ErrorReset_state))),G(Port_Reset_asserted -> (X(TX_FIFO_cleared & RX_FIFO_cleared) & X(ErrorReset_state))),False
BASIC,10,"When Port Reset is asserted, the following actions shall occur: 1.The TX FIFO and RX FIFO are cleared 2.The link state machine enters the ErrorReset state",G((Port_Reset_asserted) -> ((TX_FIFO_cleared) & (RX_FIFO_cleared) & X (ErrorReset_state))),G(Port_Reset_asserted -> (X(TX_FIFO_cleared & RX_FIFO_cleared) & X(ErrorReset_state))),False
BASIC,11,"The Link state machine shall leave the Run state on one of the following conditions: 1.When LinkDisabled is asserted, move to the ErrorReset state. 2.When a disconnect occurs, move to the ErrorReset state. 3.When a parity error occurs, move to the ErrorReset state. 4.When an ESC error occurs, move to the ErrorReset state. 5.When a credit error occurs, move to the ErrorReset state",G ( ( ((((LinkDisabled & disconnect) & parity_error) & ESC_error) & credit_error) ) -> X (ErrorReset_state) ),G (Run_state -> X (LinkDisabled | disconnect | parity_error | ESC_error | credit_error) -> X ErrorReset_state),False
BASIC,11,"The Link state machine shall leave the Run state on one of the following conditions: 1.When LinkDisabled is asserted, move to the ErrorReset state. 2.When a disconnect occurs, move to the ErrorReset state. 3.When a parity error occurs, move to the ErrorReset state. 4.When an ESC error occurs, move to the ErrorReset state. 5.When a credit error occurs, move to the ErrorReset state",G ( ( ((((LinkDisabled & disconnect) & parity_error) & ESC_error) & credit_error) ) -> X (ErrorReset_state) ),G (Run_state -> X (LinkDisabled | disconnect | parity_error | ESC_error | credit_error) -> X ErrorReset_state),False
BASIC,11,"The Link state machine shall leave the Run state on one of the following conditions: 1.When LinkDisabled is asserted, move to the ErrorReset state. 2.When a disconnect occurs, move to the ErrorReset state. 3.When a parity error occurs, move to the ErrorReset state. 4.When an ESC error occurs, move to the ErrorReset state. 5.When a credit error occurs, move to the ErrorReset state",G ( ( ((((LinkDisabled & disconnect) & parity_error) & ESC_error) & credit_error) ) -> X (ErrorReset_state) ),G (Run_state -> X (LinkDisabled | disconnect | parity_error | ESC_error | credit_error) -> X ErrorReset_state),False
BASIC,11,"The Link state machine shall leave the Run state on one of the following conditions: 1.When LinkDisabled is asserted, move to the ErrorReset state. 2.When a disconnect occurs, move to the ErrorReset state. 3.When a parity error occurs, move to the ErrorReset state. 4.When an ESC error occurs, move to the ErrorReset state. 5.When a credit error occurs, move to the ErrorReset state",G ( ( ((((LinkDisabled & disconnect) & parity_error) & ESC_error) & credit_error) ) -> X (ErrorReset_state) ),G (Run_state -> X (LinkDisabled | disconnect | parity_error | ESC_error | credit_error) -> X ErrorReset_state),False
BASIC,11,"The Link state machine shall leave the Run state on one of the following conditions: 1.When LinkDisabled is asserted, move to the ErrorReset state. 2.When a disconnect occurs, move to the ErrorReset state. 3.When a parity error occurs, move to the ErrorReset state. 4.When an ESC error occurs, move to the ErrorReset state. 5.When a credit error occurs, move to the ErrorReset state",G ( ( ((((LinkDisabled & disconnect) & parity_error) & ESC_error) & credit_error) ) -> X (ErrorReset_state) ),G (Run_state -> X (LinkDisabled | disconnect | parity_error | ESC_error | credit_error) -> X ErrorReset_state),False
BASIC,11,"The Link state machine shall leave the Run state on one of the following conditions: 1.When LinkDisabled is asserted, move to the ErrorReset state. 2.When a disconnect occurs, move to the ErrorReset state. 3.When a parity error occurs, move to the ErrorReset state. 4.When an ESC error occurs, move to the ErrorReset state. 5.When a credit error occurs, move to the ErrorReset state",G ( ( ((((LinkDisabled & disconnect) & parity_error) & ESC_error) & credit_error) ) -> X (ErrorReset_state) ),G (Run_state -> X (LinkDisabled | disconnect | parity_error | ESC_error | credit_error) -> X ErrorReset_state),False
BASIC,11,"The Link state machine shall leave the Run state on one of the following conditions: 1.When LinkDisabled is asserted, move to the ErrorReset state. 2.When a disconnect occurs, move to the ErrorReset state. 3.When a parity error occurs, move to the ErrorReset state. 4.When an ESC error occurs, move to the ErrorReset state. 5.When a credit error occurs, move to the ErrorReset state",G ( ( ((((LinkDisabled & disconnect) & parity_error) & ESC_error) & credit_error) ) -> X (ErrorReset_state) ),G (Run_state -> X (LinkDisabled | disconnect | parity_error | ESC_error | credit_error) -> X ErrorReset_state),False
BASIC,11,"The Link state machine shall leave the Run state on one of the following conditions: 1.When LinkDisabled is asserted, move to the ErrorReset state. 2.When a disconnect occurs, move to the ErrorReset state. 3.When a parity error occurs, move to the ErrorReset state. 4.When an ESC error occurs, move to the ErrorReset state. 5.When a credit error occurs, move to the ErrorReset state",G ( ( ((((LinkDisabled & disconnect) & parity_error) & ESC_error) & credit_error) ) -> X (ErrorReset_state) ),G (Run_state -> X (LinkDisabled | disconnect | parity_error | ESC_error | credit_error) & X ErrorReset_state),False
BASIC,11,"The Link state machine shall leave the Run state on one of the following conditions: 1.When LinkDisabled is asserted, move to the ErrorReset state. 2.When a disconnect occurs, move to the ErrorReset state. 3.When a parity error occurs, move to the ErrorReset state. 4.When an ESC error occurs, move to the ErrorReset state. 5.When a credit error occurs, move to the ErrorReset state",G ( ( ((((LinkDisabled & disconnect) & parity_error) & ESC_error) & credit_error) ) -> X (ErrorReset_state) ),G (Run_state -> X (LinkDisabled | disconnect | parity_error | ESC_error | credit_error) -> X ErrorReset_state),False
BASIC,11,"The Link state machine shall leave the Run state on one of the following conditions: 1.When LinkDisabled is asserted, move to the ErrorReset state. 2.When a disconnect occurs, move to the ErrorReset state. 3.When a parity error occurs, move to the ErrorReset state. 4.When an ESC error occurs, move to the ErrorReset state. 5.When a credit error occurs, move to the ErrorReset state",G ( ( ((((LinkDisabled & disconnect) & parity_error) & ESC_error) & credit_error) ) -> X (ErrorReset_state) ),G (Run_state -> (LinkDisabled | disconnect | parity_error | ESC_error | credit_error) -> X ErrorReset_state),False
BASIC,11,"The Link state machine shall leave the Run state on one of the following conditions: 1.When LinkDisabled is asserted, move to the ErrorReset state. 2.When a disconnect occurs, move to the ErrorReset state. 3.When a parity error occurs, move to the ErrorReset state. 4.When an ESC error occurs, move to the ErrorReset state. 5.When a credit error occurs, move to the ErrorReset state",G ( ( ((((LinkDisabled & disconnect) & parity_error) & ESC_error) & credit_error) ) -> X (ErrorReset_state) ),G (Run_state -> X (LinkDisabled | disconnect | parity_error | ESC_error | credit_error) -> X ErrorReset_state),False
BASIC,11,"The Link state machine shall leave the Run state on one of the following conditions: 1.When LinkDisabled is asserted, move to the ErrorReset state. 2.When a disconnect occurs, move to the ErrorReset state. 3.When a parity error occurs, move to the ErrorReset state. 4.When an ESC error occurs, move to the ErrorReset state. 5.When a credit error occurs, move to the ErrorReset state",G ( ( ((((LinkDisabled & disconnect) & parity_error) & ESC_error) & credit_error) ) -> X (ErrorReset_state) ),G (Run_state -> X (LinkDisabled | disconnect | parity_error | ESC_error | credit_error) -> X ErrorReset_state),False
BASIC,11,"The Link state machine shall leave the Run state on one of the following conditions: 1.When LinkDisabled is asserted, move to the ErrorReset state. 2.When a disconnect occurs, move to the ErrorReset state. 3.When a parity error occurs, move to the ErrorReset state. 4.When an ESC error occurs, move to the ErrorReset state. 5.When a credit error occurs, move to the ErrorReset state",G ( ( ((((LinkDisabled & disconnect) & parity_error) & ESC_error) & credit_error) ) -> X (ErrorReset_state) ),G (Run_state -> X (LinkDisabled | disconnect | parity_error | ESC_error | credit_error) -> X ErrorReset_state),False
BASIC,11,"The Link state machine shall leave the Run state on one of the following conditions: 1.When LinkDisabled is asserted, move to the ErrorReset state. 2.When a disconnect occurs, move to the ErrorReset state. 3.When a parity error occurs, move to the ErrorReset state. 4.When an ESC error occurs, move to the ErrorReset state. 5.When a credit error occurs, move to the ErrorReset state",G ( ( ((((LinkDisabled & disconnect) & parity_error) & ESC_error) & credit_error) ) -> X (ErrorReset_state) ),G (Run_state -> X (LinkDisabled | disconnect | parity_error | ESC_error | credit_error) -> X ErrorReset_state),False
BASIC,11,"The Link state machine shall leave the Run state on one of the following conditions: 1.When LinkDisabled is asserted, move to the ErrorReset state. 2.When a disconnect occurs, move to the ErrorReset state. 3.When a parity error occurs, move to the ErrorReset state. 4.When an ESC error occurs, move to the ErrorReset state. 5.When a credit error occurs, move to the ErrorReset state",G ( ( ((((LinkDisabled & disconnect) & parity_error) & ESC_error) & credit_error) ) -> X (ErrorReset_state) ),G (Run_state -> X (LinkDisabled | disconnect | parity_error | ESC_error | credit_error) -> X ErrorReset_state),False
BASIC,11,"The Link state machine shall leave the Run state on one of the following conditions: 1.When LinkDisabled is asserted, move to the ErrorReset state. 2.When a disconnect occurs, move to the ErrorReset state. 3.When a parity error occurs, move to the ErrorReset state. 4.When an ESC error occurs, move to the ErrorReset state. 5.When a credit error occurs, move to the ErrorReset state",G ( ( ((((LinkDisabled & disconnect) & parity_error) & ESC_error) & credit_error) ) -> X (ErrorReset_state) ),G (Run_state -> X (LinkDisabled | disconnect | parity_error | ESC_error | credit_error) -> X ErrorReset_state),False
BASIC,11,"The Link state machine shall leave the Run state on one of the following conditions: 1.When LinkDisabled is asserted, move to the ErrorReset state. 2.When a disconnect occurs, move to the ErrorReset state. 3.When a parity error occurs, move to the ErrorReset state. 4.When an ESC error occurs, move to the ErrorReset state. 5.When a credit error occurs, move to the ErrorReset state",G ( ( ((((LinkDisabled & disconnect) & parity_error) & ESC_error) & credit_error) ) -> X (ErrorReset_state) ),G (Run_state -> X (LinkDisabled | disconnect | parity_error | ESC_error | credit_error) -> X ErrorReset_state),False
BASIC,11,"The Link state machine shall leave the Run state on one of the following conditions: 1.When LinkDisabled is asserted, move to the ErrorReset state. 2.When a disconnect occurs, move to the ErrorReset state. 3.When a parity error occurs, move to the ErrorReset state. 4.When an ESC error occurs, move to the ErrorReset state. 5.When a credit error occurs, move to the ErrorReset state",G ( ( ((((LinkDisabled & disconnect) & parity_error) & ESC_error) & credit_error) ) -> X (ErrorReset_state) ),G (Run_state -> X (LinkDisabled | disconnect | parity_error | ESC_error | credit_error) -> X ErrorReset_state),False
BASIC,11,"The Link state machine shall leave the Run state on one of the following conditions: 1.When LinkDisabled is asserted, move to the ErrorReset state. 2.When a disconnect occurs, move to the ErrorReset state. 3.When a parity error occurs, move to the ErrorReset state. 4.When an ESC error occurs, move to the ErrorReset state. 5.When a credit error occurs, move to the ErrorReset state",G ( ( ((((LinkDisabled & disconnect) & parity_error) & ESC_error) & credit_error) ) -> X (ErrorReset_state) ),G (Run_state -> (LinkDisabled | disconnect | parity_error | ESC_error | credit_error) -> X ErrorReset_state),False
BASIC,11,"The Link state machine shall leave the Run state on one of the following conditions: 1.When LinkDisabled is asserted, move to the ErrorReset state. 2.When a disconnect occurs, move to the ErrorReset state. 3.When a parity error occurs, move to the ErrorReset state. 4.When an ESC error occurs, move to the ErrorReset state. 5.When a credit error occurs, move to the ErrorReset state",G ( ( ((((LinkDisabled & disconnect) & parity_error) & ESC_error) & credit_error) ) -> X (ErrorReset_state) ),G (Run_state -> X (LinkDisabled | disconnect | parity_error | ESC_error | credit_error) -> X ErrorReset_state),False
BASIC,11,"The Link state machine shall leave the Run state on one of the following conditions: 1.When LinkDisabled is asserted, move to the ErrorReset state. 2.When a disconnect occurs, move to the ErrorReset state. 3.When a parity error occurs, move to the ErrorReset state. 4.When an ESC error occurs, move to the ErrorReset state. 5.When a credit error occurs, move to the ErrorReset state",G ( ( ((((LinkDisabled & disconnect) & parity_error) & ESC_error) & credit_error) ) -> X (ErrorReset_state) ),G (Run_state -> X (LinkDisabled | disconnect | parity_error | ESC_error | credit_error) -> X ErrorReset_state),False
BASIC,11,"The Link state machine shall leave the Run state on one of the following conditions: 1.When LinkDisabled is asserted, move to the ErrorReset state. 2.When a disconnect occurs, move to the ErrorReset state. 3.When a parity error occurs, move to the ErrorReset state. 4.When an ESC error occurs, move to the ErrorReset state. 5.When a credit error occurs, move to the ErrorReset state",G ( ( ((((LinkDisabled & disconnect) & parity_error) & ESC_error) & credit_error) ) -> X (ErrorReset_state) ),G (Run_state -> (LinkDisabled | disconnect | parity_error | ESC_error | credit_error) -> X ErrorReset_state),False
BASIC,11,"The Link state machine shall leave the Run state on one of the following conditions: 1.When LinkDisabled is asserted, move to the ErrorReset state. 2.When a disconnect occurs, move to the ErrorReset state. 3.When a parity error occurs, move to the ErrorReset state. 4.When an ESC error occurs, move to the ErrorReset state. 5.When a credit error occurs, move to the ErrorReset state",G ( ( ((((LinkDisabled & disconnect) & parity_error) & ESC_error) & credit_error) ) -> X (ErrorReset_state) ),G (Run_state -> X (LinkDisabled | disconnect | parity_error | ESC_error | credit_error) -> X ErrorReset_state),False
BASIC,11,"The Link state machine shall leave the Run state on one of the following conditions: 1.When LinkDisabled is asserted, move to the ErrorReset state. 2.When a disconnect occurs, move to the ErrorReset state. 3.When a parity error occurs, move to the ErrorReset state. 4.When an ESC error occurs, move to the ErrorReset state. 5.When a credit error occurs, move to the ErrorReset state",G ( ( ((((LinkDisabled & disconnect) & parity_error) & ESC_error) & credit_error) ) -> X (ErrorReset_state) ),G (Run_state -> X (LinkDisabled | disconnect | parity_error | ESC_error | credit_error) -> X ErrorReset_state),False
BASIC,11,"The Link state machine shall leave the Run state on one of the following conditions: 1.When LinkDisabled is asserted, move to the ErrorReset state. 2.When a disconnect occurs, move to the ErrorReset state. 3.When a parity error occurs, move to the ErrorReset state. 4.When an ESC error occurs, move to the ErrorReset state. 5.When a credit error occurs, move to the ErrorReset state",G ( ( ((((LinkDisabled & disconnect) & parity_error) & ESC_error) & credit_error) ) -> X (ErrorReset_state) ),G (Run_state -> (LinkDisabled | disconnect | parity_error | ESC_error | credit_error) -> X ErrorReset_state),False
BASIC,11,"The Link state machine shall leave the Run state on one of the following conditions: 1.When LinkDisabled is asserted, move to the ErrorReset state. 2.When a disconnect occurs, move to the ErrorReset state. 3.When a parity error occurs, move to the ErrorReset state. 4.When an ESC error occurs, move to the ErrorReset state. 5.When a credit error occurs, move to the ErrorReset state",G ( ( ((((LinkDisabled & disconnect) & parity_error) & ESC_error) & credit_error) ) -> X (ErrorReset_state) ),G (Run_state -> X (LinkDisabled | disconnect | parity_error | ESC_error | credit_error) -> X ErrorReset_state),False
BASIC,11,"The Link state machine shall leave the Run state on one of the following conditions: 1.When LinkDisabled is asserted, move to the ErrorReset state. 2.When a disconnect occurs, move to the ErrorReset state. 3.When a parity error occurs, move to the ErrorReset state. 4.When an ESC error occurs, move to the ErrorReset state. 5.When a credit error occurs, move to the ErrorReset state",G ( ( ((((LinkDisabled & disconnect) & parity_error) & ESC_error) & credit_error) ) -> X (ErrorReset_state) ),G (Run_state -> X (LinkDisabled | disconnect | parity_error | ESC_error | credit_error) -> X ErrorReset_state),False
BASIC,11,"The Link state machine shall leave the Run state on one of the following conditions: 1.When LinkDisabled is asserted, move to the ErrorReset state. 2.When a disconnect occurs, move to the ErrorReset state. 3.When a parity error occurs, move to the ErrorReset state. 4.When an ESC error occurs, move to the ErrorReset state. 5.When a credit error occurs, move to the ErrorReset state",G ( ( ((((LinkDisabled & disconnect) & parity_error) & ESC_error) & credit_error) ) -> X (ErrorReset_state) ),G (Run_state -> (LinkDisabled | disconnect | parity_error | ESC_error | credit_error) -> X ErrorReset_state),False
BASIC,11,"The Link state machine shall leave the Run state on one of the following conditions: 1.When LinkDisabled is asserted, move to the ErrorReset state. 2.When a disconnect occurs, move to the ErrorReset state. 3.When a parity error occurs, move to the ErrorReset state. 4.When an ESC error occurs, move to the ErrorReset state. 5.When a credit error occurs, move to the ErrorReset state",G ( ( ((((LinkDisabled & disconnect) & parity_error) & ESC_error) & credit_error) ) -> X (ErrorReset_state) ),G (Run_state -> X (LinkDisabled | disconnect | parity_error | ESC_error | credit_error) -> X ErrorReset_state),False
BASIC,11,"The Link state machine shall leave the Run state on one of the following conditions: 1.When LinkDisabled is asserted, move to the ErrorReset state. 2.When a disconnect occurs, move to the ErrorReset state. 3.When a parity error occurs, move to the ErrorReset state. 4.When an ESC error occurs, move to the ErrorReset state. 5.When a credit error occurs, move to the ErrorReset state",G ( ( ((((LinkDisabled & disconnect) & parity_error) & ESC_error) & credit_error) ) -> X (ErrorReset_state) ),G (Run_state -> X (LinkDisabled | disconnect | parity_error | ESC_error | credit_error) -> X ErrorReset_state),False
BASIC,11,"The Link state machine shall leave the Run state on one of the following conditions: 1.When LinkDisabled is asserted, move to the ErrorReset state. 2.When a disconnect occurs, move to the ErrorReset state. 3.When a parity error occurs, move to the ErrorReset state. 4.When an ESC error occurs, move to the ErrorReset state. 5.When a credit error occurs, move to the ErrorReset state",G ( ( ((((LinkDisabled & disconnect) & parity_error) & ESC_error) & credit_error) ) -> X (ErrorReset_state) ),G (Run_state -> X (LinkDisabled | disconnect | parity_error | ESC_error | credit_error) -> X ErrorReset_state),False
BASIC,11,"The Link state machine shall leave the Run state on one of the following conditions: 1.When LinkDisabled is asserted, move to the ErrorReset state. 2.When a disconnect occurs, move to the ErrorReset state. 3.When a parity error occurs, move to the ErrorReset state. 4.When an ESC error occurs, move to the ErrorReset state. 5.When a credit error occurs, move to the ErrorReset state",G ( ( ((((LinkDisabled & disconnect) & parity_error) & ESC_error) & credit_error) ) -> X (ErrorReset_state) ),G (Run_state -> X (LinkDisabled | disconnect | parity_error | ESC_error | credit_error) -> X ErrorReset_state),False
BASIC,11,"The Link state machine shall leave the Run state on one of the following conditions: 1.When LinkDisabled is asserted, move to the ErrorReset state. 2.When a disconnect occurs, move to the ErrorReset state. 3.When a parity error occurs, move to the ErrorReset state. 4.When an ESC error occurs, move to the ErrorReset state. 5.When a credit error occurs, move to the ErrorReset state",G ( ( ((((LinkDisabled & disconnect) & parity_error) & ESC_error) & credit_error) ) -> X (ErrorReset_state) ),G (Run_state -> (LinkDisabled | disconnect | parity_error | ESC_error | credit_error) -> X ErrorReset_state),False
BASIC,11,"The Link state machine shall leave the Run state on one of the following conditions: 1.When LinkDisabled is asserted, move to the ErrorReset state. 2.When a disconnect occurs, move to the ErrorReset state. 3.When a parity error occurs, move to the ErrorReset state. 4.When an ESC error occurs, move to the ErrorReset state. 5.When a credit error occurs, move to the ErrorReset state",G ( ( ((((LinkDisabled & disconnect) & parity_error) & ESC_error) & credit_error) ) -> X (ErrorReset_state) ),G (Run_state -> X (LinkDisabled | disconnect | parity_error | ESC_error | credit_error) -> X ErrorReset_state),False
BASIC,11,"The Link state machine shall leave the Run state on one of the following conditions: 1.When LinkDisabled is asserted, move to the ErrorReset state. 2.When a disconnect occurs, move to the ErrorReset state. 3.When a parity error occurs, move to the ErrorReset state. 4.When an ESC error occurs, move to the ErrorReset state. 5.When a credit error occurs, move to the ErrorReset state",G ( ( ((((LinkDisabled & disconnect) & parity_error) & ESC_error) & credit_error) ) -> X (ErrorReset_state) ),G (Run_state -> X (LinkDisabled | disconnect | parity_error | ESC_error | credit_error) -> X ErrorReset_state),False
BASIC,11,"The Link state machine shall leave the Run state on one of the following conditions: 1.When LinkDisabled is asserted, move to the ErrorReset state. 2.When a disconnect occurs, move to the ErrorReset state. 3.When a parity error occurs, move to the ErrorReset state. 4.When an ESC error occurs, move to the ErrorReset state. 5.When a credit error occurs, move to the ErrorReset state",G ( ( ((((LinkDisabled & disconnect) & parity_error) & ESC_error) & credit_error) ) -> X (ErrorReset_state) ),G (Run_state -> (LinkDisabled | disconnect | parity_error | ESC_error | credit_error) -> X ErrorReset_state),False
BASIC,11,"The Link state machine shall leave the Run state on one of the following conditions: 1.When LinkDisabled is asserted, move to the ErrorReset state. 2.When a disconnect occurs, move to the ErrorReset state. 3.When a parity error occurs, move to the ErrorReset state. 4.When an ESC error occurs, move to the ErrorReset state. 5.When a credit error occurs, move to the ErrorReset state",G ( ( ((((LinkDisabled & disconnect) & parity_error) & ESC_error) & credit_error) ) -> X (ErrorReset_state) ),G (Run_state -> X (LinkDisabled | disconnect | parity_error | ESC_error | credit_error) -> X ErrorReset_state),False
BASIC,11,"The Link state machine shall leave the Run state on one of the following conditions: 1.When LinkDisabled is asserted, move to the ErrorReset state. 2.When a disconnect occurs, move to the ErrorReset state. 3.When a parity error occurs, move to the ErrorReset state. 4.When an ESC error occurs, move to the ErrorReset state. 5.When a credit error occurs, move to the ErrorReset state",G ( ( ((((LinkDisabled & disconnect) & parity_error) & ESC_error) & credit_error) ) -> X (ErrorReset_state) ),G (Run_state -> X (LinkDisabled | disconnect | parity_error | ESC_error | credit_error) -> X ErrorReset_state),False
BASIC,11,"The Link state machine shall leave the Run state on one of the following conditions: 1.When LinkDisabled is asserted, move to the ErrorReset state. 2.When a disconnect occurs, move to the ErrorReset state. 3.When a parity error occurs, move to the ErrorReset state. 4.When an ESC error occurs, move to the ErrorReset state. 5.When a credit error occurs, move to the ErrorReset state",G ( ( ((((LinkDisabled & disconnect) & parity_error) & ESC_error) & credit_error) ) -> X (ErrorReset_state) ),G (Run_state -> X (LinkDisabled | disconnect | parity_error | ESC_error | credit_error) -> X ErrorReset_state),False
BASIC,11,"The Link state machine shall leave the Run state on one of the following conditions: 1.When LinkDisabled is asserted, move to the ErrorReset state. 2.When a disconnect occurs, move to the ErrorReset state. 3.When a parity error occurs, move to the ErrorReset state. 4.When an ESC error occurs, move to the ErrorReset state. 5.When a credit error occurs, move to the ErrorReset state",G ( ( ((((LinkDisabled & disconnect) & parity_error) & ESC_error) & credit_error) ) -> X (ErrorReset_state) ),G (Run_state -> (LinkDisabled | disconnect | parity_error | ESC_error | credit_error) -> X ErrorReset_state),False
BASIC,11,"The Link state machine shall leave the Run state on one of the following conditions: 1.When LinkDisabled is asserted, move to the ErrorReset state. 2.When a disconnect occurs, move to the ErrorReset state. 3.When a parity error occurs, move to the ErrorReset state. 4.When an ESC error occurs, move to the ErrorReset state. 5.When a credit error occurs, move to the ErrorReset state",G ( ( ((((LinkDisabled & disconnect) & parity_error) & ESC_error) & credit_error) ) -> X (ErrorReset_state) ),G (Run_state -> X (LinkDisabled | disconnect | parity_error | ESC_error | credit_error) -> X ErrorReset_state),False
BASIC,11,"The Link state machine shall leave the Run state on one of the following conditions: 1.When LinkDisabled is asserted, move to the ErrorReset state. 2.When a disconnect occurs, move to the ErrorReset state. 3.When a parity error occurs, move to the ErrorReset state. 4.When an ESC error occurs, move to the ErrorReset state. 5.When a credit error occurs, move to the ErrorReset state",G ( ( ((((LinkDisabled & disconnect) & parity_error) & ESC_error) & credit_error) ) -> X (ErrorReset_state) ),G (Run_state -> X (LinkDisabled | disconnect | parity_error | ESC_error | credit_error) & X ErrorReset_state),False
BASIC,11,"The Link state machine shall leave the Run state on one of the following conditions: 1.When LinkDisabled is asserted, move to the ErrorReset state. 2.When a disconnect occurs, move to the ErrorReset state. 3.When a parity error occurs, move to the ErrorReset state. 4.When an ESC error occurs, move to the ErrorReset state. 5.When a credit error occurs, move to the ErrorReset state",G ( ( ((((LinkDisabled & disconnect) & parity_error) & ESC_error) & credit_error) ) -> X (ErrorReset_state) ),G (Run_state -> X (LinkDisabled | disconnect | parity_error | ESC_error | credit_error) -> X ErrorReset_state),False
BASIC,11,"The Link state machine shall leave the Run state on one of the following conditions: 1.When LinkDisabled is asserted, move to the ErrorReset state. 2.When a disconnect occurs, move to the ErrorReset state. 3.When a parity error occurs, move to the ErrorReset state. 4.When an ESC error occurs, move to the ErrorReset state. 5.When a credit error occurs, move to the ErrorReset state",G ( ( ((((LinkDisabled & disconnect) & parity_error) & ESC_error) & credit_error) ) -> X (ErrorReset_state) ),G (Run_state -> X (LinkDisabled | disconnect | parity_error | ESC_error | credit_error) -> X ErrorReset_state),False
BASIC,11,"The Link state machine shall leave the Run state on one of the following conditions: 1.When LinkDisabled is asserted, move to the ErrorReset state. 2.When a disconnect occurs, move to the ErrorReset state. 3.When a parity error occurs, move to the ErrorReset state. 4.When an ESC error occurs, move to the ErrorReset state. 5.When a credit error occurs, move to the ErrorReset state",G ( ( ((((LinkDisabled & disconnect) & parity_error) & ESC_error) & credit_error) ) -> X (ErrorReset_state) ),G (Run_state -> X (LinkDisabled | disconnect | parity_error | ESC_error | credit_error) & X ErrorReset_state),False
BASIC,11,"The Link state machine shall leave the Run state on one of the following conditions: 1.When LinkDisabled is asserted, move to the ErrorReset state. 2.When a disconnect occurs, move to the ErrorReset state. 3.When a parity error occurs, move to the ErrorReset state. 4.When an ESC error occurs, move to the ErrorReset state. 5.When a credit error occurs, move to the ErrorReset state",G ( ( ((((LinkDisabled & disconnect) & parity_error) & ESC_error) & credit_error) ) -> X (ErrorReset_state) ),G (Run_state -> (LinkDisabled | disconnect | parity_error | ESC_error | credit_error) -> X ErrorReset_state),False
BASIC,11,"The Link state machine shall leave the Run state on one of the following conditions: 1.When LinkDisabled is asserted, move to the ErrorReset state. 2.When a disconnect occurs, move to the ErrorReset state. 3.When a parity error occurs, move to the ErrorReset state. 4.When an ESC error occurs, move to the ErrorReset state. 5.When a credit error occurs, move to the ErrorReset state",G ( ( ((((LinkDisabled & disconnect) & parity_error) & ESC_error) & credit_error) ) -> X (ErrorReset_state) ),G (Run_state -> (LinkDisabled | disconnect | parity_error | ESC_error | credit_error) -> X ErrorReset_state),False
BASIC,11,"The Link state machine shall leave the Run state on one of the following conditions: 1.When LinkDisabled is asserted, move to the ErrorReset state. 2.When a disconnect occurs, move to the ErrorReset state. 3.When a parity error occurs, move to the ErrorReset state. 4.When an ESC error occurs, move to the ErrorReset state. 5.When a credit error occurs, move to the ErrorReset state",G ( ( ((((LinkDisabled & disconnect) & parity_error) & ESC_error) & credit_error) ) -> X (ErrorReset_state) ),G (Run_state -> X (LinkDisabled | disconnect | parity_error | ESC_error | credit_error) -> X ErrorReset_state),False
BASIC,11,"The Link state machine shall leave the Run state on one of the following conditions: 1.When LinkDisabled is asserted, move to the ErrorReset state. 2.When a disconnect occurs, move to the ErrorReset state. 3.When a parity error occurs, move to the ErrorReset state. 4.When an ESC error occurs, move to the ErrorReset state. 5.When a credit error occurs, move to the ErrorReset state",G ( ( ((((LinkDisabled & disconnect) & parity_error) & ESC_error) & credit_error) ) -> X (ErrorReset_state) ),G (Run_state -> (LinkDisabled | disconnect | parity_error | ESC_error | credit_error) -> X ErrorReset_state),False
BASIC,11,"The Link state machine shall leave the Run state on one of the following conditions: 1.When LinkDisabled is asserted, move to the ErrorReset state. 2.When a disconnect occurs, move to the ErrorReset state. 3.When a parity error occurs, move to the ErrorReset state. 4.When an ESC error occurs, move to the ErrorReset state. 5.When a credit error occurs, move to the ErrorReset state",G ( ( ((((LinkDisabled & disconnect) & parity_error) & ESC_error) & credit_error) ) -> X (ErrorReset_state) ),G (Run_state -> X (LinkDisabled | disconnect | parity_error | ESC_error | credit_error) -> X ErrorReset_state),False
BASIC,11,"The Link state machine shall leave the Run state on one of the following conditions: 1.When LinkDisabled is asserted, move to the ErrorReset state. 2.When a disconnect occurs, move to the ErrorReset state. 3.When a parity error occurs, move to the ErrorReset state. 4.When an ESC error occurs, move to the ErrorReset state. 5.When a credit error occurs, move to the ErrorReset state",G ( ( ((((LinkDisabled & disconnect) & parity_error) & ESC_error) & credit_error) ) -> X (ErrorReset_state) ),G (Run_state -> X (LinkDisabled | disconnect | parity_error | ESC_error | credit_error) -> X ErrorReset_state),False
BASIC,11,"The Link state machine shall leave the Run state on one of the following conditions: 1.When LinkDisabled is asserted, move to the ErrorReset state. 2.When a disconnect occurs, move to the ErrorReset state. 3.When a parity error occurs, move to the ErrorReset state. 4.When an ESC error occurs, move to the ErrorReset state. 5.When a credit error occurs, move to the ErrorReset state",G ( ( ((((LinkDisabled & disconnect) & parity_error) & ESC_error) & credit_error) ) -> X (ErrorReset_state) ),G (Run_state -> X (LinkDisabled | disconnect | parity_error | ESC_error | credit_error) -> X ErrorReset_state),False
BASIC,11,"The Link state machine shall leave the Run state on one of the following conditions: 1.When LinkDisabled is asserted, move to the ErrorReset state. 2.When a disconnect occurs, move to the ErrorReset state. 3.When a parity error occurs, move to the ErrorReset state. 4.When an ESC error occurs, move to the ErrorReset state. 5.When a credit error occurs, move to the ErrorReset state",G ( ( ((((LinkDisabled & disconnect) & parity_error) & ESC_error) & credit_error) ) -> X (ErrorReset_state) ),G (Run_state -> X (LinkDisabled | disconnect | parity_error | ESC_error | credit_error) -> X ErrorReset_state),False
BASIC,11,"The Link state machine shall leave the Run state on one of the following conditions: 1.When LinkDisabled is asserted, move to the ErrorReset state. 2.When a disconnect occurs, move to the ErrorReset state. 3.When a parity error occurs, move to the ErrorReset state. 4.When an ESC error occurs, move to the ErrorReset state. 5.When a credit error occurs, move to the ErrorReset state",G ( ( ((((LinkDisabled & disconnect) & parity_error) & ESC_error) & credit_error) ) -> X (ErrorReset_state) ),G (Run_state -> X (LinkDisabled | disconnect | parity_error | ESC_error | credit_error) -> X ErrorReset_state),False
BASIC,11,"The Link state machine shall leave the Run state on one of the following conditions: 1.When LinkDisabled is asserted, move to the ErrorReset state. 2.When a disconnect occurs, move to the ErrorReset state. 3.When a parity error occurs, move to the ErrorReset state. 4.When an ESC error occurs, move to the ErrorReset state. 5.When a credit error occurs, move to the ErrorReset state",G ( ( ((((LinkDisabled & disconnect) & parity_error) & ESC_error) & credit_error) ) -> X (ErrorReset_state) ),G (Run_state -> X (LinkDisabled | disconnect | parity_error | ESC_error | credit_error) -> X ErrorReset_state),False
BASIC,11,"The Link state machine shall leave the Run state on one of the following conditions: 1.When LinkDisabled is asserted, move to the ErrorReset state. 2.When a disconnect occurs, move to the ErrorReset state. 3.When a parity error occurs, move to the ErrorReset state. 4.When an ESC error occurs, move to the ErrorReset state. 5.When a credit error occurs, move to the ErrorReset state",G ( ( ((((LinkDisabled & disconnect) & parity_error) & ESC_error) & credit_error) ) -> X (ErrorReset_state) ),G (Run_state -> X (LinkDisabled | disconnect | parity_error | ESC_error | credit_error) -> X ErrorReset_state),False
BASIC,11,"The Link state machine shall leave the Run state on one of the following conditions: 1.When LinkDisabled is asserted, move to the ErrorReset state. 2.When a disconnect occurs, move to the ErrorReset state. 3.When a parity error occurs, move to the ErrorReset state. 4.When an ESC error occurs, move to the ErrorReset state. 5.When a credit error occurs, move to the ErrorReset state",G ( ( ((((LinkDisabled & disconnect) & parity_error) & ESC_error) & credit_error) ) -> X (ErrorReset_state) ),G (Run_state -> X (LinkDisabled | disconnect | parity_error | ESC_error | credit_error) -> X ErrorReset_state),False
BASIC,11,"The Link state machine shall leave the Run state on one of the following conditions: 1.When LinkDisabled is asserted, move to the ErrorReset state. 2.When a disconnect occurs, move to the ErrorReset state. 3.When a parity error occurs, move to the ErrorReset state. 4.When an ESC error occurs, move to the ErrorReset state. 5.When a credit error occurs, move to the ErrorReset state",G ( ( ((((LinkDisabled & disconnect) & parity_error) & ESC_error) & credit_error) ) -> X (ErrorReset_state) ),G (Run_state -> X (LinkDisabled | disconnect | parity_error | ESC_error | credit_error) -> X ErrorReset_state),False
BASIC,11,"The Link state machine shall leave the Run state on one of the following conditions: 1.When LinkDisabled is asserted, move to the ErrorReset state. 2.When a disconnect occurs, move to the ErrorReset state. 3.When a parity error occurs, move to the ErrorReset state. 4.When an ESC error occurs, move to the ErrorReset state. 5.When a credit error occurs, move to the ErrorReset state",G ( ( ((((LinkDisabled & disconnect) & parity_error) & ESC_error) & credit_error) ) -> X (ErrorReset_state) ),G (Run_state -> X (LinkDisabled | disconnect | parity_error | ESC_error | credit_error) -> X ErrorReset_state),False
BASIC,11,"The Link state machine shall leave the Run state on one of the following conditions: 1.When LinkDisabled is asserted, move to the ErrorReset state. 2.When a disconnect occurs, move to the ErrorReset state. 3.When a parity error occurs, move to the ErrorReset state. 4.When an ESC error occurs, move to the ErrorReset state. 5.When a credit error occurs, move to the ErrorReset state",G ( ( ((((LinkDisabled & disconnect) & parity_error) & ESC_error) & credit_error) ) -> X (ErrorReset_state) ),G (Run_state -> X (LinkDisabled | disconnect | parity_error | ESC_error | credit_error) -> X ErrorReset_state),False
BASIC,11,"The Link state machine shall leave the Run state on one of the following conditions: 1.When LinkDisabled is asserted, move to the ErrorReset state. 2.When a disconnect occurs, move to the ErrorReset state. 3.When a parity error occurs, move to the ErrorReset state. 4.When an ESC error occurs, move to the ErrorReset state. 5.When a credit error occurs, move to the ErrorReset state",G ( ( ((((LinkDisabled & disconnect) & parity_error) & ESC_error) & credit_error) ) -> X (ErrorReset_state) ),G (Run_state -> X (LinkDisabled | disconnect | parity_error | ESC_error | credit_error) -> X ErrorReset_state),False
BASIC,11,"The Link state machine shall leave the Run state on one of the following conditions: 1.When LinkDisabled is asserted, move to the ErrorReset state. 2.When a disconnect occurs, move to the ErrorReset state. 3.When a parity error occurs, move to the ErrorReset state. 4.When an ESC error occurs, move to the ErrorReset state. 5.When a credit error occurs, move to the ErrorReset state",G ( ( ((((LinkDisabled & disconnect) & parity_error) & ESC_error) & credit_error) ) -> X (ErrorReset_state) ),G (Run_state -> X (LinkDisabled | disconnect | parity_error | ESC_error | credit_error) -> X ErrorReset_state),False
BASIC,11,"The Link state machine shall leave the Run state on one of the following conditions: 1.When LinkDisabled is asserted, move to the ErrorReset state. 2.When a disconnect occurs, move to the ErrorReset state. 3.When a parity error occurs, move to the ErrorReset state. 4.When an ESC error occurs, move to the ErrorReset state. 5.When a credit error occurs, move to the ErrorReset state",G ( ( ((((LinkDisabled & disconnect) & parity_error) & ESC_error) & credit_error) ) -> X (ErrorReset_state) ),G (Run_state -> (LinkDisabled | disconnect | parity_error | ESC_error | credit_error) -> X ErrorReset_state),False
BASIC,11,"The Link state machine shall leave the Run state on one of the following conditions: 1.When LinkDisabled is asserted, move to the ErrorReset state. 2.When a disconnect occurs, move to the ErrorReset state. 3.When a parity error occurs, move to the ErrorReset state. 4.When an ESC error occurs, move to the ErrorReset state. 5.When a credit error occurs, move to the ErrorReset state",G ( ( ((((LinkDisabled & disconnect) & parity_error) & ESC_error) & credit_error) ) -> X (ErrorReset_state) ),G (Run_state -> X (LinkDisabled | disconnect | parity_error | ESC_error | credit_error) -> X ErrorReset_state),False
BASIC,11,"The Link state machine shall leave the Run state on one of the following conditions: 1.When LinkDisabled is asserted, move to the ErrorReset state. 2.When a disconnect occurs, move to the ErrorReset state. 3.When a parity error occurs, move to the ErrorReset state. 4.When an ESC error occurs, move to the ErrorReset state. 5.When a credit error occurs, move to the ErrorReset state",G ( ( ((((LinkDisabled & disconnect) & parity_error) & ESC_error) & credit_error) ) -> X (ErrorReset_state) ),G (Run_state -> (LinkDisabled | disconnect | parity_error | ESC_error | credit_error) -> X ErrorReset_state),False
BASIC,11,"The Link state machine shall leave the Run state on one of the following conditions: 1.When LinkDisabled is asserted, move to the ErrorReset state. 2.When a disconnect occurs, move to the ErrorReset state. 3.When a parity error occurs, move to the ErrorReset state. 4.When an ESC error occurs, move to the ErrorReset state. 5.When a credit error occurs, move to the ErrorReset state",G ( ( ((((LinkDisabled & disconnect) & parity_error) & ESC_error) & credit_error) ) -> X (ErrorReset_state) ),G (Run_state -> X (LinkDisabled | disconnect | parity_error | ESC_error | credit_error) -> X ErrorReset_state),False
BASIC,11,"The Link state machine shall leave the Run state on one of the following conditions: 1.When LinkDisabled is asserted, move to the ErrorReset state. 2.When a disconnect occurs, move to the ErrorReset state. 3.When a parity error occurs, move to the ErrorReset state. 4.When an ESC error occurs, move to the ErrorReset state. 5.When a credit error occurs, move to the ErrorReset state",G ( ( ((((LinkDisabled & disconnect) & parity_error) & ESC_error) & credit_error) ) -> X (ErrorReset_state) ),G (Run_state -> (LinkDisabled | disconnect | parity_error | ESC_error | credit_error) -> X ErrorReset_state),False
BASIC,11,"The Link state machine shall leave the Run state on one of the following conditions: 1.When LinkDisabled is asserted, move to the ErrorReset state. 2.When a disconnect occurs, move to the ErrorReset state. 3.When a parity error occurs, move to the ErrorReset state. 4.When an ESC error occurs, move to the ErrorReset state. 5.When a credit error occurs, move to the ErrorReset state",G ( ( ((((LinkDisabled & disconnect) & parity_error) & ESC_error) & credit_error) ) -> X (ErrorReset_state) ),G (Run_state -> (LinkDisabled | disconnect | parity_error | ESC_error | credit_error) -> X ErrorReset_state),False
BASIC,11,"The Link state machine shall leave the Run state on one of the following conditions: 1.When LinkDisabled is asserted, move to the ErrorReset state. 2.When a disconnect occurs, move to the ErrorReset state. 3.When a parity error occurs, move to the ErrorReset state. 4.When an ESC error occurs, move to the ErrorReset state. 5.When a credit error occurs, move to the ErrorReset state",G ( ( ((((LinkDisabled & disconnect) & parity_error) & ESC_error) & credit_error) ) -> X (ErrorReset_state) ),G (Run_state -> X (LinkDisabled | disconnect | parity_error | ESC_error | credit_error) -> X ErrorReset_state),False
BASIC,11,"The Link state machine shall leave the Run state on one of the following conditions: 1.When LinkDisabled is asserted, move to the ErrorReset state. 2.When a disconnect occurs, move to the ErrorReset state. 3.When a parity error occurs, move to the ErrorReset state. 4.When an ESC error occurs, move to the ErrorReset state. 5.When a credit error occurs, move to the ErrorReset state",G ( ( ((((LinkDisabled & disconnect) & parity_error) & ESC_error) & credit_error) ) -> X (ErrorReset_state) ),G (Run_state -> X (LinkDisabled | disconnect | parity_error | ESC_error | credit_error) -> X ErrorReset_state),False
BASIC,11,"The Link state machine shall leave the Run state on one of the following conditions: 1.When LinkDisabled is asserted, move to the ErrorReset state. 2.When a disconnect occurs, move to the ErrorReset state. 3.When a parity error occurs, move to the ErrorReset state. 4.When an ESC error occurs, move to the ErrorReset state. 5.When a credit error occurs, move to the ErrorReset state",G ( ( ((((LinkDisabled & disconnect) & parity_error) & ESC_error) & credit_error) ) -> X (ErrorReset_state) ),G (Run_state -> X (LinkDisabled | disconnect | parity_error | ESC_error | credit_error) -> X ErrorReset_state),False
BASIC,11,"The Link state machine shall leave the Run state on one of the following conditions: 1.When LinkDisabled is asserted, move to the ErrorReset state. 2.When a disconnect occurs, move to the ErrorReset state. 3.When a parity error occurs, move to the ErrorReset state. 4.When an ESC error occurs, move to the ErrorReset state. 5.When a credit error occurs, move to the ErrorReset state",G ( ( ((((LinkDisabled & disconnect) & parity_error) & ESC_error) & credit_error) ) -> X (ErrorReset_state) ),G (Run_state -> X (LinkDisabled | disconnect | parity_error | ESC_error | credit_error) -> X ErrorReset_state),False
BASIC,11,"The Link state machine shall leave the Run state on one of the following conditions: 1.When LinkDisabled is asserted, move to the ErrorReset state. 2.When a disconnect occurs, move to the ErrorReset state. 3.When a parity error occurs, move to the ErrorReset state. 4.When an ESC error occurs, move to the ErrorReset state. 5.When a credit error occurs, move to the ErrorReset state",G ( ( ((((LinkDisabled & disconnect) & parity_error) & ESC_error) & credit_error) ) -> X (ErrorReset_state) ),G (Run_state -> X (LinkDisabled | disconnect | parity_error | ESC_error | credit_error) -> X ErrorReset_state),False
BASIC,11,"The Link state machine shall leave the Run state on one of the following conditions: 1.When LinkDisabled is asserted, move to the ErrorReset state. 2.When a disconnect occurs, move to the ErrorReset state. 3.When a parity error occurs, move to the ErrorReset state. 4.When an ESC error occurs, move to the ErrorReset state. 5.When a credit error occurs, move to the ErrorReset state",G ( ( ((((LinkDisabled & disconnect) & parity_error) & ESC_error) & credit_error) ) -> X (ErrorReset_state) ),G (Run_state -> X (LinkDisabled | disconnect | parity_error | ESC_error | credit_error) -> X ErrorReset_state),False
BASIC,11,"The Link state machine shall leave the Run state on one of the following conditions: 1.When LinkDisabled is asserted, move to the ErrorReset state. 2.When a disconnect occurs, move to the ErrorReset state. 3.When a parity error occurs, move to the ErrorReset state. 4.When an ESC error occurs, move to the ErrorReset state. 5.When a credit error occurs, move to the ErrorReset state",G ( ( ((((LinkDisabled & disconnect) & parity_error) & ESC_error) & credit_error) ) -> X (ErrorReset_state) ),G (Run_state -> (LinkDisabled | disconnect | parity_error | ESC_error | credit_error) -> X ErrorReset_state),False
BASIC,11,"The Link state machine shall leave the Run state on one of the following conditions: 1.When LinkDisabled is asserted, move to the ErrorReset state. 2.When a disconnect occurs, move to the ErrorReset state. 3.When a parity error occurs, move to the ErrorReset state. 4.When an ESC error occurs, move to the ErrorReset state. 5.When a credit error occurs, move to the ErrorReset state",G ( ( ((((LinkDisabled & disconnect) & parity_error) & ESC_error) & credit_error) ) -> X (ErrorReset_state) ),G (Run_state -> X (LinkDisabled | disconnect | parity_error | ESC_error | credit_error) -> X ErrorReset_state),False
BASIC,11,"The Link state machine shall leave the Run state on one of the following conditions: 1.When LinkDisabled is asserted, move to the ErrorReset state. 2.When a disconnect occurs, move to the ErrorReset state. 3.When a parity error occurs, move to the ErrorReset state. 4.When an ESC error occurs, move to the ErrorReset state. 5.When a credit error occurs, move to the ErrorReset state",G ( ( ((((LinkDisabled & disconnect) & parity_error) & ESC_error) & credit_error) ) -> X (ErrorReset_state) ),G (Run_state -> X (LinkDisabled | disconnect | parity_error | ESC_error | credit_error) -> X ErrorReset_state),False
BASIC,11,"The Link state machine shall leave the Run state on one of the following conditions: 1.When LinkDisabled is asserted, move to the ErrorReset state. 2.When a disconnect occurs, move to the ErrorReset state. 3.When a parity error occurs, move to the ErrorReset state. 4.When an ESC error occurs, move to the ErrorReset state. 5.When a credit error occurs, move to the ErrorReset state",G ( ( ((((LinkDisabled & disconnect) & parity_error) & ESC_error) & credit_error) ) -> X (ErrorReset_state) ),G (Run_state -> (LinkDisabled | disconnect | parity_error | ESC_error | credit_error) -> X ErrorReset_state),False
BASIC,11,"The Link state machine shall leave the Run state on one of the following conditions: 1.When LinkDisabled is asserted, move to the ErrorReset state. 2.When a disconnect occurs, move to the ErrorReset state. 3.When a parity error occurs, move to the ErrorReset state. 4.When an ESC error occurs, move to the ErrorReset state. 5.When a credit error occurs, move to the ErrorReset state",G ( ( ((((LinkDisabled & disconnect) & parity_error) & ESC_error) & credit_error) ) -> X (ErrorReset_state) ),G (Run_state -> X (LinkDisabled | disconnect | parity_error | ESC_error | credit_error) -> X ErrorReset_state),False
BASIC,11,"The Link state machine shall leave the Run state on one of the following conditions: 1.When LinkDisabled is asserted, move to the ErrorReset state. 2.When a disconnect occurs, move to the ErrorReset state. 3.When a parity error occurs, move to the ErrorReset state. 4.When an ESC error occurs, move to the ErrorReset state. 5.When a credit error occurs, move to the ErrorReset state",G ( ( ((((LinkDisabled & disconnect) & parity_error) & ESC_error) & credit_error) ) -> X (ErrorReset_state) ),G (Run_state -> X (LinkDisabled | disconnect | parity_error | ESC_error | credit_error) -> X ErrorReset_state),False
BASIC,11,"The Link state machine shall leave the Run state on one of the following conditions: 1.When LinkDisabled is asserted, move to the ErrorReset state. 2.When a disconnect occurs, move to the ErrorReset state. 3.When a parity error occurs, move to the ErrorReset state. 4.When an ESC error occurs, move to the ErrorReset state. 5.When a credit error occurs, move to the ErrorReset state",G ( ( ((((LinkDisabled & disconnect) & parity_error) & ESC_error) & credit_error) ) -> X (ErrorReset_state) ),G (Run_state -> X (LinkDisabled | disconnect | parity_error | ESC_error | credit_error) & X ErrorReset_state),False
BASIC,11,"The Link state machine shall leave the Run state on one of the following conditions: 1.When LinkDisabled is asserted, move to the ErrorReset state. 2.When a disconnect occurs, move to the ErrorReset state. 3.When a parity error occurs, move to the ErrorReset state. 4.When an ESC error occurs, move to the ErrorReset state. 5.When a credit error occurs, move to the ErrorReset state",G ( ( ((((LinkDisabled & disconnect) & parity_error) & ESC_error) & credit_error) ) -> X (ErrorReset_state) ),G (Run_state -> X (LinkDisabled | disconnect | parity_error | ESC_error | credit_error) -> X ErrorReset_state),False
BASIC,11,"The Link state machine shall leave the Run state on one of the following conditions: 1.When LinkDisabled is asserted, move to the ErrorReset state. 2.When a disconnect occurs, move to the ErrorReset state. 3.When a parity error occurs, move to the ErrorReset state. 4.When an ESC error occurs, move to the ErrorReset state. 5.When a credit error occurs, move to the ErrorReset state",G ( ( ((((LinkDisabled & disconnect) & parity_error) & ESC_error) & credit_error) ) -> X (ErrorReset_state) ),G (Run_state -> (LinkDisabled | disconnect | parity_error | ESC_error | credit_error) -> X ErrorReset_state),False
BASIC,11,"The Link state machine shall leave the Run state on one of the following conditions: 1.When LinkDisabled is asserted, move to the ErrorReset state. 2.When a disconnect occurs, move to the ErrorReset state. 3.When a parity error occurs, move to the ErrorReset state. 4.When an ESC error occurs, move to the ErrorReset state. 5.When a credit error occurs, move to the ErrorReset state",G ( ( ((((LinkDisabled & disconnect) & parity_error) & ESC_error) & credit_error) ) -> X (ErrorReset_state) ),G (Run_state -> X (LinkDisabled | disconnect | parity_error | ESC_error | credit_error) -> X ErrorReset_state),False
BASIC,11,"The Link state machine shall leave the Run state on one of the following conditions: 1.When LinkDisabled is asserted, move to the ErrorReset state. 2.When a disconnect occurs, move to the ErrorReset state. 3.When a parity error occurs, move to the ErrorReset state. 4.When an ESC error occurs, move to the ErrorReset state. 5.When a credit error occurs, move to the ErrorReset state",G ( ( ((((LinkDisabled & disconnect) & parity_error) & ESC_error) & credit_error) ) -> X (ErrorReset_state) ),G (Run_state -> (LinkDisabled | disconnect | parity_error | ESC_error | credit_error) -> X ErrorReset_state),False
BASIC,11,"The Link state machine shall leave the Run state on one of the following conditions: 1.When LinkDisabled is asserted, move to the ErrorReset state. 2.When a disconnect occurs, move to the ErrorReset state. 3.When a parity error occurs, move to the ErrorReset state. 4.When an ESC error occurs, move to the ErrorReset state. 5.When a credit error occurs, move to the ErrorReset state",G ( ( ((((LinkDisabled & disconnect) & parity_error) & ESC_error) & credit_error) ) -> X (ErrorReset_state) ),G (Run_state -> X (LinkDisabled | disconnect | parity_error | ESC_error | credit_error) -> X ErrorReset_state),False
BASIC,11,"The Link state machine shall leave the Run state on one of the following conditions: 1.When LinkDisabled is asserted, move to the ErrorReset state. 2.When a disconnect occurs, move to the ErrorReset state. 3.When a parity error occurs, move to the ErrorReset state. 4.When an ESC error occurs, move to the ErrorReset state. 5.When a credit error occurs, move to the ErrorReset state",G ( ( ((((LinkDisabled & disconnect) & parity_error) & ESC_error) & credit_error) ) -> X (ErrorReset_state) ),G (Run_state -> X (LinkDisabled | disconnect | parity_error | ESC_error | credit_error) -> X ErrorReset_state),False
BASIC,11,"The Link state machine shall leave the Run state on one of the following conditions: 1.When LinkDisabled is asserted, move to the ErrorReset state. 2.When a disconnect occurs, move to the ErrorReset state. 3.When a parity error occurs, move to the ErrorReset state. 4.When an ESC error occurs, move to the ErrorReset state. 5.When a credit error occurs, move to the ErrorReset state",G ( ( ((((LinkDisabled & disconnect) & parity_error) & ESC_error) & credit_error) ) -> X (ErrorReset_state) ),G (Run_state -> X (LinkDisabled | disconnect | parity_error | ESC_error | credit_error) -> X ErrorReset_state),False
BASIC,11,"The Link state machine shall leave the Run state on one of the following conditions: 1.When LinkDisabled is asserted, move to the ErrorReset state. 2.When a disconnect occurs, move to the ErrorReset state. 3.When a parity error occurs, move to the ErrorReset state. 4.When an ESC error occurs, move to the ErrorReset state. 5.When a credit error occurs, move to the ErrorReset state",G ( ( ((((LinkDisabled & disconnect) & parity_error) & ESC_error) & credit_error) ) -> X (ErrorReset_state) ),G (Run_state -> (LinkDisabled | disconnect | parity_error | ESC_error | credit_error) -> X ErrorReset_state),False
BASIC,11,"The Link state machine shall leave the Run state on one of the following conditions: 1.When LinkDisabled is asserted, move to the ErrorReset state. 2.When a disconnect occurs, move to the ErrorReset state. 3.When a parity error occurs, move to the ErrorReset state. 4.When an ESC error occurs, move to the ErrorReset state. 5.When a credit error occurs, move to the ErrorReset state",G ( ( ((((LinkDisabled & disconnect) & parity_error) & ESC_error) & credit_error) ) -> X (ErrorReset_state) ),G (Run_state -> X (LinkDisabled | disconnect | parity_error | ESC_error | credit_error) -> X ErrorReset_state),False
BASIC,11,"The Link state machine shall leave the Run state on one of the following conditions: 1.When LinkDisabled is asserted, move to the ErrorReset state. 2.When a disconnect occurs, move to the ErrorReset state. 3.When a parity error occurs, move to the ErrorReset state. 4.When an ESC error occurs, move to the ErrorReset state. 5.When a credit error occurs, move to the ErrorReset state",G ( ( ((((LinkDisabled & disconnect) & parity_error) & ESC_error) & credit_error) ) -> X (ErrorReset_state) ),G (Run_state -> X (LinkDisabled | disconnect | parity_error | ESC_error | credit_error) -> X ErrorReset_state),False
BASIC,11,"The Link state machine shall leave the Run state on one of the following conditions: 1.When LinkDisabled is asserted, move to the ErrorReset state. 2.When a disconnect occurs, move to the ErrorReset state. 3.When a parity error occurs, move to the ErrorReset state. 4.When an ESC error occurs, move to the ErrorReset state. 5.When a credit error occurs, move to the ErrorReset state",G ( ( ((((LinkDisabled & disconnect) & parity_error) & ESC_error) & credit_error) ) -> X (ErrorReset_state) ),G (Run_state -> X (LinkDisabled | disconnect | parity_error | ESC_error | credit_error) -> X ErrorReset_state),False
BASIC,11,"The Link state machine shall leave the Run state on one of the following conditions: 1.When LinkDisabled is asserted, move to the ErrorReset state. 2.When a disconnect occurs, move to the ErrorReset state. 3.When a parity error occurs, move to the ErrorReset state. 4.When an ESC error occurs, move to the ErrorReset state. 5.When a credit error occurs, move to the ErrorReset state",G ( ( ((((LinkDisabled & disconnect) & parity_error) & ESC_error) & credit_error) ) -> X (ErrorReset_state) ),G (Run_state -> X (LinkDisabled | disconnect | parity_error | ESC_error | credit_error) -> X ErrorReset_state),False
BASIC,11,"The Link state machine shall leave the Run state on one of the following conditions: 1.When LinkDisabled is asserted, move to the ErrorReset state. 2.When a disconnect occurs, move to the ErrorReset state. 3.When a parity error occurs, move to the ErrorReset state. 4.When an ESC error occurs, move to the ErrorReset state. 5.When a credit error occurs, move to the ErrorReset state",G ( ( ((((LinkDisabled & disconnect) & parity_error) & ESC_error) & credit_error) ) -> X (ErrorReset_state) ),G (Run_state -> X (LinkDisabled | disconnect | parity_error | ESC_error | credit_error) -> X ErrorReset_state),False
BASIC,11,"The Link state machine shall leave the Run state on one of the following conditions: 1.When LinkDisabled is asserted, move to the ErrorReset state. 2.When a disconnect occurs, move to the ErrorReset state. 3.When a parity error occurs, move to the ErrorReset state. 4.When an ESC error occurs, move to the ErrorReset state. 5.When a credit error occurs, move to the ErrorReset state",G ( ( ((((LinkDisabled & disconnect) & parity_error) & ESC_error) & credit_error) ) -> X (ErrorReset_state) ),G (Run_state -> X (LinkDisabled | disconnect | parity_error | ESC_error | credit_error) -> X ErrorReset_state),False
BASIC,11,"The Link state machine shall leave the Run state on one of the following conditions: 1.When LinkDisabled is asserted, move to the ErrorReset state. 2.When a disconnect occurs, move to the ErrorReset state. 3.When a parity error occurs, move to the ErrorReset state. 4.When an ESC error occurs, move to the ErrorReset state. 5.When a credit error occurs, move to the ErrorReset state",G ( ( ((((LinkDisabled & disconnect) & parity_error) & ESC_error) & credit_error) ) -> X (ErrorReset_state) ),G (Run_state -> X (LinkDisabled | disconnect | parity_error | ESC_error | credit_error) -> X ErrorReset_state),False
BASIC,11,"The Link state machine shall leave the Run state on one of the following conditions: 1.When LinkDisabled is asserted, move to the ErrorReset state. 2.When a disconnect occurs, move to the ErrorReset state. 3.When a parity error occurs, move to the ErrorReset state. 4.When an ESC error occurs, move to the ErrorReset state. 5.When a credit error occurs, move to the ErrorReset state",G ( ( ((((LinkDisabled & disconnect) & parity_error) & ESC_error) & credit_error) ) -> X (ErrorReset_state) ),G (Run_state -> X (LinkDisabled | disconnect | parity_error | ESC_error | credit_error) -> X ErrorReset_state),False
BASIC,11,"The Link state machine shall leave the Run state on one of the following conditions: 1.When LinkDisabled is asserted, move to the ErrorReset state. 2.When a disconnect occurs, move to the ErrorReset state. 3.When a parity error occurs, move to the ErrorReset state. 4.When an ESC error occurs, move to the ErrorReset state. 5.When a credit error occurs, move to the ErrorReset state",G ( ( ((((LinkDisabled & disconnect) & parity_error) & ESC_error) & credit_error) ) -> X (ErrorReset_state) ),G (Run_state -> X (LinkDisabled | disconnect | parity_error | ESC_error | credit_error) -> X ErrorReset_state),False
BASIC,11,"The Link state machine shall leave the Run state on one of the following conditions: 1.When LinkDisabled is asserted, move to the ErrorReset state. 2.When a disconnect occurs, move to the ErrorReset state. 3.When a parity error occurs, move to the ErrorReset state. 4.When an ESC error occurs, move to the ErrorReset state. 5.When a credit error occurs, move to the ErrorReset state",G ( ( ((((LinkDisabled & disconnect) & parity_error) & ESC_error) & credit_error) ) -> X (ErrorReset_state) ),G (Run_state -> (LinkDisabled | disconnect | parity_error | ESC_error | credit_error) -> X ErrorReset_state),False
BASIC,11,"The Link state machine shall leave the Run state on one of the following conditions: 1.When LinkDisabled is asserted, move to the ErrorReset state. 2.When a disconnect occurs, move to the ErrorReset state. 3.When a parity error occurs, move to the ErrorReset state. 4.When an ESC error occurs, move to the ErrorReset state. 5.When a credit error occurs, move to the ErrorReset state",G ( ( ((((LinkDisabled & disconnect) & parity_error) & ESC_error) & credit_error) ) -> X (ErrorReset_state) ),G (Run_state -> X (LinkDisabled | disconnect | parity_error | ESC_error | credit_error) -> X ErrorReset_state),False
BASIC,13,"When sending of an FCT is requested, it shall be sent as soon as the current character or control code has been sent provided that: No broadcast code is waiting to be sent",G((FCT_requested) -> (! (FCT_sent) U (current_character_sent))),G(CT_requested -> (current_character_sent -> (X(CT_sent) & !F(broadcast_code_waiting)))),False
BASIC,13,"When sending of an FCT is requested, it shall be sent as soon as the current character or control code has been sent provided that: No broadcast code is waiting to be sent",G((FCT_requested) -> (! (FCT_sent) U (current_character_sent))),G(CT_requested -> (current_character_sent -> (X CT_sent & !F(broadcast_code_waiting)))),False
BASIC,13,"When sending of an FCT is requested, it shall be sent as soon as the current character or control code has been sent provided that: No broadcast code is waiting to be sent",G((FCT_requested) -> (! (FCT_sent) U (current_character_sent))),G(CT_requested -> (current_character_sent -> X(CT_sent & !broadcast_code_waiting))),False
BASIC,13,"When sending of an FCT is requested, it shall be sent as soon as the current character or control code has been sent provided that: No broadcast code is waiting to be sent",G((FCT_requested) -> (! (FCT_sent) U (current_character_sent))),G (CT_requested -> (current_character_sent -> (X (CT_sent & !broadcast_code_waiting)))),False
BASIC,13,"When sending of an FCT is requested, it shall be sent as soon as the current character or control code has been sent provided that: No broadcast code is waiting to be sent",G((FCT_requested) -> (! (FCT_sent) U (current_character_sent))),G (CT_requested -> (current_character_sent -> (X (CT_sent & !broadcast_code_waiting)))),False
BASIC,13,"When sending of an FCT is requested, it shall be sent as soon as the current character or control code has been sent provided that: No broadcast code is waiting to be sent",G((FCT_requested) -> (! (FCT_sent) U (current_character_sent))),G (CT_requested -> (G (!current_character_sent) U (current_character_sent & (G (!CT_sent) U CT_sent)))),False
BASIC,13,"When sending of an FCT is requested, it shall be sent as soon as the current character or control code has been sent provided that: No broadcast code is waiting to be sent",G((FCT_requested) -> (! (FCT_sent) U (current_character_sent))),G(CT_requested -> (current_character_sent -> (X(CT_sent) & !F(broadcast_code_waiting)))),False
BASIC,13,"When sending of an FCT is requested, it shall be sent as soon as the current character or control code has been sent provided that: No broadcast code is waiting to be sent",G((FCT_requested) -> (! (FCT_sent) U (current_character_sent))),G(CT_requested -> (current_character_sent -> (X CT_sent & !F(broadcast_code_waiting)))),False
BASIC,13,"When sending of an FCT is requested, it shall be sent as soon as the current character or control code has been sent provided that: No broadcast code is waiting to be sent",G((FCT_requested) -> (! (FCT_sent) U (current_character_sent))),G (CT_requested -> (current_character_sent -> (X (CT_sent & !broadcast_code_waiting)))),False
BASIC,13,"When sending of an FCT is requested, it shall be sent as soon as the current character or control code has been sent provided that: No broadcast code is waiting to be sent",G((FCT_requested) -> (! (FCT_sent) U (current_character_sent))),G(CT_requested -> (current_character_sent -> (X CT_sent & !F(broadcast_code_waiting)))),False
BASIC,13,"When sending of an FCT is requested, it shall be sent as soon as the current character or control code has been sent provided that: No broadcast code is waiting to be sent",G((FCT_requested) -> (! (FCT_sent) U (current_character_sent))),G(CT_requested -> (current_character_sent -> (X CT_sent & !F(broadcast_code_waiting)))),False
BASIC,13,"When sending of an FCT is requested, it shall be sent as soon as the current character or control code has been sent provided that: No broadcast code is waiting to be sent",G((FCT_requested) -> (! (FCT_sent) U (current_character_sent))),G(CT_requested -> (current_character_sent -> (X(CT_sent) & !F(broadcast_code_waiting)))),False
BASIC,13,"When sending of an FCT is requested, it shall be sent as soon as the current character or control code has been sent provided that: No broadcast code is waiting to be sent",G((FCT_requested) -> (! (FCT_sent) U (current_character_sent))),G (CT_requested -> (current_character_sent -> (X (CT_sent & !broadcast_code_waiting)))),False
BASIC,13,"When sending of an FCT is requested, it shall be sent as soon as the current character or control code has been sent provided that: No broadcast code is waiting to be sent",G((FCT_requested) -> (! (FCT_sent) U (current_character_sent))),G (CT_requested -> (current_character_sent -> (X (CT_sent & !broadcast_code_waiting)))),False
BASIC,13,"When sending of an FCT is requested, it shall be sent as soon as the current character or control code has been sent provided that: No broadcast code is waiting to be sent",G((FCT_requested) -> (! (FCT_sent) U (current_character_sent))),G (CT_requested -> (current_character_sent -> (X (CT_sent & !broadcast_code_waiting)))),False
BASIC,13,"When sending of an FCT is requested, it shall be sent as soon as the current character or control code has been sent provided that: No broadcast code is waiting to be sent",G((FCT_requested) -> (! (FCT_sent) U (current_character_sent))),G (CT_requested -> (current_character_sent -> (X (CT_sent & !broadcast_code_waiting)))),False
BASIC,13,"When sending of an FCT is requested, it shall be sent as soon as the current character or control code has been sent provided that: No broadcast code is waiting to be sent",G((FCT_requested) -> (! (FCT_sent) U (current_character_sent))),G (CT_requested -> (current_character_sent -> (X CT_sent & !F (broadcast_code_waiting)))),False
BASIC,13,"When sending of an FCT is requested, it shall be sent as soon as the current character or control code has been sent provided that: No broadcast code is waiting to be sent",G((FCT_requested) -> (! (FCT_sent) U (current_character_sent))),G(CT_requested -> (current_character_sent -> (X(CT_sent) | (current_character_sent U CT_sent)))) & G(!(CT_requested & F(broadcast_code_waiting))),False
BASIC,13,"When sending of an FCT is requested, it shall be sent as soon as the current character or control code has been sent provided that: No broadcast code is waiting to be sent",G((FCT_requested) -> (! (FCT_sent) U (current_character_sent))),G(CT_requested -> (current_character_sent -> X(CT_sent & !broadcast_code_waiting))),False
BASIC,13,"When sending of an FCT is requested, it shall be sent as soon as the current character or control code has been sent provided that: No broadcast code is waiting to be sent",G((FCT_requested) -> (! (FCT_sent) U (current_character_sent))),G (CT_requested -> (current_character_sent -> (X (CT_sent & !broadcast_code_waiting)))),False
BASIC,13,"When sending of an FCT is requested, it shall be sent as soon as the current character or control code has been sent provided that: No broadcast code is waiting to be sent",G((FCT_requested) -> (! (FCT_sent) U (current_character_sent))),G (CT_requested -> (current_character_sent -> (X (CT_sent & !broadcast_code_waiting)))),False
BASIC,13,"When sending of an FCT is requested, it shall be sent as soon as the current character or control code has been sent provided that: No broadcast code is waiting to be sent",G((FCT_requested) -> (! (FCT_sent) U (current_character_sent))),G (CT_requested -> (current_character_sent -> (X (CT_sent & !broadcast_code_waiting)))),False
BASIC,13,"When sending of an FCT is requested, it shall be sent as soon as the current character or control code has been sent provided that: No broadcast code is waiting to be sent",G((FCT_requested) -> (! (FCT_sent) U (current_character_sent))),G (CT_requested -> (current_character_sent -> (X (CT_sent & !broadcast_code_waiting)))),False
BASIC,13,"When sending of an FCT is requested, it shall be sent as soon as the current character or control code has been sent provided that: No broadcast code is waiting to be sent",G((FCT_requested) -> (! (FCT_sent) U (current_character_sent))),G(CT_requested -> (current_character_sent -> (X(CT_sent) & !F(broadcast_code_waiting)))),False
BASIC,13,"When sending of an FCT is requested, it shall be sent as soon as the current character or control code has been sent provided that: No broadcast code is waiting to be sent",G((FCT_requested) -> (! (FCT_sent) U (current_character_sent))),G(CT_requested -> (current_character_sent -> X(CT_sent & !broadcast_code_waiting))),False
BASIC,13,"When sending of an FCT is requested, it shall be sent as soon as the current character or control code has been sent provided that: No broadcast code is waiting to be sent",G((FCT_requested) -> (! (FCT_sent) U (current_character_sent))),G (CT_requested -> (current_character_sent -> (X (CT_sent & !broadcast_code_waiting)))),False
BASIC,13,"When sending of an FCT is requested, it shall be sent as soon as the current character or control code has been sent provided that: No broadcast code is waiting to be sent",G((FCT_requested) -> (! (FCT_sent) U (current_character_sent))),G (CT_requested -> (current_character_sent -> (X (CT_sent & !broadcast_code_waiting)))),False
BASIC,13,"When sending of an FCT is requested, it shall be sent as soon as the current character or control code has been sent provided that: No broadcast code is waiting to be sent",G((FCT_requested) -> (! (FCT_sent) U (current_character_sent))),G(CT_requested -> (current_character_sent -> (X(CT_sent) & !F(broadcast_code_waiting)))),False
BASIC,13,"When sending of an FCT is requested, it shall be sent as soon as the current character or control code has been sent provided that: No broadcast code is waiting to be sent",G((FCT_requested) -> (! (FCT_sent) U (current_character_sent))),G(CT_requested -> (current_character_sent -> (X CT_sent & !F(broadcast_code_waiting)))),False
BASIC,13,"When sending of an FCT is requested, it shall be sent as soon as the current character or control code has been sent provided that: No broadcast code is waiting to be sent",G((FCT_requested) -> (! (FCT_sent) U (current_character_sent))),G (CT_requested -> (G (!current_character_sent) U (current_character_sent & (G (!CT_sent) U CT_sent)))),False
BASIC,13,"When sending of an FCT is requested, it shall be sent as soon as the current character or control code has been sent provided that: No broadcast code is waiting to be sent",G((FCT_requested) -> (! (FCT_sent) U (current_character_sent))),G(CT_requested -> (current_character_sent -> (X(CT_sent) & !F(broadcast_code_waiting)))),False
BASIC,13,"When sending of an FCT is requested, it shall be sent as soon as the current character or control code has been sent provided that: No broadcast code is waiting to be sent",G((FCT_requested) -> (! (FCT_sent) U (current_character_sent))),G (CT_requested -> (current_character_sent -> (X (CT_sent & !broadcast_code_waiting)))),False
BASIC,13,"When sending of an FCT is requested, it shall be sent as soon as the current character or control code has been sent provided that: No broadcast code is waiting to be sent",G((FCT_requested) -> (! (FCT_sent) U (current_character_sent))),G (CT_requested -> (current_character_sent -> (X (CT_sent & !broadcast_code_waiting)))),False
BASIC,13,"When sending of an FCT is requested, it shall be sent as soon as the current character or control code has been sent provided that: No broadcast code is waiting to be sent",G((FCT_requested) -> (! (FCT_sent) U (current_character_sent))),G(CT_requested -> (current_character_sent -> (X(CT_sent) & G(!CT_requested | CT_sent)))),False
BASIC,13,"When sending of an FCT is requested, it shall be sent as soon as the current character or control code has been sent provided that: No broadcast code is waiting to be sent",G((FCT_requested) -> (! (FCT_sent) U (current_character_sent))),G (CT_requested -> (current_character_sent -> (X (CT_sent & !broadcast_code_waiting)))),False
BASIC,13,"When sending of an FCT is requested, it shall be sent as soon as the current character or control code has been sent provided that: No broadcast code is waiting to be sent",G((FCT_requested) -> (! (FCT_sent) U (current_character_sent))),G (CT_requested -> (current_character_sent -> (X (CT_sent & !broadcast_code_waiting)))),False
BASIC,13,"When sending of an FCT is requested, it shall be sent as soon as the current character or control code has been sent provided that: No broadcast code is waiting to be sent",G((FCT_requested) -> (! (FCT_sent) U (current_character_sent))),G (CT_requested -> (current_character_sent U (CT_sent & !broadcast_code_waiting))),False
BASIC,13,"When sending of an FCT is requested, it shall be sent as soon as the current character or control code has been sent provided that: No broadcast code is waiting to be sent",G((FCT_requested) -> (! (FCT_sent) U (current_character_sent))),G (CT_requested -> (current_character_sent -> (X (CT_sent & !broadcast_code_waiting)))),False
BASIC,13,"When sending of an FCT is requested, it shall be sent as soon as the current character or control code has been sent provided that: No broadcast code is waiting to be sent",G((FCT_requested) -> (! (FCT_sent) U (current_character_sent))),G (CT_requested -> (G (!current_character_sent) U (current_character_sent & (G (!CT_sent) U CT_sent)))),False
BASIC,13,"When sending of an FCT is requested, it shall be sent as soon as the current character or control code has been sent provided that: No broadcast code is waiting to be sent",G((FCT_requested) -> (! (FCT_sent) U (current_character_sent))),G(CT_requested -> (current_character_sent -> (X CT_sent & !F(broadcast_code_waiting)))),False
BASIC,13,"When sending of an FCT is requested, it shall be sent as soon as the current character or control code has been sent provided that: No broadcast code is waiting to be sent",G((FCT_requested) -> (! (FCT_sent) U (current_character_sent))),G(CT_requested -> (current_character_sent -> X(CT_sent & !broadcast_code_waiting))),False
BASIC,13,"When sending of an FCT is requested, it shall be sent as soon as the current character or control code has been sent provided that: No broadcast code is waiting to be sent",G((FCT_requested) -> (! (FCT_sent) U (current_character_sent))),G (CT_requested -> (current_character_sent -> (X (CT_sent & !broadcast_code_waiting)))),False
BASIC,13,"When sending of an FCT is requested, it shall be sent as soon as the current character or control code has been sent provided that: No broadcast code is waiting to be sent",G((FCT_requested) -> (! (FCT_sent) U (current_character_sent))),G(CT_requested -> (current_character_sent -> (X(CT_sent) & !F(broadcast_code_waiting)))),False
BASIC,13,"When sending of an FCT is requested, it shall be sent as soon as the current character or control code has been sent provided that: No broadcast code is waiting to be sent",G((FCT_requested) -> (! (FCT_sent) U (current_character_sent))),G (CT_requested -> (current_character_sent -> (X (CT_sent & !broadcast_code_waiting)))),False
BASIC,13,"When sending of an FCT is requested, it shall be sent as soon as the current character or control code has been sent provided that: No broadcast code is waiting to be sent",G((FCT_requested) -> (! (FCT_sent) U (current_character_sent))),G (CT_requested -> (current_character_sent -> (X (CT_sent & !broadcast_code_waiting)))),False
BASIC,13,"When sending of an FCT is requested, it shall be sent as soon as the current character or control code has been sent provided that: No broadcast code is waiting to be sent",G((FCT_requested) -> (! (FCT_sent) U (current_character_sent))),G(CT_requested -> (current_character_sent -> (X(CT_sent) & !F(broadcast_code_waiting)))),False
BASIC,13,"When sending of an FCT is requested, it shall be sent as soon as the current character or control code has been sent provided that: No broadcast code is waiting to be sent",G((FCT_requested) -> (! (FCT_sent) U (current_character_sent))),G (CT_requested -> (current_character_sent -> (X (CT_sent & !broadcast_code_waiting)))),False
BASIC,13,"When sending of an FCT is requested, it shall be sent as soon as the current character or control code has been sent provided that: No broadcast code is waiting to be sent",G((FCT_requested) -> (! (FCT_sent) U (current_character_sent))),G (CT_requested -> (current_character_sent -> (X (CT_sent & !broadcast_code_waiting)))),False
BASIC,13,"When sending of an FCT is requested, it shall be sent as soon as the current character or control code has been sent provided that: No broadcast code is waiting to be sent",G((FCT_requested) -> (! (FCT_sent) U (current_character_sent))),G (CT_requested -> (current_character_sent U (CT_sent & !broadcast_code_waiting))),False
BASIC,13,"When sending of an FCT is requested, it shall be sent as soon as the current character or control code has been sent provided that: No broadcast code is waiting to be sent",G((FCT_requested) -> (! (FCT_sent) U (current_character_sent))),G(CT_requested -> (current_character_sent -> (X CT_sent & !F(broadcast_code_waiting)))),False
BASIC,13,"When sending of an FCT is requested, it shall be sent as soon as the current character or control code has been sent provided that: No broadcast code is waiting to be sent",G((FCT_requested) -> (! (FCT_sent) U (current_character_sent))),G (CT_requested -> (current_character_sent -> (X (CT_sent & !broadcast_code_waiting)))),False
BASIC,13,"When sending of an FCT is requested, it shall be sent as soon as the current character or control code has been sent provided that: No broadcast code is waiting to be sent",G((FCT_requested) -> (! (FCT_sent) U (current_character_sent))),G (CT_requested -> (current_character_sent -> (X (CT_sent & !broadcast_code_waiting)))),False
BASIC,13,"When sending of an FCT is requested, it shall be sent as soon as the current character or control code has been sent provided that: No broadcast code is waiting to be sent",G((FCT_requested) -> (! (FCT_sent) U (current_character_sent))),G (CT_requested -> (current_character_sent -> (X (CT_sent & !broadcast_code_waiting)))),False
BASIC,13,"When sending of an FCT is requested, it shall be sent as soon as the current character or control code has been sent provided that: No broadcast code is waiting to be sent",G((FCT_requested) -> (! (FCT_sent) U (current_character_sent))),G (CT_requested -> (current_character_sent -> (X (CT_sent & !broadcast_code_waiting)))),False
BASIC,13,"When sending of an FCT is requested, it shall be sent as soon as the current character or control code has been sent provided that: No broadcast code is waiting to be sent",G((FCT_requested) -> (! (FCT_sent) U (current_character_sent))),G(CT_requested -> (current_character_sent -> (X CT_sent | (current_character_sent U CT_sent)))) & G(!(broadcast_code_waiting)),False
BASIC,13,"When sending of an FCT is requested, it shall be sent as soon as the current character or control code has been sent provided that: No broadcast code is waiting to be sent",G((FCT_requested) -> (! (FCT_sent) U (current_character_sent))),G(CT_requested -> (current_character_sent -> X(CT_sent & !broadcast_code_waiting))),False
BASIC,13,"When sending of an FCT is requested, it shall be sent as soon as the current character or control code has been sent provided that: No broadcast code is waiting to be sent",G((FCT_requested) -> (! (FCT_sent) U (current_character_sent))),G(CT_requested -> (current_character_sent -> (X CT_sent & !F(broadcast_code_waiting)))),False
BASIC,13,"When sending of an FCT is requested, it shall be sent as soon as the current character or control code has been sent provided that: No broadcast code is waiting to be sent",G((FCT_requested) -> (! (FCT_sent) U (current_character_sent))),G (CT_requested -> (current_character_sent -> (X (CT_sent & !broadcast_code_waiting)))),False
BASIC,13,"When sending of an FCT is requested, it shall be sent as soon as the current character or control code has been sent provided that: No broadcast code is waiting to be sent",G((FCT_requested) -> (! (FCT_sent) U (current_character_sent))),G(CT_requested -> (current_character_sent -> (X(CT_sent) & G(!CT_requested | CT_sent)))),False
BASIC,13,"When sending of an FCT is requested, it shall be sent as soon as the current character or control code has been sent provided that: No broadcast code is waiting to be sent",G((FCT_requested) -> (! (FCT_sent) U (current_character_sent))),G(CT_requested -> (current_character_sent -> X(CT_sent & !broadcast_code_waiting))),False
BASIC,13,"When sending of an FCT is requested, it shall be sent as soon as the current character or control code has been sent provided that: No broadcast code is waiting to be sent",G((FCT_requested) -> (! (FCT_sent) U (current_character_sent))),G (CT_requested -> (current_character_sent -> (X (CT_sent & !broadcast_code_waiting)))),False
BASIC,13,"When sending of an FCT is requested, it shall be sent as soon as the current character or control code has been sent provided that: No broadcast code is waiting to be sent",G((FCT_requested) -> (! (FCT_sent) U (current_character_sent))),G(CT_requested -> (current_character_sent -> (X CT_sent & !F(broadcast_code_waiting)))),False
BASIC,13,"When sending of an FCT is requested, it shall be sent as soon as the current character or control code has been sent provided that: No broadcast code is waiting to be sent",G((FCT_requested) -> (! (FCT_sent) U (current_character_sent))),G(CT_requested -> (current_character_sent -> (X(CT_sent) & !F(broadcast_code_waiting)))),False
BASIC,13,"When sending of an FCT is requested, it shall be sent as soon as the current character or control code has been sent provided that: No broadcast code is waiting to be sent",G((FCT_requested) -> (! (FCT_sent) U (current_character_sent))),G (CT_requested -> (current_character_sent -> (X (CT_sent & !broadcast_code_waiting)))),False
BASIC,13,"When sending of an FCT is requested, it shall be sent as soon as the current character or control code has been sent provided that: No broadcast code is waiting to be sent",G((FCT_requested) -> (! (FCT_sent) U (current_character_sent))),G (CT_requested -> (current_character_sent U (CT_sent & !broadcast_code_waiting))),False
BASIC,13,"When sending of an FCT is requested, it shall be sent as soon as the current character or control code has been sent provided that: No broadcast code is waiting to be sent",G((FCT_requested) -> (! (FCT_sent) U (current_character_sent))),G (CT_requested -> (current_character_sent -> (X (CT_sent & !broadcast_code_waiting)))),False
BASIC,13,"When sending of an FCT is requested, it shall be sent as soon as the current character or control code has been sent provided that: No broadcast code is waiting to be sent",G((FCT_requested) -> (! (FCT_sent) U (current_character_sent))),G (CT_requested -> (current_character_sent -> (X (CT_sent & !broadcast_code_waiting)))),False
BASIC,13,"When sending of an FCT is requested, it shall be sent as soon as the current character or control code has been sent provided that: No broadcast code is waiting to be sent",G((FCT_requested) -> (! (FCT_sent) U (current_character_sent))),G (CT_requested -> (current_character_sent -> (X (CT_sent & !broadcast_code_waiting)))),False
BASIC,13,"When sending of an FCT is requested, it shall be sent as soon as the current character or control code has been sent provided that: No broadcast code is waiting to be sent",G((FCT_requested) -> (! (FCT_sent) U (current_character_sent))),G(CT_requested -> (current_character_sent -> X(CT_sent & !broadcast_code_waiting))),False
BASIC,13,"When sending of an FCT is requested, it shall be sent as soon as the current character or control code has been sent provided that: No broadcast code is waiting to be sent",G((FCT_requested) -> (! (FCT_sent) U (current_character_sent))),G (CT_requested -> (current_character_sent -> (X (CT_sent & !broadcast_code_waiting)))),False
BASIC,13,"When sending of an FCT is requested, it shall be sent as soon as the current character or control code has been sent provided that: No broadcast code is waiting to be sent",G((FCT_requested) -> (! (FCT_sent) U (current_character_sent))),G (CT_requested -> (current_character_sent -> (X (CT_sent & !broadcast_code_waiting)))),False
BASIC,13,"When sending of an FCT is requested, it shall be sent as soon as the current character or control code has been sent provided that: No broadcast code is waiting to be sent",G((FCT_requested) -> (! (FCT_sent) U (current_character_sent))),G(CT_requested -> (current_character_sent -> X(CT_sent & !broadcast_code_waiting))),False
BASIC,13,"When sending of an FCT is requested, it shall be sent as soon as the current character or control code has been sent provided that: No broadcast code is waiting to be sent",G((FCT_requested) -> (! (FCT_sent) U (current_character_sent))),G(CT_requested -> (current_character_sent -> (X(CT_sent) & !F(broadcast_code_waiting)))),False
BASIC,13,"When sending of an FCT is requested, it shall be sent as soon as the current character or control code has been sent provided that: No broadcast code is waiting to be sent",G((FCT_requested) -> (! (FCT_sent) U (current_character_sent))),G (CT_requested -> (current_character_sent -> (X (CT_sent & !broadcast_code_waiting)))),False
BASIC,13,"When sending of an FCT is requested, it shall be sent as soon as the current character or control code has been sent provided that: No broadcast code is waiting to be sent",G((FCT_requested) -> (! (FCT_sent) U (current_character_sent))),G(CT_requested -> (current_character_sent -> (X(CT_sent) & !F(broadcast_code_waiting)))),False
BASIC,13,"When sending of an FCT is requested, it shall be sent as soon as the current character or control code has been sent provided that: No broadcast code is waiting to be sent",G((FCT_requested) -> (! (FCT_sent) U (current_character_sent))),G(CT_requested -> (current_character_sent -> X(CT_sent & !broadcast_code_waiting))),False
BASIC,13,"When sending of an FCT is requested, it shall be sent as soon as the current character or control code has been sent provided that: No broadcast code is waiting to be sent",G((FCT_requested) -> (! (FCT_sent) U (current_character_sent))),G(CT_requested -> (current_character_sent -> (X(CT_sent) | (G(!CT_sent) & F(CT_sent))))),False
BASIC,13,"When sending of an FCT is requested, it shall be sent as soon as the current character or control code has been sent provided that: No broadcast code is waiting to be sent",G((FCT_requested) -> (! (FCT_sent) U (current_character_sent))),G (CT_requested -> (current_character_sent -> (X (CT_sent & !broadcast_code_waiting)))),False
BASIC,13,"When sending of an FCT is requested, it shall be sent as soon as the current character or control code has been sent provided that: No broadcast code is waiting to be sent",G((FCT_requested) -> (! (FCT_sent) U (current_character_sent))),G (CT_requested -> (current_character_sent -> (X (CT_sent & !broadcast_code_waiting)))),False
BASIC,13,"When sending of an FCT is requested, it shall be sent as soon as the current character or control code has been sent provided that: No broadcast code is waiting to be sent",G((FCT_requested) -> (! (FCT_sent) U (current_character_sent))),G(CT_requested -> (current_character_sent -> (X(CT_sent) & !F(broadcast_code_waiting)))),False
BASIC,13,"When sending of an FCT is requested, it shall be sent as soon as the current character or control code has been sent provided that: No broadcast code is waiting to be sent",G((FCT_requested) -> (! (FCT_sent) U (current_character_sent))),G (CT_requested -> (current_character_sent -> (X CT_sent & !F (broadcast_code_waiting)))),False
BASIC,13,"When sending of an FCT is requested, it shall be sent as soon as the current character or control code has been sent provided that: No broadcast code is waiting to be sent",G((FCT_requested) -> (! (FCT_sent) U (current_character_sent))),G (CT_requested -> (current_character_sent -> (X (CT_sent & !broadcast_code_waiting)))),False
BASIC,13,"When sending of an FCT is requested, it shall be sent as soon as the current character or control code has been sent provided that: No broadcast code is waiting to be sent",G((FCT_requested) -> (! (FCT_sent) U (current_character_sent))),G(CT_requested -> (current_character_sent -> (X CT_sent & !F(broadcast_code_waiting)))),False
BASIC,13,"When sending of an FCT is requested, it shall be sent as soon as the current character or control code has been sent provided that: No broadcast code is waiting to be sent",G((FCT_requested) -> (! (FCT_sent) U (current_character_sent))),G(CT_requested -> (current_character_sent -> (X(CT_sent) & !F(broadcast_code_waiting)))),False
BASIC,13,"When sending of an FCT is requested, it shall be sent as soon as the current character or control code has been sent provided that: No broadcast code is waiting to be sent",G((FCT_requested) -> (! (FCT_sent) U (current_character_sent))),G(CT_requested -> (current_character_sent -> (X(CT_sent) & !F(broadcast_code_waiting)))),False
BASIC,13,"When sending of an FCT is requested, it shall be sent as soon as the current character or control code has been sent provided that: No broadcast code is waiting to be sent",G((FCT_requested) -> (! (FCT_sent) U (current_character_sent))),G(CT_requested -> (current_character_sent -> (X(CT_sent) & !F(broadcast_code_waiting)))),False
BASIC,13,"When sending of an FCT is requested, it shall be sent as soon as the current character or control code has been sent provided that: No broadcast code is waiting to be sent",G((FCT_requested) -> (! (FCT_sent) U (current_character_sent))),G(CT_requested -> (current_character_sent -> X(CT_sent & !broadcast_code_waiting))),False
BASIC,13,"When sending of an FCT is requested, it shall be sent as soon as the current character or control code has been sent provided that: No broadcast code is waiting to be sent",G((FCT_requested) -> (! (FCT_sent) U (current_character_sent))),G (CT_requested -> (current_character_sent -> (X (CT_sent & !broadcast_code_waiting)))),False
BASIC,13,"When sending of an FCT is requested, it shall be sent as soon as the current character or control code has been sent provided that: No broadcast code is waiting to be sent",G((FCT_requested) -> (! (FCT_sent) U (current_character_sent))),G(CT_requested -> (current_character_sent -> X(CT_sent & !broadcast_code_waiting))),False
BASIC,13,"When sending of an FCT is requested, it shall be sent as soon as the current character or control code has been sent provided that: No broadcast code is waiting to be sent",G((FCT_requested) -> (! (FCT_sent) U (current_character_sent))),G(CT_requested -> (current_character_sent -> (X CT_sent & !F(broadcast_code_waiting)))),False
BASIC,13,"When sending of an FCT is requested, it shall be sent as soon as the current character or control code has been sent provided that: No broadcast code is waiting to be sent",G((FCT_requested) -> (! (FCT_sent) U (current_character_sent))),G(CT_requested -> (current_character_sent -> (X CT_sent & !F(broadcast_code_waiting)))),False
BASIC,13,"When sending of an FCT is requested, it shall be sent as soon as the current character or control code has been sent provided that: No broadcast code is waiting to be sent",G((FCT_requested) -> (! (FCT_sent) U (current_character_sent))),G (CT_requested -> (current_character_sent -> (X (CT_sent & !broadcast_code_waiting)))),False
BASIC,13,"When sending of an FCT is requested, it shall be sent as soon as the current character or control code has been sent provided that: No broadcast code is waiting to be sent",G((FCT_requested) -> (! (FCT_sent) U (current_character_sent))),G(CT_requested -> (current_character_sent -> (X CT_sent & !F(broadcast_code_waiting)))),False
BASIC,13,"When sending of an FCT is requested, it shall be sent as soon as the current character or control code has been sent provided that: No broadcast code is waiting to be sent",G((FCT_requested) -> (! (FCT_sent) U (current_character_sent))),G (CT_requested -> (current_character_sent -> (X (CT_sent & !broadcast_code_waiting)))),False
BASIC,13,"When sending of an FCT is requested, it shall be sent as soon as the current character or control code has been sent provided that: No broadcast code is waiting to be sent",G((FCT_requested) -> (! (FCT_sent) U (current_character_sent))),G (CT_requested -> (current_character_sent -> (X (CT_sent & !broadcast_code_waiting)))),False
BASIC,13,"When sending of an FCT is requested, it shall be sent as soon as the current character or control code has been sent provided that: No broadcast code is waiting to be sent",G((FCT_requested) -> (! (FCT_sent) U (current_character_sent))),G (CT_requested -> (current_character_sent -> (X (CT_sent & !broadcast_code_waiting)))),False
BASIC,13,"When sending of an FCT is requested, it shall be sent as soon as the current character or control code has been sent provided that: No broadcast code is waiting to be sent",G((FCT_requested) -> (! (FCT_sent) U (current_character_sent))),G(CT_requested -> (current_character_sent -> (X CT_sent & !F(broadcast_code_waiting)))),False
BASIC,13,"When sending of an FCT is requested, it shall be sent as soon as the current character or control code has been sent provided that: No broadcast code is waiting to be sent",G((FCT_requested) -> (! (FCT_sent) U (current_character_sent))),G (CT_requested -> (current_character_sent -> (X (CT_sent & !broadcast_code_waiting)))),False
BASIC,13,"When sending of an FCT is requested, it shall be sent as soon as the current character or control code has been sent provided that: No broadcast code is waiting to be sent",G((FCT_requested) -> (! (FCT_sent) U (current_character_sent))),G (CT_requested -> (G (!current_character_sent) U (current_character_sent & (G (!CT_requested) U CT_sent)))),False
BASIC,13,"When sending of an FCT is requested, it shall be sent as soon as the current character or control code has been sent provided that: No broadcast code is waiting to be sent",G((FCT_requested) -> (! (FCT_sent) U (current_character_sent))),G (CT_requested -> (current_character_sent U (CT_sent & !broadcast_code_waiting))),False
BASIC,16,"The Link state machine shall leave the Ready state on one of the following conditions: 1.When LinkDisabled is asserted, move to the ErrorReset state. 2.When a disconnect occurs, move to the ErrorReset state. 3.When a parity error occurs, move to the ErrorReset state. 4.When an ESC error occurs, move to the ErrorReset state. 5.When an FCT, N-Char or broadcast code is received from the Encoding Layer, move to the ErrorReset state. 6.When LinkStart is asserted, move to the Started state. 7.When AutoStart is asserted and gotNull is asserted, move to the Started state",G((LinkDisabled) -> X (ErrorReset)) & G((disconnect) -> X (ErrorReset)) & G((parity) -> X (ErrorReset)) & G((ESC_Error) -> (ErrorReset)) & G(((FCT_received) & (NChar_received) & (broadcast_received)) -> X(ErrorReset)) & G((LinkStart_asserted) -> X(Started_state)) & G(((AutoStart_asserted) & (gotNull_asserted)) -> X(Started_state)),G(Ready_state -> (LinkDisabled -> X ErrorReset) & (disconnect -> X ErrorReset) & (parity -> X ErrorReset) & (ESC_Error -> X ErrorReset) & ((CT_received | NChar_received | broadcast_received) -> X ErrorReset) & (LinkStart_asserted -> X Started,None
BASIC,16,"The Link state machine shall leave the Ready state on one of the following conditions: 1.When LinkDisabled is asserted, move to the ErrorReset state. 2.When a disconnect occurs, move to the ErrorReset state. 3.When a parity error occurs, move to the ErrorReset state. 4.When an ESC error occurs, move to the ErrorReset state. 5.When an FCT, N-Char or broadcast code is received from the Encoding Layer, move to the ErrorReset state. 6.When LinkStart is asserted, move to the Started state. 7.When AutoStart is asserted and gotNull is asserted, move to the Started state",G((LinkDisabled) -> X (ErrorReset)) & G((disconnect) -> X (ErrorReset)) & G((parity) -> X (ErrorReset)) & G((ESC_Error) -> (ErrorReset)) & G(((FCT_received) & (NChar_received) & (broadcast_received)) -> X(ErrorReset)) & G((LinkStart_asserted) -> X(Started_state)) & G(((AutoStart_asserted) & (gotNull_asserted)) -> X(Started_state)),G(Ready_state -> ((LinkDisabled | disconnect | parity | ESC_Error | CT_received | NChar_received | broadcast_received) -> X ErrorReset) & (LinkStart_asserted -> X Started_state) & (AutoStart_asserted & gotNull_asserted -> X Started_state)),False
BASIC,16,"The Link state machine shall leave the Ready state on one of the following conditions: 1.When LinkDisabled is asserted, move to the ErrorReset state. 2.When a disconnect occurs, move to the ErrorReset state. 3.When a parity error occurs, move to the ErrorReset state. 4.When an ESC error occurs, move to the ErrorReset state. 5.When an FCT, N-Char or broadcast code is received from the Encoding Layer, move to the ErrorReset state. 6.When LinkStart is asserted, move to the Started state. 7.When AutoStart is asserted and gotNull is asserted, move to the Started state",G((LinkDisabled) -> X (ErrorReset)) & G((disconnect) -> X (ErrorReset)) & G((parity) -> X (ErrorReset)) & G((ESC_Error) -> (ErrorReset)) & G(((FCT_received) & (NChar_received) & (broadcast_received)) -> X(ErrorReset)) & G((LinkStart_asserted) -> X(Started_state)) & G(((AutoStart_asserted) & (gotNull_asserted)) -> X(Started_state)),G(Ready_state -> ((LinkDisabled | disconnect | parity | ESC_Error | CT_received | NChar_received | broadcast_received) -> X ErrorReset) & (LinkStart_asserted -> X Started_state) & (AutoStart_asserted & gotNull_asserted -> X Started_state)),False
BASIC,16,"The Link state machine shall leave the Ready state on one of the following conditions: 1.When LinkDisabled is asserted, move to the ErrorReset state. 2.When a disconnect occurs, move to the ErrorReset state. 3.When a parity error occurs, move to the ErrorReset state. 4.When an ESC error occurs, move to the ErrorReset state. 5.When an FCT, N-Char or broadcast code is received from the Encoding Layer, move to the ErrorReset state. 6.When LinkStart is asserted, move to the Started state. 7.When AutoStart is asserted and gotNull is asserted, move to the Started state",G((LinkDisabled) -> X (ErrorReset)) & G((disconnect) -> X (ErrorReset)) & G((parity) -> X (ErrorReset)) & G((ESC_Error) -> (ErrorReset)) & G(((FCT_received) & (NChar_received) & (broadcast_received)) -> X(ErrorReset)) & G((LinkStart_asserted) -> X(Started_state)) & G(((AutoStart_asserted) & (gotNull_asserted)) -> X(Started_state)),G(Ready_state -> ((LinkDisabled | disconnect | parity | ESC_Error | CT_received | NChar_received | broadcast_received) -> X ErrorReset) & (LinkStart_asserted -> X Started_state) & (AutoStart_asserted & gotNull_asserted -> X Started_state)),False
BASIC,16,"The Link state machine shall leave the Ready state on one of the following conditions: 1.When LinkDisabled is asserted, move to the ErrorReset state. 2.When a disconnect occurs, move to the ErrorReset state. 3.When a parity error occurs, move to the ErrorReset state. 4.When an ESC error occurs, move to the ErrorReset state. 5.When an FCT, N-Char or broadcast code is received from the Encoding Layer, move to the ErrorReset state. 6.When LinkStart is asserted, move to the Started state. 7.When AutoStart is asserted and gotNull is asserted, move to the Started state",G((LinkDisabled) -> X (ErrorReset)) & G((disconnect) -> X (ErrorReset)) & G((parity) -> X (ErrorReset)) & G((ESC_Error) -> (ErrorReset)) & G(((FCT_received) & (NChar_received) & (broadcast_received)) -> X(ErrorReset)) & G((LinkStart_asserted) -> X(Started_state)) & G(((AutoStart_asserted) & (gotNull_asserted)) -> X(Started_state)),G(Ready_state -> ((LinkDisabled | disconnect | parity | ESC_Error | CT_received | NChar_received | broadcast_received) -> X ErrorReset) & (LinkStart_asserted -> X Started_state) & (AutoStart_asserted & gotNull_asserted -> X Started_state)),False
BASIC,16,"The Link state machine shall leave the Ready state on one of the following conditions: 1.When LinkDisabled is asserted, move to the ErrorReset state. 2.When a disconnect occurs, move to the ErrorReset state. 3.When a parity error occurs, move to the ErrorReset state. 4.When an ESC error occurs, move to the ErrorReset state. 5.When an FCT, N-Char or broadcast code is received from the Encoding Layer, move to the ErrorReset state. 6.When LinkStart is asserted, move to the Started state. 7.When AutoStart is asserted and gotNull is asserted, move to the Started state",G((LinkDisabled) -> X (ErrorReset)) & G((disconnect) -> X (ErrorReset)) & G((parity) -> X (ErrorReset)) & G((ESC_Error) -> (ErrorReset)) & G(((FCT_received) & (NChar_received) & (broadcast_received)) -> X(ErrorReset)) & G((LinkStart_asserted) -> X(Started_state)) & G(((AutoStart_asserted) & (gotNull_asserted)) -> X(Started_state)),G(Ready_state -> ((LinkDisabled | disconnect | parity | ESC_Error | CT_received | NChar_received | broadcast_received) -> X ErrorReset) & (LinkStart_asserted -> X Started_state) & (AutoStart_asserted & gotNull_asserted -> X Started_state)),False
BASIC,16,"The Link state machine shall leave the Ready state on one of the following conditions: 1.When LinkDisabled is asserted, move to the ErrorReset state. 2.When a disconnect occurs, move to the ErrorReset state. 3.When a parity error occurs, move to the ErrorReset state. 4.When an ESC error occurs, move to the ErrorReset state. 5.When an FCT, N-Char or broadcast code is received from the Encoding Layer, move to the ErrorReset state. 6.When LinkStart is asserted, move to the Started state. 7.When AutoStart is asserted and gotNull is asserted, move to the Started state",G((LinkDisabled) -> X (ErrorReset)) & G((disconnect) -> X (ErrorReset)) & G((parity) -> X (ErrorReset)) & G((ESC_Error) -> (ErrorReset)) & G(((FCT_received) & (NChar_received) & (broadcast_received)) -> X(ErrorReset)) & G((LinkStart_asserted) -> X(Started_state)) & G(((AutoStart_asserted) & (gotNull_asserted)) -> X(Started_state)),G(Ready_state -> (LinkDisabled -> X ErrorReset) & (disconnect -> X ErrorReset) & (parity -> X ErrorReset) & (ESC_Error -> X ErrorReset) & ((CT_received | NChar_received | broadcast_received) -> X ErrorReset) & (LinkStart_asserted -> X Started,None
BASIC,16,"The Link state machine shall leave the Ready state on one of the following conditions: 1.When LinkDisabled is asserted, move to the ErrorReset state. 2.When a disconnect occurs, move to the ErrorReset state. 3.When a parity error occurs, move to the ErrorReset state. 4.When an ESC error occurs, move to the ErrorReset state. 5.When an FCT, N-Char or broadcast code is received from the Encoding Layer, move to the ErrorReset state. 6.When LinkStart is asserted, move to the Started state. 7.When AutoStart is asserted and gotNull is asserted, move to the Started state",G((LinkDisabled) -> X (ErrorReset)) & G((disconnect) -> X (ErrorReset)) & G((parity) -> X (ErrorReset)) & G((ESC_Error) -> (ErrorReset)) & G(((FCT_received) & (NChar_received) & (broadcast_received)) -> X(ErrorReset)) & G((LinkStart_asserted) -> X(Started_state)) & G(((AutoStart_asserted) & (gotNull_asserted)) -> X(Started_state)),G(Ready_state -> ((LinkDisabled | disconnect | parity | ESC_Error | CT_received | NChar_received | broadcast_received) -> X ErrorReset) & (LinkStart_asserted -> X Started_state) & (AutoStart_asserted & gotNull_asserted -> X Started_state)),False
BASIC,16,"The Link state machine shall leave the Ready state on one of the following conditions: 1.When LinkDisabled is asserted, move to the ErrorReset state. 2.When a disconnect occurs, move to the ErrorReset state. 3.When a parity error occurs, move to the ErrorReset state. 4.When an ESC error occurs, move to the ErrorReset state. 5.When an FCT, N-Char or broadcast code is received from the Encoding Layer, move to the ErrorReset state. 6.When LinkStart is asserted, move to the Started state. 7.When AutoStart is asserted and gotNull is asserted, move to the Started state",G((LinkDisabled) -> X (ErrorReset)) & G((disconnect) -> X (ErrorReset)) & G((parity) -> X (ErrorReset)) & G((ESC_Error) -> (ErrorReset)) & G(((FCT_received) & (NChar_received) & (broadcast_received)) -> X(ErrorReset)) & G((LinkStart_asserted) -> X(Started_state)) & G(((AutoStart_asserted) & (gotNull_asserted)) -> X(Started_state)),G(Ready_state -> ((LinkDisabled | disconnect | parity | ESC_Error | CT_received | NChar_received | broadcast_received) -> X ErrorReset) & (LinkStart_asserted -> X Started_state) & (AutoStart_asserted & gotNull_asserted -> X Started_state)),False
BASIC,16,"The Link state machine shall leave the Ready state on one of the following conditions: 1.When LinkDisabled is asserted, move to the ErrorReset state. 2.When a disconnect occurs, move to the ErrorReset state. 3.When a parity error occurs, move to the ErrorReset state. 4.When an ESC error occurs, move to the ErrorReset state. 5.When an FCT, N-Char or broadcast code is received from the Encoding Layer, move to the ErrorReset state. 6.When LinkStart is asserted, move to the Started state. 7.When AutoStart is asserted and gotNull is asserted, move to the Started state",G((LinkDisabled) -> X (ErrorReset)) & G((disconnect) -> X (ErrorReset)) & G((parity) -> X (ErrorReset)) & G((ESC_Error) -> (ErrorReset)) & G(((FCT_received) & (NChar_received) & (broadcast_received)) -> X(ErrorReset)) & G((LinkStart_asserted) -> X(Started_state)) & G(((AutoStart_asserted) & (gotNull_asserted)) -> X(Started_state)),G(Ready_state -> ((LinkDisabled | disconnect | parity | ESC_Error | CT_received | NChar_received | broadcast_received) -> X ErrorReset) & (LinkStart_asserted -> X Started_state) & (AutoStart_asserted & gotNull_asserted -> X Started_state)),False
BASIC,16,"The Link state machine shall leave the Ready state on one of the following conditions: 1.When LinkDisabled is asserted, move to the ErrorReset state. 2.When a disconnect occurs, move to the ErrorReset state. 3.When a parity error occurs, move to the ErrorReset state. 4.When an ESC error occurs, move to the ErrorReset state. 5.When an FCT, N-Char or broadcast code is received from the Encoding Layer, move to the ErrorReset state. 6.When LinkStart is asserted, move to the Started state. 7.When AutoStart is asserted and gotNull is asserted, move to the Started state",G((LinkDisabled) -> X (ErrorReset)) & G((disconnect) -> X (ErrorReset)) & G((parity) -> X (ErrorReset)) & G((ESC_Error) -> (ErrorReset)) & G(((FCT_received) & (NChar_received) & (broadcast_received)) -> X(ErrorReset)) & G((LinkStart_asserted) -> X(Started_state)) & G(((AutoStart_asserted) & (gotNull_asserted)) -> X(Started_state)),G(Ready_state -> ((LinkDisabled | disconnect | parity | ESC_Error | CT_received | NChar_received | broadcast_received) -> X ErrorReset) & (LinkStart_asserted -> X Started_state) & (AutoStart_asserted & gotNull_asserted -> X Started_state)),False
BASIC,16,"The Link state machine shall leave the Ready state on one of the following conditions: 1.When LinkDisabled is asserted, move to the ErrorReset state. 2.When a disconnect occurs, move to the ErrorReset state. 3.When a parity error occurs, move to the ErrorReset state. 4.When an ESC error occurs, move to the ErrorReset state. 5.When an FCT, N-Char or broadcast code is received from the Encoding Layer, move to the ErrorReset state. 6.When LinkStart is asserted, move to the Started state. 7.When AutoStart is asserted and gotNull is asserted, move to the Started state",G((LinkDisabled) -> X (ErrorReset)) & G((disconnect) -> X (ErrorReset)) & G((parity) -> X (ErrorReset)) & G((ESC_Error) -> (ErrorReset)) & G(((FCT_received) & (NChar_received) & (broadcast_received)) -> X(ErrorReset)) & G((LinkStart_asserted) -> X(Started_state)) & G(((AutoStart_asserted) & (gotNull_asserted)) -> X(Started_state)),G(Ready_state -> ((LinkDisabled | disconnect | parity | ESC_Error | CT_received | NChar_received | broadcast_received) -> X ErrorReset) & (LinkStart_asserted -> X Started_state) & (AutoStart_asserted & gotNull_asserted -> X Started_state)),False
BASIC,16,"The Link state machine shall leave the Ready state on one of the following conditions: 1.When LinkDisabled is asserted, move to the ErrorReset state. 2.When a disconnect occurs, move to the ErrorReset state. 3.When a parity error occurs, move to the ErrorReset state. 4.When an ESC error occurs, move to the ErrorReset state. 5.When an FCT, N-Char or broadcast code is received from the Encoding Layer, move to the ErrorReset state. 6.When LinkStart is asserted, move to the Started state. 7.When AutoStart is asserted and gotNull is asserted, move to the Started state",G((LinkDisabled) -> X (ErrorReset)) & G((disconnect) -> X (ErrorReset)) & G((parity) -> X (ErrorReset)) & G((ESC_Error) -> (ErrorReset)) & G(((FCT_received) & (NChar_received) & (broadcast_received)) -> X(ErrorReset)) & G((LinkStart_asserted) -> X(Started_state)) & G(((AutoStart_asserted) & (gotNull_asserted)) -> X(Started_state)),G(Ready_state -> ((LinkDisabled | disconnect | parity | ESC_Error | CT_received | NChar_received | broadcast_received) -> X ErrorReset) & (LinkStart_asserted -> X Started_state) & (AutoStart_asserted & gotNull_asserted -> X Started_state)),False
BASIC,16,"The Link state machine shall leave the Ready state on one of the following conditions: 1.When LinkDisabled is asserted, move to the ErrorReset state. 2.When a disconnect occurs, move to the ErrorReset state. 3.When a parity error occurs, move to the ErrorReset state. 4.When an ESC error occurs, move to the ErrorReset state. 5.When an FCT, N-Char or broadcast code is received from the Encoding Layer, move to the ErrorReset state. 6.When LinkStart is asserted, move to the Started state. 7.When AutoStart is asserted and gotNull is asserted, move to the Started state",G((LinkDisabled) -> X (ErrorReset)) & G((disconnect) -> X (ErrorReset)) & G((parity) -> X (ErrorReset)) & G((ESC_Error) -> (ErrorReset)) & G(((FCT_received) & (NChar_received) & (broadcast_received)) -> X(ErrorReset)) & G((LinkStart_asserted) -> X(Started_state)) & G(((AutoStart_asserted) & (gotNull_asserted)) -> X(Started_state)),G (Ready_state -> ( (LinkDisabled | disconnect | parity | ESC_Error | CT_received | NChar_received | broadcast_received) -> X ErrorReset ) & ( LinkStart_asserted -> X Started_state ) & ( (AutoStart_asserted & gotNull_asserted) -> X Started_state ) ),False
BASIC,16,"The Link state machine shall leave the Ready state on one of the following conditions: 1.When LinkDisabled is asserted, move to the ErrorReset state. 2.When a disconnect occurs, move to the ErrorReset state. 3.When a parity error occurs, move to the ErrorReset state. 4.When an ESC error occurs, move to the ErrorReset state. 5.When an FCT, N-Char or broadcast code is received from the Encoding Layer, move to the ErrorReset state. 6.When LinkStart is asserted, move to the Started state. 7.When AutoStart is asserted and gotNull is asserted, move to the Started state",G((LinkDisabled) -> X (ErrorReset)) & G((disconnect) -> X (ErrorReset)) & G((parity) -> X (ErrorReset)) & G((ESC_Error) -> (ErrorReset)) & G(((FCT_received) & (NChar_received) & (broadcast_received)) -> X(ErrorReset)) & G((LinkStart_asserted) -> X(Started_state)) & G(((AutoStart_asserted) & (gotNull_asserted)) -> X(Started_state)),G(Ready_state -> (LinkDisabled -> X ErrorReset) & (disconnect -> X ErrorReset) & (parity -> X ErrorReset) & (ESC_Error -> X ErrorReset) & ((CT_received | NChar_received | broadcast_received) -> X ErrorReset) & (LinkStart_asserted -> X Started,None
BASIC,16,"The Link state machine shall leave the Ready state on one of the following conditions: 1.When LinkDisabled is asserted, move to the ErrorReset state. 2.When a disconnect occurs, move to the ErrorReset state. 3.When a parity error occurs, move to the ErrorReset state. 4.When an ESC error occurs, move to the ErrorReset state. 5.When an FCT, N-Char or broadcast code is received from the Encoding Layer, move to the ErrorReset state. 6.When LinkStart is asserted, move to the Started state. 7.When AutoStart is asserted and gotNull is asserted, move to the Started state",G((LinkDisabled) -> X (ErrorReset)) & G((disconnect) -> X (ErrorReset)) & G((parity) -> X (ErrorReset)) & G((ESC_Error) -> (ErrorReset)) & G(((FCT_received) & (NChar_received) & (broadcast_received)) -> X(ErrorReset)) & G((LinkStart_asserted) -> X(Started_state)) & G(((AutoStart_asserted) & (gotNull_asserted)) -> X(Started_state)),G(Ready_state -> ((LinkDisabled | disconnect | parity | ESC_Error | CT_received | NChar_received | broadcast_received) -> X ErrorReset) & (LinkStart_asserted -> X Started_state) & (AutoStart_asserted & gotNull_asserted -> X Started_state)),False
BASIC,16,"The Link state machine shall leave the Ready state on one of the following conditions: 1.When LinkDisabled is asserted, move to the ErrorReset state. 2.When a disconnect occurs, move to the ErrorReset state. 3.When a parity error occurs, move to the ErrorReset state. 4.When an ESC error occurs, move to the ErrorReset state. 5.When an FCT, N-Char or broadcast code is received from the Encoding Layer, move to the ErrorReset state. 6.When LinkStart is asserted, move to the Started state. 7.When AutoStart is asserted and gotNull is asserted, move to the Started state",G((LinkDisabled) -> X (ErrorReset)) & G((disconnect) -> X (ErrorReset)) & G((parity) -> X (ErrorReset)) & G((ESC_Error) -> (ErrorReset)) & G(((FCT_received) & (NChar_received) & (broadcast_received)) -> X(ErrorReset)) & G((LinkStart_asserted) -> X(Started_state)) & G(((AutoStart_asserted) & (gotNull_asserted)) -> X(Started_state)),G(Ready_state -> ((LinkDisabled | disconnect | parity | ESC_Error | CT_received | NChar_received | broadcast_received) -> X ErrorReset) & (LinkStart_asserted -> X Started_state) & (AutoStart_asserted & gotNull_asserted -> X Started_state)),False
BASIC,16,"The Link state machine shall leave the Ready state on one of the following conditions: 1.When LinkDisabled is asserted, move to the ErrorReset state. 2.When a disconnect occurs, move to the ErrorReset state. 3.When a parity error occurs, move to the ErrorReset state. 4.When an ESC error occurs, move to the ErrorReset state. 5.When an FCT, N-Char or broadcast code is received from the Encoding Layer, move to the ErrorReset state. 6.When LinkStart is asserted, move to the Started state. 7.When AutoStart is asserted and gotNull is asserted, move to the Started state",G((LinkDisabled) -> X (ErrorReset)) & G((disconnect) -> X (ErrorReset)) & G((parity) -> X (ErrorReset)) & G((ESC_Error) -> (ErrorReset)) & G(((FCT_received) & (NChar_received) & (broadcast_received)) -> X(ErrorReset)) & G((LinkStart_asserted) -> X(Started_state)) & G(((AutoStart_asserted) & (gotNull_asserted)) -> X(Started_state)),G(Ready_state -> ((LinkDisabled | disconnect | parity | ESC_Error | CT_received | NChar_received | broadcast_received) -> X ErrorReset) & (LinkStart_asserted -> X Started_state) & (AutoStart_asserted & gotNull_asserted -> X Started_state)),False
BASIC,16,"The Link state machine shall leave the Ready state on one of the following conditions: 1.When LinkDisabled is asserted, move to the ErrorReset state. 2.When a disconnect occurs, move to the ErrorReset state. 3.When a parity error occurs, move to the ErrorReset state. 4.When an ESC error occurs, move to the ErrorReset state. 5.When an FCT, N-Char or broadcast code is received from the Encoding Layer, move to the ErrorReset state. 6.When LinkStart is asserted, move to the Started state. 7.When AutoStart is asserted and gotNull is asserted, move to the Started state",G((LinkDisabled) -> X (ErrorReset)) & G((disconnect) -> X (ErrorReset)) & G((parity) -> X (ErrorReset)) & G((ESC_Error) -> (ErrorReset)) & G(((FCT_received) & (NChar_received) & (broadcast_received)) -> X(ErrorReset)) & G((LinkStart_asserted) -> X(Started_state)) & G(((AutoStart_asserted) & (gotNull_asserted)) -> X(Started_state)),G(Ready_state -> ((LinkDisabled | disconnect | parity | ESC_Error | CT_received | NChar_received | broadcast_received) -> X ErrorReset) & (LinkStart_asserted -> X Started_state) & (AutoStart_asserted & gotNull_asserted -> X Started_state)),False
BASIC,16,"The Link state machine shall leave the Ready state on one of the following conditions: 1.When LinkDisabled is asserted, move to the ErrorReset state. 2.When a disconnect occurs, move to the ErrorReset state. 3.When a parity error occurs, move to the ErrorReset state. 4.When an ESC error occurs, move to the ErrorReset state. 5.When an FCT, N-Char or broadcast code is received from the Encoding Layer, move to the ErrorReset state. 6.When LinkStart is asserted, move to the Started state. 7.When AutoStart is asserted and gotNull is asserted, move to the Started state",G((LinkDisabled) -> X (ErrorReset)) & G((disconnect) -> X (ErrorReset)) & G((parity) -> X (ErrorReset)) & G((ESC_Error) -> (ErrorReset)) & G(((FCT_received) & (NChar_received) & (broadcast_received)) -> X(ErrorReset)) & G((LinkStart_asserted) -> X(Started_state)) & G(((AutoStart_asserted) & (gotNull_asserted)) -> X(Started_state)),G(Ready_state -> ((LinkDisabled | disconnect | parity | ESC_Error | CT_received | NChar_received | broadcast_received) -> X ErrorReset) & (LinkStart_asserted -> X Started_state) & (AutoStart_asserted & gotNull_asserted -> X Started_state)),False
BASIC,16,"The Link state machine shall leave the Ready state on one of the following conditions: 1.When LinkDisabled is asserted, move to the ErrorReset state. 2.When a disconnect occurs, move to the ErrorReset state. 3.When a parity error occurs, move to the ErrorReset state. 4.When an ESC error occurs, move to the ErrorReset state. 5.When an FCT, N-Char or broadcast code is received from the Encoding Layer, move to the ErrorReset state. 6.When LinkStart is asserted, move to the Started state. 7.When AutoStart is asserted and gotNull is asserted, move to the Started state",G((LinkDisabled) -> X (ErrorReset)) & G((disconnect) -> X (ErrorReset)) & G((parity) -> X (ErrorReset)) & G((ESC_Error) -> (ErrorReset)) & G(((FCT_received) & (NChar_received) & (broadcast_received)) -> X(ErrorReset)) & G((LinkStart_asserted) -> X(Started_state)) & G(((AutoStart_asserted) & (gotNull_asserted)) -> X(Started_state)),G(Ready_state -> ((LinkDisabled | disconnect | parity | ESC_Error | CT_received | NChar_received | broadcast_received) -> X ErrorReset) & (LinkStart_asserted -> X Started_state) & (AutoStart_asserted & gotNull_asserted -> X Started_state)),False
BASIC,16,"The Link state machine shall leave the Ready state on one of the following conditions: 1.When LinkDisabled is asserted, move to the ErrorReset state. 2.When a disconnect occurs, move to the ErrorReset state. 3.When a parity error occurs, move to the ErrorReset state. 4.When an ESC error occurs, move to the ErrorReset state. 5.When an FCT, N-Char or broadcast code is received from the Encoding Layer, move to the ErrorReset state. 6.When LinkStart is asserted, move to the Started state. 7.When AutoStart is asserted and gotNull is asserted, move to the Started state",G((LinkDisabled) -> X (ErrorReset)) & G((disconnect) -> X (ErrorReset)) & G((parity) -> X (ErrorReset)) & G((ESC_Error) -> (ErrorReset)) & G(((FCT_received) & (NChar_received) & (broadcast_received)) -> X(ErrorReset)) & G((LinkStart_asserted) -> X(Started_state)) & G(((AutoStart_asserted) & (gotNull_asserted)) -> X(Started_state)),G(Ready_state -> ((LinkDisabled | disconnect | parity | ESC_Error | CT_received | NChar_received | broadcast_received) -> X ErrorReset) & (LinkStart_asserted -> X Started_state) & (AutoStart_asserted & gotNull_asserted -> X Started_state)),False
BASIC,16,"The Link state machine shall leave the Ready state on one of the following conditions: 1.When LinkDisabled is asserted, move to the ErrorReset state. 2.When a disconnect occurs, move to the ErrorReset state. 3.When a parity error occurs, move to the ErrorReset state. 4.When an ESC error occurs, move to the ErrorReset state. 5.When an FCT, N-Char or broadcast code is received from the Encoding Layer, move to the ErrorReset state. 6.When LinkStart is asserted, move to the Started state. 7.When AutoStart is asserted and gotNull is asserted, move to the Started state",G((LinkDisabled) -> X (ErrorReset)) & G((disconnect) -> X (ErrorReset)) & G((parity) -> X (ErrorReset)) & G((ESC_Error) -> (ErrorReset)) & G(((FCT_received) & (NChar_received) & (broadcast_received)) -> X(ErrorReset)) & G((LinkStart_asserted) -> X(Started_state)) & G(((AutoStart_asserted) & (gotNull_asserted)) -> X(Started_state)),G(Ready_state -> ((LinkDisabled | disconnect | parity | ESC_Error | CT_received | NChar_received | broadcast_received) -> X ErrorReset) & (LinkStart_asserted -> X Started_state) & (AutoStart_asserted & gotNull_asserted -> X Started_state)),False
BASIC,16,"The Link state machine shall leave the Ready state on one of the following conditions: 1.When LinkDisabled is asserted, move to the ErrorReset state. 2.When a disconnect occurs, move to the ErrorReset state. 3.When a parity error occurs, move to the ErrorReset state. 4.When an ESC error occurs, move to the ErrorReset state. 5.When an FCT, N-Char or broadcast code is received from the Encoding Layer, move to the ErrorReset state. 6.When LinkStart is asserted, move to the Started state. 7.When AutoStart is asserted and gotNull is asserted, move to the Started state",G((LinkDisabled) -> X (ErrorReset)) & G((disconnect) -> X (ErrorReset)) & G((parity) -> X (ErrorReset)) & G((ESC_Error) -> (ErrorReset)) & G(((FCT_received) & (NChar_received) & (broadcast_received)) -> X(ErrorReset)) & G((LinkStart_asserted) -> X(Started_state)) & G(((AutoStart_asserted) & (gotNull_asserted)) -> X(Started_state)),G(Ready_state -> ((LinkDisabled | disconnect | parity | ESC_Error | CT_received | NChar_received | broadcast_received) -> X ErrorReset) & (LinkStart_asserted -> X Started_state) & (AutoStart_asserted & gotNull_asserted -> X Started_state)),False
BASIC,16,"The Link state machine shall leave the Ready state on one of the following conditions: 1.When LinkDisabled is asserted, move to the ErrorReset state. 2.When a disconnect occurs, move to the ErrorReset state. 3.When a parity error occurs, move to the ErrorReset state. 4.When an ESC error occurs, move to the ErrorReset state. 5.When an FCT, N-Char or broadcast code is received from the Encoding Layer, move to the ErrorReset state. 6.When LinkStart is asserted, move to the Started state. 7.When AutoStart is asserted and gotNull is asserted, move to the Started state",G((LinkDisabled) -> X (ErrorReset)) & G((disconnect) -> X (ErrorReset)) & G((parity) -> X (ErrorReset)) & G((ESC_Error) -> (ErrorReset)) & G(((FCT_received) & (NChar_received) & (broadcast_received)) -> X(ErrorReset)) & G((LinkStart_asserted) -> X(Started_state)) & G(((AutoStart_asserted) & (gotNull_asserted)) -> X(Started_state)),G(Ready_state -> ( (LinkDisabled | disconnect | parity | ESC_Error | CT_received | NChar_received | broadcast_received) -> X ErrorReset ) & (LinkStart_asserted -> X Started_state) & (AutoStart_asserted & gotNull_asserted -> X Started_state) )),None
BASIC,16,"The Link state machine shall leave the Ready state on one of the following conditions: 1.When LinkDisabled is asserted, move to the ErrorReset state. 2.When a disconnect occurs, move to the ErrorReset state. 3.When a parity error occurs, move to the ErrorReset state. 4.When an ESC error occurs, move to the ErrorReset state. 5.When an FCT, N-Char or broadcast code is received from the Encoding Layer, move to the ErrorReset state. 6.When LinkStart is asserted, move to the Started state. 7.When AutoStart is asserted and gotNull is asserted, move to the Started state",G((LinkDisabled) -> X (ErrorReset)) & G((disconnect) -> X (ErrorReset)) & G((parity) -> X (ErrorReset)) & G((ESC_Error) -> (ErrorReset)) & G(((FCT_received) & (NChar_received) & (broadcast_received)) -> X(ErrorReset)) & G((LinkStart_asserted) -> X(Started_state)) & G(((AutoStart_asserted) & (gotNull_asserted)) -> X(Started_state)),G(Ready_state -> ((LinkDisabled | disconnect | parity | ESC_Error | CT_received | NChar_received | broadcast_received) -> X ErrorReset) & (LinkStart_asserted -> X Started_state) & (AutoStart_asserted & gotNull_asserted -> X Started_state)),False
BASIC,16,"The Link state machine shall leave the Ready state on one of the following conditions: 1.When LinkDisabled is asserted, move to the ErrorReset state. 2.When a disconnect occurs, move to the ErrorReset state. 3.When a parity error occurs, move to the ErrorReset state. 4.When an ESC error occurs, move to the ErrorReset state. 5.When an FCT, N-Char or broadcast code is received from the Encoding Layer, move to the ErrorReset state. 6.When LinkStart is asserted, move to the Started state. 7.When AutoStart is asserted and gotNull is asserted, move to the Started state",G((LinkDisabled) -> X (ErrorReset)) & G((disconnect) -> X (ErrorReset)) & G((parity) -> X (ErrorReset)) & G((ESC_Error) -> (ErrorReset)) & G(((FCT_received) & (NChar_received) & (broadcast_received)) -> X(ErrorReset)) & G((LinkStart_asserted) -> X(Started_state)) & G(((AutoStart_asserted) & (gotNull_asserted)) -> X(Started_state)),G(Ready_state -> ((LinkDisabled | disconnect | parity | ESC_Error | CT_received | NChar_received | broadcast_received) -> X ErrorReset) & (LinkStart_asserted -> X Started_state) & (AutoStart_asserted & gotNull_asserted -> X Started_state)),False
BASIC,16,"The Link state machine shall leave the Ready state on one of the following conditions: 1.When LinkDisabled is asserted, move to the ErrorReset state. 2.When a disconnect occurs, move to the ErrorReset state. 3.When a parity error occurs, move to the ErrorReset state. 4.When an ESC error occurs, move to the ErrorReset state. 5.When an FCT, N-Char or broadcast code is received from the Encoding Layer, move to the ErrorReset state. 6.When LinkStart is asserted, move to the Started state. 7.When AutoStart is asserted and gotNull is asserted, move to the Started state",G((LinkDisabled) -> X (ErrorReset)) & G((disconnect) -> X (ErrorReset)) & G((parity) -> X (ErrorReset)) & G((ESC_Error) -> (ErrorReset)) & G(((FCT_received) & (NChar_received) & (broadcast_received)) -> X(ErrorReset)) & G((LinkStart_asserted) -> X(Started_state)) & G(((AutoStart_asserted) & (gotNull_asserted)) -> X(Started_state)),G(Ready_state -> (LinkDisabled -> X ErrorReset) & (disconnect -> X ErrorReset) & (parity -> X ErrorReset) & (ESC_Error -> X ErrorReset) & ((CT_received | NChar_received | broadcast_received) -> X ErrorReset) & (LinkStart_asserted -> X Started,None
BASIC,16,"The Link state machine shall leave the Ready state on one of the following conditions: 1.When LinkDisabled is asserted, move to the ErrorReset state. 2.When a disconnect occurs, move to the ErrorReset state. 3.When a parity error occurs, move to the ErrorReset state. 4.When an ESC error occurs, move to the ErrorReset state. 5.When an FCT, N-Char or broadcast code is received from the Encoding Layer, move to the ErrorReset state. 6.When LinkStart is asserted, move to the Started state. 7.When AutoStart is asserted and gotNull is asserted, move to the Started state",G((LinkDisabled) -> X (ErrorReset)) & G((disconnect) -> X (ErrorReset)) & G((parity) -> X (ErrorReset)) & G((ESC_Error) -> (ErrorReset)) & G(((FCT_received) & (NChar_received) & (broadcast_received)) -> X(ErrorReset)) & G((LinkStart_asserted) -> X(Started_state)) & G(((AutoStart_asserted) & (gotNull_asserted)) -> X(Started_state)),G (Ready_state -> ( (LinkDisabled | disconnect | parity | ESC_Error | CT_received | NChar_received | broadcast_received) -> X ErrorReset ) & ( LinkStart_asserted -> X Started_state ) & ( (AutoStart_asserted & gotNull_asserted) -> X Started_state ) ),False
BASIC,16,"The Link state machine shall leave the Ready state on one of the following conditions: 1.When LinkDisabled is asserted, move to the ErrorReset state. 2.When a disconnect occurs, move to the ErrorReset state. 3.When a parity error occurs, move to the ErrorReset state. 4.When an ESC error occurs, move to the ErrorReset state. 5.When an FCT, N-Char or broadcast code is received from the Encoding Layer, move to the ErrorReset state. 6.When LinkStart is asserted, move to the Started state. 7.When AutoStart is asserted and gotNull is asserted, move to the Started state",G((LinkDisabled) -> X (ErrorReset)) & G((disconnect) -> X (ErrorReset)) & G((parity) -> X (ErrorReset)) & G((ESC_Error) -> (ErrorReset)) & G(((FCT_received) & (NChar_received) & (broadcast_received)) -> X(ErrorReset)) & G((LinkStart_asserted) -> X(Started_state)) & G(((AutoStart_asserted) & (gotNull_asserted)) -> X(Started_state)),G(Ready_state -> ((LinkDisabled | disconnect | parity | ESC_Error | CT_received | NChar_received | broadcast_received) -> X ErrorReset) & (LinkStart_asserted -> X Started_state) & (AutoStart_asserted & gotNull_asserted -> X Started_state)),False
BASIC,16,"The Link state machine shall leave the Ready state on one of the following conditions: 1.When LinkDisabled is asserted, move to the ErrorReset state. 2.When a disconnect occurs, move to the ErrorReset state. 3.When a parity error occurs, move to the ErrorReset state. 4.When an ESC error occurs, move to the ErrorReset state. 5.When an FCT, N-Char or broadcast code is received from the Encoding Layer, move to the ErrorReset state. 6.When LinkStart is asserted, move to the Started state. 7.When AutoStart is asserted and gotNull is asserted, move to the Started state",G((LinkDisabled) -> X (ErrorReset)) & G((disconnect) -> X (ErrorReset)) & G((parity) -> X (ErrorReset)) & G((ESC_Error) -> (ErrorReset)) & G(((FCT_received) & (NChar_received) & (broadcast_received)) -> X(ErrorReset)) & G((LinkStart_asserted) -> X(Started_state)) & G(((AutoStart_asserted) & (gotNull_asserted)) -> X(Started_state)),G(Ready_state -> ((LinkDisabled | disconnect | parity | ESC_Error | CT_received | NChar_received | broadcast_received) -> X ErrorReset) & (LinkStart_asserted -> X Started_state) & (AutoStart_asserted & gotNull_asserted -> X Started_state)),False
BASIC,16,"The Link state machine shall leave the Ready state on one of the following conditions: 1.When LinkDisabled is asserted, move to the ErrorReset state. 2.When a disconnect occurs, move to the ErrorReset state. 3.When a parity error occurs, move to the ErrorReset state. 4.When an ESC error occurs, move to the ErrorReset state. 5.When an FCT, N-Char or broadcast code is received from the Encoding Layer, move to the ErrorReset state. 6.When LinkStart is asserted, move to the Started state. 7.When AutoStart is asserted and gotNull is asserted, move to the Started state",G((LinkDisabled) -> X (ErrorReset)) & G((disconnect) -> X (ErrorReset)) & G((parity) -> X (ErrorReset)) & G((ESC_Error) -> (ErrorReset)) & G(((FCT_received) & (NChar_received) & (broadcast_received)) -> X(ErrorReset)) & G((LinkStart_asserted) -> X(Started_state)) & G(((AutoStart_asserted) & (gotNull_asserted)) -> X(Started_state)),G(Ready_state -> ((LinkDisabled | disconnect | parity | ESC_Error | CT_received | NChar_received | broadcast_received) -> X ErrorReset) & (LinkStart_asserted -> X Started_state) & (AutoStart_asserted & gotNull_asserted -> X Started_state)),False
BASIC,16,"The Link state machine shall leave the Ready state on one of the following conditions: 1.When LinkDisabled is asserted, move to the ErrorReset state. 2.When a disconnect occurs, move to the ErrorReset state. 3.When a parity error occurs, move to the ErrorReset state. 4.When an ESC error occurs, move to the ErrorReset state. 5.When an FCT, N-Char or broadcast code is received from the Encoding Layer, move to the ErrorReset state. 6.When LinkStart is asserted, move to the Started state. 7.When AutoStart is asserted and gotNull is asserted, move to the Started state",G((LinkDisabled) -> X (ErrorReset)) & G((disconnect) -> X (ErrorReset)) & G((parity) -> X (ErrorReset)) & G((ESC_Error) -> (ErrorReset)) & G(((FCT_received) & (NChar_received) & (broadcast_received)) -> X(ErrorReset)) & G((LinkStart_asserted) -> X(Started_state)) & G(((AutoStart_asserted) & (gotNull_asserted)) -> X(Started_state)),G (Ready_state -> ( (LinkDisabled | disconnect | parity | ESC_Error | CT_received | NChar_received | broadcast_received) -> X ErrorReset ) & (LinkStart_asserted -> X Started_state) & (AutoStart_asserted & gotNull_asserted -> X Started_state) ),False
BASIC,16,"The Link state machine shall leave the Ready state on one of the following conditions: 1.When LinkDisabled is asserted, move to the ErrorReset state. 2.When a disconnect occurs, move to the ErrorReset state. 3.When a parity error occurs, move to the ErrorReset state. 4.When an ESC error occurs, move to the ErrorReset state. 5.When an FCT, N-Char or broadcast code is received from the Encoding Layer, move to the ErrorReset state. 6.When LinkStart is asserted, move to the Started state. 7.When AutoStart is asserted and gotNull is asserted, move to the Started state",G((LinkDisabled) -> X (ErrorReset)) & G((disconnect) -> X (ErrorReset)) & G((parity) -> X (ErrorReset)) & G((ESC_Error) -> (ErrorReset)) & G(((FCT_received) & (NChar_received) & (broadcast_received)) -> X(ErrorReset)) & G((LinkStart_asserted) -> X(Started_state)) & G(((AutoStart_asserted) & (gotNull_asserted)) -> X(Started_state)),G(Ready_state -> ( (LinkDisabled | disconnect | parity | ESC_Error | CT_received | NChar_received | broadcast_received) -> X ErrorReset ) & (LinkStart_asserted -> X Started_state) & (AutoStart_asserted & gotNull_asserted -> X Started_state) ),False
BASIC,16,"The Link state machine shall leave the Ready state on one of the following conditions: 1.When LinkDisabled is asserted, move to the ErrorReset state. 2.When a disconnect occurs, move to the ErrorReset state. 3.When a parity error occurs, move to the ErrorReset state. 4.When an ESC error occurs, move to the ErrorReset state. 5.When an FCT, N-Char or broadcast code is received from the Encoding Layer, move to the ErrorReset state. 6.When LinkStart is asserted, move to the Started state. 7.When AutoStart is asserted and gotNull is asserted, move to the Started state",G((LinkDisabled) -> X (ErrorReset)) & G((disconnect) -> X (ErrorReset)) & G((parity) -> X (ErrorReset)) & G((ESC_Error) -> (ErrorReset)) & G(((FCT_received) & (NChar_received) & (broadcast_received)) -> X(ErrorReset)) & G((LinkStart_asserted) -> X(Started_state)) & G(((AutoStart_asserted) & (gotNull_asserted)) -> X(Started_state)),G(Ready_state -> ((LinkDisabled | disconnect | parity | ESC_Error | CT_received | NChar_received | broadcast_received) -> X ErrorReset) & (LinkStart_asserted -> X Started_state) & (AutoStart_asserted & gotNull_asserted -> X Started_state)),False
BASIC,16,"The Link state machine shall leave the Ready state on one of the following conditions: 1.When LinkDisabled is asserted, move to the ErrorReset state. 2.When a disconnect occurs, move to the ErrorReset state. 3.When a parity error occurs, move to the ErrorReset state. 4.When an ESC error occurs, move to the ErrorReset state. 5.When an FCT, N-Char or broadcast code is received from the Encoding Layer, move to the ErrorReset state. 6.When LinkStart is asserted, move to the Started state. 7.When AutoStart is asserted and gotNull is asserted, move to the Started state",G((LinkDisabled) -> X (ErrorReset)) & G((disconnect) -> X (ErrorReset)) & G((parity) -> X (ErrorReset)) & G((ESC_Error) -> (ErrorReset)) & G(((FCT_received) & (NChar_received) & (broadcast_received)) -> X(ErrorReset)) & G((LinkStart_asserted) -> X(Started_state)) & G(((AutoStart_asserted) & (gotNull_asserted)) -> X(Started_state)),G(Ready_state -> ((LinkDisabled | disconnect | parity | ESC_Error | CT_received | NChar_received | broadcast_received) -> X ErrorReset) & (LinkStart_asserted -> X Started_state) & (AutoStart_asserted & gotNull_asserted -> X Started_state)),False
BASIC,16,"The Link state machine shall leave the Ready state on one of the following conditions: 1.When LinkDisabled is asserted, move to the ErrorReset state. 2.When a disconnect occurs, move to the ErrorReset state. 3.When a parity error occurs, move to the ErrorReset state. 4.When an ESC error occurs, move to the ErrorReset state. 5.When an FCT, N-Char or broadcast code is received from the Encoding Layer, move to the ErrorReset state. 6.When LinkStart is asserted, move to the Started state. 7.When AutoStart is asserted and gotNull is asserted, move to the Started state",G((LinkDisabled) -> X (ErrorReset)) & G((disconnect) -> X (ErrorReset)) & G((parity) -> X (ErrorReset)) & G((ESC_Error) -> (ErrorReset)) & G(((FCT_received) & (NChar_received) & (broadcast_received)) -> X(ErrorReset)) & G((LinkStart_asserted) -> X(Started_state)) & G(((AutoStart_asserted) & (gotNull_asserted)) -> X(Started_state)),G(Ready_state -> (LinkDisabled -> X ErrorReset) & (disconnect -> X ErrorReset) & (parity -> X ErrorReset) & (ESC_Error -> X ErrorReset) & ((CT_received | NChar_received | broadcast_received) -> X ErrorReset) & (LinkStart_asserted -> X Started,None
BASIC,16,"The Link state machine shall leave the Ready state on one of the following conditions: 1.When LinkDisabled is asserted, move to the ErrorReset state. 2.When a disconnect occurs, move to the ErrorReset state. 3.When a parity error occurs, move to the ErrorReset state. 4.When an ESC error occurs, move to the ErrorReset state. 5.When an FCT, N-Char or broadcast code is received from the Encoding Layer, move to the ErrorReset state. 6.When LinkStart is asserted, move to the Started state. 7.When AutoStart is asserted and gotNull is asserted, move to the Started state",G((LinkDisabled) -> X (ErrorReset)) & G((disconnect) -> X (ErrorReset)) & G((parity) -> X (ErrorReset)) & G((ESC_Error) -> (ErrorReset)) & G(((FCT_received) & (NChar_received) & (broadcast_received)) -> X(ErrorReset)) & G((LinkStart_asserted) -> X(Started_state)) & G(((AutoStart_asserted) & (gotNull_asserted)) -> X(Started_state)),G (Ready_state -> ( (LinkDisabled | disconnect | parity | ESC_Error | CT_received | NChar_received | broadcast_received) -> X ErrorReset ) & ( LinkStart_asserted -> X Started_state ) & ( (AutoStart_asserted & gotNull_asserted) -> X Started_state ) ),False
BASIC,16,"The Link state machine shall leave the Ready state on one of the following conditions: 1.When LinkDisabled is asserted, move to the ErrorReset state. 2.When a disconnect occurs, move to the ErrorReset state. 3.When a parity error occurs, move to the ErrorReset state. 4.When an ESC error occurs, move to the ErrorReset state. 5.When an FCT, N-Char or broadcast code is received from the Encoding Layer, move to the ErrorReset state. 6.When LinkStart is asserted, move to the Started state. 7.When AutoStart is asserted and gotNull is asserted, move to the Started state",G((LinkDisabled) -> X (ErrorReset)) & G((disconnect) -> X (ErrorReset)) & G((parity) -> X (ErrorReset)) & G((ESC_Error) -> (ErrorReset)) & G(((FCT_received) & (NChar_received) & (broadcast_received)) -> X(ErrorReset)) & G((LinkStart_asserted) -> X(Started_state)) & G(((AutoStart_asserted) & (gotNull_asserted)) -> X(Started_state)),G(Ready_state -> ((LinkDisabled | disconnect | parity | ESC_Error | CT_received | NChar_received | broadcast_received) -> X ErrorReset) & (LinkStart_asserted -> X Started_state) & (AutoStart_asserted & gotNull_asserted -> X Started_state)),False
BASIC,16,"The Link state machine shall leave the Ready state on one of the following conditions: 1.When LinkDisabled is asserted, move to the ErrorReset state. 2.When a disconnect occurs, move to the ErrorReset state. 3.When a parity error occurs, move to the ErrorReset state. 4.When an ESC error occurs, move to the ErrorReset state. 5.When an FCT, N-Char or broadcast code is received from the Encoding Layer, move to the ErrorReset state. 6.When LinkStart is asserted, move to the Started state. 7.When AutoStart is asserted and gotNull is asserted, move to the Started state",G((LinkDisabled) -> X (ErrorReset)) & G((disconnect) -> X (ErrorReset)) & G((parity) -> X (ErrorReset)) & G((ESC_Error) -> (ErrorReset)) & G(((FCT_received) & (NChar_received) & (broadcast_received)) -> X(ErrorReset)) & G((LinkStart_asserted) -> X(Started_state)) & G(((AutoStart_asserted) & (gotNull_asserted)) -> X(Started_state)),G(Ready_state -> ((LinkDisabled | disconnect | parity | ESC_Error | CT_received | NChar_received | broadcast_received) -> X ErrorReset) & (LinkStart_asserted -> X Started_state) & (AutoStart_asserted & gotNull_asserted -> X Started_state)),False
BASIC,16,"The Link state machine shall leave the Ready state on one of the following conditions: 1.When LinkDisabled is asserted, move to the ErrorReset state. 2.When a disconnect occurs, move to the ErrorReset state. 3.When a parity error occurs, move to the ErrorReset state. 4.When an ESC error occurs, move to the ErrorReset state. 5.When an FCT, N-Char or broadcast code is received from the Encoding Layer, move to the ErrorReset state. 6.When LinkStart is asserted, move to the Started state. 7.When AutoStart is asserted and gotNull is asserted, move to the Started state",G((LinkDisabled) -> X (ErrorReset)) & G((disconnect) -> X (ErrorReset)) & G((parity) -> X (ErrorReset)) & G((ESC_Error) -> (ErrorReset)) & G(((FCT_received) & (NChar_received) & (broadcast_received)) -> X(ErrorReset)) & G((LinkStart_asserted) -> X(Started_state)) & G(((AutoStart_asserted) & (gotNull_asserted)) -> X(Started_state)),G(Ready_state -> (LinkDisabled -> X ErrorReset) & (disconnect -> X ErrorReset) & (parity -> X ErrorReset) & (ESC_Error -> X ErrorReset) & ((CT_received | NChar_received | broadcast_received) -> X ErrorReset) & (LinkStart_asserted -> X Started,None
BASIC,16,"The Link state machine shall leave the Ready state on one of the following conditions: 1.When LinkDisabled is asserted, move to the ErrorReset state. 2.When a disconnect occurs, move to the ErrorReset state. 3.When a parity error occurs, move to the ErrorReset state. 4.When an ESC error occurs, move to the ErrorReset state. 5.When an FCT, N-Char or broadcast code is received from the Encoding Layer, move to the ErrorReset state. 6.When LinkStart is asserted, move to the Started state. 7.When AutoStart is asserted and gotNull is asserted, move to the Started state",G((LinkDisabled) -> X (ErrorReset)) & G((disconnect) -> X (ErrorReset)) & G((parity) -> X (ErrorReset)) & G((ESC_Error) -> (ErrorReset)) & G(((FCT_received) & (NChar_received) & (broadcast_received)) -> X(ErrorReset)) & G((LinkStart_asserted) -> X(Started_state)) & G(((AutoStart_asserted) & (gotNull_asserted)) -> X(Started_state)),G(Ready_state -> ((LinkDisabled | disconnect | parity | ESC_Error | CT_received | NChar_received | broadcast_received) -> X ErrorReset) & (LinkStart_asserted -> X Started_state) & (AutoStart_asserted & gotNull_asserted -> X Started_state)),False
BASIC,16,"The Link state machine shall leave the Ready state on one of the following conditions: 1.When LinkDisabled is asserted, move to the ErrorReset state. 2.When a disconnect occurs, move to the ErrorReset state. 3.When a parity error occurs, move to the ErrorReset state. 4.When an ESC error occurs, move to the ErrorReset state. 5.When an FCT, N-Char or broadcast code is received from the Encoding Layer, move to the ErrorReset state. 6.When LinkStart is asserted, move to the Started state. 7.When AutoStart is asserted and gotNull is asserted, move to the Started state",G((LinkDisabled) -> X (ErrorReset)) & G((disconnect) -> X (ErrorReset)) & G((parity) -> X (ErrorReset)) & G((ESC_Error) -> (ErrorReset)) & G(((FCT_received) & (NChar_received) & (broadcast_received)) -> X(ErrorReset)) & G((LinkStart_asserted) -> X(Started_state)) & G(((AutoStart_asserted) & (gotNull_asserted)) -> X(Started_state)),G(Ready_state -> ((LinkDisabled | disconnect | parity | ESC_Error | CT_received | NChar_received | broadcast_received) -> X ErrorReset) & (LinkStart_asserted -> X Started_state) & (AutoStart_asserted & gotNull_asserted -> X Started_state)),False
BASIC,16,"The Link state machine shall leave the Ready state on one of the following conditions: 1.When LinkDisabled is asserted, move to the ErrorReset state. 2.When a disconnect occurs, move to the ErrorReset state. 3.When a parity error occurs, move to the ErrorReset state. 4.When an ESC error occurs, move to the ErrorReset state. 5.When an FCT, N-Char or broadcast code is received from the Encoding Layer, move to the ErrorReset state. 6.When LinkStart is asserted, move to the Started state. 7.When AutoStart is asserted and gotNull is asserted, move to the Started state",G((LinkDisabled) -> X (ErrorReset)) & G((disconnect) -> X (ErrorReset)) & G((parity) -> X (ErrorReset)) & G((ESC_Error) -> (ErrorReset)) & G(((FCT_received) & (NChar_received) & (broadcast_received)) -> X(ErrorReset)) & G((LinkStart_asserted) -> X(Started_state)) & G(((AutoStart_asserted) & (gotNull_asserted)) -> X(Started_state)),G(Ready_state -> ((LinkDisabled | disconnect | parity | ESC_Error | CT_received | NChar_received | broadcast_received) -> X ErrorReset) & (LinkStart_asserted -> X Started_state) & (AutoStart_asserted & gotNull_asserted -> X Started_state)),False
BASIC,16,"The Link state machine shall leave the Ready state on one of the following conditions: 1.When LinkDisabled is asserted, move to the ErrorReset state. 2.When a disconnect occurs, move to the ErrorReset state. 3.When a parity error occurs, move to the ErrorReset state. 4.When an ESC error occurs, move to the ErrorReset state. 5.When an FCT, N-Char or broadcast code is received from the Encoding Layer, move to the ErrorReset state. 6.When LinkStart is asserted, move to the Started state. 7.When AutoStart is asserted and gotNull is asserted, move to the Started state",G((LinkDisabled) -> X (ErrorReset)) & G((disconnect) -> X (ErrorReset)) & G((parity) -> X (ErrorReset)) & G((ESC_Error) -> (ErrorReset)) & G(((FCT_received) & (NChar_received) & (broadcast_received)) -> X(ErrorReset)) & G((LinkStart_asserted) -> X(Started_state)) & G(((AutoStart_asserted) & (gotNull_asserted)) -> X(Started_state)),G(Ready_state -> ((LinkDisabled | disconnect | parity | ESC_Error | CT_received | NChar_received | broadcast_received) -> X ErrorReset) & (LinkStart_asserted -> X Started_state) & (AutoStart_asserted & gotNull_asserted -> X Started_state)),False
BASIC,16,"The Link state machine shall leave the Ready state on one of the following conditions: 1.When LinkDisabled is asserted, move to the ErrorReset state. 2.When a disconnect occurs, move to the ErrorReset state. 3.When a parity error occurs, move to the ErrorReset state. 4.When an ESC error occurs, move to the ErrorReset state. 5.When an FCT, N-Char or broadcast code is received from the Encoding Layer, move to the ErrorReset state. 6.When LinkStart is asserted, move to the Started state. 7.When AutoStart is asserted and gotNull is asserted, move to the Started state",G((LinkDisabled) -> X (ErrorReset)) & G((disconnect) -> X (ErrorReset)) & G((parity) -> X (ErrorReset)) & G((ESC_Error) -> (ErrorReset)) & G(((FCT_received) & (NChar_received) & (broadcast_received)) -> X(ErrorReset)) & G((LinkStart_asserted) -> X(Started_state)) & G(((AutoStart_asserted) & (gotNull_asserted)) -> X(Started_state)),G(Ready_state -> (LinkDisabled -> X ErrorReset) & (disconnect -> X ErrorReset) & (parity -> X ErrorReset) & (ESC_Error -> X ErrorReset) & (CT_received | NChar_received | broadcast_received) -> X ErrorReset) & (LinkStart_asserted -> X Started,None
BASIC,16,"The Link state machine shall leave the Ready state on one of the following conditions: 1.When LinkDisabled is asserted, move to the ErrorReset state. 2.When a disconnect occurs, move to the ErrorReset state. 3.When a parity error occurs, move to the ErrorReset state. 4.When an ESC error occurs, move to the ErrorReset state. 5.When an FCT, N-Char or broadcast code is received from the Encoding Layer, move to the ErrorReset state. 6.When LinkStart is asserted, move to the Started state. 7.When AutoStart is asserted and gotNull is asserted, move to the Started state",G((LinkDisabled) -> X (ErrorReset)) & G((disconnect) -> X (ErrorReset)) & G((parity) -> X (ErrorReset)) & G((ESC_Error) -> (ErrorReset)) & G(((FCT_received) & (NChar_received) & (broadcast_received)) -> X(ErrorReset)) & G((LinkStart_asserted) -> X(Started_state)) & G(((AutoStart_asserted) & (gotNull_asserted)) -> X(Started_state)),G(Ready_state -> ((LinkDisabled | disconnect | parity | ESC_Error | CT_received | NChar_received | broadcast_received) -> X ErrorReset) & (LinkStart_asserted -> X Started_state) & (AutoStart_asserted & gotNull_asserted -> X Started_state)),False
BASIC,16,"The Link state machine shall leave the Ready state on one of the following conditions: 1.When LinkDisabled is asserted, move to the ErrorReset state. 2.When a disconnect occurs, move to the ErrorReset state. 3.When a parity error occurs, move to the ErrorReset state. 4.When an ESC error occurs, move to the ErrorReset state. 5.When an FCT, N-Char or broadcast code is received from the Encoding Layer, move to the ErrorReset state. 6.When LinkStart is asserted, move to the Started state. 7.When AutoStart is asserted and gotNull is asserted, move to the Started state",G((LinkDisabled) -> X (ErrorReset)) & G((disconnect) -> X (ErrorReset)) & G((parity) -> X (ErrorReset)) & G((ESC_Error) -> (ErrorReset)) & G(((FCT_received) & (NChar_received) & (broadcast_received)) -> X(ErrorReset)) & G((LinkStart_asserted) -> X(Started_state)) & G(((AutoStart_asserted) & (gotNull_asserted)) -> X(Started_state)),G(Ready_state -> ((LinkDisabled | disconnect | parity | ESC_Error | CT_received | NChar_received | broadcast_received) -> X ErrorReset) & (LinkStart_asserted -> X Started_state) & (AutoStart_asserted & gotNull_asserted -> X Started_state)),False
BASIC,16,"The Link state machine shall leave the Ready state on one of the following conditions: 1.When LinkDisabled is asserted, move to the ErrorReset state. 2.When a disconnect occurs, move to the ErrorReset state. 3.When a parity error occurs, move to the ErrorReset state. 4.When an ESC error occurs, move to the ErrorReset state. 5.When an FCT, N-Char or broadcast code is received from the Encoding Layer, move to the ErrorReset state. 6.When LinkStart is asserted, move to the Started state. 7.When AutoStart is asserted and gotNull is asserted, move to the Started state",G((LinkDisabled) -> X (ErrorReset)) & G((disconnect) -> X (ErrorReset)) & G((parity) -> X (ErrorReset)) & G((ESC_Error) -> (ErrorReset)) & G(((FCT_received) & (NChar_received) & (broadcast_received)) -> X(ErrorReset)) & G((LinkStart_asserted) -> X(Started_state)) & G(((AutoStart_asserted) & (gotNull_asserted)) -> X(Started_state)),G(Ready_state -> (LinkDisabled -> X ErrorReset) & (disconnect -> X ErrorReset) & (parity -> X ErrorReset) & (ESC_Error -> X ErrorReset) & (CT_received | NChar_received | broadcast_received) -> X ErrorReset) & (LinkStart_asserted -> X Started,None
BASIC,16,"The Link state machine shall leave the Ready state on one of the following conditions: 1.When LinkDisabled is asserted, move to the ErrorReset state. 2.When a disconnect occurs, move to the ErrorReset state. 3.When a parity error occurs, move to the ErrorReset state. 4.When an ESC error occurs, move to the ErrorReset state. 5.When an FCT, N-Char or broadcast code is received from the Encoding Layer, move to the ErrorReset state. 6.When LinkStart is asserted, move to the Started state. 7.When AutoStart is asserted and gotNull is asserted, move to the Started state",G((LinkDisabled) -> X (ErrorReset)) & G((disconnect) -> X (ErrorReset)) & G((parity) -> X (ErrorReset)) & G((ESC_Error) -> (ErrorReset)) & G(((FCT_received) & (NChar_received) & (broadcast_received)) -> X(ErrorReset)) & G((LinkStart_asserted) -> X(Started_state)) & G(((AutoStart_asserted) & (gotNull_asserted)) -> X(Started_state)),G(Ready_state -> ((LinkDisabled | disconnect | parity | ESC_Error | CT_received | NChar_received | broadcast_received) -> X ErrorReset) & (LinkStart_asserted -> X Started_state) & (AutoStart_asserted & gotNull_asserted -> X Started_state)),False
BASIC,16,"The Link state machine shall leave the Ready state on one of the following conditions: 1.When LinkDisabled is asserted, move to the ErrorReset state. 2.When a disconnect occurs, move to the ErrorReset state. 3.When a parity error occurs, move to the ErrorReset state. 4.When an ESC error occurs, move to the ErrorReset state. 5.When an FCT, N-Char or broadcast code is received from the Encoding Layer, move to the ErrorReset state. 6.When LinkStart is asserted, move to the Started state. 7.When AutoStart is asserted and gotNull is asserted, move to the Started state",G((LinkDisabled) -> X (ErrorReset)) & G((disconnect) -> X (ErrorReset)) & G((parity) -> X (ErrorReset)) & G((ESC_Error) -> (ErrorReset)) & G(((FCT_received) & (NChar_received) & (broadcast_received)) -> X(ErrorReset)) & G((LinkStart_asserted) -> X(Started_state)) & G(((AutoStart_asserted) & (gotNull_asserted)) -> X(Started_state)),G(Ready_state -> ((LinkDisabled | disconnect | parity | ESC_Error | CT_received | NChar_received | broadcast_received) -> X ErrorReset) & (LinkStart_asserted -> X Started_state) & (AutoStart_asserted & gotNull_asserted -> X Started_state)),False
BASIC,16,"The Link state machine shall leave the Ready state on one of the following conditions: 1.When LinkDisabled is asserted, move to the ErrorReset state. 2.When a disconnect occurs, move to the ErrorReset state. 3.When a parity error occurs, move to the ErrorReset state. 4.When an ESC error occurs, move to the ErrorReset state. 5.When an FCT, N-Char or broadcast code is received from the Encoding Layer, move to the ErrorReset state. 6.When LinkStart is asserted, move to the Started state. 7.When AutoStart is asserted and gotNull is asserted, move to the Started state",G((LinkDisabled) -> X (ErrorReset)) & G((disconnect) -> X (ErrorReset)) & G((parity) -> X (ErrorReset)) & G((ESC_Error) -> (ErrorReset)) & G(((FCT_received) & (NChar_received) & (broadcast_received)) -> X(ErrorReset)) & G((LinkStart_asserted) -> X(Started_state)) & G(((AutoStart_asserted) & (gotNull_asserted)) -> X(Started_state)),G(Ready_state -> ((LinkDisabled | disconnect | parity | ESC_Error | CT_received | NChar_received | broadcast_received) -> X ErrorReset) & (LinkStart_asserted -> X Started_state) & (AutoStart_asserted & gotNull_asserted -> X Started_state)),False
BASIC,16,"The Link state machine shall leave the Ready state on one of the following conditions: 1.When LinkDisabled is asserted, move to the ErrorReset state. 2.When a disconnect occurs, move to the ErrorReset state. 3.When a parity error occurs, move to the ErrorReset state. 4.When an ESC error occurs, move to the ErrorReset state. 5.When an FCT, N-Char or broadcast code is received from the Encoding Layer, move to the ErrorReset state. 6.When LinkStart is asserted, move to the Started state. 7.When AutoStart is asserted and gotNull is asserted, move to the Started state",G((LinkDisabled) -> X (ErrorReset)) & G((disconnect) -> X (ErrorReset)) & G((parity) -> X (ErrorReset)) & G((ESC_Error) -> (ErrorReset)) & G(((FCT_received) & (NChar_received) & (broadcast_received)) -> X(ErrorReset)) & G((LinkStart_asserted) -> X(Started_state)) & G(((AutoStart_asserted) & (gotNull_asserted)) -> X(Started_state)),G(Ready_state -> ((LinkDisabled | disconnect | parity | ESC_Error | CT_received | NChar_received | broadcast_received) -> X ErrorReset) & (LinkStart_asserted -> X Started_state) & (AutoStart_asserted & gotNull_asserted -> X Started_state)),False
BASIC,16,"The Link state machine shall leave the Ready state on one of the following conditions: 1.When LinkDisabled is asserted, move to the ErrorReset state. 2.When a disconnect occurs, move to the ErrorReset state. 3.When a parity error occurs, move to the ErrorReset state. 4.When an ESC error occurs, move to the ErrorReset state. 5.When an FCT, N-Char or broadcast code is received from the Encoding Layer, move to the ErrorReset state. 6.When LinkStart is asserted, move to the Started state. 7.When AutoStart is asserted and gotNull is asserted, move to the Started state",G((LinkDisabled) -> X (ErrorReset)) & G((disconnect) -> X (ErrorReset)) & G((parity) -> X (ErrorReset)) & G((ESC_Error) -> (ErrorReset)) & G(((FCT_received) & (NChar_received) & (broadcast_received)) -> X(ErrorReset)) & G((LinkStart_asserted) -> X(Started_state)) & G(((AutoStart_asserted) & (gotNull_asserted)) -> X(Started_state)),G(Ready_state -> ((LinkDisabled | disconnect | parity | ESC_Error | CT_received | NChar_received | broadcast_received) -> X ErrorReset) & (LinkStart_asserted -> X Started_state) & (AutoStart_asserted & gotNull_asserted -> X Started_state)),False
BASIC,16,"The Link state machine shall leave the Ready state on one of the following conditions: 1.When LinkDisabled is asserted, move to the ErrorReset state. 2.When a disconnect occurs, move to the ErrorReset state. 3.When a parity error occurs, move to the ErrorReset state. 4.When an ESC error occurs, move to the ErrorReset state. 5.When an FCT, N-Char or broadcast code is received from the Encoding Layer, move to the ErrorReset state. 6.When LinkStart is asserted, move to the Started state. 7.When AutoStart is asserted and gotNull is asserted, move to the Started state",G((LinkDisabled) -> X (ErrorReset)) & G((disconnect) -> X (ErrorReset)) & G((parity) -> X (ErrorReset)) & G((ESC_Error) -> (ErrorReset)) & G(((FCT_received) & (NChar_received) & (broadcast_received)) -> X(ErrorReset)) & G((LinkStart_asserted) -> X(Started_state)) & G(((AutoStart_asserted) & (gotNull_asserted)) -> X(Started_state)),G(Ready_state -> ((LinkDisabled | disconnect | parity | ESC_Error | CT_received | NChar_received | broadcast_received) -> X ErrorReset) & (LinkStart_asserted -> X Started_state) & (AutoStart_asserted & gotNull_asserted -> X Started_state)),False
BASIC,16,"The Link state machine shall leave the Ready state on one of the following conditions: 1.When LinkDisabled is asserted, move to the ErrorReset state. 2.When a disconnect occurs, move to the ErrorReset state. 3.When a parity error occurs, move to the ErrorReset state. 4.When an ESC error occurs, move to the ErrorReset state. 5.When an FCT, N-Char or broadcast code is received from the Encoding Layer, move to the ErrorReset state. 6.When LinkStart is asserted, move to the Started state. 7.When AutoStart is asserted and gotNull is asserted, move to the Started state",G((LinkDisabled) -> X (ErrorReset)) & G((disconnect) -> X (ErrorReset)) & G((parity) -> X (ErrorReset)) & G((ESC_Error) -> (ErrorReset)) & G(((FCT_received) & (NChar_received) & (broadcast_received)) -> X(ErrorReset)) & G((LinkStart_asserted) -> X(Started_state)) & G(((AutoStart_asserted) & (gotNull_asserted)) -> X(Started_state)),G(Ready_state -> (LinkDisabled -> X ErrorReset) & (disconnect -> X ErrorReset) & (parity -> X ErrorReset) & (ESC_Error -> X ErrorReset) & ((CT_received | NChar_received | broadcast_received) -> X ErrorReset) & (LinkStart_asserted -> X Started,None
BASIC,16,"The Link state machine shall leave the Ready state on one of the following conditions: 1.When LinkDisabled is asserted, move to the ErrorReset state. 2.When a disconnect occurs, move to the ErrorReset state. 3.When a parity error occurs, move to the ErrorReset state. 4.When an ESC error occurs, move to the ErrorReset state. 5.When an FCT, N-Char or broadcast code is received from the Encoding Layer, move to the ErrorReset state. 6.When LinkStart is asserted, move to the Started state. 7.When AutoStart is asserted and gotNull is asserted, move to the Started state",G((LinkDisabled) -> X (ErrorReset)) & G((disconnect) -> X (ErrorReset)) & G((parity) -> X (ErrorReset)) & G((ESC_Error) -> (ErrorReset)) & G(((FCT_received) & (NChar_received) & (broadcast_received)) -> X(ErrorReset)) & G((LinkStart_asserted) -> X(Started_state)) & G(((AutoStart_asserted) & (gotNull_asserted)) -> X(Started_state)),G(Ready_state -> ((LinkDisabled | disconnect | parity | ESC_Error | CT_received | NChar_received | broadcast_received) -> X ErrorReset) & (LinkStart_asserted -> X Started_state) & (AutoStart_asserted & gotNull_asserted -> X Started_state)),False
BASIC,16,"The Link state machine shall leave the Ready state on one of the following conditions: 1.When LinkDisabled is asserted, move to the ErrorReset state. 2.When a disconnect occurs, move to the ErrorReset state. 3.When a parity error occurs, move to the ErrorReset state. 4.When an ESC error occurs, move to the ErrorReset state. 5.When an FCT, N-Char or broadcast code is received from the Encoding Layer, move to the ErrorReset state. 6.When LinkStart is asserted, move to the Started state. 7.When AutoStart is asserted and gotNull is asserted, move to the Started state",G((LinkDisabled) -> X (ErrorReset)) & G((disconnect) -> X (ErrorReset)) & G((parity) -> X (ErrorReset)) & G((ESC_Error) -> (ErrorReset)) & G(((FCT_received) & (NChar_received) & (broadcast_received)) -> X(ErrorReset)) & G((LinkStart_asserted) -> X(Started_state)) & G(((AutoStart_asserted) & (gotNull_asserted)) -> X(Started_state)),G(Ready_state -> ((LinkDisabled | disconnect | parity | ESC_Error | CT_received | NChar_received | broadcast_received) -> X ErrorReset) & (LinkStart_asserted -> X Started_state) & (AutoStart_asserted & gotNull_asserted -> X Started_state)),False
BASIC,16,"The Link state machine shall leave the Ready state on one of the following conditions: 1.When LinkDisabled is asserted, move to the ErrorReset state. 2.When a disconnect occurs, move to the ErrorReset state. 3.When a parity error occurs, move to the ErrorReset state. 4.When an ESC error occurs, move to the ErrorReset state. 5.When an FCT, N-Char or broadcast code is received from the Encoding Layer, move to the ErrorReset state. 6.When LinkStart is asserted, move to the Started state. 7.When AutoStart is asserted and gotNull is asserted, move to the Started state",G((LinkDisabled) -> X (ErrorReset)) & G((disconnect) -> X (ErrorReset)) & G((parity) -> X (ErrorReset)) & G((ESC_Error) -> (ErrorReset)) & G(((FCT_received) & (NChar_received) & (broadcast_received)) -> X(ErrorReset)) & G((LinkStart_asserted) -> X(Started_state)) & G(((AutoStart_asserted) & (gotNull_asserted)) -> X(Started_state)),G(Ready_state -> ( (LinkDisabled | disconnect | parity | ESC_Error | CT_received | NChar_received | broadcast_received) -> X ErrorReset ) & ( LinkStart_asserted -> X Started_state ) & ( (AutoStart_asserted & gotNull_asserted) -> X Started_state ) ),False
BASIC,16,"The Link state machine shall leave the Ready state on one of the following conditions: 1.When LinkDisabled is asserted, move to the ErrorReset state. 2.When a disconnect occurs, move to the ErrorReset state. 3.When a parity error occurs, move to the ErrorReset state. 4.When an ESC error occurs, move to the ErrorReset state. 5.When an FCT, N-Char or broadcast code is received from the Encoding Layer, move to the ErrorReset state. 6.When LinkStart is asserted, move to the Started state. 7.When AutoStart is asserted and gotNull is asserted, move to the Started state",G((LinkDisabled) -> X (ErrorReset)) & G((disconnect) -> X (ErrorReset)) & G((parity) -> X (ErrorReset)) & G((ESC_Error) -> (ErrorReset)) & G(((FCT_received) & (NChar_received) & (broadcast_received)) -> X(ErrorReset)) & G((LinkStart_asserted) -> X(Started_state)) & G(((AutoStart_asserted) & (gotNull_asserted)) -> X(Started_state)),G(Ready_state -> ((LinkDisabled | disconnect | parity | ESC_Error | CT_received | NChar_received | broadcast_received) -> X ErrorReset) & (LinkStart_asserted -> X Started_state) & (AutoStart_asserted & gotNull_asserted -> X Started_state)),False
BASIC,16,"The Link state machine shall leave the Ready state on one of the following conditions: 1.When LinkDisabled is asserted, move to the ErrorReset state. 2.When a disconnect occurs, move to the ErrorReset state. 3.When a parity error occurs, move to the ErrorReset state. 4.When an ESC error occurs, move to the ErrorReset state. 5.When an FCT, N-Char or broadcast code is received from the Encoding Layer, move to the ErrorReset state. 6.When LinkStart is asserted, move to the Started state. 7.When AutoStart is asserted and gotNull is asserted, move to the Started state",G((LinkDisabled) -> X (ErrorReset)) & G((disconnect) -> X (ErrorReset)) & G((parity) -> X (ErrorReset)) & G((ESC_Error) -> (ErrorReset)) & G(((FCT_received) & (NChar_received) & (broadcast_received)) -> X(ErrorReset)) & G((LinkStart_asserted) -> X(Started_state)) & G(((AutoStart_asserted) & (gotNull_asserted)) -> X(Started_state)),G(Ready_state -> ((LinkDisabled | disconnect | parity | ESC_Error | CT_received | NChar_received | broadcast_received) -> X ErrorReset) & (LinkStart_asserted -> X Started_state) & (AutoStart_asserted & gotNull_asserted -> X Started_state)),False
BASIC,16,"The Link state machine shall leave the Ready state on one of the following conditions: 1.When LinkDisabled is asserted, move to the ErrorReset state. 2.When a disconnect occurs, move to the ErrorReset state. 3.When a parity error occurs, move to the ErrorReset state. 4.When an ESC error occurs, move to the ErrorReset state. 5.When an FCT, N-Char or broadcast code is received from the Encoding Layer, move to the ErrorReset state. 6.When LinkStart is asserted, move to the Started state. 7.When AutoStart is asserted and gotNull is asserted, move to the Started state",G((LinkDisabled) -> X (ErrorReset)) & G((disconnect) -> X (ErrorReset)) & G((parity) -> X (ErrorReset)) & G((ESC_Error) -> (ErrorReset)) & G(((FCT_received) & (NChar_received) & (broadcast_received)) -> X(ErrorReset)) & G((LinkStart_asserted) -> X(Started_state)) & G(((AutoStart_asserted) & (gotNull_asserted)) -> X(Started_state)),G(Ready_state -> ((LinkDisabled | disconnect | parity | ESC_Error | CT_received | NChar_received | broadcast_received) -> X ErrorReset) & (LinkStart_asserted -> X Started_state) & (AutoStart_asserted & gotNull_asserted -> X Started_state)),False
BASIC,16,"The Link state machine shall leave the Ready state on one of the following conditions: 1.When LinkDisabled is asserted, move to the ErrorReset state. 2.When a disconnect occurs, move to the ErrorReset state. 3.When a parity error occurs, move to the ErrorReset state. 4.When an ESC error occurs, move to the ErrorReset state. 5.When an FCT, N-Char or broadcast code is received from the Encoding Layer, move to the ErrorReset state. 6.When LinkStart is asserted, move to the Started state. 7.When AutoStart is asserted and gotNull is asserted, move to the Started state",G((LinkDisabled) -> X (ErrorReset)) & G((disconnect) -> X (ErrorReset)) & G((parity) -> X (ErrorReset)) & G((ESC_Error) -> (ErrorReset)) & G(((FCT_received) & (NChar_received) & (broadcast_received)) -> X(ErrorReset)) & G((LinkStart_asserted) -> X(Started_state)) & G(((AutoStart_asserted) & (gotNull_asserted)) -> X(Started_state)),G(Ready_state -> ((LinkDisabled | disconnect | parity | ESC_Error | CT_received | NChar_received | broadcast_received) -> X ErrorReset) & (LinkStart_asserted -> X Started_state) & (AutoStart_asserted & gotNull_asserted -> X Started_state)),False
BASIC,16,"The Link state machine shall leave the Ready state on one of the following conditions: 1.When LinkDisabled is asserted, move to the ErrorReset state. 2.When a disconnect occurs, move to the ErrorReset state. 3.When a parity error occurs, move to the ErrorReset state. 4.When an ESC error occurs, move to the ErrorReset state. 5.When an FCT, N-Char or broadcast code is received from the Encoding Layer, move to the ErrorReset state. 6.When LinkStart is asserted, move to the Started state. 7.When AutoStart is asserted and gotNull is asserted, move to the Started state",G((LinkDisabled) -> X (ErrorReset)) & G((disconnect) -> X (ErrorReset)) & G((parity) -> X (ErrorReset)) & G((ESC_Error) -> (ErrorReset)) & G(((FCT_received) & (NChar_received) & (broadcast_received)) -> X(ErrorReset)) & G((LinkStart_asserted) -> X(Started_state)) & G(((AutoStart_asserted) & (gotNull_asserted)) -> X(Started_state)),G (Ready_state -> ( (LinkDisabled | disconnect | parity | ESC_Error | CT_received | NChar_received | broadcast_received) -> X ErrorReset ) & ( LinkStart_asserted -> X Started_state ) & ( (AutoStart_asserted & gotNull_asserted) -> X Started_state ) ),False
BASIC,16,"The Link state machine shall leave the Ready state on one of the following conditions: 1.When LinkDisabled is asserted, move to the ErrorReset state. 2.When a disconnect occurs, move to the ErrorReset state. 3.When a parity error occurs, move to the ErrorReset state. 4.When an ESC error occurs, move to the ErrorReset state. 5.When an FCT, N-Char or broadcast code is received from the Encoding Layer, move to the ErrorReset state. 6.When LinkStart is asserted, move to the Started state. 7.When AutoStart is asserted and gotNull is asserted, move to the Started state",G((LinkDisabled) -> X (ErrorReset)) & G((disconnect) -> X (ErrorReset)) & G((parity) -> X (ErrorReset)) & G((ESC_Error) -> (ErrorReset)) & G(((FCT_received) & (NChar_received) & (broadcast_received)) -> X(ErrorReset)) & G((LinkStart_asserted) -> X(Started_state)) & G(((AutoStart_asserted) & (gotNull_asserted)) -> X(Started_state)),G(Ready_state -> ((LinkDisabled | disconnect | parity | ESC_Error | CT_received | NChar_received | broadcast_received) -> X ErrorReset) & (LinkStart_asserted -> X Started_state) & (AutoStart_asserted & gotNull_asserted -> X Started_state)),False
BASIC,16,"The Link state machine shall leave the Ready state on one of the following conditions: 1.When LinkDisabled is asserted, move to the ErrorReset state. 2.When a disconnect occurs, move to the ErrorReset state. 3.When a parity error occurs, move to the ErrorReset state. 4.When an ESC error occurs, move to the ErrorReset state. 5.When an FCT, N-Char or broadcast code is received from the Encoding Layer, move to the ErrorReset state. 6.When LinkStart is asserted, move to the Started state. 7.When AutoStart is asserted and gotNull is asserted, move to the Started state",G((LinkDisabled) -> X (ErrorReset)) & G((disconnect) -> X (ErrorReset)) & G((parity) -> X (ErrorReset)) & G((ESC_Error) -> (ErrorReset)) & G(((FCT_received) & (NChar_received) & (broadcast_received)) -> X(ErrorReset)) & G((LinkStart_asserted) -> X(Started_state)) & G(((AutoStart_asserted) & (gotNull_asserted)) -> X(Started_state)),G(Ready_state -> ((LinkDisabled | disconnect | parity | ESC_Error | CT_received | NChar_received | broadcast_received) -> X ErrorReset) & (LinkStart_asserted -> X Started_state) & (AutoStart_asserted & gotNull_asserted -> X Started_state)),False
BASIC,16,"The Link state machine shall leave the Ready state on one of the following conditions: 1.When LinkDisabled is asserted, move to the ErrorReset state. 2.When a disconnect occurs, move to the ErrorReset state. 3.When a parity error occurs, move to the ErrorReset state. 4.When an ESC error occurs, move to the ErrorReset state. 5.When an FCT, N-Char or broadcast code is received from the Encoding Layer, move to the ErrorReset state. 6.When LinkStart is asserted, move to the Started state. 7.When AutoStart is asserted and gotNull is asserted, move to the Started state",G((LinkDisabled) -> X (ErrorReset)) & G((disconnect) -> X (ErrorReset)) & G((parity) -> X (ErrorReset)) & G((ESC_Error) -> (ErrorReset)) & G(((FCT_received) & (NChar_received) & (broadcast_received)) -> X(ErrorReset)) & G((LinkStart_asserted) -> X(Started_state)) & G(((AutoStart_asserted) & (gotNull_asserted)) -> X(Started_state)),G(Ready_state -> ((LinkDisabled | disconnect | parity | ESC_Error | CT_received | NChar_received | broadcast_received) -> X ErrorReset) & (LinkStart_asserted -> X Started_state) & (AutoStart_asserted & gotNull_asserted -> X Started_state)),False
BASIC,16,"The Link state machine shall leave the Ready state on one of the following conditions: 1.When LinkDisabled is asserted, move to the ErrorReset state. 2.When a disconnect occurs, move to the ErrorReset state. 3.When a parity error occurs, move to the ErrorReset state. 4.When an ESC error occurs, move to the ErrorReset state. 5.When an FCT, N-Char or broadcast code is received from the Encoding Layer, move to the ErrorReset state. 6.When LinkStart is asserted, move to the Started state. 7.When AutoStart is asserted and gotNull is asserted, move to the Started state",G((LinkDisabled) -> X (ErrorReset)) & G((disconnect) -> X (ErrorReset)) & G((parity) -> X (ErrorReset)) & G((ESC_Error) -> (ErrorReset)) & G(((FCT_received) & (NChar_received) & (broadcast_received)) -> X(ErrorReset)) & G((LinkStart_asserted) -> X(Started_state)) & G(((AutoStart_asserted) & (gotNull_asserted)) -> X(Started_state)),G(Ready_state -> ((LinkDisabled | disconnect | parity | ESC_Error | CT_received | NChar_received | broadcast_received) -> X ErrorReset) & (LinkStart_asserted -> X Started_state) & (AutoStart_asserted & gotNull_asserted -> X Started_state)),False
BASIC,16,"The Link state machine shall leave the Ready state on one of the following conditions: 1.When LinkDisabled is asserted, move to the ErrorReset state. 2.When a disconnect occurs, move to the ErrorReset state. 3.When a parity error occurs, move to the ErrorReset state. 4.When an ESC error occurs, move to the ErrorReset state. 5.When an FCT, N-Char or broadcast code is received from the Encoding Layer, move to the ErrorReset state. 6.When LinkStart is asserted, move to the Started state. 7.When AutoStart is asserted and gotNull is asserted, move to the Started state",G((LinkDisabled) -> X (ErrorReset)) & G((disconnect) -> X (ErrorReset)) & G((parity) -> X (ErrorReset)) & G((ESC_Error) -> (ErrorReset)) & G(((FCT_received) & (NChar_received) & (broadcast_received)) -> X(ErrorReset)) & G((LinkStart_asserted) -> X(Started_state)) & G(((AutoStart_asserted) & (gotNull_asserted)) -> X(Started_state)),G(Ready_state -> (LinkDisabled -> X ErrorReset) & (disconnect -> X ErrorReset) & (parity -> X ErrorReset) & (ESC_Error -> X ErrorReset) & ((CT_received | NChar_received | broadcast_received) -> X ErrorReset) & (LinkStart_asserted -> X Started,None
BASIC,16,"The Link state machine shall leave the Ready state on one of the following conditions: 1.When LinkDisabled is asserted, move to the ErrorReset state. 2.When a disconnect occurs, move to the ErrorReset state. 3.When a parity error occurs, move to the ErrorReset state. 4.When an ESC error occurs, move to the ErrorReset state. 5.When an FCT, N-Char or broadcast code is received from the Encoding Layer, move to the ErrorReset state. 6.When LinkStart is asserted, move to the Started state. 7.When AutoStart is asserted and gotNull is asserted, move to the Started state",G((LinkDisabled) -> X (ErrorReset)) & G((disconnect) -> X (ErrorReset)) & G((parity) -> X (ErrorReset)) & G((ESC_Error) -> (ErrorReset)) & G(((FCT_received) & (NChar_received) & (broadcast_received)) -> X(ErrorReset)) & G((LinkStart_asserted) -> X(Started_state)) & G(((AutoStart_asserted) & (gotNull_asserted)) -> X(Started_state)),G(Ready_state -> ((LinkDisabled | disconnect | parity | ESC_Error | CT_received | NChar_received | broadcast_received) -> X ErrorReset) & (LinkStart_asserted -> X Started_state) & (AutoStart_asserted & gotNull_asserted -> X Started_state)),False
BASIC,16,"The Link state machine shall leave the Ready state on one of the following conditions: 1.When LinkDisabled is asserted, move to the ErrorReset state. 2.When a disconnect occurs, move to the ErrorReset state. 3.When a parity error occurs, move to the ErrorReset state. 4.When an ESC error occurs, move to the ErrorReset state. 5.When an FCT, N-Char or broadcast code is received from the Encoding Layer, move to the ErrorReset state. 6.When LinkStart is asserted, move to the Started state. 7.When AutoStart is asserted and gotNull is asserted, move to the Started state",G((LinkDisabled) -> X (ErrorReset)) & G((disconnect) -> X (ErrorReset)) & G((parity) -> X (ErrorReset)) & G((ESC_Error) -> (ErrorReset)) & G(((FCT_received) & (NChar_received) & (broadcast_received)) -> X(ErrorReset)) & G((LinkStart_asserted) -> X(Started_state)) & G(((AutoStart_asserted) & (gotNull_asserted)) -> X(Started_state)),G(Ready_state -> ((LinkDisabled | disconnect | parity | ESC_Error | CT_received | NChar_received | broadcast_received) -> X ErrorReset) & (LinkStart_asserted -> X Started_state) & (AutoStart_asserted & gotNull_asserted -> X Started_state)),False
BASIC,16,"The Link state machine shall leave the Ready state on one of the following conditions: 1.When LinkDisabled is asserted, move to the ErrorReset state. 2.When a disconnect occurs, move to the ErrorReset state. 3.When a parity error occurs, move to the ErrorReset state. 4.When an ESC error occurs, move to the ErrorReset state. 5.When an FCT, N-Char or broadcast code is received from the Encoding Layer, move to the ErrorReset state. 6.When LinkStart is asserted, move to the Started state. 7.When AutoStart is asserted and gotNull is asserted, move to the Started state",G((LinkDisabled) -> X (ErrorReset)) & G((disconnect) -> X (ErrorReset)) & G((parity) -> X (ErrorReset)) & G((ESC_Error) -> (ErrorReset)) & G(((FCT_received) & (NChar_received) & (broadcast_received)) -> X(ErrorReset)) & G((LinkStart_asserted) -> X(Started_state)) & G(((AutoStart_asserted) & (gotNull_asserted)) -> X(Started_state)),G(Ready_state -> ((LinkDisabled | disconnect | parity | ESC_Error | CT_received | NChar_received | broadcast_received) -> X ErrorReset) & (LinkStart_asserted -> X Started_state) & (AutoStart_asserted & gotNull_asserted -> X Started_state)),False
BASIC,16,"The Link state machine shall leave the Ready state on one of the following conditions: 1.When LinkDisabled is asserted, move to the ErrorReset state. 2.When a disconnect occurs, move to the ErrorReset state. 3.When a parity error occurs, move to the ErrorReset state. 4.When an ESC error occurs, move to the ErrorReset state. 5.When an FCT, N-Char or broadcast code is received from the Encoding Layer, move to the ErrorReset state. 6.When LinkStart is asserted, move to the Started state. 7.When AutoStart is asserted and gotNull is asserted, move to the Started state",G((LinkDisabled) -> X (ErrorReset)) & G((disconnect) -> X (ErrorReset)) & G((parity) -> X (ErrorReset)) & G((ESC_Error) -> (ErrorReset)) & G(((FCT_received) & (NChar_received) & (broadcast_received)) -> X(ErrorReset)) & G((LinkStart_asserted) -> X(Started_state)) & G(((AutoStart_asserted) & (gotNull_asserted)) -> X(Started_state)),G(Ready_state -> ((LinkDisabled | disconnect | parity | ESC_Error | CT_received | NChar_received | broadcast_received) -> X ErrorReset) & (LinkStart_asserted -> X Started_state) & (AutoStart_asserted & gotNull_asserted -> X Started_state)),False
BASIC,16,"The Link state machine shall leave the Ready state on one of the following conditions: 1.When LinkDisabled is asserted, move to the ErrorReset state. 2.When a disconnect occurs, move to the ErrorReset state. 3.When a parity error occurs, move to the ErrorReset state. 4.When an ESC error occurs, move to the ErrorReset state. 5.When an FCT, N-Char or broadcast code is received from the Encoding Layer, move to the ErrorReset state. 6.When LinkStart is asserted, move to the Started state. 7.When AutoStart is asserted and gotNull is asserted, move to the Started state",G((LinkDisabled) -> X (ErrorReset)) & G((disconnect) -> X (ErrorReset)) & G((parity) -> X (ErrorReset)) & G((ESC_Error) -> (ErrorReset)) & G(((FCT_received) & (NChar_received) & (broadcast_received)) -> X(ErrorReset)) & G((LinkStart_asserted) -> X(Started_state)) & G(((AutoStart_asserted) & (gotNull_asserted)) -> X(Started_state)),G(Ready_state -> ((LinkDisabled | disconnect | parity | ESC_Error | CT_received | NChar_received | broadcast_received) -> X ErrorReset) & (LinkStart_asserted -> X Started_state) & (AutoStart_asserted & gotNull_asserted -> X Started_state)),False
BASIC,16,"The Link state machine shall leave the Ready state on one of the following conditions: 1.When LinkDisabled is asserted, move to the ErrorReset state. 2.When a disconnect occurs, move to the ErrorReset state. 3.When a parity error occurs, move to the ErrorReset state. 4.When an ESC error occurs, move to the ErrorReset state. 5.When an FCT, N-Char or broadcast code is received from the Encoding Layer, move to the ErrorReset state. 6.When LinkStart is asserted, move to the Started state. 7.When AutoStart is asserted and gotNull is asserted, move to the Started state",G((LinkDisabled) -> X (ErrorReset)) & G((disconnect) -> X (ErrorReset)) & G((parity) -> X (ErrorReset)) & G((ESC_Error) -> (ErrorReset)) & G(((FCT_received) & (NChar_received) & (broadcast_received)) -> X(ErrorReset)) & G((LinkStart_asserted) -> X(Started_state)) & G(((AutoStart_asserted) & (gotNull_asserted)) -> X(Started_state)),G(Ready_state -> (LinkDisabled -> X ErrorReset) & (disconnect -> X ErrorReset) & (parity -> X ErrorReset) & (ESC_Error -> X ErrorReset) & ((CT_received | NChar_received | broadcast_received) -> X ErrorReset) & (LinkStart_asserted -> X Started,None
BASIC,16,"The Link state machine shall leave the Ready state on one of the following conditions: 1.When LinkDisabled is asserted, move to the ErrorReset state. 2.When a disconnect occurs, move to the ErrorReset state. 3.When a parity error occurs, move to the ErrorReset state. 4.When an ESC error occurs, move to the ErrorReset state. 5.When an FCT, N-Char or broadcast code is received from the Encoding Layer, move to the ErrorReset state. 6.When LinkStart is asserted, move to the Started state. 7.When AutoStart is asserted and gotNull is asserted, move to the Started state",G((LinkDisabled) -> X (ErrorReset)) & G((disconnect) -> X (ErrorReset)) & G((parity) -> X (ErrorReset)) & G((ESC_Error) -> (ErrorReset)) & G(((FCT_received) & (NChar_received) & (broadcast_received)) -> X(ErrorReset)) & G((LinkStart_asserted) -> X(Started_state)) & G(((AutoStart_asserted) & (gotNull_asserted)) -> X(Started_state)),G(Ready_state -> ((LinkDisabled | disconnect | parity | ESC_Error | CT_received | NChar_received | broadcast_received) -> X ErrorReset) & (LinkStart_asserted -> X Started_state) & (AutoStart_asserted & gotNull_asserted -> X Started_state)),False
BASIC,16,"The Link state machine shall leave the Ready state on one of the following conditions: 1.When LinkDisabled is asserted, move to the ErrorReset state. 2.When a disconnect occurs, move to the ErrorReset state. 3.When a parity error occurs, move to the ErrorReset state. 4.When an ESC error occurs, move to the ErrorReset state. 5.When an FCT, N-Char or broadcast code is received from the Encoding Layer, move to the ErrorReset state. 6.When LinkStart is asserted, move to the Started state. 7.When AutoStart is asserted and gotNull is asserted, move to the Started state",G((LinkDisabled) -> X (ErrorReset)) & G((disconnect) -> X (ErrorReset)) & G((parity) -> X (ErrorReset)) & G((ESC_Error) -> (ErrorReset)) & G(((FCT_received) & (NChar_received) & (broadcast_received)) -> X(ErrorReset)) & G((LinkStart_asserted) -> X(Started_state)) & G(((AutoStart_asserted) & (gotNull_asserted)) -> X(Started_state)),G(Ready_state -> (LinkDisabled -> X ErrorReset) & (disconnect -> X ErrorReset) & (parity -> X ErrorReset) & (ESC_Error -> X ErrorReset) & ((CT_received | NChar_received | broadcast_received) -> X ErrorReset) & (LinkStart_asserted -> X Started,None
BASIC,16,"The Link state machine shall leave the Ready state on one of the following conditions: 1.When LinkDisabled is asserted, move to the ErrorReset state. 2.When a disconnect occurs, move to the ErrorReset state. 3.When a parity error occurs, move to the ErrorReset state. 4.When an ESC error occurs, move to the ErrorReset state. 5.When an FCT, N-Char or broadcast code is received from the Encoding Layer, move to the ErrorReset state. 6.When LinkStart is asserted, move to the Started state. 7.When AutoStart is asserted and gotNull is asserted, move to the Started state",G((LinkDisabled) -> X (ErrorReset)) & G((disconnect) -> X (ErrorReset)) & G((parity) -> X (ErrorReset)) & G((ESC_Error) -> (ErrorReset)) & G(((FCT_received) & (NChar_received) & (broadcast_received)) -> X(ErrorReset)) & G((LinkStart_asserted) -> X(Started_state)) & G(((AutoStart_asserted) & (gotNull_asserted)) -> X(Started_state)),G(Ready_state -> ((LinkDisabled | disconnect | parity | ESC_Error | CT_received | NChar_received | broadcast_received) -> X ErrorReset) & (LinkStart_asserted -> X Started_state) & (AutoStart_asserted & gotNull_asserted -> X Started_state)),False
BASIC,16,"The Link state machine shall leave the Ready state on one of the following conditions: 1.When LinkDisabled is asserted, move to the ErrorReset state. 2.When a disconnect occurs, move to the ErrorReset state. 3.When a parity error occurs, move to the ErrorReset state. 4.When an ESC error occurs, move to the ErrorReset state. 5.When an FCT, N-Char or broadcast code is received from the Encoding Layer, move to the ErrorReset state. 6.When LinkStart is asserted, move to the Started state. 7.When AutoStart is asserted and gotNull is asserted, move to the Started state",G((LinkDisabled) -> X (ErrorReset)) & G((disconnect) -> X (ErrorReset)) & G((parity) -> X (ErrorReset)) & G((ESC_Error) -> (ErrorReset)) & G(((FCT_received) & (NChar_received) & (broadcast_received)) -> X(ErrorReset)) & G((LinkStart_asserted) -> X(Started_state)) & G(((AutoStart_asserted) & (gotNull_asserted)) -> X(Started_state)),G(Ready_state -> ((LinkDisabled | disconnect | parity | ESC_Error | CT_received | NChar_received | broadcast_received) -> X ErrorReset) & (LinkStart_asserted -> X Started_state) & (AutoStart_asserted & gotNull_asserted -> X Started_state)),False
BASIC,16,"The Link state machine shall leave the Ready state on one of the following conditions: 1.When LinkDisabled is asserted, move to the ErrorReset state. 2.When a disconnect occurs, move to the ErrorReset state. 3.When a parity error occurs, move to the ErrorReset state. 4.When an ESC error occurs, move to the ErrorReset state. 5.When an FCT, N-Char or broadcast code is received from the Encoding Layer, move to the ErrorReset state. 6.When LinkStart is asserted, move to the Started state. 7.When AutoStart is asserted and gotNull is asserted, move to the Started state",G((LinkDisabled) -> X (ErrorReset)) & G((disconnect) -> X (ErrorReset)) & G((parity) -> X (ErrorReset)) & G((ESC_Error) -> (ErrorReset)) & G(((FCT_received) & (NChar_received) & (broadcast_received)) -> X(ErrorReset)) & G((LinkStart_asserted) -> X(Started_state)) & G(((AutoStart_asserted) & (gotNull_asserted)) -> X(Started_state)),G(Ready_state -> ((LinkDisabled | disconnect | parity | ESC_Error | CT_received | NChar_received | broadcast_received) -> X ErrorReset) & (LinkStart_asserted -> X Started_state) & (AutoStart_asserted & gotNull_asserted -> X Started_state)),False
BASIC,16,"The Link state machine shall leave the Ready state on one of the following conditions: 1.When LinkDisabled is asserted, move to the ErrorReset state. 2.When a disconnect occurs, move to the ErrorReset state. 3.When a parity error occurs, move to the ErrorReset state. 4.When an ESC error occurs, move to the ErrorReset state. 5.When an FCT, N-Char or broadcast code is received from the Encoding Layer, move to the ErrorReset state. 6.When LinkStart is asserted, move to the Started state. 7.When AutoStart is asserted and gotNull is asserted, move to the Started state",G((LinkDisabled) -> X (ErrorReset)) & G((disconnect) -> X (ErrorReset)) & G((parity) -> X (ErrorReset)) & G((ESC_Error) -> (ErrorReset)) & G(((FCT_received) & (NChar_received) & (broadcast_received)) -> X(ErrorReset)) & G((LinkStart_asserted) -> X(Started_state)) & G(((AutoStart_asserted) & (gotNull_asserted)) -> X(Started_state)),G(Ready_state -> ((LinkDisabled | disconnect | parity | ESC_Error | CT_received | NChar_received | broadcast_received) -> X ErrorReset) & (LinkStart_asserted -> X Started_state) & (AutoStart_asserted & gotNull_asserted -> X Started_state)),False
BASIC,16,"The Link state machine shall leave the Ready state on one of the following conditions: 1.When LinkDisabled is asserted, move to the ErrorReset state. 2.When a disconnect occurs, move to the ErrorReset state. 3.When a parity error occurs, move to the ErrorReset state. 4.When an ESC error occurs, move to the ErrorReset state. 5.When an FCT, N-Char or broadcast code is received from the Encoding Layer, move to the ErrorReset state. 6.When LinkStart is asserted, move to the Started state. 7.When AutoStart is asserted and gotNull is asserted, move to the Started state",G((LinkDisabled) -> X (ErrorReset)) & G((disconnect) -> X (ErrorReset)) & G((parity) -> X (ErrorReset)) & G((ESC_Error) -> (ErrorReset)) & G(((FCT_received) & (NChar_received) & (broadcast_received)) -> X(ErrorReset)) & G((LinkStart_asserted) -> X(Started_state)) & G(((AutoStart_asserted) & (gotNull_asserted)) -> X(Started_state)),G(Ready_state -> ((LinkDisabled | disconnect | parity | ESC_Error | CT_received | NChar_received | broadcast_received) -> X ErrorReset) & (LinkStart_asserted -> X Started_state) & (AutoStart_asserted & gotNull_asserted -> X Started_state)),False
BASIC,16,"The Link state machine shall leave the Ready state on one of the following conditions: 1.When LinkDisabled is asserted, move to the ErrorReset state. 2.When a disconnect occurs, move to the ErrorReset state. 3.When a parity error occurs, move to the ErrorReset state. 4.When an ESC error occurs, move to the ErrorReset state. 5.When an FCT, N-Char or broadcast code is received from the Encoding Layer, move to the ErrorReset state. 6.When LinkStart is asserted, move to the Started state. 7.When AutoStart is asserted and gotNull is asserted, move to the Started state",G((LinkDisabled) -> X (ErrorReset)) & G((disconnect) -> X (ErrorReset)) & G((parity) -> X (ErrorReset)) & G((ESC_Error) -> (ErrorReset)) & G(((FCT_received) & (NChar_received) & (broadcast_received)) -> X(ErrorReset)) & G((LinkStart_asserted) -> X(Started_state)) & G(((AutoStart_asserted) & (gotNull_asserted)) -> X(Started_state)),G(Ready_state -> ((LinkDisabled | disconnect | parity | ESC_Error | CT_received | NChar_received | broadcast_received) -> X ErrorReset) & (LinkStart_asserted -> X Started_state) & (AutoStart_asserted & gotNull_asserted -> X Started_state)),False
BASIC,16,"The Link state machine shall leave the Ready state on one of the following conditions: 1.When LinkDisabled is asserted, move to the ErrorReset state. 2.When a disconnect occurs, move to the ErrorReset state. 3.When a parity error occurs, move to the ErrorReset state. 4.When an ESC error occurs, move to the ErrorReset state. 5.When an FCT, N-Char or broadcast code is received from the Encoding Layer, move to the ErrorReset state. 6.When LinkStart is asserted, move to the Started state. 7.When AutoStart is asserted and gotNull is asserted, move to the Started state",G((LinkDisabled) -> X (ErrorReset)) & G((disconnect) -> X (ErrorReset)) & G((parity) -> X (ErrorReset)) & G((ESC_Error) -> (ErrorReset)) & G(((FCT_received) & (NChar_received) & (broadcast_received)) -> X(ErrorReset)) & G((LinkStart_asserted) -> X(Started_state)) & G(((AutoStart_asserted) & (gotNull_asserted)) -> X(Started_state)),G(Ready_state -> (LinkDisabled -> X ErrorReset) & (disconnect -> X ErrorReset) & (parity -> X ErrorReset) & (ESC_Error -> X ErrorReset) & ((CT_received | NChar_received | broadcast_received) -> X ErrorReset) & (LinkStart_asserted -> X Started,None
BASIC,16,"The Link state machine shall leave the Ready state on one of the following conditions: 1.When LinkDisabled is asserted, move to the ErrorReset state. 2.When a disconnect occurs, move to the ErrorReset state. 3.When a parity error occurs, move to the ErrorReset state. 4.When an ESC error occurs, move to the ErrorReset state. 5.When an FCT, N-Char or broadcast code is received from the Encoding Layer, move to the ErrorReset state. 6.When LinkStart is asserted, move to the Started state. 7.When AutoStart is asserted and gotNull is asserted, move to the Started state",G((LinkDisabled) -> X (ErrorReset)) & G((disconnect) -> X (ErrorReset)) & G((parity) -> X (ErrorReset)) & G((ESC_Error) -> (ErrorReset)) & G(((FCT_received) & (NChar_received) & (broadcast_received)) -> X(ErrorReset)) & G((LinkStart_asserted) -> X(Started_state)) & G(((AutoStart_asserted) & (gotNull_asserted)) -> X(Started_state)),G(Ready_state -> ((LinkDisabled | disconnect | parity | ESC_Error | CT_received | NChar_received | broadcast_received) -> X ErrorReset) & (LinkStart_asserted -> X Started_state) & (AutoStart_asserted & gotNull_asserted -> X Started_state)),False
BASIC,16,"The Link state machine shall leave the Ready state on one of the following conditions: 1.When LinkDisabled is asserted, move to the ErrorReset state. 2.When a disconnect occurs, move to the ErrorReset state. 3.When a parity error occurs, move to the ErrorReset state. 4.When an ESC error occurs, move to the ErrorReset state. 5.When an FCT, N-Char or broadcast code is received from the Encoding Layer, move to the ErrorReset state. 6.When LinkStart is asserted, move to the Started state. 7.When AutoStart is asserted and gotNull is asserted, move to the Started state",G((LinkDisabled) -> X (ErrorReset)) & G((disconnect) -> X (ErrorReset)) & G((parity) -> X (ErrorReset)) & G((ESC_Error) -> (ErrorReset)) & G(((FCT_received) & (NChar_received) & (broadcast_received)) -> X(ErrorReset)) & G((LinkStart_asserted) -> X(Started_state)) & G(((AutoStart_asserted) & (gotNull_asserted)) -> X(Started_state)),G(Ready_state -> ((LinkDisabled | disconnect | parity | ESC_Error | CT_received | NChar_received | broadcast_received) -> X ErrorReset) & (LinkStart_asserted -> X Started_state) & (AutoStart_asserted & gotNull_asserted -> X Started_state)),False
BASIC,16,"The Link state machine shall leave the Ready state on one of the following conditions: 1.When LinkDisabled is asserted, move to the ErrorReset state. 2.When a disconnect occurs, move to the ErrorReset state. 3.When a parity error occurs, move to the ErrorReset state. 4.When an ESC error occurs, move to the ErrorReset state. 5.When an FCT, N-Char or broadcast code is received from the Encoding Layer, move to the ErrorReset state. 6.When LinkStart is asserted, move to the Started state. 7.When AutoStart is asserted and gotNull is asserted, move to the Started state",G((LinkDisabled) -> X (ErrorReset)) & G((disconnect) -> X (ErrorReset)) & G((parity) -> X (ErrorReset)) & G((ESC_Error) -> (ErrorReset)) & G(((FCT_received) & (NChar_received) & (broadcast_received)) -> X(ErrorReset)) & G((LinkStart_asserted) -> X(Started_state)) & G(((AutoStart_asserted) & (gotNull_asserted)) -> X(Started_state)),G(Ready_state -> ((LinkDisabled | disconnect | parity | ESC_Error | CT_received | NChar_received | broadcast_received) -> X ErrorReset) & (LinkStart_asserted -> X Started_state) & (AutoStart_asserted & gotNull_asserted -> X Started_state)),False
BASIC,16,"The Link state machine shall leave the Ready state on one of the following conditions: 1.When LinkDisabled is asserted, move to the ErrorReset state. 2.When a disconnect occurs, move to the ErrorReset state. 3.When a parity error occurs, move to the ErrorReset state. 4.When an ESC error occurs, move to the ErrorReset state. 5.When an FCT, N-Char or broadcast code is received from the Encoding Layer, move to the ErrorReset state. 6.When LinkStart is asserted, move to the Started state. 7.When AutoStart is asserted and gotNull is asserted, move to the Started state",G((LinkDisabled) -> X (ErrorReset)) & G((disconnect) -> X (ErrorReset)) & G((parity) -> X (ErrorReset)) & G((ESC_Error) -> (ErrorReset)) & G(((FCT_received) & (NChar_received) & (broadcast_received)) -> X(ErrorReset)) & G((LinkStart_asserted) -> X(Started_state)) & G(((AutoStart_asserted) & (gotNull_asserted)) -> X(Started_state)),G(Ready_state -> ((LinkDisabled | disconnect | parity | ESC_Error | CT_received | NChar_received | broadcast_received) -> X ErrorReset) & (LinkStart_asserted -> X Started_state) & (AutoStart_asserted & gotNull_asserted -> X Started_state)),False
BASIC,16,"The Link state machine shall leave the Ready state on one of the following conditions: 1.When LinkDisabled is asserted, move to the ErrorReset state. 2.When a disconnect occurs, move to the ErrorReset state. 3.When a parity error occurs, move to the ErrorReset state. 4.When an ESC error occurs, move to the ErrorReset state. 5.When an FCT, N-Char or broadcast code is received from the Encoding Layer, move to the ErrorReset state. 6.When LinkStart is asserted, move to the Started state. 7.When AutoStart is asserted and gotNull is asserted, move to the Started state",G((LinkDisabled) -> X (ErrorReset)) & G((disconnect) -> X (ErrorReset)) & G((parity) -> X (ErrorReset)) & G((ESC_Error) -> (ErrorReset)) & G(((FCT_received) & (NChar_received) & (broadcast_received)) -> X(ErrorReset)) & G((LinkStart_asserted) -> X(Started_state)) & G(((AutoStart_asserted) & (gotNull_asserted)) -> X(Started_state)),G(Ready_state -> (LinkDisabled -> X ErrorReset) & (disconnect -> X ErrorReset) & (parity -> X ErrorReset) & (ESC_Error -> X ErrorReset) & ((CT_received | NChar_received | broadcast_received) -> X ErrorReset) & (LinkStart_asserted -> X Started,None
BASIC,16,"The Link state machine shall leave the Ready state on one of the following conditions: 1.When LinkDisabled is asserted, move to the ErrorReset state. 2.When a disconnect occurs, move to the ErrorReset state. 3.When a parity error occurs, move to the ErrorReset state. 4.When an ESC error occurs, move to the ErrorReset state. 5.When an FCT, N-Char or broadcast code is received from the Encoding Layer, move to the ErrorReset state. 6.When LinkStart is asserted, move to the Started state. 7.When AutoStart is asserted and gotNull is asserted, move to the Started state",G((LinkDisabled) -> X (ErrorReset)) & G((disconnect) -> X (ErrorReset)) & G((parity) -> X (ErrorReset)) & G((ESC_Error) -> (ErrorReset)) & G(((FCT_received) & (NChar_received) & (broadcast_received)) -> X(ErrorReset)) & G((LinkStart_asserted) -> X(Started_state)) & G(((AutoStart_asserted) & (gotNull_asserted)) -> X(Started_state)),G(Ready_state -> ((LinkDisabled | disconnect | parity | ESC_Error | CT_received | NChar_received | broadcast_received) -> X ErrorReset) & (LinkStart_asserted -> X Started_state) & (AutoStart_asserted & gotNull_asserted -> X Started_state)),False
BASIC,16,"The Link state machine shall leave the Ready state on one of the following conditions: 1.When LinkDisabled is asserted, move to the ErrorReset state. 2.When a disconnect occurs, move to the ErrorReset state. 3.When a parity error occurs, move to the ErrorReset state. 4.When an ESC error occurs, move to the ErrorReset state. 5.When an FCT, N-Char or broadcast code is received from the Encoding Layer, move to the ErrorReset state. 6.When LinkStart is asserted, move to the Started state. 7.When AutoStart is asserted and gotNull is asserted, move to the Started state",G((LinkDisabled) -> X (ErrorReset)) & G((disconnect) -> X (ErrorReset)) & G((parity) -> X (ErrorReset)) & G((ESC_Error) -> (ErrorReset)) & G(((FCT_received) & (NChar_received) & (broadcast_received)) -> X(ErrorReset)) & G((LinkStart_asserted) -> X(Started_state)) & G(((AutoStart_asserted) & (gotNull_asserted)) -> X(Started_state)),G(Ready_state -> ((LinkDisabled | disconnect | parity | ESC_Error | CT_received | NChar_received | broadcast_received) -> X ErrorReset) & (LinkStart_asserted -> X Started_state) & (AutoStart_asserted & gotNull_asserted -> X Started_state)),False
BASIC,16,"The Link state machine shall leave the Ready state on one of the following conditions: 1.When LinkDisabled is asserted, move to the ErrorReset state. 2.When a disconnect occurs, move to the ErrorReset state. 3.When a parity error occurs, move to the ErrorReset state. 4.When an ESC error occurs, move to the ErrorReset state. 5.When an FCT, N-Char or broadcast code is received from the Encoding Layer, move to the ErrorReset state. 6.When LinkStart is asserted, move to the Started state. 7.When AutoStart is asserted and gotNull is asserted, move to the Started state",G((LinkDisabled) -> X (ErrorReset)) & G((disconnect) -> X (ErrorReset)) & G((parity) -> X (ErrorReset)) & G((ESC_Error) -> (ErrorReset)) & G(((FCT_received) & (NChar_received) & (broadcast_received)) -> X(ErrorReset)) & G((LinkStart_asserted) -> X(Started_state)) & G(((AutoStart_asserted) & (gotNull_asserted)) -> X(Started_state)),G(Ready_state -> ((LinkDisabled | disconnect | parity | ESC_Error | CT_received | NChar_received | broadcast_received) -> X ErrorReset) & (LinkStart_asserted -> X Started_state) & (AutoStart_asserted & gotNull_asserted -> X Started_state)),False
BASIC,16,"The Link state machine shall leave the Ready state on one of the following conditions: 1.When LinkDisabled is asserted, move to the ErrorReset state. 2.When a disconnect occurs, move to the ErrorReset state. 3.When a parity error occurs, move to the ErrorReset state. 4.When an ESC error occurs, move to the ErrorReset state. 5.When an FCT, N-Char or broadcast code is received from the Encoding Layer, move to the ErrorReset state. 6.When LinkStart is asserted, move to the Started state. 7.When AutoStart is asserted and gotNull is asserted, move to the Started state",G((LinkDisabled) -> X (ErrorReset)) & G((disconnect) -> X (ErrorReset)) & G((parity) -> X (ErrorReset)) & G((ESC_Error) -> (ErrorReset)) & G(((FCT_received) & (NChar_received) & (broadcast_received)) -> X(ErrorReset)) & G((LinkStart_asserted) -> X(Started_state)) & G(((AutoStart_asserted) & (gotNull_asserted)) -> X(Started_state)),G(Ready_state -> ((LinkDisabled | disconnect | parity | ESC_Error | CT_received | NChar_received | broadcast_received) -> X ErrorReset) & (LinkStart_asserted -> X Started_state) & (AutoStart_asserted & gotNull_asserted -> X Started_state)),False
BASIC,16,"The Link state machine shall leave the Ready state on one of the following conditions: 1.When LinkDisabled is asserted, move to the ErrorReset state. 2.When a disconnect occurs, move to the ErrorReset state. 3.When a parity error occurs, move to the ErrorReset state. 4.When an ESC error occurs, move to the ErrorReset state. 5.When an FCT, N-Char or broadcast code is received from the Encoding Layer, move to the ErrorReset state. 6.When LinkStart is asserted, move to the Started state. 7.When AutoStart is asserted and gotNull is asserted, move to the Started state",G((LinkDisabled) -> X (ErrorReset)) & G((disconnect) -> X (ErrorReset)) & G((parity) -> X (ErrorReset)) & G((ESC_Error) -> (ErrorReset)) & G(((FCT_received) & (NChar_received) & (broadcast_received)) -> X(ErrorReset)) & G((LinkStart_asserted) -> X(Started_state)) & G(((AutoStart_asserted) & (gotNull_asserted)) -> X(Started_state)),G(Ready_state -> (LinkDisabled -> X ErrorReset) & (disconnect -> X ErrorReset) & (parity -> X ErrorReset) & (ESC_Error -> X ErrorReset) & (CT_received | NChar_received | broadcast_received) -> X ErrorReset) & (LinkStart_asserted -> X Started,None
BASIC,16,"The Link state machine shall leave the Ready state on one of the following conditions: 1.When LinkDisabled is asserted, move to the ErrorReset state. 2.When a disconnect occurs, move to the ErrorReset state. 3.When a parity error occurs, move to the ErrorReset state. 4.When an ESC error occurs, move to the ErrorReset state. 5.When an FCT, N-Char or broadcast code is received from the Encoding Layer, move to the ErrorReset state. 6.When LinkStart is asserted, move to the Started state. 7.When AutoStart is asserted and gotNull is asserted, move to the Started state",G((LinkDisabled) -> X (ErrorReset)) & G((disconnect) -> X (ErrorReset)) & G((parity) -> X (ErrorReset)) & G((ESC_Error) -> (ErrorReset)) & G(((FCT_received) & (NChar_received) & (broadcast_received)) -> X(ErrorReset)) & G((LinkStart_asserted) -> X(Started_state)) & G(((AutoStart_asserted) & (gotNull_asserted)) -> X(Started_state)),G(Ready_state -> ((LinkDisabled | disconnect | parity | ESC_Error | CT_received | NChar_received | broadcast_received) -> X ErrorReset) & (LinkStart_asserted -> X Started_state) & (AutoStart_asserted & gotNull_asserted -> X Started_state)),False
BASIC,16,"The Link state machine shall leave the Ready state on one of the following conditions: 1.When LinkDisabled is asserted, move to the ErrorReset state. 2.When a disconnect occurs, move to the ErrorReset state. 3.When a parity error occurs, move to the ErrorReset state. 4.When an ESC error occurs, move to the ErrorReset state. 5.When an FCT, N-Char or broadcast code is received from the Encoding Layer, move to the ErrorReset state. 6.When LinkStart is asserted, move to the Started state. 7.When AutoStart is asserted and gotNull is asserted, move to the Started state",G((LinkDisabled) -> X (ErrorReset)) & G((disconnect) -> X (ErrorReset)) & G((parity) -> X (ErrorReset)) & G((ESC_Error) -> (ErrorReset)) & G(((FCT_received) & (NChar_received) & (broadcast_received)) -> X(ErrorReset)) & G((LinkStart_asserted) -> X(Started_state)) & G(((AutoStart_asserted) & (gotNull_asserted)) -> X(Started_state)),G(Ready_state -> ((LinkDisabled | disconnect | parity | ESC_Error | CT_received | NChar_received | broadcast_received) -> X ErrorReset) & (LinkStart_asserted -> X Started_state) & (AutoStart_asserted & gotNull_asserted -> X Started_state)),False
BASIC,16,"The Link state machine shall leave the Ready state on one of the following conditions: 1.When LinkDisabled is asserted, move to the ErrorReset state. 2.When a disconnect occurs, move to the ErrorReset state. 3.When a parity error occurs, move to the ErrorReset state. 4.When an ESC error occurs, move to the ErrorReset state. 5.When an FCT, N-Char or broadcast code is received from the Encoding Layer, move to the ErrorReset state. 6.When LinkStart is asserted, move to the Started state. 7.When AutoStart is asserted and gotNull is asserted, move to the Started state",G((LinkDisabled) -> X (ErrorReset)) & G((disconnect) -> X (ErrorReset)) & G((parity) -> X (ErrorReset)) & G((ESC_Error) -> (ErrorReset)) & G(((FCT_received) & (NChar_received) & (broadcast_received)) -> X(ErrorReset)) & G((LinkStart_asserted) -> X(Started_state)) & G(((AutoStart_asserted) & (gotNull_asserted)) -> X(Started_state)),G(Ready_state -> ((LinkDisabled | disconnect | parity | ESC_Error | CT_received | NChar_received | broadcast_received) -> X ErrorReset) & (LinkStart_asserted -> X Started_state) & (AutoStart_asserted & gotNull_asserted -> X Started_state)),False
BASIC,16,"The Link state machine shall leave the Ready state on one of the following conditions: 1.When LinkDisabled is asserted, move to the ErrorReset state. 2.When a disconnect occurs, move to the ErrorReset state. 3.When a parity error occurs, move to the ErrorReset state. 4.When an ESC error occurs, move to the ErrorReset state. 5.When an FCT, N-Char or broadcast code is received from the Encoding Layer, move to the ErrorReset state. 6.When LinkStart is asserted, move to the Started state. 7.When AutoStart is asserted and gotNull is asserted, move to the Started state",G((LinkDisabled) -> X (ErrorReset)) & G((disconnect) -> X (ErrorReset)) & G((parity) -> X (ErrorReset)) & G((ESC_Error) -> (ErrorReset)) & G(((FCT_received) & (NChar_received) & (broadcast_received)) -> X(ErrorReset)) & G((LinkStart_asserted) -> X(Started_state)) & G(((AutoStart_asserted) & (gotNull_asserted)) -> X(Started_state)),G(Ready_state -> ((LinkDisabled | disconnect | parity | ESC_Error | CT_received | NChar_received | broadcast_received) -> X ErrorReset) & (LinkStart_asserted -> X Started_state) & (AutoStart_asserted & gotNull_asserted -> X Started_state)),False
BASIC,16,"The Link state machine shall leave the Ready state on one of the following conditions: 1.When LinkDisabled is asserted, move to the ErrorReset state. 2.When a disconnect occurs, move to the ErrorReset state. 3.When a parity error occurs, move to the ErrorReset state. 4.When an ESC error occurs, move to the ErrorReset state. 5.When an FCT, N-Char or broadcast code is received from the Encoding Layer, move to the ErrorReset state. 6.When LinkStart is asserted, move to the Started state. 7.When AutoStart is asserted and gotNull is asserted, move to the Started state",G((LinkDisabled) -> X (ErrorReset)) & G((disconnect) -> X (ErrorReset)) & G((parity) -> X (ErrorReset)) & G((ESC_Error) -> (ErrorReset)) & G(((FCT_received) & (NChar_received) & (broadcast_received)) -> X(ErrorReset)) & G((LinkStart_asserted) -> X(Started_state)) & G(((AutoStart_asserted) & (gotNull_asserted)) -> X(Started_state)),G(Ready_state -> (LinkDisabled -> X ErrorReset) & (disconnect -> X ErrorReset) & (parity -> X ErrorReset) & (ESC_Error -> X ErrorReset) & ((CT_received | NChar_received | broadcast_received) -> X ErrorReset) & (LinkStart_asserted -> X Started,None
BASIC,16,"The Link state machine shall leave the Ready state on one of the following conditions: 1.When LinkDisabled is asserted, move to the ErrorReset state. 2.When a disconnect occurs, move to the ErrorReset state. 3.When a parity error occurs, move to the ErrorReset state. 4.When an ESC error occurs, move to the ErrorReset state. 5.When an FCT, N-Char or broadcast code is received from the Encoding Layer, move to the ErrorReset state. 6.When LinkStart is asserted, move to the Started state. 7.When AutoStart is asserted and gotNull is asserted, move to the Started state",G((LinkDisabled) -> X (ErrorReset)) & G((disconnect) -> X (ErrorReset)) & G((parity) -> X (ErrorReset)) & G((ESC_Error) -> (ErrorReset)) & G(((FCT_received) & (NChar_received) & (broadcast_received)) -> X(ErrorReset)) & G((LinkStart_asserted) -> X(Started_state)) & G(((AutoStart_asserted) & (gotNull_asserted)) -> X(Started_state)),G(Ready_state -> ((LinkDisabled | disconnect | parity | ESC_Error | CT_received | NChar_received | broadcast_received) -> X ErrorReset) & (LinkStart_asserted -> X Started_state) & (AutoStart_asserted & gotNull_asserted -> X Started_state)),False
BASIC,17,"This alternative behaviour allows the link state machine of the previous version of the SpaceWire standard ECSS-E-ST-50-12C (31 July 2008) to be used. The improvement in the current version (Revision 1) means that the link state machine immediately moves to and remains in the ErrorReset state with the receiver disabled, when Disable is asserted. The functions of Disable/Enable, Link Start and Autostart have been separated for clarity",G ((receiver_Disable_asserted ) -> X (G(ErrorReset_State))),G(receiver_Disable_asserted -> X(ErrorReset_State & G(ErrorReset_State))),True
BASIC,17,"This alternative behaviour allows the link state machine of the previous version of the SpaceWire standard ECSS-E-ST-50-12C (31 July 2008) to be used. The improvement in the current version (Revision 1) means that the link state machine immediately moves to and remains in the ErrorReset state with the receiver disabled, when Disable is asserted. The functions of Disable/Enable, Link Start and Autostart have been separated for clarity",G ((receiver_Disable_asserted ) -> X (G(ErrorReset_State))),G(receiver_Disable_asserted -> X(ErrorReset_State & G(ErrorReset_State))),True
BASIC,17,"This alternative behaviour allows the link state machine of the previous version of the SpaceWire standard ECSS-E-ST-50-12C (31 July 2008) to be used. The improvement in the current version (Revision 1) means that the link state machine immediately moves to and remains in the ErrorReset state with the receiver disabled, when Disable is asserted. The functions of Disable/Enable, Link Start and Autostart have been separated for clarity",G ((receiver_Disable_asserted ) -> X (G(ErrorReset_State))),G(receiver_Disable_asserted -> X(ErrorReset_State & G(ErrorReset_State))),True
BASIC,17,"This alternative behaviour allows the link state machine of the previous version of the SpaceWire standard ECSS-E-ST-50-12C (31 July 2008) to be used. The improvement in the current version (Revision 1) means that the link state machine immediately moves to and remains in the ErrorReset state with the receiver disabled, when Disable is asserted. The functions of Disable/Enable, Link Start and Autostart have been separated for clarity",G ((receiver_Disable_asserted ) -> X (G(ErrorReset_State))),G(receiver_Disable_asserted -> (ErrorReset_State & G(ErrorReset_State))),False
BASIC,17,"This alternative behaviour allows the link state machine of the previous version of the SpaceWire standard ECSS-E-ST-50-12C (31 July 2008) to be used. The improvement in the current version (Revision 1) means that the link state machine immediately moves to and remains in the ErrorReset state with the receiver disabled, when Disable is asserted. The functions of Disable/Enable, Link Start and Autostart have been separated for clarity",G ((receiver_Disable_asserted ) -> X (G(ErrorReset_State))),G(receiver_Disable_asserted -> X(ErrorReset_State & G(ErrorReset_State))),True
BASIC,17,"This alternative behaviour allows the link state machine of the previous version of the SpaceWire standard ECSS-E-ST-50-12C (31 July 2008) to be used. The improvement in the current version (Revision 1) means that the link state machine immediately moves to and remains in the ErrorReset state with the receiver disabled, when Disable is asserted. The functions of Disable/Enable, Link Start and Autostart have been separated for clarity",G ((receiver_Disable_asserted ) -> X (G(ErrorReset_State))),G(receiver_Disable_asserted -> X(ErrorReset_State & G(ErrorReset_State))),True
BASIC,17,"This alternative behaviour allows the link state machine of the previous version of the SpaceWire standard ECSS-E-ST-50-12C (31 July 2008) to be used. The improvement in the current version (Revision 1) means that the link state machine immediately moves to and remains in the ErrorReset state with the receiver disabled, when Disable is asserted. The functions of Disable/Enable, Link Start and Autostart have been separated for clarity",G ((receiver_Disable_asserted ) -> X (G(ErrorReset_State))),G(receiver_Disable_asserted -> X(ErrorReset_State & G(ErrorReset_State))),True
BASIC,17,"This alternative behaviour allows the link state machine of the previous version of the SpaceWire standard ECSS-E-ST-50-12C (31 July 2008) to be used. The improvement in the current version (Revision 1) means that the link state machine immediately moves to and remains in the ErrorReset state with the receiver disabled, when Disable is asserted. The functions of Disable/Enable, Link Start and Autostart have been separated for clarity",G ((receiver_Disable_asserted ) -> X (G(ErrorReset_State))),G(receiver_Disable_asserted -> X(ErrorReset_State & G(ErrorReset_State))),True
BASIC,17,"This alternative behaviour allows the link state machine of the previous version of the SpaceWire standard ECSS-E-ST-50-12C (31 July 2008) to be used. The improvement in the current version (Revision 1) means that the link state machine immediately moves to and remains in the ErrorReset state with the receiver disabled, when Disable is asserted. The functions of Disable/Enable, Link Start and Autostart have been separated for clarity",G ((receiver_Disable_asserted ) -> X (G(ErrorReset_State))),G(receiver_Disable_asserted -> X(ErrorReset_State & G(ErrorReset_State))),True
BASIC,17,"This alternative behaviour allows the link state machine of the previous version of the SpaceWire standard ECSS-E-ST-50-12C (31 July 2008) to be used. The improvement in the current version (Revision 1) means that the link state machine immediately moves to and remains in the ErrorReset state with the receiver disabled, when Disable is asserted. The functions of Disable/Enable, Link Start and Autostart have been separated for clarity",G ((receiver_Disable_asserted ) -> X (G(ErrorReset_State))),G(receiver_Disable_asserted -> X(ErrorReset_State & G(ErrorReset_State))),True
BASIC,17,"This alternative behaviour allows the link state machine of the previous version of the SpaceWire standard ECSS-E-ST-50-12C (31 July 2008) to be used. The improvement in the current version (Revision 1) means that the link state machine immediately moves to and remains in the ErrorReset state with the receiver disabled, when Disable is asserted. The functions of Disable/Enable, Link Start and Autostart have been separated for clarity",G ((receiver_Disable_asserted ) -> X (G(ErrorReset_State))),G(receiver_Disable_asserted -> X(ErrorReset_State & G(ErrorReset_State))),True
BASIC,17,"This alternative behaviour allows the link state machine of the previous version of the SpaceWire standard ECSS-E-ST-50-12C (31 July 2008) to be used. The improvement in the current version (Revision 1) means that the link state machine immediately moves to and remains in the ErrorReset state with the receiver disabled, when Disable is asserted. The functions of Disable/Enable, Link Start and Autostart have been separated for clarity",G ((receiver_Disable_asserted ) -> X (G(ErrorReset_State))),G(receiver_Disable_asserted -> X(ErrorReset_State & G(ErrorReset_State))),True
BASIC,17,"This alternative behaviour allows the link state machine of the previous version of the SpaceWire standard ECSS-E-ST-50-12C (31 July 2008) to be used. The improvement in the current version (Revision 1) means that the link state machine immediately moves to and remains in the ErrorReset state with the receiver disabled, when Disable is asserted. The functions of Disable/Enable, Link Start and Autostart have been separated for clarity",G ((receiver_Disable_asserted ) -> X (G(ErrorReset_State))),G(receiver_Disable_asserted -> X(ErrorReset_State & G(ErrorReset_State))),True
BASIC,17,"This alternative behaviour allows the link state machine of the previous version of the SpaceWire standard ECSS-E-ST-50-12C (31 July 2008) to be used. The improvement in the current version (Revision 1) means that the link state machine immediately moves to and remains in the ErrorReset state with the receiver disabled, when Disable is asserted. The functions of Disable/Enable, Link Start and Autostart have been separated for clarity",G ((receiver_Disable_asserted ) -> X (G(ErrorReset_State))),G(receiver_Disable_asserted -> X(ErrorReset_State & G(ErrorReset_State))),True
BASIC,17,"This alternative behaviour allows the link state machine of the previous version of the SpaceWire standard ECSS-E-ST-50-12C (31 July 2008) to be used. The improvement in the current version (Revision 1) means that the link state machine immediately moves to and remains in the ErrorReset state with the receiver disabled, when Disable is asserted. The functions of Disable/Enable, Link Start and Autostart have been separated for clarity",G ((receiver_Disable_asserted ) -> X (G(ErrorReset_State))),G(receiver_Disable_asserted -> X(ErrorReset_State & G(ErrorReset_State))),True
BASIC,17,"This alternative behaviour allows the link state machine of the previous version of the SpaceWire standard ECSS-E-ST-50-12C (31 July 2008) to be used. The improvement in the current version (Revision 1) means that the link state machine immediately moves to and remains in the ErrorReset state with the receiver disabled, when Disable is asserted. The functions of Disable/Enable, Link Start and Autostart have been separated for clarity",G ((receiver_Disable_asserted ) -> X (G(ErrorReset_State))),G(receiver_Disable_asserted -> X(ErrorReset_State & G(ErrorReset_State))),True
BASIC,17,"This alternative behaviour allows the link state machine of the previous version of the SpaceWire standard ECSS-E-ST-50-12C (31 July 2008) to be used. The improvement in the current version (Revision 1) means that the link state machine immediately moves to and remains in the ErrorReset state with the receiver disabled, when Disable is asserted. The functions of Disable/Enable, Link Start and Autostart have been separated for clarity",G ((receiver_Disable_asserted ) -> X (G(ErrorReset_State))),G(receiver_Disable_asserted -> X(ErrorReset_State & G(ErrorReset_State))),True
BASIC,17,"This alternative behaviour allows the link state machine of the previous version of the SpaceWire standard ECSS-E-ST-50-12C (31 July 2008) to be used. The improvement in the current version (Revision 1) means that the link state machine immediately moves to and remains in the ErrorReset state with the receiver disabled, when Disable is asserted. The functions of Disable/Enable, Link Start and Autostart have been separated for clarity",G ((receiver_Disable_asserted ) -> X (G(ErrorReset_State))),G(receiver_Disable_asserted -> X(ErrorReset_State & G(ErrorReset_State))),True
BASIC,17,"This alternative behaviour allows the link state machine of the previous version of the SpaceWire standard ECSS-E-ST-50-12C (31 July 2008) to be used. The improvement in the current version (Revision 1) means that the link state machine immediately moves to and remains in the ErrorReset state with the receiver disabled, when Disable is asserted. The functions of Disable/Enable, Link Start and Autostart have been separated for clarity",G ((receiver_Disable_asserted ) -> X (G(ErrorReset_State))),G(receiver_Disable_asserted -> (ErrorReset_State & X ErrorReset_State)),False
BASIC,17,"This alternative behaviour allows the link state machine of the previous version of the SpaceWire standard ECSS-E-ST-50-12C (31 July 2008) to be used. The improvement in the current version (Revision 1) means that the link state machine immediately moves to and remains in the ErrorReset state with the receiver disabled, when Disable is asserted. The functions of Disable/Enable, Link Start and Autostart have been separated for clarity",G ((receiver_Disable_asserted ) -> X (G(ErrorReset_State))),G(receiver_Disable_asserted -> X(ErrorReset_State & G(ErrorReset_State))),True
BASIC,17,"This alternative behaviour allows the link state machine of the previous version of the SpaceWire standard ECSS-E-ST-50-12C (31 July 2008) to be used. The improvement in the current version (Revision 1) means that the link state machine immediately moves to and remains in the ErrorReset state with the receiver disabled, when Disable is asserted. The functions of Disable/Enable, Link Start and Autostart have been separated for clarity",G ((receiver_Disable_asserted ) -> X (G(ErrorReset_State))),G(receiver_Disable_asserted -> X(ErrorReset_State & G(ErrorReset_State))),True
BASIC,17,"This alternative behaviour allows the link state machine of the previous version of the SpaceWire standard ECSS-E-ST-50-12C (31 July 2008) to be used. The improvement in the current version (Revision 1) means that the link state machine immediately moves to and remains in the ErrorReset state with the receiver disabled, when Disable is asserted. The functions of Disable/Enable, Link Start and Autostart have been separated for clarity",G ((receiver_Disable_asserted ) -> X (G(ErrorReset_State))),G(receiver_Disable_asserted -> X(ErrorReset_State & G(ErrorReset_State))),True
BASIC,17,"This alternative behaviour allows the link state machine of the previous version of the SpaceWire standard ECSS-E-ST-50-12C (31 July 2008) to be used. The improvement in the current version (Revision 1) means that the link state machine immediately moves to and remains in the ErrorReset state with the receiver disabled, when Disable is asserted. The functions of Disable/Enable, Link Start and Autostart have been separated for clarity",G ((receiver_Disable_asserted ) -> X (G(ErrorReset_State))),G(receiver_Disable_asserted -> X(ErrorReset_State & G(ErrorReset_State))),True
BASIC,17,"This alternative behaviour allows the link state machine of the previous version of the SpaceWire standard ECSS-E-ST-50-12C (31 July 2008) to be used. The improvement in the current version (Revision 1) means that the link state machine immediately moves to and remains in the ErrorReset state with the receiver disabled, when Disable is asserted. The functions of Disable/Enable, Link Start and Autostart have been separated for clarity",G ((receiver_Disable_asserted ) -> X (G(ErrorReset_State))),G(receiver_Disable_asserted -> X(ErrorReset_State & G(ErrorReset_State))),True
BASIC,17,"This alternative behaviour allows the link state machine of the previous version of the SpaceWire standard ECSS-E-ST-50-12C (31 July 2008) to be used. The improvement in the current version (Revision 1) means that the link state machine immediately moves to and remains in the ErrorReset state with the receiver disabled, when Disable is asserted. The functions of Disable/Enable, Link Start and Autostart have been separated for clarity",G ((receiver_Disable_asserted ) -> X (G(ErrorReset_State))),G(receiver_Disable_asserted -> X(ErrorReset_State & G(ErrorReset_State))),True
BASIC,17,"This alternative behaviour allows the link state machine of the previous version of the SpaceWire standard ECSS-E-ST-50-12C (31 July 2008) to be used. The improvement in the current version (Revision 1) means that the link state machine immediately moves to and remains in the ErrorReset state with the receiver disabled, when Disable is asserted. The functions of Disable/Enable, Link Start and Autostart have been separated for clarity",G ((receiver_Disable_asserted ) -> X (G(ErrorReset_State))),G(receiver_Disable_asserted -> X(ErrorReset_State & G(ErrorReset_State))),True
BASIC,17,"This alternative behaviour allows the link state machine of the previous version of the SpaceWire standard ECSS-E-ST-50-12C (31 July 2008) to be used. The improvement in the current version (Revision 1) means that the link state machine immediately moves to and remains in the ErrorReset state with the receiver disabled, when Disable is asserted. The functions of Disable/Enable, Link Start and Autostart have been separated for clarity",G ((receiver_Disable_asserted ) -> X (G(ErrorReset_State))),G(receiver_Disable_asserted -> X(ErrorReset_State & G(ErrorReset_State))),True
BASIC,17,"This alternative behaviour allows the link state machine of the previous version of the SpaceWire standard ECSS-E-ST-50-12C (31 July 2008) to be used. The improvement in the current version (Revision 1) means that the link state machine immediately moves to and remains in the ErrorReset state with the receiver disabled, when Disable is asserted. The functions of Disable/Enable, Link Start and Autostart have been separated for clarity",G ((receiver_Disable_asserted ) -> X (G(ErrorReset_State))),G(receiver_Disable_asserted -> X(ErrorReset_State & G(ErrorReset_State))),True
BASIC,17,"This alternative behaviour allows the link state machine of the previous version of the SpaceWire standard ECSS-E-ST-50-12C (31 July 2008) to be used. The improvement in the current version (Revision 1) means that the link state machine immediately moves to and remains in the ErrorReset state with the receiver disabled, when Disable is asserted. The functions of Disable/Enable, Link Start and Autostart have been separated for clarity",G ((receiver_Disable_asserted ) -> X (G(ErrorReset_State))),G(receiver_Disable_asserted -> X(ErrorReset_State & G(ErrorReset_State))),True
BASIC,17,"This alternative behaviour allows the link state machine of the previous version of the SpaceWire standard ECSS-E-ST-50-12C (31 July 2008) to be used. The improvement in the current version (Revision 1) means that the link state machine immediately moves to and remains in the ErrorReset state with the receiver disabled, when Disable is asserted. The functions of Disable/Enable, Link Start and Autostart have been separated for clarity",G ((receiver_Disable_asserted ) -> X (G(ErrorReset_State))),G(receiver_Disable_asserted -> X(ErrorReset_State & G(ErrorReset_State))),True
BASIC,17,"This alternative behaviour allows the link state machine of the previous version of the SpaceWire standard ECSS-E-ST-50-12C (31 July 2008) to be used. The improvement in the current version (Revision 1) means that the link state machine immediately moves to and remains in the ErrorReset state with the receiver disabled, when Disable is asserted. The functions of Disable/Enable, Link Start and Autostart have been separated for clarity",G ((receiver_Disable_asserted ) -> X (G(ErrorReset_State))),G(receiver_Disable_asserted -> X(ErrorReset_State & G(ErrorReset_State))),True
BASIC,17,"This alternative behaviour allows the link state machine of the previous version of the SpaceWire standard ECSS-E-ST-50-12C (31 July 2008) to be used. The improvement in the current version (Revision 1) means that the link state machine immediately moves to and remains in the ErrorReset state with the receiver disabled, when Disable is asserted. The functions of Disable/Enable, Link Start and Autostart have been separated for clarity",G ((receiver_Disable_asserted ) -> X (G(ErrorReset_State))),G(receiver_Disable_asserted -> X(ErrorReset_State & G(ErrorReset_State))),True
BASIC,17,"This alternative behaviour allows the link state machine of the previous version of the SpaceWire standard ECSS-E-ST-50-12C (31 July 2008) to be used. The improvement in the current version (Revision 1) means that the link state machine immediately moves to and remains in the ErrorReset state with the receiver disabled, when Disable is asserted. The functions of Disable/Enable, Link Start and Autostart have been separated for clarity",G ((receiver_Disable_asserted ) -> X (G(ErrorReset_State))),G(receiver_Disable_asserted -> X(ErrorReset_State & G(ErrorReset_State))),True
BASIC,17,"This alternative behaviour allows the link state machine of the previous version of the SpaceWire standard ECSS-E-ST-50-12C (31 July 2008) to be used. The improvement in the current version (Revision 1) means that the link state machine immediately moves to and remains in the ErrorReset state with the receiver disabled, when Disable is asserted. The functions of Disable/Enable, Link Start and Autostart have been separated for clarity",G ((receiver_Disable_asserted ) -> X (G(ErrorReset_State))),G(receiver_Disable_asserted -> X(ErrorReset_State & G(ErrorReset_State))),True
BASIC,17,"This alternative behaviour allows the link state machine of the previous version of the SpaceWire standard ECSS-E-ST-50-12C (31 July 2008) to be used. The improvement in the current version (Revision 1) means that the link state machine immediately moves to and remains in the ErrorReset state with the receiver disabled, when Disable is asserted. The functions of Disable/Enable, Link Start and Autostart have been separated for clarity",G ((receiver_Disable_asserted ) -> X (G(ErrorReset_State))),G(receiver_Disable_asserted -> X(ErrorReset_State & G(ErrorReset_State))),True
BASIC,17,"This alternative behaviour allows the link state machine of the previous version of the SpaceWire standard ECSS-E-ST-50-12C (31 July 2008) to be used. The improvement in the current version (Revision 1) means that the link state machine immediately moves to and remains in the ErrorReset state with the receiver disabled, when Disable is asserted. The functions of Disable/Enable, Link Start and Autostart have been separated for clarity",G ((receiver_Disable_asserted ) -> X (G(ErrorReset_State))),G(receiver_Disable_asserted -> X(ErrorReset_State & G(ErrorReset_State))),True
BASIC,17,"This alternative behaviour allows the link state machine of the previous version of the SpaceWire standard ECSS-E-ST-50-12C (31 July 2008) to be used. The improvement in the current version (Revision 1) means that the link state machine immediately moves to and remains in the ErrorReset state with the receiver disabled, when Disable is asserted. The functions of Disable/Enable, Link Start and Autostart have been separated for clarity",G ((receiver_Disable_asserted ) -> X (G(ErrorReset_State))),G(receiver_Disable_asserted -> X(ErrorReset_State & G(ErrorReset_State))),True
BASIC,17,"This alternative behaviour allows the link state machine of the previous version of the SpaceWire standard ECSS-E-ST-50-12C (31 July 2008) to be used. The improvement in the current version (Revision 1) means that the link state machine immediately moves to and remains in the ErrorReset state with the receiver disabled, when Disable is asserted. The functions of Disable/Enable, Link Start and Autostart have been separated for clarity",G ((receiver_Disable_asserted ) -> X (G(ErrorReset_State))),G(receiver_Disable_asserted -> X(ErrorReset_State & G(ErrorReset_State))),True
BASIC,17,"This alternative behaviour allows the link state machine of the previous version of the SpaceWire standard ECSS-E-ST-50-12C (31 July 2008) to be used. The improvement in the current version (Revision 1) means that the link state machine immediately moves to and remains in the ErrorReset state with the receiver disabled, when Disable is asserted. The functions of Disable/Enable, Link Start and Autostart have been separated for clarity",G ((receiver_Disable_asserted ) -> X (G(ErrorReset_State))),G(receiver_Disable_asserted -> X(ErrorReset_State & G(ErrorReset_State))),True
BASIC,17,"This alternative behaviour allows the link state machine of the previous version of the SpaceWire standard ECSS-E-ST-50-12C (31 July 2008) to be used. The improvement in the current version (Revision 1) means that the link state machine immediately moves to and remains in the ErrorReset state with the receiver disabled, when Disable is asserted. The functions of Disable/Enable, Link Start and Autostart have been separated for clarity",G ((receiver_Disable_asserted ) -> X (G(ErrorReset_State))),G(receiver_Disable_asserted -> X(ErrorReset_State & G(ErrorReset_State))),True
BASIC,17,"This alternative behaviour allows the link state machine of the previous version of the SpaceWire standard ECSS-E-ST-50-12C (31 July 2008) to be used. The improvement in the current version (Revision 1) means that the link state machine immediately moves to and remains in the ErrorReset state with the receiver disabled, when Disable is asserted. The functions of Disable/Enable, Link Start and Autostart have been separated for clarity",G ((receiver_Disable_asserted ) -> X (G(ErrorReset_State))),G(receiver_Disable_asserted -> X(ErrorReset_State & G(ErrorReset_State))),True
BASIC,17,"This alternative behaviour allows the link state machine of the previous version of the SpaceWire standard ECSS-E-ST-50-12C (31 July 2008) to be used. The improvement in the current version (Revision 1) means that the link state machine immediately moves to and remains in the ErrorReset state with the receiver disabled, when Disable is asserted. The functions of Disable/Enable, Link Start and Autostart have been separated for clarity",G ((receiver_Disable_asserted ) -> X (G(ErrorReset_State))),G(receiver_Disable_asserted -> X(ErrorReset_State & G(ErrorReset_State))),True
BASIC,17,"This alternative behaviour allows the link state machine of the previous version of the SpaceWire standard ECSS-E-ST-50-12C (31 July 2008) to be used. The improvement in the current version (Revision 1) means that the link state machine immediately moves to and remains in the ErrorReset state with the receiver disabled, when Disable is asserted. The functions of Disable/Enable, Link Start and Autostart have been separated for clarity",G ((receiver_Disable_asserted ) -> X (G(ErrorReset_State))),G(receiver_Disable_asserted -> X(ErrorReset_State & G(ErrorReset_State))),True
BASIC,17,"This alternative behaviour allows the link state machine of the previous version of the SpaceWire standard ECSS-E-ST-50-12C (31 July 2008) to be used. The improvement in the current version (Revision 1) means that the link state machine immediately moves to and remains in the ErrorReset state with the receiver disabled, when Disable is asserted. The functions of Disable/Enable, Link Start and Autostart have been separated for clarity",G ((receiver_Disable_asserted ) -> X (G(ErrorReset_State))),G(receiver_Disable_asserted -> X(ErrorReset_State & G(ErrorReset_State))),True
BASIC,17,"This alternative behaviour allows the link state machine of the previous version of the SpaceWire standard ECSS-E-ST-50-12C (31 July 2008) to be used. The improvement in the current version (Revision 1) means that the link state machine immediately moves to and remains in the ErrorReset state with the receiver disabled, when Disable is asserted. The functions of Disable/Enable, Link Start and Autostart have been separated for clarity",G ((receiver_Disable_asserted ) -> X (G(ErrorReset_State))),G(receiver_Disable_asserted -> X(ErrorReset_State & G(ErrorReset_State))),True
BASIC,17,"This alternative behaviour allows the link state machine of the previous version of the SpaceWire standard ECSS-E-ST-50-12C (31 July 2008) to be used. The improvement in the current version (Revision 1) means that the link state machine immediately moves to and remains in the ErrorReset state with the receiver disabled, when Disable is asserted. The functions of Disable/Enable, Link Start and Autostart have been separated for clarity",G ((receiver_Disable_asserted ) -> X (G(ErrorReset_State))),G(receiver_Disable_asserted -> X(ErrorReset_State & G(ErrorReset_State))),True
BASIC,17,"This alternative behaviour allows the link state machine of the previous version of the SpaceWire standard ECSS-E-ST-50-12C (31 July 2008) to be used. The improvement in the current version (Revision 1) means that the link state machine immediately moves to and remains in the ErrorReset state with the receiver disabled, when Disable is asserted. The functions of Disable/Enable, Link Start and Autostart have been separated for clarity",G ((receiver_Disable_asserted ) -> X (G(ErrorReset_State))),G(receiver_Disable_asserted -> X(ErrorReset_State & G(ErrorReset_State))),True
BASIC,17,"This alternative behaviour allows the link state machine of the previous version of the SpaceWire standard ECSS-E-ST-50-12C (31 July 2008) to be used. The improvement in the current version (Revision 1) means that the link state machine immediately moves to and remains in the ErrorReset state with the receiver disabled, when Disable is asserted. The functions of Disable/Enable, Link Start and Autostart have been separated for clarity",G ((receiver_Disable_asserted ) -> X (G(ErrorReset_State))),G(receiver_Disable_asserted -> X(ErrorReset_State & G(ErrorReset_State))),True
BASIC,17,"This alternative behaviour allows the link state machine of the previous version of the SpaceWire standard ECSS-E-ST-50-12C (31 July 2008) to be used. The improvement in the current version (Revision 1) means that the link state machine immediately moves to and remains in the ErrorReset state with the receiver disabled, when Disable is asserted. The functions of Disable/Enable, Link Start and Autostart have been separated for clarity",G ((receiver_Disable_asserted ) -> X (G(ErrorReset_State))),G(receiver_Disable_asserted -> X(ErrorReset_State & G(ErrorReset_State))),True
BASIC,17,"This alternative behaviour allows the link state machine of the previous version of the SpaceWire standard ECSS-E-ST-50-12C (31 July 2008) to be used. The improvement in the current version (Revision 1) means that the link state machine immediately moves to and remains in the ErrorReset state with the receiver disabled, when Disable is asserted. The functions of Disable/Enable, Link Start and Autostart have been separated for clarity",G ((receiver_Disable_asserted ) -> X (G(ErrorReset_State))),G(receiver_Disable_asserted -> X(ErrorReset_State & G(ErrorReset_State))),True
BASIC,17,"This alternative behaviour allows the link state machine of the previous version of the SpaceWire standard ECSS-E-ST-50-12C (31 July 2008) to be used. The improvement in the current version (Revision 1) means that the link state machine immediately moves to and remains in the ErrorReset state with the receiver disabled, when Disable is asserted. The functions of Disable/Enable, Link Start and Autostart have been separated for clarity",G ((receiver_Disable_asserted ) -> X (G(ErrorReset_State))),G(receiver_Disable_asserted -> X(ErrorReset_State & G(ErrorReset_State))),True
BASIC,17,"This alternative behaviour allows the link state machine of the previous version of the SpaceWire standard ECSS-E-ST-50-12C (31 July 2008) to be used. The improvement in the current version (Revision 1) means that the link state machine immediately moves to and remains in the ErrorReset state with the receiver disabled, when Disable is asserted. The functions of Disable/Enable, Link Start and Autostart have been separated for clarity",G ((receiver_Disable_asserted ) -> X (G(ErrorReset_State))),G(receiver_Disable_asserted -> X(ErrorReset_State & G(ErrorReset_State))),True
BASIC,17,"This alternative behaviour allows the link state machine of the previous version of the SpaceWire standard ECSS-E-ST-50-12C (31 July 2008) to be used. The improvement in the current version (Revision 1) means that the link state machine immediately moves to and remains in the ErrorReset state with the receiver disabled, when Disable is asserted. The functions of Disable/Enable, Link Start and Autostart have been separated for clarity",G ((receiver_Disable_asserted ) -> X (G(ErrorReset_State))),G(receiver_Disable_asserted -> X(ErrorReset_State & G(ErrorReset_State))),True
BASIC,17,"This alternative behaviour allows the link state machine of the previous version of the SpaceWire standard ECSS-E-ST-50-12C (31 July 2008) to be used. The improvement in the current version (Revision 1) means that the link state machine immediately moves to and remains in the ErrorReset state with the receiver disabled, when Disable is asserted. The functions of Disable/Enable, Link Start and Autostart have been separated for clarity",G ((receiver_Disable_asserted ) -> X (G(ErrorReset_State))),G(receiver_Disable_asserted -> X(ErrorReset_State & G(ErrorReset_State))),True
BASIC,17,"This alternative behaviour allows the link state machine of the previous version of the SpaceWire standard ECSS-E-ST-50-12C (31 July 2008) to be used. The improvement in the current version (Revision 1) means that the link state machine immediately moves to and remains in the ErrorReset state with the receiver disabled, when Disable is asserted. The functions of Disable/Enable, Link Start and Autostart have been separated for clarity",G ((receiver_Disable_asserted ) -> X (G(ErrorReset_State))),G(receiver_Disable_asserted -> X(ErrorReset_State & G(ErrorReset_State))),True
BASIC,17,"This alternative behaviour allows the link state machine of the previous version of the SpaceWire standard ECSS-E-ST-50-12C (31 July 2008) to be used. The improvement in the current version (Revision 1) means that the link state machine immediately moves to and remains in the ErrorReset state with the receiver disabled, when Disable is asserted. The functions of Disable/Enable, Link Start and Autostart have been separated for clarity",G ((receiver_Disable_asserted ) -> X (G(ErrorReset_State))),G(receiver_Disable_asserted -> X(ErrorReset_State & G(ErrorReset_State))),True
BASIC,17,"This alternative behaviour allows the link state machine of the previous version of the SpaceWire standard ECSS-E-ST-50-12C (31 July 2008) to be used. The improvement in the current version (Revision 1) means that the link state machine immediately moves to and remains in the ErrorReset state with the receiver disabled, when Disable is asserted. The functions of Disable/Enable, Link Start and Autostart have been separated for clarity",G ((receiver_Disable_asserted ) -> X (G(ErrorReset_State))),G(receiver_Disable_asserted -> (ErrorReset_State & X ErrorReset_State)),False
BASIC,17,"This alternative behaviour allows the link state machine of the previous version of the SpaceWire standard ECSS-E-ST-50-12C (31 July 2008) to be used. The improvement in the current version (Revision 1) means that the link state machine immediately moves to and remains in the ErrorReset state with the receiver disabled, when Disable is asserted. The functions of Disable/Enable, Link Start and Autostart have been separated for clarity",G ((receiver_Disable_asserted ) -> X (G(ErrorReset_State))),G(receiver_Disable_asserted -> X(ErrorReset_State & G(ErrorReset_State))),True
BASIC,17,"This alternative behaviour allows the link state machine of the previous version of the SpaceWire standard ECSS-E-ST-50-12C (31 July 2008) to be used. The improvement in the current version (Revision 1) means that the link state machine immediately moves to and remains in the ErrorReset state with the receiver disabled, when Disable is asserted. The functions of Disable/Enable, Link Start and Autostart have been separated for clarity",G ((receiver_Disable_asserted ) -> X (G(ErrorReset_State))),G(receiver_Disable_asserted -> X(ErrorReset_State & G(ErrorReset_State))),True
BASIC,17,"This alternative behaviour allows the link state machine of the previous version of the SpaceWire standard ECSS-E-ST-50-12C (31 July 2008) to be used. The improvement in the current version (Revision 1) means that the link state machine immediately moves to and remains in the ErrorReset state with the receiver disabled, when Disable is asserted. The functions of Disable/Enable, Link Start and Autostart have been separated for clarity",G ((receiver_Disable_asserted ) -> X (G(ErrorReset_State))),G(receiver_Disable_asserted -> X(ErrorReset_State & G(ErrorReset_State))),True
BASIC,17,"This alternative behaviour allows the link state machine of the previous version of the SpaceWire standard ECSS-E-ST-50-12C (31 July 2008) to be used. The improvement in the current version (Revision 1) means that the link state machine immediately moves to and remains in the ErrorReset state with the receiver disabled, when Disable is asserted. The functions of Disable/Enable, Link Start and Autostart have been separated for clarity",G ((receiver_Disable_asserted ) -> X (G(ErrorReset_State))),G(receiver_Disable_asserted -> X(ErrorReset_State & G(ErrorReset_State))),True
BASIC,17,"This alternative behaviour allows the link state machine of the previous version of the SpaceWire standard ECSS-E-ST-50-12C (31 July 2008) to be used. The improvement in the current version (Revision 1) means that the link state machine immediately moves to and remains in the ErrorReset state with the receiver disabled, when Disable is asserted. The functions of Disable/Enable, Link Start and Autostart have been separated for clarity",G ((receiver_Disable_asserted ) -> X (G(ErrorReset_State))),G(receiver_Disable_asserted -> X(ErrorReset_State & G(ErrorReset_State))),True
BASIC,17,"This alternative behaviour allows the link state machine of the previous version of the SpaceWire standard ECSS-E-ST-50-12C (31 July 2008) to be used. The improvement in the current version (Revision 1) means that the link state machine immediately moves to and remains in the ErrorReset state with the receiver disabled, when Disable is asserted. The functions of Disable/Enable, Link Start and Autostart have been separated for clarity",G ((receiver_Disable_asserted ) -> X (G(ErrorReset_State))),G(receiver_Disable_asserted -> X(ErrorReset_State & G(ErrorReset_State))),True
BASIC,17,"This alternative behaviour allows the link state machine of the previous version of the SpaceWire standard ECSS-E-ST-50-12C (31 July 2008) to be used. The improvement in the current version (Revision 1) means that the link state machine immediately moves to and remains in the ErrorReset state with the receiver disabled, when Disable is asserted. The functions of Disable/Enable, Link Start and Autostart have been separated for clarity",G ((receiver_Disable_asserted ) -> X (G(ErrorReset_State))),G(receiver_Disable_asserted -> X(ErrorReset_State & G(ErrorReset_State))),True
BASIC,17,"This alternative behaviour allows the link state machine of the previous version of the SpaceWire standard ECSS-E-ST-50-12C (31 July 2008) to be used. The improvement in the current version (Revision 1) means that the link state machine immediately moves to and remains in the ErrorReset state with the receiver disabled, when Disable is asserted. The functions of Disable/Enable, Link Start and Autostart have been separated for clarity",G ((receiver_Disable_asserted ) -> X (G(ErrorReset_State))),G(receiver_Disable_asserted -> X(ErrorReset_State & G(ErrorReset_State))),True
BASIC,17,"This alternative behaviour allows the link state machine of the previous version of the SpaceWire standard ECSS-E-ST-50-12C (31 July 2008) to be used. The improvement in the current version (Revision 1) means that the link state machine immediately moves to and remains in the ErrorReset state with the receiver disabled, when Disable is asserted. The functions of Disable/Enable, Link Start and Autostart have been separated for clarity",G ((receiver_Disable_asserted ) -> X (G(ErrorReset_State))),G(receiver_Disable_asserted -> X(ErrorReset_State & G(ErrorReset_State))),True
BASIC,17,"This alternative behaviour allows the link state machine of the previous version of the SpaceWire standard ECSS-E-ST-50-12C (31 July 2008) to be used. The improvement in the current version (Revision 1) means that the link state machine immediately moves to and remains in the ErrorReset state with the receiver disabled, when Disable is asserted. The functions of Disable/Enable, Link Start and Autostart have been separated for clarity",G ((receiver_Disable_asserted ) -> X (G(ErrorReset_State))),G(receiver_Disable_asserted -> X(ErrorReset_State & G(ErrorReset_State))),True
BASIC,17,"This alternative behaviour allows the link state machine of the previous version of the SpaceWire standard ECSS-E-ST-50-12C (31 July 2008) to be used. The improvement in the current version (Revision 1) means that the link state machine immediately moves to and remains in the ErrorReset state with the receiver disabled, when Disable is asserted. The functions of Disable/Enable, Link Start and Autostart have been separated for clarity",G ((receiver_Disable_asserted ) -> X (G(ErrorReset_State))),G(receiver_Disable_asserted -> (ErrorReset_State & X ErrorReset_State)),False
BASIC,17,"This alternative behaviour allows the link state machine of the previous version of the SpaceWire standard ECSS-E-ST-50-12C (31 July 2008) to be used. The improvement in the current version (Revision 1) means that the link state machine immediately moves to and remains in the ErrorReset state with the receiver disabled, when Disable is asserted. The functions of Disable/Enable, Link Start and Autostart have been separated for clarity",G ((receiver_Disable_asserted ) -> X (G(ErrorReset_State))),G(receiver_Disable_asserted -> X(ErrorReset_State & G(ErrorReset_State))),True
BASIC,17,"This alternative behaviour allows the link state machine of the previous version of the SpaceWire standard ECSS-E-ST-50-12C (31 July 2008) to be used. The improvement in the current version (Revision 1) means that the link state machine immediately moves to and remains in the ErrorReset state with the receiver disabled, when Disable is asserted. The functions of Disable/Enable, Link Start and Autostart have been separated for clarity",G ((receiver_Disable_asserted ) -> X (G(ErrorReset_State))),G(receiver_Disable_asserted -> X(ErrorReset_State & G(ErrorReset_State))),True
BASIC,17,"This alternative behaviour allows the link state machine of the previous version of the SpaceWire standard ECSS-E-ST-50-12C (31 July 2008) to be used. The improvement in the current version (Revision 1) means that the link state machine immediately moves to and remains in the ErrorReset state with the receiver disabled, when Disable is asserted. The functions of Disable/Enable, Link Start and Autostart have been separated for clarity",G ((receiver_Disable_asserted ) -> X (G(ErrorReset_State))),G(receiver_Disable_asserted -> X(ErrorReset_State & G(ErrorReset_State))),True
BASIC,17,"This alternative behaviour allows the link state machine of the previous version of the SpaceWire standard ECSS-E-ST-50-12C (31 July 2008) to be used. The improvement in the current version (Revision 1) means that the link state machine immediately moves to and remains in the ErrorReset state with the receiver disabled, when Disable is asserted. The functions of Disable/Enable, Link Start and Autostart have been separated for clarity",G ((receiver_Disable_asserted ) -> X (G(ErrorReset_State))),G(receiver_Disable_asserted -> X(ErrorReset_State & G(ErrorReset_State))),True
BASIC,17,"This alternative behaviour allows the link state machine of the previous version of the SpaceWire standard ECSS-E-ST-50-12C (31 July 2008) to be used. The improvement in the current version (Revision 1) means that the link state machine immediately moves to and remains in the ErrorReset state with the receiver disabled, when Disable is asserted. The functions of Disable/Enable, Link Start and Autostart have been separated for clarity",G ((receiver_Disable_asserted ) -> X (G(ErrorReset_State))),G(receiver_Disable_asserted -> X(ErrorReset_State & G(ErrorReset_State))),True
BASIC,17,"This alternative behaviour allows the link state machine of the previous version of the SpaceWire standard ECSS-E-ST-50-12C (31 July 2008) to be used. The improvement in the current version (Revision 1) means that the link state machine immediately moves to and remains in the ErrorReset state with the receiver disabled, when Disable is asserted. The functions of Disable/Enable, Link Start and Autostart have been separated for clarity",G ((receiver_Disable_asserted ) -> X (G(ErrorReset_State))),G(receiver_Disable_asserted -> X(ErrorReset_State & G(ErrorReset_State))),True
BASIC,17,"This alternative behaviour allows the link state machine of the previous version of the SpaceWire standard ECSS-E-ST-50-12C (31 July 2008) to be used. The improvement in the current version (Revision 1) means that the link state machine immediately moves to and remains in the ErrorReset state with the receiver disabled, when Disable is asserted. The functions of Disable/Enable, Link Start and Autostart have been separated for clarity",G ((receiver_Disable_asserted ) -> X (G(ErrorReset_State))),G(receiver_Disable_asserted -> X(ErrorReset_State & G(ErrorReset_State))),True
BASIC,17,"This alternative behaviour allows the link state machine of the previous version of the SpaceWire standard ECSS-E-ST-50-12C (31 July 2008) to be used. The improvement in the current version (Revision 1) means that the link state machine immediately moves to and remains in the ErrorReset state with the receiver disabled, when Disable is asserted. The functions of Disable/Enable, Link Start and Autostart have been separated for clarity",G ((receiver_Disable_asserted ) -> X (G(ErrorReset_State))),G(receiver_Disable_asserted -> X(ErrorReset_State & G(ErrorReset_State))),True
BASIC,17,"This alternative behaviour allows the link state machine of the previous version of the SpaceWire standard ECSS-E-ST-50-12C (31 July 2008) to be used. The improvement in the current version (Revision 1) means that the link state machine immediately moves to and remains in the ErrorReset state with the receiver disabled, when Disable is asserted. The functions of Disable/Enable, Link Start and Autostart have been separated for clarity",G ((receiver_Disable_asserted ) -> X (G(ErrorReset_State))),G(receiver_Disable_asserted -> X(ErrorReset_State & G(ErrorReset_State))),True
BASIC,17,"This alternative behaviour allows the link state machine of the previous version of the SpaceWire standard ECSS-E-ST-50-12C (31 July 2008) to be used. The improvement in the current version (Revision 1) means that the link state machine immediately moves to and remains in the ErrorReset state with the receiver disabled, when Disable is asserted. The functions of Disable/Enable, Link Start and Autostart have been separated for clarity",G ((receiver_Disable_asserted ) -> X (G(ErrorReset_State))),G(receiver_Disable_asserted -> X(ErrorReset_State & G(ErrorReset_State))),True
BASIC,17,"This alternative behaviour allows the link state machine of the previous version of the SpaceWire standard ECSS-E-ST-50-12C (31 July 2008) to be used. The improvement in the current version (Revision 1) means that the link state machine immediately moves to and remains in the ErrorReset state with the receiver disabled, when Disable is asserted. The functions of Disable/Enable, Link Start and Autostart have been separated for clarity",G ((receiver_Disable_asserted ) -> X (G(ErrorReset_State))),G(receiver_Disable_asserted -> X(ErrorReset_State & G(ErrorReset_State))),True
BASIC,17,"This alternative behaviour allows the link state machine of the previous version of the SpaceWire standard ECSS-E-ST-50-12C (31 July 2008) to be used. The improvement in the current version (Revision 1) means that the link state machine immediately moves to and remains in the ErrorReset state with the receiver disabled, when Disable is asserted. The functions of Disable/Enable, Link Start and Autostart have been separated for clarity",G ((receiver_Disable_asserted ) -> X (G(ErrorReset_State))),G(receiver_Disable_asserted -> X(ErrorReset_State & G(ErrorReset_State))),True
BASIC,17,"This alternative behaviour allows the link state machine of the previous version of the SpaceWire standard ECSS-E-ST-50-12C (31 July 2008) to be used. The improvement in the current version (Revision 1) means that the link state machine immediately moves to and remains in the ErrorReset state with the receiver disabled, when Disable is asserted. The functions of Disable/Enable, Link Start and Autostart have been separated for clarity",G ((receiver_Disable_asserted ) -> X (G(ErrorReset_State))),G(receiver_Disable_asserted -> X(ErrorReset_State & G(ErrorReset_State))),True
BASIC,17,"This alternative behaviour allows the link state machine of the previous version of the SpaceWire standard ECSS-E-ST-50-12C (31 July 2008) to be used. The improvement in the current version (Revision 1) means that the link state machine immediately moves to and remains in the ErrorReset state with the receiver disabled, when Disable is asserted. The functions of Disable/Enable, Link Start and Autostart have been separated for clarity",G ((receiver_Disable_asserted ) -> X (G(ErrorReset_State))),G(receiver_Disable_asserted -> (ErrorReset_State & X ErrorReset_State)),False
BASIC,17,"This alternative behaviour allows the link state machine of the previous version of the SpaceWire standard ECSS-E-ST-50-12C (31 July 2008) to be used. The improvement in the current version (Revision 1) means that the link state machine immediately moves to and remains in the ErrorReset state with the receiver disabled, when Disable is asserted. The functions of Disable/Enable, Link Start and Autostart have been separated for clarity",G ((receiver_Disable_asserted ) -> X (G(ErrorReset_State))),G(receiver_Disable_asserted -> X(ErrorReset_State & G(ErrorReset_State))),True
BASIC,17,"This alternative behaviour allows the link state machine of the previous version of the SpaceWire standard ECSS-E-ST-50-12C (31 July 2008) to be used. The improvement in the current version (Revision 1) means that the link state machine immediately moves to and remains in the ErrorReset state with the receiver disabled, when Disable is asserted. The functions of Disable/Enable, Link Start and Autostart have been separated for clarity",G ((receiver_Disable_asserted ) -> X (G(ErrorReset_State))),G(receiver_Disable_asserted -> X(ErrorReset_State & G(ErrorReset_State))),True
BASIC,17,"This alternative behaviour allows the link state machine of the previous version of the SpaceWire standard ECSS-E-ST-50-12C (31 July 2008) to be used. The improvement in the current version (Revision 1) means that the link state machine immediately moves to and remains in the ErrorReset state with the receiver disabled, when Disable is asserted. The functions of Disable/Enable, Link Start and Autostart have been separated for clarity",G ((receiver_Disable_asserted ) -> X (G(ErrorReset_State))),G(receiver_Disable_asserted -> X(ErrorReset_State & G(ErrorReset_State))),True
BASIC,17,"This alternative behaviour allows the link state machine of the previous version of the SpaceWire standard ECSS-E-ST-50-12C (31 July 2008) to be used. The improvement in the current version (Revision 1) means that the link state machine immediately moves to and remains in the ErrorReset state with the receiver disabled, when Disable is asserted. The functions of Disable/Enable, Link Start and Autostart have been separated for clarity",G ((receiver_Disable_asserted ) -> X (G(ErrorReset_State))),G(receiver_Disable_asserted -> X(ErrorReset_State & G(ErrorReset_State))),True
BASIC,17,"This alternative behaviour allows the link state machine of the previous version of the SpaceWire standard ECSS-E-ST-50-12C (31 July 2008) to be used. The improvement in the current version (Revision 1) means that the link state machine immediately moves to and remains in the ErrorReset state with the receiver disabled, when Disable is asserted. The functions of Disable/Enable, Link Start and Autostart have been separated for clarity",G ((receiver_Disable_asserted ) -> X (G(ErrorReset_State))),G(receiver_Disable_asserted -> X(ErrorReset_State & G(ErrorReset_State))),True
BASIC,17,"This alternative behaviour allows the link state machine of the previous version of the SpaceWire standard ECSS-E-ST-50-12C (31 July 2008) to be used. The improvement in the current version (Revision 1) means that the link state machine immediately moves to and remains in the ErrorReset state with the receiver disabled, when Disable is asserted. The functions of Disable/Enable, Link Start and Autostart have been separated for clarity",G ((receiver_Disable_asserted ) -> X (G(ErrorReset_State))),G(receiver_Disable_asserted -> X(ErrorReset_State & G(ErrorReset_State))),True
BASIC,17,"This alternative behaviour allows the link state machine of the previous version of the SpaceWire standard ECSS-E-ST-50-12C (31 July 2008) to be used. The improvement in the current version (Revision 1) means that the link state machine immediately moves to and remains in the ErrorReset state with the receiver disabled, when Disable is asserted. The functions of Disable/Enable, Link Start and Autostart have been separated for clarity",G ((receiver_Disable_asserted ) -> X (G(ErrorReset_State))),G(receiver_Disable_asserted -> X(ErrorReset_State & G(ErrorReset_State))),True
BASIC,17,"This alternative behaviour allows the link state machine of the previous version of the SpaceWire standard ECSS-E-ST-50-12C (31 July 2008) to be used. The improvement in the current version (Revision 1) means that the link state machine immediately moves to and remains in the ErrorReset state with the receiver disabled, when Disable is asserted. The functions of Disable/Enable, Link Start and Autostart have been separated for clarity",G ((receiver_Disable_asserted ) -> X (G(ErrorReset_State))),G(receiver_Disable_asserted -> X(ErrorReset_State & G(ErrorReset_State))),True
BASIC,17,"This alternative behaviour allows the link state machine of the previous version of the SpaceWire standard ECSS-E-ST-50-12C (31 July 2008) to be used. The improvement in the current version (Revision 1) means that the link state machine immediately moves to and remains in the ErrorReset state with the receiver disabled, when Disable is asserted. The functions of Disable/Enable, Link Start and Autostart have been separated for clarity",G ((receiver_Disable_asserted ) -> X (G(ErrorReset_State))),G(receiver_Disable_asserted -> X(ErrorReset_State & G(ErrorReset_State))),True
BASIC,17,"This alternative behaviour allows the link state machine of the previous version of the SpaceWire standard ECSS-E-ST-50-12C (31 July 2008) to be used. The improvement in the current version (Revision 1) means that the link state machine immediately moves to and remains in the ErrorReset state with the receiver disabled, when Disable is asserted. The functions of Disable/Enable, Link Start and Autostart have been separated for clarity",G ((receiver_Disable_asserted ) -> X (G(ErrorReset_State))),G(receiver_Disable_asserted -> X(ErrorReset_State & G(ErrorReset_State))),True
BASIC,17,"This alternative behaviour allows the link state machine of the previous version of the SpaceWire standard ECSS-E-ST-50-12C (31 July 2008) to be used. The improvement in the current version (Revision 1) means that the link state machine immediately moves to and remains in the ErrorReset state with the receiver disabled, when Disable is asserted. The functions of Disable/Enable, Link Start and Autostart have been separated for clarity",G ((receiver_Disable_asserted ) -> X (G(ErrorReset_State))),G(receiver_Disable_asserted -> X(ErrorReset_State & G(ErrorReset_State))),True
BASIC,17,"This alternative behaviour allows the link state machine of the previous version of the SpaceWire standard ECSS-E-ST-50-12C (31 July 2008) to be used. The improvement in the current version (Revision 1) means that the link state machine immediately moves to and remains in the ErrorReset state with the receiver disabled, when Disable is asserted. The functions of Disable/Enable, Link Start and Autostart have been separated for clarity",G ((receiver_Disable_asserted ) -> X (G(ErrorReset_State))),G(receiver_Disable_asserted -> X(ErrorReset_State & G(ErrorReset_State))),True
BASIC,17,"This alternative behaviour allows the link state machine of the previous version of the SpaceWire standard ECSS-E-ST-50-12C (31 July 2008) to be used. The improvement in the current version (Revision 1) means that the link state machine immediately moves to and remains in the ErrorReset state with the receiver disabled, when Disable is asserted. The functions of Disable/Enable, Link Start and Autostart have been separated for clarity",G ((receiver_Disable_asserted ) -> X (G(ErrorReset_State))),G(receiver_Disable_asserted -> X(ErrorReset_State & G(ErrorReset_State))),True
BASIC,17,"This alternative behaviour allows the link state machine of the previous version of the SpaceWire standard ECSS-E-ST-50-12C (31 July 2008) to be used. The improvement in the current version (Revision 1) means that the link state machine immediately moves to and remains in the ErrorReset state with the receiver disabled, when Disable is asserted. The functions of Disable/Enable, Link Start and Autostart have been separated for clarity",G ((receiver_Disable_asserted ) -> X (G(ErrorReset_State))),G(receiver_Disable_asserted -> X(ErrorReset_State & G(ErrorReset_State))),True
BASIC,17,"This alternative behaviour allows the link state machine of the previous version of the SpaceWire standard ECSS-E-ST-50-12C (31 July 2008) to be used. The improvement in the current version (Revision 1) means that the link state machine immediately moves to and remains in the ErrorReset state with the receiver disabled, when Disable is asserted. The functions of Disable/Enable, Link Start and Autostart have been separated for clarity",G ((receiver_Disable_asserted ) -> X (G(ErrorReset_State))),G(receiver_Disable_asserted -> X(ErrorReset_State & G(ErrorReset_State))),True
BASIC,17,"This alternative behaviour allows the link state machine of the previous version of the SpaceWire standard ECSS-E-ST-50-12C (31 July 2008) to be used. The improvement in the current version (Revision 1) means that the link state machine immediately moves to and remains in the ErrorReset state with the receiver disabled, when Disable is asserted. The functions of Disable/Enable, Link Start and Autostart have been separated for clarity",G ((receiver_Disable_asserted ) -> X (G(ErrorReset_State))),G(receiver_Disable_asserted -> X(ErrorReset_State & G(ErrorReset_State))),True
BASIC,17,"This alternative behaviour allows the link state machine of the previous version of the SpaceWire standard ECSS-E-ST-50-12C (31 July 2008) to be used. The improvement in the current version (Revision 1) means that the link state machine immediately moves to and remains in the ErrorReset state with the receiver disabled, when Disable is asserted. The functions of Disable/Enable, Link Start and Autostart have been separated for clarity",G ((receiver_Disable_asserted ) -> X (G(ErrorReset_State))),G(receiver_Disable_asserted -> X(ErrorReset_State & G(ErrorReset_State))),True
BASIC,17,"This alternative behaviour allows the link state machine of the previous version of the SpaceWire standard ECSS-E-ST-50-12C (31 July 2008) to be used. The improvement in the current version (Revision 1) means that the link state machine immediately moves to and remains in the ErrorReset state with the receiver disabled, when Disable is asserted. The functions of Disable/Enable, Link Start and Autostart have been separated for clarity",G ((receiver_Disable_asserted ) -> X (G(ErrorReset_State))),G(receiver_Disable_asserted -> X(ErrorReset_State & G(ErrorReset_State))),True
BASIC,20,"When in the Recovery state, the Link Error Recovery state machine shall initiate the following actions: 1.If currently sending a packet, discard the remainder of the packet that has not yet been sent. 2.If the last character written to the receive FIFO was a data character, write an EEP to the receive FIFO. 3.When the last character written was an EOP or EEP, another EEP can be added to the receive FIFO. 4.If an EEP is pending, ready for writing to the receive FIFO and that FIFO is full preventing an EEP being written, wait until there is space in the receive FIFO and then write the EEP. 5.Record the cause of the error in a status register",G((Recovery_state) -> (((sending_current_packet) & (a_packet_not_sent)) -> X(discard_remainder))) & (G((Recovery_state) -> ((last_character_is_data) -> X(EEP_sent_to_receive_FIFO))) & (G((Recovery_state) -> ((last_character_EOP & last_character_EEP) -> X(EEP_sent_to_receive_FIFO))) & (G((Recovery_state) -> ( (((EEP_pending) & (FIFO_full)) -> ((EEP_wait) U (EEP_in_receive_FIFO))) -> X(write_EEP))) & G((Recovery_state) -> ((error) -> X (Record_error)))))),G(Recovery_state -> (G(sending_current_packet -> discard_remainder) & G(last_character_is_data -> write_EEP) & G((last_character_EOP | last_character_EEP) -> F(EEP_in_receive_FIFO)) & G(EEP_pending & IFO_full -> (G(!IFO_full,None
BASIC,20,"When in the Recovery state, the Link Error Recovery state machine shall initiate the following actions: 1.If currently sending a packet, discard the remainder of the packet that has not yet been sent. 2.If the last character written to the receive FIFO was a data character, write an EEP to the receive FIFO. 3.When the last character written was an EOP or EEP, another EEP can be added to the receive FIFO. 4.If an EEP is pending, ready for writing to the receive FIFO and that FIFO is full preventing an EEP being written, wait until there is space in the receive FIFO and then write the EEP. 5.Record the cause of the error in a status register",G((Recovery_state) -> (((sending_current_packet) & (a_packet_not_sent)) -> X(discard_remainder))) & (G((Recovery_state) -> ((last_character_is_data) -> X(EEP_sent_to_receive_FIFO))) & (G((Recovery_state) -> ((last_character_EOP & last_character_EEP) -> X(EEP_sent_to_receive_FIFO))) & (G((Recovery_state) -> ( (((EEP_pending) & (FIFO_full)) -> ((EEP_wait) U (EEP_in_receive_FIFO))) -> X(write_EEP))) & G((Recovery_state) -> ((error) -> X (Record_error)))))),G(Recovery_state -> (G(sending_current_packet -> discard_remainder) & G(last_character_is_data -> write_EEP) & G((last_character_EOP | last_character_EEP) -> F(EEP_in_receive_FIFO)) & G(EEP_pending & IFO_full -> (G(!IFO_full,None
BASIC,20,"When in the Recovery state, the Link Error Recovery state machine shall initiate the following actions: 1.If currently sending a packet, discard the remainder of the packet that has not yet been sent. 2.If the last character written to the receive FIFO was a data character, write an EEP to the receive FIFO. 3.When the last character written was an EOP or EEP, another EEP can be added to the receive FIFO. 4.If an EEP is pending, ready for writing to the receive FIFO and that FIFO is full preventing an EEP being written, wait until there is space in the receive FIFO and then write the EEP. 5.Record the cause of the error in a status register",G((Recovery_state) -> (((sending_current_packet) & (a_packet_not_sent)) -> X(discard_remainder))) & (G((Recovery_state) -> ((last_character_is_data) -> X(EEP_sent_to_receive_FIFO))) & (G((Recovery_state) -> ((last_character_EOP & last_character_EEP) -> X(EEP_sent_to_receive_FIFO))) & (G((Recovery_state) -> ( (((EEP_pending) & (FIFO_full)) -> ((EEP_wait) U (EEP_in_receive_FIFO))) -> X(write_EEP))) & G((Recovery_state) -> ((error) -> X (Record_error)))))),G(Recovery_state -> (G(sending_current_packet -> discard_remainder) & G(last_character_is_data -> write_EEP) & G((last_character_EOP | last_character_EEP) -> EEP_sent_to_receive_FIFO) & G(EEP_pending & IFO_full -> (G(!IFO_full,None
BASIC,20,"When in the Recovery state, the Link Error Recovery state machine shall initiate the following actions: 1.If currently sending a packet, discard the remainder of the packet that has not yet been sent. 2.If the last character written to the receive FIFO was a data character, write an EEP to the receive FIFO. 3.When the last character written was an EOP or EEP, another EEP can be added to the receive FIFO. 4.If an EEP is pending, ready for writing to the receive FIFO and that FIFO is full preventing an EEP being written, wait until there is space in the receive FIFO and then write the EEP. 5.Record the cause of the error in a status register",G((Recovery_state) -> (((sending_current_packet) & (a_packet_not_sent)) -> X(discard_remainder))) & (G((Recovery_state) -> ((last_character_is_data) -> X(EEP_sent_to_receive_FIFO))) & (G((Recovery_state) -> ((last_character_EOP & last_character_EEP) -> X(EEP_sent_to_receive_FIFO))) & (G((Recovery_state) -> ( (((EEP_pending) & (FIFO_full)) -> ((EEP_wait) U (EEP_in_receive_FIFO))) -> X(write_EEP))) & G((Recovery_state) -> ((error) -> X (Record_error)))))),G(Recovery_state -> (X(sending_current_packet -> discard_remainder) & X(last_character_is_data -> write_EEP) & X((last_character_EOP | last_character_EEP) -> EEP_sent_to_receive_FIFO) & X(EEP_pending & IFO_full -> (G(!IFO_full,None
BASIC,20,"When in the Recovery state, the Link Error Recovery state machine shall initiate the following actions: 1.If currently sending a packet, discard the remainder of the packet that has not yet been sent. 2.If the last character written to the receive FIFO was a data character, write an EEP to the receive FIFO. 3.When the last character written was an EOP or EEP, another EEP can be added to the receive FIFO. 4.If an EEP is pending, ready for writing to the receive FIFO and that FIFO is full preventing an EEP being written, wait until there is space in the receive FIFO and then write the EEP. 5.Record the cause of the error in a status register",G((Recovery_state) -> (((sending_current_packet) & (a_packet_not_sent)) -> X(discard_remainder))) & (G((Recovery_state) -> ((last_character_is_data) -> X(EEP_sent_to_receive_FIFO))) & (G((Recovery_state) -> ((last_character_EOP & last_character_EEP) -> X(EEP_sent_to_receive_FIFO))) & (G((Recovery_state) -> ( (((EEP_pending) & (FIFO_full)) -> ((EEP_wait) U (EEP_in_receive_FIFO))) -> X(write_EEP))) & G((Recovery_state) -> ((error) -> X (Record_error)))))),G(Recovery_state -> (G(sending_current_packet -> X(discard_remainder & a_packet_not_sent)) & G(last_character_is_data -> X(write_EEP & EEP_sent_to_receive_FIFO)) & G((last_character_EOP | last_character_EEP) -> F(EEP_sent_to_receive_FIFO,None
BASIC,20,"When in the Recovery state, the Link Error Recovery state machine shall initiate the following actions: 1.If currently sending a packet, discard the remainder of the packet that has not yet been sent. 2.If the last character written to the receive FIFO was a data character, write an EEP to the receive FIFO. 3.When the last character written was an EOP or EEP, another EEP can be added to the receive FIFO. 4.If an EEP is pending, ready for writing to the receive FIFO and that FIFO is full preventing an EEP being written, wait until there is space in the receive FIFO and then write the EEP. 5.Record the cause of the error in a status register",G((Recovery_state) -> (((sending_current_packet) & (a_packet_not_sent)) -> X(discard_remainder))) & (G((Recovery_state) -> ((last_character_is_data) -> X(EEP_sent_to_receive_FIFO))) & (G((Recovery_state) -> ((last_character_EOP & last_character_EEP) -> X(EEP_sent_to_receive_FIFO))) & (G((Recovery_state) -> ( (((EEP_pending) & (FIFO_full)) -> ((EEP_wait) U (EEP_in_receive_FIFO))) -> X(write_EEP))) & G((Recovery_state) -> ((error) -> X (Record_error)))))),G(Recovery_state -> (G(sending_current_packet -> discard_remainder) & G(last_character_is_data -> write_EEP) & G((last_character_EOP | last_character_EEP) -> F(EEP_in_receive_FIFO)) & G(EEP_pending & IFO_full -> (G(!IFO_full,None
BASIC,20,"When in the Recovery state, the Link Error Recovery state machine shall initiate the following actions: 1.If currently sending a packet, discard the remainder of the packet that has not yet been sent. 2.If the last character written to the receive FIFO was a data character, write an EEP to the receive FIFO. 3.When the last character written was an EOP or EEP, another EEP can be added to the receive FIFO. 4.If an EEP is pending, ready for writing to the receive FIFO and that FIFO is full preventing an EEP being written, wait until there is space in the receive FIFO and then write the EEP. 5.Record the cause of the error in a status register",G((Recovery_state) -> (((sending_current_packet) & (a_packet_not_sent)) -> X(discard_remainder))) & (G((Recovery_state) -> ((last_character_is_data) -> X(EEP_sent_to_receive_FIFO))) & (G((Recovery_state) -> ((last_character_EOP & last_character_EEP) -> X(EEP_sent_to_receive_FIFO))) & (G((Recovery_state) -> ( (((EEP_pending) & (FIFO_full)) -> ((EEP_wait) U (EEP_in_receive_FIFO))) -> X(write_EEP))) & G((Recovery_state) -> ((error) -> X (Record_error)))))),G(Recovery_state -> (G(sending_current_packet -> discard_remainder) & G(last_character_is_data -> write_EEP) & G((last_character_EOP | last_character_EEP) -> F(EEP_in_receive_FIFO)) & G(EEP_pending & IFO_full -> (G(!IFO_full,None
BASIC,20,"When in the Recovery state, the Link Error Recovery state machine shall initiate the following actions: 1.If currently sending a packet, discard the remainder of the packet that has not yet been sent. 2.If the last character written to the receive FIFO was a data character, write an EEP to the receive FIFO. 3.When the last character written was an EOP or EEP, another EEP can be added to the receive FIFO. 4.If an EEP is pending, ready for writing to the receive FIFO and that FIFO is full preventing an EEP being written, wait until there is space in the receive FIFO and then write the EEP. 5.Record the cause of the error in a status register",G((Recovery_state) -> (((sending_current_packet) & (a_packet_not_sent)) -> X(discard_remainder))) & (G((Recovery_state) -> ((last_character_is_data) -> X(EEP_sent_to_receive_FIFO))) & (G((Recovery_state) -> ((last_character_EOP & last_character_EEP) -> X(EEP_sent_to_receive_FIFO))) & (G((Recovery_state) -> ( (((EEP_pending) & (FIFO_full)) -> ((EEP_wait) U (EEP_in_receive_FIFO))) -> X(write_EEP))) & G((Recovery_state) -> ((error) -> X (Record_error)))))),G(Recovery_state -> (G(sending_current_packet -> discard_remainder) & G(last_character_is_data -> write_EEP) & G((last_character_EOP | last_character_EEP) -> F(EEP_in_receive_FIFO)) & G(EEP_pending & IFO_full -> (G(!IFO_full,None
BASIC,20,"When in the Recovery state, the Link Error Recovery state machine shall initiate the following actions: 1.If currently sending a packet, discard the remainder of the packet that has not yet been sent. 2.If the last character written to the receive FIFO was a data character, write an EEP to the receive FIFO. 3.When the last character written was an EOP or EEP, another EEP can be added to the receive FIFO. 4.If an EEP is pending, ready for writing to the receive FIFO and that FIFO is full preventing an EEP being written, wait until there is space in the receive FIFO and then write the EEP. 5.Record the cause of the error in a status register",G((Recovery_state) -> (((sending_current_packet) & (a_packet_not_sent)) -> X(discard_remainder))) & (G((Recovery_state) -> ((last_character_is_data) -> X(EEP_sent_to_receive_FIFO))) & (G((Recovery_state) -> ((last_character_EOP & last_character_EEP) -> X(EEP_sent_to_receive_FIFO))) & (G((Recovery_state) -> ( (((EEP_pending) & (FIFO_full)) -> ((EEP_wait) U (EEP_in_receive_FIFO))) -> X(write_EEP))) & G((Recovery_state) -> ((error) -> X (Record_error)))))),G(Recovery_state -> (G(sending_current_packet -> X(discard_remainder & a_packet_not_sent)) & G(last_character_is_data -> X(write_EEP & EEP_in_receive_FIFO)) & G((last_character_EOP | last_character_EEP) -> X(EEP_in_receive_FIFO)) &,None
BASIC,20,"When in the Recovery state, the Link Error Recovery state machine shall initiate the following actions: 1.If currently sending a packet, discard the remainder of the packet that has not yet been sent. 2.If the last character written to the receive FIFO was a data character, write an EEP to the receive FIFO. 3.When the last character written was an EOP or EEP, another EEP can be added to the receive FIFO. 4.If an EEP is pending, ready for writing to the receive FIFO and that FIFO is full preventing an EEP being written, wait until there is space in the receive FIFO and then write the EEP. 5.Record the cause of the error in a status register",G((Recovery_state) -> (((sending_current_packet) & (a_packet_not_sent)) -> X(discard_remainder))) & (G((Recovery_state) -> ((last_character_is_data) -> X(EEP_sent_to_receive_FIFO))) & (G((Recovery_state) -> ((last_character_EOP & last_character_EEP) -> X(EEP_sent_to_receive_FIFO))) & (G((Recovery_state) -> ( (((EEP_pending) & (FIFO_full)) -> ((EEP_wait) U (EEP_in_receive_FIFO))) -> X(write_EEP))) & G((Recovery_state) -> ((error) -> X (Record_error)))))),G(Recovery_state -> (G(sending_current_packet -> discard_remainder) & G(last_character_is_data -> write_EEP) & G((last_character_EOP | last_character_EEP) -> EEP_in_receive_FIFO) & G(EEP_pending & IFO_full -> (G(!IFO_full),None
BASIC,20,"When in the Recovery state, the Link Error Recovery state machine shall initiate the following actions: 1.If currently sending a packet, discard the remainder of the packet that has not yet been sent. 2.If the last character written to the receive FIFO was a data character, write an EEP to the receive FIFO. 3.When the last character written was an EOP or EEP, another EEP can be added to the receive FIFO. 4.If an EEP is pending, ready for writing to the receive FIFO and that FIFO is full preventing an EEP being written, wait until there is space in the receive FIFO and then write the EEP. 5.Record the cause of the error in a status register",G((Recovery_state) -> (((sending_current_packet) & (a_packet_not_sent)) -> X(discard_remainder))) & (G((Recovery_state) -> ((last_character_is_data) -> X(EEP_sent_to_receive_FIFO))) & (G((Recovery_state) -> ((last_character_EOP & last_character_EEP) -> X(EEP_sent_to_receive_FIFO))) & (G((Recovery_state) -> ( (((EEP_pending) & (FIFO_full)) -> ((EEP_wait) U (EEP_in_receive_FIFO))) -> X(write_EEP))) & G((Recovery_state) -> ((error) -> X (Record_error)))))),G(Recovery_state -> (G(sending_current_packet -> discard_remainder) & G(last_character_is_data -> write_EEP) & G((last_character_EOP | last_character_EEP) -> EEP_sent_to_receive_FIFO) & G(EEP_pending & IFO_full -> (G(!IFO_full,None
BASIC,20,"When in the Recovery state, the Link Error Recovery state machine shall initiate the following actions: 1.If currently sending a packet, discard the remainder of the packet that has not yet been sent. 2.If the last character written to the receive FIFO was a data character, write an EEP to the receive FIFO. 3.When the last character written was an EOP or EEP, another EEP can be added to the receive FIFO. 4.If an EEP is pending, ready for writing to the receive FIFO and that FIFO is full preventing an EEP being written, wait until there is space in the receive FIFO and then write the EEP. 5.Record the cause of the error in a status register",G((Recovery_state) -> (((sending_current_packet) & (a_packet_not_sent)) -> X(discard_remainder))) & (G((Recovery_state) -> ((last_character_is_data) -> X(EEP_sent_to_receive_FIFO))) & (G((Recovery_state) -> ((last_character_EOP & last_character_EEP) -> X(EEP_sent_to_receive_FIFO))) & (G((Recovery_state) -> ( (((EEP_pending) & (FIFO_full)) -> ((EEP_wait) U (EEP_in_receive_FIFO))) -> X(write_EEP))) & G((Recovery_state) -> ((error) -> X (Record_error)))))),G(Recovery_state -> (G(sending_current_packet -> X(discard_remainder & a_packet_not_sent)) & G(last_character_is_data -> X(write_EEP & EEP_in_receive_FIFO)) & G((last_character_EOP | last_character_EEP) -> X(EEP_in_receive_FIFO)) &,None
BASIC,20,"When in the Recovery state, the Link Error Recovery state machine shall initiate the following actions: 1.If currently sending a packet, discard the remainder of the packet that has not yet been sent. 2.If the last character written to the receive FIFO was a data character, write an EEP to the receive FIFO. 3.When the last character written was an EOP or EEP, another EEP can be added to the receive FIFO. 4.If an EEP is pending, ready for writing to the receive FIFO and that FIFO is full preventing an EEP being written, wait until there is space in the receive FIFO and then write the EEP. 5.Record the cause of the error in a status register",G((Recovery_state) -> (((sending_current_packet) & (a_packet_not_sent)) -> X(discard_remainder))) & (G((Recovery_state) -> ((last_character_is_data) -> X(EEP_sent_to_receive_FIFO))) & (G((Recovery_state) -> ((last_character_EOP & last_character_EEP) -> X(EEP_sent_to_receive_FIFO))) & (G((Recovery_state) -> ( (((EEP_pending) & (FIFO_full)) -> ((EEP_wait) U (EEP_in_receive_FIFO))) -> X(write_EEP))) & G((Recovery_state) -> ((error) -> X (Record_error)))))),G(Recovery_state -> (G(sending_current_packet -> discard_remainder) & G(last_character_is_data -> write_EEP) & G((last_character_EOP | last_character_EEP) -> EEP_sent_to_receive_FIFO) & G(EEP_pending & IFO_full -> (G(!IFO_full,None
BASIC,20,"When in the Recovery state, the Link Error Recovery state machine shall initiate the following actions: 1.If currently sending a packet, discard the remainder of the packet that has not yet been sent. 2.If the last character written to the receive FIFO was a data character, write an EEP to the receive FIFO. 3.When the last character written was an EOP or EEP, another EEP can be added to the receive FIFO. 4.If an EEP is pending, ready for writing to the receive FIFO and that FIFO is full preventing an EEP being written, wait until there is space in the receive FIFO and then write the EEP. 5.Record the cause of the error in a status register",G((Recovery_state) -> (((sending_current_packet) & (a_packet_not_sent)) -> X(discard_remainder))) & (G((Recovery_state) -> ((last_character_is_data) -> X(EEP_sent_to_receive_FIFO))) & (G((Recovery_state) -> ((last_character_EOP & last_character_EEP) -> X(EEP_sent_to_receive_FIFO))) & (G((Recovery_state) -> ( (((EEP_pending) & (FIFO_full)) -> ((EEP_wait) U (EEP_in_receive_FIFO))) -> X(write_EEP))) & G((Recovery_state) -> ((error) -> X (Record_error)))))),G(Recovery_state -> (X(sending_current_packet -> discard_remainder) & X(last_character_is_data -> write_EEP) & X((last_character_EOP | last_character_EEP) -> EEP_sent_to_receive_FIFO) & X(EEP_pending & IFO_full -> (G(!IFO_full,None
BASIC,20,"When in the Recovery state, the Link Error Recovery state machine shall initiate the following actions: 1.If currently sending a packet, discard the remainder of the packet that has not yet been sent. 2.If the last character written to the receive FIFO was a data character, write an EEP to the receive FIFO. 3.When the last character written was an EOP or EEP, another EEP can be added to the receive FIFO. 4.If an EEP is pending, ready for writing to the receive FIFO and that FIFO is full preventing an EEP being written, wait until there is space in the receive FIFO and then write the EEP. 5.Record the cause of the error in a status register",G((Recovery_state) -> (((sending_current_packet) & (a_packet_not_sent)) -> X(discard_remainder))) & (G((Recovery_state) -> ((last_character_is_data) -> X(EEP_sent_to_receive_FIFO))) & (G((Recovery_state) -> ((last_character_EOP & last_character_EEP) -> X(EEP_sent_to_receive_FIFO))) & (G((Recovery_state) -> ( (((EEP_pending) & (FIFO_full)) -> ((EEP_wait) U (EEP_in_receive_FIFO))) -> X(write_EEP))) & G((Recovery_state) -> ((error) -> X (Record_error)))))),G(Recovery_state -> (G(sending_current_packet -> discard_remainder) & G(last_character_is_data -> write_EEP) & G((last_character_EOP | last_character_EEP) -> F(EEP_in_receive_FIFO)) & G(EEP_pending & IFO_full -> (G(!IFO_full,None
BASIC,20,"When in the Recovery state, the Link Error Recovery state machine shall initiate the following actions: 1.If currently sending a packet, discard the remainder of the packet that has not yet been sent. 2.If the last character written to the receive FIFO was a data character, write an EEP to the receive FIFO. 3.When the last character written was an EOP or EEP, another EEP can be added to the receive FIFO. 4.If an EEP is pending, ready for writing to the receive FIFO and that FIFO is full preventing an EEP being written, wait until there is space in the receive FIFO and then write the EEP. 5.Record the cause of the error in a status register",G((Recovery_state) -> (((sending_current_packet) & (a_packet_not_sent)) -> X(discard_remainder))) & (G((Recovery_state) -> ((last_character_is_data) -> X(EEP_sent_to_receive_FIFO))) & (G((Recovery_state) -> ((last_character_EOP & last_character_EEP) -> X(EEP_sent_to_receive_FIFO))) & (G((Recovery_state) -> ( (((EEP_pending) & (FIFO_full)) -> ((EEP_wait) U (EEP_in_receive_FIFO))) -> X(write_EEP))) & G((Recovery_state) -> ((error) -> X (Record_error)))))),G(Recovery_state -> (G(sending_current_packet -> discard_remainder) & G(last_character_is_data -> write_EEP) & G((last_character_EOP | last_character_EEP) -> F(EEP_in_receive_FIFO)) & G(EEP_pending & IFO_full -> (G(!IFO_full,None
BASIC,20,"When in the Recovery state, the Link Error Recovery state machine shall initiate the following actions: 1.If currently sending a packet, discard the remainder of the packet that has not yet been sent. 2.If the last character written to the receive FIFO was a data character, write an EEP to the receive FIFO. 3.When the last character written was an EOP or EEP, another EEP can be added to the receive FIFO. 4.If an EEP is pending, ready for writing to the receive FIFO and that FIFO is full preventing an EEP being written, wait until there is space in the receive FIFO and then write the EEP. 5.Record the cause of the error in a status register",G((Recovery_state) -> (((sending_current_packet) & (a_packet_not_sent)) -> X(discard_remainder))) & (G((Recovery_state) -> ((last_character_is_data) -> X(EEP_sent_to_receive_FIFO))) & (G((Recovery_state) -> ((last_character_EOP & last_character_EEP) -> X(EEP_sent_to_receive_FIFO))) & (G((Recovery_state) -> ( (((EEP_pending) & (FIFO_full)) -> ((EEP_wait) U (EEP_in_receive_FIFO))) -> X(write_EEP))) & G((Recovery_state) -> ((error) -> X (Record_error)))))),G(Recovery_state -> (G(sending_current_packet -> discard_remainder) & G(last_character_is_data -> write_EEP) & G((last_character_EOP | last_character_EEP) -> F(EEP_in_receive_FIFO)) & G(EEP_pending & IFO_full -> (G(!IFO_full,None
BASIC,20,"When in the Recovery state, the Link Error Recovery state machine shall initiate the following actions: 1.If currently sending a packet, discard the remainder of the packet that has not yet been sent. 2.If the last character written to the receive FIFO was a data character, write an EEP to the receive FIFO. 3.When the last character written was an EOP or EEP, another EEP can be added to the receive FIFO. 4.If an EEP is pending, ready for writing to the receive FIFO and that FIFO is full preventing an EEP being written, wait until there is space in the receive FIFO and then write the EEP. 5.Record the cause of the error in a status register",G((Recovery_state) -> (((sending_current_packet) & (a_packet_not_sent)) -> X(discard_remainder))) & (G((Recovery_state) -> ((last_character_is_data) -> X(EEP_sent_to_receive_FIFO))) & (G((Recovery_state) -> ((last_character_EOP & last_character_EEP) -> X(EEP_sent_to_receive_FIFO))) & (G((Recovery_state) -> ( (((EEP_pending) & (FIFO_full)) -> ((EEP_wait) U (EEP_in_receive_FIFO))) -> X(write_EEP))) & G((Recovery_state) -> ((error) -> X (Record_error)))))),G(Recovery_state -> (G(sending_current_packet -> discard_remainder) & G(last_character_is_data -> write_EEP) & G((last_character_EOP | last_character_EEP) -> F(EEP_in_receive_FIFO)) & G(EEP_pending & IFO_full -> (G(!IFO_full,None
BASIC,20,"When in the Recovery state, the Link Error Recovery state machine shall initiate the following actions: 1.If currently sending a packet, discard the remainder of the packet that has not yet been sent. 2.If the last character written to the receive FIFO was a data character, write an EEP to the receive FIFO. 3.When the last character written was an EOP or EEP, another EEP can be added to the receive FIFO. 4.If an EEP is pending, ready for writing to the receive FIFO and that FIFO is full preventing an EEP being written, wait until there is space in the receive FIFO and then write the EEP. 5.Record the cause of the error in a status register",G((Recovery_state) -> (((sending_current_packet) & (a_packet_not_sent)) -> X(discard_remainder))) & (G((Recovery_state) -> ((last_character_is_data) -> X(EEP_sent_to_receive_FIFO))) & (G((Recovery_state) -> ((last_character_EOP & last_character_EEP) -> X(EEP_sent_to_receive_FIFO))) & (G((Recovery_state) -> ( (((EEP_pending) & (FIFO_full)) -> ((EEP_wait) U (EEP_in_receive_FIFO))) -> X(write_EEP))) & G((Recovery_state) -> ((error) -> X (Record_error)))))),G(Recovery_state -> (G(sending_current_packet -> discard_remainder) & G(last_character_is_data -> write_EEP) & G((last_character_EOP | last_character_EEP) -> F(EEP_in_receive_FIFO)) & G(EEP_pending & IFO_full -> (G(!IFO_full,None
BASIC,20,"When in the Recovery state, the Link Error Recovery state machine shall initiate the following actions: 1.If currently sending a packet, discard the remainder of the packet that has not yet been sent. 2.If the last character written to the receive FIFO was a data character, write an EEP to the receive FIFO. 3.When the last character written was an EOP or EEP, another EEP can be added to the receive FIFO. 4.If an EEP is pending, ready for writing to the receive FIFO and that FIFO is full preventing an EEP being written, wait until there is space in the receive FIFO and then write the EEP. 5.Record the cause of the error in a status register",G((Recovery_state) -> (((sending_current_packet) & (a_packet_not_sent)) -> X(discard_remainder))) & (G((Recovery_state) -> ((last_character_is_data) -> X(EEP_sent_to_receive_FIFO))) & (G((Recovery_state) -> ((last_character_EOP & last_character_EEP) -> X(EEP_sent_to_receive_FIFO))) & (G((Recovery_state) -> ( (((EEP_pending) & (FIFO_full)) -> ((EEP_wait) U (EEP_in_receive_FIFO))) -> X(write_EEP))) & G((Recovery_state) -> ((error) -> X (Record_error)))))),G(Recovery_state -> (G(sending_current_packet -> discard_remainder) & G(last_character_is_data -> write_EEP) & G((last_character_EOP | last_character_EEP) -> EEP_sent_to_receive_FIFO) & G(EEP_pending & IFO_full -> (G(!IFO_full,None
BASIC,20,"When in the Recovery state, the Link Error Recovery state machine shall initiate the following actions: 1.If currently sending a packet, discard the remainder of the packet that has not yet been sent. 2.If the last character written to the receive FIFO was a data character, write an EEP to the receive FIFO. 3.When the last character written was an EOP or EEP, another EEP can be added to the receive FIFO. 4.If an EEP is pending, ready for writing to the receive FIFO and that FIFO is full preventing an EEP being written, wait until there is space in the receive FIFO and then write the EEP. 5.Record the cause of the error in a status register",G((Recovery_state) -> (((sending_current_packet) & (a_packet_not_sent)) -> X(discard_remainder))) & (G((Recovery_state) -> ((last_character_is_data) -> X(EEP_sent_to_receive_FIFO))) & (G((Recovery_state) -> ((last_character_EOP & last_character_EEP) -> X(EEP_sent_to_receive_FIFO))) & (G((Recovery_state) -> ( (((EEP_pending) & (FIFO_full)) -> ((EEP_wait) U (EEP_in_receive_FIFO))) -> X(write_EEP))) & G((Recovery_state) -> ((error) -> X (Record_error)))))),G(Recovery_state -> (G(sending_current_packet -> discard_remainder) & G(last_character_is_data -> write_EEP) & G((last_character_EOP | last_character_EEP) -> F(EEP_in_receive_FIFO)) & G(EEP_pending & IFO_full -> (G(!IFO_full,None
BASIC,20,"When in the Recovery state, the Link Error Recovery state machine shall initiate the following actions: 1.If currently sending a packet, discard the remainder of the packet that has not yet been sent. 2.If the last character written to the receive FIFO was a data character, write an EEP to the receive FIFO. 3.When the last character written was an EOP or EEP, another EEP can be added to the receive FIFO. 4.If an EEP is pending, ready for writing to the receive FIFO and that FIFO is full preventing an EEP being written, wait until there is space in the receive FIFO and then write the EEP. 5.Record the cause of the error in a status register",G((Recovery_state) -> (((sending_current_packet) & (a_packet_not_sent)) -> X(discard_remainder))) & (G((Recovery_state) -> ((last_character_is_data) -> X(EEP_sent_to_receive_FIFO))) & (G((Recovery_state) -> ((last_character_EOP & last_character_EEP) -> X(EEP_sent_to_receive_FIFO))) & (G((Recovery_state) -> ( (((EEP_pending) & (FIFO_full)) -> ((EEP_wait) U (EEP_in_receive_FIFO))) -> X(write_EEP))) & G((Recovery_state) -> ((error) -> X (Record_error)))))),G(Recovery_state -> (G(sending_current_packet -> discard_remainder) & G(last_character_is_data -> write_EEP) & G((last_character_EOP | last_character_EEP) -> F(EEP_in_receive_FIFO)) & G(EEP_pending & IFO_full -> (G(!IFO_full,None
BASIC,20,"When in the Recovery state, the Link Error Recovery state machine shall initiate the following actions: 1.If currently sending a packet, discard the remainder of the packet that has not yet been sent. 2.If the last character written to the receive FIFO was a data character, write an EEP to the receive FIFO. 3.When the last character written was an EOP or EEP, another EEP can be added to the receive FIFO. 4.If an EEP is pending, ready for writing to the receive FIFO and that FIFO is full preventing an EEP being written, wait until there is space in the receive FIFO and then write the EEP. 5.Record the cause of the error in a status register",G((Recovery_state) -> (((sending_current_packet) & (a_packet_not_sent)) -> X(discard_remainder))) & (G((Recovery_state) -> ((last_character_is_data) -> X(EEP_sent_to_receive_FIFO))) & (G((Recovery_state) -> ((last_character_EOP & last_character_EEP) -> X(EEP_sent_to_receive_FIFO))) & (G((Recovery_state) -> ( (((EEP_pending) & (FIFO_full)) -> ((EEP_wait) U (EEP_in_receive_FIFO))) -> X(write_EEP))) & G((Recovery_state) -> ((error) -> X (Record_error)))))),G(Recovery_state -> (G(sending_current_packet -> discard_remainder) & G(last_character_is_data -> write_EEP) & G((last_character_EOP | last_character_EEP) -> EEP_sent_to_receive_FIFO) & G(EEP_pending & IFO_full -> (G(!IFO_full,None
BASIC,20,"When in the Recovery state, the Link Error Recovery state machine shall initiate the following actions: 1.If currently sending a packet, discard the remainder of the packet that has not yet been sent. 2.If the last character written to the receive FIFO was a data character, write an EEP to the receive FIFO. 3.When the last character written was an EOP or EEP, another EEP can be added to the receive FIFO. 4.If an EEP is pending, ready for writing to the receive FIFO and that FIFO is full preventing an EEP being written, wait until there is space in the receive FIFO and then write the EEP. 5.Record the cause of the error in a status register",G((Recovery_state) -> (((sending_current_packet) & (a_packet_not_sent)) -> X(discard_remainder))) & (G((Recovery_state) -> ((last_character_is_data) -> X(EEP_sent_to_receive_FIFO))) & (G((Recovery_state) -> ((last_character_EOP & last_character_EEP) -> X(EEP_sent_to_receive_FIFO))) & (G((Recovery_state) -> ( (((EEP_pending) & (FIFO_full)) -> ((EEP_wait) U (EEP_in_receive_FIFO))) -> X(write_EEP))) & G((Recovery_state) -> ((error) -> X (Record_error)))))),G(Recovery_state -> (X(sending_current_packet -> discard_remainder) & X(last_character_is_data -> write_EEP) & X((last_character_EOP | last_character_EEP) -> EEP_sent_to_receive_FIFO) & X(EEP_pending & IFO_full -> (G(!IFO_full,None
BASIC,20,"When in the Recovery state, the Link Error Recovery state machine shall initiate the following actions: 1.If currently sending a packet, discard the remainder of the packet that has not yet been sent. 2.If the last character written to the receive FIFO was a data character, write an EEP to the receive FIFO. 3.When the last character written was an EOP or EEP, another EEP can be added to the receive FIFO. 4.If an EEP is pending, ready for writing to the receive FIFO and that FIFO is full preventing an EEP being written, wait until there is space in the receive FIFO and then write the EEP. 5.Record the cause of the error in a status register",G((Recovery_state) -> (((sending_current_packet) & (a_packet_not_sent)) -> X(discard_remainder))) & (G((Recovery_state) -> ((last_character_is_data) -> X(EEP_sent_to_receive_FIFO))) & (G((Recovery_state) -> ((last_character_EOP & last_character_EEP) -> X(EEP_sent_to_receive_FIFO))) & (G((Recovery_state) -> ( (((EEP_pending) & (FIFO_full)) -> ((EEP_wait) U (EEP_in_receive_FIFO))) -> X(write_EEP))) & G((Recovery_state) -> ((error) -> X (Record_error)))))),G(Recovery_state -> (G(sending_current_packet -> X(discard_remainder & a_packet_not_sent)) & G(last_character_is_data -> X(write_EEP & EEP_in_receive_FIFO)) & G((last_character_EOP | last_character_EEP) -> X(EEP_in_receive_FIFO)) &,None
BASIC,20,"When in the Recovery state, the Link Error Recovery state machine shall initiate the following actions: 1.If currently sending a packet, discard the remainder of the packet that has not yet been sent. 2.If the last character written to the receive FIFO was a data character, write an EEP to the receive FIFO. 3.When the last character written was an EOP or EEP, another EEP can be added to the receive FIFO. 4.If an EEP is pending, ready for writing to the receive FIFO and that FIFO is full preventing an EEP being written, wait until there is space in the receive FIFO and then write the EEP. 5.Record the cause of the error in a status register",G((Recovery_state) -> (((sending_current_packet) & (a_packet_not_sent)) -> X(discard_remainder))) & (G((Recovery_state) -> ((last_character_is_data) -> X(EEP_sent_to_receive_FIFO))) & (G((Recovery_state) -> ((last_character_EOP & last_character_EEP) -> X(EEP_sent_to_receive_FIFO))) & (G((Recovery_state) -> ( (((EEP_pending) & (FIFO_full)) -> ((EEP_wait) U (EEP_in_receive_FIFO))) -> X(write_EEP))) & G((Recovery_state) -> ((error) -> X (Record_error)))))),G(Recovery_state -> (G(sending_current_packet -> discard_remainder) & G(last_character_is_data -> write_EEP) & G((last_character_EOP | last_character_EEP) -> F(EEP_in_receive_FIFO)) & G(EEP_pending & IFO_full -> (G(IFO_full,None
BASIC,20,"When in the Recovery state, the Link Error Recovery state machine shall initiate the following actions: 1.If currently sending a packet, discard the remainder of the packet that has not yet been sent. 2.If the last character written to the receive FIFO was a data character, write an EEP to the receive FIFO. 3.When the last character written was an EOP or EEP, another EEP can be added to the receive FIFO. 4.If an EEP is pending, ready for writing to the receive FIFO and that FIFO is full preventing an EEP being written, wait until there is space in the receive FIFO and then write the EEP. 5.Record the cause of the error in a status register",G((Recovery_state) -> (((sending_current_packet) & (a_packet_not_sent)) -> X(discard_remainder))) & (G((Recovery_state) -> ((last_character_is_data) -> X(EEP_sent_to_receive_FIFO))) & (G((Recovery_state) -> ((last_character_EOP & last_character_EEP) -> X(EEP_sent_to_receive_FIFO))) & (G((Recovery_state) -> ( (((EEP_pending) & (FIFO_full)) -> ((EEP_wait) U (EEP_in_receive_FIFO))) -> X(write_EEP))) & G((Recovery_state) -> ((error) -> X (Record_error)))))),G(Recovery_state -> (G(sending_current_packet -> X(discard_remainder & a_packet_not_sent)) & G(last_character_is_data -> X(write_EEP & EEP_in_receive_FIFO)) & G((last_character_EOP | last_character_EEP) -> F(EEP_in_receive_FIFO)) &,None
BASIC,20,"When in the Recovery state, the Link Error Recovery state machine shall initiate the following actions: 1.If currently sending a packet, discard the remainder of the packet that has not yet been sent. 2.If the last character written to the receive FIFO was a data character, write an EEP to the receive FIFO. 3.When the last character written was an EOP or EEP, another EEP can be added to the receive FIFO. 4.If an EEP is pending, ready for writing to the receive FIFO and that FIFO is full preventing an EEP being written, wait until there is space in the receive FIFO and then write the EEP. 5.Record the cause of the error in a status register",G((Recovery_state) -> (((sending_current_packet) & (a_packet_not_sent)) -> X(discard_remainder))) & (G((Recovery_state) -> ((last_character_is_data) -> X(EEP_sent_to_receive_FIFO))) & (G((Recovery_state) -> ((last_character_EOP & last_character_EEP) -> X(EEP_sent_to_receive_FIFO))) & (G((Recovery_state) -> ( (((EEP_pending) & (FIFO_full)) -> ((EEP_wait) U (EEP_in_receive_FIFO))) -> X(write_EEP))) & G((Recovery_state) -> ((error) -> X (Record_error)))))),G(Recovery_state -> (G(sending_current_packet -> discard_remainder) & G(last_character_is_data -> write_EEP) & G((last_character_EOP | last_character_EEP) -> F(EEP_in_receive_FIFO)) & G(EEP_pending & IFO_full -> (G(!IFO_full,None
BASIC,20,"When in the Recovery state, the Link Error Recovery state machine shall initiate the following actions: 1.If currently sending a packet, discard the remainder of the packet that has not yet been sent. 2.If the last character written to the receive FIFO was a data character, write an EEP to the receive FIFO. 3.When the last character written was an EOP or EEP, another EEP can be added to the receive FIFO. 4.If an EEP is pending, ready for writing to the receive FIFO and that FIFO is full preventing an EEP being written, wait until there is space in the receive FIFO and then write the EEP. 5.Record the cause of the error in a status register",G((Recovery_state) -> (((sending_current_packet) & (a_packet_not_sent)) -> X(discard_remainder))) & (G((Recovery_state) -> ((last_character_is_data) -> X(EEP_sent_to_receive_FIFO))) & (G((Recovery_state) -> ((last_character_EOP & last_character_EEP) -> X(EEP_sent_to_receive_FIFO))) & (G((Recovery_state) -> ( (((EEP_pending) & (FIFO_full)) -> ((EEP_wait) U (EEP_in_receive_FIFO))) -> X(write_EEP))) & G((Recovery_state) -> ((error) -> X (Record_error)))))),G(Recovery_state -> (G(sending_current_packet -> discard_remainder) & G(last_character_is_data -> write_EEP) & G((last_character_EOP | last_character_EEP) -> F(EEP_sent_to_receive_FIFO)) & G(EEP_pending & IFO_full -> (G(IFO,None
BASIC,20,"When in the Recovery state, the Link Error Recovery state machine shall initiate the following actions: 1.If currently sending a packet, discard the remainder of the packet that has not yet been sent. 2.If the last character written to the receive FIFO was a data character, write an EEP to the receive FIFO. 3.When the last character written was an EOP or EEP, another EEP can be added to the receive FIFO. 4.If an EEP is pending, ready for writing to the receive FIFO and that FIFO is full preventing an EEP being written, wait until there is space in the receive FIFO and then write the EEP. 5.Record the cause of the error in a status register",G((Recovery_state) -> (((sending_current_packet) & (a_packet_not_sent)) -> X(discard_remainder))) & (G((Recovery_state) -> ((last_character_is_data) -> X(EEP_sent_to_receive_FIFO))) & (G((Recovery_state) -> ((last_character_EOP & last_character_EEP) -> X(EEP_sent_to_receive_FIFO))) & (G((Recovery_state) -> ( (((EEP_pending) & (FIFO_full)) -> ((EEP_wait) U (EEP_in_receive_FIFO))) -> X(write_EEP))) & G((Recovery_state) -> ((error) -> X (Record_error)))))),G(Recovery_state -> (X(sending_current_packet -> discard_remainder) & X(last_character_is_data -> write_EEP) & X((last_character_EOP | last_character_EEP) -> EEP_sent_to_receive_FIFO) & X(EEP_pending & IFO_full -> (G(!IFO_full,None
BASIC,20,"When in the Recovery state, the Link Error Recovery state machine shall initiate the following actions: 1.If currently sending a packet, discard the remainder of the packet that has not yet been sent. 2.If the last character written to the receive FIFO was a data character, write an EEP to the receive FIFO. 3.When the last character written was an EOP or EEP, another EEP can be added to the receive FIFO. 4.If an EEP is pending, ready for writing to the receive FIFO and that FIFO is full preventing an EEP being written, wait until there is space in the receive FIFO and then write the EEP. 5.Record the cause of the error in a status register",G((Recovery_state) -> (((sending_current_packet) & (a_packet_not_sent)) -> X(discard_remainder))) & (G((Recovery_state) -> ((last_character_is_data) -> X(EEP_sent_to_receive_FIFO))) & (G((Recovery_state) -> ((last_character_EOP & last_character_EEP) -> X(EEP_sent_to_receive_FIFO))) & (G((Recovery_state) -> ( (((EEP_pending) & (FIFO_full)) -> ((EEP_wait) U (EEP_in_receive_FIFO))) -> X(write_EEP))) & G((Recovery_state) -> ((error) -> X (Record_error)))))),G(Recovery_state -> (G(sending_current_packet -> discard_remainder) & G(last_character_is_data -> write_EEP) & G((last_character_EOP | last_character_EEP) -> F(EEP_sent_to_receive_FIFO)) & G(EEP_pending & IFO_full -> (G(!IFO,None
BASIC,20,"When in the Recovery state, the Link Error Recovery state machine shall initiate the following actions: 1.If currently sending a packet, discard the remainder of the packet that has not yet been sent. 2.If the last character written to the receive FIFO was a data character, write an EEP to the receive FIFO. 3.When the last character written was an EOP or EEP, another EEP can be added to the receive FIFO. 4.If an EEP is pending, ready for writing to the receive FIFO and that FIFO is full preventing an EEP being written, wait until there is space in the receive FIFO and then write the EEP. 5.Record the cause of the error in a status register",G((Recovery_state) -> (((sending_current_packet) & (a_packet_not_sent)) -> X(discard_remainder))) & (G((Recovery_state) -> ((last_character_is_data) -> X(EEP_sent_to_receive_FIFO))) & (G((Recovery_state) -> ((last_character_EOP & last_character_EEP) -> X(EEP_sent_to_receive_FIFO))) & (G((Recovery_state) -> ( (((EEP_pending) & (FIFO_full)) -> ((EEP_wait) U (EEP_in_receive_FIFO))) -> X(write_EEP))) & G((Recovery_state) -> ((error) -> X (Record_error)))))),G(Recovery_state -> (X(sending_current_packet -> discard_remainder) & X(last_character_is_data -> write_EEP) & X((last_character_EOP | last_character_EEP) -> EEP_sent_to_receive_FIFO) & X(EEP_pending & IFO_full -> (IFO_full U !,None
BASIC,20,"When in the Recovery state, the Link Error Recovery state machine shall initiate the following actions: 1.If currently sending a packet, discard the remainder of the packet that has not yet been sent. 2.If the last character written to the receive FIFO was a data character, write an EEP to the receive FIFO. 3.When the last character written was an EOP or EEP, another EEP can be added to the receive FIFO. 4.If an EEP is pending, ready for writing to the receive FIFO and that FIFO is full preventing an EEP being written, wait until there is space in the receive FIFO and then write the EEP. 5.Record the cause of the error in a status register",G((Recovery_state) -> (((sending_current_packet) & (a_packet_not_sent)) -> X(discard_remainder))) & (G((Recovery_state) -> ((last_character_is_data) -> X(EEP_sent_to_receive_FIFO))) & (G((Recovery_state) -> ((last_character_EOP & last_character_EEP) -> X(EEP_sent_to_receive_FIFO))) & (G((Recovery_state) -> ( (((EEP_pending) & (FIFO_full)) -> ((EEP_wait) U (EEP_in_receive_FIFO))) -> X(write_EEP))) & G((Recovery_state) -> ((error) -> X (Record_error)))))),G(Recovery_state -> (G(sending_current_packet -> discard_remainder) & G(last_character_is_data -> write_EEP) & G((last_character_EOP | last_character_EEP) -> F(EEP_in_receive_FIFO)) & G(EEP_pending & IFO_full -> (G(!IFO_full,None
BASIC,20,"When in the Recovery state, the Link Error Recovery state machine shall initiate the following actions: 1.If currently sending a packet, discard the remainder of the packet that has not yet been sent. 2.If the last character written to the receive FIFO was a data character, write an EEP to the receive FIFO. 3.When the last character written was an EOP or EEP, another EEP can be added to the receive FIFO. 4.If an EEP is pending, ready for writing to the receive FIFO and that FIFO is full preventing an EEP being written, wait until there is space in the receive FIFO and then write the EEP. 5.Record the cause of the error in a status register",G((Recovery_state) -> (((sending_current_packet) & (a_packet_not_sent)) -> X(discard_remainder))) & (G((Recovery_state) -> ((last_character_is_data) -> X(EEP_sent_to_receive_FIFO))) & (G((Recovery_state) -> ((last_character_EOP & last_character_EEP) -> X(EEP_sent_to_receive_FIFO))) & (G((Recovery_state) -> ( (((EEP_pending) & (FIFO_full)) -> ((EEP_wait) U (EEP_in_receive_FIFO))) -> X(write_EEP))) & G((Recovery_state) -> ((error) -> X (Record_error)))))),G(Recovery_state -> (G(sending_current_packet -> discard_remainder) & G(last_character_is_data -> write_EEP) & G((last_character_EOP | last_character_EEP) -> F(EEP_in_receive_FIFO)) & G(EEP_pending & IFO_full -> (G(!IFO_full,None
BASIC,20,"When in the Recovery state, the Link Error Recovery state machine shall initiate the following actions: 1.If currently sending a packet, discard the remainder of the packet that has not yet been sent. 2.If the last character written to the receive FIFO was a data character, write an EEP to the receive FIFO. 3.When the last character written was an EOP or EEP, another EEP can be added to the receive FIFO. 4.If an EEP is pending, ready for writing to the receive FIFO and that FIFO is full preventing an EEP being written, wait until there is space in the receive FIFO and then write the EEP. 5.Record the cause of the error in a status register",G((Recovery_state) -> (((sending_current_packet) & (a_packet_not_sent)) -> X(discard_remainder))) & (G((Recovery_state) -> ((last_character_is_data) -> X(EEP_sent_to_receive_FIFO))) & (G((Recovery_state) -> ((last_character_EOP & last_character_EEP) -> X(EEP_sent_to_receive_FIFO))) & (G((Recovery_state) -> ( (((EEP_pending) & (FIFO_full)) -> ((EEP_wait) U (EEP_in_receive_FIFO))) -> X(write_EEP))) & G((Recovery_state) -> ((error) -> X (Record_error)))))),G(Recovery_state -> (G(sending_current_packet -> discard_remainder) & G(last_character_is_data -> write_EEP) & G((last_character_EOP | last_character_EEP) -> F(EEP_in_receive_FIFO)) & G(EEP_pending & IFO_full -> (G(!IFO_full,None
BASIC,20,"When in the Recovery state, the Link Error Recovery state machine shall initiate the following actions: 1.If currently sending a packet, discard the remainder of the packet that has not yet been sent. 2.If the last character written to the receive FIFO was a data character, write an EEP to the receive FIFO. 3.When the last character written was an EOP or EEP, another EEP can be added to the receive FIFO. 4.If an EEP is pending, ready for writing to the receive FIFO and that FIFO is full preventing an EEP being written, wait until there is space in the receive FIFO and then write the EEP. 5.Record the cause of the error in a status register",G((Recovery_state) -> (((sending_current_packet) & (a_packet_not_sent)) -> X(discard_remainder))) & (G((Recovery_state) -> ((last_character_is_data) -> X(EEP_sent_to_receive_FIFO))) & (G((Recovery_state) -> ((last_character_EOP & last_character_EEP) -> X(EEP_sent_to_receive_FIFO))) & (G((Recovery_state) -> ( (((EEP_pending) & (FIFO_full)) -> ((EEP_wait) U (EEP_in_receive_FIFO))) -> X(write_EEP))) & G((Recovery_state) -> ((error) -> X (Record_error)))))),G(Recovery_state -> (G(sending_current_packet -> discard_remainder) & G(last_character_is_data -> write_EEP) & G((last_character_EOP | last_character_EEP) -> F(EEP_in_receive_FIFO)) & G(EEP_pending & IFO_full -> (G(IFO_full,None
BASIC,20,"When in the Recovery state, the Link Error Recovery state machine shall initiate the following actions: 1.If currently sending a packet, discard the remainder of the packet that has not yet been sent. 2.If the last character written to the receive FIFO was a data character, write an EEP to the receive FIFO. 3.When the last character written was an EOP or EEP, another EEP can be added to the receive FIFO. 4.If an EEP is pending, ready for writing to the receive FIFO and that FIFO is full preventing an EEP being written, wait until there is space in the receive FIFO and then write the EEP. 5.Record the cause of the error in a status register",G((Recovery_state) -> (((sending_current_packet) & (a_packet_not_sent)) -> X(discard_remainder))) & (G((Recovery_state) -> ((last_character_is_data) -> X(EEP_sent_to_receive_FIFO))) & (G((Recovery_state) -> ((last_character_EOP & last_character_EEP) -> X(EEP_sent_to_receive_FIFO))) & (G((Recovery_state) -> ( (((EEP_pending) & (FIFO_full)) -> ((EEP_wait) U (EEP_in_receive_FIFO))) -> X(write_EEP))) & G((Recovery_state) -> ((error) -> X (Record_error)))))),G(Recovery_state -> (X(sending_current_packet -> discard_remainder) & X(last_character_is_data -> write_EEP) & X((last_character_EOP | last_character_EEP) -> EEP_sent_to_receive_FIFO) & X(EEP_pending & IFO_full -> (G(!IFO_full,None
BASIC,20,"When in the Recovery state, the Link Error Recovery state machine shall initiate the following actions: 1.If currently sending a packet, discard the remainder of the packet that has not yet been sent. 2.If the last character written to the receive FIFO was a data character, write an EEP to the receive FIFO. 3.When the last character written was an EOP or EEP, another EEP can be added to the receive FIFO. 4.If an EEP is pending, ready for writing to the receive FIFO and that FIFO is full preventing an EEP being written, wait until there is space in the receive FIFO and then write the EEP. 5.Record the cause of the error in a status register",G((Recovery_state) -> (((sending_current_packet) & (a_packet_not_sent)) -> X(discard_remainder))) & (G((Recovery_state) -> ((last_character_is_data) -> X(EEP_sent_to_receive_FIFO))) & (G((Recovery_state) -> ((last_character_EOP & last_character_EEP) -> X(EEP_sent_to_receive_FIFO))) & (G((Recovery_state) -> ( (((EEP_pending) & (FIFO_full)) -> ((EEP_wait) U (EEP_in_receive_FIFO))) -> X(write_EEP))) & G((Recovery_state) -> ((error) -> X (Record_error)))))),G(Recovery_state -> (G(sending_current_packet -> discard_remainder) & G(last_character_is_data -> write_EEP) & G((last_character_EOP | last_character_EEP) -> F(EEP_in_receive_FIFO)) & G(EEP_pending & IFO_full -> (G(IFO_full,None
BASIC,20,"When in the Recovery state, the Link Error Recovery state machine shall initiate the following actions: 1.If currently sending a packet, discard the remainder of the packet that has not yet been sent. 2.If the last character written to the receive FIFO was a data character, write an EEP to the receive FIFO. 3.When the last character written was an EOP or EEP, another EEP can be added to the receive FIFO. 4.If an EEP is pending, ready for writing to the receive FIFO and that FIFO is full preventing an EEP being written, wait until there is space in the receive FIFO and then write the EEP. 5.Record the cause of the error in a status register",G((Recovery_state) -> (((sending_current_packet) & (a_packet_not_sent)) -> X(discard_remainder))) & (G((Recovery_state) -> ((last_character_is_data) -> X(EEP_sent_to_receive_FIFO))) & (G((Recovery_state) -> ((last_character_EOP & last_character_EEP) -> X(EEP_sent_to_receive_FIFO))) & (G((Recovery_state) -> ( (((EEP_pending) & (FIFO_full)) -> ((EEP_wait) U (EEP_in_receive_FIFO))) -> X(write_EEP))) & G((Recovery_state) -> ((error) -> X (Record_error)))))),G(Recovery_state -> (G(sending_current_packet -> discard_remainder) & G(last_character_is_data -> write_EEP) & G((last_character_EOP | last_character_EEP) -> EEP_in_receive_FIFO) & G(EEP_pending & IFO_full -> (EEP_wait U !IFO,None
BASIC,20,"When in the Recovery state, the Link Error Recovery state machine shall initiate the following actions: 1.If currently sending a packet, discard the remainder of the packet that has not yet been sent. 2.If the last character written to the receive FIFO was a data character, write an EEP to the receive FIFO. 3.When the last character written was an EOP or EEP, another EEP can be added to the receive FIFO. 4.If an EEP is pending, ready for writing to the receive FIFO and that FIFO is full preventing an EEP being written, wait until there is space in the receive FIFO and then write the EEP. 5.Record the cause of the error in a status register",G((Recovery_state) -> (((sending_current_packet) & (a_packet_not_sent)) -> X(discard_remainder))) & (G((Recovery_state) -> ((last_character_is_data) -> X(EEP_sent_to_receive_FIFO))) & (G((Recovery_state) -> ((last_character_EOP & last_character_EEP) -> X(EEP_sent_to_receive_FIFO))) & (G((Recovery_state) -> ( (((EEP_pending) & (FIFO_full)) -> ((EEP_wait) U (EEP_in_receive_FIFO))) -> X(write_EEP))) & G((Recovery_state) -> ((error) -> X (Record_error)))))),G(Recovery_state -> (G(sending_current_packet -> discard_remainder) & G(last_character_is_data -> write_EEP) & G((last_character_EOP | last_character_EEP) -> F(EEP_in_receive_FIFO)) & G(EEP_pending & IFO_full -> (G(!IFO_full,None
BASIC,20,"When in the Recovery state, the Link Error Recovery state machine shall initiate the following actions: 1.If currently sending a packet, discard the remainder of the packet that has not yet been sent. 2.If the last character written to the receive FIFO was a data character, write an EEP to the receive FIFO. 3.When the last character written was an EOP or EEP, another EEP can be added to the receive FIFO. 4.If an EEP is pending, ready for writing to the receive FIFO and that FIFO is full preventing an EEP being written, wait until there is space in the receive FIFO and then write the EEP. 5.Record the cause of the error in a status register",G((Recovery_state) -> (((sending_current_packet) & (a_packet_not_sent)) -> X(discard_remainder))) & (G((Recovery_state) -> ((last_character_is_data) -> X(EEP_sent_to_receive_FIFO))) & (G((Recovery_state) -> ((last_character_EOP & last_character_EEP) -> X(EEP_sent_to_receive_FIFO))) & (G((Recovery_state) -> ( (((EEP_pending) & (FIFO_full)) -> ((EEP_wait) U (EEP_in_receive_FIFO))) -> X(write_EEP))) & G((Recovery_state) -> ((error) -> X (Record_error)))))),G(Recovery_state -> (G(sending_current_packet -> discard_remainder) & G(last_character_is_data -> write_EEP) & G((last_character_EOP | last_character_EEP) -> F(EEP_in_receive_FIFO)) & G(EEP_pending & IFO_full -> (G(IFO_full,None
BASIC,20,"When in the Recovery state, the Link Error Recovery state machine shall initiate the following actions: 1.If currently sending a packet, discard the remainder of the packet that has not yet been sent. 2.If the last character written to the receive FIFO was a data character, write an EEP to the receive FIFO. 3.When the last character written was an EOP or EEP, another EEP can be added to the receive FIFO. 4.If an EEP is pending, ready for writing to the receive FIFO and that FIFO is full preventing an EEP being written, wait until there is space in the receive FIFO and then write the EEP. 5.Record the cause of the error in a status register",G((Recovery_state) -> (((sending_current_packet) & (a_packet_not_sent)) -> X(discard_remainder))) & (G((Recovery_state) -> ((last_character_is_data) -> X(EEP_sent_to_receive_FIFO))) & (G((Recovery_state) -> ((last_character_EOP & last_character_EEP) -> X(EEP_sent_to_receive_FIFO))) & (G((Recovery_state) -> ( (((EEP_pending) & (FIFO_full)) -> ((EEP_wait) U (EEP_in_receive_FIFO))) -> X(write_EEP))) & G((Recovery_state) -> ((error) -> X (Record_error)))))),G(Recovery_state -> (X(sending_current_packet -> discard_remainder) & X(last_character_is_data -> write_EEP) & X((last_character_EOP | last_character_EEP) -> EEP_sent_to_receive_FIFO) & X(EEP_pending & IFO_full -> (IFO_full U !,None
BASIC,20,"When in the Recovery state, the Link Error Recovery state machine shall initiate the following actions: 1.If currently sending a packet, discard the remainder of the packet that has not yet been sent. 2.If the last character written to the receive FIFO was a data character, write an EEP to the receive FIFO. 3.When the last character written was an EOP or EEP, another EEP can be added to the receive FIFO. 4.If an EEP is pending, ready for writing to the receive FIFO and that FIFO is full preventing an EEP being written, wait until there is space in the receive FIFO and then write the EEP. 5.Record the cause of the error in a status register",G((Recovery_state) -> (((sending_current_packet) & (a_packet_not_sent)) -> X(discard_remainder))) & (G((Recovery_state) -> ((last_character_is_data) -> X(EEP_sent_to_receive_FIFO))) & (G((Recovery_state) -> ((last_character_EOP & last_character_EEP) -> X(EEP_sent_to_receive_FIFO))) & (G((Recovery_state) -> ( (((EEP_pending) & (FIFO_full)) -> ((EEP_wait) U (EEP_in_receive_FIFO))) -> X(write_EEP))) & G((Recovery_state) -> ((error) -> X (Record_error)))))),G(Recovery_state -> (G(sending_current_packet -> discard_remainder) & G(last_character_is_data -> write_EEP) & G((last_character_EOP | last_character_EEP) -> F(EEP_in_receive_FIFO)) & G(EEP_pending & IFO_full -> (G(!IFO_full,None
BASIC,20,"When in the Recovery state, the Link Error Recovery state machine shall initiate the following actions: 1.If currently sending a packet, discard the remainder of the packet that has not yet been sent. 2.If the last character written to the receive FIFO was a data character, write an EEP to the receive FIFO. 3.When the last character written was an EOP or EEP, another EEP can be added to the receive FIFO. 4.If an EEP is pending, ready for writing to the receive FIFO and that FIFO is full preventing an EEP being written, wait until there is space in the receive FIFO and then write the EEP. 5.Record the cause of the error in a status register",G((Recovery_state) -> (((sending_current_packet) & (a_packet_not_sent)) -> X(discard_remainder))) & (G((Recovery_state) -> ((last_character_is_data) -> X(EEP_sent_to_receive_FIFO))) & (G((Recovery_state) -> ((last_character_EOP & last_character_EEP) -> X(EEP_sent_to_receive_FIFO))) & (G((Recovery_state) -> ( (((EEP_pending) & (FIFO_full)) -> ((EEP_wait) U (EEP_in_receive_FIFO))) -> X(write_EEP))) & G((Recovery_state) -> ((error) -> X (Record_error)))))),G(Recovery_state -> (X(sending_current_packet -> discard_remainder) & X(last_character_is_data -> write_EEP) & X((last_character_EOP | last_character_EEP) -> EEP_sent_to_receive_FIFO) & X(EEP_pending & IFO_full -> (IFO_full U !,None
BASIC,20,"When in the Recovery state, the Link Error Recovery state machine shall initiate the following actions: 1.If currently sending a packet, discard the remainder of the packet that has not yet been sent. 2.If the last character written to the receive FIFO was a data character, write an EEP to the receive FIFO. 3.When the last character written was an EOP or EEP, another EEP can be added to the receive FIFO. 4.If an EEP is pending, ready for writing to the receive FIFO and that FIFO is full preventing an EEP being written, wait until there is space in the receive FIFO and then write the EEP. 5.Record the cause of the error in a status register",G((Recovery_state) -> (((sending_current_packet) & (a_packet_not_sent)) -> X(discard_remainder))) & (G((Recovery_state) -> ((last_character_is_data) -> X(EEP_sent_to_receive_FIFO))) & (G((Recovery_state) -> ((last_character_EOP & last_character_EEP) -> X(EEP_sent_to_receive_FIFO))) & (G((Recovery_state) -> ( (((EEP_pending) & (FIFO_full)) -> ((EEP_wait) U (EEP_in_receive_FIFO))) -> X(write_EEP))) & G((Recovery_state) -> ((error) -> X (Record_error)))))),G(Recovery_state -> (G(sending_current_packet -> discard_remainder) & G(last_character_is_data -> write_EEP) & G((last_character_EOP | last_character_EEP) -> F(EEP_in_receive_FIFO)) & G(EEP_pending & IFO_full -> (G(!IFO_full,None
BASIC,20,"When in the Recovery state, the Link Error Recovery state machine shall initiate the following actions: 1.If currently sending a packet, discard the remainder of the packet that has not yet been sent. 2.If the last character written to the receive FIFO was a data character, write an EEP to the receive FIFO. 3.When the last character written was an EOP or EEP, another EEP can be added to the receive FIFO. 4.If an EEP is pending, ready for writing to the receive FIFO and that FIFO is full preventing an EEP being written, wait until there is space in the receive FIFO and then write the EEP. 5.Record the cause of the error in a status register",G((Recovery_state) -> (((sending_current_packet) & (a_packet_not_sent)) -> X(discard_remainder))) & (G((Recovery_state) -> ((last_character_is_data) -> X(EEP_sent_to_receive_FIFO))) & (G((Recovery_state) -> ((last_character_EOP & last_character_EEP) -> X(EEP_sent_to_receive_FIFO))) & (G((Recovery_state) -> ( (((EEP_pending) & (FIFO_full)) -> ((EEP_wait) U (EEP_in_receive_FIFO))) -> X(write_EEP))) & G((Recovery_state) -> ((error) -> X (Record_error)))))),G(Recovery_state -> (G(sending_current_packet -> X(discard_remainder & a_packet_not_sent)) & G(last_character_is_data -> X(write_EEP & EEP_in_receive_FIFO)) & G((last_character_EOP | last_character_EEP) -> X(EEP_in_receive_FIFO)) &,None
BASIC,20,"When in the Recovery state, the Link Error Recovery state machine shall initiate the following actions: 1.If currently sending a packet, discard the remainder of the packet that has not yet been sent. 2.If the last character written to the receive FIFO was a data character, write an EEP to the receive FIFO. 3.When the last character written was an EOP or EEP, another EEP can be added to the receive FIFO. 4.If an EEP is pending, ready for writing to the receive FIFO and that FIFO is full preventing an EEP being written, wait until there is space in the receive FIFO and then write the EEP. 5.Record the cause of the error in a status register",G((Recovery_state) -> (((sending_current_packet) & (a_packet_not_sent)) -> X(discard_remainder))) & (G((Recovery_state) -> ((last_character_is_data) -> X(EEP_sent_to_receive_FIFO))) & (G((Recovery_state) -> ((last_character_EOP & last_character_EEP) -> X(EEP_sent_to_receive_FIFO))) & (G((Recovery_state) -> ( (((EEP_pending) & (FIFO_full)) -> ((EEP_wait) U (EEP_in_receive_FIFO))) -> X(write_EEP))) & G((Recovery_state) -> ((error) -> X (Record_error)))))),G(Recovery_state -> (G(sending_current_packet -> X(discard_remainder & a_packet_not_sent)) & G(last_character_is_data -> X(write_EEP & EEP_in_receive_FIFO)) & G((last_character_EOP | last_character_EEP) -> X(EEP_in_receive_FIFO)) &,None
BASIC,20,"When in the Recovery state, the Link Error Recovery state machine shall initiate the following actions: 1.If currently sending a packet, discard the remainder of the packet that has not yet been sent. 2.If the last character written to the receive FIFO was a data character, write an EEP to the receive FIFO. 3.When the last character written was an EOP or EEP, another EEP can be added to the receive FIFO. 4.If an EEP is pending, ready for writing to the receive FIFO and that FIFO is full preventing an EEP being written, wait until there is space in the receive FIFO and then write the EEP. 5.Record the cause of the error in a status register",G((Recovery_state) -> (((sending_current_packet) & (a_packet_not_sent)) -> X(discard_remainder))) & (G((Recovery_state) -> ((last_character_is_data) -> X(EEP_sent_to_receive_FIFO))) & (G((Recovery_state) -> ((last_character_EOP & last_character_EEP) -> X(EEP_sent_to_receive_FIFO))) & (G((Recovery_state) -> ( (((EEP_pending) & (FIFO_full)) -> ((EEP_wait) U (EEP_in_receive_FIFO))) -> X(write_EEP))) & G((Recovery_state) -> ((error) -> X (Record_error)))))),G(Recovery_state -> (G(sending_current_packet -> X(discard_remainder & a_packet_not_sent)) & G(last_character_is_data -> X(write_EEP & EEP_in_receive_FIFO)) & G((last_character_EOP | last_character_EEP) -> X(EEP_in_receive_FIFO)) &,None
BASIC,20,"When in the Recovery state, the Link Error Recovery state machine shall initiate the following actions: 1.If currently sending a packet, discard the remainder of the packet that has not yet been sent. 2.If the last character written to the receive FIFO was a data character, write an EEP to the receive FIFO. 3.When the last character written was an EOP or EEP, another EEP can be added to the receive FIFO. 4.If an EEP is pending, ready for writing to the receive FIFO and that FIFO is full preventing an EEP being written, wait until there is space in the receive FIFO and then write the EEP. 5.Record the cause of the error in a status register",G((Recovery_state) -> (((sending_current_packet) & (a_packet_not_sent)) -> X(discard_remainder))) & (G((Recovery_state) -> ((last_character_is_data) -> X(EEP_sent_to_receive_FIFO))) & (G((Recovery_state) -> ((last_character_EOP & last_character_EEP) -> X(EEP_sent_to_receive_FIFO))) & (G((Recovery_state) -> ( (((EEP_pending) & (FIFO_full)) -> ((EEP_wait) U (EEP_in_receive_FIFO))) -> X(write_EEP))) & G((Recovery_state) -> ((error) -> X (Record_error)))))),G(Recovery_state -> (G(sending_current_packet -> X(discard_remainder & a_packet_not_sent)) & G(last_character_is_data -> X(write_EEP & EEP_in_receive_FIFO)) & G((last_character_EOP | last_character_EEP) -> X(EEP_in_receive_FIFO)) &,None
BASIC,20,"When in the Recovery state, the Link Error Recovery state machine shall initiate the following actions: 1.If currently sending a packet, discard the remainder of the packet that has not yet been sent. 2.If the last character written to the receive FIFO was a data character, write an EEP to the receive FIFO. 3.When the last character written was an EOP or EEP, another EEP can be added to the receive FIFO. 4.If an EEP is pending, ready for writing to the receive FIFO and that FIFO is full preventing an EEP being written, wait until there is space in the receive FIFO and then write the EEP. 5.Record the cause of the error in a status register",G((Recovery_state) -> (((sending_current_packet) & (a_packet_not_sent)) -> X(discard_remainder))) & (G((Recovery_state) -> ((last_character_is_data) -> X(EEP_sent_to_receive_FIFO))) & (G((Recovery_state) -> ((last_character_EOP & last_character_EEP) -> X(EEP_sent_to_receive_FIFO))) & (G((Recovery_state) -> ( (((EEP_pending) & (FIFO_full)) -> ((EEP_wait) U (EEP_in_receive_FIFO))) -> X(write_EEP))) & G((Recovery_state) -> ((error) -> X (Record_error)))))),G(Recovery_state -> (G(sending_current_packet -> discard_remainder) & G(last_character_is_data -> write_EEP) & G((last_character_EOP | last_character_EEP) -> F(EEP_in_receive_FIFO)) & G(EEP_pending & IFO_full -> (G(!IFO_full,None
BASIC,20,"When in the Recovery state, the Link Error Recovery state machine shall initiate the following actions: 1.If currently sending a packet, discard the remainder of the packet that has not yet been sent. 2.If the last character written to the receive FIFO was a data character, write an EEP to the receive FIFO. 3.When the last character written was an EOP or EEP, another EEP can be added to the receive FIFO. 4.If an EEP is pending, ready for writing to the receive FIFO and that FIFO is full preventing an EEP being written, wait until there is space in the receive FIFO and then write the EEP. 5.Record the cause of the error in a status register",G((Recovery_state) -> (((sending_current_packet) & (a_packet_not_sent)) -> X(discard_remainder))) & (G((Recovery_state) -> ((last_character_is_data) -> X(EEP_sent_to_receive_FIFO))) & (G((Recovery_state) -> ((last_character_EOP & last_character_EEP) -> X(EEP_sent_to_receive_FIFO))) & (G((Recovery_state) -> ( (((EEP_pending) & (FIFO_full)) -> ((EEP_wait) U (EEP_in_receive_FIFO))) -> X(write_EEP))) & G((Recovery_state) -> ((error) -> X (Record_error)))))),G(Recovery_state -> (X(sending_current_packet -> discard_remainder) & X(last_character_is_data -> write_EEP) & X((last_character_EOP | last_character_EEP) -> EEP_sent_to_receive_FIFO) & X(EEP_pending & IFO_full -> (IFO_full U !,None
BASIC,20,"When in the Recovery state, the Link Error Recovery state machine shall initiate the following actions: 1.If currently sending a packet, discard the remainder of the packet that has not yet been sent. 2.If the last character written to the receive FIFO was a data character, write an EEP to the receive FIFO. 3.When the last character written was an EOP or EEP, another EEP can be added to the receive FIFO. 4.If an EEP is pending, ready for writing to the receive FIFO and that FIFO is full preventing an EEP being written, wait until there is space in the receive FIFO and then write the EEP. 5.Record the cause of the error in a status register",G((Recovery_state) -> (((sending_current_packet) & (a_packet_not_sent)) -> X(discard_remainder))) & (G((Recovery_state) -> ((last_character_is_data) -> X(EEP_sent_to_receive_FIFO))) & (G((Recovery_state) -> ((last_character_EOP & last_character_EEP) -> X(EEP_sent_to_receive_FIFO))) & (G((Recovery_state) -> ( (((EEP_pending) & (FIFO_full)) -> ((EEP_wait) U (EEP_in_receive_FIFO))) -> X(write_EEP))) & G((Recovery_state) -> ((error) -> X (Record_error)))))),G(Recovery_state -> (G(sending_current_packet -> discard_remainder) & G(last_character_is_data -> write_EEP) & G((last_character_EOP | last_character_EEP) -> F(EEP_in_receive_FIFO)) & G(EEP_pending & IFO_full -> (G(!IFO_full,None
BASIC,20,"When in the Recovery state, the Link Error Recovery state machine shall initiate the following actions: 1.If currently sending a packet, discard the remainder of the packet that has not yet been sent. 2.If the last character written to the receive FIFO was a data character, write an EEP to the receive FIFO. 3.When the last character written was an EOP or EEP, another EEP can be added to the receive FIFO. 4.If an EEP is pending, ready for writing to the receive FIFO and that FIFO is full preventing an EEP being written, wait until there is space in the receive FIFO and then write the EEP. 5.Record the cause of the error in a status register",G((Recovery_state) -> (((sending_current_packet) & (a_packet_not_sent)) -> X(discard_remainder))) & (G((Recovery_state) -> ((last_character_is_data) -> X(EEP_sent_to_receive_FIFO))) & (G((Recovery_state) -> ((last_character_EOP & last_character_EEP) -> X(EEP_sent_to_receive_FIFO))) & (G((Recovery_state) -> ( (((EEP_pending) & (FIFO_full)) -> ((EEP_wait) U (EEP_in_receive_FIFO))) -> X(write_EEP))) & G((Recovery_state) -> ((error) -> X (Record_error)))))),G(Recovery_state -> (G(sending_current_packet -> discard_remainder) & G(last_character_is_data -> write_EEP) & G((last_character_EOP | last_character_EEP) -> F(EEP_in_receive_FIFO)) & G(EEP_pending & IFO_full -> (G(!IFO_full,None
BASIC,20,"When in the Recovery state, the Link Error Recovery state machine shall initiate the following actions: 1.If currently sending a packet, discard the remainder of the packet that has not yet been sent. 2.If the last character written to the receive FIFO was a data character, write an EEP to the receive FIFO. 3.When the last character written was an EOP or EEP, another EEP can be added to the receive FIFO. 4.If an EEP is pending, ready for writing to the receive FIFO and that FIFO is full preventing an EEP being written, wait until there is space in the receive FIFO and then write the EEP. 5.Record the cause of the error in a status register",G((Recovery_state) -> (((sending_current_packet) & (a_packet_not_sent)) -> X(discard_remainder))) & (G((Recovery_state) -> ((last_character_is_data) -> X(EEP_sent_to_receive_FIFO))) & (G((Recovery_state) -> ((last_character_EOP & last_character_EEP) -> X(EEP_sent_to_receive_FIFO))) & (G((Recovery_state) -> ( (((EEP_pending) & (FIFO_full)) -> ((EEP_wait) U (EEP_in_receive_FIFO))) -> X(write_EEP))) & G((Recovery_state) -> ((error) -> X (Record_error)))))),G(Recovery_state -> (G(sending_current_packet -> X(discard_remainder & a_packet_not_sent)) & G(last_character_is_data -> X(write_EEP & EEP_in_receive_FIFO)) & G((last_character_EOP | last_character_EEP) -> X(EEP_in_receive_FIFO)) &,None
BASIC,20,"When in the Recovery state, the Link Error Recovery state machine shall initiate the following actions: 1.If currently sending a packet, discard the remainder of the packet that has not yet been sent. 2.If the last character written to the receive FIFO was a data character, write an EEP to the receive FIFO. 3.When the last character written was an EOP or EEP, another EEP can be added to the receive FIFO. 4.If an EEP is pending, ready for writing to the receive FIFO and that FIFO is full preventing an EEP being written, wait until there is space in the receive FIFO and then write the EEP. 5.Record the cause of the error in a status register",G((Recovery_state) -> (((sending_current_packet) & (a_packet_not_sent)) -> X(discard_remainder))) & (G((Recovery_state) -> ((last_character_is_data) -> X(EEP_sent_to_receive_FIFO))) & (G((Recovery_state) -> ((last_character_EOP & last_character_EEP) -> X(EEP_sent_to_receive_FIFO))) & (G((Recovery_state) -> ( (((EEP_pending) & (FIFO_full)) -> ((EEP_wait) U (EEP_in_receive_FIFO))) -> X(write_EEP))) & G((Recovery_state) -> ((error) -> X (Record_error)))))),G(Recovery_state -> (G(sending_current_packet -> discard_remainder) & G(last_character_is_data -> write_EEP) & G((last_character_EOP | last_character_EEP) -> F(EEP_sent_to_receive_FIFO)) & G(EEP_pending & IFO_full -> (G(!IFO,None
BASIC,20,"When in the Recovery state, the Link Error Recovery state machine shall initiate the following actions: 1.If currently sending a packet, discard the remainder of the packet that has not yet been sent. 2.If the last character written to the receive FIFO was a data character, write an EEP to the receive FIFO. 3.When the last character written was an EOP or EEP, another EEP can be added to the receive FIFO. 4.If an EEP is pending, ready for writing to the receive FIFO and that FIFO is full preventing an EEP being written, wait until there is space in the receive FIFO and then write the EEP. 5.Record the cause of the error in a status register",G((Recovery_state) -> (((sending_current_packet) & (a_packet_not_sent)) -> X(discard_remainder))) & (G((Recovery_state) -> ((last_character_is_data) -> X(EEP_sent_to_receive_FIFO))) & (G((Recovery_state) -> ((last_character_EOP & last_character_EEP) -> X(EEP_sent_to_receive_FIFO))) & (G((Recovery_state) -> ( (((EEP_pending) & (FIFO_full)) -> ((EEP_wait) U (EEP_in_receive_FIFO))) -> X(write_EEP))) & G((Recovery_state) -> ((error) -> X (Record_error)))))),G(Recovery_state -> (G(sending_current_packet -> discard_remainder) & G(last_character_is_data -> write_EEP) & G((last_character_EOP | last_character_EEP) -> F(EEP_in_receive_FIFO)) & G(EEP_pending & IFO_full -> (G(!IFO_full,None
BASIC,20,"When in the Recovery state, the Link Error Recovery state machine shall initiate the following actions: 1.If currently sending a packet, discard the remainder of the packet that has not yet been sent. 2.If the last character written to the receive FIFO was a data character, write an EEP to the receive FIFO. 3.When the last character written was an EOP or EEP, another EEP can be added to the receive FIFO. 4.If an EEP is pending, ready for writing to the receive FIFO and that FIFO is full preventing an EEP being written, wait until there is space in the receive FIFO and then write the EEP. 5.Record the cause of the error in a status register",G((Recovery_state) -> (((sending_current_packet) & (a_packet_not_sent)) -> X(discard_remainder))) & (G((Recovery_state) -> ((last_character_is_data) -> X(EEP_sent_to_receive_FIFO))) & (G((Recovery_state) -> ((last_character_EOP & last_character_EEP) -> X(EEP_sent_to_receive_FIFO))) & (G((Recovery_state) -> ( (((EEP_pending) & (FIFO_full)) -> ((EEP_wait) U (EEP_in_receive_FIFO))) -> X(write_EEP))) & G((Recovery_state) -> ((error) -> X (Record_error)))))),G(Recovery_state -> (G(sending_current_packet -> discard_remainder) & G(last_character_is_data -> write_EEP) & G((last_character_EOP | last_character_EEP) -> EEP_sent_to_receive_FIFO) & G(EEP_pending & IFO_full -> (G(!IFO_full,None
BASIC,20,"When in the Recovery state, the Link Error Recovery state machine shall initiate the following actions: 1.If currently sending a packet, discard the remainder of the packet that has not yet been sent. 2.If the last character written to the receive FIFO was a data character, write an EEP to the receive FIFO. 3.When the last character written was an EOP or EEP, another EEP can be added to the receive FIFO. 4.If an EEP is pending, ready for writing to the receive FIFO and that FIFO is full preventing an EEP being written, wait until there is space in the receive FIFO and then write the EEP. 5.Record the cause of the error in a status register",G((Recovery_state) -> (((sending_current_packet) & (a_packet_not_sent)) -> X(discard_remainder))) & (G((Recovery_state) -> ((last_character_is_data) -> X(EEP_sent_to_receive_FIFO))) & (G((Recovery_state) -> ((last_character_EOP & last_character_EEP) -> X(EEP_sent_to_receive_FIFO))) & (G((Recovery_state) -> ( (((EEP_pending) & (FIFO_full)) -> ((EEP_wait) U (EEP_in_receive_FIFO))) -> X(write_EEP))) & G((Recovery_state) -> ((error) -> X (Record_error)))))),G(Recovery_state -> (G(sending_current_packet -> discard_remainder) & G(last_character_is_data -> write_EEP) & G((last_character_EOP | last_character_EEP) -> F(EEP_in_receive_FIFO)) & G(EEP_pending & IFO_full -> (G(IFO_full,None
BASIC,20,"When in the Recovery state, the Link Error Recovery state machine shall initiate the following actions: 1.If currently sending a packet, discard the remainder of the packet that has not yet been sent. 2.If the last character written to the receive FIFO was a data character, write an EEP to the receive FIFO. 3.When the last character written was an EOP or EEP, another EEP can be added to the receive FIFO. 4.If an EEP is pending, ready for writing to the receive FIFO and that FIFO is full preventing an EEP being written, wait until there is space in the receive FIFO and then write the EEP. 5.Record the cause of the error in a status register",G((Recovery_state) -> (((sending_current_packet) & (a_packet_not_sent)) -> X(discard_remainder))) & (G((Recovery_state) -> ((last_character_is_data) -> X(EEP_sent_to_receive_FIFO))) & (G((Recovery_state) -> ((last_character_EOP & last_character_EEP) -> X(EEP_sent_to_receive_FIFO))) & (G((Recovery_state) -> ( (((EEP_pending) & (FIFO_full)) -> ((EEP_wait) U (EEP_in_receive_FIFO))) -> X(write_EEP))) & G((Recovery_state) -> ((error) -> X (Record_error)))))),G(Recovery_state -> (G(sending_current_packet -> discard_remainder) & G(last_character_is_data -> write_EEP) & G((last_character_EOP | last_character_EEP) -> F(EEP_in_receive_FIFO)) & G(EEP_pending & IFO_full -> (G(!IFO_full,None
BASIC,20,"When in the Recovery state, the Link Error Recovery state machine shall initiate the following actions: 1.If currently sending a packet, discard the remainder of the packet that has not yet been sent. 2.If the last character written to the receive FIFO was a data character, write an EEP to the receive FIFO. 3.When the last character written was an EOP or EEP, another EEP can be added to the receive FIFO. 4.If an EEP is pending, ready for writing to the receive FIFO and that FIFO is full preventing an EEP being written, wait until there is space in the receive FIFO and then write the EEP. 5.Record the cause of the error in a status register",G((Recovery_state) -> (((sending_current_packet) & (a_packet_not_sent)) -> X(discard_remainder))) & (G((Recovery_state) -> ((last_character_is_data) -> X(EEP_sent_to_receive_FIFO))) & (G((Recovery_state) -> ((last_character_EOP & last_character_EEP) -> X(EEP_sent_to_receive_FIFO))) & (G((Recovery_state) -> ( (((EEP_pending) & (FIFO_full)) -> ((EEP_wait) U (EEP_in_receive_FIFO))) -> X(write_EEP))) & G((Recovery_state) -> ((error) -> X (Record_error)))))),G(Recovery_state -> (G(sending_current_packet -> discard_remainder) & G(last_character_is_data -> write_EEP) & G((last_character_EOP | last_character_EEP) -> F(EEP_in_receive_FIFO)) & G(EEP_pending & IFO_full -> (G(!IFO_full,None
BASIC,20,"When in the Recovery state, the Link Error Recovery state machine shall initiate the following actions: 1.If currently sending a packet, discard the remainder of the packet that has not yet been sent. 2.If the last character written to the receive FIFO was a data character, write an EEP to the receive FIFO. 3.When the last character written was an EOP or EEP, another EEP can be added to the receive FIFO. 4.If an EEP is pending, ready for writing to the receive FIFO and that FIFO is full preventing an EEP being written, wait until there is space in the receive FIFO and then write the EEP. 5.Record the cause of the error in a status register",G((Recovery_state) -> (((sending_current_packet) & (a_packet_not_sent)) -> X(discard_remainder))) & (G((Recovery_state) -> ((last_character_is_data) -> X(EEP_sent_to_receive_FIFO))) & (G((Recovery_state) -> ((last_character_EOP & last_character_EEP) -> X(EEP_sent_to_receive_FIFO))) & (G((Recovery_state) -> ( (((EEP_pending) & (FIFO_full)) -> ((EEP_wait) U (EEP_in_receive_FIFO))) -> X(write_EEP))) & G((Recovery_state) -> ((error) -> X (Record_error)))))),G(Recovery_state -> (G(sending_current_packet -> discard_remainder) & G(last_character_is_data -> write_EEP) & G((last_character_EOP | last_character_EEP) -> EEP_in_receive_FIFO) & G(EEP_pending & IFO_full -> (G(!IFO_full),None
BASIC,20,"When in the Recovery state, the Link Error Recovery state machine shall initiate the following actions: 1.If currently sending a packet, discard the remainder of the packet that has not yet been sent. 2.If the last character written to the receive FIFO was a data character, write an EEP to the receive FIFO. 3.When the last character written was an EOP or EEP, another EEP can be added to the receive FIFO. 4.If an EEP is pending, ready for writing to the receive FIFO and that FIFO is full preventing an EEP being written, wait until there is space in the receive FIFO and then write the EEP. 5.Record the cause of the error in a status register",G((Recovery_state) -> (((sending_current_packet) & (a_packet_not_sent)) -> X(discard_remainder))) & (G((Recovery_state) -> ((last_character_is_data) -> X(EEP_sent_to_receive_FIFO))) & (G((Recovery_state) -> ((last_character_EOP & last_character_EEP) -> X(EEP_sent_to_receive_FIFO))) & (G((Recovery_state) -> ( (((EEP_pending) & (FIFO_full)) -> ((EEP_wait) U (EEP_in_receive_FIFO))) -> X(write_EEP))) & G((Recovery_state) -> ((error) -> X (Record_error)))))),G(Recovery_state -> (X(sending_current_packet -> discard_remainder) & X(last_character_is_data -> write_EEP) & X((last_character_EOP | last_character_EEP) -> EEP_sent_to_receive_FIFO) & X(EEP_pending & IFO_full -> (EEP_wait U !,None
BASIC,20,"When in the Recovery state, the Link Error Recovery state machine shall initiate the following actions: 1.If currently sending a packet, discard the remainder of the packet that has not yet been sent. 2.If the last character written to the receive FIFO was a data character, write an EEP to the receive FIFO. 3.When the last character written was an EOP or EEP, another EEP can be added to the receive FIFO. 4.If an EEP is pending, ready for writing to the receive FIFO and that FIFO is full preventing an EEP being written, wait until there is space in the receive FIFO and then write the EEP. 5.Record the cause of the error in a status register",G((Recovery_state) -> (((sending_current_packet) & (a_packet_not_sent)) -> X(discard_remainder))) & (G((Recovery_state) -> ((last_character_is_data) -> X(EEP_sent_to_receive_FIFO))) & (G((Recovery_state) -> ((last_character_EOP & last_character_EEP) -> X(EEP_sent_to_receive_FIFO))) & (G((Recovery_state) -> ( (((EEP_pending) & (FIFO_full)) -> ((EEP_wait) U (EEP_in_receive_FIFO))) -> X(write_EEP))) & G((Recovery_state) -> ((error) -> X (Record_error)))))),G(Recovery_state -> (G(sending_current_packet -> discard_remainder) & G(last_character_is_data -> write_EEP) & G((last_character_EOP | last_character_EEP) -> F(EEP_in_receive_FIFO)) & G(EEP_pending & IFO_full -> (G(!IFO_full,None
BASIC,20,"When in the Recovery state, the Link Error Recovery state machine shall initiate the following actions: 1.If currently sending a packet, discard the remainder of the packet that has not yet been sent. 2.If the last character written to the receive FIFO was a data character, write an EEP to the receive FIFO. 3.When the last character written was an EOP or EEP, another EEP can be added to the receive FIFO. 4.If an EEP is pending, ready for writing to the receive FIFO and that FIFO is full preventing an EEP being written, wait until there is space in the receive FIFO and then write the EEP. 5.Record the cause of the error in a status register",G((Recovery_state) -> (((sending_current_packet) & (a_packet_not_sent)) -> X(discard_remainder))) & (G((Recovery_state) -> ((last_character_is_data) -> X(EEP_sent_to_receive_FIFO))) & (G((Recovery_state) -> ((last_character_EOP & last_character_EEP) -> X(EEP_sent_to_receive_FIFO))) & (G((Recovery_state) -> ( (((EEP_pending) & (FIFO_full)) -> ((EEP_wait) U (EEP_in_receive_FIFO))) -> X(write_EEP))) & G((Recovery_state) -> ((error) -> X (Record_error)))))),G(Recovery_state -> (G(sending_current_packet -> discard_remainder) & G(last_character_is_data -> write_EEP) & G((last_character_EOP | last_character_EEP) -> F(EEP_in_receive_FIFO)) & G(EEP_pending & IFO_full -> (G(!IFO_full,None
BASIC,20,"When in the Recovery state, the Link Error Recovery state machine shall initiate the following actions: 1.If currently sending a packet, discard the remainder of the packet that has not yet been sent. 2.If the last character written to the receive FIFO was a data character, write an EEP to the receive FIFO. 3.When the last character written was an EOP or EEP, another EEP can be added to the receive FIFO. 4.If an EEP is pending, ready for writing to the receive FIFO and that FIFO is full preventing an EEP being written, wait until there is space in the receive FIFO and then write the EEP. 5.Record the cause of the error in a status register",G((Recovery_state) -> (((sending_current_packet) & (a_packet_not_sent)) -> X(discard_remainder))) & (G((Recovery_state) -> ((last_character_is_data) -> X(EEP_sent_to_receive_FIFO))) & (G((Recovery_state) -> ((last_character_EOP & last_character_EEP) -> X(EEP_sent_to_receive_FIFO))) & (G((Recovery_state) -> ( (((EEP_pending) & (FIFO_full)) -> ((EEP_wait) U (EEP_in_receive_FIFO))) -> X(write_EEP))) & G((Recovery_state) -> ((error) -> X (Record_error)))))),G(Recovery_state -> (G(sending_current_packet -> discard_remainder) & G(last_character_is_data -> write_EEP) & G((last_character_EOP | last_character_EEP) -> F(EEP_in_receive_FIFO)) & G(EEP_pending & IFO_full -> (G(!IFO_full,None
BASIC,20,"When in the Recovery state, the Link Error Recovery state machine shall initiate the following actions: 1.If currently sending a packet, discard the remainder of the packet that has not yet been sent. 2.If the last character written to the receive FIFO was a data character, write an EEP to the receive FIFO. 3.When the last character written was an EOP or EEP, another EEP can be added to the receive FIFO. 4.If an EEP is pending, ready for writing to the receive FIFO and that FIFO is full preventing an EEP being written, wait until there is space in the receive FIFO and then write the EEP. 5.Record the cause of the error in a status register",G((Recovery_state) -> (((sending_current_packet) & (a_packet_not_sent)) -> X(discard_remainder))) & (G((Recovery_state) -> ((last_character_is_data) -> X(EEP_sent_to_receive_FIFO))) & (G((Recovery_state) -> ((last_character_EOP & last_character_EEP) -> X(EEP_sent_to_receive_FIFO))) & (G((Recovery_state) -> ( (((EEP_pending) & (FIFO_full)) -> ((EEP_wait) U (EEP_in_receive_FIFO))) -> X(write_EEP))) & G((Recovery_state) -> ((error) -> X (Record_error)))))),G(Recovery_state -> (G(sending_current_packet -> discard_remainder) & G(last_character_is_data -> write_EEP) & G((last_character_EOP | last_character_EEP) -> F(EEP_in_receive_FIFO)) & G(EEP_pending & IFO_full -> (G(!IFO_full,None
BASIC,20,"When in the Recovery state, the Link Error Recovery state machine shall initiate the following actions: 1.If currently sending a packet, discard the remainder of the packet that has not yet been sent. 2.If the last character written to the receive FIFO was a data character, write an EEP to the receive FIFO. 3.When the last character written was an EOP or EEP, another EEP can be added to the receive FIFO. 4.If an EEP is pending, ready for writing to the receive FIFO and that FIFO is full preventing an EEP being written, wait until there is space in the receive FIFO and then write the EEP. 5.Record the cause of the error in a status register",G((Recovery_state) -> (((sending_current_packet) & (a_packet_not_sent)) -> X(discard_remainder))) & (G((Recovery_state) -> ((last_character_is_data) -> X(EEP_sent_to_receive_FIFO))) & (G((Recovery_state) -> ((last_character_EOP & last_character_EEP) -> X(EEP_sent_to_receive_FIFO))) & (G((Recovery_state) -> ( (((EEP_pending) & (FIFO_full)) -> ((EEP_wait) U (EEP_in_receive_FIFO))) -> X(write_EEP))) & G((Recovery_state) -> ((error) -> X (Record_error)))))),G(Recovery_state -> (G(sending_current_packet -> X(discard_remainder & a_packet_not_sent)) & G(last_character_is_data -> X(write_EEP & EEP_in_receive_FIFO)) & G((last_character_EOP | last_character_EEP) -> X(EEP_in_receive_FIFO)) &,None
BASIC,20,"When in the Recovery state, the Link Error Recovery state machine shall initiate the following actions: 1.If currently sending a packet, discard the remainder of the packet that has not yet been sent. 2.If the last character written to the receive FIFO was a data character, write an EEP to the receive FIFO. 3.When the last character written was an EOP or EEP, another EEP can be added to the receive FIFO. 4.If an EEP is pending, ready for writing to the receive FIFO and that FIFO is full preventing an EEP being written, wait until there is space in the receive FIFO and then write the EEP. 5.Record the cause of the error in a status register",G((Recovery_state) -> (((sending_current_packet) & (a_packet_not_sent)) -> X(discard_remainder))) & (G((Recovery_state) -> ((last_character_is_data) -> X(EEP_sent_to_receive_FIFO))) & (G((Recovery_state) -> ((last_character_EOP & last_character_EEP) -> X(EEP_sent_to_receive_FIFO))) & (G((Recovery_state) -> ( (((EEP_pending) & (FIFO_full)) -> ((EEP_wait) U (EEP_in_receive_FIFO))) -> X(write_EEP))) & G((Recovery_state) -> ((error) -> X (Record_error)))))),G(Recovery_state -> (G(sending_current_packet -> discard_remainder) & G(last_character_is_data -> write_EEP) & G((last_character_EOP | last_character_EEP) -> F(EEP_in_receive_FIFO)) & G(EEP_pending & IFO_full -> (G(!IFO_full,None
BASIC,20,"When in the Recovery state, the Link Error Recovery state machine shall initiate the following actions: 1.If currently sending a packet, discard the remainder of the packet that has not yet been sent. 2.If the last character written to the receive FIFO was a data character, write an EEP to the receive FIFO. 3.When the last character written was an EOP or EEP, another EEP can be added to the receive FIFO. 4.If an EEP is pending, ready for writing to the receive FIFO and that FIFO is full preventing an EEP being written, wait until there is space in the receive FIFO and then write the EEP. 5.Record the cause of the error in a status register",G((Recovery_state) -> (((sending_current_packet) & (a_packet_not_sent)) -> X(discard_remainder))) & (G((Recovery_state) -> ((last_character_is_data) -> X(EEP_sent_to_receive_FIFO))) & (G((Recovery_state) -> ((last_character_EOP & last_character_EEP) -> X(EEP_sent_to_receive_FIFO))) & (G((Recovery_state) -> ( (((EEP_pending) & (FIFO_full)) -> ((EEP_wait) U (EEP_in_receive_FIFO))) -> X(write_EEP))) & G((Recovery_state) -> ((error) -> X (Record_error)))))),G(Recovery_state -> (G(sending_current_packet -> discard_remainder) & G(last_character_is_data -> write_EEP) & G((last_character_EOP | last_character_EEP) -> F(EEP_in_receive_FIFO)) & G(EEP_pending & IFO_full -> (G(IFO_full,None
BASIC,20,"When in the Recovery state, the Link Error Recovery state machine shall initiate the following actions: 1.If currently sending a packet, discard the remainder of the packet that has not yet been sent. 2.If the last character written to the receive FIFO was a data character, write an EEP to the receive FIFO. 3.When the last character written was an EOP or EEP, another EEP can be added to the receive FIFO. 4.If an EEP is pending, ready for writing to the receive FIFO and that FIFO is full preventing an EEP being written, wait until there is space in the receive FIFO and then write the EEP. 5.Record the cause of the error in a status register",G((Recovery_state) -> (((sending_current_packet) & (a_packet_not_sent)) -> X(discard_remainder))) & (G((Recovery_state) -> ((last_character_is_data) -> X(EEP_sent_to_receive_FIFO))) & (G((Recovery_state) -> ((last_character_EOP & last_character_EEP) -> X(EEP_sent_to_receive_FIFO))) & (G((Recovery_state) -> ( (((EEP_pending) & (FIFO_full)) -> ((EEP_wait) U (EEP_in_receive_FIFO))) -> X(write_EEP))) & G((Recovery_state) -> ((error) -> X (Record_error)))))),G(Recovery_state -> (G(sending_current_packet -> discard_remainder) & G(last_character_is_data -> write_EEP) & G((last_character_EOP | last_character_EEP) -> F(EEP_in_receive_FIFO)) & G(EEP_pending & IFO_full -> (G(!IFO_full,None
BASIC,20,"When in the Recovery state, the Link Error Recovery state machine shall initiate the following actions: 1.If currently sending a packet, discard the remainder of the packet that has not yet been sent. 2.If the last character written to the receive FIFO was a data character, write an EEP to the receive FIFO. 3.When the last character written was an EOP or EEP, another EEP can be added to the receive FIFO. 4.If an EEP is pending, ready for writing to the receive FIFO and that FIFO is full preventing an EEP being written, wait until there is space in the receive FIFO and then write the EEP. 5.Record the cause of the error in a status register",G((Recovery_state) -> (((sending_current_packet) & (a_packet_not_sent)) -> X(discard_remainder))) & (G((Recovery_state) -> ((last_character_is_data) -> X(EEP_sent_to_receive_FIFO))) & (G((Recovery_state) -> ((last_character_EOP & last_character_EEP) -> X(EEP_sent_to_receive_FIFO))) & (G((Recovery_state) -> ( (((EEP_pending) & (FIFO_full)) -> ((EEP_wait) U (EEP_in_receive_FIFO))) -> X(write_EEP))) & G((Recovery_state) -> ((error) -> X (Record_error)))))),G(Recovery_state -> (X(sending_current_packet -> discard_remainder) & X(last_character_is_data -> write_EEP) & X((last_character_EOP | last_character_EEP) -> EEP_sent_to_receive_FIFO) & X(EEP_pending & IFO_full -> (G(!IFO_full,None
BASIC,20,"When in the Recovery state, the Link Error Recovery state machine shall initiate the following actions: 1.If currently sending a packet, discard the remainder of the packet that has not yet been sent. 2.If the last character written to the receive FIFO was a data character, write an EEP to the receive FIFO. 3.When the last character written was an EOP or EEP, another EEP can be added to the receive FIFO. 4.If an EEP is pending, ready for writing to the receive FIFO and that FIFO is full preventing an EEP being written, wait until there is space in the receive FIFO and then write the EEP. 5.Record the cause of the error in a status register",G((Recovery_state) -> (((sending_current_packet) & (a_packet_not_sent)) -> X(discard_remainder))) & (G((Recovery_state) -> ((last_character_is_data) -> X(EEP_sent_to_receive_FIFO))) & (G((Recovery_state) -> ((last_character_EOP & last_character_EEP) -> X(EEP_sent_to_receive_FIFO))) & (G((Recovery_state) -> ( (((EEP_pending) & (FIFO_full)) -> ((EEP_wait) U (EEP_in_receive_FIFO))) -> X(write_EEP))) & G((Recovery_state) -> ((error) -> X (Record_error)))))),G(Recovery_state -> (G(sending_current_packet -> discard_remainder) & G(last_character_is_data -> write_EEP) & G((last_character_EOP | last_character_EEP) -> F(EEP_in_receive_FIFO)) & G(EEP_pending & IFO_full -> (G(!IFO_full,None
BASIC,20,"When in the Recovery state, the Link Error Recovery state machine shall initiate the following actions: 1.If currently sending a packet, discard the remainder of the packet that has not yet been sent. 2.If the last character written to the receive FIFO was a data character, write an EEP to the receive FIFO. 3.When the last character written was an EOP or EEP, another EEP can be added to the receive FIFO. 4.If an EEP is pending, ready for writing to the receive FIFO and that FIFO is full preventing an EEP being written, wait until there is space in the receive FIFO and then write the EEP. 5.Record the cause of the error in a status register",G((Recovery_state) -> (((sending_current_packet) & (a_packet_not_sent)) -> X(discard_remainder))) & (G((Recovery_state) -> ((last_character_is_data) -> X(EEP_sent_to_receive_FIFO))) & (G((Recovery_state) -> ((last_character_EOP & last_character_EEP) -> X(EEP_sent_to_receive_FIFO))) & (G((Recovery_state) -> ( (((EEP_pending) & (FIFO_full)) -> ((EEP_wait) U (EEP_in_receive_FIFO))) -> X(write_EEP))) & G((Recovery_state) -> ((error) -> X (Record_error)))))),G(Recovery_state -> (G(sending_current_packet -> discard_remainder) & G(last_character_is_data -> write_EEP) & G((last_character_EOP | last_character_EEP) -> F(EEP_in_receive_FIFO)) & G(EEP_pending & IFO_full -> (G(!IFO_full,None
BASIC,20,"When in the Recovery state, the Link Error Recovery state machine shall initiate the following actions: 1.If currently sending a packet, discard the remainder of the packet that has not yet been sent. 2.If the last character written to the receive FIFO was a data character, write an EEP to the receive FIFO. 3.When the last character written was an EOP or EEP, another EEP can be added to the receive FIFO. 4.If an EEP is pending, ready for writing to the receive FIFO and that FIFO is full preventing an EEP being written, wait until there is space in the receive FIFO and then write the EEP. 5.Record the cause of the error in a status register",G((Recovery_state) -> (((sending_current_packet) & (a_packet_not_sent)) -> X(discard_remainder))) & (G((Recovery_state) -> ((last_character_is_data) -> X(EEP_sent_to_receive_FIFO))) & (G((Recovery_state) -> ((last_character_EOP & last_character_EEP) -> X(EEP_sent_to_receive_FIFO))) & (G((Recovery_state) -> ( (((EEP_pending) & (FIFO_full)) -> ((EEP_wait) U (EEP_in_receive_FIFO))) -> X(write_EEP))) & G((Recovery_state) -> ((error) -> X (Record_error)))))),G(Recovery_state -> (X(sending_current_packet -> discard_remainder) & X(last_character_is_data -> write_EEP) & X((last_character_EOP | last_character_EEP) -> EEP_sent_to_receive_FIFO) & X(EEP_pending & IFO_full -> (G(!IFO_full,None
BASIC,20,"When in the Recovery state, the Link Error Recovery state machine shall initiate the following actions: 1.If currently sending a packet, discard the remainder of the packet that has not yet been sent. 2.If the last character written to the receive FIFO was a data character, write an EEP to the receive FIFO. 3.When the last character written was an EOP or EEP, another EEP can be added to the receive FIFO. 4.If an EEP is pending, ready for writing to the receive FIFO and that FIFO is full preventing an EEP being written, wait until there is space in the receive FIFO and then write the EEP. 5.Record the cause of the error in a status register",G((Recovery_state) -> (((sending_current_packet) & (a_packet_not_sent)) -> X(discard_remainder))) & (G((Recovery_state) -> ((last_character_is_data) -> X(EEP_sent_to_receive_FIFO))) & (G((Recovery_state) -> ((last_character_EOP & last_character_EEP) -> X(EEP_sent_to_receive_FIFO))) & (G((Recovery_state) -> ( (((EEP_pending) & (FIFO_full)) -> ((EEP_wait) U (EEP_in_receive_FIFO))) -> X(write_EEP))) & G((Recovery_state) -> ((error) -> X (Record_error)))))),G(Recovery_state -> (G(sending_current_packet -> discard_remainder) & G(last_character_is_data -> write_EEP) & G((last_character_EOP | last_character_EEP) -> F(EEP_in_receive_FIFO)) & G(EEP_pending & IFO_full -> (G(!IFO_full,None
BASIC,20,"When in the Recovery state, the Link Error Recovery state machine shall initiate the following actions: 1.If currently sending a packet, discard the remainder of the packet that has not yet been sent. 2.If the last character written to the receive FIFO was a data character, write an EEP to the receive FIFO. 3.When the last character written was an EOP or EEP, another EEP can be added to the receive FIFO. 4.If an EEP is pending, ready for writing to the receive FIFO and that FIFO is full preventing an EEP being written, wait until there is space in the receive FIFO and then write the EEP. 5.Record the cause of the error in a status register",G((Recovery_state) -> (((sending_current_packet) & (a_packet_not_sent)) -> X(discard_remainder))) & (G((Recovery_state) -> ((last_character_is_data) -> X(EEP_sent_to_receive_FIFO))) & (G((Recovery_state) -> ((last_character_EOP & last_character_EEP) -> X(EEP_sent_to_receive_FIFO))) & (G((Recovery_state) -> ( (((EEP_pending) & (FIFO_full)) -> ((EEP_wait) U (EEP_in_receive_FIFO))) -> X(write_EEP))) & G((Recovery_state) -> ((error) -> X (Record_error)))))),G(Recovery_state -> (X(sending_current_packet -> discard_remainder) & X(last_character_is_data -> write_EEP) & X((last_character_EOP | last_character_EEP) -> EEP_sent_to_receive_FIFO) & X(EEP_pending & IFO_full -> (EEP_wait U !,None
BASIC,20,"When in the Recovery state, the Link Error Recovery state machine shall initiate the following actions: 1.If currently sending a packet, discard the remainder of the packet that has not yet been sent. 2.If the last character written to the receive FIFO was a data character, write an EEP to the receive FIFO. 3.When the last character written was an EOP or EEP, another EEP can be added to the receive FIFO. 4.If an EEP is pending, ready for writing to the receive FIFO and that FIFO is full preventing an EEP being written, wait until there is space in the receive FIFO and then write the EEP. 5.Record the cause of the error in a status register",G((Recovery_state) -> (((sending_current_packet) & (a_packet_not_sent)) -> X(discard_remainder))) & (G((Recovery_state) -> ((last_character_is_data) -> X(EEP_sent_to_receive_FIFO))) & (G((Recovery_state) -> ((last_character_EOP & last_character_EEP) -> X(EEP_sent_to_receive_FIFO))) & (G((Recovery_state) -> ( (((EEP_pending) & (FIFO_full)) -> ((EEP_wait) U (EEP_in_receive_FIFO))) -> X(write_EEP))) & G((Recovery_state) -> ((error) -> X (Record_error)))))),G(Recovery_state -> (G(sending_current_packet -> discard_remainder) & G(last_character_is_data -> write_EEP) & G((last_character_EOP | last_character_EEP) -> EEP_in_receive_FIFO) & G(EEP_pending & IFO_full -> (G(!IFO_full),None
BASIC,20,"When in the Recovery state, the Link Error Recovery state machine shall initiate the following actions: 1.If currently sending a packet, discard the remainder of the packet that has not yet been sent. 2.If the last character written to the receive FIFO was a data character, write an EEP to the receive FIFO. 3.When the last character written was an EOP or EEP, another EEP can be added to the receive FIFO. 4.If an EEP is pending, ready for writing to the receive FIFO and that FIFO is full preventing an EEP being written, wait until there is space in the receive FIFO and then write the EEP. 5.Record the cause of the error in a status register",G((Recovery_state) -> (((sending_current_packet) & (a_packet_not_sent)) -> X(discard_remainder))) & (G((Recovery_state) -> ((last_character_is_data) -> X(EEP_sent_to_receive_FIFO))) & (G((Recovery_state) -> ((last_character_EOP & last_character_EEP) -> X(EEP_sent_to_receive_FIFO))) & (G((Recovery_state) -> ( (((EEP_pending) & (FIFO_full)) -> ((EEP_wait) U (EEP_in_receive_FIFO))) -> X(write_EEP))) & G((Recovery_state) -> ((error) -> X (Record_error)))))),G(Recovery_state -> (X(sending_current_packet -> discard_remainder) & X(last_character_is_data -> write_EEP) & X((last_character_EOP | last_character_EEP) -> EEP_sent_to_receive_FIFO) & X(EEP_pending & IFO_full -> (G(!IFO_full,None
BASIC,20,"When in the Recovery state, the Link Error Recovery state machine shall initiate the following actions: 1.If currently sending a packet, discard the remainder of the packet that has not yet been sent. 2.If the last character written to the receive FIFO was a data character, write an EEP to the receive FIFO. 3.When the last character written was an EOP or EEP, another EEP can be added to the receive FIFO. 4.If an EEP is pending, ready for writing to the receive FIFO and that FIFO is full preventing an EEP being written, wait until there is space in the receive FIFO and then write the EEP. 5.Record the cause of the error in a status register",G((Recovery_state) -> (((sending_current_packet) & (a_packet_not_sent)) -> X(discard_remainder))) & (G((Recovery_state) -> ((last_character_is_data) -> X(EEP_sent_to_receive_FIFO))) & (G((Recovery_state) -> ((last_character_EOP & last_character_EEP) -> X(EEP_sent_to_receive_FIFO))) & (G((Recovery_state) -> ( (((EEP_pending) & (FIFO_full)) -> ((EEP_wait) U (EEP_in_receive_FIFO))) -> X(write_EEP))) & G((Recovery_state) -> ((error) -> X (Record_error)))))),G(Recovery_state -> (G(sending_current_packet -> discard_remainder) & G(last_character_is_data -> write_EEP) & G((last_character_EOP | last_character_EEP) -> EEP_sent_to_receive_FIFO) & G(EEP_pending & IFO_full -> (G(!IFO_full,None
BASIC,20,"When in the Recovery state, the Link Error Recovery state machine shall initiate the following actions: 1.If currently sending a packet, discard the remainder of the packet that has not yet been sent. 2.If the last character written to the receive FIFO was a data character, write an EEP to the receive FIFO. 3.When the last character written was an EOP or EEP, another EEP can be added to the receive FIFO. 4.If an EEP is pending, ready for writing to the receive FIFO and that FIFO is full preventing an EEP being written, wait until there is space in the receive FIFO and then write the EEP. 5.Record the cause of the error in a status register",G((Recovery_state) -> (((sending_current_packet) & (a_packet_not_sent)) -> X(discard_remainder))) & (G((Recovery_state) -> ((last_character_is_data) -> X(EEP_sent_to_receive_FIFO))) & (G((Recovery_state) -> ((last_character_EOP & last_character_EEP) -> X(EEP_sent_to_receive_FIFO))) & (G((Recovery_state) -> ( (((EEP_pending) & (FIFO_full)) -> ((EEP_wait) U (EEP_in_receive_FIFO))) -> X(write_EEP))) & G((Recovery_state) -> ((error) -> X (Record_error)))))),G(Recovery_state -> (G(sending_current_packet -> discard_remainder) & G(last_character_is_data -> write_EEP) & G((last_character_EOP | last_character_EEP) -> F(EEP_in_receive_FIFO)) & G(EEP_pending & IFO_full -> (G(!IFO_full,None
BASIC,20,"When in the Recovery state, the Link Error Recovery state machine shall initiate the following actions: 1.If currently sending a packet, discard the remainder of the packet that has not yet been sent. 2.If the last character written to the receive FIFO was a data character, write an EEP to the receive FIFO. 3.When the last character written was an EOP or EEP, another EEP can be added to the receive FIFO. 4.If an EEP is pending, ready for writing to the receive FIFO and that FIFO is full preventing an EEP being written, wait until there is space in the receive FIFO and then write the EEP. 5.Record the cause of the error in a status register",G((Recovery_state) -> (((sending_current_packet) & (a_packet_not_sent)) -> X(discard_remainder))) & (G((Recovery_state) -> ((last_character_is_data) -> X(EEP_sent_to_receive_FIFO))) & (G((Recovery_state) -> ((last_character_EOP & last_character_EEP) -> X(EEP_sent_to_receive_FIFO))) & (G((Recovery_state) -> ( (((EEP_pending) & (FIFO_full)) -> ((EEP_wait) U (EEP_in_receive_FIFO))) -> X(write_EEP))) & G((Recovery_state) -> ((error) -> X (Record_error)))))),G(Recovery_state -> (G(sending_current_packet -> X(discard_remainder & a_packet_not_sent)) & G(last_character_is_data -> X(write_EEP & EEP_in_receive_FIFO)) & G((last_character_EOP | last_character_EEP) -> X(EEP_in_receive_FIFO)) &,None
BASIC,20,"When in the Recovery state, the Link Error Recovery state machine shall initiate the following actions: 1.If currently sending a packet, discard the remainder of the packet that has not yet been sent. 2.If the last character written to the receive FIFO was a data character, write an EEP to the receive FIFO. 3.When the last character written was an EOP or EEP, another EEP can be added to the receive FIFO. 4.If an EEP is pending, ready for writing to the receive FIFO and that FIFO is full preventing an EEP being written, wait until there is space in the receive FIFO and then write the EEP. 5.Record the cause of the error in a status register",G((Recovery_state) -> (((sending_current_packet) & (a_packet_not_sent)) -> X(discard_remainder))) & (G((Recovery_state) -> ((last_character_is_data) -> X(EEP_sent_to_receive_FIFO))) & (G((Recovery_state) -> ((last_character_EOP & last_character_EEP) -> X(EEP_sent_to_receive_FIFO))) & (G((Recovery_state) -> ( (((EEP_pending) & (FIFO_full)) -> ((EEP_wait) U (EEP_in_receive_FIFO))) -> X(write_EEP))) & G((Recovery_state) -> ((error) -> X (Record_error)))))),G(Recovery_state -> (G(sending_current_packet -> discard_remainder) & G(last_character_is_data -> write_EEP) & G((last_character_EOP | last_character_EEP) -> F(EEP_in_receive_FIFO)) & G(EEP_pending & IFO_full -> (G(!IFO_full,None
BASIC,20,"When in the Recovery state, the Link Error Recovery state machine shall initiate the following actions: 1.If currently sending a packet, discard the remainder of the packet that has not yet been sent. 2.If the last character written to the receive FIFO was a data character, write an EEP to the receive FIFO. 3.When the last character written was an EOP or EEP, another EEP can be added to the receive FIFO. 4.If an EEP is pending, ready for writing to the receive FIFO and that FIFO is full preventing an EEP being written, wait until there is space in the receive FIFO and then write the EEP. 5.Record the cause of the error in a status register",G((Recovery_state) -> (((sending_current_packet) & (a_packet_not_sent)) -> X(discard_remainder))) & (G((Recovery_state) -> ((last_character_is_data) -> X(EEP_sent_to_receive_FIFO))) & (G((Recovery_state) -> ((last_character_EOP & last_character_EEP) -> X(EEP_sent_to_receive_FIFO))) & (G((Recovery_state) -> ( (((EEP_pending) & (FIFO_full)) -> ((EEP_wait) U (EEP_in_receive_FIFO))) -> X(write_EEP))) & G((Recovery_state) -> ((error) -> X (Record_error)))))),G(Recovery_state -> (G(sending_current_packet -> X(discard_remainder & a_packet_not_sent)) & G(last_character_is_data -> X(write_EEP & EEP_in_receive_FIFO)) & G((last_character_EOP | last_character_EEP) -> X(EEP_in_receive_FIFO)) &,None
BASIC,20,"When in the Recovery state, the Link Error Recovery state machine shall initiate the following actions: 1.If currently sending a packet, discard the remainder of the packet that has not yet been sent. 2.If the last character written to the receive FIFO was a data character, write an EEP to the receive FIFO. 3.When the last character written was an EOP or EEP, another EEP can be added to the receive FIFO. 4.If an EEP is pending, ready for writing to the receive FIFO and that FIFO is full preventing an EEP being written, wait until there is space in the receive FIFO and then write the EEP. 5.Record the cause of the error in a status register",G((Recovery_state) -> (((sending_current_packet) & (a_packet_not_sent)) -> X(discard_remainder))) & (G((Recovery_state) -> ((last_character_is_data) -> X(EEP_sent_to_receive_FIFO))) & (G((Recovery_state) -> ((last_character_EOP & last_character_EEP) -> X(EEP_sent_to_receive_FIFO))) & (G((Recovery_state) -> ( (((EEP_pending) & (FIFO_full)) -> ((EEP_wait) U (EEP_in_receive_FIFO))) -> X(write_EEP))) & G((Recovery_state) -> ((error) -> X (Record_error)))))),G(Recovery_state -> (X(sending_current_packet -> discard_remainder) & X(last_character_is_data -> write_EEP) & X((last_character_EOP | last_character_EEP) -> EEP_sent_to_receive_FIFO) & X(EEP_pending & IFO_full -> (IFO_full U !,None
BASIC,20,"When in the Recovery state, the Link Error Recovery state machine shall initiate the following actions: 1.If currently sending a packet, discard the remainder of the packet that has not yet been sent. 2.If the last character written to the receive FIFO was a data character, write an EEP to the receive FIFO. 3.When the last character written was an EOP or EEP, another EEP can be added to the receive FIFO. 4.If an EEP is pending, ready for writing to the receive FIFO and that FIFO is full preventing an EEP being written, wait until there is space in the receive FIFO and then write the EEP. 5.Record the cause of the error in a status register",G((Recovery_state) -> (((sending_current_packet) & (a_packet_not_sent)) -> X(discard_remainder))) & (G((Recovery_state) -> ((last_character_is_data) -> X(EEP_sent_to_receive_FIFO))) & (G((Recovery_state) -> ((last_character_EOP & last_character_EEP) -> X(EEP_sent_to_receive_FIFO))) & (G((Recovery_state) -> ( (((EEP_pending) & (FIFO_full)) -> ((EEP_wait) U (EEP_in_receive_FIFO))) -> X(write_EEP))) & G((Recovery_state) -> ((error) -> X (Record_error)))))),G(Recovery_state -> (G(sending_current_packet -> discard_remainder) & G(last_character_is_data -> write_EEP) & G((last_character_EOP | last_character_EEP) -> F(EEP_in_receive_FIFO)) & G(EEP_pending & IFO_full -> (G(!IFO_full,None
BASIC,20,"When in the Recovery state, the Link Error Recovery state machine shall initiate the following actions: 1.If currently sending a packet, discard the remainder of the packet that has not yet been sent. 2.If the last character written to the receive FIFO was a data character, write an EEP to the receive FIFO. 3.When the last character written was an EOP or EEP, another EEP can be added to the receive FIFO. 4.If an EEP is pending, ready for writing to the receive FIFO and that FIFO is full preventing an EEP being written, wait until there is space in the receive FIFO and then write the EEP. 5.Record the cause of the error in a status register",G((Recovery_state) -> (((sending_current_packet) & (a_packet_not_sent)) -> X(discard_remainder))) & (G((Recovery_state) -> ((last_character_is_data) -> X(EEP_sent_to_receive_FIFO))) & (G((Recovery_state) -> ((last_character_EOP & last_character_EEP) -> X(EEP_sent_to_receive_FIFO))) & (G((Recovery_state) -> ( (((EEP_pending) & (FIFO_full)) -> ((EEP_wait) U (EEP_in_receive_FIFO))) -> X(write_EEP))) & G((Recovery_state) -> ((error) -> X (Record_error)))))),G(Recovery_state -> (G(sending_current_packet -> X(discard_remainder & a_packet_not_sent)) & G(last_character_is_data -> X(write_EEP & EEP_sent_to_receive_FIFO)) & G((last_character_EOP | last_character_EEP) -> F(EEP_sent_to_receive_FIFO,None
BASIC,20,"When in the Recovery state, the Link Error Recovery state machine shall initiate the following actions: 1.If currently sending a packet, discard the remainder of the packet that has not yet been sent. 2.If the last character written to the receive FIFO was a data character, write an EEP to the receive FIFO. 3.When the last character written was an EOP or EEP, another EEP can be added to the receive FIFO. 4.If an EEP is pending, ready for writing to the receive FIFO and that FIFO is full preventing an EEP being written, wait until there is space in the receive FIFO and then write the EEP. 5.Record the cause of the error in a status register",G((Recovery_state) -> (((sending_current_packet) & (a_packet_not_sent)) -> X(discard_remainder))) & (G((Recovery_state) -> ((last_character_is_data) -> X(EEP_sent_to_receive_FIFO))) & (G((Recovery_state) -> ((last_character_EOP & last_character_EEP) -> X(EEP_sent_to_receive_FIFO))) & (G((Recovery_state) -> ( (((EEP_pending) & (FIFO_full)) -> ((EEP_wait) U (EEP_in_receive_FIFO))) -> X(write_EEP))) & G((Recovery_state) -> ((error) -> X (Record_error)))))),G(Recovery_state -> (G(sending_current_packet -> discard_remainder) & G(last_character_is_data -> write_EEP) & G((last_character_EOP | last_character_EEP) -> F(EEP_in_receive_FIFO)) & G(EEP_pending & IFO_full -> (G(!IFO_full,None
BASIC,20,"When in the Recovery state, the Link Error Recovery state machine shall initiate the following actions: 1.If currently sending a packet, discard the remainder of the packet that has not yet been sent. 2.If the last character written to the receive FIFO was a data character, write an EEP to the receive FIFO. 3.When the last character written was an EOP or EEP, another EEP can be added to the receive FIFO. 4.If an EEP is pending, ready for writing to the receive FIFO and that FIFO is full preventing an EEP being written, wait until there is space in the receive FIFO and then write the EEP. 5.Record the cause of the error in a status register",G((Recovery_state) -> (((sending_current_packet) & (a_packet_not_sent)) -> X(discard_remainder))) & (G((Recovery_state) -> ((last_character_is_data) -> X(EEP_sent_to_receive_FIFO))) & (G((Recovery_state) -> ((last_character_EOP & last_character_EEP) -> X(EEP_sent_to_receive_FIFO))) & (G((Recovery_state) -> ( (((EEP_pending) & (FIFO_full)) -> ((EEP_wait) U (EEP_in_receive_FIFO))) -> X(write_EEP))) & G((Recovery_state) -> ((error) -> X (Record_error)))))),G(Recovery_state -> (X(sending_current_packet -> discard_remainder) & X(last_character_is_data -> write_EEP) & X((last_character_EOP | last_character_EEP) -> EEP_sent_to_receive_FIFO) & X(EEP_pending & IFO_full -> (G(!IFO_full,None
BASIC,20,"When in the Recovery state, the Link Error Recovery state machine shall initiate the following actions: 1.If currently sending a packet, discard the remainder of the packet that has not yet been sent. 2.If the last character written to the receive FIFO was a data character, write an EEP to the receive FIFO. 3.When the last character written was an EOP or EEP, another EEP can be added to the receive FIFO. 4.If an EEP is pending, ready for writing to the receive FIFO and that FIFO is full preventing an EEP being written, wait until there is space in the receive FIFO and then write the EEP. 5.Record the cause of the error in a status register",G((Recovery_state) -> (((sending_current_packet) & (a_packet_not_sent)) -> X(discard_remainder))) & (G((Recovery_state) -> ((last_character_is_data) -> X(EEP_sent_to_receive_FIFO))) & (G((Recovery_state) -> ((last_character_EOP & last_character_EEP) -> X(EEP_sent_to_receive_FIFO))) & (G((Recovery_state) -> ( (((EEP_pending) & (FIFO_full)) -> ((EEP_wait) U (EEP_in_receive_FIFO))) -> X(write_EEP))) & G((Recovery_state) -> ((error) -> X (Record_error)))))),G(Recovery_state -> (G(sending_current_packet -> discard_remainder) & G(last_character_is_data -> write_EEP) & G((last_character_EOP | last_character_EEP) -> F(EEP_in_receive_FIFO)) & G(EEP_pending & IFO_full -> (G(!IFO_full,None
BASIC,20,"When in the Recovery state, the Link Error Recovery state machine shall initiate the following actions: 1.If currently sending a packet, discard the remainder of the packet that has not yet been sent. 2.If the last character written to the receive FIFO was a data character, write an EEP to the receive FIFO. 3.When the last character written was an EOP or EEP, another EEP can be added to the receive FIFO. 4.If an EEP is pending, ready for writing to the receive FIFO and that FIFO is full preventing an EEP being written, wait until there is space in the receive FIFO and then write the EEP. 5.Record the cause of the error in a status register",G((Recovery_state) -> (((sending_current_packet) & (a_packet_not_sent)) -> X(discard_remainder))) & (G((Recovery_state) -> ((last_character_is_data) -> X(EEP_sent_to_receive_FIFO))) & (G((Recovery_state) -> ((last_character_EOP & last_character_EEP) -> X(EEP_sent_to_receive_FIFO))) & (G((Recovery_state) -> ( (((EEP_pending) & (FIFO_full)) -> ((EEP_wait) U (EEP_in_receive_FIFO))) -> X(write_EEP))) & G((Recovery_state) -> ((error) -> X (Record_error)))))),G(Recovery_state -> (G(sending_current_packet -> discard_remainder) & G(last_character_is_data -> write_EEP) & G((last_character_EOP | last_character_EEP) -> F(EEP_in_receive_FIFO)) & G(EEP_pending & IFO_full -> (G(!IFO_full,None
BASIC,20,"When in the Recovery state, the Link Error Recovery state machine shall initiate the following actions: 1.If currently sending a packet, discard the remainder of the packet that has not yet been sent. 2.If the last character written to the receive FIFO was a data character, write an EEP to the receive FIFO. 3.When the last character written was an EOP or EEP, another EEP can be added to the receive FIFO. 4.If an EEP is pending, ready for writing to the receive FIFO and that FIFO is full preventing an EEP being written, wait until there is space in the receive FIFO and then write the EEP. 5.Record the cause of the error in a status register",G((Recovery_state) -> (((sending_current_packet) & (a_packet_not_sent)) -> X(discard_remainder))) & (G((Recovery_state) -> ((last_character_is_data) -> X(EEP_sent_to_receive_FIFO))) & (G((Recovery_state) -> ((last_character_EOP & last_character_EEP) -> X(EEP_sent_to_receive_FIFO))) & (G((Recovery_state) -> ( (((EEP_pending) & (FIFO_full)) -> ((EEP_wait) U (EEP_in_receive_FIFO))) -> X(write_EEP))) & G((Recovery_state) -> ((error) -> X (Record_error)))))),G(Recovery_state -> (G(sending_current_packet -> X(discard_remainder & a_packet_not_sent)) & G(last_character_is_data -> X(write_EEP & EEP_in_receive_FIFO)) & G((last_character_EOP | last_character_EEP) -> X(EEP_in_receive_FIFO)) &,None
BASIC,20,"When in the Recovery state, the Link Error Recovery state machine shall initiate the following actions: 1.If currently sending a packet, discard the remainder of the packet that has not yet been sent. 2.If the last character written to the receive FIFO was a data character, write an EEP to the receive FIFO. 3.When the last character written was an EOP or EEP, another EEP can be added to the receive FIFO. 4.If an EEP is pending, ready for writing to the receive FIFO and that FIFO is full preventing an EEP being written, wait until there is space in the receive FIFO and then write the EEP. 5.Record the cause of the error in a status register",G((Recovery_state) -> (((sending_current_packet) & (a_packet_not_sent)) -> X(discard_remainder))) & (G((Recovery_state) -> ((last_character_is_data) -> X(EEP_sent_to_receive_FIFO))) & (G((Recovery_state) -> ((last_character_EOP & last_character_EEP) -> X(EEP_sent_to_receive_FIFO))) & (G((Recovery_state) -> ( (((EEP_pending) & (FIFO_full)) -> ((EEP_wait) U (EEP_in_receive_FIFO))) -> X(write_EEP))) & G((Recovery_state) -> ((error) -> X (Record_error)))))),G(Recovery_state -> (G(sending_current_packet -> discard_remainder) & G(last_character_is_data -> write_EEP) & G((last_character_EOP | last_character_EEP) -> F(EEP_in_receive_FIFO)) & G(EEP_pending & IFO_full -> (G(!IFO_full,None
BASIC,20,"When in the Recovery state, the Link Error Recovery state machine shall initiate the following actions: 1.If currently sending a packet, discard the remainder of the packet that has not yet been sent. 2.If the last character written to the receive FIFO was a data character, write an EEP to the receive FIFO. 3.When the last character written was an EOP or EEP, another EEP can be added to the receive FIFO. 4.If an EEP is pending, ready for writing to the receive FIFO and that FIFO is full preventing an EEP being written, wait until there is space in the receive FIFO and then write the EEP. 5.Record the cause of the error in a status register",G((Recovery_state) -> (((sending_current_packet) & (a_packet_not_sent)) -> X(discard_remainder))) & (G((Recovery_state) -> ((last_character_is_data) -> X(EEP_sent_to_receive_FIFO))) & (G((Recovery_state) -> ((last_character_EOP & last_character_EEP) -> X(EEP_sent_to_receive_FIFO))) & (G((Recovery_state) -> ( (((EEP_pending) & (FIFO_full)) -> ((EEP_wait) U (EEP_in_receive_FIFO))) -> X(write_EEP))) & G((Recovery_state) -> ((error) -> X (Record_error)))))),G(Recovery_state -> (G(sending_current_packet -> discard_remainder) & G(last_character_is_data -> write_EEP) & G((last_character_EOP | last_character_EEP) -> F(EEP_in_receive_FIFO)) & G(EEP_pending & IFO_full -> (G(!IFO_full,None
BASIC,20,"When in the Recovery state, the Link Error Recovery state machine shall initiate the following actions: 1.If currently sending a packet, discard the remainder of the packet that has not yet been sent. 2.If the last character written to the receive FIFO was a data character, write an EEP to the receive FIFO. 3.When the last character written was an EOP or EEP, another EEP can be added to the receive FIFO. 4.If an EEP is pending, ready for writing to the receive FIFO and that FIFO is full preventing an EEP being written, wait until there is space in the receive FIFO and then write the EEP. 5.Record the cause of the error in a status register",G((Recovery_state) -> (((sending_current_packet) & (a_packet_not_sent)) -> X(discard_remainder))) & (G((Recovery_state) -> ((last_character_is_data) -> X(EEP_sent_to_receive_FIFO))) & (G((Recovery_state) -> ((last_character_EOP & last_character_EEP) -> X(EEP_sent_to_receive_FIFO))) & (G((Recovery_state) -> ( (((EEP_pending) & (FIFO_full)) -> ((EEP_wait) U (EEP_in_receive_FIFO))) -> X(write_EEP))) & G((Recovery_state) -> ((error) -> X (Record_error)))))),G(Recovery_state -> (X(sending_current_packet -> discard_remainder) & X(last_character_is_data -> write_EEP) & X((last_character_EOP | last_character_EEP) -> EEP_sent_to_receive_FIFO) & X(EEP_pending & IFO_full -> (G(!IFO_full,None
BASIC,20,"When in the Recovery state, the Link Error Recovery state machine shall initiate the following actions: 1.If currently sending a packet, discard the remainder of the packet that has not yet been sent. 2.If the last character written to the receive FIFO was a data character, write an EEP to the receive FIFO. 3.When the last character written was an EOP or EEP, another EEP can be added to the receive FIFO. 4.If an EEP is pending, ready for writing to the receive FIFO and that FIFO is full preventing an EEP being written, wait until there is space in the receive FIFO and then write the EEP. 5.Record the cause of the error in a status register",G((Recovery_state) -> (((sending_current_packet) & (a_packet_not_sent)) -> X(discard_remainder))) & (G((Recovery_state) -> ((last_character_is_data) -> X(EEP_sent_to_receive_FIFO))) & (G((Recovery_state) -> ((last_character_EOP & last_character_EEP) -> X(EEP_sent_to_receive_FIFO))) & (G((Recovery_state) -> ( (((EEP_pending) & (FIFO_full)) -> ((EEP_wait) U (EEP_in_receive_FIFO))) -> X(write_EEP))) & G((Recovery_state) -> ((error) -> X (Record_error)))))),G(Recovery_state -> (G(sending_current_packet -> discard_remainder) & G(last_character_is_data -> write_EEP) & G((last_character_EOP | last_character_EEP) -> F(EEP_in_receive_FIFO)) & G(EEP_pending & IFO_full -> (G(!IFO_full,None
BASIC,20,"When in the Recovery state, the Link Error Recovery state machine shall initiate the following actions: 1.If currently sending a packet, discard the remainder of the packet that has not yet been sent. 2.If the last character written to the receive FIFO was a data character, write an EEP to the receive FIFO. 3.When the last character written was an EOP or EEP, another EEP can be added to the receive FIFO. 4.If an EEP is pending, ready for writing to the receive FIFO and that FIFO is full preventing an EEP being written, wait until there is space in the receive FIFO and then write the EEP. 5.Record the cause of the error in a status register",G((Recovery_state) -> (((sending_current_packet) & (a_packet_not_sent)) -> X(discard_remainder))) & (G((Recovery_state) -> ((last_character_is_data) -> X(EEP_sent_to_receive_FIFO))) & (G((Recovery_state) -> ((last_character_EOP & last_character_EEP) -> X(EEP_sent_to_receive_FIFO))) & (G((Recovery_state) -> ( (((EEP_pending) & (FIFO_full)) -> ((EEP_wait) U (EEP_in_receive_FIFO))) -> X(write_EEP))) & G((Recovery_state) -> ((error) -> X (Record_error)))))),G(Recovery_state -> (G(sending_current_packet -> discard_remainder) & G(last_character_is_data -> write_EEP) & G((last_character_EOP | last_character_EEP) -> F(EEP_in_receive_FIFO)) & G(EEP_pending & IFO_full -> (G(IFO_full,None
BASIC,20,"When in the Recovery state, the Link Error Recovery state machine shall initiate the following actions: 1.If currently sending a packet, discard the remainder of the packet that has not yet been sent. 2.If the last character written to the receive FIFO was a data character, write an EEP to the receive FIFO. 3.When the last character written was an EOP or EEP, another EEP can be added to the receive FIFO. 4.If an EEP is pending, ready for writing to the receive FIFO and that FIFO is full preventing an EEP being written, wait until there is space in the receive FIFO and then write the EEP. 5.Record the cause of the error in a status register",G((Recovery_state) -> (((sending_current_packet) & (a_packet_not_sent)) -> X(discard_remainder))) & (G((Recovery_state) -> ((last_character_is_data) -> X(EEP_sent_to_receive_FIFO))) & (G((Recovery_state) -> ((last_character_EOP & last_character_EEP) -> X(EEP_sent_to_receive_FIFO))) & (G((Recovery_state) -> ( (((EEP_pending) & (FIFO_full)) -> ((EEP_wait) U (EEP_in_receive_FIFO))) -> X(write_EEP))) & G((Recovery_state) -> ((error) -> X (Record_error)))))),G(Recovery_state -> (G(sending_current_packet -> discard_remainder) & G(last_character_is_data -> write_EEP) & G((last_character_EOP | last_character_EEP) -> F(EEP_in_receive_FIFO)) & G(EEP_pending & IFO_full -> (G(!IFO_full,None
BASIC,20,"When in the Recovery state, the Link Error Recovery state machine shall initiate the following actions: 1.If currently sending a packet, discard the remainder of the packet that has not yet been sent. 2.If the last character written to the receive FIFO was a data character, write an EEP to the receive FIFO. 3.When the last character written was an EOP or EEP, another EEP can be added to the receive FIFO. 4.If an EEP is pending, ready for writing to the receive FIFO and that FIFO is full preventing an EEP being written, wait until there is space in the receive FIFO and then write the EEP. 5.Record the cause of the error in a status register",G((Recovery_state) -> (((sending_current_packet) & (a_packet_not_sent)) -> X(discard_remainder))) & (G((Recovery_state) -> ((last_character_is_data) -> X(EEP_sent_to_receive_FIFO))) & (G((Recovery_state) -> ((last_character_EOP & last_character_EEP) -> X(EEP_sent_to_receive_FIFO))) & (G((Recovery_state) -> ( (((EEP_pending) & (FIFO_full)) -> ((EEP_wait) U (EEP_in_receive_FIFO))) -> X(write_EEP))) & G((Recovery_state) -> ((error) -> X (Record_error)))))),G(Recovery_state -> (G(sending_current_packet -> X(discard_remainder & a_packet_not_sent)) & G(last_character_is_data -> X(write_EEP & EEP_in_receive_FIFO)) & G((last_character_EOP | last_character_EEP) -> X(EEP_in_receive_FIFO)) &,None
BASIC,20,"When in the Recovery state, the Link Error Recovery state machine shall initiate the following actions: 1.If currently sending a packet, discard the remainder of the packet that has not yet been sent. 2.If the last character written to the receive FIFO was a data character, write an EEP to the receive FIFO. 3.When the last character written was an EOP or EEP, another EEP can be added to the receive FIFO. 4.If an EEP is pending, ready for writing to the receive FIFO and that FIFO is full preventing an EEP being written, wait until there is space in the receive FIFO and then write the EEP. 5.Record the cause of the error in a status register",G((Recovery_state) -> (((sending_current_packet) & (a_packet_not_sent)) -> X(discard_remainder))) & (G((Recovery_state) -> ((last_character_is_data) -> X(EEP_sent_to_receive_FIFO))) & (G((Recovery_state) -> ((last_character_EOP & last_character_EEP) -> X(EEP_sent_to_receive_FIFO))) & (G((Recovery_state) -> ( (((EEP_pending) & (FIFO_full)) -> ((EEP_wait) U (EEP_in_receive_FIFO))) -> X(write_EEP))) & G((Recovery_state) -> ((error) -> X (Record_error)))))),G(Recovery_state -> (G(sending_current_packet -> discard_remainder) & G(last_character_is_data -> write_EEP) & G((last_character_EOP | last_character_EEP) -> EEP_sent_to_receive_FIFO) & G(EEP_pending & IFO_full -> (G(!IFO_full,None
BASIC,20,"When in the Recovery state, the Link Error Recovery state machine shall initiate the following actions: 1.If currently sending a packet, discard the remainder of the packet that has not yet been sent. 2.If the last character written to the receive FIFO was a data character, write an EEP to the receive FIFO. 3.When the last character written was an EOP or EEP, another EEP can be added to the receive FIFO. 4.If an EEP is pending, ready for writing to the receive FIFO and that FIFO is full preventing an EEP being written, wait until there is space in the receive FIFO and then write the EEP. 5.Record the cause of the error in a status register",G((Recovery_state) -> (((sending_current_packet) & (a_packet_not_sent)) -> X(discard_remainder))) & (G((Recovery_state) -> ((last_character_is_data) -> X(EEP_sent_to_receive_FIFO))) & (G((Recovery_state) -> ((last_character_EOP & last_character_EEP) -> X(EEP_sent_to_receive_FIFO))) & (G((Recovery_state) -> ( (((EEP_pending) & (FIFO_full)) -> ((EEP_wait) U (EEP_in_receive_FIFO))) -> X(write_EEP))) & G((Recovery_state) -> ((error) -> X (Record_error)))))),G(Recovery_state -> (G(sending_current_packet -> discard_remainder) & G(last_character_is_data -> write_EEP) & G((last_character_EOP | last_character_EEP) -> F(EEP_in_receive_FIFO)) & G(EEP_pending & IFO_full -> (G(!IFO_full,None
BASIC,21,"If one or more N-Chars have been sent since the link reached the Run state AND the last character sent was not an EOP or EEP, read the transmit FIFO and discard the characters read until an EOP or EEP has been read and discarded",G(  ((Run_state_started) -> ((NChar_sent) & !(last_char_EOP & EEP)))  -> X(((read_transmit_FIFO) & (discard_characters)) U ((EOP_read & EEP_read) & (EOP_discard & EEP_discarded)))  ),G ( (F (Run_state_started & NChar_sent) & !last_char_EOP) -> (read_transmit_FIFO & (discard_characters U (EOP_discard | EEP_discarded))) ),False
BASIC,21,"If one or more N-Chars have been sent since the link reached the Run state AND the last character sent was not an EOP or EEP, read the transmit FIFO and discard the characters read until an EOP or EEP has been read and discarded",G(  ((Run_state_started) -> ((NChar_sent) & !(last_char_EOP & EEP)))  -> X(((read_transmit_FIFO) & (discard_characters)) U ((EOP_read & EEP_read) & (EOP_discard & EEP_discarded)))  ),G ( (F (Run_state_started & F NChar_sent) & !last_char_EOP) -> (read_transmit_FIFO & G (discard_characters U (EOP_discard | EEP_discarded))) ),False
BASIC,21,"If one or more N-Chars have been sent since the link reached the Run state AND the last character sent was not an EOP or EEP, read the transmit FIFO and discard the characters read until an EOP or EEP has been read and discarded",G(  ((Run_state_started) -> ((NChar_sent) & !(last_char_EOP & EEP)))  -> X(((read_transmit_FIFO) & (discard_characters)) U ((EOP_read & EEP_read) & (EOP_discard & EEP_discarded)))  ),G ( (F (Run_state_started & NChar_sent) & !last_char_EOP) -> (read_transmit_FIFO & (discard_characters U (EOP_discard | EEP_discarded))) ),False
BASIC,21,"If one or more N-Chars have been sent since the link reached the Run state AND the last character sent was not an EOP or EEP, read the transmit FIFO and discard the characters read until an EOP or EEP has been read and discarded",G(  ((Run_state_started) -> ((NChar_sent) & !(last_char_EOP & EEP)))  -> X(((read_transmit_FIFO) & (discard_characters)) U ((EOP_read & EEP_read) & (EOP_discard & EEP_discarded)))  ),G ( (F (Run_state_started & NChar_sent) & !last_char_EOP) -> (read_transmit_FIFO & (discard_characters U (EOP_discard | EEP_discarded))) ),False
BASIC,21,"If one or more N-Chars have been sent since the link reached the Run state AND the last character sent was not an EOP or EEP, read the transmit FIFO and discard the characters read until an EOP or EEP has been read and discarded",G(  ((Run_state_started) -> ((NChar_sent) & !(last_char_EOP & EEP)))  -> X(((read_transmit_FIFO) & (discard_characters)) U ((EOP_read & EEP_read) & (EOP_discard & EEP_discarded)))  ),G ( (F (Run_state_started & NChar_sent) & !last_char_EOP) -> (read_transmit_FIFO & (discard_characters U (EOP_discard | EEP_discarded))) ),False
BASIC,21,"If one or more N-Chars have been sent since the link reached the Run state AND the last character sent was not an EOP or EEP, read the transmit FIFO and discard the characters read until an EOP or EEP has been read and discarded",G(  ((Run_state_started) -> ((NChar_sent) & !(last_char_EOP & EEP)))  -> X(((read_transmit_FIFO) & (discard_characters)) U ((EOP_read & EEP_read) & (EOP_discard & EEP_discarded)))  ),G ( (F (Run_state_started & NChar_sent) & !last_char_EOP) -> (read_transmit_FIFO & (discard_characters U (EOP_discard | EEP_discarded))) ),False
BASIC,21,"If one or more N-Chars have been sent since the link reached the Run state AND the last character sent was not an EOP or EEP, read the transmit FIFO and discard the characters read until an EOP or EEP has been read and discarded",G(  ((Run_state_started) -> ((NChar_sent) & !(last_char_EOP & EEP)))  -> X(((read_transmit_FIFO) & (discard_characters)) U ((EOP_read & EEP_read) & (EOP_discard & EEP_discarded)))  ),G ( (F (Run_state_started & F NChar_sent) & !last_char_EOP) -> (read_transmit_FIFO & G (discard_characters U (EOP_discard | EEP_discarded))) ),False
BASIC,21,"If one or more N-Chars have been sent since the link reached the Run state AND the last character sent was not an EOP or EEP, read the transmit FIFO and discard the characters read until an EOP or EEP has been read and discarded",G(  ((Run_state_started) -> ((NChar_sent) & !(last_char_EOP & EEP)))  -> X(((read_transmit_FIFO) & (discard_characters)) U ((EOP_read & EEP_read) & (EOP_discard & EEP_discarded)))  ),G ( (F (Run_state_started & F NChar_sent) & !last_char_EOP) -> (read_transmit_FIFO & G (discard_characters U (EOP_discard | EEP_discarded))) ),False
BASIC,21,"If one or more N-Chars have been sent since the link reached the Run state AND the last character sent was not an EOP or EEP, read the transmit FIFO and discard the characters read until an EOP or EEP has been read and discarded",G(  ((Run_state_started) -> ((NChar_sent) & !(last_char_EOP & EEP)))  -> X(((read_transmit_FIFO) & (discard_characters)) U ((EOP_read & EEP_read) & (EOP_discard & EEP_discarded)))  ),G ((F (Run_state_started & F NChar_sent) & !last_char_EOP) -> (read_transmit_FIFO & G (discard_characters U (EOP_discard | EEP_discarded)))),False
BASIC,21,"If one or more N-Chars have been sent since the link reached the Run state AND the last character sent was not an EOP or EEP, read the transmit FIFO and discard the characters read until an EOP or EEP has been read and discarded",G(  ((Run_state_started) -> ((NChar_sent) & !(last_char_EOP & EEP)))  -> X(((read_transmit_FIFO) & (discard_characters)) U ((EOP_read & EEP_read) & (EOP_discard & EEP_discarded)))  ),G ( (F (Run_state_started & NChar_sent) & !last_char_EOP) -> (read_transmit_FIFO & (discard_characters U (EOP_discard | EEP_discarded))) ),False
BASIC,21,"If one or more N-Chars have been sent since the link reached the Run state AND the last character sent was not an EOP or EEP, read the transmit FIFO and discard the characters read until an EOP or EEP has been read and discarded",G(  ((Run_state_started) -> ((NChar_sent) & !(last_char_EOP & EEP)))  -> X(((read_transmit_FIFO) & (discard_characters)) U ((EOP_read & EEP_read) & (EOP_discard & EEP_discarded)))  ),G ( (F (Run_state_started & F NChar_sent) & !last_char_EOP) -> (read_transmit_FIFO & G (discard_characters U (EOP_discard | EEP_discarded))) ),False
BASIC,21,"If one or more N-Chars have been sent since the link reached the Run state AND the last character sent was not an EOP or EEP, read the transmit FIFO and discard the characters read until an EOP or EEP has been read and discarded",G(  ((Run_state_started) -> ((NChar_sent) & !(last_char_EOP & EEP)))  -> X(((read_transmit_FIFO) & (discard_characters)) U ((EOP_read & EEP_read) & (EOP_discard & EEP_discarded)))  ),G ( (F (Run_state_started & NChar_sent) & !last_char_EOP) -> (read_transmit_FIFO & G (discard_characters U (EOP_discard | EEP_discarded))) ),False
BASIC,21,"If one or more N-Chars have been sent since the link reached the Run state AND the last character sent was not an EOP or EEP, read the transmit FIFO and discard the characters read until an EOP or EEP has been read and discarded",G(  ((Run_state_started) -> ((NChar_sent) & !(last_char_EOP & EEP)))  -> X(((read_transmit_FIFO) & (discard_characters)) U ((EOP_read & EEP_read) & (EOP_discard & EEP_discarded)))  ),G ( (F (Run_state_started & NChar_sent) & !last_char_EOP) -> (read_transmit_FIFO & G (discard_characters U (EOP_discard | EEP_discarded))) ),False
BASIC,21,"If one or more N-Chars have been sent since the link reached the Run state AND the last character sent was not an EOP or EEP, read the transmit FIFO and discard the characters read until an EOP or EEP has been read and discarded",G(  ((Run_state_started) -> ((NChar_sent) & !(last_char_EOP & EEP)))  -> X(((read_transmit_FIFO) & (discard_characters)) U ((EOP_read & EEP_read) & (EOP_discard & EEP_discarded)))  ),G ((F Run_state_started & F NChar_sent & !last_char_EOP) -> (read_transmit_FIFO & G (discard_characters U (EOP_discard | EEP_discarded)))),False
BASIC,21,"If one or more N-Chars have been sent since the link reached the Run state AND the last character sent was not an EOP or EEP, read the transmit FIFO and discard the characters read until an EOP or EEP has been read and discarded",G(  ((Run_state_started) -> ((NChar_sent) & !(last_char_EOP & EEP)))  -> X(((read_transmit_FIFO) & (discard_characters)) U ((EOP_read & EEP_read) & (EOP_discard & EEP_discarded)))  ),G ( (F (Run_state_started & F NChar_sent) & !last_char_EOP) -> (read_transmit_FIFO & G (discard_characters U (EOP_discard | EEP_discarded))) ),False
BASIC,21,"If one or more N-Chars have been sent since the link reached the Run state AND the last character sent was not an EOP or EEP, read the transmit FIFO and discard the characters read until an EOP or EEP has been read and discarded",G(  ((Run_state_started) -> ((NChar_sent) & !(last_char_EOP & EEP)))  -> X(((read_transmit_FIFO) & (discard_characters)) U ((EOP_read & EEP_read) & (EOP_discard & EEP_discarded)))  ),G ( (F (Run_state_started & NChar_sent)) & !last_char_EOP & !EEP ) -> (read_transmit_FIFO & discard_characters & G ( (EOP_read | EEP_read) -> (EOP_discard | EEP_discarded) ) ),False
BASIC,21,"If one or more N-Chars have been sent since the link reached the Run state AND the last character sent was not an EOP or EEP, read the transmit FIFO and discard the characters read until an EOP or EEP has been read and discarded",G(  ((Run_state_started) -> ((NChar_sent) & !(last_char_EOP & EEP)))  -> X(((read_transmit_FIFO) & (discard_characters)) U ((EOP_read & EEP_read) & (EOP_discard & EEP_discarded)))  ),G ( (F (Run_state_started & NChar_sent) & !last_char_EOP) -> (read_transmit_FIFO & (discard_characters U (EOP_discard | EEP_discarded))) ),False
BASIC,21,"If one or more N-Chars have been sent since the link reached the Run state AND the last character sent was not an EOP or EEP, read the transmit FIFO and discard the characters read until an EOP or EEP has been read and discarded",G(  ((Run_state_started) -> ((NChar_sent) & !(last_char_EOP & EEP)))  -> X(((read_transmit_FIFO) & (discard_characters)) U ((EOP_read & EEP_read) & (EOP_discard & EEP_discarded)))  ),G ( (F (Run_state_started & F NChar_sent) & !last_char_EOP) -> (read_transmit_FIFO & G (discard_characters U (EOP_discard | EEP_discarded))) ),False
BASIC,21,"If one or more N-Chars have been sent since the link reached the Run state AND the last character sent was not an EOP or EEP, read the transmit FIFO and discard the characters read until an EOP or EEP has been read and discarded",G(  ((Run_state_started) -> ((NChar_sent) & !(last_char_EOP & EEP)))  -> X(((read_transmit_FIFO) & (discard_characters)) U ((EOP_read & EEP_read) & (EOP_discard & EEP_discarded)))  ),G ( (F (Run_state_started & F NChar_sent) & !last_char_EOP) -> (read_transmit_FIFO & G (discard_characters U (EOP_discard | EEP_discarded))) ),False
BASIC,21,"If one or more N-Chars have been sent since the link reached the Run state AND the last character sent was not an EOP or EEP, read the transmit FIFO and discard the characters read until an EOP or EEP has been read and discarded",G(  ((Run_state_started) -> ((NChar_sent) & !(last_char_EOP & EEP)))  -> X(((read_transmit_FIFO) & (discard_characters)) U ((EOP_read & EEP_read) & (EOP_discard & EEP_discarded)))  ),G ((F (Run_state_started & F NChar_sent) & !last_char_EOP) -> (read_transmit_FIFO & G (discard_characters U (EOP_discard | EEP_discarded)))),False
BASIC,21,"If one or more N-Chars have been sent since the link reached the Run state AND the last character sent was not an EOP or EEP, read the transmit FIFO and discard the characters read until an EOP or EEP has been read and discarded",G(  ((Run_state_started) -> ((NChar_sent) & !(last_char_EOP & EEP)))  -> X(((read_transmit_FIFO) & (discard_characters)) U ((EOP_read & EEP_read) & (EOP_discard & EEP_discarded)))  ),G ( (F (Run_state_started & F NChar_sent) & !last_char_EOP) -> (read_transmit_FIFO & G (discard_characters U (EOP_discard | EEP_discarded))) ),False
BASIC,21,"If one or more N-Chars have been sent since the link reached the Run state AND the last character sent was not an EOP or EEP, read the transmit FIFO and discard the characters read until an EOP or EEP has been read and discarded",G(  ((Run_state_started) -> ((NChar_sent) & !(last_char_EOP & EEP)))  -> X(((read_transmit_FIFO) & (discard_characters)) U ((EOP_read & EEP_read) & (EOP_discard & EEP_discarded)))  ),G ( (F (Run_state_started & F NChar_sent) & !last_char_EOP) -> (read_transmit_FIFO & G (discard_characters U (EOP_discard | EEP_discarded))) ),False
BASIC,21,"If one or more N-Chars have been sent since the link reached the Run state AND the last character sent was not an EOP or EEP, read the transmit FIFO and discard the characters read until an EOP or EEP has been read and discarded",G(  ((Run_state_started) -> ((NChar_sent) & !(last_char_EOP & EEP)))  -> X(((read_transmit_FIFO) & (discard_characters)) U ((EOP_read & EEP_read) & (EOP_discard & EEP_discarded)))  ),G ((F (Run_state_started & F NChar_sent) & !last_char_EOP) -> (read_transmit_FIFO & G (discard_characters U (EOP_discard | EEP_discarded)))),False
BASIC,21,"If one or more N-Chars have been sent since the link reached the Run state AND the last character sent was not an EOP or EEP, read the transmit FIFO and discard the characters read until an EOP or EEP has been read and discarded",G(  ((Run_state_started) -> ((NChar_sent) & !(last_char_EOP & EEP)))  -> X(((read_transmit_FIFO) & (discard_characters)) U ((EOP_read & EEP_read) & (EOP_discard & EEP_discarded)))  ),G ( (F (Run_state_started & NChar_sent) & !last_char_EOP) -> (read_transmit_FIFO & G (discard_characters U (EOP_discard | EEP_discarded))) ),False
BASIC,21,"If one or more N-Chars have been sent since the link reached the Run state AND the last character sent was not an EOP or EEP, read the transmit FIFO and discard the characters read until an EOP or EEP has been read and discarded",G(  ((Run_state_started) -> ((NChar_sent) & !(last_char_EOP & EEP)))  -> X(((read_transmit_FIFO) & (discard_characters)) U ((EOP_read & EEP_read) & (EOP_discard & EEP_discarded)))  ),G ((F (Run_state_started & F NChar_sent) & !last_char_EOP) -> (read_transmit_FIFO & G (discard_characters U (EOP_discard | EEP_discarded)))),False
BASIC,21,"If one or more N-Chars have been sent since the link reached the Run state AND the last character sent was not an EOP or EEP, read the transmit FIFO and discard the characters read until an EOP or EEP has been read and discarded",G(  ((Run_state_started) -> ((NChar_sent) & !(last_char_EOP & EEP)))  -> X(((read_transmit_FIFO) & (discard_characters)) U ((EOP_read & EEP_read) & (EOP_discard & EEP_discarded)))  ),G ( (F (Run_state_started & NChar_sent) & !last_char_EOP) -> (read_transmit_FIFO & (discard_characters U (EOP_discard | EEP_discarded))) ),False
BASIC,21,"If one or more N-Chars have been sent since the link reached the Run state AND the last character sent was not an EOP or EEP, read the transmit FIFO and discard the characters read until an EOP or EEP has been read and discarded",G(  ((Run_state_started) -> ((NChar_sent) & !(last_char_EOP & EEP)))  -> X(((read_transmit_FIFO) & (discard_characters)) U ((EOP_read & EEP_read) & (EOP_discard & EEP_discarded)))  ),G ((F Run_state_started & F NChar_sent & !last_char_EOP) -> (read_transmit_FIFO & G (discard_characters U (EOP_discard | EEP_discarded)))),False
BASIC,21,"If one or more N-Chars have been sent since the link reached the Run state AND the last character sent was not an EOP or EEP, read the transmit FIFO and discard the characters read until an EOP or EEP has been read and discarded",G(  ((Run_state_started) -> ((NChar_sent) & !(last_char_EOP & EEP)))  -> X(((read_transmit_FIFO) & (discard_characters)) U ((EOP_read & EEP_read) & (EOP_discard & EEP_discarded)))  ),G ( (F (Run_state_started & F NChar_sent) & !last_char_EOP) -> (read_transmit_FIFO & G (discard_characters U (EOP_discard | EEP_discarded))) ),False
BASIC,21,"If one or more N-Chars have been sent since the link reached the Run state AND the last character sent was not an EOP or EEP, read the transmit FIFO and discard the characters read until an EOP or EEP has been read and discarded",G(  ((Run_state_started) -> ((NChar_sent) & !(last_char_EOP & EEP)))  -> X(((read_transmit_FIFO) & (discard_characters)) U ((EOP_read & EEP_read) & (EOP_discard & EEP_discarded)))  ),G ( (F (Run_state_started & NChar_sent) & !last_char_EOP) -> (read_transmit_FIFO & (discard_characters U (EOP_discard | EEP_discarded))) ),False
BASIC,21,"If one or more N-Chars have been sent since the link reached the Run state AND the last character sent was not an EOP or EEP, read the transmit FIFO and discard the characters read until an EOP or EEP has been read and discarded",G(  ((Run_state_started) -> ((NChar_sent) & !(last_char_EOP & EEP)))  -> X(((read_transmit_FIFO) & (discard_characters)) U ((EOP_read & EEP_read) & (EOP_discard & EEP_discarded)))  ),G ( (F (Run_state_started & NChar_sent) & !last_char_EOP) -> (read_transmit_FIFO & (discard_characters U (EOP_discard | EEP_discarded))) ),False
BASIC,21,"If one or more N-Chars have been sent since the link reached the Run state AND the last character sent was not an EOP or EEP, read the transmit FIFO and discard the characters read until an EOP or EEP has been read and discarded",G(  ((Run_state_started) -> ((NChar_sent) & !(last_char_EOP & EEP)))  -> X(((read_transmit_FIFO) & (discard_characters)) U ((EOP_read & EEP_read) & (EOP_discard & EEP_discarded)))  ),G ( (F (Run_state_started & F NChar_sent) & !last_char_EOP) -> (read_transmit_FIFO & G ( (EEP_read | EOP_read) -> (EEP_discarded | EOP_discard) ) ) ),False
BASIC,21,"If one or more N-Chars have been sent since the link reached the Run state AND the last character sent was not an EOP or EEP, read the transmit FIFO and discard the characters read until an EOP or EEP has been read and discarded",G(  ((Run_state_started) -> ((NChar_sent) & !(last_char_EOP & EEP)))  -> X(((read_transmit_FIFO) & (discard_characters)) U ((EOP_read & EEP_read) & (EOP_discard & EEP_discarded)))  ),G ( (F (Run_state_started & NChar_sent) & !last_char_EOP) -> (read_transmit_FIFO & (discard_characters U (EOP_discard | EEP_discarded))) ),False
BASIC,21,"If one or more N-Chars have been sent since the link reached the Run state AND the last character sent was not an EOP or EEP, read the transmit FIFO and discard the characters read until an EOP or EEP has been read and discarded",G(  ((Run_state_started) -> ((NChar_sent) & !(last_char_EOP & EEP)))  -> X(((read_transmit_FIFO) & (discard_characters)) U ((EOP_read & EEP_read) & (EOP_discard & EEP_discarded)))  ),G ( (F (Run_state_started & F NChar_sent) & !last_char_EOP) -> (read_transmit_FIFO & G (discard_characters U (EOP_discard | EEP_discarded))) ),False
BASIC,21,"If one or more N-Chars have been sent since the link reached the Run state AND the last character sent was not an EOP or EEP, read the transmit FIFO and discard the characters read until an EOP or EEP has been read and discarded",G(  ((Run_state_started) -> ((NChar_sent) & !(last_char_EOP & EEP)))  -> X(((read_transmit_FIFO) & (discard_characters)) U ((EOP_read & EEP_read) & (EOP_discard & EEP_discarded)))  ),G ( (F (Run_state_started & NChar_sent)) & !last_char_EOP & !EEP ) -> (read_transmit_FIFO & discard_characters & G ( (EEP | EOP) -> (EEP_discarded | EOP_discard) ) ),False
BASIC,21,"If one or more N-Chars have been sent since the link reached the Run state AND the last character sent was not an EOP or EEP, read the transmit FIFO and discard the characters read until an EOP or EEP has been read and discarded",G(  ((Run_state_started) -> ((NChar_sent) & !(last_char_EOP & EEP)))  -> X(((read_transmit_FIFO) & (discard_characters)) U ((EOP_read & EEP_read) & (EOP_discard & EEP_discarded)))  ),G ( (F (Run_state_started & NChar_sent) & !last_char_EOP) -> (read_transmit_FIFO & (discard_characters U (EOP_discard | EEP_discarded))) ),False
BASIC,21,"If one or more N-Chars have been sent since the link reached the Run state AND the last character sent was not an EOP or EEP, read the transmit FIFO and discard the characters read until an EOP or EEP has been read and discarded",G(  ((Run_state_started) -> ((NChar_sent) & !(last_char_EOP & EEP)))  -> X(((read_transmit_FIFO) & (discard_characters)) U ((EOP_read & EEP_read) & (EOP_discard & EEP_discarded)))  ),G ( (F (Run_state_started & F NChar_sent) & !last_char_EOP) -> (read_transmit_FIFO & G (discard_characters U (EOP_discard | EEP_discarded))) ),False
BASIC,21,"If one or more N-Chars have been sent since the link reached the Run state AND the last character sent was not an EOP or EEP, read the transmit FIFO and discard the characters read until an EOP or EEP has been read and discarded",G(  ((Run_state_started) -> ((NChar_sent) & !(last_char_EOP & EEP)))  -> X(((read_transmit_FIFO) & (discard_characters)) U ((EOP_read & EEP_read) & (EOP_discard & EEP_discarded)))  ),G ( (F (Run_state_started & NChar_sent) & !last_char_EOP) -> (read_transmit_FIFO & (discard_characters U (EOP_discard | EEP_discarded))) ),False
BASIC,21,"If one or more N-Chars have been sent since the link reached the Run state AND the last character sent was not an EOP or EEP, read the transmit FIFO and discard the characters read until an EOP or EEP has been read and discarded",G(  ((Run_state_started) -> ((NChar_sent) & !(last_char_EOP & EEP)))  -> X(((read_transmit_FIFO) & (discard_characters)) U ((EOP_read & EEP_read) & (EOP_discard & EEP_discarded)))  ),G ( (F (Run_state_started & F NChar_sent) & !last_char_EOP) -> (read_transmit_FIFO & G (discard_characters U (EOP_discard | EEP_discarded))) ),False
BASIC,21,"If one or more N-Chars have been sent since the link reached the Run state AND the last character sent was not an EOP or EEP, read the transmit FIFO and discard the characters read until an EOP or EEP has been read and discarded",G(  ((Run_state_started) -> ((NChar_sent) & !(last_char_EOP & EEP)))  -> X(((read_transmit_FIFO) & (discard_characters)) U ((EOP_read & EEP_read) & (EOP_discard & EEP_discarded)))  ),G ( (F (Run_state_started & F NChar_sent) & !last_char_EOP) -> (read_transmit_FIFO & G (discard_characters U (EOP_discard | EEP_discarded))) ),False
BASIC,21,"If one or more N-Chars have been sent since the link reached the Run state AND the last character sent was not an EOP or EEP, read the transmit FIFO and discard the characters read until an EOP or EEP has been read and discarded",G(  ((Run_state_started) -> ((NChar_sent) & !(last_char_EOP & EEP)))  -> X(((read_transmit_FIFO) & (discard_characters)) U ((EOP_read & EEP_read) & (EOP_discard & EEP_discarded)))  ),G ( (F (Run_state_started & F NChar_sent) & !last_char_EOP) -> (read_transmit_FIFO & G (discard_characters U (EOP_discard | EEP_discarded))) ),False
BASIC,21,"If one or more N-Chars have been sent since the link reached the Run state AND the last character sent was not an EOP or EEP, read the transmit FIFO and discard the characters read until an EOP or EEP has been read and discarded",G(  ((Run_state_started) -> ((NChar_sent) & !(last_char_EOP & EEP)))  -> X(((read_transmit_FIFO) & (discard_characters)) U ((EOP_read & EEP_read) & (EOP_discard & EEP_discarded)))  ),G ( (F (Run_state_started & NChar_sent) & !last_char_EOP) -> (read_transmit_FIFO & (discard_characters U (EOP_discard | EEP_discarded))) ),False
BASIC,21,"If one or more N-Chars have been sent since the link reached the Run state AND the last character sent was not an EOP or EEP, read the transmit FIFO and discard the characters read until an EOP or EEP has been read and discarded",G(  ((Run_state_started) -> ((NChar_sent) & !(last_char_EOP & EEP)))  -> X(((read_transmit_FIFO) & (discard_characters)) U ((EOP_read & EEP_read) & (EOP_discard & EEP_discarded)))  ),G ( (F (Run_state_started & F NChar_sent) & !last_char_EOP) -> (read_transmit_FIFO & G (discard_characters U (EOP_discard | EEP_discarded))) ),False
BASIC,21,"If one or more N-Chars have been sent since the link reached the Run state AND the last character sent was not an EOP or EEP, read the transmit FIFO and discard the characters read until an EOP or EEP has been read and discarded",G(  ((Run_state_started) -> ((NChar_sent) & !(last_char_EOP & EEP)))  -> X(((read_transmit_FIFO) & (discard_characters)) U ((EOP_read & EEP_read) & (EOP_discard & EEP_discarded)))  ),G ( (F (Run_state_started & NChar_sent) & !last_char_EOP) -> (read_transmit_FIFO & (discard_characters U (EOP_discard | EEP_discarded))) ),False
BASIC,21,"If one or more N-Chars have been sent since the link reached the Run state AND the last character sent was not an EOP or EEP, read the transmit FIFO and discard the characters read until an EOP or EEP has been read and discarded",G(  ((Run_state_started) -> ((NChar_sent) & !(last_char_EOP & EEP)))  -> X(((read_transmit_FIFO) & (discard_characters)) U ((EOP_read & EEP_read) & (EOP_discard & EEP_discarded)))  ),G ((F (Run_state_started & F NChar_sent) & !last_char_EOP) -> (read_transmit_FIFO & G (discard_characters U (EOP_discard | EEP_discarded)))),False
BASIC,21,"If one or more N-Chars have been sent since the link reached the Run state AND the last character sent was not an EOP or EEP, read the transmit FIFO and discard the characters read until an EOP or EEP has been read and discarded",G(  ((Run_state_started) -> ((NChar_sent) & !(last_char_EOP & EEP)))  -> X(((read_transmit_FIFO) & (discard_characters)) U ((EOP_read & EEP_read) & (EOP_discard & EEP_discarded)))  ),G ((F Run_state_started & F NChar_sent & !last_char_EOP) -> (read_transmit_FIFO & G (discard_characters U (EOP_discard | EEP_discarded)))),False
BASIC,21,"If one or more N-Chars have been sent since the link reached the Run state AND the last character sent was not an EOP or EEP, read the transmit FIFO and discard the characters read until an EOP or EEP has been read and discarded",G(  ((Run_state_started) -> ((NChar_sent) & !(last_char_EOP & EEP)))  -> X(((read_transmit_FIFO) & (discard_characters)) U ((EOP_read & EEP_read) & (EOP_discard & EEP_discarded)))  ),G ( (F (Run_state_started & F NChar_sent) & !last_char_EOP) -> (read_transmit_FIFO & G (discard_characters U (EOP_discard | EEP_discarded))) ),False
BASIC,21,"If one or more N-Chars have been sent since the link reached the Run state AND the last character sent was not an EOP or EEP, read the transmit FIFO and discard the characters read until an EOP or EEP has been read and discarded",G(  ((Run_state_started) -> ((NChar_sent) & !(last_char_EOP & EEP)))  -> X(((read_transmit_FIFO) & (discard_characters)) U ((EOP_read & EEP_read) & (EOP_discard & EEP_discarded)))  ),G ( (F (Run_state_started & F NChar_sent) & !last_char_EOP) -> (read_transmit_FIFO & G (discard_characters U (EOP_discard | EEP_discarded))) ),False
BASIC,21,"If one or more N-Chars have been sent since the link reached the Run state AND the last character sent was not an EOP or EEP, read the transmit FIFO and discard the characters read until an EOP or EEP has been read and discarded",G(  ((Run_state_started) -> ((NChar_sent) & !(last_char_EOP & EEP)))  -> X(((read_transmit_FIFO) & (discard_characters)) U ((EOP_read & EEP_read) & (EOP_discard & EEP_discarded)))  ),G ( (F (Run_state_started & NChar_sent) & !last_char_EOP) -> (read_transmit_FIFO & (discard_characters U (EOP_discard | EEP_discarded))) ),False
BASIC,21,"If one or more N-Chars have been sent since the link reached the Run state AND the last character sent was not an EOP or EEP, read the transmit FIFO and discard the characters read until an EOP or EEP has been read and discarded",G(  ((Run_state_started) -> ((NChar_sent) & !(last_char_EOP & EEP)))  -> X(((read_transmit_FIFO) & (discard_characters)) U ((EOP_read & EEP_read) & (EOP_discard & EEP_discarded)))  ),G ( (F (Run_state_started & F NChar_sent) & !last_char_EOP) -> (read_transmit_FIFO & G ( (EEP_read | EOP_read) -> (EEP_discarded | EOP_discard) ) ) ),False
BASIC,21,"If one or more N-Chars have been sent since the link reached the Run state AND the last character sent was not an EOP or EEP, read the transmit FIFO and discard the characters read until an EOP or EEP has been read and discarded",G(  ((Run_state_started) -> ((NChar_sent) & !(last_char_EOP & EEP)))  -> X(((read_transmit_FIFO) & (discard_characters)) U ((EOP_read & EEP_read) & (EOP_discard & EEP_discarded)))  ),G ( (F (Run_state_started & NChar_sent) & !last_char_EOP) -> (read_transmit_FIFO & (discard_characters U (EOP_discard | EEP_discarded))) ),False
BASIC,21,"If one or more N-Chars have been sent since the link reached the Run state AND the last character sent was not an EOP or EEP, read the transmit FIFO and discard the characters read until an EOP or EEP has been read and discarded",G(  ((Run_state_started) -> ((NChar_sent) & !(last_char_EOP & EEP)))  -> X(((read_transmit_FIFO) & (discard_characters)) U ((EOP_read & EEP_read) & (EOP_discard & EEP_discarded)))  ),G ( (F (Run_state_started & NChar_sent) & !last_char_EOP) -> (read_transmit_FIFO & (discard_characters U (EOP_discard | EEP_discarded))) ),False
BASIC,21,"If one or more N-Chars have been sent since the link reached the Run state AND the last character sent was not an EOP or EEP, read the transmit FIFO and discard the characters read until an EOP or EEP has been read and discarded",G(  ((Run_state_started) -> ((NChar_sent) & !(last_char_EOP & EEP)))  -> X(((read_transmit_FIFO) & (discard_characters)) U ((EOP_read & EEP_read) & (EOP_discard & EEP_discarded)))  ),G ( (F (Run_state_started & NChar_sent) & !last_char_EOP) -> (read_transmit_FIFO & (discard_characters U (EOP_discard | EEP_discarded))) ),False
BASIC,21,"If one or more N-Chars have been sent since the link reached the Run state AND the last character sent was not an EOP or EEP, read the transmit FIFO and discard the characters read until an EOP or EEP has been read and discarded",G(  ((Run_state_started) -> ((NChar_sent) & !(last_char_EOP & EEP)))  -> X(((read_transmit_FIFO) & (discard_characters)) U ((EOP_read & EEP_read) & (EOP_discard & EEP_discarded)))  ),G ((F Run_state_started & F NChar_sent) & !last_char_EOP & !EEP -> (read_transmit_FIFO & discard_characters & (G (EOP_read | EEP_read) U (EOP_discard | EEP_discarded)))),False
BASIC,21,"If one or more N-Chars have been sent since the link reached the Run state AND the last character sent was not an EOP or EEP, read the transmit FIFO and discard the characters read until an EOP or EEP has been read and discarded",G(  ((Run_state_started) -> ((NChar_sent) & !(last_char_EOP & EEP)))  -> X(((read_transmit_FIFO) & (discard_characters)) U ((EOP_read & EEP_read) & (EOP_discard & EEP_discarded)))  ),G ( (F (Run_state_started & NChar_sent) & !last_char_EOP) -> (read_transmit_FIFO & (discard_characters U (EOP_discard | EEP_discarded))) ),False
BASIC,21,"If one or more N-Chars have been sent since the link reached the Run state AND the last character sent was not an EOP or EEP, read the transmit FIFO and discard the characters read until an EOP or EEP has been read and discarded",G(  ((Run_state_started) -> ((NChar_sent) & !(last_char_EOP & EEP)))  -> X(((read_transmit_FIFO) & (discard_characters)) U ((EOP_read & EEP_read) & (EOP_discard & EEP_discarded)))  ),G ((F (Run_state_started & F NChar_sent) & !last_char_EOP) -> (read_transmit_FIFO & G (discard_characters U (EOP_discard | EEP_discarded)))),False
BASIC,21,"If one or more N-Chars have been sent since the link reached the Run state AND the last character sent was not an EOP or EEP, read the transmit FIFO and discard the characters read until an EOP or EEP has been read and discarded",G(  ((Run_state_started) -> ((NChar_sent) & !(last_char_EOP & EEP)))  -> X(((read_transmit_FIFO) & (discard_characters)) U ((EOP_read & EEP_read) & (EOP_discard & EEP_discarded)))  ),G ( (F (Run_state_started & NChar_sent) & !last_char_EOP) -> (read_transmit_FIFO & G ( (EEP_read | EOP_read) -> (EEP_discarded | EOP_discard) ) ) ),False
BASIC,21,"If one or more N-Chars have been sent since the link reached the Run state AND the last character sent was not an EOP or EEP, read the transmit FIFO and discard the characters read until an EOP or EEP has been read and discarded",G(  ((Run_state_started) -> ((NChar_sent) & !(last_char_EOP & EEP)))  -> X(((read_transmit_FIFO) & (discard_characters)) U ((EOP_read & EEP_read) & (EOP_discard & EEP_discarded)))  ),G ( (F (Run_state_started & F NChar_sent) & !last_char_EOP) -> (read_transmit_FIFO & G (discard_characters U (EOP_discard | EEP_discarded))) ),False
BASIC,21,"If one or more N-Chars have been sent since the link reached the Run state AND the last character sent was not an EOP or EEP, read the transmit FIFO and discard the characters read until an EOP or EEP has been read and discarded",G(  ((Run_state_started) -> ((NChar_sent) & !(last_char_EOP & EEP)))  -> X(((read_transmit_FIFO) & (discard_characters)) U ((EOP_read & EEP_read) & (EOP_discard & EEP_discarded)))  ),G ( (F (Run_state_started & F NChar_sent) & !last_char_EOP) -> (read_transmit_FIFO & G (discard_characters U (EOP_discard | EEP_discarded))) ),False
BASIC,21,"If one or more N-Chars have been sent since the link reached the Run state AND the last character sent was not an EOP or EEP, read the transmit FIFO and discard the characters read until an EOP or EEP has been read and discarded",G(  ((Run_state_started) -> ((NChar_sent) & !(last_char_EOP & EEP)))  -> X(((read_transmit_FIFO) & (discard_characters)) U ((EOP_read & EEP_read) & (EOP_discard & EEP_discarded)))  ),G ( (F (Run_state_started & F NChar_sent) & !last_char_EOP) -> (read_transmit_FIFO & G (discard_characters U (EOP_discard | EEP_discarded))) ),False
BASIC,21,"If one or more N-Chars have been sent since the link reached the Run state AND the last character sent was not an EOP or EEP, read the transmit FIFO and discard the characters read until an EOP or EEP has been read and discarded",G(  ((Run_state_started) -> ((NChar_sent) & !(last_char_EOP & EEP)))  -> X(((read_transmit_FIFO) & (discard_characters)) U ((EOP_read & EEP_read) & (EOP_discard & EEP_discarded)))  ),G ((F Run_state_started & F NChar_sent & !last_char_EOP) -> (read_transmit_FIFO & G (discard_characters U (EOP_discard | EEP_discarded)))),False
BASIC,21,"If one or more N-Chars have been sent since the link reached the Run state AND the last character sent was not an EOP or EEP, read the transmit FIFO and discard the characters read until an EOP or EEP has been read and discarded",G(  ((Run_state_started) -> ((NChar_sent) & !(last_char_EOP & EEP)))  -> X(((read_transmit_FIFO) & (discard_characters)) U ((EOP_read & EEP_read) & (EOP_discard & EEP_discarded)))  ),G ( (F (Run_state_started & F NChar_sent) & !last_char_EOP) -> (read_transmit_FIFO & G (discard_characters U (EOP_discard | EEP_discarded))) ),False
BASIC,21,"If one or more N-Chars have been sent since the link reached the Run state AND the last character sent was not an EOP or EEP, read the transmit FIFO and discard the characters read until an EOP or EEP has been read and discarded",G(  ((Run_state_started) -> ((NChar_sent) & !(last_char_EOP & EEP)))  -> X(((read_transmit_FIFO) & (discard_characters)) U ((EOP_read & EEP_read) & (EOP_discard & EEP_discarded)))  ),G ( (F (Run_state_started & NChar_sent) & !last_char_EOP) -> (read_transmit_FIFO & (discard_characters U (EOP_discard | EEP_discarded))) ),False
BASIC,21,"If one or more N-Chars have been sent since the link reached the Run state AND the last character sent was not an EOP or EEP, read the transmit FIFO and discard the characters read until an EOP or EEP has been read and discarded",G(  ((Run_state_started) -> ((NChar_sent) & !(last_char_EOP & EEP)))  -> X(((read_transmit_FIFO) & (discard_characters)) U ((EOP_read & EEP_read) & (EOP_discard & EEP_discarded)))  ),G ( (F (Run_state_started & NChar_sent) & !last_char_EOP) -> (read_transmit_FIFO & G (discard_characters U (EOP_discard | EEP_discarded))) ),False
BASIC,21,"If one or more N-Chars have been sent since the link reached the Run state AND the last character sent was not an EOP or EEP, read the transmit FIFO and discard the characters read until an EOP or EEP has been read and discarded",G(  ((Run_state_started) -> ((NChar_sent) & !(last_char_EOP & EEP)))  -> X(((read_transmit_FIFO) & (discard_characters)) U ((EOP_read & EEP_read) & (EOP_discard & EEP_discarded)))  ),G ( (F (Run_state_started & NChar_sent) & !last_char_EOP) -> (read_transmit_FIFO & (discard_characters U (EOP_discard | EEP_discarded))) ),False
BASIC,21,"If one or more N-Chars have been sent since the link reached the Run state AND the last character sent was not an EOP or EEP, read the transmit FIFO and discard the characters read until an EOP or EEP has been read and discarded",G(  ((Run_state_started) -> ((NChar_sent) & !(last_char_EOP & EEP)))  -> X(((read_transmit_FIFO) & (discard_characters)) U ((EOP_read & EEP_read) & (EOP_discard & EEP_discarded)))  ),G ((F (Run_state_started & F NChar_sent) & !last_char_EOP) -> (read_transmit_FIFO & G (discard_characters U (EOP_discard | EEP_discarded)))),False
BASIC,21,"If one or more N-Chars have been sent since the link reached the Run state AND the last character sent was not an EOP or EEP, read the transmit FIFO and discard the characters read until an EOP or EEP has been read and discarded",G(  ((Run_state_started) -> ((NChar_sent) & !(last_char_EOP & EEP)))  -> X(((read_transmit_FIFO) & (discard_characters)) U ((EOP_read & EEP_read) & (EOP_discard & EEP_discarded)))  ),G ((F (Run_state_started & NChar_sent)) & !last_char_EOP & !EEP) -> (read_transmit_FIFO & discard_characters & G (!EOP_discard & !EEP_discarded -> X (read_transmit_FIFO & discard_characters)) & F (EOP_discard | EEP,None
BASIC,21,"If one or more N-Chars have been sent since the link reached the Run state AND the last character sent was not an EOP or EEP, read the transmit FIFO and discard the characters read until an EOP or EEP has been read and discarded",G(  ((Run_state_started) -> ((NChar_sent) & !(last_char_EOP & EEP)))  -> X(((read_transmit_FIFO) & (discard_characters)) U ((EOP_read & EEP_read) & (EOP_discard & EEP_discarded)))  ),G ( (F (Run_state_started & NChar_sent) & !last_char_EOP) -> (read_transmit_FIFO & G ( (EEP_read | EOP_read) -> (EEP_discarded | EOP_discard) ) ) ),False
BASIC,21,"If one or more N-Chars have been sent since the link reached the Run state AND the last character sent was not an EOP or EEP, read the transmit FIFO and discard the characters read until an EOP or EEP has been read and discarded",G(  ((Run_state_started) -> ((NChar_sent) & !(last_char_EOP & EEP)))  -> X(((read_transmit_FIFO) & (discard_characters)) U ((EOP_read & EEP_read) & (EOP_discard & EEP_discarded)))  ),G ((F (Run_state_started & NChar_sent)) & !last_char_EOP & !EEP) -> (read_transmit_FIFO & discard_characters & G (read_transmit_FIFO & discard_characters) U (EOP_read & EOP_discard | EEP_read & EEP_discarded)),False
BASIC,21,"If one or more N-Chars have been sent since the link reached the Run state AND the last character sent was not an EOP or EEP, read the transmit FIFO and discard the characters read until an EOP or EEP has been read and discarded",G(  ((Run_state_started) -> ((NChar_sent) & !(last_char_EOP & EEP)))  -> X(((read_transmit_FIFO) & (discard_characters)) U ((EOP_read & EEP_read) & (EOP_discard & EEP_discarded)))  ),G ( (F (Run_state_started & NChar_sent)) & !last_char_EOP & !EEP ) -> (read_transmit_FIFO & discard_characters & G ( (EOP_read | EEP_read) & (EOP_discard | EEP_discarded) ) U (EOP_discard |,None
BASIC,21,"If one or more N-Chars have been sent since the link reached the Run state AND the last character sent was not an EOP or EEP, read the transmit FIFO and discard the characters read until an EOP or EEP has been read and discarded",G(  ((Run_state_started) -> ((NChar_sent) & !(last_char_EOP & EEP)))  -> X(((read_transmit_FIFO) & (discard_characters)) U ((EOP_read & EEP_read) & (EOP_discard & EEP_discarded)))  ),G ( (F (Run_state_started & F NChar_sent) & !last_char_EOP) -> (read_transmit_FIFO & G (discard_characters U (EOP_discard | EEP_discarded))) ),False
BASIC,21,"If one or more N-Chars have been sent since the link reached the Run state AND the last character sent was not an EOP or EEP, read the transmit FIFO and discard the characters read until an EOP or EEP has been read and discarded",G(  ((Run_state_started) -> ((NChar_sent) & !(last_char_EOP & EEP)))  -> X(((read_transmit_FIFO) & (discard_characters)) U ((EOP_read & EEP_read) & (EOP_discard & EEP_discarded)))  ),G ( (F (Run_state_started & NChar_sent) & !last_char_EOP) -> (read_transmit_FIFO & G ( (EEP_read | EOP_read) -> (EEP_discarded | EOP_discard) ) ) ),False
BASIC,21,"If one or more N-Chars have been sent since the link reached the Run state AND the last character sent was not an EOP or EEP, read the transmit FIFO and discard the characters read until an EOP or EEP has been read and discarded",G(  ((Run_state_started) -> ((NChar_sent) & !(last_char_EOP & EEP)))  -> X(((read_transmit_FIFO) & (discard_characters)) U ((EOP_read & EEP_read) & (EOP_discard & EEP_discarded)))  ),G ( (F (Run_state_started & NChar_sent) & !last_char_EOP) -> (read_transmit_FIFO & (discard_characters U (EOP_discard | EEP_discarded))) ),False
BASIC,21,"If one or more N-Chars have been sent since the link reached the Run state AND the last character sent was not an EOP or EEP, read the transmit FIFO and discard the characters read until an EOP or EEP has been read and discarded",G(  ((Run_state_started) -> ((NChar_sent) & !(last_char_EOP & EEP)))  -> X(((read_transmit_FIFO) & (discard_characters)) U ((EOP_read & EEP_read) & (EOP_discard & EEP_discarded)))  ),G ( (F (Run_state_started & NChar_sent) & !last_char_EOP) -> (read_transmit_FIFO & G (discard_characters U (EOP_discard | EEP_discarded))) ),False
BASIC,21,"If one or more N-Chars have been sent since the link reached the Run state AND the last character sent was not an EOP or EEP, read the transmit FIFO and discard the characters read until an EOP or EEP has been read and discarded",G(  ((Run_state_started) -> ((NChar_sent) & !(last_char_EOP & EEP)))  -> X(((read_transmit_FIFO) & (discard_characters)) U ((EOP_read & EEP_read) & (EOP_discard & EEP_discarded)))  ),G ((F (Run_state_started & NChar_sent)) & !last_char_EOP & !EEP) -> (read_transmit_FIFO & discard_characters & G (discard_characters U (EOP_discard | EEP_discarded))),False
BASIC,21,"If one or more N-Chars have been sent since the link reached the Run state AND the last character sent was not an EOP or EEP, read the transmit FIFO and discard the characters read until an EOP or EEP has been read and discarded",G(  ((Run_state_started) -> ((NChar_sent) & !(last_char_EOP & EEP)))  -> X(((read_transmit_FIFO) & (discard_characters)) U ((EOP_read & EEP_read) & (EOP_discard & EEP_discarded)))  ),G ( (F (Run_state_started & F NChar_sent) & !last_char_EOP) -> (read_transmit_FIFO & G (discard_characters U (EOP_discard | EEP_discarded))) ),False
BASIC,21,"If one or more N-Chars have been sent since the link reached the Run state AND the last character sent was not an EOP or EEP, read the transmit FIFO and discard the characters read until an EOP or EEP has been read and discarded",G(  ((Run_state_started) -> ((NChar_sent) & !(last_char_EOP & EEP)))  -> X(((read_transmit_FIFO) & (discard_characters)) U ((EOP_read & EEP_read) & (EOP_discard & EEP_discarded)))  ),G ( (F (Run_state_started & F NChar_sent) & !last_char_EOP) -> (read_transmit_FIFO & G (discard_characters U (EOP_discard | EEP_discarded))) ),False
BASIC,21,"If one or more N-Chars have been sent since the link reached the Run state AND the last character sent was not an EOP or EEP, read the transmit FIFO and discard the characters read until an EOP or EEP has been read and discarded",G(  ((Run_state_started) -> ((NChar_sent) & !(last_char_EOP & EEP)))  -> X(((read_transmit_FIFO) & (discard_characters)) U ((EOP_read & EEP_read) & (EOP_discard & EEP_discarded)))  ),G ( (F (Run_state_started & NChar_sent) & !last_char_EOP) -> (read_transmit_FIFO & (discard_characters U (EOP_discard | EEP_discarded))) ),False
BASIC,21,"If one or more N-Chars have been sent since the link reached the Run state AND the last character sent was not an EOP or EEP, read the transmit FIFO and discard the characters read until an EOP or EEP has been read and discarded",G(  ((Run_state_started) -> ((NChar_sent) & !(last_char_EOP & EEP)))  -> X(((read_transmit_FIFO) & (discard_characters)) U ((EOP_read & EEP_read) & (EOP_discard & EEP_discarded)))  ),G ( (F (Run_state_started & F NChar_sent) & !last_char_EOP) -> (read_transmit_FIFO & G ( (EEP_read | EOP_read) -> (EEP_discarded | EOP_discard) ) ) ),False
BASIC,21,"If one or more N-Chars have been sent since the link reached the Run state AND the last character sent was not an EOP or EEP, read the transmit FIFO and discard the characters read until an EOP or EEP has been read and discarded",G(  ((Run_state_started) -> ((NChar_sent) & !(last_char_EOP & EEP)))  -> X(((read_transmit_FIFO) & (discard_characters)) U ((EOP_read & EEP_read) & (EOP_discard & EEP_discarded)))  ),G ( (F (Run_state_started & F NChar_sent) & !last_char_EOP) -> (read_transmit_FIFO & G (discard_characters U (EOP_discard | EEP_discarded))) ),False
BASIC,21,"If one or more N-Chars have been sent since the link reached the Run state AND the last character sent was not an EOP or EEP, read the transmit FIFO and discard the characters read until an EOP or EEP has been read and discarded",G(  ((Run_state_started) -> ((NChar_sent) & !(last_char_EOP & EEP)))  -> X(((read_transmit_FIFO) & (discard_characters)) U ((EOP_read & EEP_read) & (EOP_discard & EEP_discarded)))  ),G ( (F (Run_state_started & NChar_sent) & !last_char_EOP) -> (read_transmit_FIFO & (discard_characters U (EOP_discard | EEP_discarded))) ),False
BASIC,21,"If one or more N-Chars have been sent since the link reached the Run state AND the last character sent was not an EOP or EEP, read the transmit FIFO and discard the characters read until an EOP or EEP has been read and discarded",G(  ((Run_state_started) -> ((NChar_sent) & !(last_char_EOP & EEP)))  -> X(((read_transmit_FIFO) & (discard_characters)) U ((EOP_read & EEP_read) & (EOP_discard & EEP_discarded)))  ),G ( (F (Run_state_started & F NChar_sent) & !last_char_EOP) -> (read_transmit_FIFO & G (discard_characters U (EOP_discard | EEP_discarded))) ),False
BASIC,21,"If one or more N-Chars have been sent since the link reached the Run state AND the last character sent was not an EOP or EEP, read the transmit FIFO and discard the characters read until an EOP or EEP has been read and discarded",G(  ((Run_state_started) -> ((NChar_sent) & !(last_char_EOP & EEP)))  -> X(((read_transmit_FIFO) & (discard_characters)) U ((EOP_read & EEP_read) & (EOP_discard & EEP_discarded)))  ),G ( (F (Run_state_started & F NChar_sent) & !last_char_EOP) -> (read_transmit_FIFO & G (discard_characters U (EOP_discard | EEP_discarded))) ),False
BASIC,21,"If one or more N-Chars have been sent since the link reached the Run state AND the last character sent was not an EOP or EEP, read the transmit FIFO and discard the characters read until an EOP or EEP has been read and discarded",G(  ((Run_state_started) -> ((NChar_sent) & !(last_char_EOP & EEP)))  -> X(((read_transmit_FIFO) & (discard_characters)) U ((EOP_read & EEP_read) & (EOP_discard & EEP_discarded)))  ),G ( (F (Run_state_started & F NChar_sent) & !last_char_EOP) -> (read_transmit_FIFO & G (discard_characters U (EOP_discard | EEP_discarded))) ),False
BASIC,21,"If one or more N-Chars have been sent since the link reached the Run state AND the last character sent was not an EOP or EEP, read the transmit FIFO and discard the characters read until an EOP or EEP has been read and discarded",G(  ((Run_state_started) -> ((NChar_sent) & !(last_char_EOP & EEP)))  -> X(((read_transmit_FIFO) & (discard_characters)) U ((EOP_read & EEP_read) & (EOP_discard & EEP_discarded)))  ),G ( (F (Run_state_started & F NChar_sent) & !last_char_EOP) -> (read_transmit_FIFO & G (discard_characters U (EOP_discard | EEP_discarded))) ),False
BASIC,21,"If one or more N-Chars have been sent since the link reached the Run state AND the last character sent was not an EOP or EEP, read the transmit FIFO and discard the characters read until an EOP or EEP has been read and discarded",G(  ((Run_state_started) -> ((NChar_sent) & !(last_char_EOP & EEP)))  -> X(((read_transmit_FIFO) & (discard_characters)) U ((EOP_read & EEP_read) & (EOP_discard & EEP_discarded)))  ),G ( (F (Run_state_started & F NChar_sent) & !last_char_EOP) -> (read_transmit_FIFO & G (discard_characters U (EOP_discard | EEP_discarded))) ),False
BASIC,21,"If one or more N-Chars have been sent since the link reached the Run state AND the last character sent was not an EOP or EEP, read the transmit FIFO and discard the characters read until an EOP or EEP has been read and discarded",G(  ((Run_state_started) -> ((NChar_sent) & !(last_char_EOP & EEP)))  -> X(((read_transmit_FIFO) & (discard_characters)) U ((EOP_read & EEP_read) & (EOP_discard & EEP_discarded)))  ),G ( (F (Run_state_started & NChar_sent) & !last_char_EOP) -> (read_transmit_FIFO & (discard_characters U (EOP_discard | EEP_discarded))) ),False
BASIC,21,"If one or more N-Chars have been sent since the link reached the Run state AND the last character sent was not an EOP or EEP, read the transmit FIFO and discard the characters read until an EOP or EEP has been read and discarded",G(  ((Run_state_started) -> ((NChar_sent) & !(last_char_EOP & EEP)))  -> X(((read_transmit_FIFO) & (discard_characters)) U ((EOP_read & EEP_read) & (EOP_discard & EEP_discarded)))  ),G ( (F (Run_state_started & NChar_sent) & !last_char_EOP) -> (read_transmit_FIFO & (discard_characters U (EOP_discard | EEP_discarded))) ),False
BASIC,21,"If one or more N-Chars have been sent since the link reached the Run state AND the last character sent was not an EOP or EEP, read the transmit FIFO and discard the characters read until an EOP or EEP has been read and discarded",G(  ((Run_state_started) -> ((NChar_sent) & !(last_char_EOP & EEP)))  -> X(((read_transmit_FIFO) & (discard_characters)) U ((EOP_read & EEP_read) & (EOP_discard & EEP_discarded)))  ),G ( (F (Run_state_started & NChar_sent) & !last_char_EOP) -> (read_transmit_FIFO & (discard_characters U (EOP_discard | EEP_discarded))) ),False
BASIC,21,"If one or more N-Chars have been sent since the link reached the Run state AND the last character sent was not an EOP or EEP, read the transmit FIFO and discard the characters read until an EOP or EEP has been read and discarded",G(  ((Run_state_started) -> ((NChar_sent) & !(last_char_EOP & EEP)))  -> X(((read_transmit_FIFO) & (discard_characters)) U ((EOP_read & EEP_read) & (EOP_discard & EEP_discarded)))  ),G ( (F (Run_state_started & F NChar_sent) & !last_char_EOP) -> (read_transmit_FIFO & G (discard_characters U (EOP_discard | EEP_discarded))) ),False
BASIC,21,"If one or more N-Chars have been sent since the link reached the Run state AND the last character sent was not an EOP or EEP, read the transmit FIFO and discard the characters read until an EOP or EEP has been read and discarded",G(  ((Run_state_started) -> ((NChar_sent) & !(last_char_EOP & EEP)))  -> X(((read_transmit_FIFO) & (discard_characters)) U ((EOP_read & EEP_read) & (EOP_discard & EEP_discarded)))  ),G ( (F (Run_state_started & NChar_sent) & !last_char_EOP) -> (read_transmit_FIFO & (discard_characters U (EOP_discard | EEP_discarded))) ),False
BASIC,21,"If one or more N-Chars have been sent since the link reached the Run state AND the last character sent was not an EOP or EEP, read the transmit FIFO and discard the characters read until an EOP or EEP has been read and discarded",G(  ((Run_state_started) -> ((NChar_sent) & !(last_char_EOP & EEP)))  -> X(((read_transmit_FIFO) & (discard_characters)) U ((EOP_read & EEP_read) & (EOP_discard & EEP_discarded)))  ),G ( (F (Run_state_started & NChar_sent) & !last_char_EOP) -> (read_transmit_FIFO & G (discard_characters U (EOP_discard | EEP_discarded))) ),False
BASIC,21,"If one or more N-Chars have been sent since the link reached the Run state AND the last character sent was not an EOP or EEP, read the transmit FIFO and discard the characters read until an EOP or EEP has been read and discarded",G(  ((Run_state_started) -> ((NChar_sent) & !(last_char_EOP & EEP)))  -> X(((read_transmit_FIFO) & (discard_characters)) U ((EOP_read & EEP_read) & (EOP_discard & EEP_discarded)))  ),G ((F (Run_state_started & F NChar_sent) & !last_char_EOP) -> (read_transmit_FIFO & G (discard_characters U (EOP_discard | EEP_discarded)))),False
BASIC,21,"If one or more N-Chars have been sent since the link reached the Run state AND the last character sent was not an EOP or EEP, read the transmit FIFO and discard the characters read until an EOP or EEP has been read and discarded",G(  ((Run_state_started) -> ((NChar_sent) & !(last_char_EOP & EEP)))  -> X(((read_transmit_FIFO) & (discard_characters)) U ((EOP_read & EEP_read) & (EOP_discard & EEP_discarded)))  ),G ( (F (Run_state_started & NChar_sent) & !last_char_EOP) -> (read_transmit_FIFO & (discard_characters U (EOP_discard | EEP_discarded))) ),False
BASIC,21,"If one or more N-Chars have been sent since the link reached the Run state AND the last character sent was not an EOP or EEP, read the transmit FIFO and discard the characters read until an EOP or EEP has been read and discarded",G(  ((Run_state_started) -> ((NChar_sent) & !(last_char_EOP & EEP)))  -> X(((read_transmit_FIFO) & (discard_characters)) U ((EOP_read & EEP_read) & (EOP_discard & EEP_discarded)))  ),G ( (F (Run_state_started & F NChar_sent) & !last_char_EOP) -> (read_transmit_FIFO & G (discard_characters U (EOP_discard | EEP_discarded))) ),False
BASIC,21,"If one or more N-Chars have been sent since the link reached the Run state AND the last character sent was not an EOP or EEP, read the transmit FIFO and discard the characters read until an EOP or EEP has been read and discarded",G(  ((Run_state_started) -> ((NChar_sent) & !(last_char_EOP & EEP)))  -> X(((read_transmit_FIFO) & (discard_characters)) U ((EOP_read & EEP_read) & (EOP_discard & EEP_discarded)))  ),G ( (F (Run_state_started & NChar_sent) & !last_char_EOP) -> (read_transmit_FIFO & (discard_characters U (EOP_discard | EEP_discarded))) ),False
BASIC,21,"If one or more N-Chars have been sent since the link reached the Run state AND the last character sent was not an EOP or EEP, read the transmit FIFO and discard the characters read until an EOP or EEP has been read and discarded",G(  ((Run_state_started) -> ((NChar_sent) & !(last_char_EOP & EEP)))  -> X(((read_transmit_FIFO) & (discard_characters)) U ((EOP_read & EEP_read) & (EOP_discard & EEP_discarded)))  ),G ((F (Run_state_started & F NChar_sent) & !last_char_EOP) -> (read_transmit_FIFO & G (discard_characters U (EOP_discard | EEP_discarded)))),False
BASIC,21,"If one or more N-Chars have been sent since the link reached the Run state AND the last character sent was not an EOP or EEP, read the transmit FIFO and discard the characters read until an EOP or EEP has been read and discarded",G(  ((Run_state_started) -> ((NChar_sent) & !(last_char_EOP & EEP)))  -> X(((read_transmit_FIFO) & (discard_characters)) U ((EOP_read & EEP_read) & (EOP_discard & EEP_discarded)))  ),G ((F Run_state_started & F NChar_sent & !last_char_EOP) -> (read_transmit_FIFO & G (discard_characters U (EOP_discard | EEP_discarded)))),False
BASIC,21,"If one or more N-Chars have been sent since the link reached the Run state AND the last character sent was not an EOP or EEP, read the transmit FIFO and discard the characters read until an EOP or EEP has been read and discarded",G(  ((Run_state_started) -> ((NChar_sent) & !(last_char_EOP & EEP)))  -> X(((read_transmit_FIFO) & (discard_characters)) U ((EOP_read & EEP_read) & (EOP_discard & EEP_discarded)))  ),G ((F (Run_state_started & F NChar_sent) & !last_char_EOP) -> (read_transmit_FIFO & G (discard_characters U (EOP_discard | EEP_discarded)))),False
BASIC,21,"If one or more N-Chars have been sent since the link reached the Run state AND the last character sent was not an EOP or EEP, read the transmit FIFO and discard the characters read until an EOP or EEP has been read and discarded",G(  ((Run_state_started) -> ((NChar_sent) & !(last_char_EOP & EEP)))  -> X(((read_transmit_FIFO) & (discard_characters)) U ((EOP_read & EEP_read) & (EOP_discard & EEP_discarded)))  ),G ( (F (Run_state_started & NChar_sent)) & !last_char_EOP & !EEP ) -> (read_transmit_FIFO & discard_characters & (G ( (EOP_read | EEP_read) -> (EOP_discard | EEP_discarded) ) & F (EOP_disc,None
BASIC,21,"If one or more N-Chars have been sent since the link reached the Run state AND the last character sent was not an EOP or EEP, read the transmit FIFO and discard the characters read until an EOP or EEP has been read and discarded",G(  ((Run_state_started) -> ((NChar_sent) & !(last_char_EOP & EEP)))  -> X(((read_transmit_FIFO) & (discard_characters)) U ((EOP_read & EEP_read) & (EOP_discard & EEP_discarded)))  ),G ( (F (Run_state_started & NChar_sent) & !last_char_EOP) -> (read_transmit_FIFO & G (discard_characters U (EOP_discard | EEP_discarded))) ),False
BASIC,24,An output port shall not transmit any other packet until the packet that it is currently transmitting has finished being sent or has been terminated following an error,G(!(transmit_packet) U ((current_packet_sent) & (error_transmit))),G (transmit_packet -> (!current_packet_sent & !error_transmit) U (current_packet_sent | error_transmit)),False
BASIC,24,An output port shall not transmit any other packet until the packet that it is currently transmitting has finished being sent or has been terminated following an error,G(!(transmit_packet) U ((current_packet_sent) & (error_transmit))),G (transmit_packet -> (!current_packet_sent & !error_transmit) U (current_packet_sent | error_transmit)),False
BASIC,24,An output port shall not transmit any other packet until the packet that it is currently transmitting has finished being sent or has been terminated following an error,G(!(transmit_packet) U ((current_packet_sent) & (error_transmit))),G (transmit_packet -> (!current_packet_sent & !error_transmit) U (current_packet_sent | error_transmit)),False
BASIC,24,An output port shall not transmit any other packet until the packet that it is currently transmitting has finished being sent or has been terminated following an error,G(!(transmit_packet) U ((current_packet_sent) & (error_transmit))),G (transmit_packet -> (! (transmit_packet & ! current_packet_sent & ! error_transmit) U (current_packet_sent | error_transmit))),False
BASIC,24,An output port shall not transmit any other packet until the packet that it is currently transmitting has finished being sent or has been terminated following an error,G(!(transmit_packet) U ((current_packet_sent) & (error_transmit))),G (transmit_packet -> (!current_packet_sent & !error_transmit) U (current_packet_sent | error_transmit)),False
BASIC,24,An output port shall not transmit any other packet until the packet that it is currently transmitting has finished being sent or has been terminated following an error,G(!(transmit_packet) U ((current_packet_sent) & (error_transmit))),G (transmit_packet -> (!current_packet_sent & !error_transmit) U (current_packet_sent | error_transmit)),False
BASIC,24,An output port shall not transmit any other packet until the packet that it is currently transmitting has finished being sent or has been terminated following an error,G(!(transmit_packet) U ((current_packet_sent) & (error_transmit))),G (transmit_packet -> (!current_packet_sent & !error_transmit) U (current_packet_sent | error_transmit)),False
BASIC,24,An output port shall not transmit any other packet until the packet that it is currently transmitting has finished being sent or has been terminated following an error,G(!(transmit_packet) U ((current_packet_sent) & (error_transmit))),G (transmit_packet -> (!current_packet_sent & !error_transmit) U (current_packet_sent | error_transmit)),False
BASIC,24,An output port shall not transmit any other packet until the packet that it is currently transmitting has finished being sent or has been terminated following an error,G(!(transmit_packet) U ((current_packet_sent) & (error_transmit))),G (transmit_packet -> (! (transmit_packet & ! current_packet_sent & ! error_transmit) U (current_packet_sent | error_transmit))),False
BASIC,24,An output port shall not transmit any other packet until the packet that it is currently transmitting has finished being sent or has been terminated following an error,G(!(transmit_packet) U ((current_packet_sent) & (error_transmit))),G (transmit_packet -> (!current_packet_sent & !error_transmit) U (current_packet_sent | error_transmit)),False
BASIC,24,An output port shall not transmit any other packet until the packet that it is currently transmitting has finished being sent or has been terminated following an error,G(!(transmit_packet) U ((current_packet_sent) & (error_transmit))),G (transmit_packet -> (!current_packet_sent & !error_transmit) U (current_packet_sent | error_transmit)),False
BASIC,24,An output port shall not transmit any other packet until the packet that it is currently transmitting has finished being sent or has been terminated following an error,G(!(transmit_packet) U ((current_packet_sent) & (error_transmit))),G (transmit_packet -> (! (transmit_packet & ! current_packet_sent & ! error_transmit) U (current_packet_sent | error_transmit))),False
BASIC,24,An output port shall not transmit any other packet until the packet that it is currently transmitting has finished being sent or has been terminated following an error,G(!(transmit_packet) U ((current_packet_sent) & (error_transmit))),G (transmit_packet -> (!current_packet_sent & !error_transmit) U (current_packet_sent | error_transmit)),False
BASIC,24,An output port shall not transmit any other packet until the packet that it is currently transmitting has finished being sent or has been terminated following an error,G(!(transmit_packet) U ((current_packet_sent) & (error_transmit))),G (transmit_packet -> (! (transmit_packet & ! current_packet_sent & ! error_transmit) U (current_packet_sent | error_transmit))),False
BASIC,24,An output port shall not transmit any other packet until the packet that it is currently transmitting has finished being sent or has been terminated following an error,G(!(transmit_packet) U ((current_packet_sent) & (error_transmit))),G (transmit_packet -> (!current_packet_sent & !error_transmit) U (current_packet_sent | error_transmit)),False
BASIC,24,An output port shall not transmit any other packet until the packet that it is currently transmitting has finished being sent or has been terminated following an error,G(!(transmit_packet) U ((current_packet_sent) & (error_transmit))),G(transmit_packet -> (!current_packet_sent & !error_transmit) U (current_packet_sent | error_transmit)),False
BASIC,24,An output port shall not transmit any other packet until the packet that it is currently transmitting has finished being sent or has been terminated following an error,G(!(transmit_packet) U ((current_packet_sent) & (error_transmit))),G (transmit_packet -> (!current_packet_sent & !error_transmit) U (current_packet_sent | error_transmit)),False
BASIC,24,An output port shall not transmit any other packet until the packet that it is currently transmitting has finished being sent or has been terminated following an error,G(!(transmit_packet) U ((current_packet_sent) & (error_transmit))),G (transmit_packet -> (!current_packet_sent & !error_transmit) U (current_packet_sent | error_transmit)),False
BASIC,24,An output port shall not transmit any other packet until the packet that it is currently transmitting has finished being sent or has been terminated following an error,G(!(transmit_packet) U ((current_packet_sent) & (error_transmit))),G (transmit_packet -> (!current_packet_sent & !error_transmit) U (current_packet_sent | error_transmit)),False
BASIC,24,An output port shall not transmit any other packet until the packet that it is currently transmitting has finished being sent or has been terminated following an error,G(!(transmit_packet) U ((current_packet_sent) & (error_transmit))),G (transmit_packet -> (!current_packet_sent & !error_transmit) U (current_packet_sent | error_transmit)),False
BASIC,24,An output port shall not transmit any other packet until the packet that it is currently transmitting has finished being sent or has been terminated following an error,G(!(transmit_packet) U ((current_packet_sent) & (error_transmit))),G (transmit_packet -> (!current_packet_sent & !error_transmit) U (current_packet_sent | error_transmit)),False
BASIC,24,An output port shall not transmit any other packet until the packet that it is currently transmitting has finished being sent or has been terminated following an error,G(!(transmit_packet) U ((current_packet_sent) & (error_transmit))),G (transmit_packet -> (!current_packet_sent & !error_transmit) U (current_packet_sent | error_transmit)),False
BASIC,24,An output port shall not transmit any other packet until the packet that it is currently transmitting has finished being sent or has been terminated following an error,G(!(transmit_packet) U ((current_packet_sent) & (error_transmit))),G (transmit_packet -> (!current_packet_sent & !error_transmit) U (current_packet_sent | error_transmit)),False
BASIC,24,An output port shall not transmit any other packet until the packet that it is currently transmitting has finished being sent or has been terminated following an error,G(!(transmit_packet) U ((current_packet_sent) & (error_transmit))),G (transmit_packet -> (!current_packet_sent & !error_transmit) U (current_packet_sent | error_transmit)),False
BASIC,24,An output port shall not transmit any other packet until the packet that it is currently transmitting has finished being sent or has been terminated following an error,G(!(transmit_packet) U ((current_packet_sent) & (error_transmit))),G (transmit_packet -> (!current_packet_sent & !error_transmit) U (current_packet_sent | error_transmit)),False
BASIC,24,An output port shall not transmit any other packet until the packet that it is currently transmitting has finished being sent or has been terminated following an error,G(!(transmit_packet) U ((current_packet_sent) & (error_transmit))),G (transmit_packet -> (!current_packet_sent & !error_transmit) U (current_packet_sent | error_transmit)),False
BASIC,24,An output port shall not transmit any other packet until the packet that it is currently transmitting has finished being sent or has been terminated following an error,G(!(transmit_packet) U ((current_packet_sent) & (error_transmit))),G (transmit_packet -> (!current_packet_sent & !error_transmit) U (current_packet_sent | error_transmit)),False
BASIC,24,An output port shall not transmit any other packet until the packet that it is currently transmitting has finished being sent or has been terminated following an error,G(!(transmit_packet) U ((current_packet_sent) & (error_transmit))),G (transmit_packet -> (!current_packet_sent & !error_transmit) U (current_packet_sent | error_transmit)),False
BASIC,24,An output port shall not transmit any other packet until the packet that it is currently transmitting has finished being sent or has been terminated following an error,G(!(transmit_packet) U ((current_packet_sent) & (error_transmit))),G (transmit_packet -> (!current_packet_sent & !error_transmit) U (current_packet_sent | error_transmit)),False
BASIC,24,An output port shall not transmit any other packet until the packet that it is currently transmitting has finished being sent or has been terminated following an error,G(!(transmit_packet) U ((current_packet_sent) & (error_transmit))),G (transmit_packet -> (!current_packet_sent & !error_transmit) U (current_packet_sent | error_transmit)),False
BASIC,24,An output port shall not transmit any other packet until the packet that it is currently transmitting has finished being sent or has been terminated following an error,G(!(transmit_packet) U ((current_packet_sent) & (error_transmit))),G (transmit_packet -> (!current_packet_sent & !error_transmit) U (current_packet_sent | error_transmit)),False
BASIC,24,An output port shall not transmit any other packet until the packet that it is currently transmitting has finished being sent or has been terminated following an error,G(!(transmit_packet) U ((current_packet_sent) & (error_transmit))),G (transmit_packet -> (!current_packet_sent & !error_transmit) U (current_packet_sent | error_transmit)),False
BASIC,24,An output port shall not transmit any other packet until the packet that it is currently transmitting has finished being sent or has been terminated following an error,G(!(transmit_packet) U ((current_packet_sent) & (error_transmit))),G (transmit_packet -> (!current_packet_sent & !error_transmit) U (current_packet_sent | error_transmit)),False
BASIC,24,An output port shall not transmit any other packet until the packet that it is currently transmitting has finished being sent or has been terminated following an error,G(!(transmit_packet) U ((current_packet_sent) & (error_transmit))),G (transmit_packet -> (!current_packet_sent & !error_transmit) U (current_packet_sent | error_transmit)),False
BASIC,24,An output port shall not transmit any other packet until the packet that it is currently transmitting has finished being sent or has been terminated following an error,G(!(transmit_packet) U ((current_packet_sent) & (error_transmit))),G (transmit_packet -> (!current_packet_sent & !error_transmit) U (current_packet_sent | error_transmit)),False
BASIC,24,An output port shall not transmit any other packet until the packet that it is currently transmitting has finished being sent or has been terminated following an error,G(!(transmit_packet) U ((current_packet_sent) & (error_transmit))),G (transmit_packet -> (!current_packet_sent & !error_transmit) U (current_packet_sent | error_transmit)),False
BASIC,24,An output port shall not transmit any other packet until the packet that it is currently transmitting has finished being sent or has been terminated following an error,G(!(transmit_packet) U ((current_packet_sent) & (error_transmit))),G (transmit_packet -> (!current_packet_sent & !error_transmit) U (current_packet_sent | error_transmit)),False
BASIC,24,An output port shall not transmit any other packet until the packet that it is currently transmitting has finished being sent or has been terminated following an error,G(!(transmit_packet) U ((current_packet_sent) & (error_transmit))),G (transmit_packet -> (!current_packet_sent & !error_transmit) U (current_packet_sent | error_transmit)),False
BASIC,24,An output port shall not transmit any other packet until the packet that it is currently transmitting has finished being sent or has been terminated following an error,G(!(transmit_packet) U ((current_packet_sent) & (error_transmit))),G (transmit_packet -> (!current_packet_sent & !error_transmit) U (current_packet_sent | error_transmit)),False
BASIC,24,An output port shall not transmit any other packet until the packet that it is currently transmitting has finished being sent or has been terminated following an error,G(!(transmit_packet) U ((current_packet_sent) & (error_transmit))),G (transmit_packet -> (!current_packet_sent & !error_transmit) U (current_packet_sent | error_transmit)),False
BASIC,24,An output port shall not transmit any other packet until the packet that it is currently transmitting has finished being sent or has been terminated following an error,G(!(transmit_packet) U ((current_packet_sent) & (error_transmit))),G (transmit_packet -> (!current_packet_sent & !error_transmit) U (current_packet_sent | error_transmit)),False
BASIC,24,An output port shall not transmit any other packet until the packet that it is currently transmitting has finished being sent or has been terminated following an error,G(!(transmit_packet) U ((current_packet_sent) & (error_transmit))),G (transmit_packet -> (!current_packet_sent & !error_transmit) U (current_packet_sent | error_transmit)),False
BASIC,24,An output port shall not transmit any other packet until the packet that it is currently transmitting has finished being sent or has been terminated following an error,G(!(transmit_packet) U ((current_packet_sent) & (error_transmit))),G (transmit_packet -> (!current_packet_sent & !error_transmit) U (current_packet_sent | error_transmit)),False
BASIC,24,An output port shall not transmit any other packet until the packet that it is currently transmitting has finished being sent or has been terminated following an error,G(!(transmit_packet) U ((current_packet_sent) & (error_transmit))),G (transmit_packet -> (!current_packet_sent & !error_transmit) U (current_packet_sent | error_transmit)),False
BASIC,24,An output port shall not transmit any other packet until the packet that it is currently transmitting has finished being sent or has been terminated following an error,G(!(transmit_packet) U ((current_packet_sent) & (error_transmit))),G (transmit_packet -> (!current_packet_sent & !error_transmit) U (current_packet_sent | error_transmit)),False
BASIC,24,An output port shall not transmit any other packet until the packet that it is currently transmitting has finished being sent or has been terminated following an error,G(!(transmit_packet) U ((current_packet_sent) & (error_transmit))),G (transmit_packet -> (!current_packet_sent & !error_transmit) U (current_packet_sent | error_transmit)),False
BASIC,24,An output port shall not transmit any other packet until the packet that it is currently transmitting has finished being sent or has been terminated following an error,G(!(transmit_packet) U ((current_packet_sent) & (error_transmit))),G (transmit_packet -> (!current_packet_sent & !error_transmit) U (current_packet_sent | error_transmit)),False
BASIC,24,An output port shall not transmit any other packet until the packet that it is currently transmitting has finished being sent or has been terminated following an error,G(!(transmit_packet) U ((current_packet_sent) & (error_transmit))),G(transmit_packet -> (!current_packet_sent & !error_transmit) U (current_packet_sent | error_transmit)),False
BASIC,24,An output port shall not transmit any other packet until the packet that it is currently transmitting has finished being sent or has been terminated following an error,G(!(transmit_packet) U ((current_packet_sent) & (error_transmit))),G (transmit_packet -> (!current_packet_sent & !error_transmit) U (current_packet_sent | error_transmit)),False
BASIC,24,An output port shall not transmit any other packet until the packet that it is currently transmitting has finished being sent or has been terminated following an error,G(!(transmit_packet) U ((current_packet_sent) & (error_transmit))),G (transmit_packet -> (!current_packet_sent & !error_transmit) U (current_packet_sent | error_transmit)),False
BASIC,24,An output port shall not transmit any other packet until the packet that it is currently transmitting has finished being sent or has been terminated following an error,G(!(transmit_packet) U ((current_packet_sent) & (error_transmit))),G (transmit_packet -> (!current_packet_sent & !error_transmit) U (current_packet_sent | error_transmit)),False
BASIC,24,An output port shall not transmit any other packet until the packet that it is currently transmitting has finished being sent or has been terminated following an error,G(!(transmit_packet) U ((current_packet_sent) & (error_transmit))),G (transmit_packet -> (!current_packet_sent & !error_transmit) U (current_packet_sent | error_transmit)),False
BASIC,24,An output port shall not transmit any other packet until the packet that it is currently transmitting has finished being sent or has been terminated following an error,G(!(transmit_packet) U ((current_packet_sent) & (error_transmit))),G (transmit_packet -> (!current_packet_sent & !error_transmit) U (current_packet_sent | error_transmit)),False
BASIC,24,An output port shall not transmit any other packet until the packet that it is currently transmitting has finished being sent or has been terminated following an error,G(!(transmit_packet) U ((current_packet_sent) & (error_transmit))),G (transmit_packet -> (!current_packet_sent & !error_transmit) U (current_packet_sent | error_transmit)),False
BASIC,24,An output port shall not transmit any other packet until the packet that it is currently transmitting has finished being sent or has been terminated following an error,G(!(transmit_packet) U ((current_packet_sent) & (error_transmit))),G (transmit_packet -> (!current_packet_sent & !error_transmit) U (current_packet_sent | error_transmit)),False
BASIC,24,An output port shall not transmit any other packet until the packet that it is currently transmitting has finished being sent or has been terminated following an error,G(!(transmit_packet) U ((current_packet_sent) & (error_transmit))),G (transmit_packet -> (! (transmit_packet & ! current_packet_sent & ! error_transmit) U (current_packet_sent | error_transmit))),False
BASIC,24,An output port shall not transmit any other packet until the packet that it is currently transmitting has finished being sent or has been terminated following an error,G(!(transmit_packet) U ((current_packet_sent) & (error_transmit))),G (transmit_packet -> (!current_packet_sent & !error_transmit) U (current_packet_sent | error_transmit)),False
BASIC,24,An output port shall not transmit any other packet until the packet that it is currently transmitting has finished being sent or has been terminated following an error,G(!(transmit_packet) U ((current_packet_sent) & (error_transmit))),G (transmit_packet -> (!current_packet_sent & !error_transmit) U (current_packet_sent | error_transmit)),False
BASIC,24,An output port shall not transmit any other packet until the packet that it is currently transmitting has finished being sent or has been terminated following an error,G(!(transmit_packet) U ((current_packet_sent) & (error_transmit))),G (transmit_packet -> (! (transmit_packet & ! current_packet_sent & ! error_transmit) U (current_packet_sent | error_transmit))),False
BASIC,24,An output port shall not transmit any other packet until the packet that it is currently transmitting has finished being sent or has been terminated following an error,G(!(transmit_packet) U ((current_packet_sent) & (error_transmit))),G (transmit_packet -> (!current_packet_sent & !error_transmit) U (current_packet_sent | error_transmit)),False
BASIC,24,An output port shall not transmit any other packet until the packet that it is currently transmitting has finished being sent or has been terminated following an error,G(!(transmit_packet) U ((current_packet_sent) & (error_transmit))),G (transmit_packet -> (!current_packet_sent & !error_transmit) U (current_packet_sent | error_transmit)),False
BASIC,24,An output port shall not transmit any other packet until the packet that it is currently transmitting has finished being sent or has been terminated following an error,G(!(transmit_packet) U ((current_packet_sent) & (error_transmit))),G (transmit_packet -> (!current_packet_sent & !error_transmit) U (current_packet_sent | error_transmit)),False
BASIC,24,An output port shall not transmit any other packet until the packet that it is currently transmitting has finished being sent or has been terminated following an error,G(!(transmit_packet) U ((current_packet_sent) & (error_transmit))),G (transmit_packet -> (!current_packet_sent & !error_transmit) U (current_packet_sent | error_transmit)),False
BASIC,24,An output port shall not transmit any other packet until the packet that it is currently transmitting has finished being sent or has been terminated following an error,G(!(transmit_packet) U ((current_packet_sent) & (error_transmit))),G (transmit_packet -> (!current_packet_sent & !error_transmit) U (current_packet_sent | error_transmit)),False
BASIC,24,An output port shall not transmit any other packet until the packet that it is currently transmitting has finished being sent or has been terminated following an error,G(!(transmit_packet) U ((current_packet_sent) & (error_transmit))),G (transmit_packet -> (!current_packet_sent & !error_transmit) U (current_packet_sent | error_transmit)),False
BASIC,24,An output port shall not transmit any other packet until the packet that it is currently transmitting has finished being sent or has been terminated following an error,G(!(transmit_packet) U ((current_packet_sent) & (error_transmit))),G (transmit_packet -> (!current_packet_sent & !error_transmit) U (current_packet_sent | error_transmit)),False
BASIC,24,An output port shall not transmit any other packet until the packet that it is currently transmitting has finished being sent or has been terminated following an error,G(!(transmit_packet) U ((current_packet_sent) & (error_transmit))),G (transmit_packet -> (!current_packet_sent & !error_transmit) U (current_packet_sent | error_transmit)),False
BASIC,24,An output port shall not transmit any other packet until the packet that it is currently transmitting has finished being sent or has been terminated following an error,G(!(transmit_packet) U ((current_packet_sent) & (error_transmit))),G (transmit_packet -> (!current_packet_sent & !error_transmit) U (current_packet_sent | error_transmit)),False
BASIC,24,An output port shall not transmit any other packet until the packet that it is currently transmitting has finished being sent or has been terminated following an error,G(!(transmit_packet) U ((current_packet_sent) & (error_transmit))),G (transmit_packet -> (!current_packet_sent & !error_transmit) U (current_packet_sent | error_transmit)),False
BASIC,24,An output port shall not transmit any other packet until the packet that it is currently transmitting has finished being sent or has been terminated following an error,G(!(transmit_packet) U ((current_packet_sent) & (error_transmit))),G (transmit_packet -> (!current_packet_sent & !error_transmit) U (current_packet_sent | error_transmit)),False
BASIC,24,An output port shall not transmit any other packet until the packet that it is currently transmitting has finished being sent or has been terminated following an error,G(!(transmit_packet) U ((current_packet_sent) & (error_transmit))),G (transmit_packet -> (!current_packet_sent & !error_transmit) U (current_packet_sent | error_transmit)),False
BASIC,24,An output port shall not transmit any other packet until the packet that it is currently transmitting has finished being sent or has been terminated following an error,G(!(transmit_packet) U ((current_packet_sent) & (error_transmit))),G (transmit_packet -> (!current_packet_sent & !error_transmit) U (current_packet_sent | error_transmit)),False
BASIC,24,An output port shall not transmit any other packet until the packet that it is currently transmitting has finished being sent or has been terminated following an error,G(!(transmit_packet) U ((current_packet_sent) & (error_transmit))),G (transmit_packet -> (!current_packet_sent & !error_transmit) U (current_packet_sent | error_transmit)),False
BASIC,24,An output port shall not transmit any other packet until the packet that it is currently transmitting has finished being sent or has been terminated following an error,G(!(transmit_packet) U ((current_packet_sent) & (error_transmit))),G (transmit_packet -> (!current_packet_sent & !error_transmit) U (current_packet_sent | error_transmit)),False
BASIC,24,An output port shall not transmit any other packet until the packet that it is currently transmitting has finished being sent or has been terminated following an error,G(!(transmit_packet) U ((current_packet_sent) & (error_transmit))),G (transmit_packet -> (!current_packet_sent & !error_transmit) U (current_packet_sent | error_transmit)),False
BASIC,24,An output port shall not transmit any other packet until the packet that it is currently transmitting has finished being sent or has been terminated following an error,G(!(transmit_packet) U ((current_packet_sent) & (error_transmit))),G (transmit_packet -> (!current_packet_sent & !error_transmit) U (current_packet_sent | error_transmit)),False
BASIC,24,An output port shall not transmit any other packet until the packet that it is currently transmitting has finished being sent or has been terminated following an error,G(!(transmit_packet) U ((current_packet_sent) & (error_transmit))),G (transmit_packet -> (!current_packet_sent & !error_transmit) U (current_packet_sent | error_transmit)),False
BASIC,24,An output port shall not transmit any other packet until the packet that it is currently transmitting has finished being sent or has been terminated following an error,G(!(transmit_packet) U ((current_packet_sent) & (error_transmit))),G (transmit_packet -> (!current_packet_sent & !error_transmit) U (current_packet_sent | error_transmit)),False
BASIC,24,An output port shall not transmit any other packet until the packet that it is currently transmitting has finished being sent or has been terminated following an error,G(!(transmit_packet) U ((current_packet_sent) & (error_transmit))),G (transmit_packet -> (!current_packet_sent & !error_transmit) U (current_packet_sent | error_transmit)),False
BASIC,24,An output port shall not transmit any other packet until the packet that it is currently transmitting has finished being sent or has been terminated following an error,G(!(transmit_packet) U ((current_packet_sent) & (error_transmit))),G (transmit_packet -> (!current_packet_sent & !error_transmit) U (current_packet_sent | error_transmit)),False
BASIC,24,An output port shall not transmit any other packet until the packet that it is currently transmitting has finished being sent or has been terminated following an error,G(!(transmit_packet) U ((current_packet_sent) & (error_transmit))),G (transmit_packet -> (!current_packet_sent & !error_transmit) U (current_packet_sent | error_transmit)),False
BASIC,24,An output port shall not transmit any other packet until the packet that it is currently transmitting has finished being sent or has been terminated following an error,G(!(transmit_packet) U ((current_packet_sent) & (error_transmit))),G (transmit_packet -> (!current_packet_sent & !error_transmit) U (current_packet_sent | error_transmit)),False
BASIC,24,An output port shall not transmit any other packet until the packet that it is currently transmitting has finished being sent or has been terminated following an error,G(!(transmit_packet) U ((current_packet_sent) & (error_transmit))),G (transmit_packet -> (!current_packet_sent & !error_transmit) U (current_packet_sent | error_transmit)),False
BASIC,24,An output port shall not transmit any other packet until the packet that it is currently transmitting has finished being sent or has been terminated following an error,G(!(transmit_packet) U ((current_packet_sent) & (error_transmit))),G (transmit_packet -> (!current_packet_sent & !error_transmit) U (current_packet_sent | error_transmit)),False
BASIC,24,An output port shall not transmit any other packet until the packet that it is currently transmitting has finished being sent or has been terminated following an error,G(!(transmit_packet) U ((current_packet_sent) & (error_transmit))),G (transmit_packet -> (!current_packet_sent & !error_transmit) U (current_packet_sent | error_transmit)),False
BASIC,24,An output port shall not transmit any other packet until the packet that it is currently transmitting has finished being sent or has been terminated following an error,G(!(transmit_packet) U ((current_packet_sent) & (error_transmit))),G(transmit_packet -> (!current_packet_sent & !error_transmit) U (current_packet_sent | error_transmit)),False
BASIC,24,An output port shall not transmit any other packet until the packet that it is currently transmitting has finished being sent or has been terminated following an error,G(!(transmit_packet) U ((current_packet_sent) & (error_transmit))),G(transmit_packet -> (!current_packet_sent & !error_transmit) U (current_packet_sent | error_transmit)),False
BASIC,24,An output port shall not transmit any other packet until the packet that it is currently transmitting has finished being sent or has been terminated following an error,G(!(transmit_packet) U ((current_packet_sent) & (error_transmit))),G (transmit_packet -> (!current_packet_sent & !error_transmit) U (current_packet_sent | error_transmit)),False
BASIC,24,An output port shall not transmit any other packet until the packet that it is currently transmitting has finished being sent or has been terminated following an error,G(!(transmit_packet) U ((current_packet_sent) & (error_transmit))),G (transmit_packet -> (!current_packet_sent & !error_transmit) U (current_packet_sent | error_transmit)),False
BASIC,24,An output port shall not transmit any other packet until the packet that it is currently transmitting has finished being sent or has been terminated following an error,G(!(transmit_packet) U ((current_packet_sent) & (error_transmit))),G (transmit_packet -> (!current_packet_sent & !error_transmit) U (current_packet_sent | error_transmit)),False
BASIC,24,An output port shall not transmit any other packet until the packet that it is currently transmitting has finished being sent or has been terminated following an error,G(!(transmit_packet) U ((current_packet_sent) & (error_transmit))),G (transmit_packet -> (!current_packet_sent & !error_transmit) U (current_packet_sent | error_transmit)),False
BASIC,24,An output port shall not transmit any other packet until the packet that it is currently transmitting has finished being sent or has been terminated following an error,G(!(transmit_packet) U ((current_packet_sent) & (error_transmit))),G (transmit_packet -> (!current_packet_sent & !error_transmit) U (current_packet_sent | error_transmit)),False
BASIC,24,An output port shall not transmit any other packet until the packet that it is currently transmitting has finished being sent or has been terminated following an error,G(!(transmit_packet) U ((current_packet_sent) & (error_transmit))),G (transmit_packet -> (! (transmit_packet & ! current_packet_sent & ! error_transmit) U (current_packet_sent | error_transmit))),False
BASIC,24,An output port shall not transmit any other packet until the packet that it is currently transmitting has finished being sent or has been terminated following an error,G(!(transmit_packet) U ((current_packet_sent) & (error_transmit))),G (transmit_packet -> (!current_packet_sent & !error_transmit) U (current_packet_sent | error_transmit)),False
BASIC,24,An output port shall not transmit any other packet until the packet that it is currently transmitting has finished being sent or has been terminated following an error,G(!(transmit_packet) U ((current_packet_sent) & (error_transmit))),G (transmit_packet -> (!current_packet_sent & !error_transmit) U (current_packet_sent | error_transmit)),False
BASIC,24,An output port shall not transmit any other packet until the packet that it is currently transmitting has finished being sent or has been terminated following an error,G(!(transmit_packet) U ((current_packet_sent) & (error_transmit))),G (transmit_packet -> (!current_packet_sent & !error_transmit) U (current_packet_sent | error_transmit)),False
BASIC,24,An output port shall not transmit any other packet until the packet that it is currently transmitting has finished being sent or has been terminated following an error,G(!(transmit_packet) U ((current_packet_sent) & (error_transmit))),G (transmit_packet -> (!current_packet_sent & !error_transmit) U (current_packet_sent | error_transmit)),False
BASIC,24,An output port shall not transmit any other packet until the packet that it is currently transmitting has finished being sent or has been terminated following an error,G(!(transmit_packet) U ((current_packet_sent) & (error_transmit))),G (transmit_packet -> (!current_packet_sent & !error_transmit) U (current_packet_sent | error_transmit)),False
BASIC,24,An output port shall not transmit any other packet until the packet that it is currently transmitting has finished being sent or has been terminated following an error,G(!(transmit_packet) U ((current_packet_sent) & (error_transmit))),G (transmit_packet -> (!current_packet_sent & !error_transmit) U (current_packet_sent | error_transmit)),False
BASIC,24,An output port shall not transmit any other packet until the packet that it is currently transmitting has finished being sent or has been terminated following an error,G(!(transmit_packet) U ((current_packet_sent) & (error_transmit))),G(transmit_packet -> (!current_packet_sent & !error_transmit) U (current_packet_sent | error_transmit)),False
BASIC,29,On receipt of the BROADCAST-CODE.request primitive the port shall send the broadcast code immediately after the character current has finished being sent,G((BROADCAST_CODE_received) -> ((Character_sent) -> X (broadcast_code_sent))),G(BROADCAST_CODE_received -> (Character_sent U (Character_sent & X broadcast_code_sent))),False
BASIC,29,On receipt of the BROADCAST-CODE.request primitive the port shall send the broadcast code immediately after the character current has finished being sent,G((BROADCAST_CODE_received) -> ((Character_sent) -> X (broadcast_code_sent))),G (BROADCAST_CODE_received -> X (Character_sent U broadcast_code_sent)),False
BASIC,29,On receipt of the BROADCAST-CODE.request primitive the port shall send the broadcast code immediately after the character current has finished being sent,G((BROADCAST_CODE_received) -> ((Character_sent) -> X (broadcast_code_sent))),G(BROADCAST_CODE_received -> (Character_sent U (Character_sent & X broadcast_code_sent))),False
BASIC,29,On receipt of the BROADCAST-CODE.request primitive the port shall send the broadcast code immediately after the character current has finished being sent,G((BROADCAST_CODE_received) -> ((Character_sent) -> X (broadcast_code_sent))),G (BROADCAST_CODE_received -> (Character_sent U (Character_sent & X broadcast_code_sent))),False
BASIC,29,On receipt of the BROADCAST-CODE.request primitive the port shall send the broadcast code immediately after the character current has finished being sent,G((BROADCAST_CODE_received) -> ((Character_sent) -> X (broadcast_code_sent))),G(BROADCAST_CODE_received -> (Character_sent U (Character_sent & X broadcast_code_sent))),False
BASIC,29,On receipt of the BROADCAST-CODE.request primitive the port shall send the broadcast code immediately after the character current has finished being sent,G((BROADCAST_CODE_received) -> ((Character_sent) -> X (broadcast_code_sent))),G(BROADCAST_CODE_received -> (Character_sent U (Character_sent & X broadcast_code_sent))),False
BASIC,29,On receipt of the BROADCAST-CODE.request primitive the port shall send the broadcast code immediately after the character current has finished being sent,G((BROADCAST_CODE_received) -> ((Character_sent) -> X (broadcast_code_sent))),G(BROADCAST_CODE_received -> (Character_sent U (Character_sent & X broadcast_code_sent))),False
BASIC,29,On receipt of the BROADCAST-CODE.request primitive the port shall send the broadcast code immediately after the character current has finished being sent,G((BROADCAST_CODE_received) -> ((Character_sent) -> X (broadcast_code_sent))),G (BROADCAST_CODE_received -> X (Character_sent U broadcast_code_sent)),False
BASIC,29,On receipt of the BROADCAST-CODE.request primitive the port shall send the broadcast code immediately after the character current has finished being sent,G((BROADCAST_CODE_received) -> ((Character_sent) -> X (broadcast_code_sent))),G(BROADCAST_CODE_received -> (Character_sent U (Character_sent & X broadcast_code_sent))),False
BASIC,29,On receipt of the BROADCAST-CODE.request primitive the port shall send the broadcast code immediately after the character current has finished being sent,G((BROADCAST_CODE_received) -> ((Character_sent) -> X (broadcast_code_sent))),G(BROADCAST_CODE_received -> (Character_sent U (Character_sent & X broadcast_code_sent))),False
BASIC,29,On receipt of the BROADCAST-CODE.request primitive the port shall send the broadcast code immediately after the character current has finished being sent,G((BROADCAST_CODE_received) -> ((Character_sent) -> X (broadcast_code_sent))),G(BROADCAST_CODE_received -> (Character_sent U (Character_sent & X broadcast_code_sent))),False
BASIC,29,On receipt of the BROADCAST-CODE.request primitive the port shall send the broadcast code immediately after the character current has finished being sent,G((BROADCAST_CODE_received) -> ((Character_sent) -> X (broadcast_code_sent))),G(BROADCAST_CODE_received -> (Character_sent U (Character_sent & X broadcast_code_sent))),False
BASIC,29,On receipt of the BROADCAST-CODE.request primitive the port shall send the broadcast code immediately after the character current has finished being sent,G((BROADCAST_CODE_received) -> ((Character_sent) -> X (broadcast_code_sent))),G (BROADCAST_CODE_received -> (Character_sent U (Character_sent & X broadcast_code_sent))),False
BASIC,29,On receipt of the BROADCAST-CODE.request primitive the port shall send the broadcast code immediately after the character current has finished being sent,G((BROADCAST_CODE_received) -> ((Character_sent) -> X (broadcast_code_sent))),G(BROADCAST_CODE_received -> (Character_sent U (Character_sent & X broadcast_code_sent))),False
BASIC,29,On receipt of the BROADCAST-CODE.request primitive the port shall send the broadcast code immediately after the character current has finished being sent,G((BROADCAST_CODE_received) -> ((Character_sent) -> X (broadcast_code_sent))),G(BROADCAST_CODE_received -> (Character_sent U (Character_sent & X broadcast_code_sent))),False
BASIC,29,On receipt of the BROADCAST-CODE.request primitive the port shall send the broadcast code immediately after the character current has finished being sent,G((BROADCAST_CODE_received) -> ((Character_sent) -> X (broadcast_code_sent))),G(BROADCAST_CODE_received -> (Character_sent U (Character_sent & X broadcast_code_sent))),False
BASIC,29,On receipt of the BROADCAST-CODE.request primitive the port shall send the broadcast code immediately after the character current has finished being sent,G((BROADCAST_CODE_received) -> ((Character_sent) -> X (broadcast_code_sent))),G (BROADCAST_CODE_received -> (Character_sent U broadcast_code_sent)),False
BASIC,29,On receipt of the BROADCAST-CODE.request primitive the port shall send the broadcast code immediately after the character current has finished being sent,G((BROADCAST_CODE_received) -> ((Character_sent) -> X (broadcast_code_sent))),G(BROADCAST_CODE_received -> (Character_sent U (Character_sent & X broadcast_code_sent))),False
BASIC,29,On receipt of the BROADCAST-CODE.request primitive the port shall send the broadcast code immediately after the character current has finished being sent,G((BROADCAST_CODE_received) -> ((Character_sent) -> X (broadcast_code_sent))),G(BROADCAST_CODE_received -> (Character_sent U (Character_sent & X broadcast_code_sent))),False
BASIC,29,On receipt of the BROADCAST-CODE.request primitive the port shall send the broadcast code immediately after the character current has finished being sent,G((BROADCAST_CODE_received) -> ((Character_sent) -> X (broadcast_code_sent))),G(BROADCAST_CODE_received -> (Character_sent U (Character_sent & X broadcast_code_sent))),False
BASIC,29,On receipt of the BROADCAST-CODE.request primitive the port shall send the broadcast code immediately after the character current has finished being sent,G((BROADCAST_CODE_received) -> ((Character_sent) -> X (broadcast_code_sent))),G (BROADCAST_CODE_received -> X (Character_sent U broadcast_code_sent)),False
BASIC,29,On receipt of the BROADCAST-CODE.request primitive the port shall send the broadcast code immediately after the character current has finished being sent,G((BROADCAST_CODE_received) -> ((Character_sent) -> X (broadcast_code_sent))),G (BROADCAST_CODE_received -> X (Character_sent U broadcast_code_sent)),False
BASIC,29,On receipt of the BROADCAST-CODE.request primitive the port shall send the broadcast code immediately after the character current has finished being sent,G((BROADCAST_CODE_received) -> ((Character_sent) -> X (broadcast_code_sent))),G(BROADCAST_CODE_received -> (Character_sent U (Character_sent & X broadcast_code_sent))),False
BASIC,29,On receipt of the BROADCAST-CODE.request primitive the port shall send the broadcast code immediately after the character current has finished being sent,G((BROADCAST_CODE_received) -> ((Character_sent) -> X (broadcast_code_sent))),G (BROADCAST_CODE_received -> X (Character_sent U broadcast_code_sent)),False
BASIC,29,On receipt of the BROADCAST-CODE.request primitive the port shall send the broadcast code immediately after the character current has finished being sent,G((BROADCAST_CODE_received) -> ((Character_sent) -> X (broadcast_code_sent))),G(BROADCAST_CODE_received -> (Character_sent U (Character_sent & X broadcast_code_sent))),False
BASIC,29,On receipt of the BROADCAST-CODE.request primitive the port shall send the broadcast code immediately after the character current has finished being sent,G((BROADCAST_CODE_received) -> ((Character_sent) -> X (broadcast_code_sent))),G(BROADCAST_CODE_received -> (Character_sent U (Character_sent & X broadcast_code_sent))),False
BASIC,29,On receipt of the BROADCAST-CODE.request primitive the port shall send the broadcast code immediately after the character current has finished being sent,G((BROADCAST_CODE_received) -> ((Character_sent) -> X (broadcast_code_sent))),G(BROADCAST_CODE_received -> (Character_sent U (Character_sent & X broadcast_code_sent))),False
BASIC,29,On receipt of the BROADCAST-CODE.request primitive the port shall send the broadcast code immediately after the character current has finished being sent,G((BROADCAST_CODE_received) -> ((Character_sent) -> X (broadcast_code_sent))),G(BROADCAST_CODE_received -> (Character_sent U (Character_sent & X broadcast_code_sent))),False
BASIC,29,On receipt of the BROADCAST-CODE.request primitive the port shall send the broadcast code immediately after the character current has finished being sent,G((BROADCAST_CODE_received) -> ((Character_sent) -> X (broadcast_code_sent))),G (BROADCAST_CODE_received -> (Character_sent U (Character_sent & X broadcast_code_sent))),False
BASIC,29,On receipt of the BROADCAST-CODE.request primitive the port shall send the broadcast code immediately after the character current has finished being sent,G((BROADCAST_CODE_received) -> ((Character_sent) -> X (broadcast_code_sent))),G(BROADCAST_CODE_received -> (Character_sent U (Character_sent & X broadcast_code_sent))),False
BASIC,29,On receipt of the BROADCAST-CODE.request primitive the port shall send the broadcast code immediately after the character current has finished being sent,G((BROADCAST_CODE_received) -> ((Character_sent) -> X (broadcast_code_sent))),G(BROADCAST_CODE_received -> (Character_sent U (Character_sent & X broadcast_code_sent))),False
BASIC,29,On receipt of the BROADCAST-CODE.request primitive the port shall send the broadcast code immediately after the character current has finished being sent,G((BROADCAST_CODE_received) -> ((Character_sent) -> X (broadcast_code_sent))),G (BROADCAST_CODE_received -> X (Character_sent U broadcast_code_sent)),False
BASIC,29,On receipt of the BROADCAST-CODE.request primitive the port shall send the broadcast code immediately after the character current has finished being sent,G((BROADCAST_CODE_received) -> ((Character_sent) -> X (broadcast_code_sent))),G (BROADCAST_CODE_received -> X (Character_sent U broadcast_code_sent)),False
BASIC,29,On receipt of the BROADCAST-CODE.request primitive the port shall send the broadcast code immediately after the character current has finished being sent,G((BROADCAST_CODE_received) -> ((Character_sent) -> X (broadcast_code_sent))),G (BROADCAST_CODE_received -> (Character_sent U (Character_sent & X broadcast_code_sent))),False
BASIC,29,On receipt of the BROADCAST-CODE.request primitive the port shall send the broadcast code immediately after the character current has finished being sent,G((BROADCAST_CODE_received) -> ((Character_sent) -> X (broadcast_code_sent))),G(BROADCAST_CODE_received -> (Character_sent U (Character_sent & X broadcast_code_sent))),False
BASIC,29,On receipt of the BROADCAST-CODE.request primitive the port shall send the broadcast code immediately after the character current has finished being sent,G((BROADCAST_CODE_received) -> ((Character_sent) -> X (broadcast_code_sent))),G(BROADCAST_CODE_received -> (Character_sent U (Character_sent & X broadcast_code_sent))),False
BASIC,29,On receipt of the BROADCAST-CODE.request primitive the port shall send the broadcast code immediately after the character current has finished being sent,G((BROADCAST_CODE_received) -> ((Character_sent) -> X (broadcast_code_sent))),G (BROADCAST_CODE_received -> X (Character_sent U broadcast_code_sent)),False
BASIC,29,On receipt of the BROADCAST-CODE.request primitive the port shall send the broadcast code immediately after the character current has finished being sent,G((BROADCAST_CODE_received) -> ((Character_sent) -> X (broadcast_code_sent))),G (BROADCAST_CODE_received -> (Character_sent U broadcast_code_sent)),False
BASIC,29,On receipt of the BROADCAST-CODE.request primitive the port shall send the broadcast code immediately after the character current has finished being sent,G((BROADCAST_CODE_received) -> ((Character_sent) -> X (broadcast_code_sent))),G (BROADCAST_CODE_received -> (Character_sent U (Character_sent & X broadcast_code_sent))),False
BASIC,29,On receipt of the BROADCAST-CODE.request primitive the port shall send the broadcast code immediately after the character current has finished being sent,G((BROADCAST_CODE_received) -> ((Character_sent) -> X (broadcast_code_sent))),G(BROADCAST_CODE_received -> (Character_sent U (Character_sent & X broadcast_code_sent))),False
BASIC,29,On receipt of the BROADCAST-CODE.request primitive the port shall send the broadcast code immediately after the character current has finished being sent,G((BROADCAST_CODE_received) -> ((Character_sent) -> X (broadcast_code_sent))),G(BROADCAST_CODE_received -> (Character_sent U (Character_sent & X broadcast_code_sent))),False
BASIC,29,On receipt of the BROADCAST-CODE.request primitive the port shall send the broadcast code immediately after the character current has finished being sent,G((BROADCAST_CODE_received) -> ((Character_sent) -> X (broadcast_code_sent))),G (BROADCAST_CODE_received -> (Character_sent U broadcast_code_sent)),False
BASIC,29,On receipt of the BROADCAST-CODE.request primitive the port shall send the broadcast code immediately after the character current has finished being sent,G((BROADCAST_CODE_received) -> ((Character_sent) -> X (broadcast_code_sent))),G(BROADCAST_CODE_received -> (Character_sent U (Character_sent & X broadcast_code_sent))),False
BASIC,29,On receipt of the BROADCAST-CODE.request primitive the port shall send the broadcast code immediately after the character current has finished being sent,G((BROADCAST_CODE_received) -> ((Character_sent) -> X (broadcast_code_sent))),G(BROADCAST_CODE_received -> (Character_sent U (Character_sent & X broadcast_code_sent))),False
BASIC,29,On receipt of the BROADCAST-CODE.request primitive the port shall send the broadcast code immediately after the character current has finished being sent,G((BROADCAST_CODE_received) -> ((Character_sent) -> X (broadcast_code_sent))),G (BROADCAST_CODE_received -> (Character_sent U (Character_sent & X broadcast_code_sent))),False
BASIC,29,On receipt of the BROADCAST-CODE.request primitive the port shall send the broadcast code immediately after the character current has finished being sent,G((BROADCAST_CODE_received) -> ((Character_sent) -> X (broadcast_code_sent))),G(BROADCAST_CODE_received -> (Character_sent U (Character_sent & X broadcast_code_sent))),False
BASIC,29,On receipt of the BROADCAST-CODE.request primitive the port shall send the broadcast code immediately after the character current has finished being sent,G((BROADCAST_CODE_received) -> ((Character_sent) -> X (broadcast_code_sent))),G(BROADCAST_CODE_received -> (Character_sent U (Character_sent & X broadcast_code_sent))),False
BASIC,29,On receipt of the BROADCAST-CODE.request primitive the port shall send the broadcast code immediately after the character current has finished being sent,G((BROADCAST_CODE_received) -> ((Character_sent) -> X (broadcast_code_sent))),G(BROADCAST_CODE_received -> (Character_sent U (Character_sent & X broadcast_code_sent))),False
BASIC,29,On receipt of the BROADCAST-CODE.request primitive the port shall send the broadcast code immediately after the character current has finished being sent,G((BROADCAST_CODE_received) -> ((Character_sent) -> X (broadcast_code_sent))),G(BROADCAST_CODE_received -> (Character_sent U (Character_sent & X broadcast_code_sent))),False
BASIC,29,On receipt of the BROADCAST-CODE.request primitive the port shall send the broadcast code immediately after the character current has finished being sent,G((BROADCAST_CODE_received) -> ((Character_sent) -> X (broadcast_code_sent))),G(BROADCAST_CODE_received -> (Character_sent U (Character_sent & X broadcast_code_sent))),False
BASIC,29,On receipt of the BROADCAST-CODE.request primitive the port shall send the broadcast code immediately after the character current has finished being sent,G((BROADCAST_CODE_received) -> ((Character_sent) -> X (broadcast_code_sent))),G (BROADCAST_CODE_received -> X (Character_sent U broadcast_code_sent)),False
BASIC,29,On receipt of the BROADCAST-CODE.request primitive the port shall send the broadcast code immediately after the character current has finished being sent,G((BROADCAST_CODE_received) -> ((Character_sent) -> X (broadcast_code_sent))),G (BROADCAST_CODE_received -> (Character_sent U (Character_sent & X broadcast_code_sent))),False
BASIC,29,On receipt of the BROADCAST-CODE.request primitive the port shall send the broadcast code immediately after the character current has finished being sent,G((BROADCAST_CODE_received) -> ((Character_sent) -> X (broadcast_code_sent))),G(BROADCAST_CODE_received -> (Character_sent U (Character_sent & X broadcast_code_sent))),False
BASIC,29,On receipt of the BROADCAST-CODE.request primitive the port shall send the broadcast code immediately after the character current has finished being sent,G((BROADCAST_CODE_received) -> ((Character_sent) -> X (broadcast_code_sent))),G (BROADCAST_CODE_received -> (Character_sent U (Character_sent & X broadcast_code_sent))),False
BASIC,29,On receipt of the BROADCAST-CODE.request primitive the port shall send the broadcast code immediately after the character current has finished being sent,G((BROADCAST_CODE_received) -> ((Character_sent) -> X (broadcast_code_sent))),G (BROADCAST_CODE_received -> (Character_sent U broadcast_code_sent)),False
BASIC,29,On receipt of the BROADCAST-CODE.request primitive the port shall send the broadcast code immediately after the character current has finished being sent,G((BROADCAST_CODE_received) -> ((Character_sent) -> X (broadcast_code_sent))),G (BROADCAST_CODE_received -> (Character_sent U (Character_sent & X broadcast_code_sent))),False
BASIC,29,On receipt of the BROADCAST-CODE.request primitive the port shall send the broadcast code immediately after the character current has finished being sent,G((BROADCAST_CODE_received) -> ((Character_sent) -> X (broadcast_code_sent))),G (BROADCAST_CODE_received -> X (Character_sent U broadcast_code_sent)),False
BASIC,29,On receipt of the BROADCAST-CODE.request primitive the port shall send the broadcast code immediately after the character current has finished being sent,G((BROADCAST_CODE_received) -> ((Character_sent) -> X (broadcast_code_sent))),G(BROADCAST_CODE_received -> (Character_sent U (Character_sent & X broadcast_code_sent))),False
BASIC,29,On receipt of the BROADCAST-CODE.request primitive the port shall send the broadcast code immediately after the character current has finished being sent,G((BROADCAST_CODE_received) -> ((Character_sent) -> X (broadcast_code_sent))),G(BROADCAST_CODE_received -> (Character_sent U (Character_sent & X broadcast_code_sent))),False
BASIC,29,On receipt of the BROADCAST-CODE.request primitive the port shall send the broadcast code immediately after the character current has finished being sent,G((BROADCAST_CODE_received) -> ((Character_sent) -> X (broadcast_code_sent))),G (BROADCAST_CODE_received -> (Character_sent U broadcast_code_sent)),False
BASIC,29,On receipt of the BROADCAST-CODE.request primitive the port shall send the broadcast code immediately after the character current has finished being sent,G((BROADCAST_CODE_received) -> ((Character_sent) -> X (broadcast_code_sent))),G (BROADCAST_CODE_received -> (Character_sent U broadcast_code_sent)),False
BASIC,29,On receipt of the BROADCAST-CODE.request primitive the port shall send the broadcast code immediately after the character current has finished being sent,G((BROADCAST_CODE_received) -> ((Character_sent) -> X (broadcast_code_sent))),G(BROADCAST_CODE_received -> (Character_sent U (Character_sent & X broadcast_code_sent))),False
BASIC,29,On receipt of the BROADCAST-CODE.request primitive the port shall send the broadcast code immediately after the character current has finished being sent,G((BROADCAST_CODE_received) -> ((Character_sent) -> X (broadcast_code_sent))),G(BROADCAST_CODE_received -> (Character_sent U (Character_sent & X broadcast_code_sent))),False
BASIC,29,On receipt of the BROADCAST-CODE.request primitive the port shall send the broadcast code immediately after the character current has finished being sent,G((BROADCAST_CODE_received) -> ((Character_sent) -> X (broadcast_code_sent))),G (BROADCAST_CODE_received -> (Character_sent U broadcast_code_sent)),False
BASIC,29,On receipt of the BROADCAST-CODE.request primitive the port shall send the broadcast code immediately after the character current has finished being sent,G((BROADCAST_CODE_received) -> ((Character_sent) -> X (broadcast_code_sent))),G(BROADCAST_CODE_received -> (Character_sent U (Character_sent & X broadcast_code_sent))),False
BASIC,29,On receipt of the BROADCAST-CODE.request primitive the port shall send the broadcast code immediately after the character current has finished being sent,G((BROADCAST_CODE_received) -> ((Character_sent) -> X (broadcast_code_sent))),G(BROADCAST_CODE_received -> (Character_sent U (Character_sent & X broadcast_code_sent))),False
BASIC,29,On receipt of the BROADCAST-CODE.request primitive the port shall send the broadcast code immediately after the character current has finished being sent,G((BROADCAST_CODE_received) -> ((Character_sent) -> X (broadcast_code_sent))),G (BROADCAST_CODE_received -> X (Character_sent U broadcast_code_sent)),False
BASIC,29,On receipt of the BROADCAST-CODE.request primitive the port shall send the broadcast code immediately after the character current has finished being sent,G((BROADCAST_CODE_received) -> ((Character_sent) -> X (broadcast_code_sent))),G (BROADCAST_CODE_received -> (Character_sent U broadcast_code_sent)),False
BASIC,29,On receipt of the BROADCAST-CODE.request primitive the port shall send the broadcast code immediately after the character current has finished being sent,G((BROADCAST_CODE_received) -> ((Character_sent) -> X (broadcast_code_sent))),G(BROADCAST_CODE_received -> (Character_sent U (Character_sent & X broadcast_code_sent))),False
BASIC,29,On receipt of the BROADCAST-CODE.request primitive the port shall send the broadcast code immediately after the character current has finished being sent,G((BROADCAST_CODE_received) -> ((Character_sent) -> X (broadcast_code_sent))),G(BROADCAST_CODE_received -> (Character_sent U (Character_sent & X broadcast_code_sent))),False
BASIC,29,On receipt of the BROADCAST-CODE.request primitive the port shall send the broadcast code immediately after the character current has finished being sent,G((BROADCAST_CODE_received) -> ((Character_sent) -> X (broadcast_code_sent))),G (BROADCAST_CODE_received -> X (Character_sent U broadcast_code_sent)),False
BASIC,29,On receipt of the BROADCAST-CODE.request primitive the port shall send the broadcast code immediately after the character current has finished being sent,G((BROADCAST_CODE_received) -> ((Character_sent) -> X (broadcast_code_sent))),G (BROADCAST_CODE_received -> (Character_sent U (Character_sent & X broadcast_code_sent))),False
BASIC,29,On receipt of the BROADCAST-CODE.request primitive the port shall send the broadcast code immediately after the character current has finished being sent,G((BROADCAST_CODE_received) -> ((Character_sent) -> X (broadcast_code_sent))),G(BROADCAST_CODE_received -> (Character_sent U (Character_sent & X broadcast_code_sent))),False
BASIC,29,On receipt of the BROADCAST-CODE.request primitive the port shall send the broadcast code immediately after the character current has finished being sent,G((BROADCAST_CODE_received) -> ((Character_sent) -> X (broadcast_code_sent))),G (BROADCAST_CODE_received -> (Character_sent U broadcast_code_sent)),False
BASIC,29,On receipt of the BROADCAST-CODE.request primitive the port shall send the broadcast code immediately after the character current has finished being sent,G((BROADCAST_CODE_received) -> ((Character_sent) -> X (broadcast_code_sent))),G (BROADCAST_CODE_received -> X (Character_sent U broadcast_code_sent)),False
BASIC,29,On receipt of the BROADCAST-CODE.request primitive the port shall send the broadcast code immediately after the character current has finished being sent,G((BROADCAST_CODE_received) -> ((Character_sent) -> X (broadcast_code_sent))),G (BROADCAST_CODE_received -> (Character_sent U (Character_sent & X broadcast_code_sent))),False
BASIC,29,On receipt of the BROADCAST-CODE.request primitive the port shall send the broadcast code immediately after the character current has finished being sent,G((BROADCAST_CODE_received) -> ((Character_sent) -> X (broadcast_code_sent))),G (BROADCAST_CODE_received -> X (Character_sent U broadcast_code_sent)),False
BASIC,29,On receipt of the BROADCAST-CODE.request primitive the port shall send the broadcast code immediately after the character current has finished being sent,G((BROADCAST_CODE_received) -> ((Character_sent) -> X (broadcast_code_sent))),G (BROADCAST_CODE_received -> X (Character_sent U broadcast_code_sent)),False
BASIC,29,On receipt of the BROADCAST-CODE.request primitive the port shall send the broadcast code immediately after the character current has finished being sent,G((BROADCAST_CODE_received) -> ((Character_sent) -> X (broadcast_code_sent))),G (BROADCAST_CODE_received -> X (Character_sent U broadcast_code_sent)),False
BASIC,29,On receipt of the BROADCAST-CODE.request primitive the port shall send the broadcast code immediately after the character current has finished being sent,G((BROADCAST_CODE_received) -> ((Character_sent) -> X (broadcast_code_sent))),G(BROADCAST_CODE_received -> (Character_sent U (Character_sent & X broadcast_code_sent))),False
BASIC,29,On receipt of the BROADCAST-CODE.request primitive the port shall send the broadcast code immediately after the character current has finished being sent,G((BROADCAST_CODE_received) -> ((Character_sent) -> X (broadcast_code_sent))),G(BROADCAST_CODE_received -> (Character_sent U (Character_sent & X broadcast_code_sent))),False
BASIC,29,On receipt of the BROADCAST-CODE.request primitive the port shall send the broadcast code immediately after the character current has finished being sent,G((BROADCAST_CODE_received) -> ((Character_sent) -> X (broadcast_code_sent))),G (BROADCAST_CODE_received -> (Character_sent U broadcast_code_sent)),False
BASIC,29,On receipt of the BROADCAST-CODE.request primitive the port shall send the broadcast code immediately after the character current has finished being sent,G((BROADCAST_CODE_received) -> ((Character_sent) -> X (broadcast_code_sent))),G(BROADCAST_CODE_received -> (Character_sent U (Character_sent & X broadcast_code_sent))),False
BASIC,29,On receipt of the BROADCAST-CODE.request primitive the port shall send the broadcast code immediately after the character current has finished being sent,G((BROADCAST_CODE_received) -> ((Character_sent) -> X (broadcast_code_sent))),G(BROADCAST_CODE_received -> (Character_sent U (Character_sent & X broadcast_code_sent))),False
BASIC,29,On receipt of the BROADCAST-CODE.request primitive the port shall send the broadcast code immediately after the character current has finished being sent,G((BROADCAST_CODE_received) -> ((Character_sent) -> X (broadcast_code_sent))),G(BROADCAST_CODE_received -> (Character_sent U (Character_sent & X broadcast_code_sent))),False
BASIC,29,On receipt of the BROADCAST-CODE.request primitive the port shall send the broadcast code immediately after the character current has finished being sent,G((BROADCAST_CODE_received) -> ((Character_sent) -> X (broadcast_code_sent))),G (BROADCAST_CODE_received -> X (Character_sent U broadcast_code_sent)),False
BASIC,29,On receipt of the BROADCAST-CODE.request primitive the port shall send the broadcast code immediately after the character current has finished being sent,G((BROADCAST_CODE_received) -> ((Character_sent) -> X (broadcast_code_sent))),G(BROADCAST_CODE_received -> (Character_sent U (Character_sent & X broadcast_code_sent))),False
BASIC,29,On receipt of the BROADCAST-CODE.request primitive the port shall send the broadcast code immediately after the character current has finished being sent,G((BROADCAST_CODE_received) -> ((Character_sent) -> X (broadcast_code_sent))),G(BROADCAST_CODE_received -> (Character_sent U (Character_sent & X broadcast_code_sent))),False
BASIC,29,On receipt of the BROADCAST-CODE.request primitive the port shall send the broadcast code immediately after the character current has finished being sent,G((BROADCAST_CODE_received) -> ((Character_sent) -> X (broadcast_code_sent))),G (BROADCAST_CODE_received -> (Character_sent U (Character_sent & X broadcast_code_sent))),False
BASIC,29,On receipt of the BROADCAST-CODE.request primitive the port shall send the broadcast code immediately after the character current has finished being sent,G((BROADCAST_CODE_received) -> ((Character_sent) -> X (broadcast_code_sent))),G (BROADCAST_CODE_received -> (Character_sent U (Character_sent & X broadcast_code_sent))),False
BASIC,29,On receipt of the BROADCAST-CODE.request primitive the port shall send the broadcast code immediately after the character current has finished being sent,G((BROADCAST_CODE_received) -> ((Character_sent) -> X (broadcast_code_sent))),G(BROADCAST_CODE_received -> (Character_sent U (Character_sent & X broadcast_code_sent))),False
BASIC,29,On receipt of the BROADCAST-CODE.request primitive the port shall send the broadcast code immediately after the character current has finished being sent,G((BROADCAST_CODE_received) -> ((Character_sent) -> X (broadcast_code_sent))),G(BROADCAST_CODE_received -> (Character_sent U (Character_sent & X broadcast_code_sent))),False
BASIC,29,On receipt of the BROADCAST-CODE.request primitive the port shall send the broadcast code immediately after the character current has finished being sent,G((BROADCAST_CODE_received) -> ((Character_sent) -> X (broadcast_code_sent))),G (BROADCAST_CODE_received -> (Character_sent U (Character_sent & X broadcast_code_sent))),False
BASIC,29,On receipt of the BROADCAST-CODE.request primitive the port shall send the broadcast code immediately after the character current has finished being sent,G((BROADCAST_CODE_received) -> ((Character_sent) -> X (broadcast_code_sent))),G(BROADCAST_CODE_received -> (Character_sent U (Character_sent & X broadcast_code_sent))),False
BASIC,29,On receipt of the BROADCAST-CODE.request primitive the port shall send the broadcast code immediately after the character current has finished being sent,G((BROADCAST_CODE_received) -> ((Character_sent) -> X (broadcast_code_sent))),G (BROADCAST_CODE_received -> X (Character_sent U broadcast_code_sent)),False
BASIC,29,On receipt of the BROADCAST-CODE.request primitive the port shall send the broadcast code immediately after the character current has finished being sent,G((BROADCAST_CODE_received) -> ((Character_sent) -> X (broadcast_code_sent))),G(BROADCAST_CODE_received -> (Character_sent U (Character_sent & X broadcast_code_sent))),False
BASIC,29,On receipt of the BROADCAST-CODE.request primitive the port shall send the broadcast code immediately after the character current has finished being sent,G((BROADCAST_CODE_received) -> ((Character_sent) -> X (broadcast_code_sent))),G (BROADCAST_CODE_received -> (Character_sent U (Character_sent & X broadcast_code_sent))),False
BASIC,29,On receipt of the BROADCAST-CODE.request primitive the port shall send the broadcast code immediately after the character current has finished being sent,G((BROADCAST_CODE_received) -> ((Character_sent) -> X (broadcast_code_sent))),G(BROADCAST_CODE_received -> (Character_sent U (Character_sent & X broadcast_code_sent))),False
BASIC,29,On receipt of the BROADCAST-CODE.request primitive the port shall send the broadcast code immediately after the character current has finished being sent,G((BROADCAST_CODE_received) -> ((Character_sent) -> X (broadcast_code_sent))),G(BROADCAST_CODE_received -> (Character_sent U (Character_sent & X broadcast_code_sent))),False
BASIC,29,On receipt of the BROADCAST-CODE.request primitive the port shall send the broadcast code immediately after the character current has finished being sent,G((BROADCAST_CODE_received) -> ((Character_sent) -> X (broadcast_code_sent))),G (BROADCAST_CODE_received -> (Character_sent U broadcast_code_sent)),False
BASIC,32,The function of the gotNull.indication primitive shall be to indicate to the data link layer that the first Null has been received after the receiver has been enabled,G(((receiver_enabled) -> F(Null_received)) -> (gotNull_indicated)),G (receiver_enabled -> (F (Null_received & X gotNull_indicated))),False
BASIC,32,The function of the gotNull.indication primitive shall be to indicate to the data link layer that the first Null has been received after the receiver has been enabled,G(((receiver_enabled) -> F(Null_received)) -> (gotNull_indicated)),G (receiver_enabled -> (F (Null_received & X gotNull_indicated))),False
BASIC,32,The function of the gotNull.indication primitive shall be to indicate to the data link layer that the first Null has been received after the receiver has been enabled,G(((receiver_enabled) -> F(Null_received)) -> (gotNull_indicated)),G (receiver_enabled -> (F (Null_received & !gotNull_indicated) -> X (gotNull_indicated & !Null_received))),False
BASIC,32,The function of the gotNull.indication primitive shall be to indicate to the data link layer that the first Null has been received after the receiver has been enabled,G(((receiver_enabled) -> F(Null_received)) -> (gotNull_indicated)),G (receiver_enabled -> (F (Null_received & !gotNull_indicated) -> X (gotNull_indicated & !Null_received))),False
BASIC,32,The function of the gotNull.indication primitive shall be to indicate to the data link layer that the first Null has been received after the receiver has been enabled,G(((receiver_enabled) -> F(Null_received)) -> (gotNull_indicated)),G (receiver_enabled -> (G !Null_received U (Null_received & X gotNull_indicated))),False
BASIC,32,The function of the gotNull.indication primitive shall be to indicate to the data link layer that the first Null has been received after the receiver has been enabled,G(((receiver_enabled) -> F(Null_received)) -> (gotNull_indicated)),G (receiver_enabled -> (F (Null_received & X gotNull_indicated))),False
BASIC,32,The function of the gotNull.indication primitive shall be to indicate to the data link layer that the first Null has been received after the receiver has been enabled,G(((receiver_enabled) -> F(Null_received)) -> (gotNull_indicated)),G (receiver_enabled -> (F (Null_received & X gotNull_indicated))),False
BASIC,32,The function of the gotNull.indication primitive shall be to indicate to the data link layer that the first Null has been received after the receiver has been enabled,G(((receiver_enabled) -> F(Null_received)) -> (gotNull_indicated)),G (receiver_enabled -> (F (Null_received & X gotNull_indicated))),False
BASIC,32,The function of the gotNull.indication primitive shall be to indicate to the data link layer that the first Null has been received after the receiver has been enabled,G(((receiver_enabled) -> F(Null_received)) -> (gotNull_indicated)),G (receiver_enabled -> (F (Null_received & X gotNull_indicated))),False
BASIC,32,The function of the gotNull.indication primitive shall be to indicate to the data link layer that the first Null has been received after the receiver has been enabled,G(((receiver_enabled) -> F(Null_received)) -> (gotNull_indicated)),G (receiver_enabled -> (F (Null_received & !gotNull_indicated) -> X (gotNull_indicated & !Null_received))),False
BASIC,32,The function of the gotNull.indication primitive shall be to indicate to the data link layer that the first Null has been received after the receiver has been enabled,G(((receiver_enabled) -> F(Null_received)) -> (gotNull_indicated)),G (receiver_enabled -> (F (Null_received & !gotNull_indicated) -> X (gotNull_indicated & !Null_received))),False
BASIC,32,The function of the gotNull.indication primitive shall be to indicate to the data link layer that the first Null has been received after the receiver has been enabled,G(((receiver_enabled) -> F(Null_received)) -> (gotNull_indicated)),G (receiver_enabled -> (F (Null_received & X gotNull_indicated))),False
BASIC,32,The function of the gotNull.indication primitive shall be to indicate to the data link layer that the first Null has been received after the receiver has been enabled,G(((receiver_enabled) -> F(Null_received)) -> (gotNull_indicated)),G (receiver_enabled -> (F (Null_received & X gotNull_indicated))),False
BASIC,32,The function of the gotNull.indication primitive shall be to indicate to the data link layer that the first Null has been received after the receiver has been enabled,G(((receiver_enabled) -> F(Null_received)) -> (gotNull_indicated)),G (receiver_enabled -> (F (Null_received & X gotNull_indicated))),False
BASIC,32,The function of the gotNull.indication primitive shall be to indicate to the data link layer that the first Null has been received after the receiver has been enabled,G(((receiver_enabled) -> F(Null_received)) -> (gotNull_indicated)),G (receiver_enabled -> (F (Null_received & X gotNull_indicated))),False
BASIC,32,The function of the gotNull.indication primitive shall be to indicate to the data link layer that the first Null has been received after the receiver has been enabled,G(((receiver_enabled) -> F(Null_received)) -> (gotNull_indicated)),G (receiver_enabled -> (F (Null_received & X gotNull_indicated))),False
BASIC,32,The function of the gotNull.indication primitive shall be to indicate to the data link layer that the first Null has been received after the receiver has been enabled,G(((receiver_enabled) -> F(Null_received)) -> (gotNull_indicated)),G (receiver_enabled -> (F (Null_received & !gotNull_indicated) -> X (gotNull_indicated & !Null_received))),False
BASIC,32,The function of the gotNull.indication primitive shall be to indicate to the data link layer that the first Null has been received after the receiver has been enabled,G(((receiver_enabled) -> F(Null_received)) -> (gotNull_indicated)),G (receiver_enabled -> (F (Null_received & !gotNull_indicated) -> X (gotNull_indicated & !Null_received))),False
BASIC,32,The function of the gotNull.indication primitive shall be to indicate to the data link layer that the first Null has been received after the receiver has been enabled,G(((receiver_enabled) -> F(Null_received)) -> (gotNull_indicated)),G (receiver_enabled -> (F (Null_received & X gotNull_indicated))),False
BASIC,32,The function of the gotNull.indication primitive shall be to indicate to the data link layer that the first Null has been received after the receiver has been enabled,G(((receiver_enabled) -> F(Null_received)) -> (gotNull_indicated)),G (receiver_enabled -> (F (Null_received & !gotNull_indicated) -> X (gotNull_indicated & !Null_received))),False
BASIC,32,The function of the gotNull.indication primitive shall be to indicate to the data link layer that the first Null has been received after the receiver has been enabled,G(((receiver_enabled) -> F(Null_received)) -> (gotNull_indicated)),G (receiver_enabled -> (F (Null_received & X gotNull_indicated))),False
BASIC,32,The function of the gotNull.indication primitive shall be to indicate to the data link layer that the first Null has been received after the receiver has been enabled,G(((receiver_enabled) -> F(Null_received)) -> (gotNull_indicated)),G (receiver_enabled -> (F (Null_received & X gotNull_indicated))),False
BASIC,32,The function of the gotNull.indication primitive shall be to indicate to the data link layer that the first Null has been received after the receiver has been enabled,G(((receiver_enabled) -> F(Null_received)) -> (gotNull_indicated)),G (receiver_enabled -> (F (Null_received & !gotNull_indicated) -> X (gotNull_indicated & !Null_received))),False
BASIC,32,The function of the gotNull.indication primitive shall be to indicate to the data link layer that the first Null has been received after the receiver has been enabled,G(((receiver_enabled) -> F(Null_received)) -> (gotNull_indicated)),G (receiver_enabled -> (F (Null_received & X gotNull_indicated))),False
BASIC,32,The function of the gotNull.indication primitive shall be to indicate to the data link layer that the first Null has been received after the receiver has been enabled,G(((receiver_enabled) -> F(Null_received)) -> (gotNull_indicated)),G (receiver_enabled -> (F (Null_received & !gotNull_indicated) -> X (gotNull_indicated & !Null_received))),False
BASIC,32,The function of the gotNull.indication primitive shall be to indicate to the data link layer that the first Null has been received after the receiver has been enabled,G(((receiver_enabled) -> F(Null_received)) -> (gotNull_indicated)),G (receiver_enabled -> (F (Null_received & X gotNull_indicated))),False
BASIC,32,The function of the gotNull.indication primitive shall be to indicate to the data link layer that the first Null has been received after the receiver has been enabled,G(((receiver_enabled) -> F(Null_received)) -> (gotNull_indicated)),G (receiver_enabled -> (F (Null_received & X gotNull_indicated))),False
BASIC,32,The function of the gotNull.indication primitive shall be to indicate to the data link layer that the first Null has been received after the receiver has been enabled,G(((receiver_enabled) -> F(Null_received)) -> (gotNull_indicated)),G (receiver_enabled -> (F (Null_received & X gotNull_indicated))),False
BASIC,32,The function of the gotNull.indication primitive shall be to indicate to the data link layer that the first Null has been received after the receiver has been enabled,G(((receiver_enabled) -> F(Null_received)) -> (gotNull_indicated)),G (receiver_enabled -> (F (Null_received & !gotNull_indicated) -> X (gotNull_indicated & !Null_received))),False
BASIC,32,The function of the gotNull.indication primitive shall be to indicate to the data link layer that the first Null has been received after the receiver has been enabled,G(((receiver_enabled) -> F(Null_received)) -> (gotNull_indicated)),G (receiver_enabled -> (F (Null_received & !gotNull_indicated) -> X (gotNull_indicated & !Null_received))),False
BASIC,32,The function of the gotNull.indication primitive shall be to indicate to the data link layer that the first Null has been received after the receiver has been enabled,G(((receiver_enabled) -> F(Null_received)) -> (gotNull_indicated)),G (receiver_enabled -> (F (Null_received & X gotNull_indicated))),False
BASIC,32,The function of the gotNull.indication primitive shall be to indicate to the data link layer that the first Null has been received after the receiver has been enabled,G(((receiver_enabled) -> F(Null_received)) -> (gotNull_indicated)),G (receiver_enabled -> (F (Null_received & !gotNull_indicated) -> X (gotNull_indicated & !Null_received))),False
BASIC,32,The function of the gotNull.indication primitive shall be to indicate to the data link layer that the first Null has been received after the receiver has been enabled,G(((receiver_enabled) -> F(Null_received)) -> (gotNull_indicated)),G (receiver_enabled -> (F (Null_received & !gotNull_indicated) -> X (gotNull_indicated & !Null_received))),False
BASIC,32,The function of the gotNull.indication primitive shall be to indicate to the data link layer that the first Null has been received after the receiver has been enabled,G(((receiver_enabled) -> F(Null_received)) -> (gotNull_indicated)),G (receiver_enabled -> (F (Null_received & X gotNull_indicated))),False
BASIC,32,The function of the gotNull.indication primitive shall be to indicate to the data link layer that the first Null has been received after the receiver has been enabled,G(((receiver_enabled) -> F(Null_received)) -> (gotNull_indicated)),G (receiver_enabled -> (F (Null_received & !gotNull_indicated) -> X (gotNull_indicated & !Null_received))),False
BASIC,32,The function of the gotNull.indication primitive shall be to indicate to the data link layer that the first Null has been received after the receiver has been enabled,G(((receiver_enabled) -> F(Null_received)) -> (gotNull_indicated)),G (receiver_enabled -> (F (Null_received & X gotNull_indicated))),False
BASIC,32,The function of the gotNull.indication primitive shall be to indicate to the data link layer that the first Null has been received after the receiver has been enabled,G(((receiver_enabled) -> F(Null_received)) -> (gotNull_indicated)),G (receiver_enabled -> (F (Null_received & X gotNull_indicated))),False
BASIC,32,The function of the gotNull.indication primitive shall be to indicate to the data link layer that the first Null has been received after the receiver has been enabled,G(((receiver_enabled) -> F(Null_received)) -> (gotNull_indicated)),G (receiver_enabled -> (F (Null_received & X gotNull_indicated))),False
BASIC,32,The function of the gotNull.indication primitive shall be to indicate to the data link layer that the first Null has been received after the receiver has been enabled,G(((receiver_enabled) -> F(Null_received)) -> (gotNull_indicated)),G (receiver_enabled -> (F (Null_received & X gotNull_indicated))),False
BASIC,32,The function of the gotNull.indication primitive shall be to indicate to the data link layer that the first Null has been received after the receiver has been enabled,G(((receiver_enabled) -> F(Null_received)) -> (gotNull_indicated)),G (receiver_enabled -> (F (Null_received & !gotNull_indicated) -> X (gotNull_indicated & !Null_received))),False
BASIC,32,The function of the gotNull.indication primitive shall be to indicate to the data link layer that the first Null has been received after the receiver has been enabled,G(((receiver_enabled) -> F(Null_received)) -> (gotNull_indicated)),G (receiver_enabled -> (F (Null_received & X gotNull_indicated))),False
BASIC,32,The function of the gotNull.indication primitive shall be to indicate to the data link layer that the first Null has been received after the receiver has been enabled,G(((receiver_enabled) -> F(Null_received)) -> (gotNull_indicated)),G (receiver_enabled -> (F (Null_received & !gotNull_indicated) -> X (gotNull_indicated & !Null_received))),False
BASIC,32,The function of the gotNull.indication primitive shall be to indicate to the data link layer that the first Null has been received after the receiver has been enabled,G(((receiver_enabled) -> F(Null_received)) -> (gotNull_indicated)),G (receiver_enabled -> (F (Null_received & X gotNull_indicated))),False
BASIC,32,The function of the gotNull.indication primitive shall be to indicate to the data link layer that the first Null has been received after the receiver has been enabled,G(((receiver_enabled) -> F(Null_received)) -> (gotNull_indicated)),G (receiver_enabled -> (G (!Null_received) U (Null_received & X gotNull_indicated))),False
BASIC,32,The function of the gotNull.indication primitive shall be to indicate to the data link layer that the first Null has been received after the receiver has been enabled,G(((receiver_enabled) -> F(Null_received)) -> (gotNull_indicated)),G (receiver_enabled -> (F (Null_received & !gotNull_indicated) -> X (gotNull_indicated & !Null_received))),False
BASIC,32,The function of the gotNull.indication primitive shall be to indicate to the data link layer that the first Null has been received after the receiver has been enabled,G(((receiver_enabled) -> F(Null_received)) -> (gotNull_indicated)),G (receiver_enabled -> (F (Null_received & X gotNull_indicated))),False
BASIC,32,The function of the gotNull.indication primitive shall be to indicate to the data link layer that the first Null has been received after the receiver has been enabled,G(((receiver_enabled) -> F(Null_received)) -> (gotNull_indicated)),G (receiver_enabled -> (F (Null_received & !gotNull_indicated) -> X (gotNull_indicated & !Null_received))),False
BASIC,32,The function of the gotNull.indication primitive shall be to indicate to the data link layer that the first Null has been received after the receiver has been enabled,G(((receiver_enabled) -> F(Null_received)) -> (gotNull_indicated)),G (receiver_enabled -> (F (Null_received & !gotNull_indicated) -> X (gotNull_indicated & !Null_received))),False
BASIC,32,The function of the gotNull.indication primitive shall be to indicate to the data link layer that the first Null has been received after the receiver has been enabled,G(((receiver_enabled) -> F(Null_received)) -> (gotNull_indicated)),G (receiver_enabled -> (F (Null_received & X gotNull_indicated))),False
BASIC,32,The function of the gotNull.indication primitive shall be to indicate to the data link layer that the first Null has been received after the receiver has been enabled,G(((receiver_enabled) -> F(Null_received)) -> (gotNull_indicated)),G (receiver_enabled -> (F (Null_received & X gotNull_indicated))),False
BASIC,32,The function of the gotNull.indication primitive shall be to indicate to the data link layer that the first Null has been received after the receiver has been enabled,G(((receiver_enabled) -> F(Null_received)) -> (gotNull_indicated)),G (receiver_enabled -> (F (Null_received & !gotNull_indicated) -> X (gotNull_indicated & !Null_received))),False
BASIC,32,The function of the gotNull.indication primitive shall be to indicate to the data link layer that the first Null has been received after the receiver has been enabled,G(((receiver_enabled) -> F(Null_received)) -> (gotNull_indicated)),G (receiver_enabled -> (F (Null_received & X gotNull_indicated))),False
BASIC,32,The function of the gotNull.indication primitive shall be to indicate to the data link layer that the first Null has been received after the receiver has been enabled,G(((receiver_enabled) -> F(Null_received)) -> (gotNull_indicated)),G (receiver_enabled -> (F (Null_received & !gotNull_indicated) -> X (gotNull_indicated & !Null_received))),False
BASIC,32,The function of the gotNull.indication primitive shall be to indicate to the data link layer that the first Null has been received after the receiver has been enabled,G(((receiver_enabled) -> F(Null_received)) -> (gotNull_indicated)),G (receiver_enabled -> (F (Null_received & !gotNull_indicated) -> X (gotNull_indicated & !Null_received))),False
BASIC,32,The function of the gotNull.indication primitive shall be to indicate to the data link layer that the first Null has been received after the receiver has been enabled,G(((receiver_enabled) -> F(Null_received)) -> (gotNull_indicated)),G (receiver_enabled -> (F (Null_received & X gotNull_indicated))),False
BASIC,32,The function of the gotNull.indication primitive shall be to indicate to the data link layer that the first Null has been received after the receiver has been enabled,G(((receiver_enabled) -> F(Null_received)) -> (gotNull_indicated)),G (receiver_enabled -> (F (Null_received & !gotNull_indicated) -> X (gotNull_indicated & !Null_received))),False
BASIC,32,The function of the gotNull.indication primitive shall be to indicate to the data link layer that the first Null has been received after the receiver has been enabled,G(((receiver_enabled) -> F(Null_received)) -> (gotNull_indicated)),G (receiver_enabled -> (F (Null_received & X gotNull_indicated))),False
BASIC,32,The function of the gotNull.indication primitive shall be to indicate to the data link layer that the first Null has been received after the receiver has been enabled,G(((receiver_enabled) -> F(Null_received)) -> (gotNull_indicated)),G (receiver_enabled -> (F (Null_received & X gotNull_indicated))),False
BASIC,32,The function of the gotNull.indication primitive shall be to indicate to the data link layer that the first Null has been received after the receiver has been enabled,G(((receiver_enabled) -> F(Null_received)) -> (gotNull_indicated)),G (receiver_enabled -> (F (Null_received & X gotNull_indicated))),False
BASIC,32,The function of the gotNull.indication primitive shall be to indicate to the data link layer that the first Null has been received after the receiver has been enabled,G(((receiver_enabled) -> F(Null_received)) -> (gotNull_indicated)),G (receiver_enabled -> (F (Null_received & X gotNull_indicated))),False
BASIC,32,The function of the gotNull.indication primitive shall be to indicate to the data link layer that the first Null has been received after the receiver has been enabled,G(((receiver_enabled) -> F(Null_received)) -> (gotNull_indicated)),G (receiver_enabled -> (F (Null_received & X gotNull_indicated))),False
BASIC,32,The function of the gotNull.indication primitive shall be to indicate to the data link layer that the first Null has been received after the receiver has been enabled,G(((receiver_enabled) -> F(Null_received)) -> (gotNull_indicated)),G (receiver_enabled -> (F (Null_received & X gotNull_indicated))),False
BASIC,32,The function of the gotNull.indication primitive shall be to indicate to the data link layer that the first Null has been received after the receiver has been enabled,G(((receiver_enabled) -> F(Null_received)) -> (gotNull_indicated)),G (receiver_enabled -> (F (Null_received & X gotNull_indicated))),False
BASIC,32,The function of the gotNull.indication primitive shall be to indicate to the data link layer that the first Null has been received after the receiver has been enabled,G(((receiver_enabled) -> F(Null_received)) -> (gotNull_indicated)),G (receiver_enabled -> (G (!Null_received) U (Null_received & X gotNull_indicated))),False
BASIC,32,The function of the gotNull.indication primitive shall be to indicate to the data link layer that the first Null has been received after the receiver has been enabled,G(((receiver_enabled) -> F(Null_received)) -> (gotNull_indicated)),G (receiver_enabled -> (G !Null_received U (Null_received & X gotNull_indicated))),False
BASIC,32,The function of the gotNull.indication primitive shall be to indicate to the data link layer that the first Null has been received after the receiver has been enabled,G(((receiver_enabled) -> F(Null_received)) -> (gotNull_indicated)),G (receiver_enabled -> (F (Null_received & X gotNull_indicated))),False
BASIC,32,The function of the gotNull.indication primitive shall be to indicate to the data link layer that the first Null has been received after the receiver has been enabled,G(((receiver_enabled) -> F(Null_received)) -> (gotNull_indicated)),G (receiver_enabled -> (F (Null_received & X gotNull_indicated))),False
BASIC,32,The function of the gotNull.indication primitive shall be to indicate to the data link layer that the first Null has been received after the receiver has been enabled,G(((receiver_enabled) -> F(Null_received)) -> (gotNull_indicated)),G (receiver_enabled -> (F (Null_received & X gotNull_indicated))),False
BASIC,32,The function of the gotNull.indication primitive shall be to indicate to the data link layer that the first Null has been received after the receiver has been enabled,G(((receiver_enabled) -> F(Null_received)) -> (gotNull_indicated)),G (receiver_enabled -> (F (Null_received & !gotNull_indicated) -> X (gotNull_indicated & !Null_received))),False
BASIC,32,The function of the gotNull.indication primitive shall be to indicate to the data link layer that the first Null has been received after the receiver has been enabled,G(((receiver_enabled) -> F(Null_received)) -> (gotNull_indicated)),G (receiver_enabled -> (F (Null_received & X gotNull_indicated))),False
BASIC,32,The function of the gotNull.indication primitive shall be to indicate to the data link layer that the first Null has been received after the receiver has been enabled,G(((receiver_enabled) -> F(Null_received)) -> (gotNull_indicated)),G (receiver_enabled -> (G (!Null_received) U (Null_received & X gotNull_indicated))),False
BASIC,32,The function of the gotNull.indication primitive shall be to indicate to the data link layer that the first Null has been received after the receiver has been enabled,G(((receiver_enabled) -> F(Null_received)) -> (gotNull_indicated)),G (receiver_enabled -> (F (Null_received & X gotNull_indicated))),False
BASIC,32,The function of the gotNull.indication primitive shall be to indicate to the data link layer that the first Null has been received after the receiver has been enabled,G(((receiver_enabled) -> F(Null_received)) -> (gotNull_indicated)),G (receiver_enabled -> (F (Null_received & X gotNull_indicated))),False
BASIC,32,The function of the gotNull.indication primitive shall be to indicate to the data link layer that the first Null has been received after the receiver has been enabled,G(((receiver_enabled) -> F(Null_received)) -> (gotNull_indicated)),G (receiver_enabled -> (F (Null_received & !gotNull_indicated) -> X (gotNull_indicated & !Null_received))),False
BASIC,32,The function of the gotNull.indication primitive shall be to indicate to the data link layer that the first Null has been received after the receiver has been enabled,G(((receiver_enabled) -> F(Null_received)) -> (gotNull_indicated)),G (receiver_enabled -> (F (Null_received & X gotNull_indicated))),False
BASIC,32,The function of the gotNull.indication primitive shall be to indicate to the data link layer that the first Null has been received after the receiver has been enabled,G(((receiver_enabled) -> F(Null_received)) -> (gotNull_indicated)),G (receiver_enabled -> (F (Null_received & X gotNull_indicated))),False
BASIC,32,The function of the gotNull.indication primitive shall be to indicate to the data link layer that the first Null has been received after the receiver has been enabled,G(((receiver_enabled) -> F(Null_received)) -> (gotNull_indicated)),G (receiver_enabled -> (F (Null_received & !gotNull_indicated) -> X (gotNull_indicated & !Null_received))),False
BASIC,32,The function of the gotNull.indication primitive shall be to indicate to the data link layer that the first Null has been received after the receiver has been enabled,G(((receiver_enabled) -> F(Null_received)) -> (gotNull_indicated)),G (receiver_enabled -> (F (Null_received & X gotNull_indicated))),False
BASIC,32,The function of the gotNull.indication primitive shall be to indicate to the data link layer that the first Null has been received after the receiver has been enabled,G(((receiver_enabled) -> F(Null_received)) -> (gotNull_indicated)),G (receiver_enabled -> (F (Null_received & X gotNull_indicated))),False
BASIC,32,The function of the gotNull.indication primitive shall be to indicate to the data link layer that the first Null has been received after the receiver has been enabled,G(((receiver_enabled) -> F(Null_received)) -> (gotNull_indicated)),G (receiver_enabled -> (F (Null_received & !gotNull_indicated) -> X (gotNull_indicated & !Null_received))),False
BASIC,32,The function of the gotNull.indication primitive shall be to indicate to the data link layer that the first Null has been received after the receiver has been enabled,G(((receiver_enabled) -> F(Null_received)) -> (gotNull_indicated)),G (receiver_enabled -> (F (Null_received & X gotNull_indicated))),False
BASIC,32,The function of the gotNull.indication primitive shall be to indicate to the data link layer that the first Null has been received after the receiver has been enabled,G(((receiver_enabled) -> F(Null_received)) -> (gotNull_indicated)),G (receiver_enabled -> (F (Null_received & X gotNull_indicated))),False
BASIC,32,The function of the gotNull.indication primitive shall be to indicate to the data link layer that the first Null has been received after the receiver has been enabled,G(((receiver_enabled) -> F(Null_received)) -> (gotNull_indicated)),G (receiver_enabled -> (F (Null_received & X gotNull_indicated))),False
BASIC,32,The function of the gotNull.indication primitive shall be to indicate to the data link layer that the first Null has been received after the receiver has been enabled,G(((receiver_enabled) -> F(Null_received)) -> (gotNull_indicated)),G (receiver_enabled -> (F (Null_received & X gotNull_indicated))),False
BASIC,32,The function of the gotNull.indication primitive shall be to indicate to the data link layer that the first Null has been received after the receiver has been enabled,G(((receiver_enabled) -> F(Null_received)) -> (gotNull_indicated)),G (receiver_enabled -> (F (Null_received & !gotNull_indicated) -> X (gotNull_indicated & !Null_received))),False
BASIC,32,The function of the gotNull.indication primitive shall be to indicate to the data link layer that the first Null has been received after the receiver has been enabled,G(((receiver_enabled) -> F(Null_received)) -> (gotNull_indicated)),G (receiver_enabled -> (G !Null_received U (Null_received & X gotNull_indicated))),False
BASIC,32,The function of the gotNull.indication primitive shall be to indicate to the data link layer that the first Null has been received after the receiver has been enabled,G(((receiver_enabled) -> F(Null_received)) -> (gotNull_indicated)),G (receiver_enabled -> (F (Null_received & X gotNull_indicated))),False
BASIC,32,The function of the gotNull.indication primitive shall be to indicate to the data link layer that the first Null has been received after the receiver has been enabled,G(((receiver_enabled) -> F(Null_received)) -> (gotNull_indicated)),G (receiver_enabled -> (F (Null_received & X gotNull_indicated))),False
BASIC,32,The function of the gotNull.indication primitive shall be to indicate to the data link layer that the first Null has been received after the receiver has been enabled,G(((receiver_enabled) -> F(Null_received)) -> (gotNull_indicated)),G (receiver_enabled -> (G !Null_received U (Null_received & X gotNull_indicated))),False
BASIC,32,The function of the gotNull.indication primitive shall be to indicate to the data link layer that the first Null has been received after the receiver has been enabled,G(((receiver_enabled) -> F(Null_received)) -> (gotNull_indicated)),G (receiver_enabled -> (F (Null_received & X gotNull_indicated))),False
BASIC,32,The function of the gotNull.indication primitive shall be to indicate to the data link layer that the first Null has been received after the receiver has been enabled,G(((receiver_enabled) -> F(Null_received)) -> (gotNull_indicated)),G (receiver_enabled -> (F (Null_received & X gotNull_indicated))),False
BASIC,32,The function of the gotNull.indication primitive shall be to indicate to the data link layer that the first Null has been received after the receiver has been enabled,G(((receiver_enabled) -> F(Null_received)) -> (gotNull_indicated)),G (receiver_enabled -> (G !Null_received U (Null_received & X gotNull_indicated))),False
BASIC,32,The function of the gotNull.indication primitive shall be to indicate to the data link layer that the first Null has been received after the receiver has been enabled,G(((receiver_enabled) -> F(Null_received)) -> (gotNull_indicated)),G (receiver_enabled -> (F (Null_received & !gotNull_indicated) -> X (gotNull_indicated & !Null_received))),False
BASIC,32,The function of the gotNull.indication primitive shall be to indicate to the data link layer that the first Null has been received after the receiver has been enabled,G(((receiver_enabled) -> F(Null_received)) -> (gotNull_indicated)),G (receiver_enabled -> (F (Null_received & X gotNull_indicated))),False
BASIC,32,The function of the gotNull.indication primitive shall be to indicate to the data link layer that the first Null has been received after the receiver has been enabled,G(((receiver_enabled) -> F(Null_received)) -> (gotNull_indicated)),G (receiver_enabled -> (F (Null_received & X gotNull_indicated))),False
BASIC,32,The function of the gotNull.indication primitive shall be to indicate to the data link layer that the first Null has been received after the receiver has been enabled,G(((receiver_enabled) -> F(Null_received)) -> (gotNull_indicated)),G (receiver_enabled -> (F (Null_received & X gotNull_indicated))),False
BASIC,32,The function of the gotNull.indication primitive shall be to indicate to the data link layer that the first Null has been received after the receiver has been enabled,G(((receiver_enabled) -> F(Null_received)) -> (gotNull_indicated)),G (receiver_enabled -> (F (Null_received & !gotNull_indicated) -> X (gotNull_indicated & !Null_received))),False
BASIC,32,The function of the gotNull.indication primitive shall be to indicate to the data link layer that the first Null has been received after the receiver has been enabled,G(((receiver_enabled) -> F(Null_received)) -> (gotNull_indicated)),G (receiver_enabled -> (F (Null_received & X gotNull_indicated))),False
BASIC,32,The function of the gotNull.indication primitive shall be to indicate to the data link layer that the first Null has been received after the receiver has been enabled,G(((receiver_enabled) -> F(Null_received)) -> (gotNull_indicated)),G (receiver_enabled -> (F (Null_received & !gotNull_indicated) -> X (gotNull_indicated & !Null_received))),False
BASIC,32,The function of the gotNull.indication primitive shall be to indicate to the data link layer that the first Null has been received after the receiver has been enabled,G(((receiver_enabled) -> F(Null_received)) -> (gotNull_indicated)),G (receiver_enabled -> (F (Null_received & X gotNull_indicated))),False
BASIC,33,"The gotNull.indication primitive shall be passed to the data link layer, when the first Null is received without any errors after the receiver has been enabled.",G( receiver_enabled -> X(G(first_null_received_without_error) -> got_null_passed)),G(receiver_enabled -> (G(!first_null_received_without_error) U (first_null_received_without_error & X(got_null_passed)))),False
BASIC,33,"The gotNull.indication primitive shall be passed to the data link layer, when the first Null is received without any errors after the receiver has been enabled.",G( receiver_enabled -> X(G(first_null_received_without_error) -> got_null_passed)),G(receiver_enabled -> (G(!first_null_received_without_error) U (first_null_received_without_error & X(got_null_passed)))),False
BASIC,33,"The gotNull.indication primitive shall be passed to the data link layer, when the first Null is received without any errors after the receiver has been enabled.",G( receiver_enabled -> X(G(first_null_received_without_error) -> got_null_passed)),G (receiver_enabled -> (G (!first_null_received_without_error) U (first_null_received_without_error & X got_null_passed))),False
BASIC,33,"The gotNull.indication primitive shall be passed to the data link layer, when the first Null is received without any errors after the receiver has been enabled.",G( receiver_enabled -> X(G(first_null_received_without_error) -> got_null_passed)),G (receiver_enabled -> (G (!first_null_received_without_error) U (first_null_received_without_error & X got_null_passed))),False
BASIC,33,"The gotNull.indication primitive shall be passed to the data link layer, when the first Null is received without any errors after the receiver has been enabled.",G( receiver_enabled -> X(G(first_null_received_without_error) -> got_null_passed)),G(receiver_enabled -> (G(!first_null_received_without_error) U (first_null_received_without_error & X(got_null_passed)))),False
BASIC,33,"The gotNull.indication primitive shall be passed to the data link layer, when the first Null is received without any errors after the receiver has been enabled.",G( receiver_enabled -> X(G(first_null_received_without_error) -> got_null_passed)),G (receiver_enabled -> (G (!first_null_received_without_error) U (first_null_received_without_error & X got_null_passed))),False
BASIC,33,"The gotNull.indication primitive shall be passed to the data link layer, when the first Null is received without any errors after the receiver has been enabled.",G( receiver_enabled -> X(G(first_null_received_without_error) -> got_null_passed)),G (receiver_enabled -> (G (!first_null_received_without_error) U (first_null_received_without_error & X got_null_passed))),False
BASIC,33,"The gotNull.indication primitive shall be passed to the data link layer, when the first Null is received without any errors after the receiver has been enabled.",G( receiver_enabled -> X(G(first_null_received_without_error) -> got_null_passed)),G (receiver_enabled -> (G (!first_null_received_without_error) U (first_null_received_without_error & X got_null_passed))),False
BASIC,33,"The gotNull.indication primitive shall be passed to the data link layer, when the first Null is received without any errors after the receiver has been enabled.",G( receiver_enabled -> X(G(first_null_received_without_error) -> got_null_passed)),G(receiver_enabled -> (G(!first_null_received_without_error) U (first_null_received_without_error & X(got_null_passed)))),False
BASIC,33,"The gotNull.indication primitive shall be passed to the data link layer, when the first Null is received without any errors after the receiver has been enabled.",G( receiver_enabled -> X(G(first_null_received_without_error) -> got_null_passed)),G (receiver_enabled -> (G (!first_null_received_without_error) U (first_null_received_without_error & X got_null_passed))),False
BASIC,33,"The gotNull.indication primitive shall be passed to the data link layer, when the first Null is received without any errors after the receiver has been enabled.",G( receiver_enabled -> X(G(first_null_received_without_error) -> got_null_passed)),G(receiver_enabled -> (G(!first_null_received_without_error) U (first_null_received_without_error & X(got_null_passed)))),False
BASIC,33,"The gotNull.indication primitive shall be passed to the data link layer, when the first Null is received without any errors after the receiver has been enabled.",G( receiver_enabled -> X(G(first_null_received_without_error) -> got_null_passed)),G(receiver_enabled -> (G(!first_null_received_without_error) U (first_null_received_without_error & X(got_null_passed)))),False
BASIC,33,"The gotNull.indication primitive shall be passed to the data link layer, when the first Null is received without any errors after the receiver has been enabled.",G( receiver_enabled -> X(G(first_null_received_without_error) -> got_null_passed)),G (receiver_enabled -> (G (!first_null_received_without_error) U (first_null_received_without_error & X got_null_passed))),False
BASIC,33,"The gotNull.indication primitive shall be passed to the data link layer, when the first Null is received without any errors after the receiver has been enabled.",G( receiver_enabled -> X(G(first_null_received_without_error) -> got_null_passed)),G(receiver_enabled -> (G(!first_null_received_without_error) U (first_null_received_without_error & X(got_null_passed)))),False
BASIC,33,"The gotNull.indication primitive shall be passed to the data link layer, when the first Null is received without any errors after the receiver has been enabled.",G( receiver_enabled -> X(G(first_null_received_without_error) -> got_null_passed)),G (receiver_enabled -> (G (!first_null_received_without_error) U (first_null_received_without_error & X got_null_passed))),False
BASIC,33,"The gotNull.indication primitive shall be passed to the data link layer, when the first Null is received without any errors after the receiver has been enabled.",G( receiver_enabled -> X(G(first_null_received_without_error) -> got_null_passed)),G (receiver_enabled -> (G (!first_null_received_without_error) U (first_null_received_without_error & X got_null_passed))),False
BASIC,33,"The gotNull.indication primitive shall be passed to the data link layer, when the first Null is received without any errors after the receiver has been enabled.",G( receiver_enabled -> X(G(first_null_received_without_error) -> got_null_passed)),G (receiver_enabled -> (G (!first_null_received_without_error) U (first_null_received_without_error & X got_null_passed))),False
BASIC,33,"The gotNull.indication primitive shall be passed to the data link layer, when the first Null is received without any errors after the receiver has been enabled.",G( receiver_enabled -> X(G(first_null_received_without_error) -> got_null_passed)),G (receiver_enabled -> (G (!first_null_received_without_error) U (first_null_received_without_error & X got_null_passed))),False
BASIC,33,"The gotNull.indication primitive shall be passed to the data link layer, when the first Null is received without any errors after the receiver has been enabled.",G( receiver_enabled -> X(G(first_null_received_without_error) -> got_null_passed)),G(receiver_enabled -> (G(!first_null_received_without_error) U (first_null_received_without_error & X(got_null_passed)))),False
BASIC,33,"The gotNull.indication primitive shall be passed to the data link layer, when the first Null is received without any errors after the receiver has been enabled.",G( receiver_enabled -> X(G(first_null_received_without_error) -> got_null_passed)),G(receiver_enabled -> (G(!first_null_received_without_error) U (first_null_received_without_error & X(got_null_passed)))),False
BASIC,33,"The gotNull.indication primitive shall be passed to the data link layer, when the first Null is received without any errors after the receiver has been enabled.",G( receiver_enabled -> X(G(first_null_received_without_error) -> got_null_passed)),G(receiver_enabled -> (G(!first_null_received_without_error) U (first_null_received_without_error & X(got_null_passed)))),False
BASIC,33,"The gotNull.indication primitive shall be passed to the data link layer, when the first Null is received without any errors after the receiver has been enabled.",G( receiver_enabled -> X(G(first_null_received_without_error) -> got_null_passed)),G(receiver_enabled -> (G(!first_null_received_without_error) U (first_null_received_without_error & X(got_null_passed)))),False
BASIC,33,"The gotNull.indication primitive shall be passed to the data link layer, when the first Null is received without any errors after the receiver has been enabled.",G( receiver_enabled -> X(G(first_null_received_without_error) -> got_null_passed)),G (receiver_enabled -> (G (!first_null_received_without_error) U (first_null_received_without_error & X got_null_passed))),False
BASIC,33,"The gotNull.indication primitive shall be passed to the data link layer, when the first Null is received without any errors after the receiver has been enabled.",G( receiver_enabled -> X(G(first_null_received_without_error) -> got_null_passed)),G (receiver_enabled -> (G (!first_null_received_without_error) U (first_null_received_without_error & X got_null_passed))),False
BASIC,33,"The gotNull.indication primitive shall be passed to the data link layer, when the first Null is received without any errors after the receiver has been enabled.",G( receiver_enabled -> X(G(first_null_received_without_error) -> got_null_passed)),G (receiver_enabled -> (G (!first_null_received_without_error) U (first_null_received_without_error & X got_null_passed))),False
BASIC,33,"The gotNull.indication primitive shall be passed to the data link layer, when the first Null is received without any errors after the receiver has been enabled.",G( receiver_enabled -> X(G(first_null_received_without_error) -> got_null_passed)),G (receiver_enabled -> (G (!first_null_received_without_error) U (first_null_received_without_error & X got_null_passed))),False
BASIC,33,"The gotNull.indication primitive shall be passed to the data link layer, when the first Null is received without any errors after the receiver has been enabled.",G( receiver_enabled -> X(G(first_null_received_without_error) -> got_null_passed)),G(receiver_enabled -> G(!first_null_received_without_error U (first_null_received_without_error & X got_null_passed))),False
BASIC,33,"The gotNull.indication primitive shall be passed to the data link layer, when the first Null is received without any errors after the receiver has been enabled.",G( receiver_enabled -> X(G(first_null_received_without_error) -> got_null_passed)),G (receiver_enabled -> (G (!first_null_received_without_error) U (first_null_received_without_error & X got_null_passed))),False
BASIC,33,"The gotNull.indication primitive shall be passed to the data link layer, when the first Null is received without any errors after the receiver has been enabled.",G( receiver_enabled -> X(G(first_null_received_without_error) -> got_null_passed)),G (receiver_enabled -> (G (!first_null_received_without_error) U (first_null_received_without_error & X got_null_passed))),False
BASIC,33,"The gotNull.indication primitive shall be passed to the data link layer, when the first Null is received without any errors after the receiver has been enabled.",G( receiver_enabled -> X(G(first_null_received_without_error) -> got_null_passed)),G(receiver_enabled -> (G(!first_null_received_without_error) U (first_null_received_without_error & X(got_null_passed)))),False
BASIC,33,"The gotNull.indication primitive shall be passed to the data link layer, when the first Null is received without any errors after the receiver has been enabled.",G( receiver_enabled -> X(G(first_null_received_without_error) -> got_null_passed)),G (receiver_enabled -> (G (!first_null_received_without_error) U (first_null_received_without_error & X got_null_passed))),False
BASIC,33,"The gotNull.indication primitive shall be passed to the data link layer, when the first Null is received without any errors after the receiver has been enabled.",G( receiver_enabled -> X(G(first_null_received_without_error) -> got_null_passed)),G(receiver_enabled -> (G(!first_null_received_without_error) U (first_null_received_without_error & X(got_null_passed)))),False
BASIC,33,"The gotNull.indication primitive shall be passed to the data link layer, when the first Null is received without any errors after the receiver has been enabled.",G( receiver_enabled -> X(G(first_null_received_without_error) -> got_null_passed)),G(receiver_enabled -> (G(!first_null_received_without_error) U (first_null_received_without_error & X(got_null_passed)))),False
BASIC,33,"The gotNull.indication primitive shall be passed to the data link layer, when the first Null is received without any errors after the receiver has been enabled.",G( receiver_enabled -> X(G(first_null_received_without_error) -> got_null_passed)),G(receiver_enabled -> (G(!first_null_received_without_error) U (first_null_received_without_error & X(got_null_passed)))),False
BASIC,33,"The gotNull.indication primitive shall be passed to the data link layer, when the first Null is received without any errors after the receiver has been enabled.",G( receiver_enabled -> X(G(first_null_received_without_error) -> got_null_passed)),G(receiver_enabled -> (G(!first_null_received_without_error) U (first_null_received_without_error & X(got_null_passed)))),False
BASIC,33,"The gotNull.indication primitive shall be passed to the data link layer, when the first Null is received without any errors after the receiver has been enabled.",G( receiver_enabled -> X(G(first_null_received_without_error) -> got_null_passed)),G(receiver_enabled -> (G(!first_null_received_without_error) U (first_null_received_without_error & X(got_null_passed)))),False
BASIC,33,"The gotNull.indication primitive shall be passed to the data link layer, when the first Null is received without any errors after the receiver has been enabled.",G( receiver_enabled -> X(G(first_null_received_without_error) -> got_null_passed)),G(receiver_enabled -> (G(!first_null_received_without_error) U (first_null_received_without_error & X(got_null_passed)))),False
BASIC,33,"The gotNull.indication primitive shall be passed to the data link layer, when the first Null is received without any errors after the receiver has been enabled.",G( receiver_enabled -> X(G(first_null_received_without_error) -> got_null_passed)),G (receiver_enabled -> (G (!first_null_received_without_error) U (first_null_received_without_error & X got_null_passed))),False
BASIC,33,"The gotNull.indication primitive shall be passed to the data link layer, when the first Null is received without any errors after the receiver has been enabled.",G( receiver_enabled -> X(G(first_null_received_without_error) -> got_null_passed)),G (receiver_enabled -> (G (!first_null_received_without_error) U (first_null_received_without_error & X got_null_passed))),False
BASIC,33,"The gotNull.indication primitive shall be passed to the data link layer, when the first Null is received without any errors after the receiver has been enabled.",G( receiver_enabled -> X(G(first_null_received_without_error) -> got_null_passed)),G(receiver_enabled -> (G(!first_null_received_without_error) U (first_null_received_without_error & X(got_null_passed)))),False
BASIC,33,"The gotNull.indication primitive shall be passed to the data link layer, when the first Null is received without any errors after the receiver has been enabled.",G( receiver_enabled -> X(G(first_null_received_without_error) -> got_null_passed)),G (receiver_enabled -> (G (!first_null_received_without_error) U (first_null_received_without_error & X got_null_passed))),False
BASIC,33,"The gotNull.indication primitive shall be passed to the data link layer, when the first Null is received without any errors after the receiver has been enabled.",G( receiver_enabled -> X(G(first_null_received_without_error) -> got_null_passed)),G (receiver_enabled -> (G (!first_null_received_without_error) U (first_null_received_without_error & X got_null_passed))),False
BASIC,33,"The gotNull.indication primitive shall be passed to the data link layer, when the first Null is received without any errors after the receiver has been enabled.",G( receiver_enabled -> X(G(first_null_received_without_error) -> got_null_passed)),G(receiver_enabled -> (G(!first_null_received_without_error) U (first_null_received_without_error & X(got_null_passed)))),False
BASIC,33,"The gotNull.indication primitive shall be passed to the data link layer, when the first Null is received without any errors after the receiver has been enabled.",G( receiver_enabled -> X(G(first_null_received_without_error) -> got_null_passed)),G(receiver_enabled -> (G(!first_null_received_without_error) U (first_null_received_without_error & X(got_null_passed)))),False
BASIC,33,"The gotNull.indication primitive shall be passed to the data link layer, when the first Null is received without any errors after the receiver has been enabled.",G( receiver_enabled -> X(G(first_null_received_without_error) -> got_null_passed)),G(receiver_enabled -> (G(!first_null_received_without_error) U (first_null_received_without_error & X(got_null_passed)))),False
BASIC,33,"The gotNull.indication primitive shall be passed to the data link layer, when the first Null is received without any errors after the receiver has been enabled.",G( receiver_enabled -> X(G(first_null_received_without_error) -> got_null_passed)),G(receiver_enabled -> (G(!first_null_received_without_error) U (first_null_received_without_error & X(got_null_passed)))),False
BASIC,33,"The gotNull.indication primitive shall be passed to the data link layer, when the first Null is received without any errors after the receiver has been enabled.",G( receiver_enabled -> X(G(first_null_received_without_error) -> got_null_passed)),G(receiver_enabled -> (G(!first_null_received_without_error) U (first_null_received_without_error & X(got_null_passed)))),False
BASIC,33,"The gotNull.indication primitive shall be passed to the data link layer, when the first Null is received without any errors after the receiver has been enabled.",G( receiver_enabled -> X(G(first_null_received_without_error) -> got_null_passed)),G(receiver_enabled -> (G(!first_null_received_without_error) U (first_null_received_without_error & X(got_null_passed)))),False
BASIC,33,"The gotNull.indication primitive shall be passed to the data link layer, when the first Null is received without any errors after the receiver has been enabled.",G( receiver_enabled -> X(G(first_null_received_without_error) -> got_null_passed)),G (receiver_enabled -> (G (!first_null_received_without_error) U (first_null_received_without_error & X got_null_passed))),False
BASIC,33,"The gotNull.indication primitive shall be passed to the data link layer, when the first Null is received without any errors after the receiver has been enabled.",G( receiver_enabled -> X(G(first_null_received_without_error) -> got_null_passed)),G (receiver_enabled -> (G (!first_null_received_without_error) U (first_null_received_without_error & X got_null_passed))),False
BASIC,33,"The gotNull.indication primitive shall be passed to the data link layer, when the first Null is received without any errors after the receiver has been enabled.",G( receiver_enabled -> X(G(first_null_received_without_error) -> got_null_passed)),G(receiver_enabled -> (G(!first_null_received_without_error) U (first_null_received_without_error & X(got_null_passed)))),False
BASIC,33,"The gotNull.indication primitive shall be passed to the data link layer, when the first Null is received without any errors after the receiver has been enabled.",G( receiver_enabled -> X(G(first_null_received_without_error) -> got_null_passed)),G(receiver_enabled -> (G(!first_null_received_without_error) U (first_null_received_without_error & X(got_null_passed)))),False
BASIC,33,"The gotNull.indication primitive shall be passed to the data link layer, when the first Null is received without any errors after the receiver has been enabled.",G( receiver_enabled -> X(G(first_null_received_without_error) -> got_null_passed)),G(receiver_enabled -> (G(!first_null_received_without_error) U (first_null_received_without_error & X(got_null_passed)))),False
BASIC,33,"The gotNull.indication primitive shall be passed to the data link layer, when the first Null is received without any errors after the receiver has been enabled.",G( receiver_enabled -> X(G(first_null_received_without_error) -> got_null_passed)),G(receiver_enabled -> (G(!first_null_received_without_error) U (first_null_received_without_error & X(got_null_passed)))),False
BASIC,33,"The gotNull.indication primitive shall be passed to the data link layer, when the first Null is received without any errors after the receiver has been enabled.",G( receiver_enabled -> X(G(first_null_received_without_error) -> got_null_passed)),G(receiver_enabled -> (G(!first_null_received_without_error) U (first_null_received_without_error & X(got_null_passed)))),False
BASIC,33,"The gotNull.indication primitive shall be passed to the data link layer, when the first Null is received without any errors after the receiver has been enabled.",G( receiver_enabled -> X(G(first_null_received_without_error) -> got_null_passed)),G(receiver_enabled -> (G(!first_null_received_without_error) U (first_null_received_without_error & X(got_null_passed)))),False
BASIC,33,"The gotNull.indication primitive shall be passed to the data link layer, when the first Null is received without any errors after the receiver has been enabled.",G( receiver_enabled -> X(G(first_null_received_without_error) -> got_null_passed)),G(receiver_enabled -> (G(!first_null_received_without_error) U (first_null_received_without_error & X(got_null_passed)))),False
BASIC,33,"The gotNull.indication primitive shall be passed to the data link layer, when the first Null is received without any errors after the receiver has been enabled.",G( receiver_enabled -> X(G(first_null_received_without_error) -> got_null_passed)),G (receiver_enabled -> (G (!first_null_received_without_error) U (first_null_received_without_error & X got_null_passed))),False
BASIC,33,"The gotNull.indication primitive shall be passed to the data link layer, when the first Null is received without any errors after the receiver has been enabled.",G( receiver_enabled -> X(G(first_null_received_without_error) -> got_null_passed)),G(receiver_enabled -> (G(!first_null_received_without_error) U (first_null_received_without_error & X(got_null_passed)))),False
BASIC,33,"The gotNull.indication primitive shall be passed to the data link layer, when the first Null is received without any errors after the receiver has been enabled.",G( receiver_enabled -> X(G(first_null_received_without_error) -> got_null_passed)),G(receiver_enabled -> G(!first_null_received_without_error U (first_null_received_without_error & X got_null_passed))),False
BASIC,33,"The gotNull.indication primitive shall be passed to the data link layer, when the first Null is received without any errors after the receiver has been enabled.",G( receiver_enabled -> X(G(first_null_received_without_error) -> got_null_passed)),G (receiver_enabled -> (G (!first_null_received_without_error) U (first_null_received_without_error & X got_null_passed))),False
BASIC,33,"The gotNull.indication primitive shall be passed to the data link layer, when the first Null is received without any errors after the receiver has been enabled.",G( receiver_enabled -> X(G(first_null_received_without_error) -> got_null_passed)),G (receiver_enabled -> (G (!first_null_received_without_error) U (first_null_received_without_error & X got_null_passed))),False
BASIC,33,"The gotNull.indication primitive shall be passed to the data link layer, when the first Null is received without any errors after the receiver has been enabled.",G( receiver_enabled -> X(G(first_null_received_without_error) -> got_null_passed)),G (receiver_enabled -> (G (!first_null_received_without_error) U (first_null_received_without_error & X got_null_passed))),False
BASIC,33,"The gotNull.indication primitive shall be passed to the data link layer, when the first Null is received without any errors after the receiver has been enabled.",G( receiver_enabled -> X(G(first_null_received_without_error) -> got_null_passed)),G(receiver_enabled -> (G(!first_null_received_without_error) U (first_null_received_without_error & X(got_null_passed)))),False
BASIC,33,"The gotNull.indication primitive shall be passed to the data link layer, when the first Null is received without any errors after the receiver has been enabled.",G( receiver_enabled -> X(G(first_null_received_without_error) -> got_null_passed)),G (receiver_enabled -> (G (!first_null_received_without_error) U (first_null_received_without_error & X got_null_passed))),False
BASIC,33,"The gotNull.indication primitive shall be passed to the data link layer, when the first Null is received without any errors after the receiver has been enabled.",G( receiver_enabled -> X(G(first_null_received_without_error) -> got_null_passed)),G(receiver_enabled -> (G(!first_null_received_without_error) U (first_null_received_without_error & X(got_null_passed)))),False
BASIC,33,"The gotNull.indication primitive shall be passed to the data link layer, when the first Null is received without any errors after the receiver has been enabled.",G( receiver_enabled -> X(G(first_null_received_without_error) -> got_null_passed)),G (receiver_enabled -> (G (!first_null_received_without_error) U (first_null_received_without_error & X got_null_passed))),False
BASIC,33,"The gotNull.indication primitive shall be passed to the data link layer, when the first Null is received without any errors after the receiver has been enabled.",G( receiver_enabled -> X(G(first_null_received_without_error) -> got_null_passed)),G(receiver_enabled -> (G(!first_null_received_without_error) U (first_null_received_without_error & X(got_null_passed)))),False
BASIC,33,"The gotNull.indication primitive shall be passed to the data link layer, when the first Null is received without any errors after the receiver has been enabled.",G( receiver_enabled -> X(G(first_null_received_without_error) -> got_null_passed)),G(receiver_enabled -> (G(!first_null_received_without_error) U (first_null_received_without_error & X(got_null_passed)))),False
BASIC,33,"The gotNull.indication primitive shall be passed to the data link layer, when the first Null is received without any errors after the receiver has been enabled.",G( receiver_enabled -> X(G(first_null_received_without_error) -> got_null_passed)),G(receiver_enabled -> (G(!first_null_received_without_error) U (first_null_received_without_error & X(got_null_passed)))),False
BASIC,33,"The gotNull.indication primitive shall be passed to the data link layer, when the first Null is received without any errors after the receiver has been enabled.",G( receiver_enabled -> X(G(first_null_received_without_error) -> got_null_passed)),G (receiver_enabled -> (G (!first_null_received_without_error) U (first_null_received_without_error & X got_null_passed))),False
BASIC,33,"The gotNull.indication primitive shall be passed to the data link layer, when the first Null is received without any errors after the receiver has been enabled.",G( receiver_enabled -> X(G(first_null_received_without_error) -> got_null_passed)),G (receiver_enabled -> (G (!first_null_received_without_error) U (first_null_received_without_error & X got_null_passed))),False
BASIC,33,"The gotNull.indication primitive shall be passed to the data link layer, when the first Null is received without any errors after the receiver has been enabled.",G( receiver_enabled -> X(G(first_null_received_without_error) -> got_null_passed)),G(receiver_enabled -> (G(!first_null_received_without_error) U (first_null_received_without_error & X(got_null_passed)))),False
BASIC,33,"The gotNull.indication primitive shall be passed to the data link layer, when the first Null is received without any errors after the receiver has been enabled.",G( receiver_enabled -> X(G(first_null_received_without_error) -> got_null_passed)),G(receiver_enabled -> G(!first_null_received_without_error U (first_null_received_without_error & X got_null_passed))),False
BASIC,33,"The gotNull.indication primitive shall be passed to the data link layer, when the first Null is received without any errors after the receiver has been enabled.",G( receiver_enabled -> X(G(first_null_received_without_error) -> got_null_passed)),G (receiver_enabled -> (G (!first_null_received_without_error) U (first_null_received_without_error & X got_null_passed))),False
BASIC,33,"The gotNull.indication primitive shall be passed to the data link layer, when the first Null is received without any errors after the receiver has been enabled.",G( receiver_enabled -> X(G(first_null_received_without_error) -> got_null_passed)),G (receiver_enabled -> (G (!first_null_received_without_error) U (first_null_received_without_error & X got_null_passed))),False
BASIC,33,"The gotNull.indication primitive shall be passed to the data link layer, when the first Null is received without any errors after the receiver has been enabled.",G( receiver_enabled -> X(G(first_null_received_without_error) -> got_null_passed)),G(receiver_enabled -> (G(!first_null_received_without_error) U (first_null_received_without_error & X(got_null_passed)))),False
BASIC,33,"The gotNull.indication primitive shall be passed to the data link layer, when the first Null is received without any errors after the receiver has been enabled.",G( receiver_enabled -> X(G(first_null_received_without_error) -> got_null_passed)),G(receiver_enabled -> (G(!first_null_received_without_error) U (first_null_received_without_error & X(got_null_passed)))),False
BASIC,33,"The gotNull.indication primitive shall be passed to the data link layer, when the first Null is received without any errors after the receiver has been enabled.",G( receiver_enabled -> X(G(first_null_received_without_error) -> got_null_passed)),G (receiver_enabled -> (G (!first_null_received_without_error) U (first_null_received_without_error & X got_null_passed))),False
BASIC,33,"The gotNull.indication primitive shall be passed to the data link layer, when the first Null is received without any errors after the receiver has been enabled.",G( receiver_enabled -> X(G(first_null_received_without_error) -> got_null_passed)),G (receiver_enabled -> (G (!first_null_received_without_error) U (first_null_received_without_error & X got_null_passed))),False
BASIC,33,"The gotNull.indication primitive shall be passed to the data link layer, when the first Null is received without any errors after the receiver has been enabled.",G( receiver_enabled -> X(G(first_null_received_without_error) -> got_null_passed)),G (receiver_enabled -> (G (!first_null_received_without_error) U (first_null_received_without_error & X got_null_passed))),False
BASIC,33,"The gotNull.indication primitive shall be passed to the data link layer, when the first Null is received without any errors after the receiver has been enabled.",G( receiver_enabled -> X(G(first_null_received_without_error) -> got_null_passed)),G (receiver_enabled -> (G (!first_null_received_without_error) U (first_null_received_without_error & X got_null_passed))),False
BASIC,33,"The gotNull.indication primitive shall be passed to the data link layer, when the first Null is received without any errors after the receiver has been enabled.",G( receiver_enabled -> X(G(first_null_received_without_error) -> got_null_passed)),G(receiver_enabled -> G(!first_null_received_without_error U (first_null_received_without_error & X got_null_passed))),False
BASIC,33,"The gotNull.indication primitive shall be passed to the data link layer, when the first Null is received without any errors after the receiver has been enabled.",G( receiver_enabled -> X(G(first_null_received_without_error) -> got_null_passed)),G(receiver_enabled -> (G(!first_null_received_without_error) U (first_null_received_without_error & X(got_null_passed)))),False
BASIC,33,"The gotNull.indication primitive shall be passed to the data link layer, when the first Null is received without any errors after the receiver has been enabled.",G( receiver_enabled -> X(G(first_null_received_without_error) -> got_null_passed)),G(receiver_enabled -> (G(!first_null_received_without_error) U (first_null_received_without_error & X(got_null_passed)))),False
BASIC,33,"The gotNull.indication primitive shall be passed to the data link layer, when the first Null is received without any errors after the receiver has been enabled.",G( receiver_enabled -> X(G(first_null_received_without_error) -> got_null_passed)),G (receiver_enabled -> (G (!first_null_received_without_error) U (first_null_received_without_error & X got_null_passed))),False
BASIC,33,"The gotNull.indication primitive shall be passed to the data link layer, when the first Null is received without any errors after the receiver has been enabled.",G( receiver_enabled -> X(G(first_null_received_without_error) -> got_null_passed)),G (receiver_enabled -> (G (!first_null_received_without_error) U (first_null_received_without_error & X got_null_passed))),False
BASIC,33,"The gotNull.indication primitive shall be passed to the data link layer, when the first Null is received without any errors after the receiver has been enabled.",G( receiver_enabled -> X(G(first_null_received_without_error) -> got_null_passed)),G (receiver_enabled -> (G (!first_null_received_without_error) U (first_null_received_without_error & X got_null_passed))),False
BASIC,33,"The gotNull.indication primitive shall be passed to the data link layer, when the first Null is received without any errors after the receiver has been enabled.",G( receiver_enabled -> X(G(first_null_received_without_error) -> got_null_passed)),G(receiver_enabled -> (G(!first_null_received_without_error) U (first_null_received_without_error & X(got_null_passed)))),False
BASIC,33,"The gotNull.indication primitive shall be passed to the data link layer, when the first Null is received without any errors after the receiver has been enabled.",G( receiver_enabled -> X(G(first_null_received_without_error) -> got_null_passed)),G (receiver_enabled -> (G (!first_null_received_without_error) U (first_null_received_without_error & X got_null_passed))),False
BASIC,33,"The gotNull.indication primitive shall be passed to the data link layer, when the first Null is received without any errors after the receiver has been enabled.",G( receiver_enabled -> X(G(first_null_received_without_error) -> got_null_passed)),G (receiver_enabled -> (G (!first_null_received_without_error) U (first_null_received_without_error & X got_null_passed))),False
BASIC,33,"The gotNull.indication primitive shall be passed to the data link layer, when the first Null is received without any errors after the receiver has been enabled.",G( receiver_enabled -> X(G(first_null_received_without_error) -> got_null_passed)),G(receiver_enabled -> (G(!first_null_received_without_error) U (first_null_received_without_error & X(got_null_passed)))),False
BASIC,33,"The gotNull.indication primitive shall be passed to the data link layer, when the first Null is received without any errors after the receiver has been enabled.",G( receiver_enabled -> X(G(first_null_received_without_error) -> got_null_passed)),G(receiver_enabled -> G(!first_null_received_without_error U (first_null_received_without_error & X got_null_passed))),False
BASIC,33,"The gotNull.indication primitive shall be passed to the data link layer, when the first Null is received without any errors after the receiver has been enabled.",G( receiver_enabled -> X(G(first_null_received_without_error) -> got_null_passed)),G (receiver_enabled -> (G (!first_null_received_without_error) U (first_null_received_without_error & X got_null_passed))),False
BASIC,33,"The gotNull.indication primitive shall be passed to the data link layer, when the first Null is received without any errors after the receiver has been enabled.",G( receiver_enabled -> X(G(first_null_received_without_error) -> got_null_passed)),G(receiver_enabled -> (G(!first_null_received_without_error) U (first_null_received_without_error & X(got_null_passed)))),False
BASIC,33,"The gotNull.indication primitive shall be passed to the data link layer, when the first Null is received without any errors after the receiver has been enabled.",G( receiver_enabled -> X(G(first_null_received_without_error) -> got_null_passed)),G (receiver_enabled -> (G (!first_null_received_without_error) U (first_null_received_without_error & X got_null_passed))),False
BASIC,33,"The gotNull.indication primitive shall be passed to the data link layer, when the first Null is received without any errors after the receiver has been enabled.",G( receiver_enabled -> X(G(first_null_received_without_error) -> got_null_passed)),G (receiver_enabled -> (G (!first_null_received_without_error) U (first_null_received_without_error & X got_null_passed))),False
BASIC,33,"The gotNull.indication primitive shall be passed to the data link layer, when the first Null is received without any errors after the receiver has been enabled.",G( receiver_enabled -> X(G(first_null_received_without_error) -> got_null_passed)),G(receiver_enabled -> (G(!first_null_received_without_error) U (first_null_received_without_error & X(got_null_passed)))),False
BASIC,33,"The gotNull.indication primitive shall be passed to the data link layer, when the first Null is received without any errors after the receiver has been enabled.",G( receiver_enabled -> X(G(first_null_received_without_error) -> got_null_passed)),G(receiver_enabled -> (G(!first_null_received_without_error) U (first_null_received_without_error & X(got_null_passed)))),False
BASIC,33,"The gotNull.indication primitive shall be passed to the data link layer, when the first Null is received without any errors after the receiver has been enabled.",G( receiver_enabled -> X(G(first_null_received_without_error) -> got_null_passed)),G (receiver_enabled -> (G (!first_null_received_without_error) U (first_null_received_without_error & X got_null_passed))),False
BASIC,35,"If the host system tries to send an interrupt acknowledgement too soon after a corresponding interrupt code has been received, i.e. before the interrupt code has propagated across the entire network, the result is indeterminate for that specific interrupt. The new interrupt acknowledgement code that the node sends can either be discarded by a router, or repeatedly propagated through the network if the network has circular connections.",G(((corr_interr_code_received) -> X( !( !(send_interr_ack) U(interr_code_prop)))) -> (G(new_interr_code_disc) & G(F(new_interr_code_prop)))),G(send_interr_ack & !interr_code_prop -> (new_interr_code_disc | new_interr_code_prop)),False
BASIC,35,"If the host system tries to send an interrupt acknowledgement too soon after a corresponding interrupt code has been received, i.e. before the interrupt code has propagated across the entire network, the result is indeterminate for that specific interrupt. The new interrupt acknowledgement code that the node sends can either be discarded by a router, or repeatedly propagated through the network if the network has circular connections.",G(((corr_interr_code_received) -> X( !( !(send_interr_ack) U(interr_code_prop)))) -> (G(new_interr_code_disc) & G(F(new_interr_code_prop)))),G(send_interr_ack & !interr_code_prop -> (new_interr_code_disc | new_interr_code_prop)),False
BASIC,35,"If the host system tries to send an interrupt acknowledgement too soon after a corresponding interrupt code has been received, i.e. before the interrupt code has propagated across the entire network, the result is indeterminate for that specific interrupt. The new interrupt acknowledgement code that the node sends can either be discarded by a router, or repeatedly propagated through the network if the network has circular connections.",G(((corr_interr_code_received) -> X( !( !(send_interr_ack) U(interr_code_prop)))) -> (G(new_interr_code_disc) & G(F(new_interr_code_prop)))),G(send_interr_ack & !interr_code_prop -> (new_interr_code_disc | new_interr_code_prop)),False
BASIC,35,"If the host system tries to send an interrupt acknowledgement too soon after a corresponding interrupt code has been received, i.e. before the interrupt code has propagated across the entire network, the result is indeterminate for that specific interrupt. The new interrupt acknowledgement code that the node sends can either be discarded by a router, or repeatedly propagated through the network if the network has circular connections.",G(((corr_interr_code_received) -> X( !( !(send_interr_ack) U(interr_code_prop)))) -> (G(new_interr_code_disc) & G(F(new_interr_code_prop)))),G(send_interr_ack & !interr_code_prop -> (new_interr_code_disc | new_interr_code_prop)),False
BASIC,35,"If the host system tries to send an interrupt acknowledgement too soon after a corresponding interrupt code has been received, i.e. before the interrupt code has propagated across the entire network, the result is indeterminate for that specific interrupt. The new interrupt acknowledgement code that the node sends can either be discarded by a router, or repeatedly propagated through the network if the network has circular connections.",G(((corr_interr_code_received) -> X( !( !(send_interr_ack) U(interr_code_prop)))) -> (G(new_interr_code_disc) & G(F(new_interr_code_prop)))),G(send_interr_ack & !interr_code_prop -> (new_interr_code_disc | new_interr_code_prop)),False
BASIC,35,"If the host system tries to send an interrupt acknowledgement too soon after a corresponding interrupt code has been received, i.e. before the interrupt code has propagated across the entire network, the result is indeterminate for that specific interrupt. The new interrupt acknowledgement code that the node sends can either be discarded by a router, or repeatedly propagated through the network if the network has circular connections.",G(((corr_interr_code_received) -> X( !( !(send_interr_ack) U(interr_code_prop)))) -> (G(new_interr_code_disc) & G(F(new_interr_code_prop)))),G (send_interr_ack & !interr_code_prop -> (new_interr_code_disc | new_interr_code_prop)),False
BASIC,35,"If the host system tries to send an interrupt acknowledgement too soon after a corresponding interrupt code has been received, i.e. before the interrupt code has propagated across the entire network, the result is indeterminate for that specific interrupt. The new interrupt acknowledgement code that the node sends can either be discarded by a router, or repeatedly propagated through the network if the network has circular connections.",G(((corr_interr_code_received) -> X( !( !(send_interr_ack) U(interr_code_prop)))) -> (G(new_interr_code_disc) & G(F(new_interr_code_prop)))),G(send_interr_ack & !interr_code_prop -> (new_interr_code_disc | new_interr_code_prop)),False
BASIC,35,"If the host system tries to send an interrupt acknowledgement too soon after a corresponding interrupt code has been received, i.e. before the interrupt code has propagated across the entire network, the result is indeterminate for that specific interrupt. The new interrupt acknowledgement code that the node sends can either be discarded by a router, or repeatedly propagated through the network if the network has circular connections.",G(((corr_interr_code_received) -> X( !( !(send_interr_ack) U(interr_code_prop)))) -> (G(new_interr_code_disc) & G(F(new_interr_code_prop)))),G(send_interr_ack & !interr_code_prop -> (new_interr_code_disc | new_interr_code_prop)),False
BASIC,35,"If the host system tries to send an interrupt acknowledgement too soon after a corresponding interrupt code has been received, i.e. before the interrupt code has propagated across the entire network, the result is indeterminate for that specific interrupt. The new interrupt acknowledgement code that the node sends can either be discarded by a router, or repeatedly propagated through the network if the network has circular connections.",G(((corr_interr_code_received) -> X( !( !(send_interr_ack) U(interr_code_prop)))) -> (G(new_interr_code_disc) & G(F(new_interr_code_prop)))),G(send_interr_ack & !interr_code_prop -> (new_interr_code_disc | new_interr_code_prop)),False
BASIC,35,"If the host system tries to send an interrupt acknowledgement too soon after a corresponding interrupt code has been received, i.e. before the interrupt code has propagated across the entire network, the result is indeterminate for that specific interrupt. The new interrupt acknowledgement code that the node sends can either be discarded by a router, or repeatedly propagated through the network if the network has circular connections.",G(((corr_interr_code_received) -> X( !( !(send_interr_ack) U(interr_code_prop)))) -> (G(new_interr_code_disc) & G(F(new_interr_code_prop)))),G(send_interr_ack & !interr_code_prop -> F(new_interr_code_disc | new_interr_code_prop)),False
BASIC,35,"If the host system tries to send an interrupt acknowledgement too soon after a corresponding interrupt code has been received, i.e. before the interrupt code has propagated across the entire network, the result is indeterminate for that specific interrupt. The new interrupt acknowledgement code that the node sends can either be discarded by a router, or repeatedly propagated through the network if the network has circular connections.",G(((corr_interr_code_received) -> X( !( !(send_interr_ack) U(interr_code_prop)))) -> (G(new_interr_code_disc) & G(F(new_interr_code_prop)))),G(send_interr_ack & !interr_code_prop -> (new_interr_code_disc | new_interr_code_prop)),False
BASIC,35,"If the host system tries to send an interrupt acknowledgement too soon after a corresponding interrupt code has been received, i.e. before the interrupt code has propagated across the entire network, the result is indeterminate for that specific interrupt. The new interrupt acknowledgement code that the node sends can either be discarded by a router, or repeatedly propagated through the network if the network has circular connections.",G(((corr_interr_code_received) -> X( !( !(send_interr_ack) U(interr_code_prop)))) -> (G(new_interr_code_disc) & G(F(new_interr_code_prop)))),G(send_interr_ack & !interr_code_prop -> (new_interr_code_disc | new_interr_code_prop)),False
BASIC,35,"If the host system tries to send an interrupt acknowledgement too soon after a corresponding interrupt code has been received, i.e. before the interrupt code has propagated across the entire network, the result is indeterminate for that specific interrupt. The new interrupt acknowledgement code that the node sends can either be discarded by a router, or repeatedly propagated through the network if the network has circular connections.",G(((corr_interr_code_received) -> X( !( !(send_interr_ack) U(interr_code_prop)))) -> (G(new_interr_code_disc) & G(F(new_interr_code_prop)))),G (send_interr_ack & !interr_code_prop -> (new_interr_code_disc | new_interr_code_prop)),False
BASIC,35,"If the host system tries to send an interrupt acknowledgement too soon after a corresponding interrupt code has been received, i.e. before the interrupt code has propagated across the entire network, the result is indeterminate for that specific interrupt. The new interrupt acknowledgement code that the node sends can either be discarded by a router, or repeatedly propagated through the network if the network has circular connections.",G(((corr_interr_code_received) -> X( !( !(send_interr_ack) U(interr_code_prop)))) -> (G(new_interr_code_disc) & G(F(new_interr_code_prop)))),G(send_interr_ack & !interr_code_prop -> (new_interr_code_disc | new_interr_code_prop)),False
BASIC,35,"If the host system tries to send an interrupt acknowledgement too soon after a corresponding interrupt code has been received, i.e. before the interrupt code has propagated across the entire network, the result is indeterminate for that specific interrupt. The new interrupt acknowledgement code that the node sends can either be discarded by a router, or repeatedly propagated through the network if the network has circular connections.",G(((corr_interr_code_received) -> X( !( !(send_interr_ack) U(interr_code_prop)))) -> (G(new_interr_code_disc) & G(F(new_interr_code_prop)))),G(send_interr_ack & !interr_code_prop -> (new_interr_code_disc | new_interr_code_prop)),False
BASIC,35,"If the host system tries to send an interrupt acknowledgement too soon after a corresponding interrupt code has been received, i.e. before the interrupt code has propagated across the entire network, the result is indeterminate for that specific interrupt. The new interrupt acknowledgement code that the node sends can either be discarded by a router, or repeatedly propagated through the network if the network has circular connections.",G(((corr_interr_code_received) -> X( !( !(send_interr_ack) U(interr_code_prop)))) -> (G(new_interr_code_disc) & G(F(new_interr_code_prop)))),G(send_interr_ack & !interr_code_prop -> (new_interr_code_disc | new_interr_code_prop)),False
BASIC,35,"If the host system tries to send an interrupt acknowledgement too soon after a corresponding interrupt code has been received, i.e. before the interrupt code has propagated across the entire network, the result is indeterminate for that specific interrupt. The new interrupt acknowledgement code that the node sends can either be discarded by a router, or repeatedly propagated through the network if the network has circular connections.",G(((corr_interr_code_received) -> X( !( !(send_interr_ack) U(interr_code_prop)))) -> (G(new_interr_code_disc) & G(F(new_interr_code_prop)))),G(send_interr_ack & !interr_code_prop -> (new_interr_code_disc | new_interr_code_prop)),False
BASIC,35,"If the host system tries to send an interrupt acknowledgement too soon after a corresponding interrupt code has been received, i.e. before the interrupt code has propagated across the entire network, the result is indeterminate for that specific interrupt. The new interrupt acknowledgement code that the node sends can either be discarded by a router, or repeatedly propagated through the network if the network has circular connections.",G(((corr_interr_code_received) -> X( !( !(send_interr_ack) U(interr_code_prop)))) -> (G(new_interr_code_disc) & G(F(new_interr_code_prop)))),G(send_interr_ack & !interr_code_prop -> (new_interr_code_disc | new_interr_code_prop)),False
BASIC,35,"If the host system tries to send an interrupt acknowledgement too soon after a corresponding interrupt code has been received, i.e. before the interrupt code has propagated across the entire network, the result is indeterminate for that specific interrupt. The new interrupt acknowledgement code that the node sends can either be discarded by a router, or repeatedly propagated through the network if the network has circular connections.",G(((corr_interr_code_received) -> X( !( !(send_interr_ack) U(interr_code_prop)))) -> (G(new_interr_code_disc) & G(F(new_interr_code_prop)))),G(send_interr_ack & !interr_code_prop -> (new_interr_code_disc | new_interr_code_prop)),False
BASIC,35,"If the host system tries to send an interrupt acknowledgement too soon after a corresponding interrupt code has been received, i.e. before the interrupt code has propagated across the entire network, the result is indeterminate for that specific interrupt. The new interrupt acknowledgement code that the node sends can either be discarded by a router, or repeatedly propagated through the network if the network has circular connections.",G(((corr_interr_code_received) -> X( !( !(send_interr_ack) U(interr_code_prop)))) -> (G(new_interr_code_disc) & G(F(new_interr_code_prop)))),G(send_interr_ack & !interr_code_prop -> (new_interr_code_disc | new_interr_code_prop)),False
BASIC,35,"If the host system tries to send an interrupt acknowledgement too soon after a corresponding interrupt code has been received, i.e. before the interrupt code has propagated across the entire network, the result is indeterminate for that specific interrupt. The new interrupt acknowledgement code that the node sends can either be discarded by a router, or repeatedly propagated through the network if the network has circular connections.",G(((corr_interr_code_received) -> X( !( !(send_interr_ack) U(interr_code_prop)))) -> (G(new_interr_code_disc) & G(F(new_interr_code_prop)))),G(send_interr_ack & !interr_code_prop -> (new_interr_code_disc | new_interr_code_prop)),False
BASIC,35,"If the host system tries to send an interrupt acknowledgement too soon after a corresponding interrupt code has been received, i.e. before the interrupt code has propagated across the entire network, the result is indeterminate for that specific interrupt. The new interrupt acknowledgement code that the node sends can either be discarded by a router, or repeatedly propagated through the network if the network has circular connections.",G(((corr_interr_code_received) -> X( !( !(send_interr_ack) U(interr_code_prop)))) -> (G(new_interr_code_disc) & G(F(new_interr_code_prop)))),G (send_interr_ack & !interr_code_prop -> (new_interr_code_disc | new_interr_code_prop)),False
BASIC,35,"If the host system tries to send an interrupt acknowledgement too soon after a corresponding interrupt code has been received, i.e. before the interrupt code has propagated across the entire network, the result is indeterminate for that specific interrupt. The new interrupt acknowledgement code that the node sends can either be discarded by a router, or repeatedly propagated through the network if the network has circular connections.",G(((corr_interr_code_received) -> X( !( !(send_interr_ack) U(interr_code_prop)))) -> (G(new_interr_code_disc) & G(F(new_interr_code_prop)))),G(send_interr_ack & !interr_code_prop -> (new_interr_code_disc | new_interr_code_prop)),False
BASIC,35,"If the host system tries to send an interrupt acknowledgement too soon after a corresponding interrupt code has been received, i.e. before the interrupt code has propagated across the entire network, the result is indeterminate for that specific interrupt. The new interrupt acknowledgement code that the node sends can either be discarded by a router, or repeatedly propagated through the network if the network has circular connections.",G(((corr_interr_code_received) -> X( !( !(send_interr_ack) U(interr_code_prop)))) -> (G(new_interr_code_disc) & G(F(new_interr_code_prop)))),G(send_interr_ack & !interr_code_prop -> (new_interr_code_disc | new_interr_code_prop)),False
BASIC,35,"If the host system tries to send an interrupt acknowledgement too soon after a corresponding interrupt code has been received, i.e. before the interrupt code has propagated across the entire network, the result is indeterminate for that specific interrupt. The new interrupt acknowledgement code that the node sends can either be discarded by a router, or repeatedly propagated through the network if the network has circular connections.",G(((corr_interr_code_received) -> X( !( !(send_interr_ack) U(interr_code_prop)))) -> (G(new_interr_code_disc) & G(F(new_interr_code_prop)))),G (send_interr_ack & !interr_code_prop -> (new_interr_code_disc | new_interr_code_prop)),False
BASIC,35,"If the host system tries to send an interrupt acknowledgement too soon after a corresponding interrupt code has been received, i.e. before the interrupt code has propagated across the entire network, the result is indeterminate for that specific interrupt. The new interrupt acknowledgement code that the node sends can either be discarded by a router, or repeatedly propagated through the network if the network has circular connections.",G(((corr_interr_code_received) -> X( !( !(send_interr_ack) U(interr_code_prop)))) -> (G(new_interr_code_disc) & G(F(new_interr_code_prop)))),G(send_interr_ack & !interr_code_prop -> (new_interr_code_disc | new_interr_code_prop)),False
BASIC,35,"If the host system tries to send an interrupt acknowledgement too soon after a corresponding interrupt code has been received, i.e. before the interrupt code has propagated across the entire network, the result is indeterminate for that specific interrupt. The new interrupt acknowledgement code that the node sends can either be discarded by a router, or repeatedly propagated through the network if the network has circular connections.",G(((corr_interr_code_received) -> X( !( !(send_interr_ack) U(interr_code_prop)))) -> (G(new_interr_code_disc) & G(F(new_interr_code_prop)))),G(send_interr_ack & !interr_code_prop -> (new_interr_code_disc | new_interr_code_prop)),False
BASIC,35,"If the host system tries to send an interrupt acknowledgement too soon after a corresponding interrupt code has been received, i.e. before the interrupt code has propagated across the entire network, the result is indeterminate for that specific interrupt. The new interrupt acknowledgement code that the node sends can either be discarded by a router, or repeatedly propagated through the network if the network has circular connections.",G(((corr_interr_code_received) -> X( !( !(send_interr_ack) U(interr_code_prop)))) -> (G(new_interr_code_disc) & G(F(new_interr_code_prop)))),G(send_interr_ack & !interr_code_prop -> (new_interr_code_disc | new_interr_code_prop)),False
BASIC,35,"If the host system tries to send an interrupt acknowledgement too soon after a corresponding interrupt code has been received, i.e. before the interrupt code has propagated across the entire network, the result is indeterminate for that specific interrupt. The new interrupt acknowledgement code that the node sends can either be discarded by a router, or repeatedly propagated through the network if the network has circular connections.",G(((corr_interr_code_received) -> X( !( !(send_interr_ack) U(interr_code_prop)))) -> (G(new_interr_code_disc) & G(F(new_interr_code_prop)))),G(send_interr_ack & !interr_code_prop -> (new_interr_code_disc | new_interr_code_prop)),False
BASIC,35,"If the host system tries to send an interrupt acknowledgement too soon after a corresponding interrupt code has been received, i.e. before the interrupt code has propagated across the entire network, the result is indeterminate for that specific interrupt. The new interrupt acknowledgement code that the node sends can either be discarded by a router, or repeatedly propagated through the network if the network has circular connections.",G(((corr_interr_code_received) -> X( !( !(send_interr_ack) U(interr_code_prop)))) -> (G(new_interr_code_disc) & G(F(new_interr_code_prop)))),G(send_interr_ack & !interr_code_prop -> (new_interr_code_disc | new_interr_code_prop)),False
BASIC,35,"If the host system tries to send an interrupt acknowledgement too soon after a corresponding interrupt code has been received, i.e. before the interrupt code has propagated across the entire network, the result is indeterminate for that specific interrupt. The new interrupt acknowledgement code that the node sends can either be discarded by a router, or repeatedly propagated through the network if the network has circular connections.",G(((corr_interr_code_received) -> X( !( !(send_interr_ack) U(interr_code_prop)))) -> (G(new_interr_code_disc) & G(F(new_interr_code_prop)))),G (send_interr_ack & !interr_code_prop -> (new_interr_code_disc | new_interr_code_prop)),False
BASIC,35,"If the host system tries to send an interrupt acknowledgement too soon after a corresponding interrupt code has been received, i.e. before the interrupt code has propagated across the entire network, the result is indeterminate for that specific interrupt. The new interrupt acknowledgement code that the node sends can either be discarded by a router, or repeatedly propagated through the network if the network has circular connections.",G(((corr_interr_code_received) -> X( !( !(send_interr_ack) U(interr_code_prop)))) -> (G(new_interr_code_disc) & G(F(new_interr_code_prop)))),G(send_interr_ack & !interr_code_prop -> (new_interr_code_disc | new_interr_code_prop)),False
BASIC,35,"If the host system tries to send an interrupt acknowledgement too soon after a corresponding interrupt code has been received, i.e. before the interrupt code has propagated across the entire network, the result is indeterminate for that specific interrupt. The new interrupt acknowledgement code that the node sends can either be discarded by a router, or repeatedly propagated through the network if the network has circular connections.",G(((corr_interr_code_received) -> X( !( !(send_interr_ack) U(interr_code_prop)))) -> (G(new_interr_code_disc) & G(F(new_interr_code_prop)))),G(send_interr_ack & !interr_code_prop -> (new_interr_code_disc | new_interr_code_prop)),False
BASIC,35,"If the host system tries to send an interrupt acknowledgement too soon after a corresponding interrupt code has been received, i.e. before the interrupt code has propagated across the entire network, the result is indeterminate for that specific interrupt. The new interrupt acknowledgement code that the node sends can either be discarded by a router, or repeatedly propagated through the network if the network has circular connections.",G(((corr_interr_code_received) -> X( !( !(send_interr_ack) U(interr_code_prop)))) -> (G(new_interr_code_disc) & G(F(new_interr_code_prop)))),G(send_interr_ack & !interr_code_prop -> (new_interr_code_disc | new_interr_code_prop)),False
BASIC,35,"If the host system tries to send an interrupt acknowledgement too soon after a corresponding interrupt code has been received, i.e. before the interrupt code has propagated across the entire network, the result is indeterminate for that specific interrupt. The new interrupt acknowledgement code that the node sends can either be discarded by a router, or repeatedly propagated through the network if the network has circular connections.",G(((corr_interr_code_received) -> X( !( !(send_interr_ack) U(interr_code_prop)))) -> (G(new_interr_code_disc) & G(F(new_interr_code_prop)))),G(send_interr_ack & !interr_code_prop -> (new_interr_code_disc | new_interr_code_prop)),False
BASIC,35,"If the host system tries to send an interrupt acknowledgement too soon after a corresponding interrupt code has been received, i.e. before the interrupt code has propagated across the entire network, the result is indeterminate for that specific interrupt. The new interrupt acknowledgement code that the node sends can either be discarded by a router, or repeatedly propagated through the network if the network has circular connections.",G(((corr_interr_code_received) -> X( !( !(send_interr_ack) U(interr_code_prop)))) -> (G(new_interr_code_disc) & G(F(new_interr_code_prop)))),G(send_interr_ack & !interr_code_prop -> (new_interr_code_disc | new_interr_code_prop)),False
BASIC,35,"If the host system tries to send an interrupt acknowledgement too soon after a corresponding interrupt code has been received, i.e. before the interrupt code has propagated across the entire network, the result is indeterminate for that specific interrupt. The new interrupt acknowledgement code that the node sends can either be discarded by a router, or repeatedly propagated through the network if the network has circular connections.",G(((corr_interr_code_received) -> X( !( !(send_interr_ack) U(interr_code_prop)))) -> (G(new_interr_code_disc) & G(F(new_interr_code_prop)))),G(send_interr_ack & !interr_code_prop -> (new_interr_code_disc | new_interr_code_prop)),False
BASIC,35,"If the host system tries to send an interrupt acknowledgement too soon after a corresponding interrupt code has been received, i.e. before the interrupt code has propagated across the entire network, the result is indeterminate for that specific interrupt. The new interrupt acknowledgement code that the node sends can either be discarded by a router, or repeatedly propagated through the network if the network has circular connections.",G(((corr_interr_code_received) -> X( !( !(send_interr_ack) U(interr_code_prop)))) -> (G(new_interr_code_disc) & G(F(new_interr_code_prop)))),G(send_interr_ack & !interr_code_prop -> (new_interr_code_disc | new_interr_code_prop)),False
BASIC,35,"If the host system tries to send an interrupt acknowledgement too soon after a corresponding interrupt code has been received, i.e. before the interrupt code has propagated across the entire network, the result is indeterminate for that specific interrupt. The new interrupt acknowledgement code that the node sends can either be discarded by a router, or repeatedly propagated through the network if the network has circular connections.",G(((corr_interr_code_received) -> X( !( !(send_interr_ack) U(interr_code_prop)))) -> (G(new_interr_code_disc) & G(F(new_interr_code_prop)))),G(send_interr_ack & !interr_code_prop -> (new_interr_code_disc | new_interr_code_prop)),False
BASIC,35,"If the host system tries to send an interrupt acknowledgement too soon after a corresponding interrupt code has been received, i.e. before the interrupt code has propagated across the entire network, the result is indeterminate for that specific interrupt. The new interrupt acknowledgement code that the node sends can either be discarded by a router, or repeatedly propagated through the network if the network has circular connections.",G(((corr_interr_code_received) -> X( !( !(send_interr_ack) U(interr_code_prop)))) -> (G(new_interr_code_disc) & G(F(new_interr_code_prop)))),G(send_interr_ack & !interr_code_prop -> (new_interr_code_disc | new_interr_code_prop)),False
BASIC,35,"If the host system tries to send an interrupt acknowledgement too soon after a corresponding interrupt code has been received, i.e. before the interrupt code has propagated across the entire network, the result is indeterminate for that specific interrupt. The new interrupt acknowledgement code that the node sends can either be discarded by a router, or repeatedly propagated through the network if the network has circular connections.",G(((corr_interr_code_received) -> X( !( !(send_interr_ack) U(interr_code_prop)))) -> (G(new_interr_code_disc) & G(F(new_interr_code_prop)))),G(send_interr_ack & !interr_code_prop -> (new_interr_code_disc | new_interr_code_prop)),False
BASIC,35,"If the host system tries to send an interrupt acknowledgement too soon after a corresponding interrupt code has been received, i.e. before the interrupt code has propagated across the entire network, the result is indeterminate for that specific interrupt. The new interrupt acknowledgement code that the node sends can either be discarded by a router, or repeatedly propagated through the network if the network has circular connections.",G(((corr_interr_code_received) -> X( !( !(send_interr_ack) U(interr_code_prop)))) -> (G(new_interr_code_disc) & G(F(new_interr_code_prop)))),G (send_interr_ack & !interr_code_prop -> (new_interr_code_disc | new_interr_code_prop)),False
BASIC,35,"If the host system tries to send an interrupt acknowledgement too soon after a corresponding interrupt code has been received, i.e. before the interrupt code has propagated across the entire network, the result is indeterminate for that specific interrupt. The new interrupt acknowledgement code that the node sends can either be discarded by a router, or repeatedly propagated through the network if the network has circular connections.",G(((corr_interr_code_received) -> X( !( !(send_interr_ack) U(interr_code_prop)))) -> (G(new_interr_code_disc) & G(F(new_interr_code_prop)))),G(send_interr_ack & !interr_code_prop -> (new_interr_code_disc | new_interr_code_prop)),False
BASIC,35,"If the host system tries to send an interrupt acknowledgement too soon after a corresponding interrupt code has been received, i.e. before the interrupt code has propagated across the entire network, the result is indeterminate for that specific interrupt. The new interrupt acknowledgement code that the node sends can either be discarded by a router, or repeatedly propagated through the network if the network has circular connections.",G(((corr_interr_code_received) -> X( !( !(send_interr_ack) U(interr_code_prop)))) -> (G(new_interr_code_disc) & G(F(new_interr_code_prop)))),G(send_interr_ack & !interr_code_prop -> (new_interr_code_disc | new_interr_code_prop)),False
BASIC,35,"If the host system tries to send an interrupt acknowledgement too soon after a corresponding interrupt code has been received, i.e. before the interrupt code has propagated across the entire network, the result is indeterminate for that specific interrupt. The new interrupt acknowledgement code that the node sends can either be discarded by a router, or repeatedly propagated through the network if the network has circular connections.",G(((corr_interr_code_received) -> X( !( !(send_interr_ack) U(interr_code_prop)))) -> (G(new_interr_code_disc) & G(F(new_interr_code_prop)))),G(send_interr_ack & !interr_code_prop -> (new_interr_code_disc | new_interr_code_prop)),False
BASIC,35,"If the host system tries to send an interrupt acknowledgement too soon after a corresponding interrupt code has been received, i.e. before the interrupt code has propagated across the entire network, the result is indeterminate for that specific interrupt. The new interrupt acknowledgement code that the node sends can either be discarded by a router, or repeatedly propagated through the network if the network has circular connections.",G(((corr_interr_code_received) -> X( !( !(send_interr_ack) U(interr_code_prop)))) -> (G(new_interr_code_disc) & G(F(new_interr_code_prop)))),G(send_interr_ack & !interr_code_prop -> (new_interr_code_disc | new_interr_code_prop)),False
BASIC,35,"If the host system tries to send an interrupt acknowledgement too soon after a corresponding interrupt code has been received, i.e. before the interrupt code has propagated across the entire network, the result is indeterminate for that specific interrupt. The new interrupt acknowledgement code that the node sends can either be discarded by a router, or repeatedly propagated through the network if the network has circular connections.",G(((corr_interr_code_received) -> X( !( !(send_interr_ack) U(interr_code_prop)))) -> (G(new_interr_code_disc) & G(F(new_interr_code_prop)))),G(send_interr_ack & !interr_code_prop -> (new_interr_code_disc | new_interr_code_prop)),False
BASIC,35,"If the host system tries to send an interrupt acknowledgement too soon after a corresponding interrupt code has been received, i.e. before the interrupt code has propagated across the entire network, the result is indeterminate for that specific interrupt. The new interrupt acknowledgement code that the node sends can either be discarded by a router, or repeatedly propagated through the network if the network has circular connections.",G(((corr_interr_code_received) -> X( !( !(send_interr_ack) U(interr_code_prop)))) -> (G(new_interr_code_disc) & G(F(new_interr_code_prop)))),G(send_interr_ack & !interr_code_prop -> (new_interr_code_disc | new_interr_code_prop)),False
BASIC,35,"If the host system tries to send an interrupt acknowledgement too soon after a corresponding interrupt code has been received, i.e. before the interrupt code has propagated across the entire network, the result is indeterminate for that specific interrupt. The new interrupt acknowledgement code that the node sends can either be discarded by a router, or repeatedly propagated through the network if the network has circular connections.",G(((corr_interr_code_received) -> X( !( !(send_interr_ack) U(interr_code_prop)))) -> (G(new_interr_code_disc) & G(F(new_interr_code_prop)))),G(send_interr_ack & !interr_code_prop -> (new_interr_code_disc | new_interr_code_prop)),False
BASIC,35,"If the host system tries to send an interrupt acknowledgement too soon after a corresponding interrupt code has been received, i.e. before the interrupt code has propagated across the entire network, the result is indeterminate for that specific interrupt. The new interrupt acknowledgement code that the node sends can either be discarded by a router, or repeatedly propagated through the network if the network has circular connections.",G(((corr_interr_code_received) -> X( !( !(send_interr_ack) U(interr_code_prop)))) -> (G(new_interr_code_disc) & G(F(new_interr_code_prop)))),G(send_interr_ack & !interr_code_prop -> (new_interr_code_disc | new_interr_code_prop)),False
BASIC,35,"If the host system tries to send an interrupt acknowledgement too soon after a corresponding interrupt code has been received, i.e. before the interrupt code has propagated across the entire network, the result is indeterminate for that specific interrupt. The new interrupt acknowledgement code that the node sends can either be discarded by a router, or repeatedly propagated through the network if the network has circular connections.",G(((corr_interr_code_received) -> X( !( !(send_interr_ack) U(interr_code_prop)))) -> (G(new_interr_code_disc) & G(F(new_interr_code_prop)))),G(send_interr_ack & !interr_code_prop -> (new_interr_code_disc | new_interr_code_prop)),False
BASIC,35,"If the host system tries to send an interrupt acknowledgement too soon after a corresponding interrupt code has been received, i.e. before the interrupt code has propagated across the entire network, the result is indeterminate for that specific interrupt. The new interrupt acknowledgement code that the node sends can either be discarded by a router, or repeatedly propagated through the network if the network has circular connections.",G(((corr_interr_code_received) -> X( !( !(send_interr_ack) U(interr_code_prop)))) -> (G(new_interr_code_disc) & G(F(new_interr_code_prop)))),G(send_interr_ack & !interr_code_prop -> (new_interr_code_disc | new_interr_code_prop)),False
BASIC,35,"If the host system tries to send an interrupt acknowledgement too soon after a corresponding interrupt code has been received, i.e. before the interrupt code has propagated across the entire network, the result is indeterminate for that specific interrupt. The new interrupt acknowledgement code that the node sends can either be discarded by a router, or repeatedly propagated through the network if the network has circular connections.",G(((corr_interr_code_received) -> X( !( !(send_interr_ack) U(interr_code_prop)))) -> (G(new_interr_code_disc) & G(F(new_interr_code_prop)))),G(send_interr_ack & !interr_code_prop -> (new_interr_code_disc | new_interr_code_prop)),False
BASIC,35,"If the host system tries to send an interrupt acknowledgement too soon after a corresponding interrupt code has been received, i.e. before the interrupt code has propagated across the entire network, the result is indeterminate for that specific interrupt. The new interrupt acknowledgement code that the node sends can either be discarded by a router, or repeatedly propagated through the network if the network has circular connections.",G(((corr_interr_code_received) -> X( !( !(send_interr_ack) U(interr_code_prop)))) -> (G(new_interr_code_disc) & G(F(new_interr_code_prop)))),G(send_interr_ack & !interr_code_prop -> (new_interr_code_disc | new_interr_code_prop)),False
BASIC,35,"If the host system tries to send an interrupt acknowledgement too soon after a corresponding interrupt code has been received, i.e. before the interrupt code has propagated across the entire network, the result is indeterminate for that specific interrupt. The new interrupt acknowledgement code that the node sends can either be discarded by a router, or repeatedly propagated through the network if the network has circular connections.",G(((corr_interr_code_received) -> X( !( !(send_interr_ack) U(interr_code_prop)))) -> (G(new_interr_code_disc) & G(F(new_interr_code_prop)))),G(send_interr_ack & !interr_code_prop -> (new_interr_code_disc | new_interr_code_prop)),False
BASIC,35,"If the host system tries to send an interrupt acknowledgement too soon after a corresponding interrupt code has been received, i.e. before the interrupt code has propagated across the entire network, the result is indeterminate for that specific interrupt. The new interrupt acknowledgement code that the node sends can either be discarded by a router, or repeatedly propagated through the network if the network has circular connections.",G(((corr_interr_code_received) -> X( !( !(send_interr_ack) U(interr_code_prop)))) -> (G(new_interr_code_disc) & G(F(new_interr_code_prop)))),G(send_interr_ack & !interr_code_prop -> (new_interr_code_disc | new_interr_code_prop)),False
BASIC,35,"If the host system tries to send an interrupt acknowledgement too soon after a corresponding interrupt code has been received, i.e. before the interrupt code has propagated across the entire network, the result is indeterminate for that specific interrupt. The new interrupt acknowledgement code that the node sends can either be discarded by a router, or repeatedly propagated through the network if the network has circular connections.",G(((corr_interr_code_received) -> X( !( !(send_interr_ack) U(interr_code_prop)))) -> (G(new_interr_code_disc) & G(F(new_interr_code_prop)))),G (send_interr_ack & !interr_code_prop -> (new_interr_code_disc | new_interr_code_prop)),False
BASIC,35,"If the host system tries to send an interrupt acknowledgement too soon after a corresponding interrupt code has been received, i.e. before the interrupt code has propagated across the entire network, the result is indeterminate for that specific interrupt. The new interrupt acknowledgement code that the node sends can either be discarded by a router, or repeatedly propagated through the network if the network has circular connections.",G(((corr_interr_code_received) -> X( !( !(send_interr_ack) U(interr_code_prop)))) -> (G(new_interr_code_disc) & G(F(new_interr_code_prop)))),G(send_interr_ack & !interr_code_prop -> (new_interr_code_disc | new_interr_code_prop)),False
BASIC,35,"If the host system tries to send an interrupt acknowledgement too soon after a corresponding interrupt code has been received, i.e. before the interrupt code has propagated across the entire network, the result is indeterminate for that specific interrupt. The new interrupt acknowledgement code that the node sends can either be discarded by a router, or repeatedly propagated through the network if the network has circular connections.",G(((corr_interr_code_received) -> X( !( !(send_interr_ack) U(interr_code_prop)))) -> (G(new_interr_code_disc) & G(F(new_interr_code_prop)))),G(send_interr_ack & !interr_code_prop -> (new_interr_code_disc | new_interr_code_prop)),False
BASIC,35,"If the host system tries to send an interrupt acknowledgement too soon after a corresponding interrupt code has been received, i.e. before the interrupt code has propagated across the entire network, the result is indeterminate for that specific interrupt. The new interrupt acknowledgement code that the node sends can either be discarded by a router, or repeatedly propagated through the network if the network has circular connections.",G(((corr_interr_code_received) -> X( !( !(send_interr_ack) U(interr_code_prop)))) -> (G(new_interr_code_disc) & G(F(new_interr_code_prop)))),G (send_interr_ack & !interr_code_prop -> (new_interr_code_disc | new_interr_code_prop)),False
BASIC,35,"If the host system tries to send an interrupt acknowledgement too soon after a corresponding interrupt code has been received, i.e. before the interrupt code has propagated across the entire network, the result is indeterminate for that specific interrupt. The new interrupt acknowledgement code that the node sends can either be discarded by a router, or repeatedly propagated through the network if the network has circular connections.",G(((corr_interr_code_received) -> X( !( !(send_interr_ack) U(interr_code_prop)))) -> (G(new_interr_code_disc) & G(F(new_interr_code_prop)))),G(send_interr_ack & !interr_code_prop -> (new_interr_code_disc | new_interr_code_prop)),False
BASIC,35,"If the host system tries to send an interrupt acknowledgement too soon after a corresponding interrupt code has been received, i.e. before the interrupt code has propagated across the entire network, the result is indeterminate for that specific interrupt. The new interrupt acknowledgement code that the node sends can either be discarded by a router, or repeatedly propagated through the network if the network has circular connections.",G(((corr_interr_code_received) -> X( !( !(send_interr_ack) U(interr_code_prop)))) -> (G(new_interr_code_disc) & G(F(new_interr_code_prop)))),G(send_interr_ack & !interr_code_prop -> (new_interr_code_disc | new_interr_code_prop)),False
BASIC,35,"If the host system tries to send an interrupt acknowledgement too soon after a corresponding interrupt code has been received, i.e. before the interrupt code has propagated across the entire network, the result is indeterminate for that specific interrupt. The new interrupt acknowledgement code that the node sends can either be discarded by a router, or repeatedly propagated through the network if the network has circular connections.",G(((corr_interr_code_received) -> X( !( !(send_interr_ack) U(interr_code_prop)))) -> (G(new_interr_code_disc) & G(F(new_interr_code_prop)))),G(send_interr_ack & !interr_code_prop -> (new_interr_code_disc | new_interr_code_prop)),False
BASIC,35,"If the host system tries to send an interrupt acknowledgement too soon after a corresponding interrupt code has been received, i.e. before the interrupt code has propagated across the entire network, the result is indeterminate for that specific interrupt. The new interrupt acknowledgement code that the node sends can either be discarded by a router, or repeatedly propagated through the network if the network has circular connections.",G(((corr_interr_code_received) -> X( !( !(send_interr_ack) U(interr_code_prop)))) -> (G(new_interr_code_disc) & G(F(new_interr_code_prop)))),G(send_interr_ack & !interr_code_prop -> (new_interr_code_disc | new_interr_code_prop)),False
BASIC,35,"If the host system tries to send an interrupt acknowledgement too soon after a corresponding interrupt code has been received, i.e. before the interrupt code has propagated across the entire network, the result is indeterminate for that specific interrupt. The new interrupt acknowledgement code that the node sends can either be discarded by a router, or repeatedly propagated through the network if the network has circular connections.",G(((corr_interr_code_received) -> X( !( !(send_interr_ack) U(interr_code_prop)))) -> (G(new_interr_code_disc) & G(F(new_interr_code_prop)))),G(send_interr_ack & !interr_code_prop -> (new_interr_code_disc | new_interr_code_prop)),False
BASIC,35,"If the host system tries to send an interrupt acknowledgement too soon after a corresponding interrupt code has been received, i.e. before the interrupt code has propagated across the entire network, the result is indeterminate for that specific interrupt. The new interrupt acknowledgement code that the node sends can either be discarded by a router, or repeatedly propagated through the network if the network has circular connections.",G(((corr_interr_code_received) -> X( !( !(send_interr_ack) U(interr_code_prop)))) -> (G(new_interr_code_disc) & G(F(new_interr_code_prop)))),G (send_interr_ack & !interr_code_prop -> (new_interr_code_disc | new_interr_code_prop)),False
BASIC,35,"If the host system tries to send an interrupt acknowledgement too soon after a corresponding interrupt code has been received, i.e. before the interrupt code has propagated across the entire network, the result is indeterminate for that specific interrupt. The new interrupt acknowledgement code that the node sends can either be discarded by a router, or repeatedly propagated through the network if the network has circular connections.",G(((corr_interr_code_received) -> X( !( !(send_interr_ack) U(interr_code_prop)))) -> (G(new_interr_code_disc) & G(F(new_interr_code_prop)))),G(send_interr_ack & !interr_code_prop -> (new_interr_code_disc | new_interr_code_prop)),False
BASIC,35,"If the host system tries to send an interrupt acknowledgement too soon after a corresponding interrupt code has been received, i.e. before the interrupt code has propagated across the entire network, the result is indeterminate for that specific interrupt. The new interrupt acknowledgement code that the node sends can either be discarded by a router, or repeatedly propagated through the network if the network has circular connections.",G(((corr_interr_code_received) -> X( !( !(send_interr_ack) U(interr_code_prop)))) -> (G(new_interr_code_disc) & G(F(new_interr_code_prop)))),G(send_interr_ack & !interr_code_prop -> (new_interr_code_disc | new_interr_code_prop)),False
BASIC,35,"If the host system tries to send an interrupt acknowledgement too soon after a corresponding interrupt code has been received, i.e. before the interrupt code has propagated across the entire network, the result is indeterminate for that specific interrupt. The new interrupt acknowledgement code that the node sends can either be discarded by a router, or repeatedly propagated through the network if the network has circular connections.",G(((corr_interr_code_received) -> X( !( !(send_interr_ack) U(interr_code_prop)))) -> (G(new_interr_code_disc) & G(F(new_interr_code_prop)))),G(send_interr_ack & !interr_code_prop -> (new_interr_code_disc | new_interr_code_prop)),False
BASIC,35,"If the host system tries to send an interrupt acknowledgement too soon after a corresponding interrupt code has been received, i.e. before the interrupt code has propagated across the entire network, the result is indeterminate for that specific interrupt. The new interrupt acknowledgement code that the node sends can either be discarded by a router, or repeatedly propagated through the network if the network has circular connections.",G(((corr_interr_code_received) -> X( !( !(send_interr_ack) U(interr_code_prop)))) -> (G(new_interr_code_disc) & G(F(new_interr_code_prop)))),G(send_interr_ack & !interr_code_prop -> (new_interr_code_disc | new_interr_code_prop)),False
BASIC,35,"If the host system tries to send an interrupt acknowledgement too soon after a corresponding interrupt code has been received, i.e. before the interrupt code has propagated across the entire network, the result is indeterminate for that specific interrupt. The new interrupt acknowledgement code that the node sends can either be discarded by a router, or repeatedly propagated through the network if the network has circular connections.",G(((corr_interr_code_received) -> X( !( !(send_interr_ack) U(interr_code_prop)))) -> (G(new_interr_code_disc) & G(F(new_interr_code_prop)))),G(send_interr_ack & !interr_code_prop -> (new_interr_code_disc | new_interr_code_prop)),False
BASIC,35,"If the host system tries to send an interrupt acknowledgement too soon after a corresponding interrupt code has been received, i.e. before the interrupt code has propagated across the entire network, the result is indeterminate for that specific interrupt. The new interrupt acknowledgement code that the node sends can either be discarded by a router, or repeatedly propagated through the network if the network has circular connections.",G(((corr_interr_code_received) -> X( !( !(send_interr_ack) U(interr_code_prop)))) -> (G(new_interr_code_disc) & G(F(new_interr_code_prop)))),G(send_interr_ack & !interr_code_prop -> (new_interr_code_disc | new_interr_code_prop)),False
BASIC,35,"If the host system tries to send an interrupt acknowledgement too soon after a corresponding interrupt code has been received, i.e. before the interrupt code has propagated across the entire network, the result is indeterminate for that specific interrupt. The new interrupt acknowledgement code that the node sends can either be discarded by a router, or repeatedly propagated through the network if the network has circular connections.",G(((corr_interr_code_received) -> X( !( !(send_interr_ack) U(interr_code_prop)))) -> (G(new_interr_code_disc) & G(F(new_interr_code_prop)))),G(send_interr_ack & !interr_code_prop -> (new_interr_code_disc | new_interr_code_prop)),False
BASIC,35,"If the host system tries to send an interrupt acknowledgement too soon after a corresponding interrupt code has been received, i.e. before the interrupt code has propagated across the entire network, the result is indeterminate for that specific interrupt. The new interrupt acknowledgement code that the node sends can either be discarded by a router, or repeatedly propagated through the network if the network has circular connections.",G(((corr_interr_code_received) -> X( !( !(send_interr_ack) U(interr_code_prop)))) -> (G(new_interr_code_disc) & G(F(new_interr_code_prop)))),G(send_interr_ack & !interr_code_prop -> (new_interr_code_disc | new_interr_code_prop)),False
BASIC,35,"If the host system tries to send an interrupt acknowledgement too soon after a corresponding interrupt code has been received, i.e. before the interrupt code has propagated across the entire network, the result is indeterminate for that specific interrupt. The new interrupt acknowledgement code that the node sends can either be discarded by a router, or repeatedly propagated through the network if the network has circular connections.",G(((corr_interr_code_received) -> X( !( !(send_interr_ack) U(interr_code_prop)))) -> (G(new_interr_code_disc) & G(F(new_interr_code_prop)))),G(send_interr_ack & !interr_code_prop -> (new_interr_code_disc | new_interr_code_prop)),False
BASIC,35,"If the host system tries to send an interrupt acknowledgement too soon after a corresponding interrupt code has been received, i.e. before the interrupt code has propagated across the entire network, the result is indeterminate for that specific interrupt. The new interrupt acknowledgement code that the node sends can either be discarded by a router, or repeatedly propagated through the network if the network has circular connections.",G(((corr_interr_code_received) -> X( !( !(send_interr_ack) U(interr_code_prop)))) -> (G(new_interr_code_disc) & G(F(new_interr_code_prop)))),G(send_interr_ack & !interr_code_prop -> (new_interr_code_disc | new_interr_code_prop)),False
BASIC,35,"If the host system tries to send an interrupt acknowledgement too soon after a corresponding interrupt code has been received, i.e. before the interrupt code has propagated across the entire network, the result is indeterminate for that specific interrupt. The new interrupt acknowledgement code that the node sends can either be discarded by a router, or repeatedly propagated through the network if the network has circular connections.",G(((corr_interr_code_received) -> X( !( !(send_interr_ack) U(interr_code_prop)))) -> (G(new_interr_code_disc) & G(F(new_interr_code_prop)))),G(send_interr_ack & !interr_code_prop -> (new_interr_code_disc | new_interr_code_prop)),False
BASIC,35,"If the host system tries to send an interrupt acknowledgement too soon after a corresponding interrupt code has been received, i.e. before the interrupt code has propagated across the entire network, the result is indeterminate for that specific interrupt. The new interrupt acknowledgement code that the node sends can either be discarded by a router, or repeatedly propagated through the network if the network has circular connections.",G(((corr_interr_code_received) -> X( !( !(send_interr_ack) U(interr_code_prop)))) -> (G(new_interr_code_disc) & G(F(new_interr_code_prop)))),G(send_interr_ack & !interr_code_prop -> (new_interr_code_disc | new_interr_code_prop)),False
BASIC,35,"If the host system tries to send an interrupt acknowledgement too soon after a corresponding interrupt code has been received, i.e. before the interrupt code has propagated across the entire network, the result is indeterminate for that specific interrupt. The new interrupt acknowledgement code that the node sends can either be discarded by a router, or repeatedly propagated through the network if the network has circular connections.",G(((corr_interr_code_received) -> X( !( !(send_interr_ack) U(interr_code_prop)))) -> (G(new_interr_code_disc) & G(F(new_interr_code_prop)))),G (send_interr_ack & !interr_code_prop -> (new_interr_code_disc | new_interr_code_prop)),False
BASIC,35,"If the host system tries to send an interrupt acknowledgement too soon after a corresponding interrupt code has been received, i.e. before the interrupt code has propagated across the entire network, the result is indeterminate for that specific interrupt. The new interrupt acknowledgement code that the node sends can either be discarded by a router, or repeatedly propagated through the network if the network has circular connections.",G(((corr_interr_code_received) -> X( !( !(send_interr_ack) U(interr_code_prop)))) -> (G(new_interr_code_disc) & G(F(new_interr_code_prop)))),G(send_interr_ack & !interr_code_prop -> (new_interr_code_disc | new_interr_code_prop)),False
BASIC,35,"If the host system tries to send an interrupt acknowledgement too soon after a corresponding interrupt code has been received, i.e. before the interrupt code has propagated across the entire network, the result is indeterminate for that specific interrupt. The new interrupt acknowledgement code that the node sends can either be discarded by a router, or repeatedly propagated through the network if the network has circular connections.",G(((corr_interr_code_received) -> X( !( !(send_interr_ack) U(interr_code_prop)))) -> (G(new_interr_code_disc) & G(F(new_interr_code_prop)))),G(send_interr_ack & !interr_code_prop -> (new_interr_code_disc | new_interr_code_prop)),False
BASIC,35,"If the host system tries to send an interrupt acknowledgement too soon after a corresponding interrupt code has been received, i.e. before the interrupt code has propagated across the entire network, the result is indeterminate for that specific interrupt. The new interrupt acknowledgement code that the node sends can either be discarded by a router, or repeatedly propagated through the network if the network has circular connections.",G(((corr_interr_code_received) -> X( !( !(send_interr_ack) U(interr_code_prop)))) -> (G(new_interr_code_disc) & G(F(new_interr_code_prop)))),G(send_interr_ack & !interr_code_prop -> (new_interr_code_disc | new_interr_code_prop)),False
BASIC,35,"If the host system tries to send an interrupt acknowledgement too soon after a corresponding interrupt code has been received, i.e. before the interrupt code has propagated across the entire network, the result is indeterminate for that specific interrupt. The new interrupt acknowledgement code that the node sends can either be discarded by a router, or repeatedly propagated through the network if the network has circular connections.",G(((corr_interr_code_received) -> X( !( !(send_interr_ack) U(interr_code_prop)))) -> (G(new_interr_code_disc) & G(F(new_interr_code_prop)))),G(send_interr_ack & !interr_code_prop -> (new_interr_code_disc | new_interr_code_prop)),False
BASIC,35,"If the host system tries to send an interrupt acknowledgement too soon after a corresponding interrupt code has been received, i.e. before the interrupt code has propagated across the entire network, the result is indeterminate for that specific interrupt. The new interrupt acknowledgement code that the node sends can either be discarded by a router, or repeatedly propagated through the network if the network has circular connections.",G(((corr_interr_code_received) -> X( !( !(send_interr_ack) U(interr_code_prop)))) -> (G(new_interr_code_disc) & G(F(new_interr_code_prop)))),G(send_interr_ack & !interr_code_prop -> (new_interr_code_disc | new_interr_code_prop)),False
BASIC,35,"If the host system tries to send an interrupt acknowledgement too soon after a corresponding interrupt code has been received, i.e. before the interrupt code has propagated across the entire network, the result is indeterminate for that specific interrupt. The new interrupt acknowledgement code that the node sends can either be discarded by a router, or repeatedly propagated through the network if the network has circular connections.",G(((corr_interr_code_received) -> X( !( !(send_interr_ack) U(interr_code_prop)))) -> (G(new_interr_code_disc) & G(F(new_interr_code_prop)))),G(send_interr_ack & !interr_code_prop -> (new_interr_code_disc | new_interr_code_prop)),False
BASIC,35,"If the host system tries to send an interrupt acknowledgement too soon after a corresponding interrupt code has been received, i.e. before the interrupt code has propagated across the entire network, the result is indeterminate for that specific interrupt. The new interrupt acknowledgement code that the node sends can either be discarded by a router, or repeatedly propagated through the network if the network has circular connections.",G(((corr_interr_code_received) -> X( !( !(send_interr_ack) U(interr_code_prop)))) -> (G(new_interr_code_disc) & G(F(new_interr_code_prop)))),G (send_interr_ack & !interr_code_prop -> (new_interr_code_disc | new_interr_code_prop)),False
BASIC,35,"If the host system tries to send an interrupt acknowledgement too soon after a corresponding interrupt code has been received, i.e. before the interrupt code has propagated across the entire network, the result is indeterminate for that specific interrupt. The new interrupt acknowledgement code that the node sends can either be discarded by a router, or repeatedly propagated through the network if the network has circular connections.",G(((corr_interr_code_received) -> X( !( !(send_interr_ack) U(interr_code_prop)))) -> (G(new_interr_code_disc) & G(F(new_interr_code_prop)))),G(send_interr_ack & !interr_code_prop -> (new_interr_code_disc | new_interr_code_prop)),False
BASIC,35,"If the host system tries to send an interrupt acknowledgement too soon after a corresponding interrupt code has been received, i.e. before the interrupt code has propagated across the entire network, the result is indeterminate for that specific interrupt. The new interrupt acknowledgement code that the node sends can either be discarded by a router, or repeatedly propagated through the network if the network has circular connections.",G(((corr_interr_code_received) -> X( !( !(send_interr_ack) U(interr_code_prop)))) -> (G(new_interr_code_disc) & G(F(new_interr_code_prop)))),G (send_interr_ack & !interr_code_prop -> (new_interr_code_disc | new_interr_code_prop)),False
BASIC,35,"If the host system tries to send an interrupt acknowledgement too soon after a corresponding interrupt code has been received, i.e. before the interrupt code has propagated across the entire network, the result is indeterminate for that specific interrupt. The new interrupt acknowledgement code that the node sends can either be discarded by a router, or repeatedly propagated through the network if the network has circular connections.",G(((corr_interr_code_received) -> X( !( !(send_interr_ack) U(interr_code_prop)))) -> (G(new_interr_code_disc) & G(F(new_interr_code_prop)))),G(send_interr_ack & !interr_code_prop -> (new_interr_code_disc | new_interr_code_prop)),False
BASIC,35,"If the host system tries to send an interrupt acknowledgement too soon after a corresponding interrupt code has been received, i.e. before the interrupt code has propagated across the entire network, the result is indeterminate for that specific interrupt. The new interrupt acknowledgement code that the node sends can either be discarded by a router, or repeatedly propagated through the network if the network has circular connections.",G(((corr_interr_code_received) -> X( !( !(send_interr_ack) U(interr_code_prop)))) -> (G(new_interr_code_disc) & G(F(new_interr_code_prop)))),G(send_interr_ack & !interr_code_prop -> (new_interr_code_disc | new_interr_code_prop)),False
BASIC,35,"If the host system tries to send an interrupt acknowledgement too soon after a corresponding interrupt code has been received, i.e. before the interrupt code has propagated across the entire network, the result is indeterminate for that specific interrupt. The new interrupt acknowledgement code that the node sends can either be discarded by a router, or repeatedly propagated through the network if the network has circular connections.",G(((corr_interr_code_received) -> X( !( !(send_interr_ack) U(interr_code_prop)))) -> (G(new_interr_code_disc) & G(F(new_interr_code_prop)))),G(send_interr_ack & !interr_code_prop -> (new_interr_code_disc | new_interr_code_prop)),False
BASIC,35,"If the host system tries to send an interrupt acknowledgement too soon after a corresponding interrupt code has been received, i.e. before the interrupt code has propagated across the entire network, the result is indeterminate for that specific interrupt. The new interrupt acknowledgement code that the node sends can either be discarded by a router, or repeatedly propagated through the network if the network has circular connections.",G(((corr_interr_code_received) -> X( !( !(send_interr_ack) U(interr_code_prop)))) -> (G(new_interr_code_disc) & G(F(new_interr_code_prop)))),G (send_interr_ack & !interr_code_prop -> (new_interr_code_disc | new_interr_code_prop)),False
BASIC,35,"If the host system tries to send an interrupt acknowledgement too soon after a corresponding interrupt code has been received, i.e. before the interrupt code has propagated across the entire network, the result is indeterminate for that specific interrupt. The new interrupt acknowledgement code that the node sends can either be discarded by a router, or repeatedly propagated through the network if the network has circular connections.",G(((corr_interr_code_received) -> X( !( !(send_interr_ack) U(interr_code_prop)))) -> (G(new_interr_code_disc) & G(F(new_interr_code_prop)))),G (send_interr_ack & !interr_code_prop -> (new_interr_code_disc | new_interr_code_prop)),False
BASIC,35,"If the host system tries to send an interrupt acknowledgement too soon after a corresponding interrupt code has been received, i.e. before the interrupt code has propagated across the entire network, the result is indeterminate for that specific interrupt. The new interrupt acknowledgement code that the node sends can either be discarded by a router, or repeatedly propagated through the network if the network has circular connections.",G(((corr_interr_code_received) -> X( !( !(send_interr_ack) U(interr_code_prop)))) -> (G(new_interr_code_disc) & G(F(new_interr_code_prop)))),G(send_interr_ack & !interr_code_prop -> (new_interr_code_disc | new_interr_code_prop)),False
BASIC,35,"If the host system tries to send an interrupt acknowledgement too soon after a corresponding interrupt code has been received, i.e. before the interrupt code has propagated across the entire network, the result is indeterminate for that specific interrupt. The new interrupt acknowledgement code that the node sends can either be discarded by a router, or repeatedly propagated through the network if the network has circular connections.",G(((corr_interr_code_received) -> X( !( !(send_interr_ack) U(interr_code_prop)))) -> (G(new_interr_code_disc) & G(F(new_interr_code_prop)))),G(send_interr_ack & !interr_code_prop -> (new_interr_code_disc | new_interr_code_prop)),False
BASIC,35,"If the host system tries to send an interrupt acknowledgement too soon after a corresponding interrupt code has been received, i.e. before the interrupt code has propagated across the entire network, the result is indeterminate for that specific interrupt. The new interrupt acknowledgement code that the node sends can either be discarded by a router, or repeatedly propagated through the network if the network has circular connections.",G(((corr_interr_code_received) -> X( !( !(send_interr_ack) U(interr_code_prop)))) -> (G(new_interr_code_disc) & G(F(new_interr_code_prop)))),G(send_interr_ack & !interr_code_prop -> (new_interr_code_disc | new_interr_code_prop)),False
BASIC,35,"If the host system tries to send an interrupt acknowledgement too soon after a corresponding interrupt code has been received, i.e. before the interrupt code has propagated across the entire network, the result is indeterminate for that specific interrupt. The new interrupt acknowledgement code that the node sends can either be discarded by a router, or repeatedly propagated through the network if the network has circular connections.",G(((corr_interr_code_received) -> X( !( !(send_interr_ack) U(interr_code_prop)))) -> (G(new_interr_code_disc) & G(F(new_interr_code_prop)))),G(send_interr_ack & !interr_code_prop -> (new_interr_code_disc | new_interr_code_prop)),False
BASIC,35,"If the host system tries to send an interrupt acknowledgement too soon after a corresponding interrupt code has been received, i.e. before the interrupt code has propagated across the entire network, the result is indeterminate for that specific interrupt. The new interrupt acknowledgement code that the node sends can either be discarded by a router, or repeatedly propagated through the network if the network has circular connections.",G(((corr_interr_code_received) -> X( !( !(send_interr_ack) U(interr_code_prop)))) -> (G(new_interr_code_disc) & G(F(new_interr_code_prop)))),G(send_interr_ack & !interr_code_prop -> (new_interr_code_disc | new_interr_code_prop)),False
BASIC,35,"If the host system tries to send an interrupt acknowledgement too soon after a corresponding interrupt code has been received, i.e. before the interrupt code has propagated across the entire network, the result is indeterminate for that specific interrupt. The new interrupt acknowledgement code that the node sends can either be discarded by a router, or repeatedly propagated through the network if the network has circular connections.",G(((corr_interr_code_received) -> X( !( !(send_interr_ack) U(interr_code_prop)))) -> (G(new_interr_code_disc) & G(F(new_interr_code_prop)))),G(send_interr_ack & !interr_code_prop -> (new_interr_code_disc | new_interr_code_prop)),False
BASIC,35,"If the host system tries to send an interrupt acknowledgement too soon after a corresponding interrupt code has been received, i.e. before the interrupt code has propagated across the entire network, the result is indeterminate for that specific interrupt. The new interrupt acknowledgement code that the node sends can either be discarded by a router, or repeatedly propagated through the network if the network has circular connections.",G(((corr_interr_code_received) -> X( !( !(send_interr_ack) U(interr_code_prop)))) -> (G(new_interr_code_disc) & G(F(new_interr_code_prop)))),G (send_interr_ack & !interr_code_prop -> (new_interr_code_disc | new_interr_code_prop)),False
