PROMPTTYPE,Index,Requirement,Ground Truth,Response,Equivalent
ARTEMIS,1,If enqueue(d1) then enqueue(d2) then (Subsequent calls that enqueue d1 and d2 followed by start of),G ((call_Enqueue_d1 & (!return_Dequeue_d1 U (call_Enqueue_d2 & (!return_Dequeue_d1 & !return_Dequeue_d2 U call_Bottom_Up)))) -> F (call_Bottom_Up & F (call_P_d2 & F call_P_d1))),G(call_Enqueue_d1 -> F(call_Enqueue_d2 -> F(call_Enqueue_d1 & F(call_Enqueue_d2 & F(call_Bottom_Up))))),False
ARTEMIS,1,If enqueue(d1) then enqueue(d2) then (Subsequent calls that enqueue d1 and d2 followed by start of),G ((call_Enqueue_d1 & (!return_Dequeue_d1 U (call_Enqueue_d2 & (!return_Dequeue_d1 & !return_Dequeue_d2 U call_Bottom_Up)))) -> F (call_Bottom_Up & F (call_P_d2 & F call_P_d1))),G(call_Enqueue_d1 -> F(call_Enqueue_d2 -> F(call_Enqueue_d1 & F(call_Enqueue_d2 & F(call_Bottom_Up))))),False
ARTEMIS,1,If enqueue(d1) then enqueue(d2) then (Subsequent calls that enqueue d1 and d2 followed by start of),G ((call_Enqueue_d1 & (!return_Dequeue_d1 U (call_Enqueue_d2 & (!return_Dequeue_d1 & !return_Dequeue_d2 U call_Bottom_Up)))) -> F (call_Bottom_Up & F (call_P_d2 & F call_P_d1))),G(call_Enqueue_d1 -> F(call_Enqueue_d2 -> F(call_Enqueue_d1 & F(call_Enqueue_d2 & F(call_Bottom_Up))))),False
ARTEMIS,1,If enqueue(d1) then enqueue(d2) then (Subsequent calls that enqueue d1 and d2 followed by start of),G ((call_Enqueue_d1 & (!return_Dequeue_d1 U (call_Enqueue_d2 & (!return_Dequeue_d1 & !return_Dequeue_d2 U call_Bottom_Up)))) -> F (call_Bottom_Up & F (call_P_d2 & F call_P_d1))),G(call_Enqueue_d1 -> F(call_Enqueue_d2 -> F(call_Enqueue_d1 & F(call_Enqueue_d2)))),False
ARTEMIS,1,If enqueue(d1) then enqueue(d2) then (Subsequent calls that enqueue d1 and d2 followed by start of),G ((call_Enqueue_d1 & (!return_Dequeue_d1 U (call_Enqueue_d2 & (!return_Dequeue_d1 & !return_Dequeue_d2 U call_Bottom_Up)))) -> F (call_Bottom_Up & F (call_P_d2 & F call_P_d1))),G(call_Enqueue_d1 -> F(call_Enqueue_d2 -> F(call_Enqueue_d1 & F(call_Enqueue_d2)))),False
ARTEMIS,1,If enqueue(d1) then enqueue(d2) then (Subsequent calls that enqueue d1 and d2 followed by start of),G ((call_Enqueue_d1 & (!return_Dequeue_d1 U (call_Enqueue_d2 & (!return_Dequeue_d1 & !return_Dequeue_d2 U call_Bottom_Up)))) -> F (call_Bottom_Up & F (call_P_d2 & F call_P_d1))),G(call_Enqueue_d1 -> F(call_Enqueue_d2 -> F(call_Enqueue_d1 & F(call_Enqueue_d2 & F(call_Bottom_Up))))),False
ARTEMIS,1,If enqueue(d1) then enqueue(d2) then (Subsequent calls that enqueue d1 and d2 followed by start of),G ((call_Enqueue_d1 & (!return_Dequeue_d1 U (call_Enqueue_d2 & (!return_Dequeue_d1 & !return_Dequeue_d2 U call_Bottom_Up)))) -> F (call_Bottom_Up & F (call_P_d2 & F call_P_d1))),G(call_Enqueue_d1 -> F(call_Enqueue_d2 -> F(call_Enqueue_d1 & F(call_Enqueue_d2 & F(call_Bottom_Up))))),False
ARTEMIS,1,If enqueue(d1) then enqueue(d2) then (Subsequent calls that enqueue d1 and d2 followed by start of),G ((call_Enqueue_d1 & (!return_Dequeue_d1 U (call_Enqueue_d2 & (!return_Dequeue_d1 & !return_Dequeue_d2 U call_Bottom_Up)))) -> F (call_Bottom_Up & F (call_P_d2 & F call_P_d1))),G(call_Enqueue_d1 -> F(call_Enqueue_d2 -> F(call_Enqueue_d1 & F(call_Enqueue_d2 & F(call_Bottom_Up))))),False
ARTEMIS,1,If enqueue(d1) then enqueue(d2) then (Subsequent calls that enqueue d1 and d2 followed by start of),G ((call_Enqueue_d1 & (!return_Dequeue_d1 U (call_Enqueue_d2 & (!return_Dequeue_d1 & !return_Dequeue_d2 U call_Bottom_Up)))) -> F (call_Bottom_Up & F (call_P_d2 & F call_P_d1))),G(call_Enqueue_d1 -> F(call_Enqueue_d2 -> F(call_Enqueue_d1 & F(call_Enqueue_d2)))),False
ARTEMIS,1,If enqueue(d1) then enqueue(d2) then (Subsequent calls that enqueue d1 and d2 followed by start of),G ((call_Enqueue_d1 & (!return_Dequeue_d1 U (call_Enqueue_d2 & (!return_Dequeue_d1 & !return_Dequeue_d2 U call_Bottom_Up)))) -> F (call_Bottom_Up & F (call_P_d2 & F call_P_d1))),G(call_Enqueue_d1 -> F(call_Enqueue_d2 -> F(call_Enqueue_d1 & F(call_Enqueue_d2 & F(call_Bottom_Up))))),False
ARTEMIS,1,If enqueue(d1) then enqueue(d2) then (Subsequent calls that enqueue d1 and d2 followed by start of),G ((call_Enqueue_d1 & (!return_Dequeue_d1 U (call_Enqueue_d2 & (!return_Dequeue_d1 & !return_Dequeue_d2 U call_Bottom_Up)))) -> F (call_Bottom_Up & F (call_P_d2 & F call_P_d1))),G(call_Enqueue_d1 -> F(call_Enqueue_d2 -> F(call_Enqueue_d1 & F(call_Enqueue_d2 & F(call_Bottom_Up))))),False
ARTEMIS,1,If enqueue(d1) then enqueue(d2) then (Subsequent calls that enqueue d1 and d2 followed by start of),G ((call_Enqueue_d1 & (!return_Dequeue_d1 U (call_Enqueue_d2 & (!return_Dequeue_d1 & !return_Dequeue_d2 U call_Bottom_Up)))) -> F (call_Bottom_Up & F (call_P_d2 & F call_P_d1))),G(call_Enqueue_d1 -> F(call_Enqueue_d2 -> F(call_Enqueue_d1 & F(call_Enqueue_d2 & F(call_Bottom_Up))))),False
ARTEMIS,1,If enqueue(d1) then enqueue(d2) then (Subsequent calls that enqueue d1 and d2 followed by start of),G ((call_Enqueue_d1 & (!return_Dequeue_d1 U (call_Enqueue_d2 & (!return_Dequeue_d1 & !return_Dequeue_d2 U call_Bottom_Up)))) -> F (call_Bottom_Up & F (call_P_d2 & F call_P_d1))),G(call_Enqueue_d1 -> F(call_Enqueue_d2 -> F(call_Enqueue_d1 & F(call_Enqueue_d2 & F(call_Bottom_Up))))),False
ARTEMIS,1,If enqueue(d1) then enqueue(d2) then (Subsequent calls that enqueue d1 and d2 followed by start of),G ((call_Enqueue_d1 & (!return_Dequeue_d1 U (call_Enqueue_d2 & (!return_Dequeue_d1 & !return_Dequeue_d2 U call_Bottom_Up)))) -> F (call_Bottom_Up & F (call_P_d2 & F call_P_d1))),G(call_Enqueue_d1 -> F(call_Enqueue_d2 -> F(call_Enqueue_d1 & F(call_Enqueue_d2 & F(call_Bottom_Up))))),False
ARTEMIS,1,If enqueue(d1) then enqueue(d2) then (Subsequent calls that enqueue d1 and d2 followed by start of),G ((call_Enqueue_d1 & (!return_Dequeue_d1 U (call_Enqueue_d2 & (!return_Dequeue_d1 & !return_Dequeue_d2 U call_Bottom_Up)))) -> F (call_Bottom_Up & F (call_P_d2 & F call_P_d1))),G(call_Enqueue_d1 -> F(call_Enqueue_d2 -> F(call_Enqueue_d1 & F(call_Enqueue_d2 & F(call_Bottom_Up))))),False
ARTEMIS,1,If enqueue(d1) then enqueue(d2) then (Subsequent calls that enqueue d1 and d2 followed by start of),G ((call_Enqueue_d1 & (!return_Dequeue_d1 U (call_Enqueue_d2 & (!return_Dequeue_d1 & !return_Dequeue_d2 U call_Bottom_Up)))) -> F (call_Bottom_Up & F (call_P_d2 & F call_P_d1))),G(call_Enqueue_d1 -> F(call_Enqueue_d2 -> F(call_Enqueue_d1 & F(call_Enqueue_d2 & F(call_Bottom_Up))))),False
ARTEMIS,1,If enqueue(d1) then enqueue(d2) then (Subsequent calls that enqueue d1 and d2 followed by start of),G ((call_Enqueue_d1 & (!return_Dequeue_d1 U (call_Enqueue_d2 & (!return_Dequeue_d1 & !return_Dequeue_d2 U call_Bottom_Up)))) -> F (call_Bottom_Up & F (call_P_d2 & F call_P_d1))),G(call_Enqueue_d1 -> F(call_Enqueue_d2 -> F(call_Enqueue_d1 & F(call_Enqueue_d2 & F(call_Bottom_Up))))),False
ARTEMIS,1,If enqueue(d1) then enqueue(d2) then (Subsequent calls that enqueue d1 and d2 followed by start of),G ((call_Enqueue_d1 & (!return_Dequeue_d1 U (call_Enqueue_d2 & (!return_Dequeue_d1 & !return_Dequeue_d2 U call_Bottom_Up)))) -> F (call_Bottom_Up & F (call_P_d2 & F call_P_d1))),G(call_Enqueue_d1 -> F(call_Enqueue_d2 -> F(call_Enqueue_d1 & F(call_Enqueue_d2)))),False
ARTEMIS,1,If enqueue(d1) then enqueue(d2) then (Subsequent calls that enqueue d1 and d2 followed by start of),G ((call_Enqueue_d1 & (!return_Dequeue_d1 U (call_Enqueue_d2 & (!return_Dequeue_d1 & !return_Dequeue_d2 U call_Bottom_Up)))) -> F (call_Bottom_Up & F (call_P_d2 & F call_P_d1))),G(call_Enqueue_d1 -> F(call_Enqueue_d2 -> F(call_Enqueue_d1 & F(call_Enqueue_d2 & F(call_Bottom_Up))))),False
ARTEMIS,1,If enqueue(d1) then enqueue(d2) then (Subsequent calls that enqueue d1 and d2 followed by start of),G ((call_Enqueue_d1 & (!return_Dequeue_d1 U (call_Enqueue_d2 & (!return_Dequeue_d1 & !return_Dequeue_d2 U call_Bottom_Up)))) -> F (call_Bottom_Up & F (call_P_d2 & F call_P_d1))),G(call_Enqueue_d1 -> F(call_Enqueue_d2 -> F(call_Enqueue_d1 & F(call_Enqueue_d2 & F(call_Bottom_Up))))),False
ARTEMIS,1,If enqueue(d1) then enqueue(d2) then (Subsequent calls that enqueue d1 and d2 followed by start of),G ((call_Enqueue_d1 & (!return_Dequeue_d1 U (call_Enqueue_d2 & (!return_Dequeue_d1 & !return_Dequeue_d2 U call_Bottom_Up)))) -> F (call_Bottom_Up & F (call_P_d2 & F call_P_d1))),G(call_Enqueue_d1 -> F(call_Enqueue_d2 -> F(call_Enqueue_d1 & F(call_Enqueue_d2 & F(call_Bottom_Up))))),False
ARTEMIS,1,If enqueue(d1) then enqueue(d2) then (Subsequent calls that enqueue d1 and d2 followed by start of),G ((call_Enqueue_d1 & (!return_Dequeue_d1 U (call_Enqueue_d2 & (!return_Dequeue_d1 & !return_Dequeue_d2 U call_Bottom_Up)))) -> F (call_Bottom_Up & F (call_P_d2 & F call_P_d1))),G(call_Enqueue_d1 -> F(call_Enqueue_d2 -> F(call_Enqueue_d1 & F(call_Enqueue_d2 & F(call_Bottom_Up))))),False
ARTEMIS,1,If enqueue(d1) then enqueue(d2) then (Subsequent calls that enqueue d1 and d2 followed by start of),G ((call_Enqueue_d1 & (!return_Dequeue_d1 U (call_Enqueue_d2 & (!return_Dequeue_d1 & !return_Dequeue_d2 U call_Bottom_Up)))) -> F (call_Bottom_Up & F (call_P_d2 & F call_P_d1))),G(call_Enqueue_d1 -> F(call_Enqueue_d2 -> F(call_Enqueue_d1 & F(call_Enqueue_d2 & F(call_Bottom_Up))))),False
ARTEMIS,1,If enqueue(d1) then enqueue(d2) then (Subsequent calls that enqueue d1 and d2 followed by start of),G ((call_Enqueue_d1 & (!return_Dequeue_d1 U (call_Enqueue_d2 & (!return_Dequeue_d1 & !return_Dequeue_d2 U call_Bottom_Up)))) -> F (call_Bottom_Up & F (call_P_d2 & F call_P_d1))),G(call_Enqueue_d1 -> F(call_Enqueue_d2 -> F(call_Enqueue_d1 & F(call_Enqueue_d2)))),False
ARTEMIS,1,If enqueue(d1) then enqueue(d2) then (Subsequent calls that enqueue d1 and d2 followed by start of),G ((call_Enqueue_d1 & (!return_Dequeue_d1 U (call_Enqueue_d2 & (!return_Dequeue_d1 & !return_Dequeue_d2 U call_Bottom_Up)))) -> F (call_Bottom_Up & F (call_P_d2 & F call_P_d1))),G(call_Enqueue_d1 -> F(call_Enqueue_d2 -> F(call_Enqueue_d1 & F(call_Enqueue_d2 & F(call_Bottom_Up))))),False
ARTEMIS,1,If enqueue(d1) then enqueue(d2) then (Subsequent calls that enqueue d1 and d2 followed by start of),G ((call_Enqueue_d1 & (!return_Dequeue_d1 U (call_Enqueue_d2 & (!return_Dequeue_d1 & !return_Dequeue_d2 U call_Bottom_Up)))) -> F (call_Bottom_Up & F (call_P_d2 & F call_P_d1))),G(call_Enqueue_d1 -> F(call_Enqueue_d2 -> F(call_Enqueue_d1 & F(call_Enqueue_d2 & F(call_Bottom_Up))))),False
ARTEMIS,1,If enqueue(d1) then enqueue(d2) then (Subsequent calls that enqueue d1 and d2 followed by start of),G ((call_Enqueue_d1 & (!return_Dequeue_d1 U (call_Enqueue_d2 & (!return_Dequeue_d1 & !return_Dequeue_d2 U call_Bottom_Up)))) -> F (call_Bottom_Up & F (call_P_d2 & F call_P_d1))),G(call_Enqueue_d1 -> F(call_Enqueue_d2 -> F(call_Enqueue_d1 & F(call_Enqueue_d2 & F(call_Bottom_Up))))),False
ARTEMIS,1,If enqueue(d1) then enqueue(d2) then (Subsequent calls that enqueue d1 and d2 followed by start of),G ((call_Enqueue_d1 & (!return_Dequeue_d1 U (call_Enqueue_d2 & (!return_Dequeue_d1 & !return_Dequeue_d2 U call_Bottom_Up)))) -> F (call_Bottom_Up & F (call_P_d2 & F call_P_d1))),G(call_Enqueue_d1 -> F(call_Enqueue_d2 -> F(call_Enqueue_d1 & F(call_Enqueue_d2 & F(call_Bottom_Up))))),False
ARTEMIS,1,If enqueue(d1) then enqueue(d2) then (Subsequent calls that enqueue d1 and d2 followed by start of),G ((call_Enqueue_d1 & (!return_Dequeue_d1 U (call_Enqueue_d2 & (!return_Dequeue_d1 & !return_Dequeue_d2 U call_Bottom_Up)))) -> F (call_Bottom_Up & F (call_P_d2 & F call_P_d1))),G(call_Enqueue_d1 -> F(call_Enqueue_d2 -> F(call_Enqueue_d1 & F(call_Enqueue_d2 & F(call_Bottom_Up))))),False
ARTEMIS,1,If enqueue(d1) then enqueue(d2) then (Subsequent calls that enqueue d1 and d2 followed by start of),G ((call_Enqueue_d1 & (!return_Dequeue_d1 U (call_Enqueue_d2 & (!return_Dequeue_d1 & !return_Dequeue_d2 U call_Bottom_Up)))) -> F (call_Bottom_Up & F (call_P_d2 & F call_P_d1))),G(call_Enqueue_d1 -> F(call_Enqueue_d2 -> F(call_Enqueue_d1 & F(call_Enqueue_d2 & F(call_Bottom_Up))))),False
ARTEMIS,1,If enqueue(d1) then enqueue(d2) then (Subsequent calls that enqueue d1 and d2 followed by start of),G ((call_Enqueue_d1 & (!return_Dequeue_d1 U (call_Enqueue_d2 & (!return_Dequeue_d1 & !return_Dequeue_d2 U call_Bottom_Up)))) -> F (call_Bottom_Up & F (call_P_d2 & F call_P_d1))),G(call_Enqueue_d1 -> F(call_Enqueue_d2 -> F(call_Enqueue_d1 & F(call_Enqueue_d2 & F(call_Bottom_Up))))),False
ARTEMIS,1,If enqueue(d1) then enqueue(d2) then (Subsequent calls that enqueue d1 and d2 followed by start of),G ((call_Enqueue_d1 & (!return_Dequeue_d1 U (call_Enqueue_d2 & (!return_Dequeue_d1 & !return_Dequeue_d2 U call_Bottom_Up)))) -> F (call_Bottom_Up & F (call_P_d2 & F call_P_d1))),G(call_Enqueue_d1 -> F(call_Enqueue_d2 -> F(call_Enqueue_d1 & F(call_Enqueue_d2)))),False
ARTEMIS,1,If enqueue(d1) then enqueue(d2) then (Subsequent calls that enqueue d1 and d2 followed by start of),G ((call_Enqueue_d1 & (!return_Dequeue_d1 U (call_Enqueue_d2 & (!return_Dequeue_d1 & !return_Dequeue_d2 U call_Bottom_Up)))) -> F (call_Bottom_Up & F (call_P_d2 & F call_P_d1))),G(call_Enqueue_d1 -> F(call_Enqueue_d2 -> F(call_Enqueue_d1 & F(call_Enqueue_d2 & F(call_Bottom_Up))))),False
ARTEMIS,1,If enqueue(d1) then enqueue(d2) then (Subsequent calls that enqueue d1 and d2 followed by start of),G ((call_Enqueue_d1 & (!return_Dequeue_d1 U (call_Enqueue_d2 & (!return_Dequeue_d1 & !return_Dequeue_d2 U call_Bottom_Up)))) -> F (call_Bottom_Up & F (call_P_d2 & F call_P_d1))),G(call_Enqueue_d1 -> F(call_Enqueue_d2 -> F(call_Enqueue_d1 & F(call_Enqueue_d2 & F(call_Bottom_Up))))),False
ARTEMIS,1,If enqueue(d1) then enqueue(d2) then (Subsequent calls that enqueue d1 and d2 followed by start of),G ((call_Enqueue_d1 & (!return_Dequeue_d1 U (call_Enqueue_d2 & (!return_Dequeue_d1 & !return_Dequeue_d2 U call_Bottom_Up)))) -> F (call_Bottom_Up & F (call_P_d2 & F call_P_d1))),G(call_Enqueue_d1 -> F(call_Enqueue_d2 -> F(call_Enqueue_d1 & F(call_Enqueue_d2 & F(call_Bottom_Up))))),False
ARTEMIS,1,If enqueue(d1) then enqueue(d2) then (Subsequent calls that enqueue d1 and d2 followed by start of),G ((call_Enqueue_d1 & (!return_Dequeue_d1 U (call_Enqueue_d2 & (!return_Dequeue_d1 & !return_Dequeue_d2 U call_Bottom_Up)))) -> F (call_Bottom_Up & F (call_P_d2 & F call_P_d1))),G(call_Enqueue_d1 -> F(call_Enqueue_d2 -> F(call_Enqueue_d1 & F(call_Enqueue_d2)))),False
ARTEMIS,1,If enqueue(d1) then enqueue(d2) then (Subsequent calls that enqueue d1 and d2 followed by start of),G ((call_Enqueue_d1 & (!return_Dequeue_d1 U (call_Enqueue_d2 & (!return_Dequeue_d1 & !return_Dequeue_d2 U call_Bottom_Up)))) -> F (call_Bottom_Up & F (call_P_d2 & F call_P_d1))),G(call_Enqueue_d1 -> F(call_Enqueue_d2 -> F(call_Enqueue_d1 & F(call_Enqueue_d2 & F(call_Bottom_Up))))),False
ARTEMIS,1,If enqueue(d1) then enqueue(d2) then (Subsequent calls that enqueue d1 and d2 followed by start of),G ((call_Enqueue_d1 & (!return_Dequeue_d1 U (call_Enqueue_d2 & (!return_Dequeue_d1 & !return_Dequeue_d2 U call_Bottom_Up)))) -> F (call_Bottom_Up & F (call_P_d2 & F call_P_d1))),G(call_Enqueue_d1 -> F(call_Enqueue_d2 -> F(call_Enqueue_d1 & F(call_Enqueue_d2 & F(call_Bottom_Up))))),False
ARTEMIS,1,If enqueue(d1) then enqueue(d2) then (Subsequent calls that enqueue d1 and d2 followed by start of),G ((call_Enqueue_d1 & (!return_Dequeue_d1 U (call_Enqueue_d2 & (!return_Dequeue_d1 & !return_Dequeue_d2 U call_Bottom_Up)))) -> F (call_Bottom_Up & F (call_P_d2 & F call_P_d1))),G(call_Enqueue_d1 -> F(call_Enqueue_d2 -> F(call_Enqueue_d1 & F(call_Enqueue_d2)))),False
ARTEMIS,1,If enqueue(d1) then enqueue(d2) then (Subsequent calls that enqueue d1 and d2 followed by start of),G ((call_Enqueue_d1 & (!return_Dequeue_d1 U (call_Enqueue_d2 & (!return_Dequeue_d1 & !return_Dequeue_d2 U call_Bottom_Up)))) -> F (call_Bottom_Up & F (call_P_d2 & F call_P_d1))),G(call_Enqueue_d1 -> F(call_Enqueue_d2 -> F(call_Enqueue_d1 & F(call_Enqueue_d2 & F(call_Bottom_Up))))),False
ARTEMIS,1,If enqueue(d1) then enqueue(d2) then (Subsequent calls that enqueue d1 and d2 followed by start of),G ((call_Enqueue_d1 & (!return_Dequeue_d1 U (call_Enqueue_d2 & (!return_Dequeue_d1 & !return_Dequeue_d2 U call_Bottom_Up)))) -> F (call_Bottom_Up & F (call_P_d2 & F call_P_d1))),G(call_Enqueue_d1 -> F(call_Enqueue_d2 -> F(call_Enqueue_d1 & F(call_Enqueue_d2 & F(call_Bottom_Up))))),False
ARTEMIS,1,If enqueue(d1) then enqueue(d2) then (Subsequent calls that enqueue d1 and d2 followed by start of),G ((call_Enqueue_d1 & (!return_Dequeue_d1 U (call_Enqueue_d2 & (!return_Dequeue_d1 & !return_Dequeue_d2 U call_Bottom_Up)))) -> F (call_Bottom_Up & F (call_P_d2 & F call_P_d1))),G(call_Enqueue_d1 -> F(call_Enqueue_d2 -> F(call_Enqueue_d1 & F(call_Enqueue_d2 & F(call_Bottom_Up))))),False
ARTEMIS,1,If enqueue(d1) then enqueue(d2) then (Subsequent calls that enqueue d1 and d2 followed by start of),G ((call_Enqueue_d1 & (!return_Dequeue_d1 U (call_Enqueue_d2 & (!return_Dequeue_d1 & !return_Dequeue_d2 U call_Bottom_Up)))) -> F (call_Bottom_Up & F (call_P_d2 & F call_P_d1))),G(call_Enqueue_d1 -> F(call_Enqueue_d2 -> F(call_Enqueue_d1 & F(call_Enqueue_d2 & F(call_Bottom_Up))))),False
ARTEMIS,1,If enqueue(d1) then enqueue(d2) then (Subsequent calls that enqueue d1 and d2 followed by start of),G ((call_Enqueue_d1 & (!return_Dequeue_d1 U (call_Enqueue_d2 & (!return_Dequeue_d1 & !return_Dequeue_d2 U call_Bottom_Up)))) -> F (call_Bottom_Up & F (call_P_d2 & F call_P_d1))),G(call_Enqueue_d1 -> F(call_Enqueue_d2 -> F(call_Enqueue_d1 & F(call_Enqueue_d2 & F(call_Bottom_Up))))),False
ARTEMIS,1,If enqueue(d1) then enqueue(d2) then (Subsequent calls that enqueue d1 and d2 followed by start of),G ((call_Enqueue_d1 & (!return_Dequeue_d1 U (call_Enqueue_d2 & (!return_Dequeue_d1 & !return_Dequeue_d2 U call_Bottom_Up)))) -> F (call_Bottom_Up & F (call_P_d2 & F call_P_d1))),G(call_Enqueue_d1 -> F(call_Enqueue_d2 -> F(call_Enqueue_d1 & F(call_Enqueue_d2 & F(call_Bottom_Up))))),False
ARTEMIS,1,If enqueue(d1) then enqueue(d2) then (Subsequent calls that enqueue d1 and d2 followed by start of),G ((call_Enqueue_d1 & (!return_Dequeue_d1 U (call_Enqueue_d2 & (!return_Dequeue_d1 & !return_Dequeue_d2 U call_Bottom_Up)))) -> F (call_Bottom_Up & F (call_P_d2 & F call_P_d1))),G(call_Enqueue_d1 -> F(call_Enqueue_d2 -> F(call_Enqueue_d1 & F(call_Enqueue_d2 & F(call_Bottom_Up))))),False
ARTEMIS,1,If enqueue(d1) then enqueue(d2) then (Subsequent calls that enqueue d1 and d2 followed by start of),G ((call_Enqueue_d1 & (!return_Dequeue_d1 U (call_Enqueue_d2 & (!return_Dequeue_d1 & !return_Dequeue_d2 U call_Bottom_Up)))) -> F (call_Bottom_Up & F (call_P_d2 & F call_P_d1))),G(call_Enqueue_d1 -> F(call_Enqueue_d2 -> F(call_Enqueue_d1 & F(call_Enqueue_d2)))),False
ARTEMIS,1,If enqueue(d1) then enqueue(d2) then (Subsequent calls that enqueue d1 and d2 followed by start of),G ((call_Enqueue_d1 & (!return_Dequeue_d1 U (call_Enqueue_d2 & (!return_Dequeue_d1 & !return_Dequeue_d2 U call_Bottom_Up)))) -> F (call_Bottom_Up & F (call_P_d2 & F call_P_d1))),G(call_Enqueue_d1 -> F(call_Enqueue_d2 -> F(call_Enqueue_d1 & F(call_Enqueue_d2 & F(call_Bottom_Up))))),False
ARTEMIS,1,If enqueue(d1) then enqueue(d2) then (Subsequent calls that enqueue d1 and d2 followed by start of),G ((call_Enqueue_d1 & (!return_Dequeue_d1 U (call_Enqueue_d2 & (!return_Dequeue_d1 & !return_Dequeue_d2 U call_Bottom_Up)))) -> F (call_Bottom_Up & F (call_P_d2 & F call_P_d1))),G(call_Enqueue_d1 -> F(call_Enqueue_d2 -> F(call_Enqueue_d1 & F(call_Enqueue_d2 & F(call_Bottom_Up))))),False
ARTEMIS,1,If enqueue(d1) then enqueue(d2) then (Subsequent calls that enqueue d1 and d2 followed by start of),G ((call_Enqueue_d1 & (!return_Dequeue_d1 U (call_Enqueue_d2 & (!return_Dequeue_d1 & !return_Dequeue_d2 U call_Bottom_Up)))) -> F (call_Bottom_Up & F (call_P_d2 & F call_P_d1))),G(call_Enqueue_d1 -> F(call_Enqueue_d2 -> F(call_Enqueue_d1 & F(call_Enqueue_d2 & F(call_Bottom_Up))))),False
ARTEMIS,1,If enqueue(d1) then enqueue(d2) then (Subsequent calls that enqueue d1 and d2 followed by start of),G ((call_Enqueue_d1 & (!return_Dequeue_d1 U (call_Enqueue_d2 & (!return_Dequeue_d1 & !return_Dequeue_d2 U call_Bottom_Up)))) -> F (call_Bottom_Up & F (call_P_d2 & F call_P_d1))),G(call_Enqueue_d1 -> F(call_Enqueue_d2 -> F(call_Enqueue_d1 & F(call_Enqueue_d2 & F(call_Bottom_Up))))),False
ARTEMIS,1,If enqueue(d1) then enqueue(d2) then (Subsequent calls that enqueue d1 and d2 followed by start of),G ((call_Enqueue_d1 & (!return_Dequeue_d1 U (call_Enqueue_d2 & (!return_Dequeue_d1 & !return_Dequeue_d2 U call_Bottom_Up)))) -> F (call_Bottom_Up & F (call_P_d2 & F call_P_d1))),G(call_Enqueue_d1 -> F(call_Enqueue_d2 -> F(call_Enqueue_d1 & F(call_Enqueue_d2 & F(call_Bottom_Up))))),False
ARTEMIS,1,If enqueue(d1) then enqueue(d2) then (Subsequent calls that enqueue d1 and d2 followed by start of),G ((call_Enqueue_d1 & (!return_Dequeue_d1 U (call_Enqueue_d2 & (!return_Dequeue_d1 & !return_Dequeue_d2 U call_Bottom_Up)))) -> F (call_Bottom_Up & F (call_P_d2 & F call_P_d1))),G(call_Enqueue_d1 -> F(call_Enqueue_d2 -> F(call_Enqueue_d1 & F(call_Enqueue_d2 & F(call_Bottom_Up))))),False
ARTEMIS,1,If enqueue(d1) then enqueue(d2) then (Subsequent calls that enqueue d1 and d2 followed by start of),G ((call_Enqueue_d1 & (!return_Dequeue_d1 U (call_Enqueue_d2 & (!return_Dequeue_d1 & !return_Dequeue_d2 U call_Bottom_Up)))) -> F (call_Bottom_Up & F (call_P_d2 & F call_P_d1))),G(call_Enqueue_d1 -> F(call_Enqueue_d2 -> F(call_Enqueue_d1 & F(call_Enqueue_d2)))),False
ARTEMIS,1,If enqueue(d1) then enqueue(d2) then (Subsequent calls that enqueue d1 and d2 followed by start of),G ((call_Enqueue_d1 & (!return_Dequeue_d1 U (call_Enqueue_d2 & (!return_Dequeue_d1 & !return_Dequeue_d2 U call_Bottom_Up)))) -> F (call_Bottom_Up & F (call_P_d2 & F call_P_d1))),G(call_Enqueue_d1 -> F(call_Enqueue_d2 -> F(call_Enqueue_d1 & F(call_Enqueue_d2)))),False
ARTEMIS,1,If enqueue(d1) then enqueue(d2) then (Subsequent calls that enqueue d1 and d2 followed by start of),G ((call_Enqueue_d1 & (!return_Dequeue_d1 U (call_Enqueue_d2 & (!return_Dequeue_d1 & !return_Dequeue_d2 U call_Bottom_Up)))) -> F (call_Bottom_Up & F (call_P_d2 & F call_P_d1))),G(call_Enqueue_d1 -> F(call_Enqueue_d2 -> F(call_Enqueue_d1 & F(call_Enqueue_d2 & F(call_Bottom_Up))))),False
ARTEMIS,1,If enqueue(d1) then enqueue(d2) then (Subsequent calls that enqueue d1 and d2 followed by start of),G ((call_Enqueue_d1 & (!return_Dequeue_d1 U (call_Enqueue_d2 & (!return_Dequeue_d1 & !return_Dequeue_d2 U call_Bottom_Up)))) -> F (call_Bottom_Up & F (call_P_d2 & F call_P_d1))),G(call_Enqueue_d1 -> F(call_Enqueue_d2 -> F(call_Enqueue_d1 & F(call_Enqueue_d2 & F(call_Bottom_Up))))),False
ARTEMIS,1,If enqueue(d1) then enqueue(d2) then (Subsequent calls that enqueue d1 and d2 followed by start of),G ((call_Enqueue_d1 & (!return_Dequeue_d1 U (call_Enqueue_d2 & (!return_Dequeue_d1 & !return_Dequeue_d2 U call_Bottom_Up)))) -> F (call_Bottom_Up & F (call_P_d2 & F call_P_d1))),G(call_Enqueue_d1 -> F(call_Enqueue_d2 -> F(call_Enqueue_d1 & F(call_Enqueue_d2)))),False
ARTEMIS,1,If enqueue(d1) then enqueue(d2) then (Subsequent calls that enqueue d1 and d2 followed by start of),G ((call_Enqueue_d1 & (!return_Dequeue_d1 U (call_Enqueue_d2 & (!return_Dequeue_d1 & !return_Dequeue_d2 U call_Bottom_Up)))) -> F (call_Bottom_Up & F (call_P_d2 & F call_P_d1))),G(call_Enqueue_d1 -> F(call_Enqueue_d2 -> F(call_Enqueue_d1 & F(call_Enqueue_d2 & F(call_Bottom_Up))))),False
ARTEMIS,1,If enqueue(d1) then enqueue(d2) then (Subsequent calls that enqueue d1 and d2 followed by start of),G ((call_Enqueue_d1 & (!return_Dequeue_d1 U (call_Enqueue_d2 & (!return_Dequeue_d1 & !return_Dequeue_d2 U call_Bottom_Up)))) -> F (call_Bottom_Up & F (call_P_d2 & F call_P_d1))),G(call_Enqueue_d1 -> F(call_Enqueue_d2 -> F(call_Enqueue_d1 & F(call_Enqueue_d2 & F(call_Bottom_Up))))),False
ARTEMIS,1,If enqueue(d1) then enqueue(d2) then (Subsequent calls that enqueue d1 and d2 followed by start of),G ((call_Enqueue_d1 & (!return_Dequeue_d1 U (call_Enqueue_d2 & (!return_Dequeue_d1 & !return_Dequeue_d2 U call_Bottom_Up)))) -> F (call_Bottom_Up & F (call_P_d2 & F call_P_d1))),G(call_Enqueue_d1 -> F(call_Enqueue_d2 -> F(call_Enqueue_d1 & F(call_Enqueue_d2 & F(call_Bottom_Up))))),False
ARTEMIS,1,If enqueue(d1) then enqueue(d2) then (Subsequent calls that enqueue d1 and d2 followed by start of),G ((call_Enqueue_d1 & (!return_Dequeue_d1 U (call_Enqueue_d2 & (!return_Dequeue_d1 & !return_Dequeue_d2 U call_Bottom_Up)))) -> F (call_Bottom_Up & F (call_P_d2 & F call_P_d1))),G(call_Enqueue_d1 -> F(call_Enqueue_d2 -> F(call_Enqueue_d1 & F(call_Enqueue_d2 & F(call_Bottom_Up))))),False
ARTEMIS,1,If enqueue(d1) then enqueue(d2) then (Subsequent calls that enqueue d1 and d2 followed by start of),G ((call_Enqueue_d1 & (!return_Dequeue_d1 U (call_Enqueue_d2 & (!return_Dequeue_d1 & !return_Dequeue_d2 U call_Bottom_Up)))) -> F (call_Bottom_Up & F (call_P_d2 & F call_P_d1))),G(call_Enqueue_d1 -> F(call_Enqueue_d2 -> F(call_Enqueue_d1 & F(call_Enqueue_d2 & F(call_Bottom_Up))))),False
ARTEMIS,1,If enqueue(d1) then enqueue(d2) then (Subsequent calls that enqueue d1 and d2 followed by start of),G ((call_Enqueue_d1 & (!return_Dequeue_d1 U (call_Enqueue_d2 & (!return_Dequeue_d1 & !return_Dequeue_d2 U call_Bottom_Up)))) -> F (call_Bottom_Up & F (call_P_d2 & F call_P_d1))),G(call_Enqueue_d1 -> F(call_Enqueue_d2 -> F(call_Enqueue_d1 & F(call_Enqueue_d2 & F(call_Bottom_Up))))),False
ARTEMIS,1,If enqueue(d1) then enqueue(d2) then (Subsequent calls that enqueue d1 and d2 followed by start of),G ((call_Enqueue_d1 & (!return_Dequeue_d1 U (call_Enqueue_d2 & (!return_Dequeue_d1 & !return_Dequeue_d2 U call_Bottom_Up)))) -> F (call_Bottom_Up & F (call_P_d2 & F call_P_d1))),G(call_Enqueue_d1 -> F(call_Enqueue_d2 -> F(call_Enqueue_d1 & F(call_Enqueue_d2 & F(call_Bottom_Up))))),False
ARTEMIS,1,If enqueue(d1) then enqueue(d2) then (Subsequent calls that enqueue d1 and d2 followed by start of),G ((call_Enqueue_d1 & (!return_Dequeue_d1 U (call_Enqueue_d2 & (!return_Dequeue_d1 & !return_Dequeue_d2 U call_Bottom_Up)))) -> F (call_Bottom_Up & F (call_P_d2 & F call_P_d1))),G(call_Enqueue_d1 -> F(call_Enqueue_d2 -> F(call_Enqueue_d1 & F(call_Enqueue_d2)))),False
ARTEMIS,1,If enqueue(d1) then enqueue(d2) then (Subsequent calls that enqueue d1 and d2 followed by start of),G ((call_Enqueue_d1 & (!return_Dequeue_d1 U (call_Enqueue_d2 & (!return_Dequeue_d1 & !return_Dequeue_d2 U call_Bottom_Up)))) -> F (call_Bottom_Up & F (call_P_d2 & F call_P_d1))),G(call_Enqueue_d1 -> F(call_Enqueue_d2 -> F(call_Enqueue_d1 & F(call_Enqueue_d2)))),False
ARTEMIS,1,If enqueue(d1) then enqueue(d2) then (Subsequent calls that enqueue d1 and d2 followed by start of),G ((call_Enqueue_d1 & (!return_Dequeue_d1 U (call_Enqueue_d2 & (!return_Dequeue_d1 & !return_Dequeue_d2 U call_Bottom_Up)))) -> F (call_Bottom_Up & F (call_P_d2 & F call_P_d1))),G(call_Enqueue_d1 -> F(call_Enqueue_d2 -> F(call_Enqueue_d1 & F(call_Enqueue_d2 & F(call_Bottom_Up))))),False
ARTEMIS,1,If enqueue(d1) then enqueue(d2) then (Subsequent calls that enqueue d1 and d2 followed by start of),G ((call_Enqueue_d1 & (!return_Dequeue_d1 U (call_Enqueue_d2 & (!return_Dequeue_d1 & !return_Dequeue_d2 U call_Bottom_Up)))) -> F (call_Bottom_Up & F (call_P_d2 & F call_P_d1))),G(call_Enqueue_d1 -> F(call_Enqueue_d2 -> F(call_Enqueue_d1 & F(call_Enqueue_d2 & F(call_Bottom_Up))))),False
ARTEMIS,1,If enqueue(d1) then enqueue(d2) then (Subsequent calls that enqueue d1 and d2 followed by start of),G ((call_Enqueue_d1 & (!return_Dequeue_d1 U (call_Enqueue_d2 & (!return_Dequeue_d1 & !return_Dequeue_d2 U call_Bottom_Up)))) -> F (call_Bottom_Up & F (call_P_d2 & F call_P_d1))),G(call_Enqueue_d1 -> F(call_Enqueue_d2 -> F(call_Enqueue_d1 & F(call_Enqueue_d2 & F(call_Bottom_Up))))),False
ARTEMIS,1,If enqueue(d1) then enqueue(d2) then (Subsequent calls that enqueue d1 and d2 followed by start of),G ((call_Enqueue_d1 & (!return_Dequeue_d1 U (call_Enqueue_d2 & (!return_Dequeue_d1 & !return_Dequeue_d2 U call_Bottom_Up)))) -> F (call_Bottom_Up & F (call_P_d2 & F call_P_d1))),G(call_Enqueue_d1 -> F(call_Enqueue_d2 -> F(call_Enqueue_d1 & F(call_Enqueue_d2 & F(call_Bottom_Up))))),False
ARTEMIS,1,If enqueue(d1) then enqueue(d2) then (Subsequent calls that enqueue d1 and d2 followed by start of),G ((call_Enqueue_d1 & (!return_Dequeue_d1 U (call_Enqueue_d2 & (!return_Dequeue_d1 & !return_Dequeue_d2 U call_Bottom_Up)))) -> F (call_Bottom_Up & F (call_P_d2 & F call_P_d1))),G(call_Enqueue_d1 -> F(call_Enqueue_d2 -> F(call_Enqueue_d1 & F(call_Enqueue_d2 & F(call_Bottom_Up))))),False
ARTEMIS,1,If enqueue(d1) then enqueue(d2) then (Subsequent calls that enqueue d1 and d2 followed by start of),G ((call_Enqueue_d1 & (!return_Dequeue_d1 U (call_Enqueue_d2 & (!return_Dequeue_d1 & !return_Dequeue_d2 U call_Bottom_Up)))) -> F (call_Bottom_Up & F (call_P_d2 & F call_P_d1))),G(call_Enqueue_d1 -> F(call_Enqueue_d2 -> F(call_Enqueue_d1 & F(call_Enqueue_d2 & F(call_Bottom_Up))))),False
ARTEMIS,1,If enqueue(d1) then enqueue(d2) then (Subsequent calls that enqueue d1 and d2 followed by start of),G ((call_Enqueue_d1 & (!return_Dequeue_d1 U (call_Enqueue_d2 & (!return_Dequeue_d1 & !return_Dequeue_d2 U call_Bottom_Up)))) -> F (call_Bottom_Up & F (call_P_d2 & F call_P_d1))),G(call_Enqueue_d1 -> F(call_Enqueue_d2 -> F(call_Enqueue_d1 & F(call_Enqueue_d2 & F(call_Bottom_Up))))),False
ARTEMIS,1,If enqueue(d1) then enqueue(d2) then (Subsequent calls that enqueue d1 and d2 followed by start of),G ((call_Enqueue_d1 & (!return_Dequeue_d1 U (call_Enqueue_d2 & (!return_Dequeue_d1 & !return_Dequeue_d2 U call_Bottom_Up)))) -> F (call_Bottom_Up & F (call_P_d2 & F call_P_d1))),G(call_Enqueue_d1 -> F(call_Enqueue_d2 -> F(call_Enqueue_d1 & F(call_Enqueue_d2 & F(call_Bottom_Up))))),False
ARTEMIS,1,If enqueue(d1) then enqueue(d2) then (Subsequent calls that enqueue d1 and d2 followed by start of),G ((call_Enqueue_d1 & (!return_Dequeue_d1 U (call_Enqueue_d2 & (!return_Dequeue_d1 & !return_Dequeue_d2 U call_Bottom_Up)))) -> F (call_Bottom_Up & F (call_P_d2 & F call_P_d1))),G(call_Enqueue_d1 -> F(call_Enqueue_d2 -> F(call_Enqueue_d1 & F(call_Enqueue_d2)))),False
ARTEMIS,1,If enqueue(d1) then enqueue(d2) then (Subsequent calls that enqueue d1 and d2 followed by start of),G ((call_Enqueue_d1 & (!return_Dequeue_d1 U (call_Enqueue_d2 & (!return_Dequeue_d1 & !return_Dequeue_d2 U call_Bottom_Up)))) -> F (call_Bottom_Up & F (call_P_d2 & F call_P_d1))),G(call_Enqueue_d1 -> F(call_Enqueue_d2 -> F(call_Enqueue_d1 & F(call_Enqueue_d2 & F(call_Bottom_Up))))),False
ARTEMIS,1,If enqueue(d1) then enqueue(d2) then (Subsequent calls that enqueue d1 and d2 followed by start of),G ((call_Enqueue_d1 & (!return_Dequeue_d1 U (call_Enqueue_d2 & (!return_Dequeue_d1 & !return_Dequeue_d2 U call_Bottom_Up)))) -> F (call_Bottom_Up & F (call_P_d2 & F call_P_d1))),G(call_Enqueue_d1 -> F(call_Enqueue_d2 -> F(call_Enqueue_d1 & F(call_Enqueue_d2)))),False
ARTEMIS,1,If enqueue(d1) then enqueue(d2) then (Subsequent calls that enqueue d1 and d2 followed by start of),G ((call_Enqueue_d1 & (!return_Dequeue_d1 U (call_Enqueue_d2 & (!return_Dequeue_d1 & !return_Dequeue_d2 U call_Bottom_Up)))) -> F (call_Bottom_Up & F (call_P_d2 & F call_P_d1))),G(call_Enqueue_d1 -> F(call_Enqueue_d2 -> F(call_Enqueue_d1 & F(call_Enqueue_d2 & F(call_Bottom_Up))))),False
ARTEMIS,1,If enqueue(d1) then enqueue(d2) then (Subsequent calls that enqueue d1 and d2 followed by start of),G ((call_Enqueue_d1 & (!return_Dequeue_d1 U (call_Enqueue_d2 & (!return_Dequeue_d1 & !return_Dequeue_d2 U call_Bottom_Up)))) -> F (call_Bottom_Up & F (call_P_d2 & F call_P_d1))),G(call_Enqueue_d1 -> F(call_Enqueue_d2 -> F(call_Enqueue_d1 & F(call_Enqueue_d2 & F(call_Bottom_Up))))),False
ARTEMIS,1,If enqueue(d1) then enqueue(d2) then (Subsequent calls that enqueue d1 and d2 followed by start of),G ((call_Enqueue_d1 & (!return_Dequeue_d1 U (call_Enqueue_d2 & (!return_Dequeue_d1 & !return_Dequeue_d2 U call_Bottom_Up)))) -> F (call_Bottom_Up & F (call_P_d2 & F call_P_d1))),G(call_Enqueue_d1 -> F(call_Enqueue_d2 -> F(call_Enqueue_d1 & F(call_Enqueue_d2)))),False
ARTEMIS,1,If enqueue(d1) then enqueue(d2) then (Subsequent calls that enqueue d1 and d2 followed by start of),G ((call_Enqueue_d1 & (!return_Dequeue_d1 U (call_Enqueue_d2 & (!return_Dequeue_d1 & !return_Dequeue_d2 U call_Bottom_Up)))) -> F (call_Bottom_Up & F (call_P_d2 & F call_P_d1))),G(call_Enqueue_d1 -> F(call_Enqueue_d2 -> F(call_Enqueue_d1 & F(call_Enqueue_d2 & F(call_Bottom_Up))))),False
ARTEMIS,1,If enqueue(d1) then enqueue(d2) then (Subsequent calls that enqueue d1 and d2 followed by start of),G ((call_Enqueue_d1 & (!return_Dequeue_d1 U (call_Enqueue_d2 & (!return_Dequeue_d1 & !return_Dequeue_d2 U call_Bottom_Up)))) -> F (call_Bottom_Up & F (call_P_d2 & F call_P_d1))),G(call_Enqueue_d1 -> F(call_Enqueue_d2 -> F(call_Enqueue_d1 & F(call_Enqueue_d2 & F(call_Bottom_Up))))),False
ARTEMIS,1,If enqueue(d1) then enqueue(d2) then (Subsequent calls that enqueue d1 and d2 followed by start of),G ((call_Enqueue_d1 & (!return_Dequeue_d1 U (call_Enqueue_d2 & (!return_Dequeue_d1 & !return_Dequeue_d2 U call_Bottom_Up)))) -> F (call_Bottom_Up & F (call_P_d2 & F call_P_d1))),G(call_Enqueue_d1 -> F(call_Enqueue_d2 -> F(call_Enqueue_d1 & F(call_Enqueue_d2 & F(call_Bottom_Up))))),False
ARTEMIS,1,If enqueue(d1) then enqueue(d2) then (Subsequent calls that enqueue d1 and d2 followed by start of),G ((call_Enqueue_d1 & (!return_Dequeue_d1 U (call_Enqueue_d2 & (!return_Dequeue_d1 & !return_Dequeue_d2 U call_Bottom_Up)))) -> F (call_Bottom_Up & F (call_P_d2 & F call_P_d1))),G(call_Enqueue_d1 -> F(call_Enqueue_d2 -> F(call_Enqueue_d1 & F(call_Enqueue_d2 & F(call_Bottom_Up))))),False
ARTEMIS,1,If enqueue(d1) then enqueue(d2) then (Subsequent calls that enqueue d1 and d2 followed by start of),G ((call_Enqueue_d1 & (!return_Dequeue_d1 U (call_Enqueue_d2 & (!return_Dequeue_d1 & !return_Dequeue_d2 U call_Bottom_Up)))) -> F (call_Bottom_Up & F (call_P_d2 & F call_P_d1))),G(call_Enqueue_d1 -> F(call_Enqueue_d2 -> F(call_Enqueue_d1 & F(call_Enqueue_d2)))),False
ARTEMIS,1,If enqueue(d1) then enqueue(d2) then (Subsequent calls that enqueue d1 and d2 followed by start of),G ((call_Enqueue_d1 & (!return_Dequeue_d1 U (call_Enqueue_d2 & (!return_Dequeue_d1 & !return_Dequeue_d2 U call_Bottom_Up)))) -> F (call_Bottom_Up & F (call_P_d2 & F call_P_d1))),G(call_Enqueue_d1 -> F(call_Enqueue_d2 -> F(call_Enqueue_d1 & F(call_Enqueue_d2 & F(call_Bottom_Up))))),False
ARTEMIS,1,If enqueue(d1) then enqueue(d2) then (Subsequent calls that enqueue d1 and d2 followed by start of),G ((call_Enqueue_d1 & (!return_Dequeue_d1 U (call_Enqueue_d2 & (!return_Dequeue_d1 & !return_Dequeue_d2 U call_Bottom_Up)))) -> F (call_Bottom_Up & F (call_P_d2 & F call_P_d1))),G(call_Enqueue_d1 -> F(call_Enqueue_d2 -> F(call_Enqueue_d1 & F(call_Enqueue_d2)))),False
ARTEMIS,1,If enqueue(d1) then enqueue(d2) then (Subsequent calls that enqueue d1 and d2 followed by start of),G ((call_Enqueue_d1 & (!return_Dequeue_d1 U (call_Enqueue_d2 & (!return_Dequeue_d1 & !return_Dequeue_d2 U call_Bottom_Up)))) -> F (call_Bottom_Up & F (call_P_d2 & F call_P_d1))),G(call_Enqueue_d1 -> F(call_Enqueue_d2 -> F(call_Enqueue_d1 & F(call_Enqueue_d2)))),False
ARTEMIS,1,If enqueue(d1) then enqueue(d2) then (Subsequent calls that enqueue d1 and d2 followed by start of),G ((call_Enqueue_d1 & (!return_Dequeue_d1 U (call_Enqueue_d2 & (!return_Dequeue_d1 & !return_Dequeue_d2 U call_Bottom_Up)))) -> F (call_Bottom_Up & F (call_P_d2 & F call_P_d1))),G(call_Enqueue_d1 -> F(call_Enqueue_d2 -> F(call_Enqueue_d1 & F(call_Enqueue_d2 & F(call_Bottom_Up))))),False
ARTEMIS,1,If enqueue(d1) then enqueue(d2) then (Subsequent calls that enqueue d1 and d2 followed by start of),G ((call_Enqueue_d1 & (!return_Dequeue_d1 U (call_Enqueue_d2 & (!return_Dequeue_d1 & !return_Dequeue_d2 U call_Bottom_Up)))) -> F (call_Bottom_Up & F (call_P_d2 & F call_P_d1))),G(call_Enqueue_d1 -> F(call_Enqueue_d2 -> F(call_Enqueue_d1 & F(call_Enqueue_d2 & F(call_Bottom_Up))))),False
ARTEMIS,1,If enqueue(d1) then enqueue(d2) then (Subsequent calls that enqueue d1 and d2 followed by start of),G ((call_Enqueue_d1 & (!return_Dequeue_d1 U (call_Enqueue_d2 & (!return_Dequeue_d1 & !return_Dequeue_d2 U call_Bottom_Up)))) -> F (call_Bottom_Up & F (call_P_d2 & F call_P_d1))),G(call_Enqueue_d1 -> F(call_Enqueue_d2 -> F(call_Enqueue_d1 & F(call_Enqueue_d2)))),False
ARTEMIS,1,If enqueue(d1) then enqueue(d2) then (Subsequent calls that enqueue d1 and d2 followed by start of),G ((call_Enqueue_d1 & (!return_Dequeue_d1 U (call_Enqueue_d2 & (!return_Dequeue_d1 & !return_Dequeue_d2 U call_Bottom_Up)))) -> F (call_Bottom_Up & F (call_P_d2 & F call_P_d1))),G(call_Enqueue_d1 -> F(call_Enqueue_d2 -> F(call_Enqueue_d1 & F(call_Enqueue_d2 & F(call_Bottom_Up))))),False
ARTEMIS,1,If enqueue(d1) then enqueue(d2) then (Subsequent calls that enqueue d1 and d2 followed by start of),G ((call_Enqueue_d1 & (!return_Dequeue_d1 U (call_Enqueue_d2 & (!return_Dequeue_d1 & !return_Dequeue_d2 U call_Bottom_Up)))) -> F (call_Bottom_Up & F (call_P_d2 & F call_P_d1))),G(call_Enqueue_d1 -> F(call_Enqueue_d2 -> F(call_Enqueue_d1 & F(call_Enqueue_d2 & F(call_Bottom_Up))))),False
ARTEMIS,1,If enqueue(d1) then enqueue(d2) then (Subsequent calls that enqueue d1 and d2 followed by start of),G ((call_Enqueue_d1 & (!return_Dequeue_d1 U (call_Enqueue_d2 & (!return_Dequeue_d1 & !return_Dequeue_d2 U call_Bottom_Up)))) -> F (call_Bottom_Up & F (call_P_d2 & F call_P_d1))),G(call_Enqueue_d1 -> F(call_Enqueue_d2 -> F(call_Enqueue_d1 & F(call_Enqueue_d2 & F(call_Bottom_Up))))),False
ARTEMIS,1,If enqueue(d1) then enqueue(d2) then (Subsequent calls that enqueue d1 and d2 followed by start of),G ((call_Enqueue_d1 & (!return_Dequeue_d1 U (call_Enqueue_d2 & (!return_Dequeue_d1 & !return_Dequeue_d2 U call_Bottom_Up)))) -> F (call_Bottom_Up & F (call_P_d2 & F call_P_d1))),G(call_Enqueue_d1 -> F(call_Enqueue_d2 -> F(call_Enqueue_d1 & F(call_Enqueue_d2 & F(call_Bottom_Up))))),False
ARTEMIS,1,If enqueue(d1) then enqueue(d2) then (Subsequent calls that enqueue d1 and d2 followed by start of),G ((call_Enqueue_d1 & (!return_Dequeue_d1 U (call_Enqueue_d2 & (!return_Dequeue_d1 & !return_Dequeue_d2 U call_Bottom_Up)))) -> F (call_Bottom_Up & F (call_P_d2 & F call_P_d1))),G(call_Enqueue_d1 -> F(call_Enqueue_d2 -> F(call_Enqueue_d1 & F(call_Enqueue_d2 & F(call_Bottom_Up))))),False
ARTEMIS,1,If enqueue(d1) then enqueue(d2) then (Subsequent calls that enqueue d1 and d2 followed by start of),G ((call_Enqueue_d1 & (!return_Dequeue_d1 U (call_Enqueue_d2 & (!return_Dequeue_d1 & !return_Dequeue_d2 U call_Bottom_Up)))) -> F (call_Bottom_Up & F (call_P_d2 & F call_P_d1))),G(call_Enqueue_d1 -> F(call_Enqueue_d2 -> F(call_Enqueue_d1 & F(call_Enqueue_d2 & F(call_Bottom_Up))))),False
ARTEMIS,1,If enqueue(d1) then enqueue(d2) then (Subsequent calls that enqueue d1 and d2 followed by start of),G ((call_Enqueue_d1 & (!return_Dequeue_d1 U (call_Enqueue_d2 & (!return_Dequeue_d1 & !return_Dequeue_d2 U call_Bottom_Up)))) -> F (call_Bottom_Up & F (call_P_d2 & F call_P_d1))),G(call_Enqueue_d1 -> F(call_Enqueue_d2 -> F(call_Enqueue_d1 & F(call_Enqueue_d2)))),False
ARTEMIS,1,If enqueue(d1) then enqueue(d2) then (Subsequent calls that enqueue d1 and d2 followed by start of),G ((call_Enqueue_d1 & (!return_Dequeue_d1 U (call_Enqueue_d2 & (!return_Dequeue_d1 & !return_Dequeue_d2 U call_Bottom_Up)))) -> F (call_Bottom_Up & F (call_P_d2 & F call_P_d1))),G(call_Enqueue_d1 -> F(call_Enqueue_d2 -> F(call_Enqueue_d1 & F(call_Enqueue_d2 & F(call_Bottom_Up))))),False
ARTEMIS,2,An enqueue without subsequent dequeue can only be followed by (An enqueue followed by a call to empty without an intervening),G (call_Enqueue & (!return_Dequeue U call_Empty) -> F (call_Empty & F return_Empty_false)),G((call_Enqueue & !F return_Dequeue) -> (F (call_Enqueue & !F (call_Empty & ! (call_Enqueue U call_Empty))))),False
ARTEMIS,2,An enqueue without subsequent dequeue can only be followed by (An enqueue followed by a call to empty without an intervening),G (call_Enqueue & (!return_Dequeue U call_Empty) -> F (call_Empty & F return_Empty_false)),G((call_Enqueue & !F return_Dequeue) -> (!call_Enqueue U (call_Enqueue & !return_Dequeue U call_Empty))),False
ARTEMIS,2,An enqueue without subsequent dequeue can only be followed by (An enqueue followed by a call to empty without an intervening),G (call_Enqueue & (!return_Dequeue U call_Empty) -> F (call_Empty & F return_Empty_false)),G((call_Enqueue & !F return_Dequeue) -> X(F(call_Enqueue & !F(return_Dequeue | call_Empty) & F call_Empty))),False
ARTEMIS,2,An enqueue without subsequent dequeue can only be followed by (An enqueue followed by a call to empty without an intervening),G (call_Enqueue & (!return_Dequeue U call_Empty) -> F (call_Empty & F return_Empty_false)),G((call_Enqueue & !F return_Dequeue) -> X(F(call_Enqueue & !F(return_Dequeue | call_Empty) & F call_Empty))),False
ARTEMIS,2,An enqueue without subsequent dequeue can only be followed by (An enqueue followed by a call to empty without an intervening),G (call_Enqueue & (!return_Dequeue U call_Empty) -> F (call_Empty & F return_Empty_false)),G((call_Enqueue & !F return_Dequeue) -> X(F(call_Enqueue & !F(return_Dequeue | call_Empty) & F call_Empty))),False
ARTEMIS,2,An enqueue without subsequent dequeue can only be followed by (An enqueue followed by a call to empty without an intervening),G (call_Enqueue & (!return_Dequeue U call_Empty) -> F (call_Empty & F return_Empty_false)),G((call_Enqueue & !F return_Dequeue) -> X(F(call_Enqueue & !F(return_Dequeue | call_Empty) & F call_Empty))),False
ARTEMIS,2,An enqueue without subsequent dequeue can only be followed by (An enqueue followed by a call to empty without an intervening),G (call_Enqueue & (!return_Dequeue U call_Empty) -> F (call_Empty & F return_Empty_false)),G((call_Enqueue & !F return_Dequeue) -> X(F(call_Enqueue & !F(return_Dequeue | call_Empty) & F call_Empty))),False
ARTEMIS,2,An enqueue without subsequent dequeue can only be followed by (An enqueue followed by a call to empty without an intervening),G (call_Enqueue & (!return_Dequeue U call_Empty) -> F (call_Empty & F return_Empty_false)),G((call_Enqueue & !F return_Dequeue) -> X(F(call_Enqueue & !F(return_Dequeue | call_Empty) & F call_Empty))),False
ARTEMIS,2,An enqueue without subsequent dequeue can only be followed by (An enqueue followed by a call to empty without an intervening),G (call_Enqueue & (!return_Dequeue U call_Empty) -> F (call_Empty & F return_Empty_false)),G((call_Enqueue & (!return_Dequeue U (call_Enqueue & (!return_Dequeue U call_Empty)))) -> (call_Enqueue & (!return_Dequeue U call_Empty))),False
ARTEMIS,2,An enqueue without subsequent dequeue can only be followed by (An enqueue followed by a call to empty without an intervening),G (call_Enqueue & (!return_Dequeue U call_Empty) -> F (call_Empty & F return_Empty_false)),G((call_Enqueue & !F return_Dequeue) -> X(F(call_Enqueue & !F(return_Dequeue | call_Empty) & F call_Empty))),False
ARTEMIS,2,An enqueue without subsequent dequeue can only be followed by (An enqueue followed by a call to empty without an intervening),G (call_Enqueue & (!return_Dequeue U call_Empty) -> F (call_Empty & F return_Empty_false)),G((call_Enqueue & (!return_Dequeue U (call_Enqueue & (!return_Dequeue U call_Empty)))) -> (call_Enqueue & (!return_Dequeue U call_Empty))),False
ARTEMIS,2,An enqueue without subsequent dequeue can only be followed by (An enqueue followed by a call to empty without an intervening),G (call_Enqueue & (!return_Dequeue U call_Empty) -> F (call_Empty & F return_Empty_false)),G((call_Enqueue & !F return_Dequeue) -> X(F(call_Enqueue & !F(return_Dequeue | call_Empty) & F call_Empty))),False
ARTEMIS,2,An enqueue without subsequent dequeue can only be followed by (An enqueue followed by a call to empty without an intervening),G (call_Enqueue & (!return_Dequeue U call_Empty) -> F (call_Empty & F return_Empty_false)),G((call_Enqueue & !F return_Dequeue) -> (!call_Enqueue U (call_Enqueue & !return_Dequeue U call_Empty))),False
ARTEMIS,2,An enqueue without subsequent dequeue can only be followed by (An enqueue followed by a call to empty without an intervening),G (call_Enqueue & (!return_Dequeue U call_Empty) -> F (call_Empty & F return_Empty_false)),G((call_Enqueue & !F return_Dequeue) -> X(F(call_Enqueue & !F(return_Dequeue | call_Empty) & F call_Empty))),False
ARTEMIS,2,An enqueue without subsequent dequeue can only be followed by (An enqueue followed by a call to empty without an intervening),G (call_Enqueue & (!return_Dequeue U call_Empty) -> F (call_Empty & F return_Empty_false)),G((call_Enqueue & (!return_Dequeue U (call_Enqueue & (!return_Dequeue U call_Empty)))) -> (call_Enqueue & (!return_Dequeue U call_Empty))),False
ARTEMIS,2,An enqueue without subsequent dequeue can only be followed by (An enqueue followed by a call to empty without an intervening),G (call_Enqueue & (!return_Dequeue U call_Empty) -> F (call_Empty & F return_Empty_false)),G((call_Enqueue & !F return_Dequeue) -> X(F(call_Enqueue & !F(return_Dequeue | call_Empty) & F call_Empty))),False
ARTEMIS,2,An enqueue without subsequent dequeue can only be followed by (An enqueue followed by a call to empty without an intervening),G (call_Enqueue & (!return_Dequeue U call_Empty) -> F (call_Empty & F return_Empty_false)),G((call_Enqueue & !F return_Dequeue) -> (F (call_Enqueue & !F (call_Empty & !call_Enqueue)))),False
ARTEMIS,2,An enqueue without subsequent dequeue can only be followed by (An enqueue followed by a call to empty without an intervening),G (call_Enqueue & (!return_Dequeue U call_Empty) -> F (call_Empty & F return_Empty_false)),G((call_Enqueue & !F return_Dequeue) -> X(F(call_Enqueue & !F(return_Dequeue | call_Empty) & F call_Empty))),False
ARTEMIS,2,An enqueue without subsequent dequeue can only be followed by (An enqueue followed by a call to empty without an intervening),G (call_Enqueue & (!return_Dequeue U call_Empty) -> F (call_Empty & F return_Empty_false)),G((call_Enqueue & (!return_Dequeue U (call_Enqueue & (!return_Dequeue U call_Empty)))) -> (call_Enqueue & (!return_Dequeue U call_Empty))),False
ARTEMIS,2,An enqueue without subsequent dequeue can only be followed by (An enqueue followed by a call to empty without an intervening),G (call_Enqueue & (!return_Dequeue U call_Empty) -> F (call_Empty & F return_Empty_false)),G((call_Enqueue & !F return_Dequeue) -> X(F(call_Enqueue & !F(return_Dequeue | call_Empty) & F call_Empty))),False
ARTEMIS,2,An enqueue without subsequent dequeue can only be followed by (An enqueue followed by a call to empty without an intervening),G (call_Enqueue & (!return_Dequeue U call_Empty) -> F (call_Empty & F return_Empty_false)),G((call_Enqueue & !F return_Dequeue) -> X(F(call_Enqueue & !F(return_Dequeue | call_Empty) & F call_Empty))),False
ARTEMIS,2,An enqueue without subsequent dequeue can only be followed by (An enqueue followed by a call to empty without an intervening),G (call_Enqueue & (!return_Dequeue U call_Empty) -> F (call_Empty & F return_Empty_false)),G((call_Enqueue & !F return_Dequeue) -> X(F(call_Enqueue & !F(return_Dequeue | call_Empty) & F call_Empty))),False
ARTEMIS,2,An enqueue without subsequent dequeue can only be followed by (An enqueue followed by a call to empty without an intervening),G (call_Enqueue & (!return_Dequeue U call_Empty) -> F (call_Empty & F return_Empty_false)),G((call_Enqueue & !F return_Dequeue) -> (F (call_Enqueue & !F (call_Empty & !F call_Enqueue)))),False
ARTEMIS,2,An enqueue without subsequent dequeue can only be followed by (An enqueue followed by a call to empty without an intervening),G (call_Enqueue & (!return_Dequeue U call_Empty) -> F (call_Empty & F return_Empty_false)),G((call_Enqueue & !F return_Dequeue) -> X(F(call_Enqueue & !F(return_Dequeue | call_Empty) & F call_Empty))),False
ARTEMIS,2,An enqueue without subsequent dequeue can only be followed by (An enqueue followed by a call to empty without an intervening),G (call_Enqueue & (!return_Dequeue U call_Empty) -> F (call_Empty & F return_Empty_false)),G((call_Enqueue & !F return_Dequeue) -> X(F(call_Enqueue & !F(return_Dequeue | call_Empty) & F call_Empty))),False
ARTEMIS,2,An enqueue without subsequent dequeue can only be followed by (An enqueue followed by a call to empty without an intervening),G (call_Enqueue & (!return_Dequeue U call_Empty) -> F (call_Empty & F return_Empty_false)),G((call_Enqueue & !F return_Dequeue) -> X(F(call_Enqueue & !F(return_Dequeue | call_Empty) & F call_Empty))),False
ARTEMIS,2,An enqueue without subsequent dequeue can only be followed by (An enqueue followed by a call to empty without an intervening),G (call_Enqueue & (!return_Dequeue U call_Empty) -> F (call_Empty & F return_Empty_false)),G((call_Enqueue & !F return_Dequeue) -> X(F(call_Enqueue & !F(return_Dequeue | call_Empty) & F call_Empty))),False
ARTEMIS,2,An enqueue without subsequent dequeue can only be followed by (An enqueue followed by a call to empty without an intervening),G (call_Enqueue & (!return_Dequeue U call_Empty) -> F (call_Empty & F return_Empty_false)),G((call_Enqueue & !F return_Dequeue) -> X(F(call_Enqueue & !F(return_Dequeue | call_Empty) & F call_Empty))),False
ARTEMIS,2,An enqueue without subsequent dequeue can only be followed by (An enqueue followed by a call to empty without an intervening),G (call_Enqueue & (!return_Dequeue U call_Empty) -> F (call_Empty & F return_Empty_false)),G((call_Enqueue & !F return_Dequeue) -> X(F(call_Enqueue & !F(return_Dequeue | call_Empty) & F call_Empty))),False
ARTEMIS,2,An enqueue without subsequent dequeue can only be followed by (An enqueue followed by a call to empty without an intervening),G (call_Enqueue & (!return_Dequeue U call_Empty) -> F (call_Empty & F return_Empty_false)),G((call_Enqueue & !F return_Dequeue) -> (F (call_Enqueue & !F (call_Empty & !F call_Enqueue)))),False
ARTEMIS,2,An enqueue without subsequent dequeue can only be followed by (An enqueue followed by a call to empty without an intervening),G (call_Enqueue & (!return_Dequeue U call_Empty) -> F (call_Empty & F return_Empty_false)),G((call_Enqueue & !F return_Dequeue) -> X(F(call_Enqueue & !F(return_Dequeue | call_Empty) & F call_Empty))),False
ARTEMIS,2,An enqueue without subsequent dequeue can only be followed by (An enqueue followed by a call to empty without an intervening),G (call_Enqueue & (!return_Dequeue U call_Empty) -> F (call_Empty & F return_Empty_false)),G((call_Enqueue & !F return_Dequeue) -> X(F(call_Enqueue & !F(return_Dequeue | call_Empty) & F call_Empty))),False
ARTEMIS,2,An enqueue without subsequent dequeue can only be followed by (An enqueue followed by a call to empty without an intervening),G (call_Enqueue & (!return_Dequeue U call_Empty) -> F (call_Empty & F return_Empty_false)),G((call_Enqueue & !F return_Dequeue) -> (!call_Enqueue U (call_Enqueue & !return_Dequeue U call_Empty))),False
ARTEMIS,2,An enqueue without subsequent dequeue can only be followed by (An enqueue followed by a call to empty without an intervening),G (call_Enqueue & (!return_Dequeue U call_Empty) -> F (call_Empty & F return_Empty_false)),G((call_Enqueue & !F return_Dequeue) -> X(F(call_Enqueue & !F(return_Dequeue | call_Empty) & F call_Empty))),False
ARTEMIS,2,An enqueue without subsequent dequeue can only be followed by (An enqueue followed by a call to empty without an intervening),G (call_Enqueue & (!return_Dequeue U call_Empty) -> F (call_Empty & F return_Empty_false)),G((call_Enqueue & !F return_Dequeue) -> (!call_Enqueue U (call_Enqueue & !return_Dequeue U call_Empty))),False
ARTEMIS,2,An enqueue without subsequent dequeue can only be followed by (An enqueue followed by a call to empty without an intervening),G (call_Enqueue & (!return_Dequeue U call_Empty) -> F (call_Empty & F return_Empty_false)),G((call_Enqueue & (!return_Dequeue U (call_Enqueue & (!return_Dequeue U call_Empty)))) -> (call_Enqueue & (!return_Dequeue U call_Empty))),False
ARTEMIS,2,An enqueue without subsequent dequeue can only be followed by (An enqueue followed by a call to empty without an intervening),G (call_Enqueue & (!return_Dequeue U call_Empty) -> F (call_Empty & F return_Empty_false)),G((call_Enqueue & !F return_Dequeue) -> X(F(call_Enqueue & !F(return_Dequeue | call_Empty) & F call_Empty))),False
ARTEMIS,2,An enqueue without subsequent dequeue can only be followed by (An enqueue followed by a call to empty without an intervening),G (call_Enqueue & (!return_Dequeue U call_Empty) -> F (call_Empty & F return_Empty_false)),G((call_Enqueue & !F return_Dequeue) -> X(F(call_Enqueue & !F(return_Dequeue | call_Empty) & F call_Empty))),False
ARTEMIS,2,An enqueue without subsequent dequeue can only be followed by (An enqueue followed by a call to empty without an intervening),G (call_Enqueue & (!return_Dequeue U call_Empty) -> F (call_Empty & F return_Empty_false)),G((call_Enqueue & !F return_Dequeue) -> X(F(call_Enqueue & !F(return_Dequeue | call_Empty) & F call_Empty))),False
ARTEMIS,2,An enqueue without subsequent dequeue can only be followed by (An enqueue followed by a call to empty without an intervening),G (call_Enqueue & (!return_Dequeue U call_Empty) -> F (call_Empty & F return_Empty_false)),G((call_Enqueue & !F return_Dequeue) -> X(F(call_Enqueue & !F(return_Dequeue | call_Empty) & F call_Empty))),False
ARTEMIS,2,An enqueue without subsequent dequeue can only be followed by (An enqueue followed by a call to empty without an intervening),G (call_Enqueue & (!return_Dequeue U call_Empty) -> F (call_Empty & F return_Empty_false)),G((call_Enqueue & !F return_Dequeue) -> X(F(call_Enqueue & !F(return_Dequeue | call_Empty) & F call_Empty))),False
ARTEMIS,2,An enqueue without subsequent dequeue can only be followed by (An enqueue followed by a call to empty without an intervening),G (call_Enqueue & (!return_Dequeue U call_Empty) -> F (call_Empty & F return_Empty_false)),G((call_Enqueue & !F return_Dequeue) -> X(F(call_Enqueue & !F(return_Dequeue | call_Empty) & F call_Empty))),False
ARTEMIS,2,An enqueue without subsequent dequeue can only be followed by (An enqueue followed by a call to empty without an intervening),G (call_Enqueue & (!return_Dequeue U call_Empty) -> F (call_Empty & F return_Empty_false)),G((call_Enqueue & (!return_Dequeue U (call_Enqueue & (!return_Dequeue U call_Empty)))) -> (call_Enqueue & (!return_Dequeue U call_Empty))),False
ARTEMIS,2,An enqueue without subsequent dequeue can only be followed by (An enqueue followed by a call to empty without an intervening),G (call_Enqueue & (!return_Dequeue U call_Empty) -> F (call_Empty & F return_Empty_false)),G((call_Enqueue & !F return_Dequeue) -> X(F(call_Enqueue & !F(return_Dequeue | call_Empty) & F call_Empty))),False
ARTEMIS,2,An enqueue without subsequent dequeue can only be followed by (An enqueue followed by a call to empty without an intervening),G (call_Enqueue & (!return_Dequeue U call_Empty) -> F (call_Empty & F return_Empty_false)),G((call_Enqueue & !F return_Dequeue) -> X(F(call_Enqueue & !F(return_Dequeue | call_Empty) & F call_Empty))),False
ARTEMIS,2,An enqueue without subsequent dequeue can only be followed by (An enqueue followed by a call to empty without an intervening),G (call_Enqueue & (!return_Dequeue U call_Empty) -> F (call_Empty & F return_Empty_false)),G((call_Enqueue & (!return_Dequeue U (call_Enqueue & (!return_Dequeue U call_Empty)))) -> (call_Enqueue & (!return_Dequeue U call_Empty))),False
ARTEMIS,2,An enqueue without subsequent dequeue can only be followed by (An enqueue followed by a call to empty without an intervening),G (call_Enqueue & (!return_Dequeue U call_Empty) -> F (call_Empty & F return_Empty_false)),G((call_Enqueue & !F return_Dequeue) -> X(F(call_Enqueue & !F(return_Dequeue | call_Empty) & F call_Empty))),False
ARTEMIS,2,An enqueue without subsequent dequeue can only be followed by (An enqueue followed by a call to empty without an intervening),G (call_Enqueue & (!return_Dequeue U call_Empty) -> F (call_Empty & F return_Empty_false)),G((call_Enqueue & !F return_Dequeue) -> (!call_Enqueue U (call_Enqueue & !return_Dequeue U call_Empty))),False
ARTEMIS,2,An enqueue without subsequent dequeue can only be followed by (An enqueue followed by a call to empty without an intervening),G (call_Enqueue & (!return_Dequeue U call_Empty) -> F (call_Empty & F return_Empty_false)),G((call_Enqueue & !F return_Dequeue) -> X(F(call_Enqueue & !F(return_Dequeue | call_Empty) & F call_Empty))),False
ARTEMIS,2,An enqueue without subsequent dequeue can only be followed by (An enqueue followed by a call to empty without an intervening),G (call_Enqueue & (!return_Dequeue U call_Empty) -> F (call_Empty & F return_Empty_false)),G((call_Enqueue & !F return_Dequeue) -> (F(call_Enqueue & !F(return_Dequeue | call_Empty) & F call_Empty))),False
ARTEMIS,2,An enqueue without subsequent dequeue can only be followed by (An enqueue followed by a call to empty without an intervening),G (call_Enqueue & (!return_Dequeue U call_Empty) -> F (call_Empty & F return_Empty_false)),G((call_Enqueue & !F return_Dequeue) -> X(F(call_Enqueue & !F(return_Dequeue | call_Empty) & F call_Empty))),False
ARTEMIS,2,An enqueue without subsequent dequeue can only be followed by (An enqueue followed by a call to empty without an intervening),G (call_Enqueue & (!return_Dequeue U call_Empty) -> F (call_Empty & F return_Empty_false)),G((call_Enqueue & !F return_Dequeue) -> X(F(call_Enqueue & !F(return_Dequeue | call_Empty) & F call_Empty))),False
ARTEMIS,2,An enqueue without subsequent dequeue can only be followed by (An enqueue followed by a call to empty without an intervening),G (call_Enqueue & (!return_Dequeue U call_Empty) -> F (call_Empty & F return_Empty_false)),G((call_Enqueue & !F return_Dequeue) -> X(F(call_Enqueue & !F(return_Dequeue | call_Empty) & F call_Empty))),False
ARTEMIS,2,An enqueue without subsequent dequeue can only be followed by (An enqueue followed by a call to empty without an intervening),G (call_Enqueue & (!return_Dequeue U call_Empty) -> F (call_Empty & F return_Empty_false)),G((call_Enqueue & !F return_Dequeue) -> X(F(call_Enqueue & !F(return_Dequeue | call_Empty) & F call_Empty))),False
ARTEMIS,2,An enqueue without subsequent dequeue can only be followed by (An enqueue followed by a call to empty without an intervening),G (call_Enqueue & (!return_Dequeue U call_Empty) -> F (call_Empty & F return_Empty_false)),G((call_Enqueue & !F return_Dequeue) -> X(F(call_Enqueue & !F(return_Dequeue | call_Empty) & F call_Empty))),False
ARTEMIS,2,An enqueue without subsequent dequeue can only be followed by (An enqueue followed by a call to empty without an intervening),G (call_Enqueue & (!return_Dequeue U call_Empty) -> F (call_Empty & F return_Empty_false)),G((call_Enqueue & !F return_Dequeue) -> X(F(call_Enqueue & !F(return_Dequeue | call_Empty) & F call_Empty))),False
ARTEMIS,2,An enqueue without subsequent dequeue can only be followed by (An enqueue followed by a call to empty without an intervening),G (call_Enqueue & (!return_Dequeue U call_Empty) -> F (call_Empty & F return_Empty_false)),G((call_Enqueue & !F return_Dequeue) -> X(F(call_Enqueue & !F(return_Dequeue | call_Empty) & F call_Empty))),False
ARTEMIS,2,An enqueue without subsequent dequeue can only be followed by (An enqueue followed by a call to empty without an intervening),G (call_Enqueue & (!return_Dequeue U call_Empty) -> F (call_Empty & F return_Empty_false)),G((call_Enqueue & !F return_Dequeue) -> (F(call_Enqueue & F call_Empty))),False
ARTEMIS,2,An enqueue without subsequent dequeue can only be followed by (An enqueue followed by a call to empty without an intervening),G (call_Enqueue & (!return_Dequeue U call_Empty) -> F (call_Empty & F return_Empty_false)),G((call_Enqueue & !F return_Dequeue) -> X(F(call_Enqueue & !F(return_Dequeue | call_Empty) & F call_Empty))),False
ARTEMIS,2,An enqueue without subsequent dequeue can only be followed by (An enqueue followed by a call to empty without an intervening),G (call_Enqueue & (!return_Dequeue U call_Empty) -> F (call_Empty & F return_Empty_false)),G((call_Enqueue & !F return_Dequeue) -> X(F(call_Enqueue & !F(return_Dequeue | call_Empty) & F call_Empty))),False
ARTEMIS,2,An enqueue without subsequent dequeue can only be followed by (An enqueue followed by a call to empty without an intervening),G (call_Enqueue & (!return_Dequeue U call_Empty) -> F (call_Empty & F return_Empty_false)),G((call_Enqueue & !F return_Dequeue) -> X(F(call_Enqueue & !F(return_Dequeue | call_Empty) & F call_Empty))),False
ARTEMIS,2,An enqueue without subsequent dequeue can only be followed by (An enqueue followed by a call to empty without an intervening),G (call_Enqueue & (!return_Dequeue U call_Empty) -> F (call_Empty & F return_Empty_false)),G((call_Enqueue & !F return_Dequeue) -> (!call_Enqueue U (call_Enqueue & !return_Dequeue U call_Empty))),False
ARTEMIS,2,An enqueue without subsequent dequeue can only be followed by (An enqueue followed by a call to empty without an intervening),G (call_Enqueue & (!return_Dequeue U call_Empty) -> F (call_Empty & F return_Empty_false)),G((call_Enqueue & !F return_Dequeue) -> X(F(call_Enqueue & !F(return_Dequeue | call_Empty) & F call_Empty))),False
ARTEMIS,2,An enqueue without subsequent dequeue can only be followed by (An enqueue followed by a call to empty without an intervening),G (call_Enqueue & (!return_Dequeue U call_Empty) -> F (call_Empty & F return_Empty_false)),G((call_Enqueue & !F return_Dequeue) -> X(F(call_Enqueue & !F(return_Dequeue | call_Empty) & F call_Empty))),False
ARTEMIS,2,An enqueue without subsequent dequeue can only be followed by (An enqueue followed by a call to empty without an intervening),G (call_Enqueue & (!return_Dequeue U call_Empty) -> F (call_Empty & F return_Empty_false)),G((call_Enqueue & !F return_Dequeue) -> X(F(call_Enqueue & !F(return_Dequeue | call_Empty) & F call_Empty))),False
ARTEMIS,2,An enqueue without subsequent dequeue can only be followed by (An enqueue followed by a call to empty without an intervening),G (call_Enqueue & (!return_Dequeue U call_Empty) -> F (call_Empty & F return_Empty_false)),G((call_Enqueue & !F return_Dequeue) -> X(F(call_Enqueue & !F(return_Dequeue | call_Empty) & F call_Empty))),False
ARTEMIS,2,An enqueue without subsequent dequeue can only be followed by (An enqueue followed by a call to empty without an intervening),G (call_Enqueue & (!return_Dequeue U call_Empty) -> F (call_Empty & F return_Empty_false)),G((call_Enqueue & !F return_Dequeue) -> (F (call_Enqueue & !F(return_Dequeue | call_Empty) & F call_Empty))),False
ARTEMIS,2,An enqueue without subsequent dequeue can only be followed by (An enqueue followed by a call to empty without an intervening),G (call_Enqueue & (!return_Dequeue U call_Empty) -> F (call_Empty & F return_Empty_false)),G((call_Enqueue & !F return_Dequeue) -> (F (call_Enqueue & !F(return_Dequeue | call_Empty) & F call_Empty))),False
ARTEMIS,2,An enqueue without subsequent dequeue can only be followed by (An enqueue followed by a call to empty without an intervening),G (call_Enqueue & (!return_Dequeue U call_Empty) -> F (call_Empty & F return_Empty_false)),G((call_Enqueue & !F return_Dequeue) -> X(F(call_Enqueue & !F(return_Dequeue | call_Empty) & F call_Empty))),False
ARTEMIS,2,An enqueue without subsequent dequeue can only be followed by (An enqueue followed by a call to empty without an intervening),G (call_Enqueue & (!return_Dequeue U call_Empty) -> F (call_Empty & F return_Empty_false)),G((call_Enqueue & !F return_Dequeue) -> X(F(call_Enqueue & !F(return_Dequeue | call_Empty) & F call_Empty))),False
ARTEMIS,2,An enqueue without subsequent dequeue can only be followed by (An enqueue followed by a call to empty without an intervening),G (call_Enqueue & (!return_Dequeue U call_Empty) -> F (call_Empty & F return_Empty_false)),G((call_Enqueue & !F return_Dequeue) -> (F(call_Enqueue & F call_Empty))),False
ARTEMIS,2,An enqueue without subsequent dequeue can only be followed by (An enqueue followed by a call to empty without an intervening),G (call_Enqueue & (!return_Dequeue U call_Empty) -> F (call_Empty & F return_Empty_false)),G((call_Enqueue & !F return_Dequeue) -> X(F(call_Enqueue & !F(return_Dequeue | call_Empty) & F call_Empty))),False
ARTEMIS,2,An enqueue without subsequent dequeue can only be followed by (An enqueue followed by a call to empty without an intervening),G (call_Enqueue & (!return_Dequeue U call_Empty) -> F (call_Empty & F return_Empty_false)),G((call_Enqueue & !F return_Dequeue) -> (F (call_Enqueue & !F (call_Empty & (call_Enqueue U call_Empty))))),False
ARTEMIS,2,An enqueue without subsequent dequeue can only be followed by (An enqueue followed by a call to empty without an intervening),G (call_Enqueue & (!return_Dequeue U call_Empty) -> F (call_Empty & F return_Empty_false)),G((call_Enqueue & !F return_Dequeue) -> (!call_Enqueue U (call_Enqueue & !return_Dequeue U call_Empty))),False
ARTEMIS,2,An enqueue without subsequent dequeue can only be followed by (An enqueue followed by a call to empty without an intervening),G (call_Enqueue & (!return_Dequeue U call_Empty) -> F (call_Empty & F return_Empty_false)),G((call_Enqueue & !F return_Dequeue) -> X(F(call_Enqueue & !F(return_Dequeue | call_Empty) & F call_Empty))),False
ARTEMIS,2,An enqueue without subsequent dequeue can only be followed by (An enqueue followed by a call to empty without an intervening),G (call_Enqueue & (!return_Dequeue U call_Empty) -> F (call_Empty & F return_Empty_false)),G((call_Enqueue & !F return_Dequeue) -> X(F(call_Enqueue & !F(return_Dequeue | call_Empty) & F call_Empty))),False
ARTEMIS,2,An enqueue without subsequent dequeue can only be followed by (An enqueue followed by a call to empty without an intervening),G (call_Enqueue & (!return_Dequeue U call_Empty) -> F (call_Empty & F return_Empty_false)),G((call_Enqueue & !F return_Dequeue) -> X(F(call_Enqueue & !F(return_Dequeue | call_Empty) & F call_Empty))),False
ARTEMIS,2,An enqueue without subsequent dequeue can only be followed by (An enqueue followed by a call to empty without an intervening),G (call_Enqueue & (!return_Dequeue U call_Empty) -> F (call_Empty & F return_Empty_false)),G((call_Enqueue & !F return_Dequeue) -> (!call_Enqueue U (call_Enqueue & !return_Dequeue U call_Empty))),False
ARTEMIS,2,An enqueue without subsequent dequeue can only be followed by (An enqueue followed by a call to empty without an intervening),G (call_Enqueue & (!return_Dequeue U call_Empty) -> F (call_Empty & F return_Empty_false)),G((call_Enqueue & (!return_Dequeue U (call_Enqueue & (!return_Dequeue U call_Empty)))) -> (call_Enqueue & (!return_Dequeue U call_Empty))),False
ARTEMIS,2,An enqueue without subsequent dequeue can only be followed by (An enqueue followed by a call to empty without an intervening),G (call_Enqueue & (!return_Dequeue U call_Empty) -> F (call_Empty & F return_Empty_false)),G((call_Enqueue & !F return_Dequeue) -> X(F(call_Enqueue & !F(return_Dequeue | call_Empty) & F call_Empty))),False
ARTEMIS,2,An enqueue without subsequent dequeue can only be followed by (An enqueue followed by a call to empty without an intervening),G (call_Enqueue & (!return_Dequeue U call_Empty) -> F (call_Empty & F return_Empty_false)),G((call_Enqueue & !F return_Dequeue) -> X(F(call_Enqueue & !F(return_Dequeue | call_Empty) & F call_Empty))),False
ARTEMIS,2,An enqueue without subsequent dequeue can only be followed by (An enqueue followed by a call to empty without an intervening),G (call_Enqueue & (!return_Dequeue U call_Empty) -> F (call_Empty & F return_Empty_false)),G((call_Enqueue & !F return_Dequeue) -> X(F(call_Enqueue & !F(return_Dequeue | call_Empty) & F call_Empty))),False
ARTEMIS,2,An enqueue without subsequent dequeue can only be followed by (An enqueue followed by a call to empty without an intervening),G (call_Enqueue & (!return_Dequeue U call_Empty) -> F (call_Empty & F return_Empty_false)),G((call_Enqueue & !F return_Dequeue) -> (F (call_Enqueue & !F(return_Dequeue | call_Empty) & F call_Empty))),False
ARTEMIS,2,An enqueue without subsequent dequeue can only be followed by (An enqueue followed by a call to empty without an intervening),G (call_Enqueue & (!return_Dequeue U call_Empty) -> F (call_Empty & F return_Empty_false)),G((call_Enqueue & !F return_Dequeue) -> (F (call_Enqueue & !F (call_Empty & ! (call_Enqueue | return_Dequeue))))),False
ARTEMIS,2,An enqueue without subsequent dequeue can only be followed by (An enqueue followed by a call to empty without an intervening),G (call_Enqueue & (!return_Dequeue U call_Empty) -> F (call_Empty & F return_Empty_false)),G((call_Enqueue & !F return_Dequeue) -> X(F(call_Enqueue & !F(return_Dequeue | call_Empty) & F call_Empty))),False
ARTEMIS,2,An enqueue without subsequent dequeue can only be followed by (An enqueue followed by a call to empty without an intervening),G (call_Enqueue & (!return_Dequeue U call_Empty) -> F (call_Empty & F return_Empty_false)),G((call_Enqueue & !F return_Dequeue) -> X(F(call_Enqueue & !F(return_Dequeue | call_Empty) & F call_Empty))),False
ARTEMIS,2,An enqueue without subsequent dequeue can only be followed by (An enqueue followed by a call to empty without an intervening),G (call_Enqueue & (!return_Dequeue U call_Empty) -> F (call_Empty & F return_Empty_false)),G((call_Enqueue & !F return_Dequeue) -> X(F(call_Enqueue & !F(return_Dequeue | call_Empty) & F call_Empty))),False
ARTEMIS,2,An enqueue without subsequent dequeue can only be followed by (An enqueue followed by a call to empty without an intervening),G (call_Enqueue & (!return_Dequeue U call_Empty) -> F (call_Empty & F return_Empty_false)),G((call_Enqueue & !F return_Dequeue) -> X(F(call_Enqueue & !F(return_Dequeue | call_Empty) & F call_Empty))),False
ARTEMIS,2,An enqueue without subsequent dequeue can only be followed by (An enqueue followed by a call to empty without an intervening),G (call_Enqueue & (!return_Dequeue U call_Empty) -> F (call_Empty & F return_Empty_false)),G((call_Enqueue & !F return_Dequeue) -> X(F(call_Enqueue & !F(return_Dequeue | call_Empty) & F call_Empty))),False
ARTEMIS,2,An enqueue without subsequent dequeue can only be followed by (An enqueue followed by a call to empty without an intervening),G (call_Enqueue & (!return_Dequeue U call_Empty) -> F (call_Empty & F return_Empty_false)),G((call_Enqueue & !F return_Dequeue) -> X(F(call_Enqueue & !F(return_Dequeue | call_Empty) & F call_Empty))),False
ARTEMIS,2,An enqueue without subsequent dequeue can only be followed by (An enqueue followed by a call to empty without an intervening),G (call_Enqueue & (!return_Dequeue U call_Empty) -> F (call_Empty & F return_Empty_false)),G((call_Enqueue & !F return_Dequeue) -> X(F(call_Enqueue & !F(return_Dequeue | call_Empty) & F call_Empty))),False
ARTEMIS,2,An enqueue without subsequent dequeue can only be followed by (An enqueue followed by a call to empty without an intervening),G (call_Enqueue & (!return_Dequeue U call_Empty) -> F (call_Empty & F return_Empty_false)),G((call_Enqueue & !F return_Dequeue) -> X(F(call_Enqueue & !F(return_Dequeue | call_Empty) & F call_Empty))),False
ARTEMIS,2,An enqueue without subsequent dequeue can only be followed by (An enqueue followed by a call to empty without an intervening),G (call_Enqueue & (!return_Dequeue U call_Empty) -> F (call_Empty & F return_Empty_false)),G((call_Enqueue & !F return_Dequeue) -> (F (call_Enqueue & !F (call_Empty & (call_Enqueue U call_Empty))))),False
ARTEMIS,2,An enqueue without subsequent dequeue can only be followed by (An enqueue followed by a call to empty without an intervening),G (call_Enqueue & (!return_Dequeue U call_Empty) -> F (call_Empty & F return_Empty_false)),G((call_Enqueue & !F return_Dequeue) -> X(F(call_Enqueue & !F(return_Dequeue | call_Empty) & F call_Empty))),False
ARTEMIS,2,An enqueue without subsequent dequeue can only be followed by (An enqueue followed by a call to empty without an intervening),G (call_Enqueue & (!return_Dequeue U call_Empty) -> F (call_Empty & F return_Empty_false)),G((call_Enqueue & (!return_Dequeue U (call_Enqueue & (!return_Dequeue U call_Empty)))) -> (call_Enqueue & (!return_Dequeue U call_Empty))),False
ARTEMIS,2,An enqueue without subsequent dequeue can only be followed by (An enqueue followed by a call to empty without an intervening),G (call_Enqueue & (!return_Dequeue U call_Empty) -> F (call_Empty & F return_Empty_false)),G((call_Enqueue & !F return_Dequeue) -> (!call_Enqueue U (call_Enqueue & !return_Dequeue U call_Empty))),False
ARTEMIS,2,An enqueue without subsequent dequeue can only be followed by (An enqueue followed by a call to empty without an intervening),G (call_Enqueue & (!return_Dequeue U call_Empty) -> F (call_Empty & F return_Empty_false)),G((call_Enqueue & !F return_Dequeue) -> (F (call_Enqueue & !F (call_Empty & !call_Enqueue)))),False
ARTEMIS,2,An enqueue without subsequent dequeue can only be followed by (An enqueue followed by a call to empty without an intervening),G (call_Enqueue & (!return_Dequeue U call_Empty) -> F (call_Empty & F return_Empty_false)),G((call_Enqueue & !F return_Dequeue) -> X(F(call_Enqueue & !F(return_Dequeue | call_Empty) & F call_Empty))),False
ARTEMIS,2,An enqueue without subsequent dequeue can only be followed by (An enqueue followed by a call to empty without an intervening),G (call_Enqueue & (!return_Dequeue U call_Empty) -> F (call_Empty & F return_Empty_false)),G((call_Enqueue & !F return_Dequeue) -> X(F(call_Enqueue & !F(return_Dequeue | call_Empty) & F call_Empty))),False
ARTEMIS,2,An enqueue without subsequent dequeue can only be followed by (An enqueue followed by a call to empty without an intervening),G (call_Enqueue & (!return_Dequeue U call_Empty) -> F (call_Empty & F return_Empty_false)),G((call_Enqueue & !F return_Dequeue) -> X(F(call_Enqueue & !F(return_Dequeue | call_Empty) & F call_Empty))),False
ARTEMIS,20,Computation terminates when workpool is empty or worker signals (The Execute call returns only when the number of workitems),G (call_Execute -> ((!return_Execute) U (return_doWork_done_true_i |_| return_doResult_done_true_i |_| workCountEQzero | G (!return_Execute)))),G(call_Execute -> (workCountEQzero | return_doWork_done_true_i) U return_Execute),False
ARTEMIS,20,Computation terminates when workpool is empty or worker signals (The Execute call returns only when the number of workitems),G (call_Execute -> ((!return_Execute) U (return_doWork_done_true_i |_| return_doResult_done_true_i |_| workCountEQzero | G (!return_Execute)))),G(call_Execute -> (workCountEQzero | return_doWork_done_true_i) U return_Execute),False
ARTEMIS,20,Computation terminates when workpool is empty or worker signals (The Execute call returns only when the number of workitems),G (call_Execute -> ((!return_Execute) U (return_doWork_done_true_i |_| return_doResult_done_true_i |_| workCountEQzero | G (!return_Execute)))),G(call_Execute -> (workCountEQzero | return_doWork_done_true_i) U return_Execute),False
ARTEMIS,20,Computation terminates when workpool is empty or worker signals (The Execute call returns only when the number of workitems),G (call_Execute -> ((!return_Execute) U (return_doWork_done_true_i |_| return_doResult_done_true_i |_| workCountEQzero | G (!return_Execute)))),G(call_Execute -> (workCountEQzero | return_doWork_done_true_i) U return_Execute),False
ARTEMIS,20,Computation terminates when workpool is empty or worker signals (The Execute call returns only when the number of workitems),G (call_Execute -> ((!return_Execute) U (return_doWork_done_true_i |_| return_doResult_done_true_i |_| workCountEQzero | G (!return_Execute)))),G(call_Execute -> ( !return_Execute U (workCountEQzero | return_doWork_done_true_i))),False
ARTEMIS,20,Computation terminates when workpool is empty or worker signals (The Execute call returns only when the number of workitems),G (call_Execute -> ((!return_Execute) U (return_doWork_done_true_i |_| return_doResult_done_true_i |_| workCountEQzero | G (!return_Execute)))),G(call_Execute -> ( !return_Execute U (workCountEQzero | return_doWork_done_true_i))),False
ARTEMIS,20,Computation terminates when workpool is empty or worker signals (The Execute call returns only when the number of workitems),G (call_Execute -> ((!return_Execute) U (return_doWork_done_true_i |_| return_doResult_done_true_i |_| workCountEQzero | G (!return_Execute)))),G(call_Execute -> ( !return_Execute U (workCountEQzero | return_doWork_done_true_i))),False
ARTEMIS,20,Computation terminates when workpool is empty or worker signals (The Execute call returns only when the number of workitems),G (call_Execute -> ((!return_Execute) U (return_doWork_done_true_i |_| return_doResult_done_true_i |_| workCountEQzero | G (!return_Execute)))),G(call_Execute -> (workCountEQzero | return_doWork_done_true_i) U return_Execute),False
ARTEMIS,20,Computation terminates when workpool is empty or worker signals (The Execute call returns only when the number of workitems),G (call_Execute -> ((!return_Execute) U (return_doWork_done_true_i |_| return_doResult_done_true_i |_| workCountEQzero | G (!return_Execute)))),G(call_Execute -> (workCountEQzero | return_doWork_done_true_i) U return_Execute),False
ARTEMIS,20,Computation terminates when workpool is empty or worker signals (The Execute call returns only when the number of workitems),G (call_Execute -> ((!return_Execute) U (return_doWork_done_true_i |_| return_doResult_done_true_i |_| workCountEQzero | G (!return_Execute)))),G(call_Execute -> (workCountEQzero | return_doWork_done_true_i) U return_Execute),False
ARTEMIS,20,Computation terminates when workpool is empty or worker signals (The Execute call returns only when the number of workitems),G (call_Execute -> ((!return_Execute) U (return_doWork_done_true_i |_| return_doResult_done_true_i |_| workCountEQzero | G (!return_Execute)))),G(call_Execute -> (workCountEQzero | return_doWork_done_true_i) U return_Execute),False
ARTEMIS,20,Computation terminates when workpool is empty or worker signals (The Execute call returns only when the number of workitems),G (call_Execute -> ((!return_Execute) U (return_doWork_done_true_i |_| return_doResult_done_true_i |_| workCountEQzero | G (!return_Execute)))),G(call_Execute -> ( !return_Execute U (workCountEQzero | return_doWork_done_true_i))),False
ARTEMIS,20,Computation terminates when workpool is empty or worker signals (The Execute call returns only when the number of workitems),G (call_Execute -> ((!return_Execute) U (return_doWork_done_true_i |_| return_doResult_done_true_i |_| workCountEQzero | G (!return_Execute)))),G(call_Execute -> ( !return_Execute U (workCountEQzero | return_doWork_done_true_i))),False
ARTEMIS,20,Computation terminates when workpool is empty or worker signals (The Execute call returns only when the number of workitems),G (call_Execute -> ((!return_Execute) U (return_doWork_done_true_i |_| return_doResult_done_true_i |_| workCountEQzero | G (!return_Execute)))),G(call_Execute -> ( !return_Execute U (workCountEQzero | return_doWork_done_true_i))),False
ARTEMIS,20,Computation terminates when workpool is empty or worker signals (The Execute call returns only when the number of workitems),G (call_Execute -> ((!return_Execute) U (return_doWork_done_true_i |_| return_doResult_done_true_i |_| workCountEQzero | G (!return_Execute)))),G(call_Execute -> (workCountEQzero | return_doWork_done_true_i) U return_Execute),False
ARTEMIS,20,Computation terminates when workpool is empty or worker signals (The Execute call returns only when the number of workitems),G (call_Execute -> ((!return_Execute) U (return_doWork_done_true_i |_| return_doResult_done_true_i |_| workCountEQzero | G (!return_Execute)))),G(call_Execute -> ( !return_Execute U (workCountEQzero | return_doWork_done_true_i))),False
ARTEMIS,20,Computation terminates when workpool is empty or worker signals (The Execute call returns only when the number of workitems),G (call_Execute -> ((!return_Execute) U (return_doWork_done_true_i |_| return_doResult_done_true_i |_| workCountEQzero | G (!return_Execute)))),G(call_Execute -> (workCountEQzero | return_doWork_done_true_i) U return_Execute),False
ARTEMIS,20,Computation terminates when workpool is empty or worker signals (The Execute call returns only when the number of workitems),G (call_Execute -> ((!return_Execute) U (return_doWork_done_true_i |_| return_doResult_done_true_i |_| workCountEQzero | G (!return_Execute)))),G(call_Execute -> ( !return_Execute U (workCountEQzero | return_doWork_done_true_i))),False
ARTEMIS,20,Computation terminates when workpool is empty or worker signals (The Execute call returns only when the number of workitems),G (call_Execute -> ((!return_Execute) U (return_doWork_done_true_i |_| return_doResult_done_true_i |_| workCountEQzero | G (!return_Execute)))),G(call_Execute -> ( !return_Execute U (workCountEQzero | return_doWork_done_true_i))),False
ARTEMIS,20,Computation terminates when workpool is empty or worker signals (The Execute call returns only when the number of workitems),G (call_Execute -> ((!return_Execute) U (return_doWork_done_true_i |_| return_doResult_done_true_i |_| workCountEQzero | G (!return_Execute)))),G(call_Execute -> (workCountEQzero | return_doWork_done_true_i) U return_Execute),False
ARTEMIS,20,Computation terminates when workpool is empty or worker signals (The Execute call returns only when the number of workitems),G (call_Execute -> ((!return_Execute) U (return_doWork_done_true_i |_| return_doResult_done_true_i |_| workCountEQzero | G (!return_Execute)))),G(call_Execute -> ( !return_Execute U (workCountEQzero | return_doWork_done_true_i))),False
ARTEMIS,20,Computation terminates when workpool is empty or worker signals (The Execute call returns only when the number of workitems),G (call_Execute -> ((!return_Execute) U (return_doWork_done_true_i |_| return_doResult_done_true_i |_| workCountEQzero | G (!return_Execute)))),G(call_Execute -> (workCountEQzero | return_doWork_done_true_i) U return_Execute),False
ARTEMIS,20,Computation terminates when workpool is empty or worker signals (The Execute call returns only when the number of workitems),G (call_Execute -> ((!return_Execute) U (return_doWork_done_true_i |_| return_doResult_done_true_i |_| workCountEQzero | G (!return_Execute)))),G(call_Execute -> (workCountEQzero | return_doWork_done_true_i) U return_Execute),False
ARTEMIS,20,Computation terminates when workpool is empty or worker signals (The Execute call returns only when the number of workitems),G (call_Execute -> ((!return_Execute) U (return_doWork_done_true_i |_| return_doResult_done_true_i |_| workCountEQzero | G (!return_Execute)))),G(call_Execute -> (workCountEQzero | return_doWork_done_true_i) U return_Execute),False
ARTEMIS,20,Computation terminates when workpool is empty or worker signals (The Execute call returns only when the number of workitems),G (call_Execute -> ((!return_Execute) U (return_doWork_done_true_i |_| return_doResult_done_true_i |_| workCountEQzero | G (!return_Execute)))),G(call_Execute -> (workCountEQzero | return_doWork_done_true_i) U return_Execute),False
ARTEMIS,20,Computation terminates when workpool is empty or worker signals (The Execute call returns only when the number of workitems),G (call_Execute -> ((!return_Execute) U (return_doWork_done_true_i |_| return_doResult_done_true_i |_| workCountEQzero | G (!return_Execute)))),G(call_Execute -> ( !return_Execute U (workCountEQzero | return_doWork_done_true_i))),False
ARTEMIS,20,Computation terminates when workpool is empty or worker signals (The Execute call returns only when the number of workitems),G (call_Execute -> ((!return_Execute) U (return_doWork_done_true_i |_| return_doResult_done_true_i |_| workCountEQzero | G (!return_Execute)))),G(call_Execute -> (workCountEQzero | return_doWork_done_true_i) U return_Execute),False
ARTEMIS,20,Computation terminates when workpool is empty or worker signals (The Execute call returns only when the number of workitems),G (call_Execute -> ((!return_Execute) U (return_doWork_done_true_i |_| return_doResult_done_true_i |_| workCountEQzero | G (!return_Execute)))),G(call_Execute -> (workCountEQzero | return_doWork_done_true_i) U return_Execute),False
ARTEMIS,20,Computation terminates when workpool is empty or worker signals (The Execute call returns only when the number of workitems),G (call_Execute -> ((!return_Execute) U (return_doWork_done_true_i |_| return_doResult_done_true_i |_| workCountEQzero | G (!return_Execute)))),G(call_Execute -> (workCountEQzero | return_doWork_done_true_i) U return_Execute),False
ARTEMIS,20,Computation terminates when workpool is empty or worker signals (The Execute call returns only when the number of workitems),G (call_Execute -> ((!return_Execute) U (return_doWork_done_true_i |_| return_doResult_done_true_i |_| workCountEQzero | G (!return_Execute)))),G(call_Execute -> (workCountEQzero | return_doWork_done_true_i) U return_Execute),False
ARTEMIS,20,Computation terminates when workpool is empty or worker signals (The Execute call returns only when the number of workitems),G (call_Execute -> ((!return_Execute) U (return_doWork_done_true_i |_| return_doResult_done_true_i |_| workCountEQzero | G (!return_Execute)))),G(call_Execute -> ( !return_Execute U (workCountEQzero | return_doWork_done_true_i))),False
ARTEMIS,20,Computation terminates when workpool is empty or worker signals (The Execute call returns only when the number of workitems),G (call_Execute -> ((!return_Execute) U (return_doWork_done_true_i |_| return_doResult_done_true_i |_| workCountEQzero | G (!return_Execute)))),G(call_Execute -> (workCountEQzero | return_doWork_done_true_i) U return_Execute),False
ARTEMIS,20,Computation terminates when workpool is empty or worker signals (The Execute call returns only when the number of workitems),G (call_Execute -> ((!return_Execute) U (return_doWork_done_true_i |_| return_doResult_done_true_i |_| workCountEQzero | G (!return_Execute)))),G(call_Execute -> ( !return_Execute U (workCountEQzero | return_doWork_done_true_i))),False
ARTEMIS,20,Computation terminates when workpool is empty or worker signals (The Execute call returns only when the number of workitems),G (call_Execute -> ((!return_Execute) U (return_doWork_done_true_i |_| return_doResult_done_true_i |_| workCountEQzero | G (!return_Execute)))),G(call_Execute -> (workCountEQzero | return_doWork_done_true_i) U return_Execute),False
ARTEMIS,20,Computation terminates when workpool is empty or worker signals (The Execute call returns only when the number of workitems),G (call_Execute -> ((!return_Execute) U (return_doWork_done_true_i |_| return_doResult_done_true_i |_| workCountEQzero | G (!return_Execute)))),G(call_Execute -> (workCountEQzero | return_doWork_done_true_i) U return_Execute),False
ARTEMIS,20,Computation terminates when workpool is empty or worker signals (The Execute call returns only when the number of workitems),G (call_Execute -> ((!return_Execute) U (return_doWork_done_true_i |_| return_doResult_done_true_i |_| workCountEQzero | G (!return_Execute)))),G(call_Execute -> ( !return_Execute U (workCountEQzero | return_doWork_done_true_i))),False
ARTEMIS,20,Computation terminates when workpool is empty or worker signals (The Execute call returns only when the number of workitems),G (call_Execute -> ((!return_Execute) U (return_doWork_done_true_i |_| return_doResult_done_true_i |_| workCountEQzero | G (!return_Execute)))),G(call_Execute -> (workCountEQzero | return_doWork_done_true_i) U return_Execute),False
ARTEMIS,20,Computation terminates when workpool is empty or worker signals (The Execute call returns only when the number of workitems),G (call_Execute -> ((!return_Execute) U (return_doWork_done_true_i |_| return_doResult_done_true_i |_| workCountEQzero | G (!return_Execute)))),G(call_Execute -> (workCountEQzero | return_doWork_done_true_i) U return_Execute),False
ARTEMIS,20,Computation terminates when workpool is empty or worker signals (The Execute call returns only when the number of workitems),G (call_Execute -> ((!return_Execute) U (return_doWork_done_true_i |_| return_doResult_done_true_i |_| workCountEQzero | G (!return_Execute)))),G(call_Execute -> ( !return_Execute U (workCountEQzero | return_doWork_done_true_i))),False
ARTEMIS,20,Computation terminates when workpool is empty or worker signals (The Execute call returns only when the number of workitems),G (call_Execute -> ((!return_Execute) U (return_doWork_done_true_i |_| return_doResult_done_true_i |_| workCountEQzero | G (!return_Execute)))),G(call_Execute -> ( !return_Execute U (workCountEQzero | return_doWork_done_true_i))),False
ARTEMIS,20,Computation terminates when workpool is empty or worker signals (The Execute call returns only when the number of workitems),G (call_Execute -> ((!return_Execute) U (return_doWork_done_true_i |_| return_doResult_done_true_i |_| workCountEQzero | G (!return_Execute)))),G(call_Execute -> ( !return_Execute U (workCountEQzero | return_doWork_done_true_i))),False
ARTEMIS,20,Computation terminates when workpool is empty or worker signals (The Execute call returns only when the number of workitems),G (call_Execute -> ((!return_Execute) U (return_doWork_done_true_i |_| return_doResult_done_true_i |_| workCountEQzero | G (!return_Execute)))),G(call_Execute -> (workCountEQzero | return_doWork_done_true_i) U return_Execute),False
ARTEMIS,20,Computation terminates when workpool is empty or worker signals (The Execute call returns only when the number of workitems),G (call_Execute -> ((!return_Execute) U (return_doWork_done_true_i |_| return_doResult_done_true_i |_| workCountEQzero | G (!return_Execute)))),G(call_Execute -> (workCountEQzero | return_doWork_done_true_i) U return_Execute),False
ARTEMIS,20,Computation terminates when workpool is empty or worker signals (The Execute call returns only when the number of workitems),G (call_Execute -> ((!return_Execute) U (return_doWork_done_true_i |_| return_doResult_done_true_i |_| workCountEQzero | G (!return_Execute)))),G(call_Execute -> ( !return_Execute U (workCountEQzero | return_doWork_done_true_i))),False
ARTEMIS,20,Computation terminates when workpool is empty or worker signals (The Execute call returns only when the number of workitems),G (call_Execute -> ((!return_Execute) U (return_doWork_done_true_i |_| return_doResult_done_true_i |_| workCountEQzero | G (!return_Execute)))),G(call_Execute -> (workCountEQzero | return_doWork_done_true_i) U return_Execute),False
ARTEMIS,20,Computation terminates when workpool is empty or worker signals (The Execute call returns only when the number of workitems),G (call_Execute -> ((!return_Execute) U (return_doWork_done_true_i |_| return_doResult_done_true_i |_| workCountEQzero | G (!return_Execute)))),G(call_Execute -> (workCountEQzero | return_doWork_done_true_i) U return_Execute),False
ARTEMIS,20,Computation terminates when workpool is empty or worker signals (The Execute call returns only when the number of workitems),G (call_Execute -> ((!return_Execute) U (return_doWork_done_true_i |_| return_doResult_done_true_i |_| workCountEQzero | G (!return_Execute)))),G(call_Execute -> (workCountEQzero | return_doWork_done_true_i) U return_Execute),False
ARTEMIS,20,Computation terminates when workpool is empty or worker signals (The Execute call returns only when the number of workitems),G (call_Execute -> ((!return_Execute) U (return_doWork_done_true_i |_| return_doResult_done_true_i |_| workCountEQzero | G (!return_Execute)))),G(call_Execute -> (workCountEQzero | return_doWork_done_true_i) U return_Execute),False
ARTEMIS,20,Computation terminates when workpool is empty or worker signals (The Execute call returns only when the number of workitems),G (call_Execute -> ((!return_Execute) U (return_doWork_done_true_i |_| return_doResult_done_true_i |_| workCountEQzero | G (!return_Execute)))),G(call_Execute -> ( !return_Execute U (workCountEQzero | return_doWork_done_true_i))),False
ARTEMIS,20,Computation terminates when workpool is empty or worker signals (The Execute call returns only when the number of workitems),G (call_Execute -> ((!return_Execute) U (return_doWork_done_true_i |_| return_doResult_done_true_i |_| workCountEQzero | G (!return_Execute)))),G(call_Execute -> (workCountEQzero | return_doWork_done_true_i) U return_Execute),False
ARTEMIS,20,Computation terminates when workpool is empty or worker signals (The Execute call returns only when the number of workitems),G (call_Execute -> ((!return_Execute) U (return_doWork_done_true_i |_| return_doResult_done_true_i |_| workCountEQzero | G (!return_Execute)))),G(call_Execute -> (workCountEQzero | return_doWork_done_true_i) U return_Execute),False
ARTEMIS,20,Computation terminates when workpool is empty or worker signals (The Execute call returns only when the number of workitems),G (call_Execute -> ((!return_Execute) U (return_doWork_done_true_i |_| return_doResult_done_true_i |_| workCountEQzero | G (!return_Execute)))),G(call_Execute -> ( !return_Execute U (workCountEQzero | return_doWork_done_true_i))),False
ARTEMIS,20,Computation terminates when workpool is empty or worker signals (The Execute call returns only when the number of workitems),G (call_Execute -> ((!return_Execute) U (return_doWork_done_true_i |_| return_doResult_done_true_i |_| workCountEQzero | G (!return_Execute)))),G(call_Execute -> ( !return_Execute U (workCountEQzero | return_doWork_done_true_i))),False
ARTEMIS,20,Computation terminates when workpool is empty or worker signals (The Execute call returns only when the number of workitems),G (call_Execute -> ((!return_Execute) U (return_doWork_done_true_i |_| return_doResult_done_true_i |_| workCountEQzero | G (!return_Execute)))),G(call_Execute -> (workCountEQzero | return_doWork_done_true_i) U return_Execute),False
ARTEMIS,20,Computation terminates when workpool is empty or worker signals (The Execute call returns only when the number of workitems),G (call_Execute -> ((!return_Execute) U (return_doWork_done_true_i |_| return_doResult_done_true_i |_| workCountEQzero | G (!return_Execute)))),G(call_Execute -> (workCountEQzero | return_doWork_done_true_i) U return_Execute),False
ARTEMIS,20,Computation terminates when workpool is empty or worker signals (The Execute call returns only when the number of workitems),G (call_Execute -> ((!return_Execute) U (return_doWork_done_true_i |_| return_doResult_done_true_i |_| workCountEQzero | G (!return_Execute)))),G(call_Execute -> (workCountEQzero | return_doWork_done_true_i) U return_Execute),False
ARTEMIS,20,Computation terminates when workpool is empty or worker signals (The Execute call returns only when the number of workitems),G (call_Execute -> ((!return_Execute) U (return_doWork_done_true_i |_| return_doResult_done_true_i |_| workCountEQzero | G (!return_Execute)))),G(call_Execute -> ( !return_Execute U (workCountEQzero | return_doWork_done_true_i))),False
ARTEMIS,20,Computation terminates when workpool is empty or worker signals (The Execute call returns only when the number of workitems),G (call_Execute -> ((!return_Execute) U (return_doWork_done_true_i |_| return_doResult_done_true_i |_| workCountEQzero | G (!return_Execute)))),G(call_Execute -> (workCountEQzero | return_doWork_done_true_i) U return_Execute),False
ARTEMIS,20,Computation terminates when workpool is empty or worker signals (The Execute call returns only when the number of workitems),G (call_Execute -> ((!return_Execute) U (return_doWork_done_true_i |_| return_doResult_done_true_i |_| workCountEQzero | G (!return_Execute)))),G(call_Execute -> (workCountEQzero | return_doWork_done_true_i) U return_Execute),False
ARTEMIS,20,Computation terminates when workpool is empty or worker signals (The Execute call returns only when the number of workitems),G (call_Execute -> ((!return_Execute) U (return_doWork_done_true_i |_| return_doResult_done_true_i |_| workCountEQzero | G (!return_Execute)))),G(call_Execute -> (workCountEQzero | return_doWork_done_true_i) U return_Execute),False
ARTEMIS,20,Computation terminates when workpool is empty or worker signals (The Execute call returns only when the number of workitems),G (call_Execute -> ((!return_Execute) U (return_doWork_done_true_i |_| return_doResult_done_true_i |_| workCountEQzero | G (!return_Execute)))),G(call_Execute -> (workCountEQzero | return_doWork_done_true_i) U return_Execute),False
ARTEMIS,20,Computation terminates when workpool is empty or worker signals (The Execute call returns only when the number of workitems),G (call_Execute -> ((!return_Execute) U (return_doWork_done_true_i |_| return_doResult_done_true_i |_| workCountEQzero | G (!return_Execute)))),G(call_Execute -> (workCountEQzero | return_doWork_done_true_i) U return_Execute),False
ARTEMIS,20,Computation terminates when workpool is empty or worker signals (The Execute call returns only when the number of workitems),G (call_Execute -> ((!return_Execute) U (return_doWork_done_true_i |_| return_doResult_done_true_i |_| workCountEQzero | G (!return_Execute)))),G(call_Execute -> (workCountEQzero | return_doWork_done_true_i) U return_Execute),False
ARTEMIS,20,Computation terminates when workpool is empty or worker signals (The Execute call returns only when the number of workitems),G (call_Execute -> ((!return_Execute) U (return_doWork_done_true_i |_| return_doResult_done_true_i |_| workCountEQzero | G (!return_Execute)))),G(call_Execute -> (workCountEQzero | return_doWork_done_true_i) U return_Execute),False
ARTEMIS,20,Computation terminates when workpool is empty or worker signals (The Execute call returns only when the number of workitems),G (call_Execute -> ((!return_Execute) U (return_doWork_done_true_i |_| return_doResult_done_true_i |_| workCountEQzero | G (!return_Execute)))),G(call_Execute -> (workCountEQzero | return_doWork_done_true_i) U return_Execute),False
ARTEMIS,20,Computation terminates when workpool is empty or worker signals (The Execute call returns only when the number of workitems),G (call_Execute -> ((!return_Execute) U (return_doWork_done_true_i |_| return_doResult_done_true_i |_| workCountEQzero | G (!return_Execute)))),G(call_Execute -> (workCountEQzero | return_doWork_done_true_i) U return_Execute),False
ARTEMIS,20,Computation terminates when workpool is empty or worker signals (The Execute call returns only when the number of workitems),G (call_Execute -> ((!return_Execute) U (return_doWork_done_true_i |_| return_doResult_done_true_i |_| workCountEQzero | G (!return_Execute)))),G(call_Execute -> (workCountEQzero | return_doWork_done_true_i) U return_Execute),False
ARTEMIS,20,Computation terminates when workpool is empty or worker signals (The Execute call returns only when the number of workitems),G (call_Execute -> ((!return_Execute) U (return_doWork_done_true_i |_| return_doResult_done_true_i |_| workCountEQzero | G (!return_Execute)))),G(call_Execute -> ( !return_Execute U (workCountEQzero | return_doWork_done_true_i))),False
ARTEMIS,20,Computation terminates when workpool is empty or worker signals (The Execute call returns only when the number of workitems),G (call_Execute -> ((!return_Execute) U (return_doWork_done_true_i |_| return_doResult_done_true_i |_| workCountEQzero | G (!return_Execute)))),G(call_Execute -> (workCountEQzero | return_doWork_done_true_i) U return_Execute),False
ARTEMIS,20,Computation terminates when workpool is empty or worker signals (The Execute call returns only when the number of workitems),G (call_Execute -> ((!return_Execute) U (return_doWork_done_true_i |_| return_doResult_done_true_i |_| workCountEQzero | G (!return_Execute)))),G(call_Execute -> ( !return_Execute U (workCountEQzero | return_doWork_done_true_i))),False
ARTEMIS,20,Computation terminates when workpool is empty or worker signals (The Execute call returns only when the number of workitems),G (call_Execute -> ((!return_Execute) U (return_doWork_done_true_i |_| return_doResult_done_true_i |_| workCountEQzero | G (!return_Execute)))),G(call_Execute -> (workCountEQzero | return_doWork_done_true_i) U return_Execute),False
ARTEMIS,20,Computation terminates when workpool is empty or worker signals (The Execute call returns only when the number of workitems),G (call_Execute -> ((!return_Execute) U (return_doWork_done_true_i |_| return_doResult_done_true_i |_| workCountEQzero | G (!return_Execute)))),G(call_Execute -> (workCountEQzero | return_doWork_done_true_i) U return_Execute),False
ARTEMIS,20,Computation terminates when workpool is empty or worker signals (The Execute call returns only when the number of workitems),G (call_Execute -> ((!return_Execute) U (return_doWork_done_true_i |_| return_doResult_done_true_i |_| workCountEQzero | G (!return_Execute)))),G(call_Execute -> (workCountEQzero | return_doWork_done_true_i) U return_Execute),False
ARTEMIS,20,Computation terminates when workpool is empty or worker signals (The Execute call returns only when the number of workitems),G (call_Execute -> ((!return_Execute) U (return_doWork_done_true_i |_| return_doResult_done_true_i |_| workCountEQzero | G (!return_Execute)))),G(call_Execute -> ( !return_Execute U (workCountEQzero | return_doWork_done_true_i))),False
ARTEMIS,20,Computation terminates when workpool is empty or worker signals (The Execute call returns only when the number of workitems),G (call_Execute -> ((!return_Execute) U (return_doWork_done_true_i |_| return_doResult_done_true_i |_| workCountEQzero | G (!return_Execute)))),G(call_Execute -> (workCountEQzero | return_doWork_done_true_i) U return_Execute),False
ARTEMIS,20,Computation terminates when workpool is empty or worker signals (The Execute call returns only when the number of workitems),G (call_Execute -> ((!return_Execute) U (return_doWork_done_true_i |_| return_doResult_done_true_i |_| workCountEQzero | G (!return_Execute)))),G(call_Execute -> ( !return_Execute U (workCountEQzero | return_doWork_done_true_i))),False
ARTEMIS,20,Computation terminates when workpool is empty or worker signals (The Execute call returns only when the number of workitems),G (call_Execute -> ((!return_Execute) U (return_doWork_done_true_i |_| return_doResult_done_true_i |_| workCountEQzero | G (!return_Execute)))),G(call_Execute -> (workCountEQzero | return_doWork_done_true_i) U return_Execute),False
ARTEMIS,20,Computation terminates when workpool is empty or worker signals (The Execute call returns only when the number of workitems),G (call_Execute -> ((!return_Execute) U (return_doWork_done_true_i |_| return_doResult_done_true_i |_| workCountEQzero | G (!return_Execute)))),G(call_Execute -> ( !return_Execute U (workCountEQzero | return_doWork_done_true_i))),False
ARTEMIS,20,Computation terminates when workpool is empty or worker signals (The Execute call returns only when the number of workitems),G (call_Execute -> ((!return_Execute) U (return_doWork_done_true_i |_| return_doResult_done_true_i |_| workCountEQzero | G (!return_Execute)))),G(call_Execute -> (workCountEQzero | return_doWork_done_true_i) U return_Execute),False
ARTEMIS,20,Computation terminates when workpool is empty or worker signals (The Execute call returns only when the number of workitems),G (call_Execute -> ((!return_Execute) U (return_doWork_done_true_i |_| return_doResult_done_true_i |_| workCountEQzero | G (!return_Execute)))),G(call_Execute -> (workCountEQzero | return_doWork_done_true_i) U return_Execute),False
ARTEMIS,20,Computation terminates when workpool is empty or worker signals (The Execute call returns only when the number of workitems),G (call_Execute -> ((!return_Execute) U (return_doWork_done_true_i |_| return_doResult_done_true_i |_| workCountEQzero | G (!return_Execute)))),G(call_Execute -> ( !return_Execute U (workCountEQzero | return_doWork_done_true_i))),False
ARTEMIS,20,Computation terminates when workpool is empty or worker signals (The Execute call returns only when the number of workitems),G (call_Execute -> ((!return_Execute) U (return_doWork_done_true_i |_| return_doResult_done_true_i |_| workCountEQzero | G (!return_Execute)))),G(call_Execute -> ( !return_Execute U (workCountEQzero | return_doWork_done_true_i))),False
ARTEMIS,20,Computation terminates when workpool is empty or worker signals (The Execute call returns only when the number of workitems),G (call_Execute -> ((!return_Execute) U (return_doWork_done_true_i |_| return_doResult_done_true_i |_| workCountEQzero | G (!return_Execute)))),G(call_Execute -> ( !return_Execute U (workCountEQzero | return_doWork_done_true_i))),False
ARTEMIS,20,Computation terminates when workpool is empty or worker signals (The Execute call returns only when the number of workitems),G (call_Execute -> ((!return_Execute) U (return_doWork_done_true_i |_| return_doResult_done_true_i |_| workCountEQzero | G (!return_Execute)))),G(call_Execute -> (workCountEQzero | return_doWork_done_true_i) U return_Execute),False
ARTEMIS,20,Computation terminates when workpool is empty or worker signals (The Execute call returns only when the number of workitems),G (call_Execute -> ((!return_Execute) U (return_doWork_done_true_i |_| return_doResult_done_true_i |_| workCountEQzero | G (!return_Execute)))),G(call_Execute -> (workCountEQzero | return_doWork_done_true_i) U return_Execute),False
ARTEMIS,20,Computation terminates when workpool is empty or worker signals (The Execute call returns only when the number of workitems),G (call_Execute -> ((!return_Execute) U (return_doWork_done_true_i |_| return_doResult_done_true_i |_| workCountEQzero | G (!return_Execute)))),G(call_Execute -> (workCountEQzero | return_doWork_done_true_i) U return_Execute),False
ARTEMIS,20,Computation terminates when workpool is empty or worker signals (The Execute call returns only when the number of workitems),G (call_Execute -> ((!return_Execute) U (return_doWork_done_true_i |_| return_doResult_done_true_i |_| workCountEQzero | G (!return_Execute)))),G(call_Execute -> ( !return_Execute U (workCountEQzero | return_doWork_done_true_i))),False
ARTEMIS,20,Computation terminates when workpool is empty or worker signals (The Execute call returns only when the number of workitems),G (call_Execute -> ((!return_Execute) U (return_doWork_done_true_i |_| return_doResult_done_true_i |_| workCountEQzero | G (!return_Execute)))),G(call_Execute -> ( !return_Execute U (workCountEQzero | return_doWork_done_true_i))),False
ARTEMIS,20,Computation terminates when workpool is empty or worker signals (The Execute call returns only when the number of workitems),G (call_Execute -> ((!return_Execute) U (return_doWork_done_true_i |_| return_doResult_done_true_i |_| workCountEQzero | G (!return_Execute)))),G(call_Execute -> (workCountEQzero | return_doWork_done_true_i) U return_Execute),False
ARTEMIS,20,Computation terminates when workpool is empty or worker signals (The Execute call returns only when the number of workitems),G (call_Execute -> ((!return_Execute) U (return_doWork_done_true_i |_| return_doResult_done_true_i |_| workCountEQzero | G (!return_Execute)))),G(call_Execute -> (workCountEQzero | return_doWork_done_true_i) U return_Execute),False
ARTEMIS,20,Computation terminates when workpool is empty or worker signals (The Execute call returns only when the number of workitems),G (call_Execute -> ((!return_Execute) U (return_doWork_done_true_i |_| return_doResult_done_true_i |_| workCountEQzero | G (!return_Execute)))),G(call_Execute -> (workCountEQzero | return_doWork_done_true_i) U return_Execute),False
ARTEMIS,20,Computation terminates when workpool is empty or worker signals (The Execute call returns only when the number of workitems),G (call_Execute -> ((!return_Execute) U (return_doWork_done_true_i |_| return_doResult_done_true_i |_| workCountEQzero | G (!return_Execute)))),G(call_Execute -> (workCountEQzero | return_doWork_done_true_i) U return_Execute),False
ARTEMIS,20,Computation terminates when workpool is empty or worker signals (The Execute call returns only when the number of workitems),G (call_Execute -> ((!return_Execute) U (return_doWork_done_true_i |_| return_doResult_done_true_i |_| workCountEQzero | G (!return_Execute)))),G(call_Execute -> (workCountEQzero | return_doWork_done_true_i) U return_Execute),False
ARTEMIS,20,Computation terminates when workpool is empty or worker signals (The Execute call returns only when the number of workitems),G (call_Execute -> ((!return_Execute) U (return_doWork_done_true_i |_| return_doResult_done_true_i |_| workCountEQzero | G (!return_Execute)))),G(call_Execute -> (workCountEQzero | return_doWork_done_true_i) U return_Execute),False
ARTEMIS,20,Computation terminates when workpool is empty or worker signals (The Execute call returns only when the number of workitems),G (call_Execute -> ((!return_Execute) U (return_doWork_done_true_i |_| return_doResult_done_true_i |_| workCountEQzero | G (!return_Execute)))),G(call_Execute -> ( !return_Execute U (workCountEQzero | return_doWork_done_true_i))),False
ARTEMIS,20,Computation terminates when workpool is empty or worker signals (The Execute call returns only when the number of workitems),G (call_Execute -> ((!return_Execute) U (return_doWork_done_true_i |_| return_doResult_done_true_i |_| workCountEQzero | G (!return_Execute)))),G(call_Execute -> ( !return_Execute U (workCountEQzero | return_doWork_done_true_i))),False
ARTEMIS,20,Computation terminates when workpool is empty or worker signals (The Execute call returns only when the number of workitems),G (call_Execute -> ((!return_Execute) U (return_doWork_done_true_i |_| return_doResult_done_true_i |_| workCountEQzero | G (!return_Execute)))),G(call_Execute -> ( !return_Execute U (workCountEQzero | return_doWork_done_true_i))),False
ARTEMIS,20,Computation terminates when workpool is empty or worker signals (The Execute call returns only when the number of workitems),G (call_Execute -> ((!return_Execute) U (return_doWork_done_true_i |_| return_doResult_done_true_i |_| workCountEQzero | G (!return_Execute)))),G(call_Execute -> (workCountEQzero | return_doWork_done_true_i) U return_Execute),False
ARTEMIS,20,Computation terminates when workpool is empty or worker signals (The Execute call returns only when the number of workitems),G (call_Execute -> ((!return_Execute) U (return_doWork_done_true_i |_| return_doResult_done_true_i |_| workCountEQzero | G (!return_Execute)))),G(call_Execute -> ( !return_Execute U (workCountEQzero | return_doWork_done_true_i))),False
ARTEMIS,20,Computation terminates when workpool is empty or worker signals (The Execute call returns only when the number of workitems),G (call_Execute -> ((!return_Execute) U (return_doWork_done_true_i |_| return_doResult_done_true_i |_| workCountEQzero | G (!return_Execute)))),G(call_Execute -> ( !return_Execute U (workCountEQzero | return_doWork_done_true_i))),False
ARTEMIS,23,Call-backs do not call routines in the same framework. (Calls on routines in the framework cannot be performed from),G !(call_Create_i | call_Destroy_i | call_Input_i | call_Execute_i | call_GetResults_i),G(!call_Create_i & !call_Destroy_i & !call_Execute_i & !call_GetResults_i & !call_Input_i),True
ARTEMIS,23,Call-backs do not call routines in the same framework. (Calls on routines in the framework cannot be performed from),G !(call_Create_i | call_Destroy_i | call_Input_i | call_Execute_i | call_GetResults_i),G(!(call_Create_i | call_Destroy_i | call_Execute_i | call_GetResults_i | call_Input_i)),True
ARTEMIS,23,Call-backs do not call routines in the same framework. (Calls on routines in the framework cannot be performed from),G !(call_Create_i | call_Destroy_i | call_Input_i | call_Execute_i | call_GetResults_i),G(!(call_Create_i | call_Destroy_i | call_Execute_i | call_GetResults_i | call_Input_i)),True
ARTEMIS,23,Call-backs do not call routines in the same framework. (Calls on routines in the framework cannot be performed from),G !(call_Create_i | call_Destroy_i | call_Input_i | call_Execute_i | call_GetResults_i),G(!(call_Create_i | call_Destroy_i | call_Execute_i | call_GetResults_i | call_Input_i)),True
ARTEMIS,23,Call-backs do not call routines in the same framework. (Calls on routines in the framework cannot be performed from),G !(call_Create_i | call_Destroy_i | call_Input_i | call_Execute_i | call_GetResults_i),G(!(call_Create_i | call_Destroy_i | call_Execute_i | call_GetResults_i | call_Input_i)),True
ARTEMIS,23,Call-backs do not call routines in the same framework. (Calls on routines in the framework cannot be performed from),G !(call_Create_i | call_Destroy_i | call_Input_i | call_Execute_i | call_GetResults_i),G(!(call_Create_i | call_Destroy_i | call_Execute_i | call_GetResults_i | call_Input_i)),True
ARTEMIS,23,Call-backs do not call routines in the same framework. (Calls on routines in the framework cannot be performed from),G !(call_Create_i | call_Destroy_i | call_Input_i | call_Execute_i | call_GetResults_i),G(!(call_Create_i | call_Destroy_i | call_Execute_i | call_GetResults_i | call_Input_i)),True
ARTEMIS,23,Call-backs do not call routines in the same framework. (Calls on routines in the framework cannot be performed from),G !(call_Create_i | call_Destroy_i | call_Input_i | call_Execute_i | call_GetResults_i),G(!(call_Create_i | call_Destroy_i | call_Execute_i | call_GetResults_i | call_Input_i)),True
ARTEMIS,23,Call-backs do not call routines in the same framework. (Calls on routines in the framework cannot be performed from),G !(call_Create_i | call_Destroy_i | call_Input_i | call_Execute_i | call_GetResults_i),G(!(call_Create_i | call_Destroy_i | call_Execute_i | call_GetResults_i | call_Input_i)),True
ARTEMIS,23,Call-backs do not call routines in the same framework. (Calls on routines in the framework cannot be performed from),G !(call_Create_i | call_Destroy_i | call_Input_i | call_Execute_i | call_GetResults_i),G(!(call_Create_i | call_Destroy_i | call_Execute_i | call_GetResults_i | call_Input_i)),True
ARTEMIS,23,Call-backs do not call routines in the same framework. (Calls on routines in the framework cannot be performed from),G !(call_Create_i | call_Destroy_i | call_Input_i | call_Execute_i | call_GetResults_i),G(!(call_Create_i | call_Destroy_i | call_Execute_i | call_GetResults_i | call_Input_i)),True
ARTEMIS,23,Call-backs do not call routines in the same framework. (Calls on routines in the framework cannot be performed from),G !(call_Create_i | call_Destroy_i | call_Input_i | call_Execute_i | call_GetResults_i),G(!(call_Create_i | call_Destroy_i | call_Execute_i | call_GetResults_i | call_Input_i)),True
ARTEMIS,23,Call-backs do not call routines in the same framework. (Calls on routines in the framework cannot be performed from),G !(call_Create_i | call_Destroy_i | call_Input_i | call_Execute_i | call_GetResults_i),G(!call_Create_i & !call_Destroy_i & !call_Execute_i & !call_GetResults_i & !call_Input_i),True
ARTEMIS,23,Call-backs do not call routines in the same framework. (Calls on routines in the framework cannot be performed from),G !(call_Create_i | call_Destroy_i | call_Input_i | call_Execute_i | call_GetResults_i),G(!(call_Create_i | call_Destroy_i | call_Execute_i | call_GetResults_i | call_Input_i)),True
ARTEMIS,23,Call-backs do not call routines in the same framework. (Calls on routines in the framework cannot be performed from),G !(call_Create_i | call_Destroy_i | call_Input_i | call_Execute_i | call_GetResults_i),G(!(call_Create_i | call_Destroy_i | call_Execute_i | call_GetResults_i | call_Input_i)),True
ARTEMIS,23,Call-backs do not call routines in the same framework. (Calls on routines in the framework cannot be performed from),G !(call_Create_i | call_Destroy_i | call_Input_i | call_Execute_i | call_GetResults_i),G(!(call_Create_i | call_Destroy_i | call_Execute_i | call_GetResults_i | call_Input_i)),True
ARTEMIS,23,Call-backs do not call routines in the same framework. (Calls on routines in the framework cannot be performed from),G !(call_Create_i | call_Destroy_i | call_Input_i | call_Execute_i | call_GetResults_i),G(!(call_Create_i | call_Destroy_i | call_Execute_i | call_GetResults_i | call_Input_i)),True
ARTEMIS,23,Call-backs do not call routines in the same framework. (Calls on routines in the framework cannot be performed from),G !(call_Create_i | call_Destroy_i | call_Input_i | call_Execute_i | call_GetResults_i),G(!(call_Create_i | call_Destroy_i | call_Execute_i | call_GetResults_i | call_Input_i)),True
ARTEMIS,23,Call-backs do not call routines in the same framework. (Calls on routines in the framework cannot be performed from),G !(call_Create_i | call_Destroy_i | call_Input_i | call_Execute_i | call_GetResults_i),G(!(call_Create_i | call_Destroy_i | call_Execute_i | call_GetResults_i | call_Input_i)),True
ARTEMIS,23,Call-backs do not call routines in the same framework. (Calls on routines in the framework cannot be performed from),G !(call_Create_i | call_Destroy_i | call_Input_i | call_Execute_i | call_GetResults_i),G(!call_Create_i & !call_Destroy_i & !call_Execute_i & !call_GetResults_i & !call_Input_i),True
ARTEMIS,23,Call-backs do not call routines in the same framework. (Calls on routines in the framework cannot be performed from),G !(call_Create_i | call_Destroy_i | call_Input_i | call_Execute_i | call_GetResults_i),G(!(call_Create_i | call_Destroy_i | call_Execute_i | call_GetResults_i | call_Input_i)),True
ARTEMIS,23,Call-backs do not call routines in the same framework. (Calls on routines in the framework cannot be performed from),G !(call_Create_i | call_Destroy_i | call_Input_i | call_Execute_i | call_GetResults_i),G(!(call_Create_i | call_Destroy_i | call_Execute_i | call_GetResults_i | call_Input_i)),True
ARTEMIS,23,Call-backs do not call routines in the same framework. (Calls on routines in the framework cannot be performed from),G !(call_Create_i | call_Destroy_i | call_Input_i | call_Execute_i | call_GetResults_i),G(!(call_Create_i | call_Destroy_i | call_Execute_i | call_GetResults_i | call_Input_i)),True
ARTEMIS,23,Call-backs do not call routines in the same framework. (Calls on routines in the framework cannot be performed from),G !(call_Create_i | call_Destroy_i | call_Input_i | call_Execute_i | call_GetResults_i),G(!(call_Create_i | call_Destroy_i | call_Execute_i | call_GetResults_i | call_Input_i)),True
ARTEMIS,23,Call-backs do not call routines in the same framework. (Calls on routines in the framework cannot be performed from),G !(call_Create_i | call_Destroy_i | call_Input_i | call_Execute_i | call_GetResults_i),G(!(call_Create_i | call_Destroy_i | call_Execute_i | call_GetResults_i | call_Input_i)),True
ARTEMIS,23,Call-backs do not call routines in the same framework. (Calls on routines in the framework cannot be performed from),G !(call_Create_i | call_Destroy_i | call_Input_i | call_Execute_i | call_GetResults_i),G(!(call_Create_i | call_Destroy_i | call_Execute_i | call_GetResults_i | call_Input_i)),True
ARTEMIS,23,Call-backs do not call routines in the same framework. (Calls on routines in the framework cannot be performed from),G !(call_Create_i | call_Destroy_i | call_Input_i | call_Execute_i | call_GetResults_i),G(!(call_Create_i | call_Destroy_i | call_Execute_i | call_GetResults_i | call_Input_i)),True
ARTEMIS,23,Call-backs do not call routines in the same framework. (Calls on routines in the framework cannot be performed from),G !(call_Create_i | call_Destroy_i | call_Input_i | call_Execute_i | call_GetResults_i),G(!(call_Create_i | call_Destroy_i | call_Execute_i | call_GetResults_i | call_Input_i)),True
ARTEMIS,23,Call-backs do not call routines in the same framework. (Calls on routines in the framework cannot be performed from),G !(call_Create_i | call_Destroy_i | call_Input_i | call_Execute_i | call_GetResults_i),G(!(call_Create_i | call_Destroy_i | call_Execute_i | call_GetResults_i | call_Input_i)),True
ARTEMIS,23,Call-backs do not call routines in the same framework. (Calls on routines in the framework cannot be performed from),G !(call_Create_i | call_Destroy_i | call_Input_i | call_Execute_i | call_GetResults_i),G(!(call_Create_i | call_Destroy_i | call_Execute_i | call_GetResults_i | call_Input_i)),True
ARTEMIS,23,Call-backs do not call routines in the same framework. (Calls on routines in the framework cannot be performed from),G !(call_Create_i | call_Destroy_i | call_Input_i | call_Execute_i | call_GetResults_i),G(!(call_Create_i | call_Destroy_i | call_Execute_i | call_GetResults_i | call_Input_i)),True
ARTEMIS,23,Call-backs do not call routines in the same framework. (Calls on routines in the framework cannot be performed from),G !(call_Create_i | call_Destroy_i | call_Input_i | call_Execute_i | call_GetResults_i),G(!(call_Create_i | call_Destroy_i | call_Execute_i | call_GetResults_i | call_Input_i)),True
ARTEMIS,23,Call-backs do not call routines in the same framework. (Calls on routines in the framework cannot be performed from),G !(call_Create_i | call_Destroy_i | call_Input_i | call_Execute_i | call_GetResults_i),G(!(call_Create_i | call_Destroy_i | call_Execute_i | call_GetResults_i | call_Input_i)),True
ARTEMIS,23,Call-backs do not call routines in the same framework. (Calls on routines in the framework cannot be performed from),G !(call_Create_i | call_Destroy_i | call_Input_i | call_Execute_i | call_GetResults_i),G(!(call_Create_i | call_Destroy_i | call_Execute_i | call_GetResults_i | call_Input_i)),True
ARTEMIS,23,Call-backs do not call routines in the same framework. (Calls on routines in the framework cannot be performed from),G !(call_Create_i | call_Destroy_i | call_Input_i | call_Execute_i | call_GetResults_i),G(!call_Create_i & !call_Destroy_i & !call_Execute_i & !call_GetResults_i & !call_Input_i),True
ARTEMIS,23,Call-backs do not call routines in the same framework. (Calls on routines in the framework cannot be performed from),G !(call_Create_i | call_Destroy_i | call_Input_i | call_Execute_i | call_GetResults_i),G(!(call_Create_i | call_Destroy_i | call_Execute_i | call_GetResults_i | call_Input_i)),True
ARTEMIS,23,Call-backs do not call routines in the same framework. (Calls on routines in the framework cannot be performed from),G !(call_Create_i | call_Destroy_i | call_Input_i | call_Execute_i | call_GetResults_i),G(!(call_Create_i | call_Destroy_i | call_Execute_i | call_GetResults_i | call_Input_i)),True
ARTEMIS,23,Call-backs do not call routines in the same framework. (Calls on routines in the framework cannot be performed from),G !(call_Create_i | call_Destroy_i | call_Input_i | call_Execute_i | call_GetResults_i),G(!call_Create_i & !call_Destroy_i & !call_Execute_i & !call_GetResults_i & !call_Input_i),True
ARTEMIS,23,Call-backs do not call routines in the same framework. (Calls on routines in the framework cannot be performed from),G !(call_Create_i | call_Destroy_i | call_Input_i | call_Execute_i | call_GetResults_i),G(!(call_Create_i | call_Destroy_i | call_Execute_i | call_GetResults_i | call_Input_i)),True
ARTEMIS,23,Call-backs do not call routines in the same framework. (Calls on routines in the framework cannot be performed from),G !(call_Create_i | call_Destroy_i | call_Input_i | call_Execute_i | call_GetResults_i),G(!call_Create_i & !call_Destroy_i & !call_Execute_i & !call_GetResults_i & !call_Input_i),True
ARTEMIS,23,Call-backs do not call routines in the same framework. (Calls on routines in the framework cannot be performed from),G !(call_Create_i | call_Destroy_i | call_Input_i | call_Execute_i | call_GetResults_i),G(!(call_Create_i | call_Destroy_i | call_Execute_i | call_GetResults_i | call_Input_i)),True
ARTEMIS,23,Call-backs do not call routines in the same framework. (Calls on routines in the framework cannot be performed from),G !(call_Create_i | call_Destroy_i | call_Input_i | call_Execute_i | call_GetResults_i),G(!(call_Create_i | call_Destroy_i | call_Execute_i | call_GetResults_i | call_Input_i)),True
ARTEMIS,23,Call-backs do not call routines in the same framework. (Calls on routines in the framework cannot be performed from),G !(call_Create_i | call_Destroy_i | call_Input_i | call_Execute_i | call_GetResults_i),G(!(call_Create_i | call_Destroy_i | call_Execute_i | call_GetResults_i | call_Input_i)),True
ARTEMIS,23,Call-backs do not call routines in the same framework. (Calls on routines in the framework cannot be performed from),G !(call_Create_i | call_Destroy_i | call_Input_i | call_Execute_i | call_GetResults_i),G(!(call_Create_i | call_Destroy_i | call_Execute_i | call_GetResults_i | call_Input_i)),True
ARTEMIS,23,Call-backs do not call routines in the same framework. (Calls on routines in the framework cannot be performed from),G !(call_Create_i | call_Destroy_i | call_Input_i | call_Execute_i | call_GetResults_i),G(!(call_Create_i | call_Destroy_i | call_Execute_i | call_GetResults_i | call_Input_i)),True
ARTEMIS,23,Call-backs do not call routines in the same framework. (Calls on routines in the framework cannot be performed from),G !(call_Create_i | call_Destroy_i | call_Input_i | call_Execute_i | call_GetResults_i),G(!(call_Create_i | call_Destroy_i | call_Execute_i | call_GetResults_i | call_Input_i)),True
ARTEMIS,23,Call-backs do not call routines in the same framework. (Calls on routines in the framework cannot be performed from),G !(call_Create_i | call_Destroy_i | call_Input_i | call_Execute_i | call_GetResults_i),G(!(call_Create_i | call_Destroy_i | call_Execute_i | call_GetResults_i | call_Input_i)),True
ARTEMIS,23,Call-backs do not call routines in the same framework. (Calls on routines in the framework cannot be performed from),G !(call_Create_i | call_Destroy_i | call_Input_i | call_Execute_i | call_GetResults_i),G(!(call_Create_i | call_Destroy_i | call_Execute_i | call_GetResults_i | call_Input_i)),True
ARTEMIS,23,Call-backs do not call routines in the same framework. (Calls on routines in the framework cannot be performed from),G !(call_Create_i | call_Destroy_i | call_Input_i | call_Execute_i | call_GetResults_i),G(!(call_Create_i | call_Destroy_i | call_Execute_i | call_GetResults_i | call_Input_i)),True
ARTEMIS,23,Call-backs do not call routines in the same framework. (Calls on routines in the framework cannot be performed from),G !(call_Create_i | call_Destroy_i | call_Input_i | call_Execute_i | call_GetResults_i),G(!(call_Create_i | call_Destroy_i | call_Execute_i | call_GetResults_i | call_Input_i)),True
ARTEMIS,23,Call-backs do not call routines in the same framework. (Calls on routines in the framework cannot be performed from),G !(call_Create_i | call_Destroy_i | call_Input_i | call_Execute_i | call_GetResults_i),G(!call_Create_i & !call_Destroy_i & !call_Execute_i & !call_GetResults_i & !call_Input_i),True
ARTEMIS,23,Call-backs do not call routines in the same framework. (Calls on routines in the framework cannot be performed from),G !(call_Create_i | call_Destroy_i | call_Input_i | call_Execute_i | call_GetResults_i),G(!call_Create_i & !call_Destroy_i & !call_Execute_i & !call_GetResults_i & !call_Input_i),True
ARTEMIS,23,Call-backs do not call routines in the same framework. (Calls on routines in the framework cannot be performed from),G !(call_Create_i | call_Destroy_i | call_Input_i | call_Execute_i | call_GetResults_i),G(!(call_Create_i | call_Destroy_i | call_Execute_i | call_GetResults_i | call_Input_i)),True
ARTEMIS,23,Call-backs do not call routines in the same framework. (Calls on routines in the framework cannot be performed from),G !(call_Create_i | call_Destroy_i | call_Input_i | call_Execute_i | call_GetResults_i),G(!(call_Create_i | call_Destroy_i | call_Execute_i | call_GetResults_i | call_Input_i)),True
ARTEMIS,23,Call-backs do not call routines in the same framework. (Calls on routines in the framework cannot be performed from),G !(call_Create_i | call_Destroy_i | call_Input_i | call_Execute_i | call_GetResults_i),G(!(call_Create_i | call_Destroy_i | call_Execute_i | call_GetResults_i | call_Input_i)),True
ARTEMIS,23,Call-backs do not call routines in the same framework. (Calls on routines in the framework cannot be performed from),G !(call_Create_i | call_Destroy_i | call_Input_i | call_Execute_i | call_GetResults_i),G(!(call_Create_i | call_Destroy_i | call_Execute_i | call_GetResults_i | call_Input_i)),True
ARTEMIS,23,Call-backs do not call routines in the same framework. (Calls on routines in the framework cannot be performed from),G !(call_Create_i | call_Destroy_i | call_Input_i | call_Execute_i | call_GetResults_i),G(!(call_Create_i | call_Destroy_i | call_Execute_i | call_GetResults_i | call_Input_i)),True
ARTEMIS,23,Call-backs do not call routines in the same framework. (Calls on routines in the framework cannot be performed from),G !(call_Create_i | call_Destroy_i | call_Input_i | call_Execute_i | call_GetResults_i),G(!(call_Create_i | call_Destroy_i | call_Execute_i | call_GetResults_i | call_Input_i)),True
ARTEMIS,23,Call-backs do not call routines in the same framework. (Calls on routines in the framework cannot be performed from),G !(call_Create_i | call_Destroy_i | call_Input_i | call_Execute_i | call_GetResults_i),G(!(call_Create_i | call_Destroy_i | call_Execute_i | call_GetResults_i | call_Input_i)),True
ARTEMIS,23,Call-backs do not call routines in the same framework. (Calls on routines in the framework cannot be performed from),G !(call_Create_i | call_Destroy_i | call_Input_i | call_Execute_i | call_GetResults_i),G(!(call_Create_i | call_Destroy_i | call_Execute_i | call_GetResults_i | call_Input_i)),True
ARTEMIS,23,Call-backs do not call routines in the same framework. (Calls on routines in the framework cannot be performed from),G !(call_Create_i | call_Destroy_i | call_Input_i | call_Execute_i | call_GetResults_i),G(!(call_Create_i | call_Destroy_i | call_Execute_i | call_GetResults_i | call_Input_i)),True
ARTEMIS,23,Call-backs do not call routines in the same framework. (Calls on routines in the framework cannot be performed from),G !(call_Create_i | call_Destroy_i | call_Input_i | call_Execute_i | call_GetResults_i),G(!(call_Create_i | call_Destroy_i | call_Execute_i | call_GetResults_i | call_Input_i)),True
ARTEMIS,23,Call-backs do not call routines in the same framework. (Calls on routines in the framework cannot be performed from),G !(call_Create_i | call_Destroy_i | call_Input_i | call_Execute_i | call_GetResults_i),G(!(call_Create_i | call_Destroy_i | call_Execute_i | call_GetResults_i | call_Input_i)),True
ARTEMIS,23,Call-backs do not call routines in the same framework. (Calls on routines in the framework cannot be performed from),G !(call_Create_i | call_Destroy_i | call_Input_i | call_Execute_i | call_GetResults_i),G(!(call_Create_i | call_Destroy_i | call_Execute_i | call_GetResults_i | call_Input_i)),True
ARTEMIS,23,Call-backs do not call routines in the same framework. (Calls on routines in the framework cannot be performed from),G !(call_Create_i | call_Destroy_i | call_Input_i | call_Execute_i | call_GetResults_i),G(!(call_Create_i | call_Destroy_i | call_Execute_i | call_GetResults_i | call_Input_i)),True
ARTEMIS,23,Call-backs do not call routines in the same framework. (Calls on routines in the framework cannot be performed from),G !(call_Create_i | call_Destroy_i | call_Input_i | call_Execute_i | call_GetResults_i),G(!(call_Create_i | call_Destroy_i | call_Execute_i | call_GetResults_i | call_Input_i)),True
ARTEMIS,23,Call-backs do not call routines in the same framework. (Calls on routines in the framework cannot be performed from),G !(call_Create_i | call_Destroy_i | call_Input_i | call_Execute_i | call_GetResults_i),G(!(call_Create_i | call_Destroy_i | call_Execute_i | call_GetResults_i | call_Input_i)),True
ARTEMIS,23,Call-backs do not call routines in the same framework. (Calls on routines in the framework cannot be performed from),G !(call_Create_i | call_Destroy_i | call_Input_i | call_Execute_i | call_GetResults_i),G(!(call_Create_i | call_Destroy_i | call_Execute_i | call_GetResults_i | call_Input_i)),True
ARTEMIS,23,Call-backs do not call routines in the same framework. (Calls on routines in the framework cannot be performed from),G !(call_Create_i | call_Destroy_i | call_Input_i | call_Execute_i | call_GetResults_i),G(!(call_Create_i | call_Destroy_i | call_Execute_i | call_GetResults_i | call_Input_i)),True
ARTEMIS,23,Call-backs do not call routines in the same framework. (Calls on routines in the framework cannot be performed from),G !(call_Create_i | call_Destroy_i | call_Input_i | call_Execute_i | call_GetResults_i),G(!call_Create_i & !call_Destroy_i & !call_Execute_i & !call_GetResults_i & !call_Input_i),True
ARTEMIS,23,Call-backs do not call routines in the same framework. (Calls on routines in the framework cannot be performed from),G !(call_Create_i | call_Destroy_i | call_Input_i | call_Execute_i | call_GetResults_i),G(!(call_Create_i | call_Destroy_i | call_Execute_i | call_GetResults_i | call_Input_i)),True
ARTEMIS,23,Call-backs do not call routines in the same framework. (Calls on routines in the framework cannot be performed from),G !(call_Create_i | call_Destroy_i | call_Input_i | call_Execute_i | call_GetResults_i),G(!(call_Create_i | call_Destroy_i | call_Execute_i | call_GetResults_i | call_Input_i)),True
ARTEMIS,23,Call-backs do not call routines in the same framework. (Calls on routines in the framework cannot be performed from),G !(call_Create_i | call_Destroy_i | call_Input_i | call_Execute_i | call_GetResults_i),G(!(call_Create_i | call_Destroy_i | call_Execute_i | call_GetResults_i | call_Input_i)),True
ARTEMIS,23,Call-backs do not call routines in the same framework. (Calls on routines in the framework cannot be performed from),G !(call_Create_i | call_Destroy_i | call_Input_i | call_Execute_i | call_GetResults_i),G(!(call_Create_i | call_Destroy_i | call_Execute_i | call_GetResults_i | call_Input_i)),True
ARTEMIS,23,Call-backs do not call routines in the same framework. (Calls on routines in the framework cannot be performed from),G !(call_Create_i | call_Destroy_i | call_Input_i | call_Execute_i | call_GetResults_i),G(!call_Create_i & !call_Destroy_i & !call_Execute_i & !call_GetResults_i & !call_Input_i),True
ARTEMIS,23,Call-backs do not call routines in the same framework. (Calls on routines in the framework cannot be performed from),G !(call_Create_i | call_Destroy_i | call_Input_i | call_Execute_i | call_GetResults_i),G(!(call_Create_i | call_Destroy_i | call_Execute_i | call_GetResults_i | call_Input_i)),True
ARTEMIS,23,Call-backs do not call routines in the same framework. (Calls on routines in the framework cannot be performed from),G !(call_Create_i | call_Destroy_i | call_Input_i | call_Execute_i | call_GetResults_i),G(!(call_Create_i | call_Destroy_i | call_Execute_i | call_GetResults_i | call_Input_i)),True
ARTEMIS,23,Call-backs do not call routines in the same framework. (Calls on routines in the framework cannot be performed from),G !(call_Create_i | call_Destroy_i | call_Input_i | call_Execute_i | call_GetResults_i),G(!(call_Create_i | call_Destroy_i | call_Execute_i | call_GetResults_i | call_Input_i)),True
ARTEMIS,23,Call-backs do not call routines in the same framework. (Calls on routines in the framework cannot be performed from),G !(call_Create_i | call_Destroy_i | call_Input_i | call_Execute_i | call_GetResults_i),G(!call_Create_i & !call_Destroy_i & !call_Execute_i & !call_GetResults_i & !call_Input_i),True
ARTEMIS,23,Call-backs do not call routines in the same framework. (Calls on routines in the framework cannot be performed from),G !(call_Create_i | call_Destroy_i | call_Input_i | call_Execute_i | call_GetResults_i),G(!(call_Create_i | call_Destroy_i | call_Execute_i | call_GetResults_i | call_Input_i)),True
ARTEMIS,23,Call-backs do not call routines in the same framework. (Calls on routines in the framework cannot be performed from),G !(call_Create_i | call_Destroy_i | call_Input_i | call_Execute_i | call_GetResults_i),G(!(call_Create_i | call_Destroy_i | call_Execute_i | call_GetResults_i | call_Input_i)),True
ARTEMIS,23,Call-backs do not call routines in the same framework. (Calls on routines in the framework cannot be performed from),G !(call_Create_i | call_Destroy_i | call_Input_i | call_Execute_i | call_GetResults_i),G(!call_Create_i & !call_Destroy_i & !call_Execute_i & !call_GetResults_i & !call_Input_i),True
ARTEMIS,23,Call-backs do not call routines in the same framework. (Calls on routines in the framework cannot be performed from),G !(call_Create_i | call_Destroy_i | call_Input_i | call_Execute_i | call_GetResults_i),G(!(call_Create_i | call_Destroy_i | call_Execute_i | call_GetResults_i | call_Input_i)),True
ARTEMIS,23,Call-backs do not call routines in the same framework. (Calls on routines in the framework cannot be performed from),G !(call_Create_i | call_Destroy_i | call_Input_i | call_Execute_i | call_GetResults_i),G(!call_Create_i & !call_Destroy_i & !call_Execute_i & !call_GetResults_i & !call_Input_i),True
ARTEMIS,23,Call-backs do not call routines in the same framework. (Calls on routines in the framework cannot be performed from),G !(call_Create_i | call_Destroy_i | call_Input_i | call_Execute_i | call_GetResults_i),G(!(call_Create_i | call_Destroy_i | call_Execute_i | call_GetResults_i | call_Input_i)),True
ARTEMIS,23,Call-backs do not call routines in the same framework. (Calls on routines in the framework cannot be performed from),G !(call_Create_i | call_Destroy_i | call_Input_i | call_Execute_i | call_GetResults_i),G(!(call_Create_i | call_Destroy_i | call_Execute_i | call_GetResults_i | call_Input_i)),True
ARTEMIS,23,Call-backs do not call routines in the same framework. (Calls on routines in the framework cannot be performed from),G !(call_Create_i | call_Destroy_i | call_Input_i | call_Execute_i | call_GetResults_i),G(!call_Create_i & !call_Destroy_i & !call_Execute_i & !call_GetResults_i & !call_Input_i),True
ARTEMIS,23,Call-backs do not call routines in the same framework. (Calls on routines in the framework cannot be performed from),G !(call_Create_i | call_Destroy_i | call_Input_i | call_Execute_i | call_GetResults_i),G(!(call_Create_i | call_Destroy_i | call_Execute_i | call_GetResults_i | call_Input_i)),True
ARTEMIS,23,Call-backs do not call routines in the same framework. (Calls on routines in the framework cannot be performed from),G !(call_Create_i | call_Destroy_i | call_Input_i | call_Execute_i | call_GetResults_i),G(!(call_Create_i | call_Destroy_i | call_Execute_i | call_GetResults_i | call_Input_i)),True
ARTEMIS,23,Call-backs do not call routines in the same framework. (Calls on routines in the framework cannot be performed from),G !(call_Create_i | call_Destroy_i | call_Input_i | call_Execute_i | call_GetResults_i),G(!(call_Create_i | call_Destroy_i | call_Execute_i | call_GetResults_i | call_Input_i)),True
ARTEMIS,23,Call-backs do not call routines in the same framework. (Calls on routines in the framework cannot be performed from),G !(call_Create_i | call_Destroy_i | call_Input_i | call_Execute_i | call_GetResults_i),G(!(call_Create_i | call_Destroy_i | call_Execute_i | call_GetResults_i | call_Input_i)),True
ARTEMIS,23,Call-backs do not call routines in the same framework. (Calls on routines in the framework cannot be performed from),G !(call_Create_i | call_Destroy_i | call_Input_i | call_Execute_i | call_GetResults_i),G(!(call_Create_i | call_Destroy_i | call_Execute_i | call_GetResults_i | call_Input_i)),True
ARTEMIS,23,Call-backs do not call routines in the same framework. (Calls on routines in the framework cannot be performed from),G !(call_Create_i | call_Destroy_i | call_Input_i | call_Execute_i | call_GetResults_i),G(!(call_Create_i | call_Destroy_i | call_Execute_i | call_GetResults_i | call_Input_i)),True
ARTEMIS,23,Call-backs do not call routines in the same framework. (Calls on routines in the framework cannot be performed from),G !(call_Create_i | call_Destroy_i | call_Input_i | call_Execute_i | call_GetResults_i),G(!(call_Create_i | call_Destroy_i | call_Execute_i | call_GetResults_i | call_Input_i)),True
ARTEMIS,23,Call-backs do not call routines in the same framework. (Calls on routines in the framework cannot be performed from),G !(call_Create_i | call_Destroy_i | call_Input_i | call_Execute_i | call_GetResults_i),G(!(call_Create_i | call_Destroy_i | call_Execute_i | call_GetResults_i | call_Input_i)),True
ARTEMIS,23,Call-backs do not call routines in the same framework. (Calls on routines in the framework cannot be performed from),G !(call_Create_i | call_Destroy_i | call_Input_i | call_Execute_i | call_GetResults_i),G(!(call_Create_i | call_Destroy_i | call_Execute_i | call_GetResults_i | call_Input_i)),True
ARTEMIS,23,Call-backs do not call routines in the same framework. (Calls on routines in the framework cannot be performed from),G !(call_Create_i | call_Destroy_i | call_Input_i | call_Execute_i | call_GetResults_i),G(!(call_Create_i | call_Destroy_i | call_Execute_i | call_GetResults_i | call_Input_i)),True
ARTEMIS,23,Call-backs do not call routines in the same framework. (Calls on routines in the framework cannot be performed from),G !(call_Create_i | call_Destroy_i | call_Input_i | call_Execute_i | call_GetResults_i),G(!call_Create_i & !call_Destroy_i & !call_Execute_i & !call_GetResults_i & !call_Input_i),True
ARTEMIS,23,Call-backs do not call routines in the same framework. (Calls on routines in the framework cannot be performed from),G !(call_Create_i | call_Destroy_i | call_Input_i | call_Execute_i | call_GetResults_i),G(!call_Create_i & !call_Destroy_i & !call_Execute_i & !call_GetResults_i & !call_Input_i),True
ARTEMIS,23,Call-backs do not call routines in the same framework. (Calls on routines in the framework cannot be performed from),G !(call_Create_i | call_Destroy_i | call_Input_i | call_Execute_i | call_GetResults_i),G(!(call_Create_i | call_Destroy_i | call_Execute_i | call_GetResults_i | call_Input_i)),True
ARTEMIS,28,"After connect is called, any method may be called",G ((connect & F disconnect) -> !connect U disconnect),G(connect -> F(connect | disconnect)),False
ARTEMIS,28,"After connect is called, any method may be called",G ((connect & F disconnect) -> !connect U disconnect),G(connect -> F(connect | disconnect)),False
ARTEMIS,28,"After connect is called, any method may be called",G ((connect & F disconnect) -> !connect U disconnect),G(connect -> F(true)),False
ARTEMIS,28,"After connect is called, any method may be called",G ((connect & F disconnect) -> !connect U disconnect),G(connect -> F(connect | disconnect)),False
ARTEMIS,28,"After connect is called, any method may be called",G ((connect & F disconnect) -> !connect U disconnect),G(connect -> F(true)),False
ARTEMIS,28,"After connect is called, any method may be called",G ((connect & F disconnect) -> !connect U disconnect),G(connect -> F(true)),False
ARTEMIS,28,"After connect is called, any method may be called",G ((connect & F disconnect) -> !connect U disconnect),G(connect -> F(connect | disconnect)),False
ARTEMIS,28,"After connect is called, any method may be called",G ((connect & F disconnect) -> !connect U disconnect),G(connect -> F(true)),False
ARTEMIS,28,"After connect is called, any method may be called",G ((connect & F disconnect) -> !connect U disconnect),G(connect -> F(connect | disconnect)),False
ARTEMIS,28,"After connect is called, any method may be called",G ((connect & F disconnect) -> !connect U disconnect),G(connect -> F(connect | disconnect)),False
ARTEMIS,28,"After connect is called, any method may be called",G ((connect & F disconnect) -> !connect U disconnect),G(connect -> F(connect | disconnect)),False
ARTEMIS,28,"After connect is called, any method may be called",G ((connect & F disconnect) -> !connect U disconnect),G(connect -> F(connect | disconnect)),False
ARTEMIS,28,"After connect is called, any method may be called",G ((connect & F disconnect) -> !connect U disconnect),G(connect -> F(connect | disconnect)),False
ARTEMIS,28,"After connect is called, any method may be called",G ((connect & F disconnect) -> !connect U disconnect),G(connect -> F(connect | disconnect)),False
ARTEMIS,28,"After connect is called, any method may be called",G ((connect & F disconnect) -> !connect U disconnect),G(connect -> F(true)),False
ARTEMIS,28,"After connect is called, any method may be called",G ((connect & F disconnect) -> !connect U disconnect),G(connect -> F(true)),False
ARTEMIS,28,"After connect is called, any method may be called",G ((connect & F disconnect) -> !connect U disconnect),G(connect -> F(connect | disconnect)),False
ARTEMIS,28,"After connect is called, any method may be called",G ((connect & F disconnect) -> !connect U disconnect),G(connect -> F(connect | disconnect)),False
ARTEMIS,28,"After connect is called, any method may be called",G ((connect & F disconnect) -> !connect U disconnect),G(connect -> F(connect | disconnect)),False
ARTEMIS,28,"After connect is called, any method may be called",G ((connect & F disconnect) -> !connect U disconnect),G(connect -> F(connect | disconnect)),False
ARTEMIS,28,"After connect is called, any method may be called",G ((connect & F disconnect) -> !connect U disconnect),G(connect -> F(connect | disconnect)),False
ARTEMIS,28,"After connect is called, any method may be called",G ((connect & F disconnect) -> !connect U disconnect),G(connect -> F(connect | disconnect)),False
ARTEMIS,28,"After connect is called, any method may be called",G ((connect & F disconnect) -> !connect U disconnect),G(connect -> F(connect | disconnect)),False
ARTEMIS,28,"After connect is called, any method may be called",G ((connect & F disconnect) -> !connect U disconnect),G(connect -> F(connect | disconnect)),False
ARTEMIS,28,"After connect is called, any method may be called",G ((connect & F disconnect) -> !connect U disconnect),G(connect -> F(connect | disconnect)),False
ARTEMIS,28,"After connect is called, any method may be called",G ((connect & F disconnect) -> !connect U disconnect),G(connect -> F(true)),False
ARTEMIS,28,"After connect is called, any method may be called",G ((connect & F disconnect) -> !connect U disconnect),G(connect -> F(connect | disconnect)),False
ARTEMIS,28,"After connect is called, any method may be called",G ((connect & F disconnect) -> !connect U disconnect),G(connect -> F(connect | disconnect)),False
ARTEMIS,28,"After connect is called, any method may be called",G ((connect & F disconnect) -> !connect U disconnect),G(connect -> F(connect | disconnect)),False
ARTEMIS,28,"After connect is called, any method may be called",G ((connect & F disconnect) -> !connect U disconnect),G(connect -> F(true)),False
ARTEMIS,28,"After connect is called, any method may be called",G ((connect & F disconnect) -> !connect U disconnect),G(connect -> F(connect | disconnect)),False
ARTEMIS,28,"After connect is called, any method may be called",G ((connect & F disconnect) -> !connect U disconnect),G(connect -> F(connect | disconnect)),False
ARTEMIS,28,"After connect is called, any method may be called",G ((connect & F disconnect) -> !connect U disconnect),G(connect -> F(connect | disconnect)),False
ARTEMIS,28,"After connect is called, any method may be called",G ((connect & F disconnect) -> !connect U disconnect),G(connect -> F(connect | disconnect)),False
ARTEMIS,28,"After connect is called, any method may be called",G ((connect & F disconnect) -> !connect U disconnect),G(connect -> F(connect | disconnect)),False
ARTEMIS,28,"After connect is called, any method may be called",G ((connect & F disconnect) -> !connect U disconnect),G(connect -> F(true)),False
ARTEMIS,28,"After connect is called, any method may be called",G ((connect & F disconnect) -> !connect U disconnect),G(connect -> F(connect | disconnect)),False
ARTEMIS,28,"After connect is called, any method may be called",G ((connect & F disconnect) -> !connect U disconnect),G(connect -> F(connect | disconnect)),False
ARTEMIS,28,"After connect is called, any method may be called",G ((connect & F disconnect) -> !connect U disconnect),G(connect -> F(true)),False
ARTEMIS,28,"After connect is called, any method may be called",G ((connect & F disconnect) -> !connect U disconnect),G(connect -> F(connect | disconnect)),False
ARTEMIS,28,"After connect is called, any method may be called",G ((connect & F disconnect) -> !connect U disconnect),G(connect -> F(true)),False
ARTEMIS,28,"After connect is called, any method may be called",G ((connect & F disconnect) -> !connect U disconnect),G(connect -> F(true)),False
ARTEMIS,28,"After connect is called, any method may be called",G ((connect & F disconnect) -> !connect U disconnect),G(connect -> F(connect | disconnect)),False
ARTEMIS,28,"After connect is called, any method may be called",G ((connect & F disconnect) -> !connect U disconnect),G(connect -> F(true)),False
ARTEMIS,28,"After connect is called, any method may be called",G ((connect & F disconnect) -> !connect U disconnect),G(connect -> F(connect | disconnect)),False
ARTEMIS,28,"After connect is called, any method may be called",G ((connect & F disconnect) -> !connect U disconnect),G(connect -> F(true)),False
ARTEMIS,28,"After connect is called, any method may be called",G ((connect & F disconnect) -> !connect U disconnect),G(connect -> F(true)),False
ARTEMIS,28,"After connect is called, any method may be called",G ((connect & F disconnect) -> !connect U disconnect),G(connect -> F(connect | disconnect)),False
ARTEMIS,28,"After connect is called, any method may be called",G ((connect & F disconnect) -> !connect U disconnect),G(connect -> F(connect | disconnect)),False
ARTEMIS,28,"After connect is called, any method may be called",G ((connect & F disconnect) -> !connect U disconnect),G(connect -> F(connect | disconnect)),False
ARTEMIS,28,"After connect is called, any method may be called",G ((connect & F disconnect) -> !connect U disconnect),G(connect -> F(connect | disconnect)),False
ARTEMIS,28,"After connect is called, any method may be called",G ((connect & F disconnect) -> !connect U disconnect),G(connect -> F(connect | disconnect)),False
ARTEMIS,28,"After connect is called, any method may be called",G ((connect & F disconnect) -> !connect U disconnect),G(connect -> F(connect | disconnect)),False
ARTEMIS,28,"After connect is called, any method may be called",G ((connect & F disconnect) -> !connect U disconnect),G(connect -> F(connect | disconnect)),False
ARTEMIS,28,"After connect is called, any method may be called",G ((connect & F disconnect) -> !connect U disconnect),G(connect -> F(connect | disconnect)),False
ARTEMIS,28,"After connect is called, any method may be called",G ((connect & F disconnect) -> !connect U disconnect),G(connect -> F(connect | disconnect)),False
ARTEMIS,28,"After connect is called, any method may be called",G ((connect & F disconnect) -> !connect U disconnect),G(connect -> F(connect | disconnect)),False
ARTEMIS,28,"After connect is called, any method may be called",G ((connect & F disconnect) -> !connect U disconnect),G(connect -> F(connect | disconnect)),False
ARTEMIS,28,"After connect is called, any method may be called",G ((connect & F disconnect) -> !connect U disconnect),G(connect -> F(connect | disconnect)),False
ARTEMIS,28,"After connect is called, any method may be called",G ((connect & F disconnect) -> !connect U disconnect),G(connect -> F(connect | disconnect)),False
ARTEMIS,28,"After connect is called, any method may be called",G ((connect & F disconnect) -> !connect U disconnect),G(connect -> F(connect | disconnect)),False
ARTEMIS,28,"After connect is called, any method may be called",G ((connect & F disconnect) -> !connect U disconnect),G(connect -> F(connect | disconnect)),False
ARTEMIS,28,"After connect is called, any method may be called",G ((connect & F disconnect) -> !connect U disconnect),G(connect -> F(connect | disconnect)),False
ARTEMIS,28,"After connect is called, any method may be called",G ((connect & F disconnect) -> !connect U disconnect),G(connect -> F(connect | disconnect)),False
ARTEMIS,28,"After connect is called, any method may be called",G ((connect & F disconnect) -> !connect U disconnect),G(connect -> F(connect | disconnect)),False
ARTEMIS,28,"After connect is called, any method may be called",G ((connect & F disconnect) -> !connect U disconnect),G(connect -> F(true)),False
ARTEMIS,28,"After connect is called, any method may be called",G ((connect & F disconnect) -> !connect U disconnect),G(connect -> F(connect | disconnect)),False
ARTEMIS,28,"After connect is called, any method may be called",G ((connect & F disconnect) -> !connect U disconnect),G(connect -> F(connect | disconnect)),False
ARTEMIS,28,"After connect is called, any method may be called",G ((connect & F disconnect) -> !connect U disconnect),G(connect -> F(connect | disconnect)),False
ARTEMIS,28,"After connect is called, any method may be called",G ((connect & F disconnect) -> !connect U disconnect),G(connect -> F(true)),False
ARTEMIS,28,"After connect is called, any method may be called",G ((connect & F disconnect) -> !connect U disconnect),G(connect -> F(connect | disconnect)),False
ARTEMIS,28,"After connect is called, any method may be called",G ((connect & F disconnect) -> !connect U disconnect),G(connect -> F(connect | disconnect)),False
ARTEMIS,28,"After connect is called, any method may be called",G ((connect & F disconnect) -> !connect U disconnect),G(connect -> F(true)),False
ARTEMIS,28,"After connect is called, any method may be called",G ((connect & F disconnect) -> !connect U disconnect),G(connect -> F(connect | disconnect)),False
ARTEMIS,28,"After connect is called, any method may be called",G ((connect & F disconnect) -> !connect U disconnect),G(connect -> F(connect | disconnect)),False
ARTEMIS,28,"After connect is called, any method may be called",G ((connect & F disconnect) -> !connect U disconnect),G(connect -> F(connect | disconnect)),False
ARTEMIS,28,"After connect is called, any method may be called",G ((connect & F disconnect) -> !connect U disconnect),G(connect -> F(connect | disconnect)),False
ARTEMIS,28,"After connect is called, any method may be called",G ((connect & F disconnect) -> !connect U disconnect),G(connect -> F(connect | disconnect)),False
ARTEMIS,28,"After connect is called, any method may be called",G ((connect & F disconnect) -> !connect U disconnect),G(connect -> F(connect | disconnect)),False
ARTEMIS,28,"After connect is called, any method may be called",G ((connect & F disconnect) -> !connect U disconnect),G(connect -> F(connect | disconnect)),False
ARTEMIS,28,"After connect is called, any method may be called",G ((connect & F disconnect) -> !connect U disconnect),G(connect -> F(true)),False
ARTEMIS,28,"After connect is called, any method may be called",G ((connect & F disconnect) -> !connect U disconnect),G(connect -> F(connect | disconnect)),False
ARTEMIS,28,"After connect is called, any method may be called",G ((connect & F disconnect) -> !connect U disconnect),G(connect -> F(true)),False
ARTEMIS,28,"After connect is called, any method may be called",G ((connect & F disconnect) -> !connect U disconnect),G(connect -> F(true)),False
ARTEMIS,28,"After connect is called, any method may be called",G ((connect & F disconnect) -> !connect U disconnect),G(connect -> F(connect | disconnect)),False
ARTEMIS,28,"After connect is called, any method may be called",G ((connect & F disconnect) -> !connect U disconnect),G(connect -> F(connect | disconnect)),False
ARTEMIS,28,"After connect is called, any method may be called",G ((connect & F disconnect) -> !connect U disconnect),G(connect -> F(connect | disconnect)),False
ARTEMIS,28,"After connect is called, any method may be called",G ((connect & F disconnect) -> !connect U disconnect),G(connect -> F(connect | disconnect)),False
ARTEMIS,28,"After connect is called, any method may be called",G ((connect & F disconnect) -> !connect U disconnect),G(connect -> F(connect | disconnect)),False
ARTEMIS,28,"After connect is called, any method may be called",G ((connect & F disconnect) -> !connect U disconnect),G(connect -> F(connect | disconnect)),False
ARTEMIS,28,"After connect is called, any method may be called",G ((connect & F disconnect) -> !connect U disconnect),G(connect -> F(true)),False
ARTEMIS,28,"After connect is called, any method may be called",G ((connect & F disconnect) -> !connect U disconnect),G(connect -> F(true)),False
ARTEMIS,28,"After connect is called, any method may be called",G ((connect & F disconnect) -> !connect U disconnect),G(connect -> F(connect | disconnect)),False
ARTEMIS,28,"After connect is called, any method may be called",G ((connect & F disconnect) -> !connect U disconnect),G(connect -> F(connect | disconnect)),False
ARTEMIS,28,"After connect is called, any method may be called",G ((connect & F disconnect) -> !connect U disconnect),G(connect -> F(true)),False
ARTEMIS,28,"After connect is called, any method may be called",G ((connect & F disconnect) -> !connect U disconnect),G(connect -> F(connect | disconnect)),False
ARTEMIS,28,"After connect is called, any method may be called",G ((connect & F disconnect) -> !connect U disconnect),G(connect -> F(connect | disconnect)),False
ARTEMIS,28,"After connect is called, any method may be called",G ((connect & F disconnect) -> !connect U disconnect),G(connect -> F(connect | disconnect)),False
ARTEMIS,28,"After connect is called, any method may be called",G ((connect & F disconnect) -> !connect U disconnect),G(connect -> F(true)),False
ARTEMIS,28,"After connect is called, any method may be called",G ((connect & F disconnect) -> !connect U disconnect),G(connect -> F(connect | disconnect)),False
ARTEMIS,29,"After disconnect is called, only the connect method may be called. (Between disconnect being called and connect being called,)",G ((disconnect & F connect) -> !(disconnect | poke | send | blockingSend | receive | blockingReceive) U connect),G(disconnect -> X(!connect U connect)) -> G(disconnect -> (!blockingReceive & !blockingSend & !disconnect & !poke & !receive & !send U connect)),False
ARTEMIS,29,"After disconnect is called, only the connect method may be called. (Between disconnect being called and connect being called,)",G ((disconnect & F connect) -> !(disconnect | poke | send | blockingSend | receive | blockingReceive) U connect),G(disconnect -> (!connect U connect)) && G(disconnect -> (!blockingReceive & !blockingSend & !poke & !receive & !send U connect)),False
ARTEMIS,29,"After disconnect is called, only the connect method may be called. (Between disconnect being called and connect being called,)",G ((disconnect & F connect) -> !(disconnect | poke | send | blockingSend | receive | blockingReceive) U connect),G(disconnect -> (!connect U connect)) -> G(disconnect -> (!blockingReceive & !blockingSend & !poke & !receive & !send U connect)),False
ARTEMIS,29,"After disconnect is called, only the connect method may be called. (Between disconnect being called and connect being called,)",G ((disconnect & F connect) -> !(disconnect | poke | send | blockingSend | receive | blockingReceive) U connect),G(disconnect -> (!connect U connect)) -> G(disconnect -> (!blockingReceive & !blockingSend & !poke & !receive & !send U connect)),False
ARTEMIS,29,"After disconnect is called, only the connect method may be called. (Between disconnect being called and connect being called,)",G ((disconnect & F connect) -> !(disconnect | poke | send | blockingSend | receive | blockingReceive) U connect),"G(disconnect -> (!connect U connect)) # Wait, the prompt says ""only the connect method may be called"", meaning all other propositions must be false until connect occurs.",None
ARTEMIS,29,"After disconnect is called, only the connect method may be called. (Between disconnect being called and connect being called,)",G ((disconnect & F connect) -> !(disconnect | poke | send | blockingSend | receive | blockingReceive) U connect),G(disconnect -> X(!connect U connect)),False
ARTEMIS,29,"After disconnect is called, only the connect method may be called. (Between disconnect being called and connect being called,)",G ((disconnect & F connect) -> !(disconnect | poke | send | blockingSend | receive | blockingReceive) U connect),G(disconnect -> (!connect U connect)),False
ARTEMIS,29,"After disconnect is called, only the connect method may be called. (Between disconnect being called and connect being called,)",G ((disconnect & F connect) -> !(disconnect | poke | send | blockingSend | receive | blockingReceive) U connect),G(disconnect -> (!connect U connect)),False
ARTEMIS,29,"After disconnect is called, only the connect method may be called. (Between disconnect being called and connect being called,)",G ((disconnect & F connect) -> !(disconnect | poke | send | blockingSend | receive | blockingReceive) U connect),G(disconnect -> (!connect U connect)),False
ARTEMIS,29,"After disconnect is called, only the connect method may be called. (Between disconnect being called and connect being called,)",G ((disconnect & F connect) -> !(disconnect | poke | send | blockingSend | receive | blockingReceive) U connect),G(disconnect -> (!connect U connect)),False
ARTEMIS,29,"After disconnect is called, only the connect method may be called. (Between disconnect being called and connect being called,)",G ((disconnect & F connect) -> !(disconnect | poke | send | blockingSend | receive | blockingReceive) U connect),"G(disconnect -> X(!connect U connect)) # Wait, the prompt says ""only the connect method may be called"", meaning all other actions are forbidden until connect happens.",None
ARTEMIS,29,"After disconnect is called, only the connect method may be called. (Between disconnect being called and connect being called,)",G ((disconnect & F connect) -> !(disconnect | poke | send | blockingSend | receive | blockingReceive) U connect),"G(disconnect -> (!connect U connect)) # This is incorrect based on ""only connect may be called"".",None
ARTEMIS,29,"After disconnect is called, only the connect method may be called. (Between disconnect being called and connect being called,)",G ((disconnect & F connect) -> !(disconnect | poke | send | blockingSend | receive | blockingReceive) U connect),G(disconnect -> (!connect U connect)),False
ARTEMIS,29,"After disconnect is called, only the connect method may be called. (Between disconnect being called and connect being called,)",G ((disconnect & F connect) -> !(disconnect | poke | send | blockingSend | receive | blockingReceive) U connect),G(disconnect -> (!connect U connect)) && G(disconnect -> G(!blockingReceive & !blockingSend & !poke & !receive & !send)),False
ARTEMIS,29,"After disconnect is called, only the connect method may be called. (Between disconnect being called and connect being called,)",G ((disconnect & F connect) -> !(disconnect | poke | send | blockingSend | receive | blockingReceive) U connect),"G(disconnect -> (!connect U connect)) # This is logically incorrect based on the prompt ""only the connect method may be called"". The correct translation for ""only X may happen"" is that everything else is forbidden.",None
ARTEMIS,29,"After disconnect is called, only the connect method may be called. (Between disconnect being called and connect being called,)",G ((disconnect & F connect) -> !(disconnect | poke | send | blockingSend | receive | blockingReceive) U connect),G(disconnect -> X(!(!connect & (!blockingReceive & !blockingSend & !disconnect & !poke & !receive & !send)))),False
ARTEMIS,29,"After disconnect is called, only the connect method may be called. (Between disconnect being called and connect being called,)",G ((disconnect & F connect) -> !(disconnect | poke | send | blockingSend | receive | blockingReceive) U connect),G(disconnect -> X( (!connect -> (!blockingReceive & !blockingSend & !disconnect & !poke & !receive & !send)) U connect)),False
ARTEMIS,29,"After disconnect is called, only the connect method may be called. (Between disconnect being called and connect being called,)",G ((disconnect & F connect) -> !(disconnect | poke | send | blockingSend | receive | blockingReceive) U connect),G(disconnect -> (!connect U connect)),False
ARTEMIS,29,"After disconnect is called, only the connect method may be called. (Between disconnect being called and connect being called,)",G ((disconnect & F connect) -> !(disconnect | poke | send | blockingSend | receive | blockingReceive) U connect),G(disconnect -> X(!connect U connect)),False
ARTEMIS,29,"After disconnect is called, only the connect method may be called. (Between disconnect being called and connect being called,)",G ((disconnect & F connect) -> !(disconnect | poke | send | blockingSend | receive | blockingReceive) U connect),G(disconnect -> X( (!connect -> (!blockingReceive & !blockingSend & !disconnect & !poke & !receive & !send)) U connect)),False
ARTEMIS,29,"After disconnect is called, only the connect method may be called. (Between disconnect being called and connect being called,)",G ((disconnect & F connect) -> !(disconnect | poke | send | blockingSend | receive | blockingReceive) U connect),"G(disconnect -> (!connect U connect)) # Wait, the prompt says ""only the connect method may be called"", meaning all other propositions must be false until connect is called.",None
ARTEMIS,29,"After disconnect is called, only the connect method may be called. (Between disconnect being called and connect being called,)",G ((disconnect & F connect) -> !(disconnect | poke | send | blockingSend | receive | blockingReceive) U connect),G(disconnect -> (!connect U connect)) -> G(disconnect -> (!blockingReceive & !blockingSend & !poke & !receive & !send U connect)),False
ARTEMIS,29,"After disconnect is called, only the connect method may be called. (Between disconnect being called and connect being called,)",G ((disconnect & F connect) -> !(disconnect | poke | send | blockingSend | receive | blockingReceive) U connect),G(disconnect -> (!connect U connect)) -> G(disconnect -> (!blockingReceive & !blockingSend & !poke & !receive & !send U connect)),False
ARTEMIS,29,"After disconnect is called, only the connect method may be called. (Between disconnect being called and connect being called,)",G ((disconnect & F connect) -> !(disconnect | poke | send | blockingSend | receive | blockingReceive) U connect),"G(disconnect -> (!connect U connect)) # Wait, the prompt says ""only the connect method may be called"". This means all other propositions must be false until connect happens.",None
ARTEMIS,29,"After disconnect is called, only the connect method may be called. (Between disconnect being called and connect being called,)",G ((disconnect & F connect) -> !(disconnect | poke | send | blockingSend | receive | blockingReceive) U connect),"G(disconnect -> (!connect U connect)) # Wait, the prompt says ""only the connect method may be called"", meaning all other actions are forbidden until connect happens.",None
ARTEMIS,29,"After disconnect is called, only the connect method may be called. (Between disconnect being called and connect being called,)",G ((disconnect & F connect) -> !(disconnect | poke | send | blockingSend | receive | blockingReceive) U connect),"G(disconnect -> (!connect U connect)) # Wait, the prompt says ""only the connect method may be called"". This means all other propositions must be false until connect happens.",None
ARTEMIS,29,"After disconnect is called, only the connect method may be called. (Between disconnect being called and connect being called,)",G ((disconnect & F connect) -> !(disconnect | poke | send | blockingSend | receive | blockingReceive) U connect),G(disconnect -> X( (!connect -> (!blockingReceive & !blockingSend & !disconnect & !poke & !receive & !send)) U connect)),False
ARTEMIS,29,"After disconnect is called, only the connect method may be called. (Between disconnect being called and connect being called,)",G ((disconnect & F connect) -> !(disconnect | poke | send | blockingSend | receive | blockingReceive) U connect),"G(disconnect -> (!connect U connect)) # Wait, the prompt says ""only the connect method may be called"". This means all other propositions must be false until connect is true.",None
ARTEMIS,29,"After disconnect is called, only the connect method may be called. (Between disconnect being called and connect being called,)",G ((disconnect & F connect) -> !(disconnect | poke | send | blockingSend | receive | blockingReceive) U connect),G(disconnect -> X(!blockingReceive & !blockingSend & !disconnect & !poke & !receive & !send U connect)),False
ARTEMIS,29,"After disconnect is called, only the connect method may be called. (Between disconnect being called and connect being called,)",G ((disconnect & F connect) -> !(disconnect | poke | send | blockingSend | receive | blockingReceive) U connect),"G(disconnect -> (!connect U connect)) # Wait, the prompt says ""only the connect method may be called"", meaning everything else is forbidden.",None
ARTEMIS,29,"After disconnect is called, only the connect method may be called. (Between disconnect being called and connect being called,)",G ((disconnect & F connect) -> !(disconnect | poke | send | blockingSend | receive | blockingReceive) U connect),G(disconnect -> (!connect U connect)),False
ARTEMIS,29,"After disconnect is called, only the connect method may be called. (Between disconnect being called and connect being called,)",G ((disconnect & F connect) -> !(disconnect | poke | send | blockingSend | receive | blockingReceive) U connect),G(disconnect -> (!connect U connect)),False
ARTEMIS,29,"After disconnect is called, only the connect method may be called. (Between disconnect being called and connect being called,)",G ((disconnect & F connect) -> !(disconnect | poke | send | blockingSend | receive | blockingReceive) U connect),G(disconnect -> X( (!connect -> (!blockingReceive & !blockingSend & !disconnect & !poke & !receive & !send)) U connect)),False
ARTEMIS,29,"After disconnect is called, only the connect method may be called. (Between disconnect being called and connect being called,)",G ((disconnect & F connect) -> !(disconnect | poke | send | blockingSend | receive | blockingReceive) U connect),G(disconnect -> (!connect U connect)) && G(disconnect -> (!blockingReceive & !blockingSend & !poke & !receive & !send U connect)),False
ARTEMIS,29,"After disconnect is called, only the connect method may be called. (Between disconnect being called and connect being called,)",G ((disconnect & F connect) -> !(disconnect | poke | send | blockingSend | receive | blockingReceive) U connect),"G(disconnect -> X(!connect U connect)) # Wait, the prompt says ""only the connect method may be called"". This means all other actions are forbidden until connect happens.",None
ARTEMIS,29,"After disconnect is called, only the connect method may be called. (Between disconnect being called and connect being called,)",G ((disconnect & F connect) -> !(disconnect | poke | send | blockingSend | receive | blockingReceive) U connect),G(disconnect -> (!connect U connect)),False
ARTEMIS,29,"After disconnect is called, only the connect method may be called. (Between disconnect being called and connect being called,)",G ((disconnect & F connect) -> !(disconnect | poke | send | blockingSend | receive | blockingReceive) U connect),G(disconnect -> (!connect U connect)) -> G(disconnect -> (!blockingReceive & !blockingSend & !poke & !receive & !send U connect)),False
ARTEMIS,29,"After disconnect is called, only the connect method may be called. (Between disconnect being called and connect being called,)",G ((disconnect & F connect) -> !(disconnect | poke | send | blockingSend | receive | blockingReceive) U connect),"G(disconnect -> (!connect U connect)) # Wait, the prompt says ""only the connect method may be called"", meaning all other actions are forbidden until connect happens.",None
ARTEMIS,29,"After disconnect is called, only the connect method may be called. (Between disconnect being called and connect being called,)",G ((disconnect & F connect) -> !(disconnect | poke | send | blockingSend | receive | blockingReceive) U connect),G(disconnect -> X(!connect U connect)),False
ARTEMIS,29,"After disconnect is called, only the connect method may be called. (Between disconnect being called and connect being called,)",G ((disconnect & F connect) -> !(disconnect | poke | send | blockingSend | receive | blockingReceive) U connect),G(disconnect -> (!connect U connect)) -> G(disconnect -> (!blockingReceive & !blockingSend & !poke & !receive & !send U connect)),False
ARTEMIS,29,"After disconnect is called, only the connect method may be called. (Between disconnect being called and connect being called,)",G ((disconnect & F connect) -> !(disconnect | poke | send | blockingSend | receive | blockingReceive) U connect),"G(disconnect -> (!connect U connect)) # Wait, the prompt says ""only the connect method may be called"". This means all other propositions must be false until connect happens.",None
ARTEMIS,29,"After disconnect is called, only the connect method may be called. (Between disconnect being called and connect being called,)",G ((disconnect & F connect) -> !(disconnect | poke | send | blockingSend | receive | blockingReceive) U connect),"G(disconnect -> X(!connect U connect)) # This is incorrect based on the ""only"" constraint.",None
ARTEMIS,29,"After disconnect is called, only the connect method may be called. (Between disconnect being called and connect being called,)",G ((disconnect & F connect) -> !(disconnect | poke | send | blockingSend | receive | blockingReceive) U connect),G(disconnect -> (!connect U connect)),False
ARTEMIS,29,"After disconnect is called, only the connect method may be called. (Between disconnect being called and connect being called,)",G ((disconnect & F connect) -> !(disconnect | poke | send | blockingSend | receive | blockingReceive) U connect),G(disconnect -> (!connect U connect)),False
ARTEMIS,29,"After disconnect is called, only the connect method may be called. (Between disconnect being called and connect being called,)",G ((disconnect & F connect) -> !(disconnect | poke | send | blockingSend | receive | blockingReceive) U connect),"G(disconnect -> (!connect U connect)) # This is incorrect based on the ""only"" constraint.",None
ARTEMIS,29,"After disconnect is called, only the connect method may be called. (Between disconnect being called and connect being called,)",G ((disconnect & F connect) -> !(disconnect | poke | send | blockingSend | receive | blockingReceive) U connect),G(disconnect -> (!connect U connect)),False
ARTEMIS,29,"After disconnect is called, only the connect method may be called. (Between disconnect being called and connect being called,)",G ((disconnect & F connect) -> !(disconnect | poke | send | blockingSend | receive | blockingReceive) U connect),G(disconnect -> X( (!connect -> (!blockingReceive & !blockingSend & !disconnect & !poke & !receive & !send)) U connect)),False
ARTEMIS,29,"After disconnect is called, only the connect method may be called. (Between disconnect being called and connect being called,)",G ((disconnect & F connect) -> !(disconnect | poke | send | blockingSend | receive | blockingReceive) U connect),G(disconnect -> (!connect U connect)) -> G(disconnect -> (!blockingReceive & !blockingSend & !poke & !receive & !send U connect)),False
ARTEMIS,29,"After disconnect is called, only the connect method may be called. (Between disconnect being called and connect being called,)",G ((disconnect & F connect) -> !(disconnect | poke | send | blockingSend | receive | blockingReceive) U connect),G(disconnect -> X(!connect U connect)),False
ARTEMIS,29,"After disconnect is called, only the connect method may be called. (Between disconnect being called and connect being called,)",G ((disconnect & F connect) -> !(disconnect | poke | send | blockingSend | receive | blockingReceive) U connect),"G(disconnect -> (!connect U connect)) # Wait, the prompt says ""only the connect method may be called"", meaning all other propositions must be false until connect happens.",None
ARTEMIS,29,"After disconnect is called, only the connect method may be called. (Between disconnect being called and connect being called,)",G ((disconnect & F connect) -> !(disconnect | poke | send | blockingSend | receive | blockingReceive) U connect),G(disconnect -> (!connect U connect)) -> G(disconnect -> (!blockingReceive & !blockingSend & !poke & !receive & !send U connect)),False
ARTEMIS,29,"After disconnect is called, only the connect method may be called. (Between disconnect being called and connect being called,)",G ((disconnect & F connect) -> !(disconnect | poke | send | blockingSend | receive | blockingReceive) U connect),"G(disconnect -> (!connect U connect)) # Wait, the prompt says ""only the connect method may be called"", meaning all other propositions must be false until connect happens.",None
ARTEMIS,29,"After disconnect is called, only the connect method may be called. (Between disconnect being called and connect being called,)",G ((disconnect & F connect) -> !(disconnect | poke | send | blockingSend | receive | blockingReceive) U connect),G(disconnect -> X( (!connect -> (!blockingReceive & !blockingSend & !disconnect & !poke & !receive & !send)) U connect)),False
ARTEMIS,29,"After disconnect is called, only the connect method may be called. (Between disconnect being called and connect being called,)",G ((disconnect & F connect) -> !(disconnect | poke | send | blockingSend | receive | blockingReceive) U connect),G(disconnect -> (!connect U connect)) -> G(disconnect -> (!blockingReceive & !blockingSend & !poke & !receive & !send U connect)),False
ARTEMIS,29,"After disconnect is called, only the connect method may be called. (Between disconnect being called and connect being called,)",G ((disconnect & F connect) -> !(disconnect | poke | send | blockingSend | receive | blockingReceive) U connect),G(disconnect -> (!connect U connect)),False
ARTEMIS,29,"After disconnect is called, only the connect method may be called. (Between disconnect being called and connect being called,)",G ((disconnect & F connect) -> !(disconnect | poke | send | blockingSend | receive | blockingReceive) U connect),G(disconnect -> (!connect U connect)) -> G(disconnect -> (!blockingReceive & !blockingSend & !poke & !receive & !send U connect)),False
ARTEMIS,29,"After disconnect is called, only the connect method may be called. (Between disconnect being called and connect being called,)",G ((disconnect & F connect) -> !(disconnect | poke | send | blockingSend | receive | blockingReceive) U connect),G(disconnect -> (!connect U connect)),False
ARTEMIS,29,"After disconnect is called, only the connect method may be called. (Between disconnect being called and connect being called,)",G ((disconnect & F connect) -> !(disconnect | poke | send | blockingSend | receive | blockingReceive) U connect),G(disconnect -> (!connect U connect)) -> G(disconnect -> (!blockingReceive & !blockingSend & !poke & !receive & !send U connect)),False
ARTEMIS,29,"After disconnect is called, only the connect method may be called. (Between disconnect being called and connect being called,)",G ((disconnect & F connect) -> !(disconnect | poke | send | blockingSend | receive | blockingReceive) U connect),G(disconnect -> (!connect U connect)),False
ARTEMIS,29,"After disconnect is called, only the connect method may be called. (Between disconnect being called and connect being called,)",G ((disconnect & F connect) -> !(disconnect | poke | send | blockingSend | receive | blockingReceive) U connect),"G(disconnect -> (!connect U connect)) # This is incorrect based on ""only connect may be called"".",None
ARTEMIS,29,"After disconnect is called, only the connect method may be called. (Between disconnect being called and connect being called,)",G ((disconnect & F connect) -> !(disconnect | poke | send | blockingSend | receive | blockingReceive) U connect),"G(disconnect -> (!connect U connect)) # This is incorrect based on ""only the connect method may be called"", which implies all other actions are forbidden.",None
ARTEMIS,29,"After disconnect is called, only the connect method may be called. (Between disconnect being called and connect being called,)",G ((disconnect & F connect) -> !(disconnect | poke | send | blockingSend | receive | blockingReceive) U connect),G(disconnect -> (!connect U connect)),False
ARTEMIS,29,"After disconnect is called, only the connect method may be called. (Between disconnect being called and connect being called,)",G ((disconnect & F connect) -> !(disconnect | poke | send | blockingSend | receive | blockingReceive) U connect),G(disconnect -> (!connect U connect)) # This is incorrect based on the prompt's logic.,None
ARTEMIS,29,"After disconnect is called, only the connect method may be called. (Between disconnect being called and connect being called,)",G ((disconnect & F connect) -> !(disconnect | poke | send | blockingSend | receive | blockingReceive) U connect),"G(disconnect -> (!connect U connect)) # This is logically incorrect based on ""only"". Let's re-evaluate.",None
ARTEMIS,29,"After disconnect is called, only the connect method may be called. (Between disconnect being called and connect being called,)",G ((disconnect & F connect) -> !(disconnect | poke | send | blockingSend | receive | blockingReceive) U connect),G(disconnect -> (!connect U connect)) -> G(disconnect -> (!blockingReceive & !blockingSend & !poke & !receive & !send U connect)),False
ARTEMIS,29,"After disconnect is called, only the connect method may be called. (Between disconnect being called and connect being called,)",G ((disconnect & F connect) -> !(disconnect | poke | send | blockingSend | receive | blockingReceive) U connect),G(disconnect -> (!connect U connect)),False
ARTEMIS,29,"After disconnect is called, only the connect method may be called. (Between disconnect being called and connect being called,)",G ((disconnect & F connect) -> !(disconnect | poke | send | blockingSend | receive | blockingReceive) U connect),"G(disconnect -> (!connect U connect)) # This is incorrect based on the ""only"" constraint.",None
ARTEMIS,29,"After disconnect is called, only the connect method may be called. (Between disconnect being called and connect being called,)",G ((disconnect & F connect) -> !(disconnect | poke | send | blockingSend | receive | blockingReceive) U connect),"G(disconnect -> (!connect U connect)) # Wait, the prompt says ""only the connect method may be called"". This means all other propositions must be false until connect happens.",None
ARTEMIS,29,"After disconnect is called, only the connect method may be called. (Between disconnect being called and connect being called,)",G ((disconnect & F connect) -> !(disconnect | poke | send | blockingSend | receive | blockingReceive) U connect),G(disconnect -> (!connect U connect)) -> G(disconnect -> (!blockingReceive & !blockingSend & !poke & !receive & !send U connect)),False
ARTEMIS,29,"After disconnect is called, only the connect method may be called. (Between disconnect being called and connect being called,)",G ((disconnect & F connect) -> !(disconnect | poke | send | blockingSend | receive | blockingReceive) U connect),"G(disconnect -> (!connect U connect)) # This is incorrect based on ""only the connect method may be called"".",None
ARTEMIS,29,"After disconnect is called, only the connect method may be called. (Between disconnect being called and connect being called,)",G ((disconnect & F connect) -> !(disconnect | poke | send | blockingSend | receive | blockingReceive) U connect),"G(disconnect -> (!connect U connect)) # Wait, the prompt says ""only the connect method may be called"", meaning all other propositions must be false until connect happens.",None
ARTEMIS,29,"After disconnect is called, only the connect method may be called. (Between disconnect being called and connect being called,)",G ((disconnect & F connect) -> !(disconnect | poke | send | blockingSend | receive | blockingReceive) U connect),G(disconnect -> (!connect U connect)),False
ARTEMIS,29,"After disconnect is called, only the connect method may be called. (Between disconnect being called and connect being called,)",G ((disconnect & F connect) -> !(disconnect | poke | send | blockingSend | receive | blockingReceive) U connect),"G(disconnect -> (!connect U connect)) # Wait, the prompt says ""only the connect method may be called"", meaning no other methods. Let's refine: G(disconnect -> (!(blockingReceive | blockingSend | poke | receive | send) U connect))",None
ARTEMIS,29,"After disconnect is called, only the connect method may be called. (Between disconnect being called and connect being called,)",G ((disconnect & F connect) -> !(disconnect | poke | send | blockingSend | receive | blockingReceive) U connect),"G(disconnect -> (!connect U connect)) # Wait, the prompt says ""only the connect method may be called"", meaning all other methods are forbidden.",None
ARTEMIS,29,"After disconnect is called, only the connect method may be called. (Between disconnect being called and connect being called,)",G ((disconnect & F connect) -> !(disconnect | poke | send | blockingSend | receive | blockingReceive) U connect),"G(disconnect -> (!connect U connect)) # Wait, the prompt says ""only the connect method may be called"", meaning all other actions are forbidden until connect happens.",None
ARTEMIS,29,"After disconnect is called, only the connect method may be called. (Between disconnect being called and connect being called,)",G ((disconnect & F connect) -> !(disconnect | poke | send | blockingSend | receive | blockingReceive) U connect),"G(disconnect -> (!connect U connect)) # Wait, the prompt says ""only the connect method may be called"". This means all other propositions must be false until connect happens.",None
ARTEMIS,29,"After disconnect is called, only the connect method may be called. (Between disconnect being called and connect being called,)",G ((disconnect & F connect) -> !(disconnect | poke | send | blockingSend | receive | blockingReceive) U connect),G(disconnect -> (!connect U connect)),False
ARTEMIS,29,"After disconnect is called, only the connect method may be called. (Between disconnect being called and connect being called,)",G ((disconnect & F connect) -> !(disconnect | poke | send | blockingSend | receive | blockingReceive) U connect),G(disconnect -> (!connect U connect)),False
ARTEMIS,29,"After disconnect is called, only the connect method may be called. (Between disconnect being called and connect being called,)",G ((disconnect & F connect) -> !(disconnect | poke | send | blockingSend | receive | blockingReceive) U connect),"G(disconnect -> (!connect U connect)) # Wait, the prompt says ""only the connect method may be called"". This means all other actions are forbidden until connect occurs.",None
ARTEMIS,29,"After disconnect is called, only the connect method may be called. (Between disconnect being called and connect being called,)",G ((disconnect & F connect) -> !(disconnect | poke | send | blockingSend | receive | blockingReceive) U connect),G(disconnect -> X(!connect U connect)),False
ARTEMIS,29,"After disconnect is called, only the connect method may be called. (Between disconnect being called and connect being called,)",G ((disconnect & F connect) -> !(disconnect | poke | send | blockingSend | receive | blockingReceive) U connect),"G(disconnect -> (!connect U connect)) # This is incorrect based on ""only connect may be called"".",None
ARTEMIS,29,"After disconnect is called, only the connect method may be called. (Between disconnect being called and connect being called,)",G ((disconnect & F connect) -> !(disconnect | poke | send | blockingSend | receive | blockingReceive) U connect),G(disconnect -> X(!connect U connect)) # This is incorrect because it doesn't forbid other methods.,None
ARTEMIS,29,"After disconnect is called, only the connect method may be called. (Between disconnect being called and connect being called,)",G ((disconnect & F connect) -> !(disconnect | poke | send | blockingSend | receive | blockingReceive) U connect),G(disconnect -> (!connect U connect)) -> G(disconnect -> (!blockingReceive & !blockingSend & !poke & !receive & !send U connect)),False
ARTEMIS,29,"After disconnect is called, only the connect method may be called. (Between disconnect being called and connect being called,)",G ((disconnect & F connect) -> !(disconnect | poke | send | blockingSend | receive | blockingReceive) U connect),G(disconnect -> (!connect U connect)) -> G(disconnect -> (!blockingReceive & !blockingSend & !poke & !receive & !send U connect)),False
ARTEMIS,29,"After disconnect is called, only the connect method may be called. (Between disconnect being called and connect being called,)",G ((disconnect & F connect) -> !(disconnect | poke | send | blockingSend | receive | blockingReceive) U connect),"G(disconnect -> X(!connect U connect)) # This is incorrect based on ""only connect may be called"". Let's re-evaluate.",None
ARTEMIS,29,"After disconnect is called, only the connect method may be called. (Between disconnect being called and connect being called,)",G ((disconnect & F connect) -> !(disconnect | poke | send | blockingSend | receive | blockingReceive) U connect),G(disconnect -> (!connect U connect)) -> G(disconnect -> (!blockingReceive & !blockingSend & !poke & !receive & !send U connect)),False
ARTEMIS,29,"After disconnect is called, only the connect method may be called. (Between disconnect being called and connect being called,)",G ((disconnect & F connect) -> !(disconnect | poke | send | blockingSend | receive | blockingReceive) U connect),G(disconnect -> (!connect U connect)),False
ARTEMIS,29,"After disconnect is called, only the connect method may be called. (Between disconnect being called and connect being called,)",G ((disconnect & F connect) -> !(disconnect | poke | send | blockingSend | receive | blockingReceive) U connect),G(disconnect -> (!connect U connect)) && G(disconnect -> (!blockingReceive & !blockingSend & !poke & !receive & !send U connect)),False
ARTEMIS,29,"After disconnect is called, only the connect method may be called. (Between disconnect being called and connect being called,)",G ((disconnect & F connect) -> !(disconnect | poke | send | blockingSend | receive | blockingReceive) U connect),G(disconnect -> (!connect U connect)) -> G(disconnect -> (!blockingReceive & !blockingSend & !poke & !receive & !send U connect)),False
ARTEMIS,29,"After disconnect is called, only the connect method may be called. (Between disconnect being called and connect being called,)",G ((disconnect & F connect) -> !(disconnect | poke | send | blockingSend | receive | blockingReceive) U connect),G(disconnect -> (!connect U connect)) -> G(disconnect -> (!blockingReceive & !blockingSend & !poke & !receive & !send U connect)),False
ARTEMIS,29,"After disconnect is called, only the connect method may be called. (Between disconnect being called and connect being called,)",G ((disconnect & F connect) -> !(disconnect | poke | send | blockingSend | receive | blockingReceive) U connect),"G(disconnect -> (!connect U connect)) # This is incorrect based on ""only connect may be called"".",None
ARTEMIS,29,"After disconnect is called, only the connect method may be called. (Between disconnect being called and connect being called,)",G ((disconnect & F connect) -> !(disconnect | poke | send | blockingSend | receive | blockingReceive) U connect),"G(disconnect -> (!connect U connect)) # This is incorrect based on the ""only"" constraint.",None
ARTEMIS,29,"After disconnect is called, only the connect method may be called. (Between disconnect being called and connect being called,)",G ((disconnect & F connect) -> !(disconnect | poke | send | blockingSend | receive | blockingReceive) U connect),"G(disconnect -> (!connect U connect)) # Wait, the prompt says ""only the connect method may be called"". This means all other propositions must be false until connect happens.",None
ARTEMIS,29,"After disconnect is called, only the connect method may be called. (Between disconnect being called and connect being called,)",G ((disconnect & F connect) -> !(disconnect | poke | send | blockingSend | receive | blockingReceive) U connect),G(disconnect -> (!connect U connect)),False
ARTEMIS,29,"After disconnect is called, only the connect method may be called. (Between disconnect being called and connect being called,)",G ((disconnect & F connect) -> !(disconnect | poke | send | blockingSend | receive | blockingReceive) U connect),G(disconnect -> X( (!connect -> (!blockingReceive & !blockingSend & !disconnect & !poke & !receive & !send)) U connect)),False
ARTEMIS,29,"After disconnect is called, only the connect method may be called. (Between disconnect being called and connect being called,)",G ((disconnect & F connect) -> !(disconnect | poke | send | blockingSend | receive | blockingReceive) U connect),"G(disconnect -> (!connect U connect)) # Wait, the prompt says ""only the connect method may be called"". This means all other propositions must be false until connect occurs.",None
ARTEMIS,29,"After disconnect is called, only the connect method may be called. (Between disconnect being called and connect being called,)",G ((disconnect & F connect) -> !(disconnect | poke | send | blockingSend | receive | blockingReceive) U connect),G(disconnect -> (!connect U connect)) -> G(disconnect -> (!blockingReceive & !blockingSend & !poke & !receive & !send U connect)),False
ARTEMIS,29,"After disconnect is called, only the connect method may be called. (Between disconnect being called and connect being called,)",G ((disconnect & F connect) -> !(disconnect | poke | send | blockingSend | receive | blockingReceive) U connect),"G(disconnect -> (!connect U connect)) # Wait, the prompt says ""only the connect method may be called"". This means after disconnect, no other method (blockingReceive, blockingSend, poke, receive, send) can be called until connect is called.",None
ARTEMIS,29,"After disconnect is called, only the connect method may be called. (Between disconnect being called and connect being called,)",G ((disconnect & F connect) -> !(disconnect | poke | send | blockingSend | receive | blockingReceive) U connect),G(disconnect -> X(!connect U connect)),False
ARTEMIS,29,"After disconnect is called, only the connect method may be called. (Between disconnect being called and connect being called,)",G ((disconnect & F connect) -> !(disconnect | poke | send | blockingSend | receive | blockingReceive) U connect),G(disconnect -> (!connect U connect)) -> G(disconnect -> (!blockingReceive & !blockingSend & !poke & !receive & !send U connect)),False
ARTEMIS,33,"(4) Having received an event of kind 1, dispatcher never",G (notify_artists_e1 -> (!(notify_client_event_a1_e2 | notify_client_event_a2_e2) U (notify_artists_e2 | G !(notify_client_event_a1_e2 | notify_client_event_a2_e2)))),G(notify_client_event_a1_e2 -> G(!notify_artists_e1)),False
ARTEMIS,33,"(4) Having received an event of kind 1, dispatcher never",G (notify_artists_e1 -> (!(notify_client_event_a1_e2 | notify_client_event_a2_e2) U (notify_artists_e2 | G !(notify_client_event_a1_e2 | notify_client_event_a2_e2)))),G(notify_client_event_a1_e2 -> G(!notify_artists_e1)),False
ARTEMIS,33,"(4) Having received an event of kind 1, dispatcher never",G (notify_artists_e1 -> (!(notify_client_event_a1_e2 | notify_client_event_a2_e2) U (notify_artists_e2 | G !(notify_client_event_a1_e2 | notify_client_event_a2_e2)))),G(notify_client_event_a1_e2 -> G(!notify_artists_e1)),False
ARTEMIS,33,"(4) Having received an event of kind 1, dispatcher never",G (notify_artists_e1 -> (!(notify_client_event_a1_e2 | notify_client_event_a2_e2) U (notify_artists_e2 | G !(notify_client_event_a1_e2 | notify_client_event_a2_e2)))),G(notify_client_event_a1_e2 -> G(!notify_artists_e1)),False
ARTEMIS,33,"(4) Having received an event of kind 1, dispatcher never",G (notify_artists_e1 -> (!(notify_client_event_a1_e2 | notify_client_event_a2_e2) U (notify_artists_e2 | G !(notify_client_event_a1_e2 | notify_client_event_a2_e2)))),G(notify_client_event_a1_e2 -> G(!notify_artists_e1)),False
ARTEMIS,33,"(4) Having received an event of kind 1, dispatcher never",G (notify_artists_e1 -> (!(notify_client_event_a1_e2 | notify_client_event_a2_e2) U (notify_artists_e2 | G !(notify_client_event_a1_e2 | notify_client_event_a2_e2)))),G(notify_client_event_a1_e2 -> G(!notify_artists_e1)),False
ARTEMIS,33,"(4) Having received an event of kind 1, dispatcher never",G (notify_artists_e1 -> (!(notify_client_event_a1_e2 | notify_client_event_a2_e2) U (notify_artists_e2 | G !(notify_client_event_a1_e2 | notify_client_event_a2_e2)))),G(notify_artists_e1 -> G(!notify_artists_e1)),False
ARTEMIS,33,"(4) Having received an event of kind 1, dispatcher never",G (notify_artists_e1 -> (!(notify_client_event_a1_e2 | notify_client_event_a2_e2) U (notify_artists_e2 | G !(notify_client_event_a1_e2 | notify_client_event_a2_e2)))),G(notify_client_event_a1_e2 -> G(!notify_artists_e1)),False
ARTEMIS,33,"(4) Having received an event of kind 1, dispatcher never",G (notify_artists_e1 -> (!(notify_client_event_a1_e2 | notify_client_event_a2_e2) U (notify_artists_e2 | G !(notify_client_event_a1_e2 | notify_client_event_a2_e2)))),G(notify_client_event_a1_e2 -> G(!notify_artists_e1)),False
ARTEMIS,33,"(4) Having received an event of kind 1, dispatcher never",G (notify_artists_e1 -> (!(notify_client_event_a1_e2 | notify_client_event_a2_e2) U (notify_artists_e2 | G !(notify_client_event_a1_e2 | notify_client_event_a2_e2)))),G(notify_client_event_a1_e2 -> G(!notify_artists_e1)),False
ARTEMIS,33,"(4) Having received an event of kind 1, dispatcher never",G (notify_artists_e1 -> (!(notify_client_event_a1_e2 | notify_client_event_a2_e2) U (notify_artists_e2 | G !(notify_client_event_a1_e2 | notify_client_event_a2_e2)))),G(notify_artists_e1 -> G(!notify_artists_e2)),False
ARTEMIS,33,"(4) Having received an event of kind 1, dispatcher never",G (notify_artists_e1 -> (!(notify_client_event_a1_e2 | notify_client_event_a2_e2) U (notify_artists_e2 | G !(notify_client_event_a1_e2 | notify_client_event_a2_e2)))),G(notify_client_event_a1_e2 -> G(!notify_artists_e1)),False
ARTEMIS,33,"(4) Having received an event of kind 1, dispatcher never",G (notify_artists_e1 -> (!(notify_client_event_a1_e2 | notify_client_event_a2_e2) U (notify_artists_e2 | G !(notify_client_event_a1_e2 | notify_client_event_a2_e2)))),G(notify_artists_e1 -> G(!notify_artists_e2)),False
ARTEMIS,33,"(4) Having received an event of kind 1, dispatcher never",G (notify_artists_e1 -> (!(notify_client_event_a1_e2 | notify_client_event_a2_e2) U (notify_artists_e2 | G !(notify_client_event_a1_e2 | notify_client_event_a2_e2)))),G(notify_artists_e1 -> G(!notify_artists_e1)),False
ARTEMIS,33,"(4) Having received an event of kind 1, dispatcher never",G (notify_artists_e1 -> (!(notify_client_event_a1_e2 | notify_client_event_a2_e2) U (notify_artists_e2 | G !(notify_client_event_a1_e2 | notify_client_event_a2_e2)))),G(notify_artists_e1 -> G(!notify_artists_e1)),False
ARTEMIS,33,"(4) Having received an event of kind 1, dispatcher never",G (notify_artists_e1 -> (!(notify_client_event_a1_e2 | notify_client_event_a2_e2) U (notify_artists_e2 | G !(notify_client_event_a1_e2 | notify_client_event_a2_e2)))),G(notify_client_event_a1_e2 -> G(!notify_artists_e1)),False
ARTEMIS,33,"(4) Having received an event of kind 1, dispatcher never",G (notify_artists_e1 -> (!(notify_client_event_a1_e2 | notify_client_event_a2_e2) U (notify_artists_e2 | G !(notify_client_event_a1_e2 | notify_client_event_a2_e2)))),G(notify_artists_e1 -> G(!notify_artists_e1)),False
ARTEMIS,33,"(4) Having received an event of kind 1, dispatcher never",G (notify_artists_e1 -> (!(notify_client_event_a1_e2 | notify_client_event_a2_e2) U (notify_artists_e2 | G !(notify_client_event_a1_e2 | notify_client_event_a2_e2)))),G(notify_artists_e1 -> G(!notify_artists_e1)),False
ARTEMIS,33,"(4) Having received an event of kind 1, dispatcher never",G (notify_artists_e1 -> (!(notify_client_event_a1_e2 | notify_client_event_a2_e2) U (notify_artists_e2 | G !(notify_client_event_a1_e2 | notify_client_event_a2_e2)))),G(notify_artists_e1 -> G(!notify_artists_e1)),False
ARTEMIS,33,"(4) Having received an event of kind 1, dispatcher never",G (notify_artists_e1 -> (!(notify_client_event_a1_e2 | notify_client_event_a2_e2) U (notify_artists_e2 | G !(notify_client_event_a1_e2 | notify_client_event_a2_e2)))),G(notify_client_event_a1_e2 -> G(!notify_artists_e1)),False
ARTEMIS,33,"(4) Having received an event of kind 1, dispatcher never",G (notify_artists_e1 -> (!(notify_client_event_a1_e2 | notify_client_event_a2_e2) U (notify_artists_e2 | G !(notify_client_event_a1_e2 | notify_client_event_a2_e2)))),G(notify_client_event_a1_e2 -> G(!notify_artists_e1)),False
ARTEMIS,33,"(4) Having received an event of kind 1, dispatcher never",G (notify_artists_e1 -> (!(notify_client_event_a1_e2 | notify_client_event_a2_e2) U (notify_artists_e2 | G !(notify_client_event_a1_e2 | notify_client_event_a2_e2)))),G(notify_artists_e1 -> G(!notify_artists_e1)),False
ARTEMIS,33,"(4) Having received an event of kind 1, dispatcher never",G (notify_artists_e1 -> (!(notify_client_event_a1_e2 | notify_client_event_a2_e2) U (notify_artists_e2 | G !(notify_client_event_a1_e2 | notify_client_event_a2_e2)))),G(notify_client_event_a1_e2 -> G(!notify_artists_e1)),False
ARTEMIS,33,"(4) Having received an event of kind 1, dispatcher never",G (notify_artists_e1 -> (!(notify_client_event_a1_e2 | notify_client_event_a2_e2) U (notify_artists_e2 | G !(notify_client_event_a1_e2 | notify_client_event_a2_e2)))),G(notify_artists_e1 -> G(!notify_artists_e1)),False
ARTEMIS,33,"(4) Having received an event of kind 1, dispatcher never",G (notify_artists_e1 -> (!(notify_client_event_a1_e2 | notify_client_event_a2_e2) U (notify_artists_e2 | G !(notify_client_event_a1_e2 | notify_client_event_a2_e2)))),G(notify_client_event_a1_e2 -> G(!notify_artists_e1)),False
ARTEMIS,33,"(4) Having received an event of kind 1, dispatcher never",G (notify_artists_e1 -> (!(notify_client_event_a1_e2 | notify_client_event_a2_e2) U (notify_artists_e2 | G !(notify_client_event_a1_e2 | notify_client_event_a2_e2)))),G(notify_client_event_a1_e2 -> G(!notify_artists_e1)),False
ARTEMIS,33,"(4) Having received an event of kind 1, dispatcher never",G (notify_artists_e1 -> (!(notify_client_event_a1_e2 | notify_client_event_a2_e2) U (notify_artists_e2 | G !(notify_client_event_a1_e2 | notify_client_event_a2_e2)))),G(notify_client_event_a1_e2 -> G(!notify_artists_e1)),False
ARTEMIS,33,"(4) Having received an event of kind 1, dispatcher never",G (notify_artists_e1 -> (!(notify_client_event_a1_e2 | notify_client_event_a2_e2) U (notify_artists_e2 | G !(notify_client_event_a1_e2 | notify_client_event_a2_e2)))),G(notify_client_event_a1_e2 -> G(!notify_artists_e1)),False
ARTEMIS,33,"(4) Having received an event of kind 1, dispatcher never",G (notify_artists_e1 -> (!(notify_client_event_a1_e2 | notify_client_event_a2_e2) U (notify_artists_e2 | G !(notify_client_event_a1_e2 | notify_client_event_a2_e2)))),G(notify_client_event_a1_e2 -> G(!notify_artists_e1)),False
ARTEMIS,33,"(4) Having received an event of kind 1, dispatcher never",G (notify_artists_e1 -> (!(notify_client_event_a1_e2 | notify_client_event_a2_e2) U (notify_artists_e2 | G !(notify_client_event_a1_e2 | notify_client_event_a2_e2)))),G(notify_artists_e1 -> G(!notify_artists_e1)),False
ARTEMIS,33,"(4) Having received an event of kind 1, dispatcher never",G (notify_artists_e1 -> (!(notify_client_event_a1_e2 | notify_client_event_a2_e2) U (notify_artists_e2 | G !(notify_client_event_a1_e2 | notify_client_event_a2_e2)))),G(notify_client_event_a1_e2 -> G(!notify_artists_e1)),False
ARTEMIS,33,"(4) Having received an event of kind 1, dispatcher never",G (notify_artists_e1 -> (!(notify_client_event_a1_e2 | notify_client_event_a2_e2) U (notify_artists_e2 | G !(notify_client_event_a1_e2 | notify_client_event_a2_e2)))),G(notify_artists_e1 -> G(!notify_artists_e2)),False
ARTEMIS,33,"(4) Having received an event of kind 1, dispatcher never",G (notify_artists_e1 -> (!(notify_client_event_a1_e2 | notify_client_event_a2_e2) U (notify_artists_e2 | G !(notify_client_event_a1_e2 | notify_client_event_a2_e2)))),G(notify_client_event_a1_e2 -> G(!notify_artists_e1)),False
ARTEMIS,33,"(4) Having received an event of kind 1, dispatcher never",G (notify_artists_e1 -> (!(notify_client_event_a1_e2 | notify_client_event_a2_e2) U (notify_artists_e2 | G !(notify_client_event_a1_e2 | notify_client_event_a2_e2)))),G(notify_client_event_a1_e2 -> G(!notify_artists_e1)),False
ARTEMIS,33,"(4) Having received an event of kind 1, dispatcher never",G (notify_artists_e1 -> (!(notify_client_event_a1_e2 | notify_client_event_a2_e2) U (notify_artists_e2 | G !(notify_client_event_a1_e2 | notify_client_event_a2_e2)))),G(notify_artists_e1 -> G(!notify_artists_e2)),False
ARTEMIS,33,"(4) Having received an event of kind 1, dispatcher never",G (notify_artists_e1 -> (!(notify_client_event_a1_e2 | notify_client_event_a2_e2) U (notify_artists_e2 | G !(notify_client_event_a1_e2 | notify_client_event_a2_e2)))),G(notify_client_event_a1_e2 -> G(!notify_artists_e1)),False
ARTEMIS,33,"(4) Having received an event of kind 1, dispatcher never",G (notify_artists_e1 -> (!(notify_client_event_a1_e2 | notify_client_event_a2_e2) U (notify_artists_e2 | G !(notify_client_event_a1_e2 | notify_client_event_a2_e2)))),G(notify_artists_e1 -> G(!notify_artists_e2)),False
ARTEMIS,33,"(4) Having received an event of kind 1, dispatcher never",G (notify_artists_e1 -> (!(notify_client_event_a1_e2 | notify_client_event_a2_e2) U (notify_artists_e2 | G !(notify_client_event_a1_e2 | notify_client_event_a2_e2)))),G(notify_artists_e1 -> G(!notify_artists_e1)),False
ARTEMIS,33,"(4) Having received an event of kind 1, dispatcher never",G (notify_artists_e1 -> (!(notify_client_event_a1_e2 | notify_client_event_a2_e2) U (notify_artists_e2 | G !(notify_client_event_a1_e2 | notify_client_event_a2_e2)))),G(notify_client_event_a1_e2 -> G(!notify_artists_e1)),False
ARTEMIS,33,"(4) Having received an event of kind 1, dispatcher never",G (notify_artists_e1 -> (!(notify_client_event_a1_e2 | notify_client_event_a2_e2) U (notify_artists_e2 | G !(notify_client_event_a1_e2 | notify_client_event_a2_e2)))),G(notify_client_event_a1_e2 -> G(!notify_artists_e1)),False
ARTEMIS,33,"(4) Having received an event of kind 1, dispatcher never",G (notify_artists_e1 -> (!(notify_client_event_a1_e2 | notify_client_event_a2_e2) U (notify_artists_e2 | G !(notify_client_event_a1_e2 | notify_client_event_a2_e2)))),G(notify_client_event_a1_e2 -> G(!notify_artists_e1)),False
ARTEMIS,33,"(4) Having received an event of kind 1, dispatcher never",G (notify_artists_e1 -> (!(notify_client_event_a1_e2 | notify_client_event_a2_e2) U (notify_artists_e2 | G !(notify_client_event_a1_e2 | notify_client_event_a2_e2)))),G(notify_artists_e1 -> G(!notify_artists_e1)),False
ARTEMIS,33,"(4) Having received an event of kind 1, dispatcher never",G (notify_artists_e1 -> (!(notify_client_event_a1_e2 | notify_client_event_a2_e2) U (notify_artists_e2 | G !(notify_client_event_a1_e2 | notify_client_event_a2_e2)))),G(notify_client_event_a1_e2 -> G(!notify_artists_e1)),False
ARTEMIS,33,"(4) Having received an event of kind 1, dispatcher never",G (notify_artists_e1 -> (!(notify_client_event_a1_e2 | notify_client_event_a2_e2) U (notify_artists_e2 | G !(notify_client_event_a1_e2 | notify_client_event_a2_e2)))),G(notify_artists_e1 -> G(!notify_artists_e1)),False
ARTEMIS,33,"(4) Having received an event of kind 1, dispatcher never",G (notify_artists_e1 -> (!(notify_client_event_a1_e2 | notify_client_event_a2_e2) U (notify_artists_e2 | G !(notify_client_event_a1_e2 | notify_client_event_a2_e2)))),G(notify_artists_e1 -> G(!notify_artists_e1)),False
ARTEMIS,33,"(4) Having received an event of kind 1, dispatcher never",G (notify_artists_e1 -> (!(notify_client_event_a1_e2 | notify_client_event_a2_e2) U (notify_artists_e2 | G !(notify_client_event_a1_e2 | notify_client_event_a2_e2)))),G(notify_artists_e1 -> G(!notify_artists_e1)),False
ARTEMIS,33,"(4) Having received an event of kind 1, dispatcher never",G (notify_artists_e1 -> (!(notify_client_event_a1_e2 | notify_client_event_a2_e2) U (notify_artists_e2 | G !(notify_client_event_a1_e2 | notify_client_event_a2_e2)))),G(notify_artists_e1 -> G(!notify_artists_e2)),False
ARTEMIS,33,"(4) Having received an event of kind 1, dispatcher never",G (notify_artists_e1 -> (!(notify_client_event_a1_e2 | notify_client_event_a2_e2) U (notify_artists_e2 | G !(notify_client_event_a1_e2 | notify_client_event_a2_e2)))),G(notify_artists_e1 -> G(!notify_artists_e1)),False
ARTEMIS,33,"(4) Having received an event of kind 1, dispatcher never",G (notify_artists_e1 -> (!(notify_client_event_a1_e2 | notify_client_event_a2_e2) U (notify_artists_e2 | G !(notify_client_event_a1_e2 | notify_client_event_a2_e2)))),G(notify_artists_e1 -> G(!notify_artists_e2)),False
ARTEMIS,33,"(4) Having received an event of kind 1, dispatcher never",G (notify_artists_e1 -> (!(notify_client_event_a1_e2 | notify_client_event_a2_e2) U (notify_artists_e2 | G !(notify_client_event_a1_e2 | notify_client_event_a2_e2)))),G(notify_artists_e1 -> G(!notify_artists_e1)),False
ARTEMIS,33,"(4) Having received an event of kind 1, dispatcher never",G (notify_artists_e1 -> (!(notify_client_event_a1_e2 | notify_client_event_a2_e2) U (notify_artists_e2 | G !(notify_client_event_a1_e2 | notify_client_event_a2_e2)))),G(notify_client_event_a1_e2 -> G(!notify_artists_e1)),False
ARTEMIS,33,"(4) Having received an event of kind 1, dispatcher never",G (notify_artists_e1 -> (!(notify_client_event_a1_e2 | notify_client_event_a2_e2) U (notify_artists_e2 | G !(notify_client_event_a1_e2 | notify_client_event_a2_e2)))),G(notify_artists_e1 -> G(!notify_artists_e2)),False
ARTEMIS,33,"(4) Having received an event of kind 1, dispatcher never",G (notify_artists_e1 -> (!(notify_client_event_a1_e2 | notify_client_event_a2_e2) U (notify_artists_e2 | G !(notify_client_event_a1_e2 | notify_client_event_a2_e2)))),G(notify_client_event_a1_e2 -> G(!notify_artists_e1)),False
ARTEMIS,33,"(4) Having received an event of kind 1, dispatcher never",G (notify_artists_e1 -> (!(notify_client_event_a1_e2 | notify_client_event_a2_e2) U (notify_artists_e2 | G !(notify_client_event_a1_e2 | notify_client_event_a2_e2)))),G(notify_artists_e1 -> G(!notify_artists_e2)),False
ARTEMIS,33,"(4) Having received an event of kind 1, dispatcher never",G (notify_artists_e1 -> (!(notify_client_event_a1_e2 | notify_client_event_a2_e2) U (notify_artists_e2 | G !(notify_client_event_a1_e2 | notify_client_event_a2_e2)))),G(notify_artists_e1 -> G(!notify_artists_e2)),False
ARTEMIS,33,"(4) Having received an event of kind 1, dispatcher never",G (notify_artists_e1 -> (!(notify_client_event_a1_e2 | notify_client_event_a2_e2) U (notify_artists_e2 | G !(notify_client_event_a1_e2 | notify_client_event_a2_e2)))),G(notify_artists_e1 -> G(!notify_artists_e2)),False
ARTEMIS,33,"(4) Having received an event of kind 1, dispatcher never",G (notify_artists_e1 -> (!(notify_client_event_a1_e2 | notify_client_event_a2_e2) U (notify_artists_e2 | G !(notify_client_event_a1_e2 | notify_client_event_a2_e2)))),G(notify_client_event_a1_e2 -> G(!notify_artists_e1)),False
ARTEMIS,33,"(4) Having received an event of kind 1, dispatcher never",G (notify_artists_e1 -> (!(notify_client_event_a1_e2 | notify_client_event_a2_e2) U (notify_artists_e2 | G !(notify_client_event_a1_e2 | notify_client_event_a2_e2)))),G(notify_client_event_a1_e2 -> G(!notify_artists_e1)),False
ARTEMIS,33,"(4) Having received an event of kind 1, dispatcher never",G (notify_artists_e1 -> (!(notify_client_event_a1_e2 | notify_client_event_a2_e2) U (notify_artists_e2 | G !(notify_client_event_a1_e2 | notify_client_event_a2_e2)))),G(notify_artists_e1 -> G(!notify_artists_e1)),False
ARTEMIS,33,"(4) Having received an event of kind 1, dispatcher never",G (notify_artists_e1 -> (!(notify_client_event_a1_e2 | notify_client_event_a2_e2) U (notify_artists_e2 | G !(notify_client_event_a1_e2 | notify_client_event_a2_e2)))),G(notify_artists_e1 -> G(!notify_artists_e2)),False
ARTEMIS,33,"(4) Having received an event of kind 1, dispatcher never",G (notify_artists_e1 -> (!(notify_client_event_a1_e2 | notify_client_event_a2_e2) U (notify_artists_e2 | G !(notify_client_event_a1_e2 | notify_client_event_a2_e2)))),G(notify_client_event_a1_e2 -> G(!notify_artists_e1)),False
ARTEMIS,33,"(4) Having received an event of kind 1, dispatcher never",G (notify_artists_e1 -> (!(notify_client_event_a1_e2 | notify_client_event_a2_e2) U (notify_artists_e2 | G !(notify_client_event_a1_e2 | notify_client_event_a2_e2)))),G(notify_client_event_a1_e2 -> G(!notify_artists_e1)),False
ARTEMIS,33,"(4) Having received an event of kind 1, dispatcher never",G (notify_artists_e1 -> (!(notify_client_event_a1_e2 | notify_client_event_a2_e2) U (notify_artists_e2 | G !(notify_client_event_a1_e2 | notify_client_event_a2_e2)))),G(notify_artists_e1 -> G(!notify_artists_e2)),False
ARTEMIS,33,"(4) Having received an event of kind 1, dispatcher never",G (notify_artists_e1 -> (!(notify_client_event_a1_e2 | notify_client_event_a2_e2) U (notify_artists_e2 | G !(notify_client_event_a1_e2 | notify_client_event_a2_e2)))),G(notify_client_event_a1_e2 -> G(!notify_artists_e1)),False
ARTEMIS,33,"(4) Having received an event of kind 1, dispatcher never",G (notify_artists_e1 -> (!(notify_client_event_a1_e2 | notify_client_event_a2_e2) U (notify_artists_e2 | G !(notify_client_event_a1_e2 | notify_client_event_a2_e2)))),G(notify_artists_e1 -> G(!notify_artists_e1)),False
ARTEMIS,33,"(4) Having received an event of kind 1, dispatcher never",G (notify_artists_e1 -> (!(notify_client_event_a1_e2 | notify_client_event_a2_e2) U (notify_artists_e2 | G !(notify_client_event_a1_e2 | notify_client_event_a2_e2)))),G(notify_artists_e1 -> G(!notify_artists_e2)),False
ARTEMIS,33,"(4) Having received an event of kind 1, dispatcher never",G (notify_artists_e1 -> (!(notify_client_event_a1_e2 | notify_client_event_a2_e2) U (notify_artists_e2 | G !(notify_client_event_a1_e2 | notify_client_event_a2_e2)))),G(notify_client_event_a1_e2 -> G(!notify_artists_e1)),False
ARTEMIS,33,"(4) Having received an event of kind 1, dispatcher never",G (notify_artists_e1 -> (!(notify_client_event_a1_e2 | notify_client_event_a2_e2) U (notify_artists_e2 | G !(notify_client_event_a1_e2 | notify_client_event_a2_e2)))),G(notify_client_event_a1_e2 -> G(!notify_artists_e1)),False
ARTEMIS,33,"(4) Having received an event of kind 1, dispatcher never",G (notify_artists_e1 -> (!(notify_client_event_a1_e2 | notify_client_event_a2_e2) U (notify_artists_e2 | G !(notify_client_event_a1_e2 | notify_client_event_a2_e2)))),G(notify_artists_e1 -> G(!notify_artists_e2)),False
ARTEMIS,33,"(4) Having received an event of kind 1, dispatcher never",G (notify_artists_e1 -> (!(notify_client_event_a1_e2 | notify_client_event_a2_e2) U (notify_artists_e2 | G !(notify_client_event_a1_e2 | notify_client_event_a2_e2)))),G(notify_client_event_a1_e2 -> G(!notify_artists_e1)),False
ARTEMIS,33,"(4) Having received an event of kind 1, dispatcher never",G (notify_artists_e1 -> (!(notify_client_event_a1_e2 | notify_client_event_a2_e2) U (notify_artists_e2 | G !(notify_client_event_a1_e2 | notify_client_event_a2_e2)))),G(notify_artists_e1 -> G(!notify_artists_e1)),False
ARTEMIS,33,"(4) Having received an event of kind 1, dispatcher never",G (notify_artists_e1 -> (!(notify_client_event_a1_e2 | notify_client_event_a2_e2) U (notify_artists_e2 | G !(notify_client_event_a1_e2 | notify_client_event_a2_e2)))),G(notify_artists_e1 -> G(!notify_artists_e2)),False
ARTEMIS,33,"(4) Having received an event of kind 1, dispatcher never",G (notify_artists_e1 -> (!(notify_client_event_a1_e2 | notify_client_event_a2_e2) U (notify_artists_e2 | G !(notify_client_event_a1_e2 | notify_client_event_a2_e2)))),G(notify_client_event_a1_e2 -> G(!notify_artists_e1)),False
ARTEMIS,33,"(4) Having received an event of kind 1, dispatcher never",G (notify_artists_e1 -> (!(notify_client_event_a1_e2 | notify_client_event_a2_e2) U (notify_artists_e2 | G !(notify_client_event_a1_e2 | notify_client_event_a2_e2)))),G(notify_client_event_a1_e2 -> G(!notify_artists_e1)),False
ARTEMIS,33,"(4) Having received an event of kind 1, dispatcher never",G (notify_artists_e1 -> (!(notify_client_event_a1_e2 | notify_client_event_a2_e2) U (notify_artists_e2 | G !(notify_client_event_a1_e2 | notify_client_event_a2_e2)))),G(notify_artists_e1 -> G(!notify_artists_e1)),False
ARTEMIS,33,"(4) Having received an event of kind 1, dispatcher never",G (notify_artists_e1 -> (!(notify_client_event_a1_e2 | notify_client_event_a2_e2) U (notify_artists_e2 | G !(notify_client_event_a1_e2 | notify_client_event_a2_e2)))),G(notify_client_event_a1_e2 -> G(!notify_artists_e1)),False
ARTEMIS,33,"(4) Having received an event of kind 1, dispatcher never",G (notify_artists_e1 -> (!(notify_client_event_a1_e2 | notify_client_event_a2_e2) U (notify_artists_e2 | G !(notify_client_event_a1_e2 | notify_client_event_a2_e2)))),G(notify_artists_e1 -> G(!notify_artists_e2)),False
ARTEMIS,33,"(4) Having received an event of kind 1, dispatcher never",G (notify_artists_e1 -> (!(notify_client_event_a1_e2 | notify_client_event_a2_e2) U (notify_artists_e2 | G !(notify_client_event_a1_e2 | notify_client_event_a2_e2)))),G(notify_client_event_a1_e2 -> G(!notify_artists_e1)),False
ARTEMIS,33,"(4) Having received an event of kind 1, dispatcher never",G (notify_artists_e1 -> (!(notify_client_event_a1_e2 | notify_client_event_a2_e2) U (notify_artists_e2 | G !(notify_client_event_a1_e2 | notify_client_event_a2_e2)))),G(notify_artists_e1 -> G(!notify_artists_e2)),False
ARTEMIS,33,"(4) Having received an event of kind 1, dispatcher never",G (notify_artists_e1 -> (!(notify_client_event_a1_e2 | notify_client_event_a2_e2) U (notify_artists_e2 | G !(notify_client_event_a1_e2 | notify_client_event_a2_e2)))),G(notify_client_event_a1_e2 -> G(!notify_artists_e1)),False
ARTEMIS,33,"(4) Having received an event of kind 1, dispatcher never",G (notify_artists_e1 -> (!(notify_client_event_a1_e2 | notify_client_event_a2_e2) U (notify_artists_e2 | G !(notify_client_event_a1_e2 | notify_client_event_a2_e2)))),G(notify_artists_e1 -> G(!notify_artists_e2)),False
ARTEMIS,33,"(4) Having received an event of kind 1, dispatcher never",G (notify_artists_e1 -> (!(notify_client_event_a1_e2 | notify_client_event_a2_e2) U (notify_artists_e2 | G !(notify_client_event_a1_e2 | notify_client_event_a2_e2)))),G(notify_artists_e1 -> G(!notify_artists_e1)),False
ARTEMIS,33,"(4) Having received an event of kind 1, dispatcher never",G (notify_artists_e1 -> (!(notify_client_event_a1_e2 | notify_client_event_a2_e2) U (notify_artists_e2 | G !(notify_client_event_a1_e2 | notify_client_event_a2_e2)))),G(notify_client_event_a1_e2 -> G(!notify_artists_e1)),False
ARTEMIS,33,"(4) Having received an event of kind 1, dispatcher never",G (notify_artists_e1 -> (!(notify_client_event_a1_e2 | notify_client_event_a2_e2) U (notify_artists_e2 | G !(notify_client_event_a1_e2 | notify_client_event_a2_e2)))),G(notify_client_event_a1_e2 -> G(!notify_artists_e1)),False
ARTEMIS,33,"(4) Having received an event of kind 1, dispatcher never",G (notify_artists_e1 -> (!(notify_client_event_a1_e2 | notify_client_event_a2_e2) U (notify_artists_e2 | G !(notify_client_event_a1_e2 | notify_client_event_a2_e2)))),G(notify_client_event_a1_e2 -> G(!notify_artists_e1)),False
ARTEMIS,33,"(4) Having received an event of kind 1, dispatcher never",G (notify_artists_e1 -> (!(notify_client_event_a1_e2 | notify_client_event_a2_e2) U (notify_artists_e2 | G !(notify_client_event_a1_e2 | notify_client_event_a2_e2)))),G(notify_client_event_a1_e2 -> G(!notify_artists_e1)),False
ARTEMIS,33,"(4) Having received an event of kind 1, dispatcher never",G (notify_artists_e1 -> (!(notify_client_event_a1_e2 | notify_client_event_a2_e2) U (notify_artists_e2 | G !(notify_client_event_a1_e2 | notify_client_event_a2_e2)))),G(notify_client_event_a1_e2 -> G(!notify_artists_e1)),False
ARTEMIS,33,"(4) Having received an event of kind 1, dispatcher never",G (notify_artists_e1 -> (!(notify_client_event_a1_e2 | notify_client_event_a2_e2) U (notify_artists_e2 | G !(notify_client_event_a1_e2 | notify_client_event_a2_e2)))),G(notify_artists_e1 -> G(!notify_artists_e1)),False
ARTEMIS,33,"(4) Having received an event of kind 1, dispatcher never",G (notify_artists_e1 -> (!(notify_client_event_a1_e2 | notify_client_event_a2_e2) U (notify_artists_e2 | G !(notify_client_event_a1_e2 | notify_client_event_a2_e2)))),G(notify_artists_e1 -> G(!notify_artists_e2)),False
ARTEMIS,33,"(4) Having received an event of kind 1, dispatcher never",G (notify_artists_e1 -> (!(notify_client_event_a1_e2 | notify_client_event_a2_e2) U (notify_artists_e2 | G !(notify_client_event_a1_e2 | notify_client_event_a2_e2)))),G(notify_artists_e1 -> G(!notify_artists_e2)),False
ARTEMIS,33,"(4) Having received an event of kind 1, dispatcher never",G (notify_artists_e1 -> (!(notify_client_event_a1_e2 | notify_client_event_a2_e2) U (notify_artists_e2 | G !(notify_client_event_a1_e2 | notify_client_event_a2_e2)))),G(notify_artists_e1 -> G(!notify_artists_e1)),False
ARTEMIS,33,"(4) Having received an event of kind 1, dispatcher never",G (notify_artists_e1 -> (!(notify_client_event_a1_e2 | notify_client_event_a2_e2) U (notify_artists_e2 | G !(notify_client_event_a1_e2 | notify_client_event_a2_e2)))),G(notify_artists_e1 -> G(!notify_artists_e1)),False
ARTEMIS,33,"(4) Having received an event of kind 1, dispatcher never",G (notify_artists_e1 -> (!(notify_client_event_a1_e2 | notify_client_event_a2_e2) U (notify_artists_e2 | G !(notify_client_event_a1_e2 | notify_client_event_a2_e2)))),G(notify_artists_e1 -> G(!notify_artists_e1)),False
ARTEMIS,33,"(4) Having received an event of kind 1, dispatcher never",G (notify_artists_e1 -> (!(notify_client_event_a1_e2 | notify_client_event_a2_e2) U (notify_artists_e2 | G !(notify_client_event_a1_e2 | notify_client_event_a2_e2)))),G(notify_client_event_a1_e2 -> G(!notify_artists_e1)),False
ARTEMIS,33,"(4) Having received an event of kind 1, dispatcher never",G (notify_artists_e1 -> (!(notify_client_event_a1_e2 | notify_client_event_a2_e2) U (notify_artists_e2 | G !(notify_client_event_a1_e2 | notify_client_event_a2_e2)))),G(notify_client_event_a1_e2 -> G(!notify_artists_e1)),False
ARTEMIS,33,"(4) Having received an event of kind 1, dispatcher never",G (notify_artists_e1 -> (!(notify_client_event_a1_e2 | notify_client_event_a2_e2) U (notify_artists_e2 | G !(notify_client_event_a1_e2 | notify_client_event_a2_e2)))),G(notify_client_event_a1_e2 -> G(!notify_artists_e1)),False
ARTEMIS,33,"(4) Having received an event of kind 1, dispatcher never",G (notify_artists_e1 -> (!(notify_client_event_a1_e2 | notify_client_event_a2_e2) U (notify_artists_e2 | G !(notify_client_event_a1_e2 | notify_client_event_a2_e2)))),G(notify_artists_e1 -> G(!notify_artists_e1)),False
ARTEMIS,33,"(4) Having received an event of kind 1, dispatcher never",G (notify_artists_e1 -> (!(notify_client_event_a1_e2 | notify_client_event_a2_e2) U (notify_artists_e2 | G !(notify_client_event_a1_e2 | notify_client_event_a2_e2)))),G(notify_client_event_a1_e2 -> G(!notify_artists_e1)),False
ARTEMIS,33,"(4) Having received an event of kind 1, dispatcher never",G (notify_artists_e1 -> (!(notify_client_event_a1_e2 | notify_client_event_a2_e2) U (notify_artists_e2 | G !(notify_client_event_a1_e2 | notify_client_event_a2_e2)))),G(notify_artists_e1 -> G(!notify_artists_e1)),False
ARTEMIS,33,"(4) Having received an event of kind 1, dispatcher never",G (notify_artists_e1 -> (!(notify_client_event_a1_e2 | notify_client_event_a2_e2) U (notify_artists_e2 | G !(notify_client_event_a1_e2 | notify_client_event_a2_e2)))),G(notify_artists_e1 -> G(!notify_artists_e1)),False
ARTEMIS,34,(5) Dispatcher does not block ADT if no one is registered (this,G (e1_szEQ0 -> (!(notify_client_event_a1_e1 | notify_client_event_a2_e1) U (e1_szGT0 | G !(notify_client_event_a1_e1 | notify_client_event_a2_e1)))),G(e1_szEQ0 -> !block_ADT),False
ARTEMIS,34,(5) Dispatcher does not block ADT if no one is registered (this,G (e1_szEQ0 -> (!(notify_client_event_a1_e1 | notify_client_event_a2_e1) U (e1_szGT0 | G !(notify_client_event_a1_e1 | notify_client_event_a2_e1)))),G(e1_szEQ0 -> !dispatcher_blocks_adt),False
ARTEMIS,34,(5) Dispatcher does not block ADT if no one is registered (this,G (e1_szEQ0 -> (!(notify_client_event_a1_e1 | notify_client_event_a2_e1) U (e1_szGT0 | G !(notify_client_event_a1_e1 | notify_client_event_a2_e1)))),G(e1_szEQ0 -> !dispatcher_blocks_adt),False
ARTEMIS,34,(5) Dispatcher does not block ADT if no one is registered (this,G (e1_szEQ0 -> (!(notify_client_event_a1_e1 | notify_client_event_a2_e1) U (e1_szGT0 | G !(notify_client_event_a1_e1 | notify_client_event_a2_e1)))),G(e1_szEQ0 -> !block_ADT),False
ARTEMIS,34,(5) Dispatcher does not block ADT if no one is registered (this,G (e1_szEQ0 -> (!(notify_client_event_a1_e1 | notify_client_event_a2_e1) U (e1_szGT0 | G !(notify_client_event_a1_e1 | notify_client_event_a2_e1)))),G(e1_szEQ0 -> !block_ADT),False
ARTEMIS,34,(5) Dispatcher does not block ADT if no one is registered (this,G (e1_szEQ0 -> (!(notify_client_event_a1_e1 | notify_client_event_a2_e1) U (e1_szGT0 | G !(notify_client_event_a1_e1 | notify_client_event_a2_e1)))),G(e1_szEQ0 -> !block_ADT),False
ARTEMIS,34,(5) Dispatcher does not block ADT if no one is registered (this,G (e1_szEQ0 -> (!(notify_client_event_a1_e1 | notify_client_event_a2_e1) U (e1_szGT0 | G !(notify_client_event_a1_e1 | notify_client_event_a2_e1)))),G(e1_szEQ0 -> !dispatcher_blocks_adt),False
ARTEMIS,34,(5) Dispatcher does not block ADT if no one is registered (this,G (e1_szEQ0 -> (!(notify_client_event_a1_e1 | notify_client_event_a2_e1) U (e1_szGT0 | G !(notify_client_event_a1_e1 | notify_client_event_a2_e1)))),G(e1_szEQ0 -> !dispatcher_blocks_ADT),False
ARTEMIS,34,(5) Dispatcher does not block ADT if no one is registered (this,G (e1_szEQ0 -> (!(notify_client_event_a1_e1 | notify_client_event_a2_e1) U (e1_szGT0 | G !(notify_client_event_a1_e1 | notify_client_event_a2_e1)))),G(e1_szEQ0 -> !block_ADT),False
ARTEMIS,34,(5) Dispatcher does not block ADT if no one is registered (this,G (e1_szEQ0 -> (!(notify_client_event_a1_e1 | notify_client_event_a2_e1) U (e1_szGT0 | G !(notify_client_event_a1_e1 | notify_client_event_a2_e1)))),G(e1_szEQ0 -> !block_ADT),False
ARTEMIS,34,(5) Dispatcher does not block ADT if no one is registered (this,G (e1_szEQ0 -> (!(notify_client_event_a1_e1 | notify_client_event_a2_e1) U (e1_szGT0 | G !(notify_client_event_a1_e1 | notify_client_event_a2_e1)))),G(e1_szEQ0 -> !dispatcher_blocks_adt),False
ARTEMIS,34,(5) Dispatcher does not block ADT if no one is registered (this,G (e1_szEQ0 -> (!(notify_client_event_a1_e1 | notify_client_event_a2_e1) U (e1_szGT0 | G !(notify_client_event_a1_e1 | notify_client_event_a2_e1)))),G(e1_szEQ0 -> !block_ADT),False
ARTEMIS,34,(5) Dispatcher does not block ADT if no one is registered (this,G (e1_szEQ0 -> (!(notify_client_event_a1_e1 | notify_client_event_a2_e1) U (e1_szGT0 | G !(notify_client_event_a1_e1 | notify_client_event_a2_e1)))),G(e1_szEQ0 -> !dispatcher_blocks_adt),False
ARTEMIS,34,(5) Dispatcher does not block ADT if no one is registered (this,G (e1_szEQ0 -> (!(notify_client_event_a1_e1 | notify_client_event_a2_e1) U (e1_szGT0 | G !(notify_client_event_a1_e1 | notify_client_event_a2_e1)))),G(e1_szEQ0 -> !block_ADT),False
ARTEMIS,34,(5) Dispatcher does not block ADT if no one is registered (this,G (e1_szEQ0 -> (!(notify_client_event_a1_e1 | notify_client_event_a2_e1) U (e1_szGT0 | G !(notify_client_event_a1_e1 | notify_client_event_a2_e1)))),G(e1_szEQ0 -> !dispatcher_blocks_adt),False
ARTEMIS,34,(5) Dispatcher does not block ADT if no one is registered (this,G (e1_szEQ0 -> (!(notify_client_event_a1_e1 | notify_client_event_a2_e1) U (e1_szGT0 | G !(notify_client_event_a1_e1 | notify_client_event_a2_e1)))),G(e1_szEQ0 -> !dispatcher_blocks_adt),False
ARTEMIS,34,(5) Dispatcher does not block ADT if no one is registered (this,G (e1_szEQ0 -> (!(notify_client_event_a1_e1 | notify_client_event_a2_e1) U (e1_szGT0 | G !(notify_client_event_a1_e1 | notify_client_event_a2_e1)))),G(e1_szEQ0 -> !dispatcher_blocks_adt),False
ARTEMIS,34,(5) Dispatcher does not block ADT if no one is registered (this,G (e1_szEQ0 -> (!(notify_client_event_a1_e1 | notify_client_event_a2_e1) U (e1_szGT0 | G !(notify_client_event_a1_e1 | notify_client_event_a2_e1)))),G(e1_szEQ0 -> !dispatcher_blocks_ADT),False
ARTEMIS,34,(5) Dispatcher does not block ADT if no one is registered (this,G (e1_szEQ0 -> (!(notify_client_event_a1_e1 | notify_client_event_a2_e1) U (e1_szGT0 | G !(notify_client_event_a1_e1 | notify_client_event_a2_e1)))),G(e1_szEQ0 -> !dispatcher_blocks_adt),False
ARTEMIS,34,(5) Dispatcher does not block ADT if no one is registered (this,G (e1_szEQ0 -> (!(notify_client_event_a1_e1 | notify_client_event_a2_e1) U (e1_szGT0 | G !(notify_client_event_a1_e1 | notify_client_event_a2_e1)))),G(e1_szEQ0 -> !block_ADT),False
ARTEMIS,34,(5) Dispatcher does not block ADT if no one is registered (this,G (e1_szEQ0 -> (!(notify_client_event_a1_e1 | notify_client_event_a2_e1) U (e1_szGT0 | G !(notify_client_event_a1_e1 | notify_client_event_a2_e1)))),G(e1_szEQ0 -> !dispatcher_blocks_adt),False
ARTEMIS,34,(5) Dispatcher does not block ADT if no one is registered (this,G (e1_szEQ0 -> (!(notify_client_event_a1_e1 | notify_client_event_a2_e1) U (e1_szGT0 | G !(notify_client_event_a1_e1 | notify_client_event_a2_e1)))),G(e1_szEQ0 -> !block_ADT),False
ARTEMIS,34,(5) Dispatcher does not block ADT if no one is registered (this,G (e1_szEQ0 -> (!(notify_client_event_a1_e1 | notify_client_event_a2_e1) U (e1_szGT0 | G !(notify_client_event_a1_e1 | notify_client_event_a2_e1)))),G(e1_szEQ0 -> !block_ADT),False
ARTEMIS,34,(5) Dispatcher does not block ADT if no one is registered (this,G (e1_szEQ0 -> (!(notify_client_event_a1_e1 | notify_client_event_a2_e1) U (e1_szGT0 | G !(notify_client_event_a1_e1 | notify_client_event_a2_e1)))),G(e1_szEQ0 -> !block_ADT),False
ARTEMIS,34,(5) Dispatcher does not block ADT if no one is registered (this,G (e1_szEQ0 -> (!(notify_client_event_a1_e1 | notify_client_event_a2_e1) U (e1_szGT0 | G !(notify_client_event_a1_e1 | notify_client_event_a2_e1)))),G(e1_szEQ0 -> !dispatcher_blocks_adt),False
ARTEMIS,34,(5) Dispatcher does not block ADT if no one is registered (this,G (e1_szEQ0 -> (!(notify_client_event_a1_e1 | notify_client_event_a2_e1) U (e1_szGT0 | G !(notify_client_event_a1_e1 | notify_client_event_a2_e1)))),G(e1_szEQ0 -> !block_ADT),False
ARTEMIS,34,(5) Dispatcher does not block ADT if no one is registered (this,G (e1_szEQ0 -> (!(notify_client_event_a1_e1 | notify_client_event_a2_e1) U (e1_szGT0 | G !(notify_client_event_a1_e1 | notify_client_event_a2_e1)))),G(e1_szEQ0 -> !dispatcher_blocks_adt),False
ARTEMIS,34,(5) Dispatcher does not block ADT if no one is registered (this,G (e1_szEQ0 -> (!(notify_client_event_a1_e1 | notify_client_event_a2_e1) U (e1_szGT0 | G !(notify_client_event_a1_e1 | notify_client_event_a2_e1)))),G(e1_szEQ0 -> !dispatcher_blocks_adt),False
ARTEMIS,34,(5) Dispatcher does not block ADT if no one is registered (this,G (e1_szEQ0 -> (!(notify_client_event_a1_e1 | notify_client_event_a2_e1) U (e1_szGT0 | G !(notify_client_event_a1_e1 | notify_client_event_a2_e1)))),G(e1_szEQ0 -> !dispatcher_blocks_adt),False
ARTEMIS,34,(5) Dispatcher does not block ADT if no one is registered (this,G (e1_szEQ0 -> (!(notify_client_event_a1_e1 | notify_client_event_a2_e1) U (e1_szGT0 | G !(notify_client_event_a1_e1 | notify_client_event_a2_e1)))),G(e1_szEQ0 -> !dispatcher_blocks_adt),False
ARTEMIS,34,(5) Dispatcher does not block ADT if no one is registered (this,G (e1_szEQ0 -> (!(notify_client_event_a1_e1 | notify_client_event_a2_e1) U (e1_szGT0 | G !(notify_client_event_a1_e1 | notify_client_event_a2_e1)))),G(e1_szEQ0 -> !dispatcher_blocks_ADT),False
ARTEMIS,34,(5) Dispatcher does not block ADT if no one is registered (this,G (e1_szEQ0 -> (!(notify_client_event_a1_e1 | notify_client_event_a2_e1) U (e1_szGT0 | G !(notify_client_event_a1_e1 | notify_client_event_a2_e1)))),G(e1_szEQ0 -> !dispatcher_blocks_adt),False
ARTEMIS,34,(5) Dispatcher does not block ADT if no one is registered (this,G (e1_szEQ0 -> (!(notify_client_event_a1_e1 | notify_client_event_a2_e1) U (e1_szGT0 | G !(notify_client_event_a1_e1 | notify_client_event_a2_e1)))),G(e1_szEQ0 -> !block_ADT),False
ARTEMIS,34,(5) Dispatcher does not block ADT if no one is registered (this,G (e1_szEQ0 -> (!(notify_client_event_a1_e1 | notify_client_event_a2_e1) U (e1_szGT0 | G !(notify_client_event_a1_e1 | notify_client_event_a2_e1)))),G(e1_szEQ0 -> !block_ADT),False
ARTEMIS,34,(5) Dispatcher does not block ADT if no one is registered (this,G (e1_szEQ0 -> (!(notify_client_event_a1_e1 | notify_client_event_a2_e1) U (e1_szGT0 | G !(notify_client_event_a1_e1 | notify_client_event_a2_e1)))),G(e1_szEQ0 -> !dispatcher_blocks_ADT),False
ARTEMIS,34,(5) Dispatcher does not block ADT if no one is registered (this,G (e1_szEQ0 -> (!(notify_client_event_a1_e1 | notify_client_event_a2_e1) U (e1_szGT0 | G !(notify_client_event_a1_e1 | notify_client_event_a2_e1)))),G(e1_szEQ0 -> !dispatcher_blocks_adt),False
ARTEMIS,34,(5) Dispatcher does not block ADT if no one is registered (this,G (e1_szEQ0 -> (!(notify_client_event_a1_e1 | notify_client_event_a2_e1) U (e1_szGT0 | G !(notify_client_event_a1_e1 | notify_client_event_a2_e1)))),G(e1_szEQ0 -> !dispatcher_blocks_adt),False
ARTEMIS,34,(5) Dispatcher does not block ADT if no one is registered (this,G (e1_szEQ0 -> (!(notify_client_event_a1_e1 | notify_client_event_a2_e1) U (e1_szGT0 | G !(notify_client_event_a1_e1 | notify_client_event_a2_e1)))),G(e1_szEQ0 -> !block_ADT),False
ARTEMIS,34,(5) Dispatcher does not block ADT if no one is registered (this,G (e1_szEQ0 -> (!(notify_client_event_a1_e1 | notify_client_event_a2_e1) U (e1_szGT0 | G !(notify_client_event_a1_e1 | notify_client_event_a2_e1)))),G(e1_szEQ0 -> !dispatcher_blocks_adt),False
ARTEMIS,34,(5) Dispatcher does not block ADT if no one is registered (this,G (e1_szEQ0 -> (!(notify_client_event_a1_e1 | notify_client_event_a2_e1) U (e1_szGT0 | G !(notify_client_event_a1_e1 | notify_client_event_a2_e1)))),G(e1_szEQ0 -> !dispatcher_blocks_adt),False
ARTEMIS,34,(5) Dispatcher does not block ADT if no one is registered (this,G (e1_szEQ0 -> (!(notify_client_event_a1_e1 | notify_client_event_a2_e1) U (e1_szGT0 | G !(notify_client_event_a1_e1 | notify_client_event_a2_e1)))),G(e1_szEQ0 -> !block_ADT),False
ARTEMIS,34,(5) Dispatcher does not block ADT if no one is registered (this,G (e1_szEQ0 -> (!(notify_client_event_a1_e1 | notify_client_event_a2_e1) U (e1_szGT0 | G !(notify_client_event_a1_e1 | notify_client_event_a2_e1)))),G(e1_szEQ0 -> !dispatcher_blocks_adt),False
ARTEMIS,34,(5) Dispatcher does not block ADT if no one is registered (this,G (e1_szEQ0 -> (!(notify_client_event_a1_e1 | notify_client_event_a2_e1) U (e1_szGT0 | G !(notify_client_event_a1_e1 | notify_client_event_a2_e1)))),G(e1_szEQ0 -> !block_ADT),False
ARTEMIS,34,(5) Dispatcher does not block ADT if no one is registered (this,G (e1_szEQ0 -> (!(notify_client_event_a1_e1 | notify_client_event_a2_e1) U (e1_szGT0 | G !(notify_client_event_a1_e1 | notify_client_event_a2_e1)))),G(e1_szEQ0 -> !dispatcher_blocks_adt),False
ARTEMIS,34,(5) Dispatcher does not block ADT if no one is registered (this,G (e1_szEQ0 -> (!(notify_client_event_a1_e1 | notify_client_event_a2_e1) U (e1_szGT0 | G !(notify_client_event_a1_e1 | notify_client_event_a2_e1)))),G(e1_szEQ0 -> !block_ADT),False
ARTEMIS,34,(5) Dispatcher does not block ADT if no one is registered (this,G (e1_szEQ0 -> (!(notify_client_event_a1_e1 | notify_client_event_a2_e1) U (e1_szGT0 | G !(notify_client_event_a1_e1 | notify_client_event_a2_e1)))),G(e1_szEQ0 -> !block_ADT),False
ARTEMIS,34,(5) Dispatcher does not block ADT if no one is registered (this,G (e1_szEQ0 -> (!(notify_client_event_a1_e1 | notify_client_event_a2_e1) U (e1_szGT0 | G !(notify_client_event_a1_e1 | notify_client_event_a2_e1)))),G(e1_szEQ0 -> !dispatcher_blocks_adt),False
ARTEMIS,34,(5) Dispatcher does not block ADT if no one is registered (this,G (e1_szEQ0 -> (!(notify_client_event_a1_e1 | notify_client_event_a2_e1) U (e1_szGT0 | G !(notify_client_event_a1_e1 | notify_client_event_a2_e1)))),G(e1_szEQ0 -> !block_ADT),False
ARTEMIS,34,(5) Dispatcher does not block ADT if no one is registered (this,G (e1_szEQ0 -> (!(notify_client_event_a1_e1 | notify_client_event_a2_e1) U (e1_szGT0 | G !(notify_client_event_a1_e1 | notify_client_event_a2_e1)))),G(e1_szEQ0 -> !dispatcher_blocks_adt),False
ARTEMIS,34,(5) Dispatcher does not block ADT if no one is registered (this,G (e1_szEQ0 -> (!(notify_client_event_a1_e1 | notify_client_event_a2_e1) U (e1_szGT0 | G !(notify_client_event_a1_e1 | notify_client_event_a2_e1)))),G(e1_szEQ0 -> !dispatcher_blocks_ADT),False
ARTEMIS,34,(5) Dispatcher does not block ADT if no one is registered (this,G (e1_szEQ0 -> (!(notify_client_event_a1_e1 | notify_client_event_a2_e1) U (e1_szGT0 | G !(notify_client_event_a1_e1 | notify_client_event_a2_e1)))),G(e1_szEQ0 -> !dispatcher_blocks_adt),False
ARTEMIS,34,(5) Dispatcher does not block ADT if no one is registered (this,G (e1_szEQ0 -> (!(notify_client_event_a1_e1 | notify_client_event_a2_e1) U (e1_szGT0 | G !(notify_client_event_a1_e1 | notify_client_event_a2_e1)))),G(e1_szEQ0 -> !dispatcher_blocks_ADT),False
ARTEMIS,34,(5) Dispatcher does not block ADT if no one is registered (this,G (e1_szEQ0 -> (!(notify_client_event_a1_e1 | notify_client_event_a2_e1) U (e1_szGT0 | G !(notify_client_event_a1_e1 | notify_client_event_a2_e1)))),G(e1_szEQ0 -> !dispatcher_blocks_adt),False
ARTEMIS,34,(5) Dispatcher does not block ADT if no one is registered (this,G (e1_szEQ0 -> (!(notify_client_event_a1_e1 | notify_client_event_a2_e1) U (e1_szGT0 | G !(notify_client_event_a1_e1 | notify_client_event_a2_e1)))),G(e1_szEQ0 -> !block_ADT),False
ARTEMIS,34,(5) Dispatcher does not block ADT if no one is registered (this,G (e1_szEQ0 -> (!(notify_client_event_a1_e1 | notify_client_event_a2_e1) U (e1_szGT0 | G !(notify_client_event_a1_e1 | notify_client_event_a2_e1)))),G(e1_szEQ0 -> !block_ADT),False
ARTEMIS,34,(5) Dispatcher does not block ADT if no one is registered (this,G (e1_szEQ0 -> (!(notify_client_event_a1_e1 | notify_client_event_a2_e1) U (e1_szGT0 | G !(notify_client_event_a1_e1 | notify_client_event_a2_e1)))),G(e1_szEQ0 -> !dispatcher_blocks_adt),False
ARTEMIS,34,(5) Dispatcher does not block ADT if no one is registered (this,G (e1_szEQ0 -> (!(notify_client_event_a1_e1 | notify_client_event_a2_e1) U (e1_szGT0 | G !(notify_client_event_a1_e1 | notify_client_event_a2_e1)))),G(e1_szEQ0 -> !block_ADT),False
ARTEMIS,34,(5) Dispatcher does not block ADT if no one is registered (this,G (e1_szEQ0 -> (!(notify_client_event_a1_e1 | notify_client_event_a2_e1) U (e1_szGT0 | G !(notify_client_event_a1_e1 | notify_client_event_a2_e1)))),G(e1_szEQ0 -> !dispatcher_blocks_adt),False
ARTEMIS,34,(5) Dispatcher does not block ADT if no one is registered (this,G (e1_szEQ0 -> (!(notify_client_event_a1_e1 | notify_client_event_a2_e1) U (e1_szGT0 | G !(notify_client_event_a1_e1 | notify_client_event_a2_e1)))),G(e1_szEQ0 -> !dispatcher_blocks_ADT),False
ARTEMIS,34,(5) Dispatcher does not block ADT if no one is registered (this,G (e1_szEQ0 -> (!(notify_client_event_a1_e1 | notify_client_event_a2_e1) U (e1_szGT0 | G !(notify_client_event_a1_e1 | notify_client_event_a2_e1)))),G(e1_szEQ0 -> !block_ADT),False
ARTEMIS,34,(5) Dispatcher does not block ADT if no one is registered (this,G (e1_szEQ0 -> (!(notify_client_event_a1_e1 | notify_client_event_a2_e1) U (e1_szGT0 | G !(notify_client_event_a1_e1 | notify_client_event_a2_e1)))),G(e1_szEQ0 -> !dispatcher_blocks_ADT),False
ARTEMIS,34,(5) Dispatcher does not block ADT if no one is registered (this,G (e1_szEQ0 -> (!(notify_client_event_a1_e1 | notify_client_event_a2_e1) U (e1_szGT0 | G !(notify_client_event_a1_e1 | notify_client_event_a2_e1)))),G(e1_szEQ0 -> !block_ADT),False
ARTEMIS,34,(5) Dispatcher does not block ADT if no one is registered (this,G (e1_szEQ0 -> (!(notify_client_event_a1_e1 | notify_client_event_a2_e1) U (e1_szGT0 | G !(notify_client_event_a1_e1 | notify_client_event_a2_e1)))),G(e1_szEQ0 -> !dispatcher_blocks_adt),False
ARTEMIS,34,(5) Dispatcher does not block ADT if no one is registered (this,G (e1_szEQ0 -> (!(notify_client_event_a1_e1 | notify_client_event_a2_e1) U (e1_szGT0 | G !(notify_client_event_a1_e1 | notify_client_event_a2_e1)))),G(e1_szEQ0 -> !dispatcher_blocks_adt),False
ARTEMIS,34,(5) Dispatcher does not block ADT if no one is registered (this,G (e1_szEQ0 -> (!(notify_client_event_a1_e1 | notify_client_event_a2_e1) U (e1_szGT0 | G !(notify_client_event_a1_e1 | notify_client_event_a2_e1)))),G(e1_szEQ0 -> !block_ADT),False
ARTEMIS,34,(5) Dispatcher does not block ADT if no one is registered (this,G (e1_szEQ0 -> (!(notify_client_event_a1_e1 | notify_client_event_a2_e1) U (e1_szGT0 | G !(notify_client_event_a1_e1 | notify_client_event_a2_e1)))),G(e1_szEQ0 -> !block_ADT),False
ARTEMIS,34,(5) Dispatcher does not block ADT if no one is registered (this,G (e1_szEQ0 -> (!(notify_client_event_a1_e1 | notify_client_event_a2_e1) U (e1_szGT0 | G !(notify_client_event_a1_e1 | notify_client_event_a2_e1)))),G(e1_szEQ0 -> !block_ADT),False
ARTEMIS,34,(5) Dispatcher does not block ADT if no one is registered (this,G (e1_szEQ0 -> (!(notify_client_event_a1_e1 | notify_client_event_a2_e1) U (e1_szGT0 | G !(notify_client_event_a1_e1 | notify_client_event_a2_e1)))),G(e1_szEQ0 -> !block_ADT),False
ARTEMIS,34,(5) Dispatcher does not block ADT if no one is registered (this,G (e1_szEQ0 -> (!(notify_client_event_a1_e1 | notify_client_event_a2_e1) U (e1_szGT0 | G !(notify_client_event_a1_e1 | notify_client_event_a2_e1)))),G(e1_szEQ0 -> !dispatcher_blocks_ADT),False
ARTEMIS,34,(5) Dispatcher does not block ADT if no one is registered (this,G (e1_szEQ0 -> (!(notify_client_event_a1_e1 | notify_client_event_a2_e1) U (e1_szGT0 | G !(notify_client_event_a1_e1 | notify_client_event_a2_e1)))),G(e1_szEQ0 -> !dispatcher_blocks_ADT),False
ARTEMIS,34,(5) Dispatcher does not block ADT if no one is registered (this,G (e1_szEQ0 -> (!(notify_client_event_a1_e1 | notify_client_event_a2_e1) U (e1_szGT0 | G !(notify_client_event_a1_e1 | notify_client_event_a2_e1)))),G(e1_szEQ0 -> !dispatcher_blocks_adt),False
ARTEMIS,34,(5) Dispatcher does not block ADT if no one is registered (this,G (e1_szEQ0 -> (!(notify_client_event_a1_e1 | notify_client_event_a2_e1) U (e1_szGT0 | G !(notify_client_event_a1_e1 | notify_client_event_a2_e1)))),G(e1_szEQ0 -> !dispatcher_blocks_adt),False
ARTEMIS,34,(5) Dispatcher does not block ADT if no one is registered (this,G (e1_szEQ0 -> (!(notify_client_event_a1_e1 | notify_client_event_a2_e1) U (e1_szGT0 | G !(notify_client_event_a1_e1 | notify_client_event_a2_e1)))),G(e1_szEQ0 -> !block_ADT),False
ARTEMIS,34,(5) Dispatcher does not block ADT if no one is registered (this,G (e1_szEQ0 -> (!(notify_client_event_a1_e1 | notify_client_event_a2_e1) U (e1_szGT0 | G !(notify_client_event_a1_e1 | notify_client_event_a2_e1)))),G(e1_szEQ0 -> !dispatcher_blocks_adt),False
ARTEMIS,34,(5) Dispatcher does not block ADT if no one is registered (this,G (e1_szEQ0 -> (!(notify_client_event_a1_e1 | notify_client_event_a2_e1) U (e1_szGT0 | G !(notify_client_event_a1_e1 | notify_client_event_a2_e1)))),G(e1_szEQ0 -> !block_ADT),False
ARTEMIS,34,(5) Dispatcher does not block ADT if no one is registered (this,G (e1_szEQ0 -> (!(notify_client_event_a1_e1 | notify_client_event_a2_e1) U (e1_szGT0 | G !(notify_client_event_a1_e1 | notify_client_event_a2_e1)))),G(e1_szEQ0 -> !block_ADT),False
ARTEMIS,34,(5) Dispatcher does not block ADT if no one is registered (this,G (e1_szEQ0 -> (!(notify_client_event_a1_e1 | notify_client_event_a2_e1) U (e1_szGT0 | G !(notify_client_event_a1_e1 | notify_client_event_a2_e1)))),G(e1_szEQ0 -> !dispatcher_blocks_ADT),False
ARTEMIS,34,(5) Dispatcher does not block ADT if no one is registered (this,G (e1_szEQ0 -> (!(notify_client_event_a1_e1 | notify_client_event_a2_e1) U (e1_szGT0 | G !(notify_client_event_a1_e1 | notify_client_event_a2_e1)))),G(e1_szEQ0 -> !dispatcher_blocks_adt),False
ARTEMIS,34,(5) Dispatcher does not block ADT if no one is registered (this,G (e1_szEQ0 -> (!(notify_client_event_a1_e1 | notify_client_event_a2_e1) U (e1_szGT0 | G !(notify_client_event_a1_e1 | notify_client_event_a2_e1)))),G(e1_szEQ0 -> !dispatcher_blocks_adt),False
ARTEMIS,34,(5) Dispatcher does not block ADT if no one is registered (this,G (e1_szEQ0 -> (!(notify_client_event_a1_e1 | notify_client_event_a2_e1) U (e1_szGT0 | G !(notify_client_event_a1_e1 | notify_client_event_a2_e1)))),G(e1_szEQ0 -> !dispatcher_blocks_ADT),False
ARTEMIS,34,(5) Dispatcher does not block ADT if no one is registered (this,G (e1_szEQ0 -> (!(notify_client_event_a1_e1 | notify_client_event_a2_e1) U (e1_szGT0 | G !(notify_client_event_a1_e1 | notify_client_event_a2_e1)))),G(e1_szEQ0 -> !dispatcher_blocks_adt),False
ARTEMIS,34,(5) Dispatcher does not block ADT if no one is registered (this,G (e1_szEQ0 -> (!(notify_client_event_a1_e1 | notify_client_event_a2_e1) U (e1_szGT0 | G !(notify_client_event_a1_e1 | notify_client_event_a2_e1)))),G(e1_szEQ0 -> !dispatcher_blocks_adt),False
ARTEMIS,34,(5) Dispatcher does not block ADT if no one is registered (this,G (e1_szEQ0 -> (!(notify_client_event_a1_e1 | notify_client_event_a2_e1) U (e1_szGT0 | G !(notify_client_event_a1_e1 | notify_client_event_a2_e1)))),G(e1_szEQ0 -> !dispatcher_blocks_adt),False
ARTEMIS,34,(5) Dispatcher does not block ADT if no one is registered (this,G (e1_szEQ0 -> (!(notify_client_event_a1_e1 | notify_client_event_a2_e1) U (e1_szGT0 | G !(notify_client_event_a1_e1 | notify_client_event_a2_e1)))),G(e1_szEQ0 -> !block_ADT),False
ARTEMIS,34,(5) Dispatcher does not block ADT if no one is registered (this,G (e1_szEQ0 -> (!(notify_client_event_a1_e1 | notify_client_event_a2_e1) U (e1_szGT0 | G !(notify_client_event_a1_e1 | notify_client_event_a2_e1)))),G(e1_szEQ0 -> !dispatcher_blocks_ADT),False
ARTEMIS,34,(5) Dispatcher does not block ADT if no one is registered (this,G (e1_szEQ0 -> (!(notify_client_event_a1_e1 | notify_client_event_a2_e1) U (e1_szGT0 | G !(notify_client_event_a1_e1 | notify_client_event_a2_e1)))),G(e1_szEQ0 -> !block_ADT),False
ARTEMIS,34,(5) Dispatcher does not block ADT if no one is registered (this,G (e1_szEQ0 -> (!(notify_client_event_a1_e1 | notify_client_event_a2_e1) U (e1_szGT0 | G !(notify_client_event_a1_e1 | notify_client_event_a2_e1)))),G(e1_szEQ0 -> !dispatcher_blocks_ADT),False
ARTEMIS,34,(5) Dispatcher does not block ADT if no one is registered (this,G (e1_szEQ0 -> (!(notify_client_event_a1_e1 | notify_client_event_a2_e1) U (e1_szGT0 | G !(notify_client_event_a1_e1 | notify_client_event_a2_e1)))),G(e1_szEQ0 -> !block_ADT),False
ARTEMIS,34,(5) Dispatcher does not block ADT if no one is registered (this,G (e1_szEQ0 -> (!(notify_client_event_a1_e1 | notify_client_event_a2_e1) U (e1_szGT0 | G !(notify_client_event_a1_e1 | notify_client_event_a2_e1)))),G(e1_szEQ0 -> !block_ADT),False
ARTEMIS,34,(5) Dispatcher does not block ADT if no one is registered (this,G (e1_szEQ0 -> (!(notify_client_event_a1_e1 | notify_client_event_a2_e1) U (e1_szGT0 | G !(notify_client_event_a1_e1 | notify_client_event_a2_e1)))),G(e1_szEQ0 -> !dispatcher_blocks_adt),False
ARTEMIS,34,(5) Dispatcher does not block ADT if no one is registered (this,G (e1_szEQ0 -> (!(notify_client_event_a1_e1 | notify_client_event_a2_e1) U (e1_szGT0 | G !(notify_client_event_a1_e1 | notify_client_event_a2_e1)))),G(e1_szEQ0 -> !dispatcher_blocks_adt),False
ARTEMIS,34,(5) Dispatcher does not block ADT if no one is registered (this,G (e1_szEQ0 -> (!(notify_client_event_a1_e1 | notify_client_event_a2_e1) U (e1_szGT0 | G !(notify_client_event_a1_e1 | notify_client_event_a2_e1)))),G(e1_szEQ0 -> !dispatcher_blocks_adt),False
ARTEMIS,34,(5) Dispatcher does not block ADT if no one is registered (this,G (e1_szEQ0 -> (!(notify_client_event_a1_e1 | notify_client_event_a2_e1) U (e1_szGT0 | G !(notify_client_event_a1_e1 | notify_client_event_a2_e1)))),G(e1_szEQ0 -> !dispatcher_blocks_adt),False
ARTEMIS,34,(5) Dispatcher does not block ADT if no one is registered (this,G (e1_szEQ0 -> (!(notify_client_event_a1_e1 | notify_client_event_a2_e1) U (e1_szGT0 | G !(notify_client_event_a1_e1 | notify_client_event_a2_e1)))),G(e1_szEQ0 -> !block_ADT),False
ARTEMIS,34,(5) Dispatcher does not block ADT if no one is registered (this,G (e1_szEQ0 -> (!(notify_client_event_a1_e1 | notify_client_event_a2_e1) U (e1_szGT0 | G !(notify_client_event_a1_e1 | notify_client_event_a2_e1)))),G(e1_szEQ0 -> !block_ADT),False
ARTEMIS,34,(5) Dispatcher does not block ADT if no one is registered (this,G (e1_szEQ0 -> (!(notify_client_event_a1_e1 | notify_client_event_a2_e1) U (e1_szGT0 | G !(notify_client_event_a1_e1 | notify_client_event_a2_e1)))),G(e1_szEQ0 -> !dispatcher_blocks_ADT),False
ARTEMIS,34,(5) Dispatcher does not block ADT if no one is registered (this,G (e1_szEQ0 -> (!(notify_client_event_a1_e1 | notify_client_event_a2_e1) U (e1_szGT0 | G !(notify_client_event_a1_e1 | notify_client_event_a2_e1)))),G(e1_szEQ0 -> !dispatcher_blocks_adt),False
ARTEMIS,34,(5) Dispatcher does not block ADT if no one is registered (this,G (e1_szEQ0 -> (!(notify_client_event_a1_e1 | notify_client_event_a2_e1) U (e1_szGT0 | G !(notify_client_event_a1_e1 | notify_client_event_a2_e1)))),G(e1_szEQ0 -> !dispatcher_blocks_adt),False
ARTEMIS,34,(5) Dispatcher does not block ADT if no one is registered (this,G (e1_szEQ0 -> (!(notify_client_event_a1_e1 | notify_client_event_a2_e1) U (e1_szGT0 | G !(notify_client_event_a1_e1 | notify_client_event_a2_e1)))),G(e1_szEQ0 -> !block_ADT),False
ARTEMIS,34,(5) Dispatcher does not block ADT if no one is registered (this,G (e1_szEQ0 -> (!(notify_client_event_a1_e1 | notify_client_event_a2_e1) U (e1_szGT0 | G !(notify_client_event_a1_e1 | notify_client_event_a2_e1)))),G(e1_szEQ0 -> !dispatcher_blocks_ADT),False
ARTEMIS,35,(6a) Dispatcher never gives an event to an artist that is not ((6a) Artist without an initial register can't be notified),F register_a1_e1 -> (!notify_event_a1_e1 U register_a1_e1),G(!(!register_a1_e1 & notify_event_a1_e1)),False
ARTEMIS,35,(6a) Dispatcher never gives an event to an artist that is not ((6a) Artist without an initial register can't be notified),F register_a1_e1 -> (!notify_event_a1_e1 U register_a1_e1),G(!(!register_a1_e1 & notify_event_a1_e1)),False
ARTEMIS,35,(6a) Dispatcher never gives an event to an artist that is not ((6a) Artist without an initial register can't be notified),F register_a1_e1 -> (!notify_event_a1_e1 U register_a1_e1),G(!(!register_a1_e1 & notify_event_a1_e1)),False
ARTEMIS,35,(6a) Dispatcher never gives an event to an artist that is not ((6a) Artist without an initial register can't be notified),F register_a1_e1 -> (!notify_event_a1_e1 U register_a1_e1),G(!(!register_a1_e1 & notify_event_a1_e1)),False
ARTEMIS,35,(6a) Dispatcher never gives an event to an artist that is not ((6a) Artist without an initial register can't be notified),F register_a1_e1 -> (!notify_event_a1_e1 U register_a1_e1),G(!(!register_a1_e1 & notify_event_a1_e1)),False
ARTEMIS,35,(6a) Dispatcher never gives an event to an artist that is not ((6a) Artist without an initial register can't be notified),F register_a1_e1 -> (!notify_event_a1_e1 U register_a1_e1),G(!(!register_a1_e1 & notify_event_a1_e1)),False
ARTEMIS,35,(6a) Dispatcher never gives an event to an artist that is not ((6a) Artist without an initial register can't be notified),F register_a1_e1 -> (!notify_event_a1_e1 U register_a1_e1),G(!(!register_a1_e1 & notify_event_a1_e1)),False
ARTEMIS,35,(6a) Dispatcher never gives an event to an artist that is not ((6a) Artist without an initial register can't be notified),F register_a1_e1 -> (!notify_event_a1_e1 U register_a1_e1),G(!(!register_a1_e1 & notify_event_a1_e1)),False
ARTEMIS,35,(6a) Dispatcher never gives an event to an artist that is not ((6a) Artist without an initial register can't be notified),F register_a1_e1 -> (!notify_event_a1_e1 U register_a1_e1),G(!(!register_a1_e1 & notify_event_a1_e1)),False
ARTEMIS,35,(6a) Dispatcher never gives an event to an artist that is not ((6a) Artist without an initial register can't be notified),F register_a1_e1 -> (!notify_event_a1_e1 U register_a1_e1),G(!register_a1_e1 -> !notify_event_a1_e1),False
ARTEMIS,35,(6a) Dispatcher never gives an event to an artist that is not ((6a) Artist without an initial register can't be notified),F register_a1_e1 -> (!notify_event_a1_e1 U register_a1_e1),G(!(!register_a1_e1 & notify_event_a1_e1)),False
ARTEMIS,35,(6a) Dispatcher never gives an event to an artist that is not ((6a) Artist without an initial register can't be notified),F register_a1_e1 -> (!notify_event_a1_e1 U register_a1_e1),G(!(!register_a1_e1 & notify_event_a1_e1)),False
ARTEMIS,35,(6a) Dispatcher never gives an event to an artist that is not ((6a) Artist without an initial register can't be notified),F register_a1_e1 -> (!notify_event_a1_e1 U register_a1_e1),G(!(!register_a1_e1 & notify_event_a1_e1)),False
ARTEMIS,35,(6a) Dispatcher never gives an event to an artist that is not ((6a) Artist without an initial register can't be notified),F register_a1_e1 -> (!notify_event_a1_e1 U register_a1_e1),G(!(!register_a1_e1 & notify_event_a1_e1)),False
ARTEMIS,35,(6a) Dispatcher never gives an event to an artist that is not ((6a) Artist without an initial register can't be notified),F register_a1_e1 -> (!notify_event_a1_e1 U register_a1_e1),G(!(!register_a1_e1 & notify_event_a1_e1)),False
ARTEMIS,35,(6a) Dispatcher never gives an event to an artist that is not ((6a) Artist without an initial register can't be notified),F register_a1_e1 -> (!notify_event_a1_e1 U register_a1_e1),G(!(!register_a1_e1 & notify_event_a1_e1)),False
ARTEMIS,35,(6a) Dispatcher never gives an event to an artist that is not ((6a) Artist without an initial register can't be notified),F register_a1_e1 -> (!notify_event_a1_e1 U register_a1_e1),G(!(!register_a1_e1 & notify_event_a1_e1)),False
ARTEMIS,35,(6a) Dispatcher never gives an event to an artist that is not ((6a) Artist without an initial register can't be notified),F register_a1_e1 -> (!notify_event_a1_e1 U register_a1_e1),G(!(!register_a1_e1 & notify_event_a1_e1)),False
ARTEMIS,35,(6a) Dispatcher never gives an event to an artist that is not ((6a) Artist without an initial register can't be notified),F register_a1_e1 -> (!notify_event_a1_e1 U register_a1_e1),G(!(!register_a1_e1 & notify_event_a1_e1)),False
ARTEMIS,35,(6a) Dispatcher never gives an event to an artist that is not ((6a) Artist without an initial register can't be notified),F register_a1_e1 -> (!notify_event_a1_e1 U register_a1_e1),G(!(!register_a1_e1 & notify_event_a1_e1)),False
ARTEMIS,35,(6a) Dispatcher never gives an event to an artist that is not ((6a) Artist without an initial register can't be notified),F register_a1_e1 -> (!notify_event_a1_e1 U register_a1_e1),G(!(!register_a1_e1 & notify_event_a1_e1)),False
ARTEMIS,35,(6a) Dispatcher never gives an event to an artist that is not ((6a) Artist without an initial register can't be notified),F register_a1_e1 -> (!notify_event_a1_e1 U register_a1_e1),G(!(!register_a1_e1 & notify_event_a1_e1)),False
ARTEMIS,35,(6a) Dispatcher never gives an event to an artist that is not ((6a) Artist without an initial register can't be notified),F register_a1_e1 -> (!notify_event_a1_e1 U register_a1_e1),G(!(!register_a1_e1 & notify_event_a1_e1)),False
ARTEMIS,35,(6a) Dispatcher never gives an event to an artist that is not ((6a) Artist without an initial register can't be notified),F register_a1_e1 -> (!notify_event_a1_e1 U register_a1_e1),G(!(!register_a1_e1 & notify_event_a1_e1)),False
ARTEMIS,35,(6a) Dispatcher never gives an event to an artist that is not ((6a) Artist without an initial register can't be notified),F register_a1_e1 -> (!notify_event_a1_e1 U register_a1_e1),G(!(!register_a1_e1 & notify_event_a1_e1)),False
ARTEMIS,35,(6a) Dispatcher never gives an event to an artist that is not ((6a) Artist without an initial register can't be notified),F register_a1_e1 -> (!notify_event_a1_e1 U register_a1_e1),G(!(!register_a1_e1 & notify_event_a1_e1)),False
ARTEMIS,35,(6a) Dispatcher never gives an event to an artist that is not ((6a) Artist without an initial register can't be notified),F register_a1_e1 -> (!notify_event_a1_e1 U register_a1_e1),G(!register_a1_e1 -> !notify_event_a1_e1),False
ARTEMIS,35,(6a) Dispatcher never gives an event to an artist that is not ((6a) Artist without an initial register can't be notified),F register_a1_e1 -> (!notify_event_a1_e1 U register_a1_e1),G(!(!register_a1_e1 & notify_event_a1_e1)),False
ARTEMIS,35,(6a) Dispatcher never gives an event to an artist that is not ((6a) Artist without an initial register can't be notified),F register_a1_e1 -> (!notify_event_a1_e1 U register_a1_e1),G(!(!register_a1_e1 & notify_event_a1_e1)),False
ARTEMIS,35,(6a) Dispatcher never gives an event to an artist that is not ((6a) Artist without an initial register can't be notified),F register_a1_e1 -> (!notify_event_a1_e1 U register_a1_e1),G(!register_a1_e1 -> !notify_event_a1_e1),False
ARTEMIS,35,(6a) Dispatcher never gives an event to an artist that is not ((6a) Artist without an initial register can't be notified),F register_a1_e1 -> (!notify_event_a1_e1 U register_a1_e1),G(!(!register_a1_e1 & notify_event_a1_e1)),False
ARTEMIS,35,(6a) Dispatcher never gives an event to an artist that is not ((6a) Artist without an initial register can't be notified),F register_a1_e1 -> (!notify_event_a1_e1 U register_a1_e1),G(!(!register_a1_e1 & notify_event_a1_e1)),False
ARTEMIS,35,(6a) Dispatcher never gives an event to an artist that is not ((6a) Artist without an initial register can't be notified),F register_a1_e1 -> (!notify_event_a1_e1 U register_a1_e1),G(!(!register_a1_e1 & notify_event_a1_e1)),False
ARTEMIS,35,(6a) Dispatcher never gives an event to an artist that is not ((6a) Artist without an initial register can't be notified),F register_a1_e1 -> (!notify_event_a1_e1 U register_a1_e1),G(!(!register_a1_e1 & notify_event_a1_e1)),False
ARTEMIS,35,(6a) Dispatcher never gives an event to an artist that is not ((6a) Artist without an initial register can't be notified),F register_a1_e1 -> (!notify_event_a1_e1 U register_a1_e1),G(!(!register_a1_e1 & notify_event_a1_e1)),False
ARTEMIS,35,(6a) Dispatcher never gives an event to an artist that is not ((6a) Artist without an initial register can't be notified),F register_a1_e1 -> (!notify_event_a1_e1 U register_a1_e1),G(!(!register_a1_e1 & notify_event_a1_e1)),False
ARTEMIS,35,(6a) Dispatcher never gives an event to an artist that is not ((6a) Artist without an initial register can't be notified),F register_a1_e1 -> (!notify_event_a1_e1 U register_a1_e1),G(!(!register_a1_e1 & notify_event_a1_e1)),False
ARTEMIS,35,(6a) Dispatcher never gives an event to an artist that is not ((6a) Artist without an initial register can't be notified),F register_a1_e1 -> (!notify_event_a1_e1 U register_a1_e1),G(!(!register_a1_e1 & notify_event_a1_e1)),False
ARTEMIS,35,(6a) Dispatcher never gives an event to an artist that is not ((6a) Artist without an initial register can't be notified),F register_a1_e1 -> (!notify_event_a1_e1 U register_a1_e1),G(!(!register_a1_e1 & notify_event_a1_e1)),False
ARTEMIS,35,(6a) Dispatcher never gives an event to an artist that is not ((6a) Artist without an initial register can't be notified),F register_a1_e1 -> (!notify_event_a1_e1 U register_a1_e1),G(!(!register_a1_e1 & notify_event_a1_e1)),False
ARTEMIS,35,(6a) Dispatcher never gives an event to an artist that is not ((6a) Artist without an initial register can't be notified),F register_a1_e1 -> (!notify_event_a1_e1 U register_a1_e1),G(!(!register_a1_e1 & notify_event_a1_e1)),False
ARTEMIS,35,(6a) Dispatcher never gives an event to an artist that is not ((6a) Artist without an initial register can't be notified),F register_a1_e1 -> (!notify_event_a1_e1 U register_a1_e1),G(!(!register_a1_e1 & notify_event_a1_e1)),False
ARTEMIS,35,(6a) Dispatcher never gives an event to an artist that is not ((6a) Artist without an initial register can't be notified),F register_a1_e1 -> (!notify_event_a1_e1 U register_a1_e1),G(!register_a1_e1 -> !notify_event_a1_e1),False
ARTEMIS,35,(6a) Dispatcher never gives an event to an artist that is not ((6a) Artist without an initial register can't be notified),F register_a1_e1 -> (!notify_event_a1_e1 U register_a1_e1),G(!(!register_a1_e1 & notify_event_a1_e1)),False
ARTEMIS,35,(6a) Dispatcher never gives an event to an artist that is not ((6a) Artist without an initial register can't be notified),F register_a1_e1 -> (!notify_event_a1_e1 U register_a1_e1),G(!(!register_a1_e1 & notify_event_a1_e1)),False
ARTEMIS,35,(6a) Dispatcher never gives an event to an artist that is not ((6a) Artist without an initial register can't be notified),F register_a1_e1 -> (!notify_event_a1_e1 U register_a1_e1),G(!(!register_a1_e1 & notify_event_a1_e1)),False
ARTEMIS,35,(6a) Dispatcher never gives an event to an artist that is not ((6a) Artist without an initial register can't be notified),F register_a1_e1 -> (!notify_event_a1_e1 U register_a1_e1),G(!(!register_a1_e1 & notify_event_a1_e1)),False
ARTEMIS,35,(6a) Dispatcher never gives an event to an artist that is not ((6a) Artist without an initial register can't be notified),F register_a1_e1 -> (!notify_event_a1_e1 U register_a1_e1),G(!(!register_a1_e1 & notify_event_a1_e1)),False
ARTEMIS,35,(6a) Dispatcher never gives an event to an artist that is not ((6a) Artist without an initial register can't be notified),F register_a1_e1 -> (!notify_event_a1_e1 U register_a1_e1),G(!register_a1_e1 -> !notify_event_a1_e1),False
ARTEMIS,35,(6a) Dispatcher never gives an event to an artist that is not ((6a) Artist without an initial register can't be notified),F register_a1_e1 -> (!notify_event_a1_e1 U register_a1_e1),G(!(!register_a1_e1 & notify_event_a1_e1)),False
ARTEMIS,35,(6a) Dispatcher never gives an event to an artist that is not ((6a) Artist without an initial register can't be notified),F register_a1_e1 -> (!notify_event_a1_e1 U register_a1_e1),G(!(!register_a1_e1 & notify_event_a1_e1)),False
ARTEMIS,35,(6a) Dispatcher never gives an event to an artist that is not ((6a) Artist without an initial register can't be notified),F register_a1_e1 -> (!notify_event_a1_e1 U register_a1_e1),G(!(!register_a1_e1 & notify_event_a1_e1)),False
ARTEMIS,35,(6a) Dispatcher never gives an event to an artist that is not ((6a) Artist without an initial register can't be notified),F register_a1_e1 -> (!notify_event_a1_e1 U register_a1_e1),G(!(!register_a1_e1 & notify_event_a1_e1)),False
ARTEMIS,35,(6a) Dispatcher never gives an event to an artist that is not ((6a) Artist without an initial register can't be notified),F register_a1_e1 -> (!notify_event_a1_e1 U register_a1_e1),G(!(!register_a1_e1 & notify_event_a1_e1)),False
ARTEMIS,35,(6a) Dispatcher never gives an event to an artist that is not ((6a) Artist without an initial register can't be notified),F register_a1_e1 -> (!notify_event_a1_e1 U register_a1_e1),G(!(!register_a1_e1 & notify_event_a1_e1)),False
ARTEMIS,35,(6a) Dispatcher never gives an event to an artist that is not ((6a) Artist without an initial register can't be notified),F register_a1_e1 -> (!notify_event_a1_e1 U register_a1_e1),G(!(!register_a1_e1 & notify_event_a1_e1)),False
ARTEMIS,35,(6a) Dispatcher never gives an event to an artist that is not ((6a) Artist without an initial register can't be notified),F register_a1_e1 -> (!notify_event_a1_e1 U register_a1_e1),G(!(!register_a1_e1 & notify_event_a1_e1)),False
ARTEMIS,35,(6a) Dispatcher never gives an event to an artist that is not ((6a) Artist without an initial register can't be notified),F register_a1_e1 -> (!notify_event_a1_e1 U register_a1_e1),G(!(!register_a1_e1 & notify_event_a1_e1)),False
ARTEMIS,35,(6a) Dispatcher never gives an event to an artist that is not ((6a) Artist without an initial register can't be notified),F register_a1_e1 -> (!notify_event_a1_e1 U register_a1_e1),G(!register_a1_e1 -> !notify_event_a1_e1),False
ARTEMIS,35,(6a) Dispatcher never gives an event to an artist that is not ((6a) Artist without an initial register can't be notified),F register_a1_e1 -> (!notify_event_a1_e1 U register_a1_e1),G(!(!register_a1_e1 & notify_event_a1_e1)),False
ARTEMIS,35,(6a) Dispatcher never gives an event to an artist that is not ((6a) Artist without an initial register can't be notified),F register_a1_e1 -> (!notify_event_a1_e1 U register_a1_e1),G(!(!register_a1_e1 & notify_event_a1_e1)),False
ARTEMIS,35,(6a) Dispatcher never gives an event to an artist that is not ((6a) Artist without an initial register can't be notified),F register_a1_e1 -> (!notify_event_a1_e1 U register_a1_e1),G(!(!register_a1_e1 & notify_event_a1_e1)),False
ARTEMIS,35,(6a) Dispatcher never gives an event to an artist that is not ((6a) Artist without an initial register can't be notified),F register_a1_e1 -> (!notify_event_a1_e1 U register_a1_e1),G(!(!register_a1_e1 & notify_event_a1_e1)),False
ARTEMIS,35,(6a) Dispatcher never gives an event to an artist that is not ((6a) Artist without an initial register can't be notified),F register_a1_e1 -> (!notify_event_a1_e1 U register_a1_e1),G(!(!register_a1_e1 & notify_event_a1_e1)),False
ARTEMIS,35,(6a) Dispatcher never gives an event to an artist that is not ((6a) Artist without an initial register can't be notified),F register_a1_e1 -> (!notify_event_a1_e1 U register_a1_e1),G(!(!register_a1_e1 & notify_event_a1_e1)),False
ARTEMIS,35,(6a) Dispatcher never gives an event to an artist that is not ((6a) Artist without an initial register can't be notified),F register_a1_e1 -> (!notify_event_a1_e1 U register_a1_e1),G(!register_a1_e1 -> !notify_event_a1_e1),False
ARTEMIS,35,(6a) Dispatcher never gives an event to an artist that is not ((6a) Artist without an initial register can't be notified),F register_a1_e1 -> (!notify_event_a1_e1 U register_a1_e1),G(!(!register_a1_e1 & notify_event_a1_e1)),False
ARTEMIS,35,(6a) Dispatcher never gives an event to an artist that is not ((6a) Artist without an initial register can't be notified),F register_a1_e1 -> (!notify_event_a1_e1 U register_a1_e1),G(!(!register_a1_e1 & notify_event_a1_e1)),False
ARTEMIS,35,(6a) Dispatcher never gives an event to an artist that is not ((6a) Artist without an initial register can't be notified),F register_a1_e1 -> (!notify_event_a1_e1 U register_a1_e1),G(!register_a1_e1 -> !notify_event_a1_e1),False
ARTEMIS,35,(6a) Dispatcher never gives an event to an artist that is not ((6a) Artist without an initial register can't be notified),F register_a1_e1 -> (!notify_event_a1_e1 U register_a1_e1),G(!(!register_a1_e1 & notify_event_a1_e1)),False
ARTEMIS,35,(6a) Dispatcher never gives an event to an artist that is not ((6a) Artist without an initial register can't be notified),F register_a1_e1 -> (!notify_event_a1_e1 U register_a1_e1),G(!(!register_a1_e1 & notify_event_a1_e1)),False
ARTEMIS,35,(6a) Dispatcher never gives an event to an artist that is not ((6a) Artist without an initial register can't be notified),F register_a1_e1 -> (!notify_event_a1_e1 U register_a1_e1),G(!(!register_a1_e1 & notify_event_a1_e1)),False
ARTEMIS,35,(6a) Dispatcher never gives an event to an artist that is not ((6a) Artist without an initial register can't be notified),F register_a1_e1 -> (!notify_event_a1_e1 U register_a1_e1),G(!(!register_a1_e1 & notify_event_a1_e1)),False
ARTEMIS,35,(6a) Dispatcher never gives an event to an artist that is not ((6a) Artist without an initial register can't be notified),F register_a1_e1 -> (!notify_event_a1_e1 U register_a1_e1),G(!(!register_a1_e1 & notify_event_a1_e1)),False
ARTEMIS,35,(6a) Dispatcher never gives an event to an artist that is not ((6a) Artist without an initial register can't be notified),F register_a1_e1 -> (!notify_event_a1_e1 U register_a1_e1),G(!(!register_a1_e1 & notify_event_a1_e1)),False
ARTEMIS,35,(6a) Dispatcher never gives an event to an artist that is not ((6a) Artist without an initial register can't be notified),F register_a1_e1 -> (!notify_event_a1_e1 U register_a1_e1),G(!register_a1_e1 -> !notify_event_a1_e1),False
ARTEMIS,35,(6a) Dispatcher never gives an event to an artist that is not ((6a) Artist without an initial register can't be notified),F register_a1_e1 -> (!notify_event_a1_e1 U register_a1_e1),G(!register_a1_e1 -> !notify_event_a1_e1),False
ARTEMIS,35,(6a) Dispatcher never gives an event to an artist that is not ((6a) Artist without an initial register can't be notified),F register_a1_e1 -> (!notify_event_a1_e1 U register_a1_e1),G(!(!register_a1_e1 & notify_event_a1_e1)),False
ARTEMIS,35,(6a) Dispatcher never gives an event to an artist that is not ((6a) Artist without an initial register can't be notified),F register_a1_e1 -> (!notify_event_a1_e1 U register_a1_e1),G(!(!register_a1_e1 & notify_event_a1_e1)),False
ARTEMIS,35,(6a) Dispatcher never gives an event to an artist that is not ((6a) Artist without an initial register can't be notified),F register_a1_e1 -> (!notify_event_a1_e1 U register_a1_e1),G(!register_a1_e1 -> !notify_event_a1_e1),False
ARTEMIS,35,(6a) Dispatcher never gives an event to an artist that is not ((6a) Artist without an initial register can't be notified),F register_a1_e1 -> (!notify_event_a1_e1 U register_a1_e1),G(!(!register_a1_e1 & notify_event_a1_e1)),False
ARTEMIS,35,(6a) Dispatcher never gives an event to an artist that is not ((6a) Artist without an initial register can't be notified),F register_a1_e1 -> (!notify_event_a1_e1 U register_a1_e1),G(!(!register_a1_e1 & notify_event_a1_e1)),False
ARTEMIS,35,(6a) Dispatcher never gives an event to an artist that is not ((6a) Artist without an initial register can't be notified),F register_a1_e1 -> (!notify_event_a1_e1 U register_a1_e1),G(!(!register_a1_e1 & notify_event_a1_e1)),False
ARTEMIS,35,(6a) Dispatcher never gives an event to an artist that is not ((6a) Artist without an initial register can't be notified),F register_a1_e1 -> (!notify_event_a1_e1 U register_a1_e1),G(!(!register_a1_e1 & notify_event_a1_e1)),False
ARTEMIS,35,(6a) Dispatcher never gives an event to an artist that is not ((6a) Artist without an initial register can't be notified),F register_a1_e1 -> (!notify_event_a1_e1 U register_a1_e1),G(!(!register_a1_e1 & notify_event_a1_e1)),False
ARTEMIS,35,(6a) Dispatcher never gives an event to an artist that is not ((6a) Artist without an initial register can't be notified),F register_a1_e1 -> (!notify_event_a1_e1 U register_a1_e1),G(!(!register_a1_e1 & notify_event_a1_e1)),False
ARTEMIS,35,(6a) Dispatcher never gives an event to an artist that is not ((6a) Artist without an initial register can't be notified),F register_a1_e1 -> (!notify_event_a1_e1 U register_a1_e1),G(!register_a1_e1 -> !notify_event_a1_e1),False
ARTEMIS,35,(6a) Dispatcher never gives an event to an artist that is not ((6a) Artist without an initial register can't be notified),F register_a1_e1 -> (!notify_event_a1_e1 U register_a1_e1),G(!(!register_a1_e1 & notify_event_a1_e1)),False
ARTEMIS,35,(6a) Dispatcher never gives an event to an artist that is not ((6a) Artist without an initial register can't be notified),F register_a1_e1 -> (!notify_event_a1_e1 U register_a1_e1),G(!(!register_a1_e1 & notify_event_a1_e1)),False
ARTEMIS,35,(6a) Dispatcher never gives an event to an artist that is not ((6a) Artist without an initial register can't be notified),F register_a1_e1 -> (!notify_event_a1_e1 U register_a1_e1),G(!register_a1_e1 -> !notify_event_a1_e1),False
ARTEMIS,35,(6a) Dispatcher never gives an event to an artist that is not ((6a) Artist without an initial register can't be notified),F register_a1_e1 -> (!notify_event_a1_e1 U register_a1_e1),G(!(!register_a1_e1 & notify_event_a1_e1)),False
ARTEMIS,35,(6a) Dispatcher never gives an event to an artist that is not ((6a) Artist without an initial register can't be notified),F register_a1_e1 -> (!notify_event_a1_e1 U register_a1_e1),G(!(!register_a1_e1 & notify_event_a1_e1)),False
ARTEMIS,35,(6a) Dispatcher never gives an event to an artist that is not ((6a) Artist without an initial register can't be notified),F register_a1_e1 -> (!notify_event_a1_e1 U register_a1_e1),G(!(!register_a1_e1 & notify_event_a1_e1)),False
ARTEMIS,35,(6a) Dispatcher never gives an event to an artist that is not ((6a) Artist without an initial register can't be notified),F register_a1_e1 -> (!notify_event_a1_e1 U register_a1_e1),G(!(!register_a1_e1 & notify_event_a1_e1)),False
ARTEMIS,35,(6a) Dispatcher never gives an event to an artist that is not ((6a) Artist without an initial register can't be notified),F register_a1_e1 -> (!notify_event_a1_e1 U register_a1_e1),G(!register_a1_e1 -> !notify_event_a1_e1),False
ARTEMIS,35,(6a) Dispatcher never gives an event to an artist that is not ((6a) Artist without an initial register can't be notified),F register_a1_e1 -> (!notify_event_a1_e1 U register_a1_e1),G(!(!register_a1_e1 & notify_event_a1_e1)),False
ARTEMIS,35,(6a) Dispatcher never gives an event to an artist that is not ((6a) Artist without an initial register can't be notified),F register_a1_e1 -> (!notify_event_a1_e1 U register_a1_e1),G(!(!register_a1_e1 & notify_event_a1_e1)),False
ARTEMIS,35,(6a) Dispatcher never gives an event to an artist that is not ((6a) Artist without an initial register can't be notified),F register_a1_e1 -> (!notify_event_a1_e1 U register_a1_e1),G(!(!register_a1_e1 & notify_event_a1_e1)),False
ARTEMIS,35,(6a) Dispatcher never gives an event to an artist that is not ((6a) Artist without an initial register can't be notified),F register_a1_e1 -> (!notify_event_a1_e1 U register_a1_e1),G(!(!register_a1_e1 & notify_event_a1_e1)),False
ARTEMIS,35,(6a) Dispatcher never gives an event to an artist that is not ((6a) Artist without an initial register can't be notified),F register_a1_e1 -> (!notify_event_a1_e1 U register_a1_e1),G(!(!register_a1_e1 & notify_event_a1_e1)),False
ARTEMIS,37,(7) The order in which artists register for events of kind 1 is,F term -> G ((register_a1_e1 & (!unregister_a1_e1 U (register_a2_e1 & (!unregister_a1_e1 & !unregister_a2_e1) U notify_artists_e1))) -> F (notify_artist_e1 & (!notify_client_event_a2_e1 U notify_client_event_a1_e1))),G(register_a2_e1 -> F register_a1_e1),False
ARTEMIS,37,(7) The order in which artists register for events of kind 1 is,F term -> G ((register_a1_e1 & (!unregister_a1_e1 U (register_a2_e1 & (!unregister_a1_e1 & !unregister_a2_e1) U notify_artists_e1))) -> F (notify_artist_e1 & (!notify_client_event_a2_e1 U notify_client_event_a1_e1))),G(register_a2_e1 -> F register_a1_e1),False
ARTEMIS,37,(7) The order in which artists register for events of kind 1 is,F term -> G ((register_a1_e1 & (!unregister_a1_e1 U (register_a2_e1 & (!unregister_a1_e1 & !unregister_a2_e1) U notify_artists_e1))) -> F (notify_artist_e1 & (!notify_client_event_a2_e1 U notify_client_event_a1_e1))),G(register_a2_e1 -> F register_a1_e1),False
ARTEMIS,37,(7) The order in which artists register for events of kind 1 is,F term -> G ((register_a1_e1 & (!unregister_a1_e1 U (register_a2_e1 & (!unregister_a1_e1 & !unregister_a2_e1) U notify_artists_e1))) -> F (notify_artist_e1 & (!notify_client_event_a2_e1 U notify_client_event_a1_e1))),G(register_a2_e1 -> F register_a1_e1),False
ARTEMIS,37,(7) The order in which artists register for events of kind 1 is,F term -> G ((register_a1_e1 & (!unregister_a1_e1 U (register_a2_e1 & (!unregister_a1_e1 & !unregister_a2_e1) U notify_artists_e1))) -> F (notify_artist_e1 & (!notify_client_event_a2_e1 U notify_client_event_a1_e1))),G(register_a2_e1 -> F register_a1_e1),False
ARTEMIS,37,(7) The order in which artists register for events of kind 1 is,F term -> G ((register_a1_e1 & (!unregister_a1_e1 U (register_a2_e1 & (!unregister_a1_e1 & !unregister_a2_e1) U notify_artists_e1))) -> F (notify_artist_e1 & (!notify_client_event_a2_e1 U notify_client_event_a1_e1))),G(register_a1_e1 -> F register_a2_e1),False
ARTEMIS,37,(7) The order in which artists register for events of kind 1 is,F term -> G ((register_a1_e1 & (!unregister_a1_e1 U (register_a2_e1 & (!unregister_a1_e1 & !unregister_a2_e1) U notify_artists_e1))) -> F (notify_artist_e1 & (!notify_client_event_a2_e1 U notify_client_event_a1_e1))),G(register_a2_e1 -> F register_a1_e1),False
ARTEMIS,37,(7) The order in which artists register for events of kind 1 is,F term -> G ((register_a1_e1 & (!unregister_a1_e1 U (register_a2_e1 & (!unregister_a1_e1 & !unregister_a2_e1) U notify_artists_e1))) -> F (notify_artist_e1 & (!notify_client_event_a2_e1 U notify_client_event_a1_e1))),G(register_a2_e1 -> F register_a1_e1),False
ARTEMIS,37,(7) The order in which artists register for events of kind 1 is,F term -> G ((register_a1_e1 & (!unregister_a1_e1 U (register_a2_e1 & (!unregister_a1_e1 & !unregister_a2_e1) U notify_artists_e1))) -> F (notify_artist_e1 & (!notify_client_event_a2_e1 U notify_client_event_a1_e1))),G(register_a2_e1 -> F register_a1_e1),False
ARTEMIS,37,(7) The order in which artists register for events of kind 1 is,F term -> G ((register_a1_e1 & (!unregister_a1_e1 U (register_a2_e1 & (!unregister_a1_e1 & !unregister_a2_e1) U notify_artists_e1))) -> F (notify_artist_e1 & (!notify_client_event_a2_e1 U notify_client_event_a1_e1))),G(register_a2_e1 -> F register_a1_e1),False
ARTEMIS,37,(7) The order in which artists register for events of kind 1 is,F term -> G ((register_a1_e1 & (!unregister_a1_e1 U (register_a2_e1 & (!unregister_a1_e1 & !unregister_a2_e1) U notify_artists_e1))) -> F (notify_artist_e1 & (!notify_client_event_a2_e1 U notify_client_event_a1_e1))),G(register_a2_e1 -> F register_a1_e1),False
ARTEMIS,37,(7) The order in which artists register for events of kind 1 is,F term -> G ((register_a1_e1 & (!unregister_a1_e1 U (register_a2_e1 & (!unregister_a1_e1 & !unregister_a2_e1) U notify_artists_e1))) -> F (notify_artist_e1 & (!notify_client_event_a2_e1 U notify_client_event_a1_e1))),G(register_a2_e1 -> F register_a1_e1),False
ARTEMIS,37,(7) The order in which artists register for events of kind 1 is,F term -> G ((register_a1_e1 & (!unregister_a1_e1 U (register_a2_e1 & (!unregister_a1_e1 & !unregister_a2_e1) U notify_artists_e1))) -> F (notify_artist_e1 & (!notify_client_event_a2_e1 U notify_client_event_a1_e1))),G(register_a2_e1 -> F register_a1_e1),False
ARTEMIS,37,(7) The order in which artists register for events of kind 1 is,F term -> G ((register_a1_e1 & (!unregister_a1_e1 U (register_a2_e1 & (!unregister_a1_e1 & !unregister_a2_e1) U notify_artists_e1))) -> F (notify_artist_e1 & (!notify_client_event_a2_e1 U notify_client_event_a1_e1))),G(register_a2_e1 -> F register_a1_e1),False
ARTEMIS,37,(7) The order in which artists register for events of kind 1 is,F term -> G ((register_a1_e1 & (!unregister_a1_e1 U (register_a2_e1 & (!unregister_a1_e1 & !unregister_a2_e1) U notify_artists_e1))) -> F (notify_artist_e1 & (!notify_client_event_a2_e1 U notify_client_event_a1_e1))),G(register_a2_e1 -> F register_a1_e1),False
ARTEMIS,37,(7) The order in which artists register for events of kind 1 is,F term -> G ((register_a1_e1 & (!unregister_a1_e1 U (register_a2_e1 & (!unregister_a1_e1 & !unregister_a2_e1) U notify_artists_e1))) -> F (notify_artist_e1 & (!notify_client_event_a2_e1 U notify_client_event_a1_e1))),G(register_a2_e1 -> F register_a1_e1),False
ARTEMIS,37,(7) The order in which artists register for events of kind 1 is,F term -> G ((register_a1_e1 & (!unregister_a1_e1 U (register_a2_e1 & (!unregister_a1_e1 & !unregister_a2_e1) U notify_artists_e1))) -> F (notify_artist_e1 & (!notify_client_event_a2_e1 U notify_client_event_a1_e1))),G(register_a2_e1 -> F register_a1_e1),False
ARTEMIS,37,(7) The order in which artists register for events of kind 1 is,F term -> G ((register_a1_e1 & (!unregister_a1_e1 U (register_a2_e1 & (!unregister_a1_e1 & !unregister_a2_e1) U notify_artists_e1))) -> F (notify_artist_e1 & (!notify_client_event_a2_e1 U notify_client_event_a1_e1))),G(register_a2_e1 -> F register_a1_e1),False
ARTEMIS,37,(7) The order in which artists register for events of kind 1 is,F term -> G ((register_a1_e1 & (!unregister_a1_e1 U (register_a2_e1 & (!unregister_a1_e1 & !unregister_a2_e1) U notify_artists_e1))) -> F (notify_artist_e1 & (!notify_client_event_a2_e1 U notify_client_event_a1_e1))),G(register_a2_e1 -> F register_a1_e1),False
ARTEMIS,37,(7) The order in which artists register for events of kind 1 is,F term -> G ((register_a1_e1 & (!unregister_a1_e1 U (register_a2_e1 & (!unregister_a1_e1 & !unregister_a2_e1) U notify_artists_e1))) -> F (notify_artist_e1 & (!notify_client_event_a2_e1 U notify_client_event_a1_e1))),G(register_a2_e1 -> F register_a1_e1),False
ARTEMIS,37,(7) The order in which artists register for events of kind 1 is,F term -> G ((register_a1_e1 & (!unregister_a1_e1 U (register_a2_e1 & (!unregister_a1_e1 & !unregister_a2_e1) U notify_artists_e1))) -> F (notify_artist_e1 & (!notify_client_event_a2_e1 U notify_client_event_a1_e1))),G(register_a1_e1 -> F register_a2_e1),False
ARTEMIS,37,(7) The order in which artists register for events of kind 1 is,F term -> G ((register_a1_e1 & (!unregister_a1_e1 U (register_a2_e1 & (!unregister_a1_e1 & !unregister_a2_e1) U notify_artists_e1))) -> F (notify_artist_e1 & (!notify_client_event_a2_e1 U notify_client_event_a1_e1))),G(register_a1_e1 -> F register_a2_e1),False
ARTEMIS,37,(7) The order in which artists register for events of kind 1 is,F term -> G ((register_a1_e1 & (!unregister_a1_e1 U (register_a2_e1 & (!unregister_a1_e1 & !unregister_a2_e1) U notify_artists_e1))) -> F (notify_artist_e1 & (!notify_client_event_a2_e1 U notify_client_event_a1_e1))),G(register_a2_e1 -> F register_a1_e1),False
ARTEMIS,37,(7) The order in which artists register for events of kind 1 is,F term -> G ((register_a1_e1 & (!unregister_a1_e1 U (register_a2_e1 & (!unregister_a1_e1 & !unregister_a2_e1) U notify_artists_e1))) -> F (notify_artist_e1 & (!notify_client_event_a2_e1 U notify_client_event_a1_e1))),G(register_a2_e1 -> F register_a1_e1),False
ARTEMIS,37,(7) The order in which artists register for events of kind 1 is,F term -> G ((register_a1_e1 & (!unregister_a1_e1 U (register_a2_e1 & (!unregister_a1_e1 & !unregister_a2_e1) U notify_artists_e1))) -> F (notify_artist_e1 & (!notify_client_event_a2_e1 U notify_client_event_a1_e1))),G(register_a2_e1 -> F register_a1_e1),False
ARTEMIS,37,(7) The order in which artists register for events of kind 1 is,F term -> G ((register_a1_e1 & (!unregister_a1_e1 U (register_a2_e1 & (!unregister_a1_e1 & !unregister_a2_e1) U notify_artists_e1))) -> F (notify_artist_e1 & (!notify_client_event_a2_e1 U notify_client_event_a1_e1))),G(register_a2_e1 -> F register_a1_e1),False
ARTEMIS,37,(7) The order in which artists register for events of kind 1 is,F term -> G ((register_a1_e1 & (!unregister_a1_e1 U (register_a2_e1 & (!unregister_a1_e1 & !unregister_a2_e1) U notify_artists_e1))) -> F (notify_artist_e1 & (!notify_client_event_a2_e1 U notify_client_event_a1_e1))),G(register_a1_e1 -> F register_a2_e1),False
ARTEMIS,37,(7) The order in which artists register for events of kind 1 is,F term -> G ((register_a1_e1 & (!unregister_a1_e1 U (register_a2_e1 & (!unregister_a1_e1 & !unregister_a2_e1) U notify_artists_e1))) -> F (notify_artist_e1 & (!notify_client_event_a2_e1 U notify_client_event_a1_e1))),G(register_a2_e1 -> F register_a1_e1),False
ARTEMIS,37,(7) The order in which artists register for events of kind 1 is,F term -> G ((register_a1_e1 & (!unregister_a1_e1 U (register_a2_e1 & (!unregister_a1_e1 & !unregister_a2_e1) U notify_artists_e1))) -> F (notify_artist_e1 & (!notify_client_event_a2_e1 U notify_client_event_a1_e1))),G(register_a2_e1 -> F register_a1_e1),False
ARTEMIS,37,(7) The order in which artists register for events of kind 1 is,F term -> G ((register_a1_e1 & (!unregister_a1_e1 U (register_a2_e1 & (!unregister_a1_e1 & !unregister_a2_e1) U notify_artists_e1))) -> F (notify_artist_e1 & (!notify_client_event_a2_e1 U notify_client_event_a1_e1))),G(register_a2_e1 -> F register_a1_e1),False
ARTEMIS,37,(7) The order in which artists register for events of kind 1 is,F term -> G ((register_a1_e1 & (!unregister_a1_e1 U (register_a2_e1 & (!unregister_a1_e1 & !unregister_a2_e1) U notify_artists_e1))) -> F (notify_artist_e1 & (!notify_client_event_a2_e1 U notify_client_event_a1_e1))),G(register_a2_e1 -> F register_a1_e1),False
ARTEMIS,37,(7) The order in which artists register for events of kind 1 is,F term -> G ((register_a1_e1 & (!unregister_a1_e1 U (register_a2_e1 & (!unregister_a1_e1 & !unregister_a2_e1) U notify_artists_e1))) -> F (notify_artist_e1 & (!notify_client_event_a2_e1 U notify_client_event_a1_e1))),G(register_a2_e1 -> F register_a1_e1),False
ARTEMIS,37,(7) The order in which artists register for events of kind 1 is,F term -> G ((register_a1_e1 & (!unregister_a1_e1 U (register_a2_e1 & (!unregister_a1_e1 & !unregister_a2_e1) U notify_artists_e1))) -> F (notify_artist_e1 & (!notify_client_event_a2_e1 U notify_client_event_a1_e1))),G(register_a1_e1 -> F register_a2_e1),False
ARTEMIS,37,(7) The order in which artists register for events of kind 1 is,F term -> G ((register_a1_e1 & (!unregister_a1_e1 U (register_a2_e1 & (!unregister_a1_e1 & !unregister_a2_e1) U notify_artists_e1))) -> F (notify_artist_e1 & (!notify_client_event_a2_e1 U notify_client_event_a1_e1))),G(register_a2_e1 -> F register_a1_e1),False
ARTEMIS,37,(7) The order in which artists register for events of kind 1 is,F term -> G ((register_a1_e1 & (!unregister_a1_e1 U (register_a2_e1 & (!unregister_a1_e1 & !unregister_a2_e1) U notify_artists_e1))) -> F (notify_artist_e1 & (!notify_client_event_a2_e1 U notify_client_event_a1_e1))),G(register_a2_e1 -> F register_a1_e1),False
ARTEMIS,37,(7) The order in which artists register for events of kind 1 is,F term -> G ((register_a1_e1 & (!unregister_a1_e1 U (register_a2_e1 & (!unregister_a1_e1 & !unregister_a2_e1) U notify_artists_e1))) -> F (notify_artist_e1 & (!notify_client_event_a2_e1 U notify_client_event_a1_e1))),G(register_a2_e1 -> F register_a1_e1),False
ARTEMIS,37,(7) The order in which artists register for events of kind 1 is,F term -> G ((register_a1_e1 & (!unregister_a1_e1 U (register_a2_e1 & (!unregister_a1_e1 & !unregister_a2_e1) U notify_artists_e1))) -> F (notify_artist_e1 & (!notify_client_event_a2_e1 U notify_client_event_a1_e1))),G(register_a2_e1 -> F register_a1_e1),False
ARTEMIS,37,(7) The order in which artists register for events of kind 1 is,F term -> G ((register_a1_e1 & (!unregister_a1_e1 U (register_a2_e1 & (!unregister_a1_e1 & !unregister_a2_e1) U notify_artists_e1))) -> F (notify_artist_e1 & (!notify_client_event_a2_e1 U notify_client_event_a1_e1))),G(register_a2_e1 -> F register_a1_e1),False
ARTEMIS,37,(7) The order in which artists register for events of kind 1 is,F term -> G ((register_a1_e1 & (!unregister_a1_e1 U (register_a2_e1 & (!unregister_a1_e1 & !unregister_a2_e1) U notify_artists_e1))) -> F (notify_artist_e1 & (!notify_client_event_a2_e1 U notify_client_event_a1_e1))),G(register_a2_e1 -> F register_a1_e1),False
ARTEMIS,37,(7) The order in which artists register for events of kind 1 is,F term -> G ((register_a1_e1 & (!unregister_a1_e1 U (register_a2_e1 & (!unregister_a1_e1 & !unregister_a2_e1) U notify_artists_e1))) -> F (notify_artist_e1 & (!notify_client_event_a2_e1 U notify_client_event_a1_e1))),G(register_a2_e1 -> F register_a1_e1),False
ARTEMIS,37,(7) The order in which artists register for events of kind 1 is,F term -> G ((register_a1_e1 & (!unregister_a1_e1 U (register_a2_e1 & (!unregister_a1_e1 & !unregister_a2_e1) U notify_artists_e1))) -> F (notify_artist_e1 & (!notify_client_event_a2_e1 U notify_client_event_a1_e1))),G(register_a2_e1 -> F register_a1_e1),False
ARTEMIS,37,(7) The order in which artists register for events of kind 1 is,F term -> G ((register_a1_e1 & (!unregister_a1_e1 U (register_a2_e1 & (!unregister_a1_e1 & !unregister_a2_e1) U notify_artists_e1))) -> F (notify_artist_e1 & (!notify_client_event_a2_e1 U notify_client_event_a1_e1))),G(register_a1_e1 -> F register_a2_e1),False
ARTEMIS,37,(7) The order in which artists register for events of kind 1 is,F term -> G ((register_a1_e1 & (!unregister_a1_e1 U (register_a2_e1 & (!unregister_a1_e1 & !unregister_a2_e1) U notify_artists_e1))) -> F (notify_artist_e1 & (!notify_client_event_a2_e1 U notify_client_event_a1_e1))),G(register_a2_e1 -> F register_a1_e1),False
ARTEMIS,37,(7) The order in which artists register for events of kind 1 is,F term -> G ((register_a1_e1 & (!unregister_a1_e1 U (register_a2_e1 & (!unregister_a1_e1 & !unregister_a2_e1) U notify_artists_e1))) -> F (notify_artist_e1 & (!notify_client_event_a2_e1 U notify_client_event_a1_e1))),G(register_a2_e1 -> F register_a1_e1),False
ARTEMIS,37,(7) The order in which artists register for events of kind 1 is,F term -> G ((register_a1_e1 & (!unregister_a1_e1 U (register_a2_e1 & (!unregister_a1_e1 & !unregister_a2_e1) U notify_artists_e1))) -> F (notify_artist_e1 & (!notify_client_event_a2_e1 U notify_client_event_a1_e1))),G(register_a2_e1 -> F register_a1_e1),False
ARTEMIS,37,(7) The order in which artists register for events of kind 1 is,F term -> G ((register_a1_e1 & (!unregister_a1_e1 U (register_a2_e1 & (!unregister_a1_e1 & !unregister_a2_e1) U notify_artists_e1))) -> F (notify_artist_e1 & (!notify_client_event_a2_e1 U notify_client_event_a1_e1))),G(register_a2_e1 -> F register_a1_e1),False
ARTEMIS,37,(7) The order in which artists register for events of kind 1 is,F term -> G ((register_a1_e1 & (!unregister_a1_e1 U (register_a2_e1 & (!unregister_a1_e1 & !unregister_a2_e1) U notify_artists_e1))) -> F (notify_artist_e1 & (!notify_client_event_a2_e1 U notify_client_event_a1_e1))),G(register_a2_e1 -> F register_a1_e1),False
ARTEMIS,37,(7) The order in which artists register for events of kind 1 is,F term -> G ((register_a1_e1 & (!unregister_a1_e1 U (register_a2_e1 & (!unregister_a1_e1 & !unregister_a2_e1) U notify_artists_e1))) -> F (notify_artist_e1 & (!notify_client_event_a2_e1 U notify_client_event_a1_e1))),G(register_a2_e1 -> F register_a1_e1),False
ARTEMIS,37,(7) The order in which artists register for events of kind 1 is,F term -> G ((register_a1_e1 & (!unregister_a1_e1 U (register_a2_e1 & (!unregister_a1_e1 & !unregister_a2_e1) U notify_artists_e1))) -> F (notify_artist_e1 & (!notify_client_event_a2_e1 U notify_client_event_a1_e1))),G(register_a2_e1 -> F register_a1_e1),False
ARTEMIS,37,(7) The order in which artists register for events of kind 1 is,F term -> G ((register_a1_e1 & (!unregister_a1_e1 U (register_a2_e1 & (!unregister_a1_e1 & !unregister_a2_e1) U notify_artists_e1))) -> F (notify_artist_e1 & (!notify_client_event_a2_e1 U notify_client_event_a1_e1))),G(register_a2_e1 -> F register_a1_e1),False
ARTEMIS,37,(7) The order in which artists register for events of kind 1 is,F term -> G ((register_a1_e1 & (!unregister_a1_e1 U (register_a2_e1 & (!unregister_a1_e1 & !unregister_a2_e1) U notify_artists_e1))) -> F (notify_artist_e1 & (!notify_client_event_a2_e1 U notify_client_event_a1_e1))),G(register_a2_e1 -> F register_a1_e1),False
ARTEMIS,37,(7) The order in which artists register for events of kind 1 is,F term -> G ((register_a1_e1 & (!unregister_a1_e1 U (register_a2_e1 & (!unregister_a1_e1 & !unregister_a2_e1) U notify_artists_e1))) -> F (notify_artist_e1 & (!notify_client_event_a2_e1 U notify_client_event_a1_e1))),G(register_a2_e1 -> F register_a1_e1),False
ARTEMIS,37,(7) The order in which artists register for events of kind 1 is,F term -> G ((register_a1_e1 & (!unregister_a1_e1 U (register_a2_e1 & (!unregister_a1_e1 & !unregister_a2_e1) U notify_artists_e1))) -> F (notify_artist_e1 & (!notify_client_event_a2_e1 U notify_client_event_a1_e1))),G(register_a2_e1 -> F register_a1_e1),False
ARTEMIS,37,(7) The order in which artists register for events of kind 1 is,F term -> G ((register_a1_e1 & (!unregister_a1_e1 U (register_a2_e1 & (!unregister_a1_e1 & !unregister_a2_e1) U notify_artists_e1))) -> F (notify_artist_e1 & (!notify_client_event_a2_e1 U notify_client_event_a1_e1))),G(register_a2_e1 -> F register_a1_e1),False
ARTEMIS,37,(7) The order in which artists register for events of kind 1 is,F term -> G ((register_a1_e1 & (!unregister_a1_e1 U (register_a2_e1 & (!unregister_a1_e1 & !unregister_a2_e1) U notify_artists_e1))) -> F (notify_artist_e1 & (!notify_client_event_a2_e1 U notify_client_event_a1_e1))),G(register_a2_e1 -> F register_a1_e1),False
ARTEMIS,37,(7) The order in which artists register for events of kind 1 is,F term -> G ((register_a1_e1 & (!unregister_a1_e1 U (register_a2_e1 & (!unregister_a1_e1 & !unregister_a2_e1) U notify_artists_e1))) -> F (notify_artist_e1 & (!notify_client_event_a2_e1 U notify_client_event_a1_e1))),G(register_a2_e1 -> F register_a1_e1),False
ARTEMIS,37,(7) The order in which artists register for events of kind 1 is,F term -> G ((register_a1_e1 & (!unregister_a1_e1 U (register_a2_e1 & (!unregister_a1_e1 & !unregister_a2_e1) U notify_artists_e1))) -> F (notify_artist_e1 & (!notify_client_event_a2_e1 U notify_client_event_a1_e1))),G(register_a2_e1 -> F register_a1_e1),False
ARTEMIS,37,(7) The order in which artists register for events of kind 1 is,F term -> G ((register_a1_e1 & (!unregister_a1_e1 U (register_a2_e1 & (!unregister_a1_e1 & !unregister_a2_e1) U notify_artists_e1))) -> F (notify_artist_e1 & (!notify_client_event_a2_e1 U notify_client_event_a1_e1))),G(register_a2_e1 -> F register_a1_e1),False
ARTEMIS,37,(7) The order in which artists register for events of kind 1 is,F term -> G ((register_a1_e1 & (!unregister_a1_e1 U (register_a2_e1 & (!unregister_a1_e1 & !unregister_a2_e1) U notify_artists_e1))) -> F (notify_artist_e1 & (!notify_client_event_a2_e1 U notify_client_event_a1_e1))),G(register_a2_e1 -> F register_a1_e1),False
ARTEMIS,37,(7) The order in which artists register for events of kind 1 is,F term -> G ((register_a1_e1 & (!unregister_a1_e1 U (register_a2_e1 & (!unregister_a1_e1 & !unregister_a2_e1) U notify_artists_e1))) -> F (notify_artist_e1 & (!notify_client_event_a2_e1 U notify_client_event_a1_e1))),G(register_a2_e1 -> F register_a1_e1),False
ARTEMIS,37,(7) The order in which artists register for events of kind 1 is,F term -> G ((register_a1_e1 & (!unregister_a1_e1 U (register_a2_e1 & (!unregister_a1_e1 & !unregister_a2_e1) U notify_artists_e1))) -> F (notify_artist_e1 & (!notify_client_event_a2_e1 U notify_client_event_a1_e1))),G(register_a2_e1 -> F register_a1_e1),False
ARTEMIS,37,(7) The order in which artists register for events of kind 1 is,F term -> G ((register_a1_e1 & (!unregister_a1_e1 U (register_a2_e1 & (!unregister_a1_e1 & !unregister_a2_e1) U notify_artists_e1))) -> F (notify_artist_e1 & (!notify_client_event_a2_e1 U notify_client_event_a1_e1))),G(register_a2_e1 -> F register_a1_e1),False
ARTEMIS,37,(7) The order in which artists register for events of kind 1 is,F term -> G ((register_a1_e1 & (!unregister_a1_e1 U (register_a2_e1 & (!unregister_a1_e1 & !unregister_a2_e1) U notify_artists_e1))) -> F (notify_artist_e1 & (!notify_client_event_a2_e1 U notify_client_event_a1_e1))),G(register_a2_e1 -> F register_a1_e1),False
ARTEMIS,37,(7) The order in which artists register for events of kind 1 is,F term -> G ((register_a1_e1 & (!unregister_a1_e1 U (register_a2_e1 & (!unregister_a1_e1 & !unregister_a2_e1) U notify_artists_e1))) -> F (notify_artist_e1 & (!notify_client_event_a2_e1 U notify_client_event_a1_e1))),G(register_a2_e1 -> F register_a1_e1),False
ARTEMIS,37,(7) The order in which artists register for events of kind 1 is,F term -> G ((register_a1_e1 & (!unregister_a1_e1 U (register_a2_e1 & (!unregister_a1_e1 & !unregister_a2_e1) U notify_artists_e1))) -> F (notify_artist_e1 & (!notify_client_event_a2_e1 U notify_client_event_a1_e1))),G(register_a2_e1 -> F register_a1_e1),False
ARTEMIS,37,(7) The order in which artists register for events of kind 1 is,F term -> G ((register_a1_e1 & (!unregister_a1_e1 U (register_a2_e1 & (!unregister_a1_e1 & !unregister_a2_e1) U notify_artists_e1))) -> F (notify_artist_e1 & (!notify_client_event_a2_e1 U notify_client_event_a1_e1))),G(register_a2_e1 -> F register_a1_e1),False
ARTEMIS,37,(7) The order in which artists register for events of kind 1 is,F term -> G ((register_a1_e1 & (!unregister_a1_e1 U (register_a2_e1 & (!unregister_a1_e1 & !unregister_a2_e1) U notify_artists_e1))) -> F (notify_artist_e1 & (!notify_client_event_a2_e1 U notify_client_event_a1_e1))),G(register_a2_e1 -> F register_a1_e1),False
ARTEMIS,37,(7) The order in which artists register for events of kind 1 is,F term -> G ((register_a1_e1 & (!unregister_a1_e1 U (register_a2_e1 & (!unregister_a1_e1 & !unregister_a2_e1) U notify_artists_e1))) -> F (notify_artist_e1 & (!notify_client_event_a2_e1 U notify_client_event_a1_e1))),G(register_a2_e1 -> F register_a1_e1),False
ARTEMIS,37,(7) The order in which artists register for events of kind 1 is,F term -> G ((register_a1_e1 & (!unregister_a1_e1 U (register_a2_e1 & (!unregister_a1_e1 & !unregister_a2_e1) U notify_artists_e1))) -> F (notify_artist_e1 & (!notify_client_event_a2_e1 U notify_client_event_a1_e1))),G(register_a2_e1 -> F register_a1_e1),False
ARTEMIS,37,(7) The order in which artists register for events of kind 1 is,F term -> G ((register_a1_e1 & (!unregister_a1_e1 U (register_a2_e1 & (!unregister_a1_e1 & !unregister_a2_e1) U notify_artists_e1))) -> F (notify_artist_e1 & (!notify_client_event_a2_e1 U notify_client_event_a1_e1))),G(register_a2_e1 -> F register_a1_e1),False
ARTEMIS,37,(7) The order in which artists register for events of kind 1 is,F term -> G ((register_a1_e1 & (!unregister_a1_e1 U (register_a2_e1 & (!unregister_a1_e1 & !unregister_a2_e1) U notify_artists_e1))) -> F (notify_artist_e1 & (!notify_client_event_a2_e1 U notify_client_event_a1_e1))),G(register_a2_e1 -> F register_a1_e1),False
ARTEMIS,37,(7) The order in which artists register for events of kind 1 is,F term -> G ((register_a1_e1 & (!unregister_a1_e1 U (register_a2_e1 & (!unregister_a1_e1 & !unregister_a2_e1) U notify_artists_e1))) -> F (notify_artist_e1 & (!notify_client_event_a2_e1 U notify_client_event_a1_e1))),G(register_a2_e1 -> F register_a1_e1),False
ARTEMIS,37,(7) The order in which artists register for events of kind 1 is,F term -> G ((register_a1_e1 & (!unregister_a1_e1 U (register_a2_e1 & (!unregister_a1_e1 & !unregister_a2_e1) U notify_artists_e1))) -> F (notify_artist_e1 & (!notify_client_event_a2_e1 U notify_client_event_a1_e1))),G(register_a2_e1 -> F register_a1_e1),False
ARTEMIS,37,(7) The order in which artists register for events of kind 1 is,F term -> G ((register_a1_e1 & (!unregister_a1_e1 U (register_a2_e1 & (!unregister_a1_e1 & !unregister_a2_e1) U notify_artists_e1))) -> F (notify_artist_e1 & (!notify_client_event_a2_e1 U notify_client_event_a1_e1))),G(register_a2_e1 -> F register_a1_e1),False
ARTEMIS,37,(7) The order in which artists register for events of kind 1 is,F term -> G ((register_a1_e1 & (!unregister_a1_e1 U (register_a2_e1 & (!unregister_a1_e1 & !unregister_a2_e1) U notify_artists_e1))) -> F (notify_artist_e1 & (!notify_client_event_a2_e1 U notify_client_event_a1_e1))),G(register_a2_e1 -> F register_a1_e1),False
ARTEMIS,37,(7) The order in which artists register for events of kind 1 is,F term -> G ((register_a1_e1 & (!unregister_a1_e1 U (register_a2_e1 & (!unregister_a1_e1 & !unregister_a2_e1) U notify_artists_e1))) -> F (notify_artist_e1 & (!notify_client_event_a2_e1 U notify_client_event_a1_e1))),G(register_a2_e1 -> F register_a1_e1),False
ARTEMIS,37,(7) The order in which artists register for events of kind 1 is,F term -> G ((register_a1_e1 & (!unregister_a1_e1 U (register_a2_e1 & (!unregister_a1_e1 & !unregister_a2_e1) U notify_artists_e1))) -> F (notify_artist_e1 & (!notify_client_event_a2_e1 U notify_client_event_a1_e1))),G(register_a2_e1 -> F register_a1_e1),False
ARTEMIS,37,(7) The order in which artists register for events of kind 1 is,F term -> G ((register_a1_e1 & (!unregister_a1_e1 U (register_a2_e1 & (!unregister_a1_e1 & !unregister_a2_e1) U notify_artists_e1))) -> F (notify_artist_e1 & (!notify_client_event_a2_e1 U notify_client_event_a1_e1))),G(register_a2_e1 -> F register_a1_e1),False
ARTEMIS,37,(7) The order in which artists register for events of kind 1 is,F term -> G ((register_a1_e1 & (!unregister_a1_e1 U (register_a2_e1 & (!unregister_a1_e1 & !unregister_a2_e1) U notify_artists_e1))) -> F (notify_artist_e1 & (!notify_client_event_a2_e1 U notify_client_event_a1_e1))),G(register_a1_e1 -> F register_a2_e1),False
ARTEMIS,37,(7) The order in which artists register for events of kind 1 is,F term -> G ((register_a1_e1 & (!unregister_a1_e1 U (register_a2_e1 & (!unregister_a1_e1 & !unregister_a2_e1) U notify_artists_e1))) -> F (notify_artist_e1 & (!notify_client_event_a2_e1 U notify_client_event_a1_e1))),G(register_a2_e1 -> F register_a1_e1),False
ARTEMIS,37,(7) The order in which artists register for events of kind 1 is,F term -> G ((register_a1_e1 & (!unregister_a1_e1 U (register_a2_e1 & (!unregister_a1_e1 & !unregister_a2_e1) U notify_artists_e1))) -> F (notify_artist_e1 & (!notify_client_event_a2_e1 U notify_client_event_a1_e1))),G(register_a1_e1 -> F register_a2_e1),False
ARTEMIS,37,(7) The order in which artists register for events of kind 1 is,F term -> G ((register_a1_e1 & (!unregister_a1_e1 U (register_a2_e1 & (!unregister_a1_e1 & !unregister_a2_e1) U notify_artists_e1))) -> F (notify_artist_e1 & (!notify_client_event_a2_e1 U notify_client_event_a1_e1))),G(register_a2_e1 -> F register_a1_e1),False
ARTEMIS,37,(7) The order in which artists register for events of kind 1 is,F term -> G ((register_a1_e1 & (!unregister_a1_e1 U (register_a2_e1 & (!unregister_a1_e1 & !unregister_a2_e1) U notify_artists_e1))) -> F (notify_artist_e1 & (!notify_client_event_a2_e1 U notify_client_event_a1_e1))),G(register_a2_e1 -> F register_a1_e1),False
ARTEMIS,37,(7) The order in which artists register for events of kind 1 is,F term -> G ((register_a1_e1 & (!unregister_a1_e1 U (register_a2_e1 & (!unregister_a1_e1 & !unregister_a2_e1) U notify_artists_e1))) -> F (notify_artist_e1 & (!notify_client_event_a2_e1 U notify_client_event_a1_e1))),G(register_a2_e1 -> F register_a1_e1),False
ARTEMIS,37,(7) The order in which artists register for events of kind 1 is,F term -> G ((register_a1_e1 & (!unregister_a1_e1 U (register_a2_e1 & (!unregister_a1_e1 & !unregister_a2_e1) U notify_artists_e1))) -> F (notify_artist_e1 & (!notify_client_event_a2_e1 U notify_client_event_a1_e1))),G(register_a2_e1 -> F register_a1_e1),False
ARTEMIS,37,(7) The order in which artists register for events of kind 1 is,F term -> G ((register_a1_e1 & (!unregister_a1_e1 U (register_a2_e1 & (!unregister_a1_e1 & !unregister_a2_e1) U notify_artists_e1))) -> F (notify_artist_e1 & (!notify_client_event_a2_e1 U notify_client_event_a1_e1))),G(register_a2_e1 -> F register_a1_e1),False
ARTEMIS,37,(7) The order in which artists register for events of kind 1 is,F term -> G ((register_a1_e1 & (!unregister_a1_e1 U (register_a2_e1 & (!unregister_a1_e1 & !unregister_a2_e1) U notify_artists_e1))) -> F (notify_artist_e1 & (!notify_client_event_a2_e1 U notify_client_event_a1_e1))),G(register_a1_e1 -> F register_a2_e1),False
ARTEMIS,37,(7) The order in which artists register for events of kind 1 is,F term -> G ((register_a1_e1 & (!unregister_a1_e1 U (register_a2_e1 & (!unregister_a1_e1 & !unregister_a2_e1) U notify_artists_e1))) -> F (notify_artist_e1 & (!notify_client_event_a2_e1 U notify_client_event_a1_e1))),G(register_a2_e1 -> F register_a1_e1),False
ARTEMIS,37,(7) The order in which artists register for events of kind 1 is,F term -> G ((register_a1_e1 & (!unregister_a1_e1 U (register_a2_e1 & (!unregister_a1_e1 & !unregister_a2_e1) U notify_artists_e1))) -> F (notify_artist_e1 & (!notify_client_event_a2_e1 U notify_client_event_a1_e1))),G(register_a2_e1 -> F register_a1_e1),False
ARTEMIS,37,(7) The order in which artists register for events of kind 1 is,F term -> G ((register_a1_e1 & (!unregister_a1_e1 U (register_a2_e1 & (!unregister_a1_e1 & !unregister_a2_e1) U notify_artists_e1))) -> F (notify_artist_e1 & (!notify_client_event_a2_e1 U notify_client_event_a1_e1))),G(register_a2_e1 -> F register_a1_e1),False
ARTEMIS,37,(7) The order in which artists register for events of kind 1 is,F term -> G ((register_a1_e1 & (!unregister_a1_e1 U (register_a2_e1 & (!unregister_a1_e1 & !unregister_a2_e1) U notify_artists_e1))) -> F (notify_artist_e1 & (!notify_client_event_a2_e1 U notify_client_event_a1_e1))),G(register_a2_e1 -> F register_a1_e1),False
ARTEMIS,37,(7) The order in which artists register for events of kind 1 is,F term -> G ((register_a1_e1 & (!unregister_a1_e1 U (register_a2_e1 & (!unregister_a1_e1 & !unregister_a2_e1) U notify_artists_e1))) -> F (notify_artist_e1 & (!notify_client_event_a2_e1 U notify_client_event_a1_e1))),G(register_a2_e1 -> F register_a1_e1),False
ARTEMIS,37,(7) The order in which artists register for events of kind 1 is,F term -> G ((register_a1_e1 & (!unregister_a1_e1 U (register_a2_e1 & (!unregister_a1_e1 & !unregister_a2_e1) U notify_artists_e1))) -> F (notify_artist_e1 & (!notify_client_event_a2_e1 U notify_client_event_a1_e1))),G(register_a2_e1 -> F register_a1_e1),False
ARTEMIS,37,(7) The order in which artists register for events of kind 1 is,F term -> G ((register_a1_e1 & (!unregister_a1_e1 U (register_a2_e1 & (!unregister_a1_e1 & !unregister_a2_e1) U notify_artists_e1))) -> F (notify_artist_e1 & (!notify_client_event_a2_e1 U notify_client_event_a1_e1))),G(register_a2_e1 -> F register_a1_e1),False
ARTEMIS,37,(7) The order in which artists register for events of kind 1 is,F term -> G ((register_a1_e1 & (!unregister_a1_e1 U (register_a2_e1 & (!unregister_a1_e1 & !unregister_a2_e1) U notify_artists_e1))) -> F (notify_artist_e1 & (!notify_client_event_a2_e1 U notify_client_event_a1_e1))),G(register_a2_e1 -> F register_a1_e1),False
ARTEMIS,37,(7) The order in which artists register for events of kind 1 is,F term -> G ((register_a1_e1 & (!unregister_a1_e1 U (register_a2_e1 & (!unregister_a1_e1 & !unregister_a2_e1) U notify_artists_e1))) -> F (notify_artist_e1 & (!notify_client_event_a2_e1 U notify_client_event_a1_e1))),G(register_a2_e1 -> F register_a1_e1),False
ARTEMIS,37,(7) The order in which artists register for events of kind 1 is,F term -> G ((register_a1_e1 & (!unregister_a1_e1 U (register_a2_e1 & (!unregister_a1_e1 & !unregister_a2_e1) U notify_artists_e1))) -> F (notify_artist_e1 & (!notify_client_event_a2_e1 U notify_client_event_a1_e1))),G(register_a2_e1 -> F register_a1_e1),False
ARTEMIS,37,(7) The order in which artists register for events of kind 1 is,F term -> G ((register_a1_e1 & (!unregister_a1_e1 U (register_a2_e1 & (!unregister_a1_e1 & !unregister_a2_e1) U notify_artists_e1))) -> F (notify_artist_e1 & (!notify_client_event_a2_e1 U notify_client_event_a1_e1))),G(register_a2_e1 -> F register_a1_e1),False
ARTEMIS,37,(7) The order in which artists register for events of kind 1 is,F term -> G ((register_a1_e1 & (!unregister_a1_e1 U (register_a2_e1 & (!unregister_a1_e1 & !unregister_a2_e1) U notify_artists_e1))) -> F (notify_artist_e1 & (!notify_client_event_a2_e1 U notify_client_event_a1_e1))),G(register_a1_e1 -> F register_a2_e1),False
ARTEMIS,37,(7) The order in which artists register for events of kind 1 is,F term -> G ((register_a1_e1 & (!unregister_a1_e1 U (register_a2_e1 & (!unregister_a1_e1 & !unregister_a2_e1) U notify_artists_e1))) -> F (notify_artist_e1 & (!notify_client_event_a2_e1 U notify_client_event_a1_e1))),G(register_a2_e1 -> F register_a1_e1),False
ARTEMIS,41,(15a) An artist always unregisters before the program terminates. (The program never terminates with an artist registered.),G ( term -> (e1_szEQ0 & e2_szEQ0)),G(!term | !e1_szEQ0 & !e2_szEQ0),False
ARTEMIS,41,(15a) An artist always unregisters before the program terminates. (The program never terminates with an artist registered.),G ( term -> (e1_szEQ0 & e2_szEQ0)),G(!term | !e1_szEQ0 & !e2_szEQ0),False
ARTEMIS,41,(15a) An artist always unregisters before the program terminates. (The program never terminates with an artist registered.),G ( term -> (e1_szEQ0 & e2_szEQ0)),G(!term | !e1_szEQ0 & !e2_szEQ0),False
ARTEMIS,41,(15a) An artist always unregisters before the program terminates. (The program never terminates with an artist registered.),G ( term -> (e1_szEQ0 & e2_szEQ0)),G(!term | !e1_szEQ0 & !e2_szEQ0),False
ARTEMIS,41,(15a) An artist always unregisters before the program terminates. (The program never terminates with an artist registered.),G ( term -> (e1_szEQ0 & e2_szEQ0)),G(!term | !e1_szEQ0 & !e2_szEQ0),False
ARTEMIS,41,(15a) An artist always unregisters before the program terminates. (The program never terminates with an artist registered.),G ( term -> (e1_szEQ0 & e2_szEQ0)),G(term -> (e1_szEQ0 & e2_szEQ0)),True
ARTEMIS,41,(15a) An artist always unregisters before the program terminates. (The program never terminates with an artist registered.),G ( term -> (e1_szEQ0 & e2_szEQ0)),G(!term | !e1_szEQ0 & !e2_szEQ0),False
ARTEMIS,41,(15a) An artist always unregisters before the program terminates. (The program never terminates with an artist registered.),G ( term -> (e1_szEQ0 & e2_szEQ0)),G(!term | !e1_szEQ0 & !e2_szEQ0),False
ARTEMIS,41,(15a) An artist always unregisters before the program terminates. (The program never terminates with an artist registered.),G ( term -> (e1_szEQ0 & e2_szEQ0)),G(!term | !e1_szEQ0 & !e2_szEQ0),False
ARTEMIS,41,(15a) An artist always unregisters before the program terminates. (The program never terminates with an artist registered.),G ( term -> (e1_szEQ0 & e2_szEQ0)),G(!term | !e1_szEQ0 & !e2_szEQ0),False
ARTEMIS,41,(15a) An artist always unregisters before the program terminates. (The program never terminates with an artist registered.),G ( term -> (e1_szEQ0 & e2_szEQ0)),G(!term | !e1_szEQ0 & !e2_szEQ0),False
ARTEMIS,41,(15a) An artist always unregisters before the program terminates. (The program never terminates with an artist registered.),G ( term -> (e1_szEQ0 & e2_szEQ0)),G(!term | !e1_szEQ0 & !e2_szEQ0),False
ARTEMIS,41,(15a) An artist always unregisters before the program terminates. (The program never terminates with an artist registered.),G ( term -> (e1_szEQ0 & e2_szEQ0)),G(!term | !e1_szEQ0 & !e2_szEQ0),False
ARTEMIS,41,(15a) An artist always unregisters before the program terminates. (The program never terminates with an artist registered.),G ( term -> (e1_szEQ0 & e2_szEQ0)),G(!term | !e1_szEQ0 & !e2_szEQ0),False
ARTEMIS,41,(15a) An artist always unregisters before the program terminates. (The program never terminates with an artist registered.),G ( term -> (e1_szEQ0 & e2_szEQ0)),G(!term | !e1_szEQ0 & !e2_szEQ0),False
ARTEMIS,41,(15a) An artist always unregisters before the program terminates. (The program never terminates with an artist registered.),G ( term -> (e1_szEQ0 & e2_szEQ0)),G(!term | !e1_szEQ0 & !e2_szEQ0),False
ARTEMIS,41,(15a) An artist always unregisters before the program terminates. (The program never terminates with an artist registered.),G ( term -> (e1_szEQ0 & e2_szEQ0)),G(!term | !e1_szEQ0 & !e2_szEQ0),False
ARTEMIS,41,(15a) An artist always unregisters before the program terminates. (The program never terminates with an artist registered.),G ( term -> (e1_szEQ0 & e2_szEQ0)),G(!term | !e1_szEQ0 & !e2_szEQ0),False
ARTEMIS,41,(15a) An artist always unregisters before the program terminates. (The program never terminates with an artist registered.),G ( term -> (e1_szEQ0 & e2_szEQ0)),G(!term | !e1_szEQ0 & !e2_szEQ0),False
ARTEMIS,41,(15a) An artist always unregisters before the program terminates. (The program never terminates with an artist registered.),G ( term -> (e1_szEQ0 & e2_szEQ0)),G(!term | !e1_szEQ0 & !e2_szEQ0),False
ARTEMIS,41,(15a) An artist always unregisters before the program terminates. (The program never terminates with an artist registered.),G ( term -> (e1_szEQ0 & e2_szEQ0)),G(!term | !e1_szEQ0 & !e2_szEQ0),False
ARTEMIS,41,(15a) An artist always unregisters before the program terminates. (The program never terminates with an artist registered.),G ( term -> (e1_szEQ0 & e2_szEQ0)),G(!term | !e1_szEQ0 & !e2_szEQ0),False
ARTEMIS,41,(15a) An artist always unregisters before the program terminates. (The program never terminates with an artist registered.),G ( term -> (e1_szEQ0 & e2_szEQ0)),G(!term | !e1_szEQ0 & !e2_szEQ0),False
ARTEMIS,41,(15a) An artist always unregisters before the program terminates. (The program never terminates with an artist registered.),G ( term -> (e1_szEQ0 & e2_szEQ0)),G(!term | !e1_szEQ0 & !e2_szEQ0),False
ARTEMIS,41,(15a) An artist always unregisters before the program terminates. (The program never terminates with an artist registered.),G ( term -> (e1_szEQ0 & e2_szEQ0)),G(!term | !e1_szEQ0 & !e2_szEQ0),False
ARTEMIS,41,(15a) An artist always unregisters before the program terminates. (The program never terminates with an artist registered.),G ( term -> (e1_szEQ0 & e2_szEQ0)),G(!term | !e1_szEQ0 & !e2_szEQ0),False
ARTEMIS,41,(15a) An artist always unregisters before the program terminates. (The program never terminates with an artist registered.),G ( term -> (e1_szEQ0 & e2_szEQ0)),G(!term | !e1_szEQ0 & !e2_szEQ0),False
ARTEMIS,41,(15a) An artist always unregisters before the program terminates. (The program never terminates with an artist registered.),G ( term -> (e1_szEQ0 & e2_szEQ0)),G(!term | !e1_szEQ0 & !e2_szEQ0),False
ARTEMIS,41,(15a) An artist always unregisters before the program terminates. (The program never terminates with an artist registered.),G ( term -> (e1_szEQ0 & e2_szEQ0)),G(!term | !e1_szEQ0 & !e2_szEQ0),False
ARTEMIS,41,(15a) An artist always unregisters before the program terminates. (The program never terminates with an artist registered.),G ( term -> (e1_szEQ0 & e2_szEQ0)),G(!term | !e1_szEQ0 & !e2_szEQ0),False
ARTEMIS,41,(15a) An artist always unregisters before the program terminates. (The program never terminates with an artist registered.),G ( term -> (e1_szEQ0 & e2_szEQ0)),G(!term | !e1_szEQ0 & !e2_szEQ0),False
ARTEMIS,41,(15a) An artist always unregisters before the program terminates. (The program never terminates with an artist registered.),G ( term -> (e1_szEQ0 & e2_szEQ0)),G(!term | !e1_szEQ0 & !e2_szEQ0),False
ARTEMIS,41,(15a) An artist always unregisters before the program terminates. (The program never terminates with an artist registered.),G ( term -> (e1_szEQ0 & e2_szEQ0)),G(!term | !e1_szEQ0 & !e2_szEQ0),False
ARTEMIS,41,(15a) An artist always unregisters before the program terminates. (The program never terminates with an artist registered.),G ( term -> (e1_szEQ0 & e2_szEQ0)),G(term -> (e1_szEQ0 & e2_szEQ0)),True
ARTEMIS,41,(15a) An artist always unregisters before the program terminates. (The program never terminates with an artist registered.),G ( term -> (e1_szEQ0 & e2_szEQ0)),G(!term | !e1_szEQ0 & !e2_szEQ0),False
ARTEMIS,41,(15a) An artist always unregisters before the program terminates. (The program never terminates with an artist registered.),G ( term -> (e1_szEQ0 & e2_szEQ0)),G(!term | !e1_szEQ0 & !e2_szEQ0),False
ARTEMIS,41,(15a) An artist always unregisters before the program terminates. (The program never terminates with an artist registered.),G ( term -> (e1_szEQ0 & e2_szEQ0)),G(term -> (e1_szEQ0 & e2_szEQ0)),True
ARTEMIS,41,(15a) An artist always unregisters before the program terminates. (The program never terminates with an artist registered.),G ( term -> (e1_szEQ0 & e2_szEQ0)),G(!term | !e1_szEQ0 & !e2_szEQ0),False
ARTEMIS,41,(15a) An artist always unregisters before the program terminates. (The program never terminates with an artist registered.),G ( term -> (e1_szEQ0 & e2_szEQ0)),G(!term | !e1_szEQ0 & !e2_szEQ0),False
ARTEMIS,41,(15a) An artist always unregisters before the program terminates. (The program never terminates with an artist registered.),G ( term -> (e1_szEQ0 & e2_szEQ0)),G(!term | !e1_szEQ0 & !e2_szEQ0),False
ARTEMIS,41,(15a) An artist always unregisters before the program terminates. (The program never terminates with an artist registered.),G ( term -> (e1_szEQ0 & e2_szEQ0)),G(!term | !e1_szEQ0 & !e2_szEQ0),False
ARTEMIS,41,(15a) An artist always unregisters before the program terminates. (The program never terminates with an artist registered.),G ( term -> (e1_szEQ0 & e2_szEQ0)),G(!term | !e1_szEQ0 & !e2_szEQ0),False
ARTEMIS,41,(15a) An artist always unregisters before the program terminates. (The program never terminates with an artist registered.),G ( term -> (e1_szEQ0 & e2_szEQ0)),G(!term | !e1_szEQ0 & !e2_szEQ0),False
ARTEMIS,41,(15a) An artist always unregisters before the program terminates. (The program never terminates with an artist registered.),G ( term -> (e1_szEQ0 & e2_szEQ0)),G(!term | !e1_szEQ0 & !e2_szEQ0),False
ARTEMIS,41,(15a) An artist always unregisters before the program terminates. (The program never terminates with an artist registered.),G ( term -> (e1_szEQ0 & e2_szEQ0)),G(!term | !e1_szEQ0 & !e2_szEQ0),False
ARTEMIS,41,(15a) An artist always unregisters before the program terminates. (The program never terminates with an artist registered.),G ( term -> (e1_szEQ0 & e2_szEQ0)),G(!term | !e1_szEQ0 & !e2_szEQ0),False
ARTEMIS,41,(15a) An artist always unregisters before the program terminates. (The program never terminates with an artist registered.),G ( term -> (e1_szEQ0 & e2_szEQ0)),G(!term | !e1_szEQ0 & !e2_szEQ0),False
ARTEMIS,41,(15a) An artist always unregisters before the program terminates. (The program never terminates with an artist registered.),G ( term -> (e1_szEQ0 & e2_szEQ0)),G(!term | !e1_szEQ0 & !e2_szEQ0),False
ARTEMIS,41,(15a) An artist always unregisters before the program terminates. (The program never terminates with an artist registered.),G ( term -> (e1_szEQ0 & e2_szEQ0)),G(!term | !e1_szEQ0 & !e2_szEQ0),False
ARTEMIS,41,(15a) An artist always unregisters before the program terminates. (The program never terminates with an artist registered.),G ( term -> (e1_szEQ0 & e2_szEQ0)),G(!term | !e1_szEQ0 & !e2_szEQ0),False
ARTEMIS,41,(15a) An artist always unregisters before the program terminates. (The program never terminates with an artist registered.),G ( term -> (e1_szEQ0 & e2_szEQ0)),G(term -> (e1_szEQ0 & e2_szEQ0)),True
ARTEMIS,41,(15a) An artist always unregisters before the program terminates. (The program never terminates with an artist registered.),G ( term -> (e1_szEQ0 & e2_szEQ0)),G(!term | !e1_szEQ0 & !e2_szEQ0),False
ARTEMIS,41,(15a) An artist always unregisters before the program terminates. (The program never terminates with an artist registered.),G ( term -> (e1_szEQ0 & e2_szEQ0)),G(!term | !e1_szEQ0 & !e2_szEQ0),False
ARTEMIS,41,(15a) An artist always unregisters before the program terminates. (The program never terminates with an artist registered.),G ( term -> (e1_szEQ0 & e2_szEQ0)),G(!term | !e1_szEQ0 & !e2_szEQ0),False
ARTEMIS,41,(15a) An artist always unregisters before the program terminates. (The program never terminates with an artist registered.),G ( term -> (e1_szEQ0 & e2_szEQ0)),G(!term | !e1_szEQ0 & !e2_szEQ0),False
ARTEMIS,41,(15a) An artist always unregisters before the program terminates. (The program never terminates with an artist registered.),G ( term -> (e1_szEQ0 & e2_szEQ0)),G(!term | !e1_szEQ0 & !e2_szEQ0),False
ARTEMIS,41,(15a) An artist always unregisters before the program terminates. (The program never terminates with an artist registered.),G ( term -> (e1_szEQ0 & e2_szEQ0)),G(term -> (!e1_szEQ0 & !e2_szEQ0)),False
ARTEMIS,41,(15a) An artist always unregisters before the program terminates. (The program never terminates with an artist registered.),G ( term -> (e1_szEQ0 & e2_szEQ0)),G(term -> (e1_szEQ0 & e2_szEQ0)),True
ARTEMIS,41,(15a) An artist always unregisters before the program terminates. (The program never terminates with an artist registered.),G ( term -> (e1_szEQ0 & e2_szEQ0)),G(!term | !e1_szEQ0 & !e2_szEQ0),False
ARTEMIS,41,(15a) An artist always unregisters before the program terminates. (The program never terminates with an artist registered.),G ( term -> (e1_szEQ0 & e2_szEQ0)),G(!term | !e1_szEQ0 & !e2_szEQ0),False
ARTEMIS,41,(15a) An artist always unregisters before the program terminates. (The program never terminates with an artist registered.),G ( term -> (e1_szEQ0 & e2_szEQ0)),G(!term | !e1_szEQ0 & !e2_szEQ0),False
ARTEMIS,41,(15a) An artist always unregisters before the program terminates. (The program never terminates with an artist registered.),G ( term -> (e1_szEQ0 & e2_szEQ0)),G(!term | !e1_szEQ0 & !e2_szEQ0),False
ARTEMIS,41,(15a) An artist always unregisters before the program terminates. (The program never terminates with an artist registered.),G ( term -> (e1_szEQ0 & e2_szEQ0)),G(!term | !e1_szEQ0 & !e2_szEQ0),False
ARTEMIS,41,(15a) An artist always unregisters before the program terminates. (The program never terminates with an artist registered.),G ( term -> (e1_szEQ0 & e2_szEQ0)),G(!term | !e1_szEQ0 & !e2_szEQ0),False
ARTEMIS,41,(15a) An artist always unregisters before the program terminates. (The program never terminates with an artist registered.),G ( term -> (e1_szEQ0 & e2_szEQ0)),G(!term | !e1_szEQ0 & !e2_szEQ0),False
ARTEMIS,41,(15a) An artist always unregisters before the program terminates. (The program never terminates with an artist registered.),G ( term -> (e1_szEQ0 & e2_szEQ0)),G(term -> (!e1_szEQ0 & !e2_szEQ0)),False
ARTEMIS,41,(15a) An artist always unregisters before the program terminates. (The program never terminates with an artist registered.),G ( term -> (e1_szEQ0 & e2_szEQ0)),G(!term | !e1_szEQ0 & !e2_szEQ0),False
ARTEMIS,41,(15a) An artist always unregisters before the program terminates. (The program never terminates with an artist registered.),G ( term -> (e1_szEQ0 & e2_szEQ0)),G(!term | !e1_szEQ0 & !e2_szEQ0),False
ARTEMIS,41,(15a) An artist always unregisters before the program terminates. (The program never terminates with an artist registered.),G ( term -> (e1_szEQ0 & e2_szEQ0)),G(!term | !e1_szEQ0 & !e2_szEQ0),False
ARTEMIS,41,(15a) An artist always unregisters before the program terminates. (The program never terminates with an artist registered.),G ( term -> (e1_szEQ0 & e2_szEQ0)),G(!term | !e1_szEQ0 & !e2_szEQ0),False
ARTEMIS,41,(15a) An artist always unregisters before the program terminates. (The program never terminates with an artist registered.),G ( term -> (e1_szEQ0 & e2_szEQ0)),G(!term | !e1_szEQ0 & !e2_szEQ0),False
ARTEMIS,41,(15a) An artist always unregisters before the program terminates. (The program never terminates with an artist registered.),G ( term -> (e1_szEQ0 & e2_szEQ0)),G(!term | !e1_szEQ0 & !e2_szEQ0),False
ARTEMIS,41,(15a) An artist always unregisters before the program terminates. (The program never terminates with an artist registered.),G ( term -> (e1_szEQ0 & e2_szEQ0)),G(!term | !e1_szEQ0 & !e2_szEQ0),False
ARTEMIS,41,(15a) An artist always unregisters before the program terminates. (The program never terminates with an artist registered.),G ( term -> (e1_szEQ0 & e2_szEQ0)),G(!term | !e1_szEQ0 & !e2_szEQ0),False
ARTEMIS,41,(15a) An artist always unregisters before the program terminates. (The program never terminates with an artist registered.),G ( term -> (e1_szEQ0 & e2_szEQ0)),G(!term | !e1_szEQ0 & !e2_szEQ0),False
ARTEMIS,41,(15a) An artist always unregisters before the program terminates. (The program never terminates with an artist registered.),G ( term -> (e1_szEQ0 & e2_szEQ0)),G(!term | !e1_szEQ0 & !e2_szEQ0),False
ARTEMIS,41,(15a) An artist always unregisters before the program terminates. (The program never terminates with an artist registered.),G ( term -> (e1_szEQ0 & e2_szEQ0)),G(!term | !e1_szEQ0 & !e2_szEQ0),False
ARTEMIS,41,(15a) An artist always unregisters before the program terminates. (The program never terminates with an artist registered.),G ( term -> (e1_szEQ0 & e2_szEQ0)),G(!term | !e1_szEQ0 & !e2_szEQ0),False
ARTEMIS,41,(15a) An artist always unregisters before the program terminates. (The program never terminates with an artist registered.),G ( term -> (e1_szEQ0 & e2_szEQ0)),G(!term | !e1_szEQ0 & !e2_szEQ0),False
ARTEMIS,41,(15a) An artist always unregisters before the program terminates. (The program never terminates with an artist registered.),G ( term -> (e1_szEQ0 & e2_szEQ0)),G(!term | !e1_szEQ0 & !e2_szEQ0),False
ARTEMIS,41,(15a) An artist always unregisters before the program terminates. (The program never terminates with an artist registered.),G ( term -> (e1_szEQ0 & e2_szEQ0)),G(!term | !e1_szEQ0 & !e2_szEQ0),False
ARTEMIS,41,(15a) An artist always unregisters before the program terminates. (The program never terminates with an artist registered.),G ( term -> (e1_szEQ0 & e2_szEQ0)),G(!term | !e1_szEQ0 & !e2_szEQ0),False
ARTEMIS,41,(15a) An artist always unregisters before the program terminates. (The program never terminates with an artist registered.),G ( term -> (e1_szEQ0 & e2_szEQ0)),G(!term | !e1_szEQ0 & !e2_szEQ0),False
ARTEMIS,41,(15a) An artist always unregisters before the program terminates. (The program never terminates with an artist registered.),G ( term -> (e1_szEQ0 & e2_szEQ0)),G(!term | !e1_szEQ0 & !e2_szEQ0),False
ARTEMIS,41,(15a) An artist always unregisters before the program terminates. (The program never terminates with an artist registered.),G ( term -> (e1_szEQ0 & e2_szEQ0)),G(!term | !e1_szEQ0 & !e2_szEQ0),False
ARTEMIS,41,(15a) An artist always unregisters before the program terminates. (The program never terminates with an artist registered.),G ( term -> (e1_szEQ0 & e2_szEQ0)),G(!term | !e1_szEQ0 & !e2_szEQ0),False
ARTEMIS,41,(15a) An artist always unregisters before the program terminates. (The program never terminates with an artist registered.),G ( term -> (e1_szEQ0 & e2_szEQ0)),G(!term | !e1_szEQ0 & !e2_szEQ0),False
ARTEMIS,41,(15a) An artist always unregisters before the program terminates. (The program never terminates with an artist registered.),G ( term -> (e1_szEQ0 & e2_szEQ0)),G(!term | !e1_szEQ0 & !e2_szEQ0),False
ARTEMIS,41,(15a) An artist always unregisters before the program terminates. (The program never terminates with an artist registered.),G ( term -> (e1_szEQ0 & e2_szEQ0)),G(!term | !e1_szEQ0 & !e2_szEQ0),False
ARTEMIS,41,(15a) An artist always unregisters before the program terminates. (The program never terminates with an artist registered.),G ( term -> (e1_szEQ0 & e2_szEQ0)),G(!term | !e1_szEQ0 & !e2_szEQ0),False
ARTEMIS,41,(15a) An artist always unregisters before the program terminates. (The program never terminates with an artist registered.),G ( term -> (e1_szEQ0 & e2_szEQ0)),G(!term | !e1_szEQ0 & !e2_szEQ0),False
ARTEMIS,41,(15a) An artist always unregisters before the program terminates. (The program never terminates with an artist registered.),G ( term -> (e1_szEQ0 & e2_szEQ0)),G(!term | !e1_szEQ0 & !e2_szEQ0),False
ARTEMIS,41,(15a) An artist always unregisters before the program terminates. (The program never terminates with an artist registered.),G ( term -> (e1_szEQ0 & e2_szEQ0)),G(!term | !e1_szEQ0 & !e2_szEQ0),False
ARTEMIS,41,(15a) An artist always unregisters before the program terminates. (The program never terminates with an artist registered.),G ( term -> (e1_szEQ0 & e2_szEQ0)),G(term -> (!e1_szEQ0 & !e2_szEQ0)),False
ARTEMIS,41,(15a) An artist always unregisters before the program terminates. (The program never terminates with an artist registered.),G ( term -> (e1_szEQ0 & e2_szEQ0)),G(!term | !e1_szEQ0 & !e2_szEQ0),False
ARTEMIS,41,(15a) An artist always unregisters before the program terminates. (The program never terminates with an artist registered.),G ( term -> (e1_szEQ0 & e2_szEQ0)),G(!term | !e1_szEQ0 & !e2_szEQ0),False
ARTEMIS,41,(15a) An artist always unregisters before the program terminates. (The program never terminates with an artist registered.),G ( term -> (e1_szEQ0 & e2_szEQ0)),G(!term | !e1_szEQ0 & !e2_szEQ0),False
ARTEMIS,41,(15a) An artist always unregisters before the program terminates. (The program never terminates with an artist registered.),G ( term -> (e1_szEQ0 & e2_szEQ0)),G(!term | !e1_szEQ0 & !e2_szEQ0),False
ARTEMIS,41,(15a) An artist always unregisters before the program terminates. (The program never terminates with an artist registered.),G ( term -> (e1_szEQ0 & e2_szEQ0)),G(!term | !e1_szEQ0 & !e2_szEQ0),False
ARTEMIS,41,(15a) An artist always unregisters before the program terminates. (The program never terminates with an artist registered.),G ( term -> (e1_szEQ0 & e2_szEQ0)),G(!term | !e1_szEQ0 & !e2_szEQ0),False
ARTEMIS,49,Lift parks at floor 1,G (floor_4 & idle -> idle U floor_1),G(floor_1 & idle),False
ARTEMIS,49,Lift parks at floor 1,G (floor_4 & idle -> idle U floor_1),G(floor_1 & idle),False
ARTEMIS,49,Lift parks at floor 1,G (floor_4 & idle -> idle U floor_1),floor_1,False
ARTEMIS,49,Lift parks at floor 1,G (floor_4 & idle -> idle U floor_1),G(floor_1 & idle),False
ARTEMIS,49,Lift parks at floor 1,G (floor_4 & idle -> idle U floor_1),G(floor_1 & idle),False
ARTEMIS,49,Lift parks at floor 1,G (floor_4 & idle -> idle U floor_1),G(floor_1 & idle),False
ARTEMIS,49,Lift parks at floor 1,G (floor_4 & idle -> idle U floor_1),G(floor_1 & idle),False
ARTEMIS,49,Lift parks at floor 1,G (floor_4 & idle -> idle U floor_1),G(floor_1 & idle),False
ARTEMIS,49,Lift parks at floor 1,G (floor_4 & idle -> idle U floor_1),G(floor_1 & idle),False
ARTEMIS,49,Lift parks at floor 1,G (floor_4 & idle -> idle U floor_1),G(floor_1 & idle),False
ARTEMIS,49,Lift parks at floor 1,G (floor_4 & idle -> idle U floor_1),G(floor_1 & idle),False
ARTEMIS,49,Lift parks at floor 1,G (floor_4 & idle -> idle U floor_1),G(floor_1 & idle),False
ARTEMIS,49,Lift parks at floor 1,G (floor_4 & idle -> idle U floor_1),G(floor_1 & idle),False
ARTEMIS,49,Lift parks at floor 1,G (floor_4 & idle -> idle U floor_1),G(floor_1 & idle),False
ARTEMIS,49,Lift parks at floor 1,G (floor_4 & idle -> idle U floor_1),G(floor_1 & idle),False
ARTEMIS,49,Lift parks at floor 1,G (floor_4 & idle -> idle U floor_1),G(floor_1 & idle),False
ARTEMIS,49,Lift parks at floor 1,G (floor_4 & idle -> idle U floor_1),G(floor_1),False
ARTEMIS,49,Lift parks at floor 1,G (floor_4 & idle -> idle U floor_1),G(floor_1 & idle),False
ARTEMIS,49,Lift parks at floor 1,G (floor_4 & idle -> idle U floor_1),G(floor_1 & idle),False
ARTEMIS,49,Lift parks at floor 1,G (floor_4 & idle -> idle U floor_1),G(floor_1 & idle),False
ARTEMIS,49,Lift parks at floor 1,G (floor_4 & idle -> idle U floor_1),G(floor_1),False
ARTEMIS,49,Lift parks at floor 1,G (floor_4 & idle -> idle U floor_1),G(floor_1 & idle),False
ARTEMIS,49,Lift parks at floor 1,G (floor_4 & idle -> idle U floor_1),G(floor_1 & idle),False
ARTEMIS,49,Lift parks at floor 1,G (floor_4 & idle -> idle U floor_1),G(floor_1 & idle),False
ARTEMIS,49,Lift parks at floor 1,G (floor_4 & idle -> idle U floor_1),floor_1,False
ARTEMIS,49,Lift parks at floor 1,G (floor_4 & idle -> idle U floor_1),G(floor_1 & idle),False
ARTEMIS,49,Lift parks at floor 1,G (floor_4 & idle -> idle U floor_1),G(floor_1 & idle),False
ARTEMIS,49,Lift parks at floor 1,G (floor_4 & idle -> idle U floor_1),G(floor_1 & idle),False
ARTEMIS,49,Lift parks at floor 1,G (floor_4 & idle -> idle U floor_1),G(floor_1 & idle),False
ARTEMIS,49,Lift parks at floor 1,G (floor_4 & idle -> idle U floor_1),G(floor_1 & idle),False
ARTEMIS,49,Lift parks at floor 1,G (floor_4 & idle -> idle U floor_1),G(floor_1),False
ARTEMIS,49,Lift parks at floor 1,G (floor_4 & idle -> idle U floor_1),G(floor_1 & idle),False
ARTEMIS,49,Lift parks at floor 1,G (floor_4 & idle -> idle U floor_1),G(floor_1 & idle),False
ARTEMIS,49,Lift parks at floor 1,G (floor_4 & idle -> idle U floor_1),G(floor_1 & idle),False
ARTEMIS,49,Lift parks at floor 1,G (floor_4 & idle -> idle U floor_1),G(floor_1 & idle),False
ARTEMIS,49,Lift parks at floor 1,G (floor_4 & idle -> idle U floor_1),G(floor_1 & idle),False
ARTEMIS,49,Lift parks at floor 1,G (floor_4 & idle -> idle U floor_1),G(floor_1 & idle),False
ARTEMIS,49,Lift parks at floor 1,G (floor_4 & idle -> idle U floor_1),G(floor_1 & idle),False
ARTEMIS,49,Lift parks at floor 1,G (floor_4 & idle -> idle U floor_1),G(floor_1 & idle),False
ARTEMIS,49,Lift parks at floor 1,G (floor_4 & idle -> idle U floor_1),G(floor_1 & idle),False
ARTEMIS,49,Lift parks at floor 1,G (floor_4 & idle -> idle U floor_1),G(floor_1 & idle),False
ARTEMIS,49,Lift parks at floor 1,G (floor_4 & idle -> idle U floor_1),G(floor_1 & idle),False
ARTEMIS,49,Lift parks at floor 1,G (floor_4 & idle -> idle U floor_1),G(floor_1 & idle),False
ARTEMIS,49,Lift parks at floor 1,G (floor_4 & idle -> idle U floor_1),G(floor_1 & idle),False
ARTEMIS,49,Lift parks at floor 1,G (floor_4 & idle -> idle U floor_1),G(floor_1 & idle),False
ARTEMIS,49,Lift parks at floor 1,G (floor_4 & idle -> idle U floor_1),G(floor_1 & idle),False
ARTEMIS,49,Lift parks at floor 1,G (floor_4 & idle -> idle U floor_1),G(floor_1 & idle),False
ARTEMIS,49,Lift parks at floor 1,G (floor_4 & idle -> idle U floor_1),floor_1,False
ARTEMIS,49,Lift parks at floor 1,G (floor_4 & idle -> idle U floor_1),G(floor_1 & idle),False
ARTEMIS,49,Lift parks at floor 1,G (floor_4 & idle -> idle U floor_1),G(floor_1 & idle),False
ARTEMIS,49,Lift parks at floor 1,G (floor_4 & idle -> idle U floor_1),G(floor_1 & idle),False
ARTEMIS,49,Lift parks at floor 1,G (floor_4 & idle -> idle U floor_1),G(floor_1 & idle),False
ARTEMIS,49,Lift parks at floor 1,G (floor_4 & idle -> idle U floor_1),G(floor_1 & idle),False
ARTEMIS,49,Lift parks at floor 1,G (floor_4 & idle -> idle U floor_1),G(floor_1 & idle),False
ARTEMIS,49,Lift parks at floor 1,G (floor_4 & idle -> idle U floor_1),G(floor_1),False
ARTEMIS,49,Lift parks at floor 1,G (floor_4 & idle -> idle U floor_1),G(floor_1 & idle),False
ARTEMIS,49,Lift parks at floor 1,G (floor_4 & idle -> idle U floor_1),G(floor_1 & idle),False
ARTEMIS,49,Lift parks at floor 1,G (floor_4 & idle -> idle U floor_1),G(floor_1 & idle),False
ARTEMIS,49,Lift parks at floor 1,G (floor_4 & idle -> idle U floor_1),G(floor_1),False
ARTEMIS,49,Lift parks at floor 1,G (floor_4 & idle -> idle U floor_1),G(floor_1 & idle),False
ARTEMIS,49,Lift parks at floor 1,G (floor_4 & idle -> idle U floor_1),G(floor_1 & idle),False
ARTEMIS,49,Lift parks at floor 1,G (floor_4 & idle -> idle U floor_1),floor_1,False
ARTEMIS,49,Lift parks at floor 1,G (floor_4 & idle -> idle U floor_1),G(floor_1),False
ARTEMIS,49,Lift parks at floor 1,G (floor_4 & idle -> idle U floor_1),G(floor_1 & idle),False
ARTEMIS,49,Lift parks at floor 1,G (floor_4 & idle -> idle U floor_1),G(floor_1 & idle),False
ARTEMIS,49,Lift parks at floor 1,G (floor_4 & idle -> idle U floor_1),G(floor_1 & idle),False
ARTEMIS,49,Lift parks at floor 1,G (floor_4 & idle -> idle U floor_1),G(floor_1 & idle),False
ARTEMIS,49,Lift parks at floor 1,G (floor_4 & idle -> idle U floor_1),G(floor_1 & idle),False
ARTEMIS,49,Lift parks at floor 1,G (floor_4 & idle -> idle U floor_1),G(floor_1 & idle),False
ARTEMIS,49,Lift parks at floor 1,G (floor_4 & idle -> idle U floor_1),G(floor_1 & idle),False
ARTEMIS,49,Lift parks at floor 1,G (floor_4 & idle -> idle U floor_1),G(floor_1),False
ARTEMIS,49,Lift parks at floor 1,G (floor_4 & idle -> idle U floor_1),G(floor_1 & idle),False
ARTEMIS,49,Lift parks at floor 1,G (floor_4 & idle -> idle U floor_1),G(floor_1 & idle),False
ARTEMIS,49,Lift parks at floor 1,G (floor_4 & idle -> idle U floor_1),G(floor_1 & idle),False
ARTEMIS,49,Lift parks at floor 1,G (floor_4 & idle -> idle U floor_1),G(floor_1 & idle),False
ARTEMIS,49,Lift parks at floor 1,G (floor_4 & idle -> idle U floor_1),G(floor_1 & idle),False
ARTEMIS,49,Lift parks at floor 1,G (floor_4 & idle -> idle U floor_1),floor_1,False
ARTEMIS,49,Lift parks at floor 1,G (floor_4 & idle -> idle U floor_1),floor_1,False
ARTEMIS,49,Lift parks at floor 1,G (floor_4 & idle -> idle U floor_1),floor_1,False
ARTEMIS,49,Lift parks at floor 1,G (floor_4 & idle -> idle U floor_1),floor_1,False
ARTEMIS,49,Lift parks at floor 1,G (floor_4 & idle -> idle U floor_1),G(floor_1 & idle),False
ARTEMIS,49,Lift parks at floor 1,G (floor_4 & idle -> idle U floor_1),G(floor_1 & idle),False
ARTEMIS,49,Lift parks at floor 1,G (floor_4 & idle -> idle U floor_1),G(floor_1 & idle),False
ARTEMIS,49,Lift parks at floor 1,G (floor_4 & idle -> idle U floor_1),G(floor_1),False
ARTEMIS,49,Lift parks at floor 1,G (floor_4 & idle -> idle U floor_1),G(floor_1 & idle),False
ARTEMIS,49,Lift parks at floor 1,G (floor_4 & idle -> idle U floor_1),G(floor_1 & idle),False
ARTEMIS,49,Lift parks at floor 1,G (floor_4 & idle -> idle U floor_1),G(floor_1 & idle),False
ARTEMIS,49,Lift parks at floor 1,G (floor_4 & idle -> idle U floor_1),G(floor_1 & idle),False
ARTEMIS,49,Lift parks at floor 1,G (floor_4 & idle -> idle U floor_1),G(floor_1 & idle),False
ARTEMIS,49,Lift parks at floor 1,G (floor_4 & idle -> idle U floor_1),G(floor_1 & idle),False
ARTEMIS,49,Lift parks at floor 1,G (floor_4 & idle -> idle U floor_1),G(floor_1 & idle),False
ARTEMIS,49,Lift parks at floor 1,G (floor_4 & idle -> idle U floor_1),G(floor_1 & idle),False
ARTEMIS,49,Lift parks at floor 1,G (floor_4 & idle -> idle U floor_1),G(floor_1 & idle),False
ARTEMIS,49,Lift parks at floor 1,G (floor_4 & idle -> idle U floor_1),G(floor_1 & idle),False
ARTEMIS,49,Lift parks at floor 1,G (floor_4 & idle -> idle U floor_1),G(floor_1 & idle),False
ARTEMIS,49,Lift parks at floor 1,G (floor_4 & idle -> idle U floor_1),G(floor_1 & idle),False
ARTEMIS,49,Lift parks at floor 1,G (floor_4 & idle -> idle U floor_1),G(floor_1 & idle),False
ARTEMIS,49,Lift parks at floor 1,G (floor_4 & idle -> idle U floor_1),G(floor_1 & idle),False
ARTEMIS,49,Lift parks at floor 1,G (floor_4 & idle -> idle U floor_1),G(floor_1 & idle),False
ARTEMIS,49,Lift parks at floor 1,G (floor_4 & idle -> idle U floor_1),G(floor_1 & idle),False
ARTEMIS,58,Every b is followed by an r but no np_,G  (b -> (G  !np_& F r)),G(b -> F(r & !np_)),False
ARTEMIS,58,Every b is followed by an r but no np_,G  (b -> (G  !np_& F r)),G(b -> F(r & !np_)),False
ARTEMIS,58,Every b is followed by an r but no np_,G  (b -> (G  !np_& F r)),G(b -> F(r & !np_)),False
ARTEMIS,58,Every b is followed by an r but no np_,G  (b -> (G  !np_& F r)),G(b -> F(r & !np_)),False
ARTEMIS,58,Every b is followed by an r but no np_,G  (b -> (G  !np_& F r)),G(b -> F(r & !np_)),False
ARTEMIS,58,Every b is followed by an r but no np_,G  (b -> (G  !np_& F r)),G(b -> F(r & !np_)),False
ARTEMIS,58,Every b is followed by an r but no np_,G  (b -> (G  !np_& F r)),G(b -> F(r & !np_)),False
ARTEMIS,58,Every b is followed by an r but no np_,G  (b -> (G  !np_& F r)),G(b -> F(r & !np_)),False
ARTEMIS,58,Every b is followed by an r but no np_,G  (b -> (G  !np_& F r)),G(b -> F(r & !np_)),False
ARTEMIS,58,Every b is followed by an r but no np_,G  (b -> (G  !np_& F r)),G(b -> F(r & !np_)),False
ARTEMIS,58,Every b is followed by an r but no np_,G  (b -> (G  !np_& F r)),G(b -> F(r & !np_)),False
ARTEMIS,58,Every b is followed by an r but no np_,G  (b -> (G  !np_& F r)),G(b -> F(r & !np_)),False
ARTEMIS,58,Every b is followed by an r but no np_,G  (b -> (G  !np_& F r)),G(b -> F(r & !np_)),False
ARTEMIS,58,Every b is followed by an r but no np_,G  (b -> (G  !np_& F r)),G(b -> F(r & !np_)),False
ARTEMIS,58,Every b is followed by an r but no np_,G  (b -> (G  !np_& F r)),G(b -> F(r & !np_)),False
ARTEMIS,58,Every b is followed by an r but no np_,G  (b -> (G  !np_& F r)),G(b -> F(r & !np_)),False
ARTEMIS,58,Every b is followed by an r but no np_,G  (b -> (G  !np_& F r)),G(b -> F(r & !np_)),False
ARTEMIS,58,Every b is followed by an r but no np_,G  (b -> (G  !np_& F r)),G(b -> F(r & !np_)),False
ARTEMIS,58,Every b is followed by an r but no np_,G  (b -> (G  !np_& F r)),G(b -> F(r & !np_)),False
ARTEMIS,58,Every b is followed by an r but no np_,G  (b -> (G  !np_& F r)),G(b -> F(r & !np_)),False
ARTEMIS,58,Every b is followed by an r but no np_,G  (b -> (G  !np_& F r)),G(b -> F(r & !np_)),False
ARTEMIS,58,Every b is followed by an r but no np_,G  (b -> (G  !np_& F r)),G(b -> F(r & !np_)),False
ARTEMIS,58,Every b is followed by an r but no np_,G  (b -> (G  !np_& F r)),G(b -> F(r & !np_)),False
ARTEMIS,58,Every b is followed by an r but no np_,G  (b -> (G  !np_& F r)),G(b -> F(r & !np_)),False
ARTEMIS,58,Every b is followed by an r but no np_,G  (b -> (G  !np_& F r)),G(b -> F(r & !np_)),False
ARTEMIS,58,Every b is followed by an r but no np_,G  (b -> (G  !np_& F r)),G(b -> F(r & !np_)),False
ARTEMIS,58,Every b is followed by an r but no np_,G  (b -> (G  !np_& F r)),G(b -> F(r & !np_)),False
ARTEMIS,58,Every b is followed by an r but no np_,G  (b -> (G  !np_& F r)),G(b -> F(r & !np_)),False
ARTEMIS,58,Every b is followed by an r but no np_,G  (b -> (G  !np_& F r)),G(b -> F(r & !np_)),False
ARTEMIS,58,Every b is followed by an r but no np_,G  (b -> (G  !np_& F r)),G(b -> F(r & !np_)),False
ARTEMIS,58,Every b is followed by an r but no np_,G  (b -> (G  !np_& F r)),G(b -> (F r & !np_)),False
ARTEMIS,58,Every b is followed by an r but no np_,G  (b -> (G  !np_& F r)),G(b -> F(r & !np_)),False
ARTEMIS,58,Every b is followed by an r but no np_,G  (b -> (G  !np_& F r)),G(b -> F(r & !np_)),False
ARTEMIS,58,Every b is followed by an r but no np_,G  (b -> (G  !np_& F r)),G(b -> F(r & !np_)),False
ARTEMIS,58,Every b is followed by an r but no np_,G  (b -> (G  !np_& F r)),G(b -> (F r & !np_)),False
ARTEMIS,58,Every b is followed by an r but no np_,G  (b -> (G  !np_& F r)),G(b -> F(r & !np_)),False
ARTEMIS,58,Every b is followed by an r but no np_,G  (b -> (G  !np_& F r)),G(b -> F(r & !np_)),False
ARTEMIS,58,Every b is followed by an r but no np_,G  (b -> (G  !np_& F r)),G(b -> (F r & !np_)),False
ARTEMIS,58,Every b is followed by an r but no np_,G  (b -> (G  !np_& F r)),G(b -> F(r & !np_)),False
ARTEMIS,58,Every b is followed by an r but no np_,G  (b -> (G  !np_& F r)),G(b -> F(r & !np_)),False
ARTEMIS,58,Every b is followed by an r but no np_,G  (b -> (G  !np_& F r)),G(b -> F(r & !np_)),False
ARTEMIS,58,Every b is followed by an r but no np_,G  (b -> (G  !np_& F r)),G(b -> F(r & !np_)),False
ARTEMIS,58,Every b is followed by an r but no np_,G  (b -> (G  !np_& F r)),G(b -> (F r & !np_)),False
ARTEMIS,58,Every b is followed by an r but no np_,G  (b -> (G  !np_& F r)),G(b -> F(r & !np_)),False
ARTEMIS,58,Every b is followed by an r but no np_,G  (b -> (G  !np_& F r)),G(b -> F(r & !np_)),False
ARTEMIS,58,Every b is followed by an r but no np_,G  (b -> (G  !np_& F r)),G(b -> (F r & !np_)),False
ARTEMIS,58,Every b is followed by an r but no np_,G  (b -> (G  !np_& F r)),G(b -> F(r & !np_)),False
ARTEMIS,58,Every b is followed by an r but no np_,G  (b -> (G  !np_& F r)),G(b -> F(r & !np_)),False
ARTEMIS,58,Every b is followed by an r but no np_,G  (b -> (G  !np_& F r)),G(b -> (F r & !np_)),False
ARTEMIS,58,Every b is followed by an r but no np_,G  (b -> (G  !np_& F r)),G(b -> F(r & !np_)),False
ARTEMIS,58,Every b is followed by an r but no np_,G  (b -> (G  !np_& F r)),G(b -> (F r & !np_)),False
ARTEMIS,58,Every b is followed by an r but no np_,G  (b -> (G  !np_& F r)),G(b -> F(r & !np_)),False
ARTEMIS,58,Every b is followed by an r but no np_,G  (b -> (G  !np_& F r)),G(b -> F(r & !np_)),False
ARTEMIS,58,Every b is followed by an r but no np_,G  (b -> (G  !np_& F r)),G(b -> F(r & !np_)),False
ARTEMIS,58,Every b is followed by an r but no np_,G  (b -> (G  !np_& F r)),G(b -> F(r & !np_)),False
ARTEMIS,58,Every b is followed by an r but no np_,G  (b -> (G  !np_& F r)),G(b -> F(r & !np_)),False
ARTEMIS,58,Every b is followed by an r but no np_,G  (b -> (G  !np_& F r)),G(b -> F(r & !np_)),False
ARTEMIS,58,Every b is followed by an r but no np_,G  (b -> (G  !np_& F r)),G(b -> F(r & !np_)),False
ARTEMIS,58,Every b is followed by an r but no np_,G  (b -> (G  !np_& F r)),G(b -> (F r & !np_)),False
ARTEMIS,58,Every b is followed by an r but no np_,G  (b -> (G  !np_& F r)),G(b -> F(r & !np_)),False
ARTEMIS,58,Every b is followed by an r but no np_,G  (b -> (G  !np_& F r)),G(b -> (F r & !np_)),False
ARTEMIS,58,Every b is followed by an r but no np_,G  (b -> (G  !np_& F r)),G(b -> (F r & !np_)),False
ARTEMIS,58,Every b is followed by an r but no np_,G  (b -> (G  !np_& F r)),G(b -> F(r & !np_)),False
ARTEMIS,58,Every b is followed by an r but no np_,G  (b -> (G  !np_& F r)),G(b -> F(r & !np_)),False
ARTEMIS,58,Every b is followed by an r but no np_,G  (b -> (G  !np_& F r)),G(b -> (F r & !np_)),False
ARTEMIS,58,Every b is followed by an r but no np_,G  (b -> (G  !np_& F r)),G(b -> F(r & !np_)),False
ARTEMIS,58,Every b is followed by an r but no np_,G  (b -> (G  !np_& F r)),G(b -> F(r & !np_)),False
ARTEMIS,58,Every b is followed by an r but no np_,G  (b -> (G  !np_& F r)),G(b -> F(r & !np_)),False
ARTEMIS,58,Every b is followed by an r but no np_,G  (b -> (G  !np_& F r)),G(b -> (F r & !np_)),False
ARTEMIS,58,Every b is followed by an r but no np_,G  (b -> (G  !np_& F r)),G(b -> F(r & !np_)),False
ARTEMIS,58,Every b is followed by an r but no np_,G  (b -> (G  !np_& F r)),G(b -> (F r & !np_)),False
ARTEMIS,58,Every b is followed by an r but no np_,G  (b -> (G  !np_& F r)),G(b -> (F r & !np_)),False
ARTEMIS,58,Every b is followed by an r but no np_,G  (b -> (G  !np_& F r)),G(b -> F(r & !np_)),False
ARTEMIS,58,Every b is followed by an r but no np_,G  (b -> (G  !np_& F r)),G(b -> (F r & !np_)),False
ARTEMIS,58,Every b is followed by an r but no np_,G  (b -> (G  !np_& F r)),G(b -> F(r & !np_)),False
ARTEMIS,58,Every b is followed by an r but no np_,G  (b -> (G  !np_& F r)),G(b -> F(r & !np_)),False
ARTEMIS,58,Every b is followed by an r but no np_,G  (b -> (G  !np_& F r)),G(b -> F(r & !np_)),False
ARTEMIS,58,Every b is followed by an r but no np_,G  (b -> (G  !np_& F r)),G(b -> F(r & !np_)),False
ARTEMIS,58,Every b is followed by an r but no np_,G  (b -> (G  !np_& F r)),G(b -> F(r & !np_)),False
ARTEMIS,58,Every b is followed by an r but no np_,G  (b -> (G  !np_& F r)),G(b -> (F r & !np_)),False
ARTEMIS,58,Every b is followed by an r but no np_,G  (b -> (G  !np_& F r)),G(b -> (F r & !np_)),False
ARTEMIS,58,Every b is followed by an r but no np_,G  (b -> (G  !np_& F r)),G(b -> F(r & !np_)),False
ARTEMIS,58,Every b is followed by an r but no np_,G  (b -> (G  !np_& F r)),G(b -> F(r & !np_)),False
ARTEMIS,58,Every b is followed by an r but no np_,G  (b -> (G  !np_& F r)),G(b -> F(r & !np_)),False
ARTEMIS,58,Every b is followed by an r but no np_,G  (b -> (G  !np_& F r)),G(b -> (F r & !np_)),False
ARTEMIS,58,Every b is followed by an r but no np_,G  (b -> (G  !np_& F r)),G(b -> (F r & !np_)),False
ARTEMIS,58,Every b is followed by an r but no np_,G  (b -> (G  !np_& F r)),G(b -> F(r & !np_)),False
ARTEMIS,58,Every b is followed by an r but no np_,G  (b -> (G  !np_& F r)),G(b -> F(r & !np_)),False
ARTEMIS,58,Every b is followed by an r but no np_,G  (b -> (G  !np_& F r)),G(b -> F(r & !np_)),False
ARTEMIS,58,Every b is followed by an r but no np_,G  (b -> (G  !np_& F r)),G(b -> (F r & !np_)),False
ARTEMIS,58,Every b is followed by an r but no np_,G  (b -> (G  !np_& F r)),G(b -> F(r & !np_)),False
ARTEMIS,58,Every b is followed by an r but no np_,G  (b -> (G  !np_& F r)),G(b -> (F r & !np_)),False
ARTEMIS,58,Every b is followed by an r but no np_,G  (b -> (G  !np_& F r)),G(b -> F(r & !np_)),False
ARTEMIS,58,Every b is followed by an r but no np_,G  (b -> (G  !np_& F r)),G(b -> F(r & !np_)),False
ARTEMIS,58,Every b is followed by an r but no np_,G  (b -> (G  !np_& F r)),G(b -> F(r & !np_)),False
ARTEMIS,58,Every b is followed by an r but no np_,G  (b -> (G  !np_& F r)),G(b -> F(r & !np_)),False
ARTEMIS,58,Every b is followed by an r but no np_,G  (b -> (G  !np_& F r)),G(b -> F(r & !np_)),False
ARTEMIS,58,Every b is followed by an r but no np_,G  (b -> (G  !np_& F r)),G(b -> (F r & !np_)),False
ARTEMIS,58,Every b is followed by an r but no np_,G  (b -> (G  !np_& F r)),G(b -> F(r & !np_)),False
ARTEMIS,58,Every b is followed by an r but no np_,G  (b -> (G  !np_& F r)),G(b -> F(r & !np_)),False
ARTEMIS,76,There are no collisions between the press and the robot.,G (pressing -> (!arm1_in_press & !arm2_in_press)),G(!(arm1_in_press | arm2_in_press)),False
ARTEMIS,76,There are no collisions between the press and the robot.,G (pressing -> (!arm1_in_press & !arm2_in_press)),G(!(arm1_in_press | arm2_in_press)),False
ARTEMIS,76,There are no collisions between the press and the robot.,G (pressing -> (!arm1_in_press & !arm2_in_press)),G(!(arm1_in_press | arm2_in_press) | !pressing),True
ARTEMIS,76,There are no collisions between the press and the robot.,G (pressing -> (!arm1_in_press & !arm2_in_press)),G(!(arm1_in_press | arm2_in_press)),False
ARTEMIS,76,There are no collisions between the press and the robot.,G (pressing -> (!arm1_in_press & !arm2_in_press)),G(!(arm1_in_press | arm2_in_press)),False
ARTEMIS,76,There are no collisions between the press and the robot.,G (pressing -> (!arm1_in_press & !arm2_in_press)),G(!(arm1_in_press | arm2_in_press)),False
ARTEMIS,76,There are no collisions between the press and the robot.,G (pressing -> (!arm1_in_press & !arm2_in_press)),G(!(arm1_in_press | arm2_in_press)),False
ARTEMIS,76,There are no collisions between the press and the robot.,G (pressing -> (!arm1_in_press & !arm2_in_press)),G(!(arm1_in_press | arm2_in_press)),False
ARTEMIS,76,There are no collisions between the press and the robot.,G (pressing -> (!arm1_in_press & !arm2_in_press)),G(!(arm1_in_press | arm2_in_press)),False
ARTEMIS,76,There are no collisions between the press and the robot.,G (pressing -> (!arm1_in_press & !arm2_in_press)),G(!(arm1_in_press | arm2_in_press)),False
ARTEMIS,76,There are no collisions between the press and the robot.,G (pressing -> (!arm1_in_press & !arm2_in_press)),G(!(arm1_in_press | arm2_in_press)),False
ARTEMIS,76,There are no collisions between the press and the robot.,G (pressing -> (!arm1_in_press & !arm2_in_press)),G(!(arm1_in_press | arm2_in_press) | !pressing),True
ARTEMIS,76,There are no collisions between the press and the robot.,G (pressing -> (!arm1_in_press & !arm2_in_press)),G(!(arm1_in_press | arm2_in_press) | !pressing),True
ARTEMIS,76,There are no collisions between the press and the robot.,G (pressing -> (!arm1_in_press & !arm2_in_press)),G(!(arm1_in_press | arm2_in_press)),False
ARTEMIS,76,There are no collisions between the press and the robot.,G (pressing -> (!arm1_in_press & !arm2_in_press)),G(!(arm1_in_press | arm2_in_press)),False
ARTEMIS,76,There are no collisions between the press and the robot.,G (pressing -> (!arm1_in_press & !arm2_in_press)),G(!(arm1_in_press | arm2_in_press) | !pressing),True
ARTEMIS,76,There are no collisions between the press and the robot.,G (pressing -> (!arm1_in_press & !arm2_in_press)),G(!(arm1_in_press | arm2_in_press)),False
ARTEMIS,76,There are no collisions between the press and the robot.,G (pressing -> (!arm1_in_press & !arm2_in_press)),G(!(arm1_in_press | arm2_in_press)),False
ARTEMIS,76,There are no collisions between the press and the robot.,G (pressing -> (!arm1_in_press & !arm2_in_press)),G(!(arm1_in_press | arm2_in_press)),False
ARTEMIS,76,There are no collisions between the press and the robot.,G (pressing -> (!arm1_in_press & !arm2_in_press)),G(!(arm1_in_press | arm2_in_press)),False
ARTEMIS,76,There are no collisions between the press and the robot.,G (pressing -> (!arm1_in_press & !arm2_in_press)),G(!(arm1_in_press | arm2_in_press) | !pressing),True
ARTEMIS,76,There are no collisions between the press and the robot.,G (pressing -> (!arm1_in_press & !arm2_in_press)),G(!(arm1_in_press | arm2_in_press)),False
ARTEMIS,76,There are no collisions between the press and the robot.,G (pressing -> (!arm1_in_press & !arm2_in_press)),G(!(arm1_in_press | arm2_in_press)),False
ARTEMIS,76,There are no collisions between the press and the robot.,G (pressing -> (!arm1_in_press & !arm2_in_press)),G(!(arm1_in_press | arm2_in_press)),False
ARTEMIS,76,There are no collisions between the press and the robot.,G (pressing -> (!arm1_in_press & !arm2_in_press)),G(!(arm1_in_press | arm2_in_press)),False
ARTEMIS,76,There are no collisions between the press and the robot.,G (pressing -> (!arm1_in_press & !arm2_in_press)),G(!(arm1_in_press | arm2_in_press)),False
ARTEMIS,76,There are no collisions between the press and the robot.,G (pressing -> (!arm1_in_press & !arm2_in_press)),G(!(arm1_in_press | arm2_in_press) | !pressing),True
ARTEMIS,76,There are no collisions between the press and the robot.,G (pressing -> (!arm1_in_press & !arm2_in_press)),G(!(arm1_in_press | arm2_in_press) | !pressing),True
ARTEMIS,76,There are no collisions between the press and the robot.,G (pressing -> (!arm1_in_press & !arm2_in_press)),G(!(arm1_in_press | arm2_in_press)),False
ARTEMIS,76,There are no collisions between the press and the robot.,G (pressing -> (!arm1_in_press & !arm2_in_press)),G(!(arm1_in_press | arm2_in_press)),False
ARTEMIS,76,There are no collisions between the press and the robot.,G (pressing -> (!arm1_in_press & !arm2_in_press)),G(!(arm1_in_press | arm2_in_press) | !pressing),True
ARTEMIS,76,There are no collisions between the press and the robot.,G (pressing -> (!arm1_in_press & !arm2_in_press)),G(!(arm1_in_press | arm2_in_press)),False
ARTEMIS,76,There are no collisions between the press and the robot.,G (pressing -> (!arm1_in_press & !arm2_in_press)),G(!(arm1_in_press | arm2_in_press) | !pressing),True
ARTEMIS,76,There are no collisions between the press and the robot.,G (pressing -> (!arm1_in_press & !arm2_in_press)),G(!(arm1_in_press | arm2_in_press)),False
ARTEMIS,76,There are no collisions between the press and the robot.,G (pressing -> (!arm1_in_press & !arm2_in_press)),G(!(arm1_in_press | arm2_in_press)),False
ARTEMIS,76,There are no collisions between the press and the robot.,G (pressing -> (!arm1_in_press & !arm2_in_press)),G(!(arm1_in_press | arm2_in_press) | !pressing),True
ARTEMIS,76,There are no collisions between the press and the robot.,G (pressing -> (!arm1_in_press & !arm2_in_press)),G(!(arm1_in_press | arm2_in_press) | !pressing),True
ARTEMIS,76,There are no collisions between the press and the robot.,G (pressing -> (!arm1_in_press & !arm2_in_press)),G(!(arm1_in_press | arm2_in_press)),False
ARTEMIS,76,There are no collisions between the press and the robot.,G (pressing -> (!arm1_in_press & !arm2_in_press)),G(!(arm1_in_press | arm2_in_press)),False
ARTEMIS,76,There are no collisions between the press and the robot.,G (pressing -> (!arm1_in_press & !arm2_in_press)),G(!(arm1_in_press | arm2_in_press)),False
ARTEMIS,76,There are no collisions between the press and the robot.,G (pressing -> (!arm1_in_press & !arm2_in_press)),G(!(arm1_in_press | arm2_in_press) | !pressing),True
ARTEMIS,76,There are no collisions between the press and the robot.,G (pressing -> (!arm1_in_press & !arm2_in_press)),G(!(arm1_in_press | arm2_in_press) | !pressing),True
ARTEMIS,76,There are no collisions between the press and the robot.,G (pressing -> (!arm1_in_press & !arm2_in_press)),G(!(arm1_in_press | arm2_in_press)),False
ARTEMIS,76,There are no collisions between the press and the robot.,G (pressing -> (!arm1_in_press & !arm2_in_press)),G(!(arm1_in_press | arm2_in_press)),False
ARTEMIS,76,There are no collisions between the press and the robot.,G (pressing -> (!arm1_in_press & !arm2_in_press)),G(!(arm1_in_press | arm2_in_press)),False
ARTEMIS,76,There are no collisions between the press and the robot.,G (pressing -> (!arm1_in_press & !arm2_in_press)),G(!(arm1_in_press | arm2_in_press)),False
ARTEMIS,76,There are no collisions between the press and the robot.,G (pressing -> (!arm1_in_press & !arm2_in_press)),G(!(arm1_in_press | arm2_in_press)),False
ARTEMIS,76,There are no collisions between the press and the robot.,G (pressing -> (!arm1_in_press & !arm2_in_press)),G(!(arm1_in_press | arm2_in_press)),False
ARTEMIS,76,There are no collisions between the press and the robot.,G (pressing -> (!arm1_in_press & !arm2_in_press)),G(!(arm1_in_press | arm2_in_press)),False
ARTEMIS,76,There are no collisions between the press and the robot.,G (pressing -> (!arm1_in_press & !arm2_in_press)),G(!(arm1_in_press | arm2_in_press)),False
ARTEMIS,76,There are no collisions between the press and the robot.,G (pressing -> (!arm1_in_press & !arm2_in_press)),G(!(arm1_in_press | arm2_in_press)),False
ARTEMIS,76,There are no collisions between the press and the robot.,G (pressing -> (!arm1_in_press & !arm2_in_press)),G(!(arm1_in_press | arm2_in_press)),False
ARTEMIS,76,There are no collisions between the press and the robot.,G (pressing -> (!arm1_in_press & !arm2_in_press)),G(!(arm1_in_press | arm2_in_press)),False
ARTEMIS,76,There are no collisions between the press and the robot.,G (pressing -> (!arm1_in_press & !arm2_in_press)),G(!(arm1_in_press | arm2_in_press)),False
ARTEMIS,76,There are no collisions between the press and the robot.,G (pressing -> (!arm1_in_press & !arm2_in_press)),G(!(arm1_in_press | arm2_in_press) | !pressing),True
ARTEMIS,76,There are no collisions between the press and the robot.,G (pressing -> (!arm1_in_press & !arm2_in_press)),G(!(arm1_in_press | arm2_in_press) | !pressing),True
ARTEMIS,76,There are no collisions between the press and the robot.,G (pressing -> (!arm1_in_press & !arm2_in_press)),G(!(arm1_in_press | arm2_in_press)),False
ARTEMIS,76,There are no collisions between the press and the robot.,G (pressing -> (!arm1_in_press & !arm2_in_press)),G(!(arm1_in_press | arm2_in_press)),False
ARTEMIS,76,There are no collisions between the press and the robot.,G (pressing -> (!arm1_in_press & !arm2_in_press)),G(!(arm1_in_press | arm2_in_press)),False
ARTEMIS,76,There are no collisions between the press and the robot.,G (pressing -> (!arm1_in_press & !arm2_in_press)),G(!(arm1_in_press | arm2_in_press)),False
ARTEMIS,76,There are no collisions between the press and the robot.,G (pressing -> (!arm1_in_press & !arm2_in_press)),G(!(arm1_in_press | arm2_in_press)),False
ARTEMIS,76,There are no collisions between the press and the robot.,G (pressing -> (!arm1_in_press & !arm2_in_press)),G(!(arm1_in_press | arm2_in_press) | !pressing),True
ARTEMIS,76,There are no collisions between the press and the robot.,G (pressing -> (!arm1_in_press & !arm2_in_press)),G(!(arm1_in_press | arm2_in_press)),False
ARTEMIS,76,There are no collisions between the press and the robot.,G (pressing -> (!arm1_in_press & !arm2_in_press)),G(!(arm1_in_press | arm2_in_press)),False
ARTEMIS,76,There are no collisions between the press and the robot.,G (pressing -> (!arm1_in_press & !arm2_in_press)),G(!(arm1_in_press | arm2_in_press)),False
ARTEMIS,76,There are no collisions between the press and the robot.,G (pressing -> (!arm1_in_press & !arm2_in_press)),G(!(arm1_in_press | arm2_in_press)),False
ARTEMIS,76,There are no collisions between the press and the robot.,G (pressing -> (!arm1_in_press & !arm2_in_press)),G(!(arm1_in_press | arm2_in_press) | !pressing),True
ARTEMIS,76,There are no collisions between the press and the robot.,G (pressing -> (!arm1_in_press & !arm2_in_press)),G(!(arm1_in_press | arm2_in_press) | !pressing),True
ARTEMIS,76,There are no collisions between the press and the robot.,G (pressing -> (!arm1_in_press & !arm2_in_press)),G(!(arm1_in_press | arm2_in_press)),False
ARTEMIS,76,There are no collisions between the press and the robot.,G (pressing -> (!arm1_in_press & !arm2_in_press)),G(!(arm1_in_press | arm2_in_press)),False
ARTEMIS,76,There are no collisions between the press and the robot.,G (pressing -> (!arm1_in_press & !arm2_in_press)),G(!(arm1_in_press | arm2_in_press)),False
ARTEMIS,76,There are no collisions between the press and the robot.,G (pressing -> (!arm1_in_press & !arm2_in_press)),G(!(arm1_in_press | arm2_in_press) | !pressing),True
ARTEMIS,76,There are no collisions between the press and the robot.,G (pressing -> (!arm1_in_press & !arm2_in_press)),G(!(arm1_in_press | arm2_in_press)),False
ARTEMIS,76,There are no collisions between the press and the robot.,G (pressing -> (!arm1_in_press & !arm2_in_press)),G(!(arm1_in_press | arm2_in_press)),False
ARTEMIS,76,There are no collisions between the press and the robot.,G (pressing -> (!arm1_in_press & !arm2_in_press)),G(!(arm1_in_press | arm2_in_press) | !pressing),True
ARTEMIS,76,There are no collisions between the press and the robot.,G (pressing -> (!arm1_in_press & !arm2_in_press)),G(!(arm1_in_press | arm2_in_press)),False
ARTEMIS,76,There are no collisions between the press and the robot.,G (pressing -> (!arm1_in_press & !arm2_in_press)),G(!(arm1_in_press | arm2_in_press)),False
ARTEMIS,76,There are no collisions between the press and the robot.,G (pressing -> (!arm1_in_press & !arm2_in_press)),G(!(arm1_in_press | arm2_in_press)),False
ARTEMIS,76,There are no collisions between the press and the robot.,G (pressing -> (!arm1_in_press & !arm2_in_press)),G(!(arm1_in_press | arm2_in_press)),False
ARTEMIS,76,There are no collisions between the press and the robot.,G (pressing -> (!arm1_in_press & !arm2_in_press)),G(!(arm1_in_press | arm2_in_press) | !pressing),True
ARTEMIS,76,There are no collisions between the press and the robot.,G (pressing -> (!arm1_in_press & !arm2_in_press)),G(!(arm1_in_press | arm2_in_press)),False
ARTEMIS,76,There are no collisions between the press and the robot.,G (pressing -> (!arm1_in_press & !arm2_in_press)),G(!(arm1_in_press | arm2_in_press)),False
ARTEMIS,76,There are no collisions between the press and the robot.,G (pressing -> (!arm1_in_press & !arm2_in_press)),G(!(arm1_in_press | arm2_in_press) | !pressing),True
ARTEMIS,76,There are no collisions between the press and the robot.,G (pressing -> (!arm1_in_press & !arm2_in_press)),G(!(arm1_in_press | arm2_in_press)),False
ARTEMIS,76,There are no collisions between the press and the robot.,G (pressing -> (!arm1_in_press & !arm2_in_press)),G(!(arm1_in_press | arm2_in_press) | !pressing),True
ARTEMIS,76,There are no collisions between the press and the robot.,G (pressing -> (!arm1_in_press & !arm2_in_press)),G(!(arm1_in_press | arm2_in_press) | !pressing),True
ARTEMIS,76,There are no collisions between the press and the robot.,G (pressing -> (!arm1_in_press & !arm2_in_press)),G(!(arm1_in_press | arm2_in_press)),False
ARTEMIS,76,There are no collisions between the press and the robot.,G (pressing -> (!arm1_in_press & !arm2_in_press)),G(!(arm1_in_press | arm2_in_press) | !pressing),True
ARTEMIS,76,There are no collisions between the press and the robot.,G (pressing -> (!arm1_in_press & !arm2_in_press)),G(!(arm1_in_press | arm2_in_press)),False
ARTEMIS,76,There are no collisions between the press and the robot.,G (pressing -> (!arm1_in_press & !arm2_in_press)),G(!(arm1_in_press | arm2_in_press)),False
ARTEMIS,76,There are no collisions between the press and the robot.,G (pressing -> (!arm1_in_press & !arm2_in_press)),G(!(arm1_in_press | arm2_in_press) | !pressing),True
ARTEMIS,76,There are no collisions between the press and the robot.,G (pressing -> (!arm1_in_press & !arm2_in_press)),G(!(arm1_in_press | arm2_in_press)),False
ARTEMIS,76,There are no collisions between the press and the robot.,G (pressing -> (!arm1_in_press & !arm2_in_press)),G(!(arm1_in_press | arm2_in_press)),False
ARTEMIS,76,There are no collisions between the press and the robot.,G (pressing -> (!arm1_in_press & !arm2_in_press)),G(!(arm1_in_press | arm2_in_press) | !pressing),True
ARTEMIS,76,There are no collisions between the press and the robot.,G (pressing -> (!arm1_in_press & !arm2_in_press)),G(!(arm1_in_press | arm2_in_press)),False
ARTEMIS,76,There are no collisions between the press and the robot.,G (pressing -> (!arm1_in_press & !arm2_in_press)),G(!(arm1_in_press | arm2_in_press)),False
ARTEMIS,76,There are no collisions between the press and the robot.,G (pressing -> (!arm1_in_press & !arm2_in_press)),G(!(arm1_in_press | arm2_in_press) | !pressing),True
ARTEMIS,76,There are no collisions between the press and the robot.,G (pressing -> (!arm1_in_press & !arm2_in_press)),G(!(arm1_in_press | arm2_in_press)),False
ARTEMIS,76,There are no collisions between the press and the robot.,G (pressing -> (!arm1_in_press & !arm2_in_press)),G(!(arm1_in_press | arm2_in_press)),False
ARTEMIS,76,There are no collisions between the press and the robot.,G (pressing -> (!arm1_in_press & !arm2_in_press)),G(!(arm1_in_press | arm2_in_press)),False
ARTEMIS,77,"For all ports p numbered from, say 0 to m, if p is created",G ((P_0 -> Q_0) &_& (P_m -> Q_m)),G(P_0 -> F Q_0) & G(P_m -> F Q_m),False
ARTEMIS,77,"For all ports p numbered from, say 0 to m, if p is created",G ((P_0 -> Q_0) &_& (P_m -> Q_m)),G(P_0 -> P_0),False
ARTEMIS,77,"For all ports p numbered from, say 0 to m, if p is created",G ((P_0 -> Q_0) &_& (P_m -> Q_m)),G(P_0 -> F Q_0) & G(P_m -> F Q_m),False
ARTEMIS,77,"For all ports p numbered from, say 0 to m, if p is created",G ((P_0 -> Q_0) &_& (P_m -> Q_m)),G(P_0 -> P_0),False
ARTEMIS,77,"For all ports p numbered from, say 0 to m, if p is created",G ((P_0 -> Q_0) &_& (P_m -> Q_m)),G(P_0 -> F Q_0) & G(P_m -> F Q_m),False
ARTEMIS,77,"For all ports p numbered from, say 0 to m, if p is created",G ((P_0 -> Q_0) &_& (P_m -> Q_m)),G(P_0 -> F Q_0),False
ARTEMIS,77,"For all ports p numbered from, say 0 to m, if p is created",G ((P_0 -> Q_0) &_& (P_m -> Q_m)),G(P_0 -> F Q_0) & G(P_m -> F Q_m),False
ARTEMIS,77,"For all ports p numbered from, say 0 to m, if p is created",G ((P_0 -> Q_0) &_& (P_m -> Q_m)),G(P_0 -> F Q_0) & G(P_m -> F Q_m),False
ARTEMIS,77,"For all ports p numbered from, say 0 to m, if p is created",G ((P_0 -> Q_0) &_& (P_m -> Q_m)),G(P_0 -> F Q_0) & G(P_m -> F Q_m),False
ARTEMIS,77,"For all ports p numbered from, say 0 to m, if p is created",G ((P_0 -> Q_0) &_& (P_m -> Q_m)),G(P_0 -> F Q_0),False
ARTEMIS,77,"For all ports p numbered from, say 0 to m, if p is created",G ((P_0 -> Q_0) &_& (P_m -> Q_m)),G(P_0 -> F Q_0),False
ARTEMIS,77,"For all ports p numbered from, say 0 to m, if p is created",G ((P_0 -> Q_0) &_& (P_m -> Q_m)),G(P_0 -> F Q_0) & G(P_m -> F Q_m),False
ARTEMIS,77,"For all ports p numbered from, say 0 to m, if p is created",G ((P_0 -> Q_0) &_& (P_m -> Q_m)),G(P_0 -> F Q_0) & G(P_m -> F Q_m),False
ARTEMIS,77,"For all ports p numbered from, say 0 to m, if p is created",G ((P_0 -> Q_0) &_& (P_m -> Q_m)),G(P_0 -> F Q_0) & G(P_m -> F Q_m),False
ARTEMIS,77,"For all ports p numbered from, say 0 to m, if p is created",G ((P_0 -> Q_0) &_& (P_m -> Q_m)),G(P_0 -> F Q_0),False
ARTEMIS,77,"For all ports p numbered from, say 0 to m, if p is created",G ((P_0 -> Q_0) &_& (P_m -> Q_m)),G(P_0 -> F Q_0) & G(P_m -> F Q_m),False
ARTEMIS,77,"For all ports p numbered from, say 0 to m, if p is created",G ((P_0 -> Q_0) &_& (P_m -> Q_m)),G(P_0 -> F Q_0) & G(P_m -> F Q_m),False
ARTEMIS,77,"For all ports p numbered from, say 0 to m, if p is created",G ((P_0 -> Q_0) &_& (P_m -> Q_m)),G(P_0 -> F Q_0) & G(P_m -> F Q_m),False
ARTEMIS,77,"For all ports p numbered from, say 0 to m, if p is created",G ((P_0 -> Q_0) &_& (P_m -> Q_m)),G(P_0 -> F Q_0),False
ARTEMIS,77,"For all ports p numbered from, say 0 to m, if p is created",G ((P_0 -> Q_0) &_& (P_m -> Q_m)),G(P_0 -> F Q_0) & G(P_m -> F Q_m),False
ARTEMIS,77,"For all ports p numbered from, say 0 to m, if p is created",G ((P_0 -> Q_0) &_& (P_m -> Q_m)),G(P_0 -> F Q_0) & G(P_m -> F Q_m),False
ARTEMIS,77,"For all ports p numbered from, say 0 to m, if p is created",G ((P_0 -> Q_0) &_& (P_m -> Q_m)),G(P_0 -> F Q_0) & G(P_m -> F Q_m),False
ARTEMIS,77,"For all ports p numbered from, say 0 to m, if p is created",G ((P_0 -> Q_0) &_& (P_m -> Q_m)),G(P_0 -> P_0),False
ARTEMIS,77,"For all ports p numbered from, say 0 to m, if p is created",G ((P_0 -> Q_0) &_& (P_m -> Q_m)),G(P_0 -> F Q_0) & G(P_m -> F Q_m),False
ARTEMIS,77,"For all ports p numbered from, say 0 to m, if p is created",G ((P_0 -> Q_0) &_& (P_m -> Q_m)),G(P_0 -> F Q_0) & G(P_m -> F Q_m),False
ARTEMIS,77,"For all ports p numbered from, say 0 to m, if p is created",G ((P_0 -> Q_0) &_& (P_m -> Q_m)),G(P_0 -> F Q_0) & G(P_m -> F Q_m),False
ARTEMIS,77,"For all ports p numbered from, say 0 to m, if p is created",G ((P_0 -> Q_0) &_& (P_m -> Q_m)),G(P_0 -> F Q_0) & G(P_m -> F Q_m),False
ARTEMIS,77,"For all ports p numbered from, say 0 to m, if p is created",G ((P_0 -> Q_0) &_& (P_m -> Q_m)),G(P_0 -> F Q_0),False
ARTEMIS,77,"For all ports p numbered from, say 0 to m, if p is created",G ((P_0 -> Q_0) &_& (P_m -> Q_m)),G(P_0 -> F Q_0) & G(P_m -> F Q_m),False
ARTEMIS,77,"For all ports p numbered from, say 0 to m, if p is created",G ((P_0 -> Q_0) &_& (P_m -> Q_m)),G(P_0 -> F Q_0) & G(P_m -> F Q_m),False
ARTEMIS,77,"For all ports p numbered from, say 0 to m, if p is created",G ((P_0 -> Q_0) &_& (P_m -> Q_m)),G(P_0 -> F Q_0) & G(P_m -> F Q_m),False
ARTEMIS,77,"For all ports p numbered from, say 0 to m, if p is created",G ((P_0 -> Q_0) &_& (P_m -> Q_m)),G(P_0 -> P_0),False
ARTEMIS,77,"For all ports p numbered from, say 0 to m, if p is created",G ((P_0 -> Q_0) &_& (P_m -> Q_m)),G(P_0 -> F Q_0) & G(P_m -> F Q_m),False
ARTEMIS,77,"For all ports p numbered from, say 0 to m, if p is created",G ((P_0 -> Q_0) &_& (P_m -> Q_m)),G(P_0 -> F Q_0) & G(P_m -> F Q_m),False
ARTEMIS,77,"For all ports p numbered from, say 0 to m, if p is created",G ((P_0 -> Q_0) &_& (P_m -> Q_m)),G(P_0 -> F Q_0) & G(P_m -> F Q_m),False
ARTEMIS,77,"For all ports p numbered from, say 0 to m, if p is created",G ((P_0 -> Q_0) &_& (P_m -> Q_m)),G(P_0 -> F Q_0),False
ARTEMIS,77,"For all ports p numbered from, say 0 to m, if p is created",G ((P_0 -> Q_0) &_& (P_m -> Q_m)),G(P_0 -> F Q_0) & G(P_m -> F Q_m),False
ARTEMIS,77,"For all ports p numbered from, say 0 to m, if p is created",G ((P_0 -> Q_0) &_& (P_m -> Q_m)),G(P_0 -> P_0),False
ARTEMIS,77,"For all ports p numbered from, say 0 to m, if p is created",G ((P_0 -> Q_0) &_& (P_m -> Q_m)),G(P_0 -> F Q_0) & G(P_m -> F Q_m),False
ARTEMIS,77,"For all ports p numbered from, say 0 to m, if p is created",G ((P_0 -> Q_0) &_& (P_m -> Q_m)),G(P_0 -> F Q_0) & G(P_m -> F Q_m),False
ARTEMIS,77,"For all ports p numbered from, say 0 to m, if p is created",G ((P_0 -> Q_0) &_& (P_m -> Q_m)),G(P_0 -> F Q_0) & G(P_m -> F Q_m),False
ARTEMIS,77,"For all ports p numbered from, say 0 to m, if p is created",G ((P_0 -> Q_0) &_& (P_m -> Q_m)),G(P_0 -> F Q_0) & G(P_m -> F Q_m),False
ARTEMIS,77,"For all ports p numbered from, say 0 to m, if p is created",G ((P_0 -> Q_0) &_& (P_m -> Q_m)),G(P_0 -> F Q_0) & G(P_m -> F Q_m),False
ARTEMIS,77,"For all ports p numbered from, say 0 to m, if p is created",G ((P_0 -> Q_0) &_& (P_m -> Q_m)),G(P_0 -> F Q_0) & G(P_m -> F Q_m),False
ARTEMIS,77,"For all ports p numbered from, say 0 to m, if p is created",G ((P_0 -> Q_0) &_& (P_m -> Q_m)),G(P_0 -> F Q_0) & G(P_m -> F Q_m),False
ARTEMIS,77,"For all ports p numbered from, say 0 to m, if p is created",G ((P_0 -> Q_0) &_& (P_m -> Q_m)),G(P_0 -> F Q_0),False
ARTEMIS,77,"For all ports p numbered from, say 0 to m, if p is created",G ((P_0 -> Q_0) &_& (P_m -> Q_m)),G(P_0 -> P_0),False
ARTEMIS,77,"For all ports p numbered from, say 0 to m, if p is created",G ((P_0 -> Q_0) &_& (P_m -> Q_m)),G(P_0 -> F Q_0),False
ARTEMIS,77,"For all ports p numbered from, say 0 to m, if p is created",G ((P_0 -> Q_0) &_& (P_m -> Q_m)),G(P_0 -> F Q_0),False
ARTEMIS,77,"For all ports p numbered from, say 0 to m, if p is created",G ((P_0 -> Q_0) &_& (P_m -> Q_m)),G(P_0 -> F Q_0) & G(P_m -> F Q_m),False
ARTEMIS,77,"For all ports p numbered from, say 0 to m, if p is created",G ((P_0 -> Q_0) &_& (P_m -> Q_m)),G(P_0 -> F Q_0) & G(P_m -> F Q_m),False
ARTEMIS,77,"For all ports p numbered from, say 0 to m, if p is created",G ((P_0 -> Q_0) &_& (P_m -> Q_m)),G(P_0 -> F Q_0) & G(P_m -> F Q_m),False
ARTEMIS,77,"For all ports p numbered from, say 0 to m, if p is created",G ((P_0 -> Q_0) &_& (P_m -> Q_m)),G(P_0 -> F Q_0) & G(P_m -> F Q_m),False
ARTEMIS,77,"For all ports p numbered from, say 0 to m, if p is created",G ((P_0 -> Q_0) &_& (P_m -> Q_m)),G(P_0 -> F Q_0) & G(P_m -> F Q_m),False
ARTEMIS,77,"For all ports p numbered from, say 0 to m, if p is created",G ((P_0 -> Q_0) &_& (P_m -> Q_m)),G(P_0 -> F Q_0) & G(P_m -> F Q_m),False
ARTEMIS,77,"For all ports p numbered from, say 0 to m, if p is created",G ((P_0 -> Q_0) &_& (P_m -> Q_m)),G(P_0 -> F Q_0),False
ARTEMIS,77,"For all ports p numbered from, say 0 to m, if p is created",G ((P_0 -> Q_0) &_& (P_m -> Q_m)),G(P_0 -> F Q_0) & G(P_m -> F Q_m),False
ARTEMIS,77,"For all ports p numbered from, say 0 to m, if p is created",G ((P_0 -> Q_0) &_& (P_m -> Q_m)),G(P_0 -> F Q_0),False
ARTEMIS,77,"For all ports p numbered from, say 0 to m, if p is created",G ((P_0 -> Q_0) &_& (P_m -> Q_m)),G(P_0 -> F Q_0),False
ARTEMIS,77,"For all ports p numbered from, say 0 to m, if p is created",G ((P_0 -> Q_0) &_& (P_m -> Q_m)),G(P_0 -> F Q_0) & G(P_m -> F Q_m),False
ARTEMIS,77,"For all ports p numbered from, say 0 to m, if p is created",G ((P_0 -> Q_0) &_& (P_m -> Q_m)),G(P_0 -> F Q_0) & G(P_m -> F Q_m),False
ARTEMIS,77,"For all ports p numbered from, say 0 to m, if p is created",G ((P_0 -> Q_0) &_& (P_m -> Q_m)),G(P_0 -> P_0),False
ARTEMIS,77,"For all ports p numbered from, say 0 to m, if p is created",G ((P_0 -> Q_0) &_& (P_m -> Q_m)),G(P_0 -> F Q_0),False
ARTEMIS,77,"For all ports p numbered from, say 0 to m, if p is created",G ((P_0 -> Q_0) &_& (P_m -> Q_m)),G(P_0 -> F Q_0) & G(P_m -> F Q_m),False
ARTEMIS,77,"For all ports p numbered from, say 0 to m, if p is created",G ((P_0 -> Q_0) &_& (P_m -> Q_m)),G(P_0 -> F Q_0),False
ARTEMIS,77,"For all ports p numbered from, say 0 to m, if p is created",G ((P_0 -> Q_0) &_& (P_m -> Q_m)),G(P_0 -> F Q_0) & G(P_m -> F Q_m),False
ARTEMIS,77,"For all ports p numbered from, say 0 to m, if p is created",G ((P_0 -> Q_0) &_& (P_m -> Q_m)),G(P_0 -> F Q_0) & G(P_m -> F Q_m),False
ARTEMIS,77,"For all ports p numbered from, say 0 to m, if p is created",G ((P_0 -> Q_0) &_& (P_m -> Q_m)),G(P_0 -> P_0),False
ARTEMIS,77,"For all ports p numbered from, say 0 to m, if p is created",G ((P_0 -> Q_0) &_& (P_m -> Q_m)),G(P_0 -> F Q_0) & G(P_m -> F Q_m),False
ARTEMIS,77,"For all ports p numbered from, say 0 to m, if p is created",G ((P_0 -> Q_0) &_& (P_m -> Q_m)),G(P_0 -> F Q_0) & G(P_m -> F Q_m),False
ARTEMIS,77,"For all ports p numbered from, say 0 to m, if p is created",G ((P_0 -> Q_0) &_& (P_m -> Q_m)),G(P_0 -> F Q_0) & G(P_m -> F Q_m),False
ARTEMIS,77,"For all ports p numbered from, say 0 to m, if p is created",G ((P_0 -> Q_0) &_& (P_m -> Q_m)),G(P_0 -> F Q_0) & G(P_m -> F Q_m),False
ARTEMIS,77,"For all ports p numbered from, say 0 to m, if p is created",G ((P_0 -> Q_0) &_& (P_m -> Q_m)),G(P_0 -> F Q_0) & G(P_m -> F Q_m),False
ARTEMIS,77,"For all ports p numbered from, say 0 to m, if p is created",G ((P_0 -> Q_0) &_& (P_m -> Q_m)),G(P_0 -> F Q_0),False
ARTEMIS,77,"For all ports p numbered from, say 0 to m, if p is created",G ((P_0 -> Q_0) &_& (P_m -> Q_m)),G(P_0 -> F Q_0),False
ARTEMIS,77,"For all ports p numbered from, say 0 to m, if p is created",G ((P_0 -> Q_0) &_& (P_m -> Q_m)),G(P_0 -> F Q_0) & G(P_m -> F Q_m),False
ARTEMIS,77,"For all ports p numbered from, say 0 to m, if p is created",G ((P_0 -> Q_0) &_& (P_m -> Q_m)),G(P_0 -> F Q_0) & G(P_m -> F Q_m),False
ARTEMIS,77,"For all ports p numbered from, say 0 to m, if p is created",G ((P_0 -> Q_0) &_& (P_m -> Q_m)),G(P_0 -> F Q_0) & G(P_m -> F Q_m),False
ARTEMIS,77,"For all ports p numbered from, say 0 to m, if p is created",G ((P_0 -> Q_0) &_& (P_m -> Q_m)),G(P_0 -> F Q_0),False
ARTEMIS,77,"For all ports p numbered from, say 0 to m, if p is created",G ((P_0 -> Q_0) &_& (P_m -> Q_m)),G(P_0 -> P_0),False
ARTEMIS,77,"For all ports p numbered from, say 0 to m, if p is created",G ((P_0 -> Q_0) &_& (P_m -> Q_m)),G(P_0 -> F Q_0),False
ARTEMIS,77,"For all ports p numbered from, say 0 to m, if p is created",G ((P_0 -> Q_0) &_& (P_m -> Q_m)),G(P_0 -> F Q_0) & G(P_m -> F Q_m),False
ARTEMIS,77,"For all ports p numbered from, say 0 to m, if p is created",G ((P_0 -> Q_0) &_& (P_m -> Q_m)),G(P_0 -> P_0),False
ARTEMIS,77,"For all ports p numbered from, say 0 to m, if p is created",G ((P_0 -> Q_0) &_& (P_m -> Q_m)),G(P_0 -> F Q_0) & G(P_m -> F Q_m),False
ARTEMIS,77,"For all ports p numbered from, say 0 to m, if p is created",G ((P_0 -> Q_0) &_& (P_m -> Q_m)),G(P_0 -> F Q_0) & G(P_m -> F Q_m),False
ARTEMIS,77,"For all ports p numbered from, say 0 to m, if p is created",G ((P_0 -> Q_0) &_& (P_m -> Q_m)),G(P_0 -> P_0),False
ARTEMIS,77,"For all ports p numbered from, say 0 to m, if p is created",G ((P_0 -> Q_0) &_& (P_m -> Q_m)),G(P_0 -> F Q_0) & G(P_m -> F Q_m),False
ARTEMIS,77,"For all ports p numbered from, say 0 to m, if p is created",G ((P_0 -> Q_0) &_& (P_m -> Q_m)),G(P_0 -> F Q_0),False
ARTEMIS,77,"For all ports p numbered from, say 0 to m, if p is created",G ((P_0 -> Q_0) &_& (P_m -> Q_m)),G(P_0 -> F Q_0) & G(P_m -> F Q_m),False
ARTEMIS,77,"For all ports p numbered from, say 0 to m, if p is created",G ((P_0 -> Q_0) &_& (P_m -> Q_m)),G(P_0 -> P_0),False
ARTEMIS,77,"For all ports p numbered from, say 0 to m, if p is created",G ((P_0 -> Q_0) &_& (P_m -> Q_m)),G(P_0 -> F Q_0) & G(P_m -> F Q_m),False
ARTEMIS,77,"For all ports p numbered from, say 0 to m, if p is created",G ((P_0 -> Q_0) &_& (P_m -> Q_m)),G(P_0 -> F Q_0),False
ARTEMIS,77,"For all ports p numbered from, say 0 to m, if p is created",G ((P_0 -> Q_0) &_& (P_m -> Q_m)),G(P_0 -> F Q_0),False
ARTEMIS,77,"For all ports p numbered from, say 0 to m, if p is created",G ((P_0 -> Q_0) &_& (P_m -> Q_m)),G(P_0 -> F Q_0) & G(P_m -> F Q_m),False
ARTEMIS,77,"For all ports p numbered from, say 0 to m, if p is created",G ((P_0 -> Q_0) &_& (P_m -> Q_m)),G(P_0 -> F Q_0),False
ARTEMIS,77,"For all ports p numbered from, say 0 to m, if p is created",G ((P_0 -> Q_0) &_& (P_m -> Q_m)),G(P_0 -> F Q_0),False
ARTEMIS,77,"For all ports p numbered from, say 0 to m, if p is created",G ((P_0 -> Q_0) &_& (P_m -> Q_m)),G(P_0 -> F Q_0) & G(P_m -> F Q_m),False
ARTEMIS,77,"For all ports p numbered from, say 0 to m, if p is created",G ((P_0 -> Q_0) &_& (P_m -> Q_m)),G(P_0 -> F Q_0) & G(P_m -> F Q_m),False
ARTEMIS,77,"For all ports p numbered from, say 0 to m, if p is created",G ((P_0 -> Q_0) &_& (P_m -> Q_m)),G(P_0 -> F Q_0) & G(P_m -> F Q_m),False
ARTEMIS,77,"For all ports p numbered from, say 0 to m, if p is created",G ((P_0 -> Q_0) &_& (P_m -> Q_m)),G(P_0 -> F Q_0) & G(P_m -> F Q_m),False
ARTEMIS,80,The manager always does a treatment when requested then returns,G ((State_INIT & request) -> F (!State_INIT & (!State_INIT -> F (State_INIT)))),G(request -> F(treatment & F State_INIT)),False
ARTEMIS,80,The manager always does a treatment when requested then returns,G ((State_INIT & request) -> F (!State_INIT & (!State_INIT -> F (State_INIT)))),G(request -> F(State_INIT)),False
ARTEMIS,80,The manager always does a treatment when requested then returns,G ((State_INIT & request) -> F (!State_INIT & (!State_INIT -> F (State_INIT)))),G(request -> F(State_INIT)),False
ARTEMIS,80,The manager always does a treatment when requested then returns,G ((State_INIT & request) -> F (!State_INIT & (!State_INIT -> F (State_INIT)))),G(request -> F(State_INIT)),False
ARTEMIS,80,The manager always does a treatment when requested then returns,G ((State_INIT & request) -> F (!State_INIT & (!State_INIT -> F (State_INIT)))),G(request -> F(State_INIT)),False
ARTEMIS,80,The manager always does a treatment when requested then returns,G ((State_INIT & request) -> F (!State_INIT & (!State_INIT -> F (State_INIT)))),G(request -> F(State_INIT)),False
ARTEMIS,80,The manager always does a treatment when requested then returns,G ((State_INIT & request) -> F (!State_INIT & (!State_INIT -> F (State_INIT)))),G(request -> F(treatment & F State_INIT)),False
ARTEMIS,80,The manager always does a treatment when requested then returns,G ((State_INIT & request) -> F (!State_INIT & (!State_INIT -> F (State_INIT)))),G(request -> F(State_INIT)),False
ARTEMIS,80,The manager always does a treatment when requested then returns,G ((State_INIT & request) -> F (!State_INIT & (!State_INIT -> F (State_INIT)))),G(request -> F(treatment & F State_INIT)),False
ARTEMIS,80,The manager always does a treatment when requested then returns,G ((State_INIT & request) -> F (!State_INIT & (!State_INIT -> F (State_INIT)))),G(request -> F(State_INIT)),False
ARTEMIS,80,The manager always does a treatment when requested then returns,G ((State_INIT & request) -> F (!State_INIT & (!State_INIT -> F (State_INIT)))),G(request -> F(State_INIT)),False
ARTEMIS,80,The manager always does a treatment when requested then returns,G ((State_INIT & request) -> F (!State_INIT & (!State_INIT -> F (State_INIT)))),G(request -> F(State_INIT)),False
ARTEMIS,80,The manager always does a treatment when requested then returns,G ((State_INIT & request) -> F (!State_INIT & (!State_INIT -> F (State_INIT)))),G(request -> F(State_INIT)),False
ARTEMIS,80,The manager always does a treatment when requested then returns,G ((State_INIT & request) -> F (!State_INIT & (!State_INIT -> F (State_INIT)))),G(request -> F(treatment & F(return))),False
ARTEMIS,80,The manager always does a treatment when requested then returns,G ((State_INIT & request) -> F (!State_INIT & (!State_INIT -> F (State_INIT)))),G(request -> F(State_INIT)),False
ARTEMIS,80,The manager always does a treatment when requested then returns,G ((State_INIT & request) -> F (!State_INIT & (!State_INIT -> F (State_INIT)))),G(request -> F(State_INIT)),False
ARTEMIS,80,The manager always does a treatment when requested then returns,G ((State_INIT & request) -> F (!State_INIT & (!State_INIT -> F (State_INIT)))),G(request -> F(treatment & F State_INIT)),False
ARTEMIS,80,The manager always does a treatment when requested then returns,G ((State_INIT & request) -> F (!State_INIT & (!State_INIT -> F (State_INIT)))),G(request -> F(State_INIT)),False
ARTEMIS,80,The manager always does a treatment when requested then returns,G ((State_INIT & request) -> F (!State_INIT & (!State_INIT -> F (State_INIT)))),G(request -> F(State_INIT)),False
ARTEMIS,80,The manager always does a treatment when requested then returns,G ((State_INIT & request) -> F (!State_INIT & (!State_INIT -> F (State_INIT)))),G(request -> F(State_INIT)),False
ARTEMIS,80,The manager always does a treatment when requested then returns,G ((State_INIT & request) -> F (!State_INIT & (!State_INIT -> F (State_INIT)))),G(request -> F(treatment & F(return))),False
ARTEMIS,80,The manager always does a treatment when requested then returns,G ((State_INIT & request) -> F (!State_INIT & (!State_INIT -> F (State_INIT)))),G(request -> F(treatment & F(return))),False
ARTEMIS,80,The manager always does a treatment when requested then returns,G ((State_INIT & request) -> F (!State_INIT & (!State_INIT -> F (State_INIT)))),G(request -> F(State_INIT)),False
ARTEMIS,80,The manager always does a treatment when requested then returns,G ((State_INIT & request) -> F (!State_INIT & (!State_INIT -> F (State_INIT)))),G(request -> F(State_INIT)),False
ARTEMIS,80,The manager always does a treatment when requested then returns,G ((State_INIT & request) -> F (!State_INIT & (!State_INIT -> F (State_INIT)))),G(request -> F(State_INIT)),False
ARTEMIS,80,The manager always does a treatment when requested then returns,G ((State_INIT & request) -> F (!State_INIT & (!State_INIT -> F (State_INIT)))),G(request -> F(State_INIT)),False
ARTEMIS,80,The manager always does a treatment when requested then returns,G ((State_INIT & request) -> F (!State_INIT & (!State_INIT -> F (State_INIT)))),G(request -> F(treatment & F State_INIT)),False
ARTEMIS,80,The manager always does a treatment when requested then returns,G ((State_INIT & request) -> F (!State_INIT & (!State_INIT -> F (State_INIT)))),G(request -> F(State_INIT)),False
ARTEMIS,80,The manager always does a treatment when requested then returns,G ((State_INIT & request) -> F (!State_INIT & (!State_INIT -> F (State_INIT)))),G(request -> F(State_INIT)),False
ARTEMIS,80,The manager always does a treatment when requested then returns,G ((State_INIT & request) -> F (!State_INIT & (!State_INIT -> F (State_INIT)))),G(request -> F(State_INIT)),False
ARTEMIS,80,The manager always does a treatment when requested then returns,G ((State_INIT & request) -> F (!State_INIT & (!State_INIT -> F (State_INIT)))),G(request -> F(State_INIT)),False
ARTEMIS,80,The manager always does a treatment when requested then returns,G ((State_INIT & request) -> F (!State_INIT & (!State_INIT -> F (State_INIT)))),G(request -> F(State_INIT)),False
ARTEMIS,80,The manager always does a treatment when requested then returns,G ((State_INIT & request) -> F (!State_INIT & (!State_INIT -> F (State_INIT)))),G(request -> F(treatment & F State_INIT)),False
ARTEMIS,80,The manager always does a treatment when requested then returns,G ((State_INIT & request) -> F (!State_INIT & (!State_INIT -> F (State_INIT)))),G(request -> F(State_INIT)),False
ARTEMIS,80,The manager always does a treatment when requested then returns,G ((State_INIT & request) -> F (!State_INIT & (!State_INIT -> F (State_INIT)))),G(request -> F(State_INIT)),False
ARTEMIS,80,The manager always does a treatment when requested then returns,G ((State_INIT & request) -> F (!State_INIT & (!State_INIT -> F (State_INIT)))),G(request -> F(State_INIT)),False
ARTEMIS,80,The manager always does a treatment when requested then returns,G ((State_INIT & request) -> F (!State_INIT & (!State_INIT -> F (State_INIT)))),G(request -> F(State_INIT)),False
ARTEMIS,80,The manager always does a treatment when requested then returns,G ((State_INIT & request) -> F (!State_INIT & (!State_INIT -> F (State_INIT)))),G(request -> F(treatment & F State_INIT)),False
ARTEMIS,80,The manager always does a treatment when requested then returns,G ((State_INIT & request) -> F (!State_INIT & (!State_INIT -> F (State_INIT)))),G(request -> F(treatment & F(return))),False
ARTEMIS,80,The manager always does a treatment when requested then returns,G ((State_INIT & request) -> F (!State_INIT & (!State_INIT -> F (State_INIT)))),G(request -> F(treatment & F State_INIT)),False
ARTEMIS,80,The manager always does a treatment when requested then returns,G ((State_INIT & request) -> F (!State_INIT & (!State_INIT -> F (State_INIT)))),G(request -> F(State_INIT)),False
ARTEMIS,80,The manager always does a treatment when requested then returns,G ((State_INIT & request) -> F (!State_INIT & (!State_INIT -> F (State_INIT)))),G(request -> F(State_INIT)),False
ARTEMIS,80,The manager always does a treatment when requested then returns,G ((State_INIT & request) -> F (!State_INIT & (!State_INIT -> F (State_INIT)))),G(request -> F(State_INIT)),False
ARTEMIS,80,The manager always does a treatment when requested then returns,G ((State_INIT & request) -> F (!State_INIT & (!State_INIT -> F (State_INIT)))),G(request -> F(State_INIT)),False
ARTEMIS,80,The manager always does a treatment when requested then returns,G ((State_INIT & request) -> F (!State_INIT & (!State_INIT -> F (State_INIT)))),G(request -> F(State_INIT)),False
ARTEMIS,80,The manager always does a treatment when requested then returns,G ((State_INIT & request) -> F (!State_INIT & (!State_INIT -> F (State_INIT)))),G(request -> F(State_INIT)),False
ARTEMIS,80,The manager always does a treatment when requested then returns,G ((State_INIT & request) -> F (!State_INIT & (!State_INIT -> F (State_INIT)))),G(request -> F(State_INIT)),False
ARTEMIS,80,The manager always does a treatment when requested then returns,G ((State_INIT & request) -> F (!State_INIT & (!State_INIT -> F (State_INIT)))),G(request -> F(State_INIT)),False
ARTEMIS,80,The manager always does a treatment when requested then returns,G ((State_INIT & request) -> F (!State_INIT & (!State_INIT -> F (State_INIT)))),G(request -> F(State_INIT)),False
ARTEMIS,80,The manager always does a treatment when requested then returns,G ((State_INIT & request) -> F (!State_INIT & (!State_INIT -> F (State_INIT)))),G(request -> F(State_INIT)),False
ARTEMIS,80,The manager always does a treatment when requested then returns,G ((State_INIT & request) -> F (!State_INIT & (!State_INIT -> F (State_INIT)))),G(request -> F(State_INIT)),False
ARTEMIS,80,The manager always does a treatment when requested then returns,G ((State_INIT & request) -> F (!State_INIT & (!State_INIT -> F (State_INIT)))),G(request -> F(State_INIT)),False
ARTEMIS,80,The manager always does a treatment when requested then returns,G ((State_INIT & request) -> F (!State_INIT & (!State_INIT -> F (State_INIT)))),G(request -> F(State_INIT)),False
ARTEMIS,80,The manager always does a treatment when requested then returns,G ((State_INIT & request) -> F (!State_INIT & (!State_INIT -> F (State_INIT)))),G(request -> F(State_INIT)),False
ARTEMIS,80,The manager always does a treatment when requested then returns,G ((State_INIT & request) -> F (!State_INIT & (!State_INIT -> F (State_INIT)))),G(request -> F(treatment & F State_INIT)),False
ARTEMIS,80,The manager always does a treatment when requested then returns,G ((State_INIT & request) -> F (!State_INIT & (!State_INIT -> F (State_INIT)))),G(request -> F(State_INIT)),False
ARTEMIS,80,The manager always does a treatment when requested then returns,G ((State_INIT & request) -> F (!State_INIT & (!State_INIT -> F (State_INIT)))),G(request -> F(State_INIT)),False
ARTEMIS,80,The manager always does a treatment when requested then returns,G ((State_INIT & request) -> F (!State_INIT & (!State_INIT -> F (State_INIT)))),G(request -> F(treatment & F(return))),False
ARTEMIS,80,The manager always does a treatment when requested then returns,G ((State_INIT & request) -> F (!State_INIT & (!State_INIT -> F (State_INIT)))),G(request -> F(State_INIT)),False
ARTEMIS,80,The manager always does a treatment when requested then returns,G ((State_INIT & request) -> F (!State_INIT & (!State_INIT -> F (State_INIT)))),G(request -> F(State_INIT)),False
ARTEMIS,80,The manager always does a treatment when requested then returns,G ((State_INIT & request) -> F (!State_INIT & (!State_INIT -> F (State_INIT)))),G(request -> F(treatment & F State_INIT)),False
ARTEMIS,80,The manager always does a treatment when requested then returns,G ((State_INIT & request) -> F (!State_INIT & (!State_INIT -> F (State_INIT)))),G(request -> F(State_INIT)),False
ARTEMIS,80,The manager always does a treatment when requested then returns,G ((State_INIT & request) -> F (!State_INIT & (!State_INIT -> F (State_INIT)))),G(request -> F(State_INIT)),False
ARTEMIS,80,The manager always does a treatment when requested then returns,G ((State_INIT & request) -> F (!State_INIT & (!State_INIT -> F (State_INIT)))),G(request -> F(treatment & F State_INIT)),False
ARTEMIS,80,The manager always does a treatment when requested then returns,G ((State_INIT & request) -> F (!State_INIT & (!State_INIT -> F (State_INIT)))),G(request -> F(State_INIT)),False
ARTEMIS,80,The manager always does a treatment when requested then returns,G ((State_INIT & request) -> F (!State_INIT & (!State_INIT -> F (State_INIT)))),G(request -> F(State_INIT)),False
ARTEMIS,80,The manager always does a treatment when requested then returns,G ((State_INIT & request) -> F (!State_INIT & (!State_INIT -> F (State_INIT)))),G(request -> F(State_INIT)),False
ARTEMIS,80,The manager always does a treatment when requested then returns,G ((State_INIT & request) -> F (!State_INIT & (!State_INIT -> F (State_INIT)))),G(request -> F(treatment & F(return))),False
ARTEMIS,80,The manager always does a treatment when requested then returns,G ((State_INIT & request) -> F (!State_INIT & (!State_INIT -> F (State_INIT)))),G(request -> F(State_INIT)),False
ARTEMIS,80,The manager always does a treatment when requested then returns,G ((State_INIT & request) -> F (!State_INIT & (!State_INIT -> F (State_INIT)))),G(request -> F(State_INIT)),False
ARTEMIS,80,The manager always does a treatment when requested then returns,G ((State_INIT & request) -> F (!State_INIT & (!State_INIT -> F (State_INIT)))),G(request -> F(State_INIT)),False
ARTEMIS,80,The manager always does a treatment when requested then returns,G ((State_INIT & request) -> F (!State_INIT & (!State_INIT -> F (State_INIT)))),G(request -> F(State_INIT)),False
ARTEMIS,80,The manager always does a treatment when requested then returns,G ((State_INIT & request) -> F (!State_INIT & (!State_INIT -> F (State_INIT)))),G(request -> F(State_INIT)),False
ARTEMIS,80,The manager always does a treatment when requested then returns,G ((State_INIT & request) -> F (!State_INIT & (!State_INIT -> F (State_INIT)))),G(request -> F(State_INIT)),False
ARTEMIS,80,The manager always does a treatment when requested then returns,G ((State_INIT & request) -> F (!State_INIT & (!State_INIT -> F (State_INIT)))),G(request -> F(treatment & F(return))),False
ARTEMIS,80,The manager always does a treatment when requested then returns,G ((State_INIT & request) -> F (!State_INIT & (!State_INIT -> F (State_INIT)))),G(request -> F(State_INIT)),False
ARTEMIS,80,The manager always does a treatment when requested then returns,G ((State_INIT & request) -> F (!State_INIT & (!State_INIT -> F (State_INIT)))),G(request -> F(State_INIT)),False
ARTEMIS,80,The manager always does a treatment when requested then returns,G ((State_INIT & request) -> F (!State_INIT & (!State_INIT -> F (State_INIT)))),G(request -> F(State_INIT)),False
ARTEMIS,80,The manager always does a treatment when requested then returns,G ((State_INIT & request) -> F (!State_INIT & (!State_INIT -> F (State_INIT)))),G(request -> F(State_INIT)),False
ARTEMIS,80,The manager always does a treatment when requested then returns,G ((State_INIT & request) -> F (!State_INIT & (!State_INIT -> F (State_INIT)))),G(request -> F(State_INIT)),False
ARTEMIS,80,The manager always does a treatment when requested then returns,G ((State_INIT & request) -> F (!State_INIT & (!State_INIT -> F (State_INIT)))),G(request -> F(treatment & F State_INIT)),False
ARTEMIS,80,The manager always does a treatment when requested then returns,G ((State_INIT & request) -> F (!State_INIT & (!State_INIT -> F (State_INIT)))),G(request -> F(State_INIT)),False
ARTEMIS,80,The manager always does a treatment when requested then returns,G ((State_INIT & request) -> F (!State_INIT & (!State_INIT -> F (State_INIT)))),G(request -> F(treatment & F State_INIT)),False
ARTEMIS,80,The manager always does a treatment when requested then returns,G ((State_INIT & request) -> F (!State_INIT & (!State_INIT -> F (State_INIT)))),G(request -> F(State_INIT)),False
ARTEMIS,80,The manager always does a treatment when requested then returns,G ((State_INIT & request) -> F (!State_INIT & (!State_INIT -> F (State_INIT)))),G(request -> F(State_INIT)),False
ARTEMIS,80,The manager always does a treatment when requested then returns,G ((State_INIT & request) -> F (!State_INIT & (!State_INIT -> F (State_INIT)))),G(request -> F(State_INIT)),False
ARTEMIS,80,The manager always does a treatment when requested then returns,G ((State_INIT & request) -> F (!State_INIT & (!State_INIT -> F (State_INIT)))),G(request -> F(State_INIT)),False
ARTEMIS,80,The manager always does a treatment when requested then returns,G ((State_INIT & request) -> F (!State_INIT & (!State_INIT -> F (State_INIT)))),G(request -> F(treatment & F State_INIT)),False
ARTEMIS,80,The manager always does a treatment when requested then returns,G ((State_INIT & request) -> F (!State_INIT & (!State_INIT -> F (State_INIT)))),G(request -> F(State_INIT)),False
ARTEMIS,80,The manager always does a treatment when requested then returns,G ((State_INIT & request) -> F (!State_INIT & (!State_INIT -> F (State_INIT)))),G(request -> F(State_INIT)),False
ARTEMIS,80,The manager always does a treatment when requested then returns,G ((State_INIT & request) -> F (!State_INIT & (!State_INIT -> F (State_INIT)))),G(request -> F(State_INIT)),False
ARTEMIS,80,The manager always does a treatment when requested then returns,G ((State_INIT & request) -> F (!State_INIT & (!State_INIT -> F (State_INIT)))),G(request -> F(State_INIT)),False
ARTEMIS,80,The manager always does a treatment when requested then returns,G ((State_INIT & request) -> F (!State_INIT & (!State_INIT -> F (State_INIT)))),G(request -> F(State_INIT)),False
ARTEMIS,80,The manager always does a treatment when requested then returns,G ((State_INIT & request) -> F (!State_INIT & (!State_INIT -> F (State_INIT)))),G(request -> F(State_INIT)),False
ARTEMIS,80,The manager always does a treatment when requested then returns,G ((State_INIT & request) -> F (!State_INIT & (!State_INIT -> F (State_INIT)))),G(request -> F(State_INIT)),False
ARTEMIS,80,The manager always does a treatment when requested then returns,G ((State_INIT & request) -> F (!State_INIT & (!State_INIT -> F (State_INIT)))),G(request -> F(State_INIT)),False
ARTEMIS,80,The manager always does a treatment when requested then returns,G ((State_INIT & request) -> F (!State_INIT & (!State_INIT -> F (State_INIT)))),G(request -> F(State_INIT)),False
ARTEMIS,80,The manager always does a treatment when requested then returns,G ((State_INIT & request) -> F (!State_INIT & (!State_INIT -> F (State_INIT)))),G(request -> F(State_INIT)),False
ARTEMIS,80,The manager always does a treatment when requested then returns,G ((State_INIT & request) -> F (!State_INIT & (!State_INIT -> F (State_INIT)))),G(request -> F(State_INIT)),False
ARTEMIS,80,The manager always does a treatment when requested then returns,G ((State_INIT & request) -> F (!State_INIT & (!State_INIT -> F (State_INIT)))),G(request -> F(State_INIT)),False
